transaction_id,customer_id,customer_name,customer_email,transaction_timestamp,product_code,product_name,amount,payment_method,shipping_address,order_status,customer_feedback
TXN-20251016-000000,CUST-EU-0126,  mary hernandez  ,MARY.HERNANDEZ@SHOP.COM,"October 16, 2025 at 3:17PM",CLOTH-JACKET-7873,Levis Jeans 32x34,$232.47,credit_card,"3528 Park Ave, London, UK, SW1A 1AA",Cancelled - 16/10/2025,Amazing! Highly recommend ⭐⭐⭐⭐⭐
TXN-20240214-000001,CUST-US-0275,Dr. David Johnson,DAVID.JOHNSON@TEST.COM,02/14/2024 09:24 PM,CLOTH-DRESS-2307,Levis Jeans 32x34,$253.55,Debit Card - Visa,"1170 High Street, Liverpool, UK, M1 1AA",Shipped (est. arrival: February 20),Good value for money
TXN-20240812-000002,CUST-US-0432,mr. john wilson,john.wilson@test.com,12/08/2024 12:15,BOOK-EBOOK-8517,Data Science Handbook,£33.65,DEBIT CARD - Mastercard,"3594 High Street, Liverpool, UK, LS1 1AA",Delivered on 14/08/2024,Poor quality 😞
TXN-20251127-000003,CUST-CA-0196,james jones,james.jones@email.com,27/11/2025 00:46,HOME-BEDDING-3591,Queen Bedding Set,$1458.68,Debit Card - Visa,"8318 High Street, Birmingham, UK, M1 1AA",Delivered on 2025-12-04,
TXN-20250106-000004,CUST-ASIA-0426,SARAH MARTINEZ,sarah.martinez@example.com,06/01/2025 10:33,CLOTH-PANTS-8787,Cotton T-Shirt,£290.02,Debit Card - Visa,"6538 Park Ave, Leeds, UK, L1 1AA",Cancelled - 06/01/2025,
TXN-20240122-000005,CUST-CA-0118,MARY LOPEZ,MARY.LOPEZ@EMAIL.COM,22/01/2024 19:56,BOOK-NONFICTION-9834,Data Science Handbook,€31.87,Credit Card (Mastercard),"7063 Main St, Houston, NY 63883",Delivered on 30/01/2024,
TXN-20240911-000006,CUST-UK-0275,,robert.jones@mail.com,"September 11, 2024 at 11:59PM",ELEC-PHONE-9856,iPhone 15 Pro Max (256GB),,Credit Card (Visa),"2698 Park Ave, Chicago, TX 61173",Cancelled,Good value for money
TXN-20251108-000007,CUST-US-0496,MR. JAMES SMITH,james.smith@test.com,"November 8, 2025 at 7:04AM",ELEC-AUDIO-2312,Samsung Galaxy S24,£837.36,Credit Card (Mastercard),"6869 Elm Street, Liverpool, UK, B1 1AA",Processing,Not worth the price
TXN-20240901-000008,CUST-ASIA-0331,JOSEPH WILSON,JOSEPH.WILSON@TEST.COM,"September 1, 2024 at 10:56PM",CLOTH-JACKET-5345,Levis Jeans 32x34,$123.47,Debit Card - Visa,"8667 High Street, Chicago, NY 82692",Processing,
TXN-20240419-000009,CUST-ASIA-0080,MR. SARAH LOPEZ,SARAH.LOPEZ@EMAIL.COM,2024-04-19T05:21:49Z,ELEC-PHONE-7939,"MacBook Pro 14""",$1960.61,Apple Pay,"9190 Main St, Los Angeles, AZ 19862",Processing,Poor quality 😞
TXN-20250316-000010,CUST-US-0461,,,03/16/2025 03:47 AM,CLOTH-PANTS-3900,Leather Jacket [L],$280.63,Credit Card (Mastercard),"6268 Oak Road, Manchester, UK, M1 1AA",Cancelled - 17/03/2025,Average product
TXN20240816000011,CUST-UK-0099,Dr. Linda Johnson,LINDA.JOHNSON@TEST.COM,16/08/2024 08:27,HOME-DECOR-5349,Modern Sofa Set,£491.11,PayPal,"4174 Elm Street, New York, AZ 67154",Shipped (est. arrival: August 21),Not worth the price
TXN-20250930-000012,CUST-US-0435,Dr. Michael Rodriguez,michael.rodriguez@test.com,09/30/2025 04:00 PM,BOOK-NONFICTION-5930,Digital Marketing eBook,£48.69,Google Pay,,Delivered on 06/10/2025,Not worth the price
TXN-20240405-000013,CUST-EU-0385,  SARAH WILSON  ,sarah.wilson@mail.com,05/04/2024 15:15,BOOK-EBOOK-4185,Digital Marketing eBook,$10.50,CREDIT CARD,"7612 High Street, New York, TX 42662",Cancelled,Not worth the price
TXN-20250329-000014,CUST-UK-0259,James Davis,JAMES.DAVIS@SHOP.COM,2025-03-29T15:45:18Z,SPORT-WATER-4919,Basketball Official,£184.53,Apple Pay,"2504 Main St, Leeds, UK, LS1 1AA",Processing,Perfect! 5/5 stars
TXN-20240304-000015,CUST-UK-0216,Jennifer Lopez,JENNIFER.LOPEZ@EXAMPLE.COM,03/04/2024 08:57 PM,BOOK-EBOOK-9818,Business Magazine,,Apple Pay,"2705 High Street, Liverpool, UK, L1 1AA",Delivered on 12/03/2024,Excellent quality 👍
TXN-20251020-000016,CUST-US-0094,Ms. Emma Brown,,"October 20, 2025 at 11:04AM",ELEC-AUDIO-1853,"MacBook Pro 14""",,Credit Card (Visa),"2497 High Street, New York, AZ 72070",Cancelled - 22/10/2025,
TXN-20250913-000017,CUST-EU-0399,Mary Martinez,mary.martinez@mail.com,13/09/2025 19:19,ELEC-AUDIO-4978,iPhone 15 Pro Max (256GB),£1620.78,Apple Pay,"6072 Oak Road, Chicago, NY 94874",Cancelled - 13/09/2025,Disappointed 😢
TXN-20251225-000018,CUST-ASIA-0268,Ms. Joseph Rodriguez,joseph.rodriguez@email.com,25/12/2025 19:36,ELEC-TABLET-8385,Samsung Galaxy S24,€705.97,PayPal,"5814 Park Ave, Birmingham, UK, L1 1AA",Processing,Good value for money
TXN-20240714-000019,CUST-CA-0251,ms. patricia davis,patricia.davis@mail.com,14/07/2024 16:27,SPORT-TEAM-8753,Ski Jacket Waterproof,€192.11,Credit Card (Mastercard),,Cancelled,Good value for money
TXN-20250903-000020,CUST-EU-0052,DR. EMMA WILLIAMS,invalid-email,09/03/2025 08:00 AM,SPORT-TEAM-3068,Diving Gear Set,252.39,Google Pay,"1870 Oak Road, Leeds, UK, SW1A 1AA",Delivered on 2025-09-07,Amazing! Highly recommend ⭐⭐⭐⭐⭐
TXN-20240328-000021,CUST-CA-0061,Jennifer Martinez,jennifer.martinez@email.com,2024-03-28T22:06:48Z,HOME-LIGHTING-1986,LED Floor Lamp,,Credit Card (Mastercard),"2565 Park Ave, Phoenix, TX 69048",Delivered on 2024-04-02,Disappointed 😢
TXN-20240313-000022,CUST-ASIA-0474,William Martinez,WILLIAM.MARTINEZ@EMAIL.COM,13/03/2024 09:44,CLOTH-DRESS-5728,Leather Jacket [L],£283.95,Credit Card (Visa),"7079 Elm Street, Birmingham, UK, SW1A 1AA",Delivered on 18/03/2024,Arrived damaged 😠
TXN-20250824-000023,CUST-ASIA-0345,Richard Wilson,richard.wilson@shop.com,2025-08-24T14:20:42Z,BOOK-FICTION-8700,Python Programming,,Apple Pay,"9013 Park Ave, Chicago, IL 21542",Delivered on 01/09/2025,Great product! 5 stars ⭐⭐⭐⭐⭐
TXN-20251104-000024,CUST-EU-0028,Ms. Jennifer Wilson,JENNIFER.WILSON@TEST.COM,11/04/2025 08:45 PM,BOOK-FICTION-1472,Business Magazine,€11.23,Credit Card (Mastercard),"7561 High Street, Leeds, UK, B1 1AA",Processing,Disappointed 😢
TXN-20250428-000025,CUST-EU-0283,joseph martinez,joseph.martinez@mail.com,04/28/2025 08:37 PM,HOME-FURNITURE-5634,Kitchen Mixer,£248.44,CREDIT CARD,"6181 Elm Street, Los Angeles, CA 52176",Cancelled,Not worth the price
TXN-20250429-000026,CUST-UK-0416,william wilson,WILLIAM.WILSON@TEST.COM,"April 29, 2025 at 2:09AM",BOOK-FICTION-9617,Digital Marketing eBook,$97.30,DEBIT CARD - Mastercard,"6513 Park Ave, Liverpool, UK, LS1 1AA",Processing,Disappointed 😢
TXN-20250708-000027,CUST-EU-0036,  Joseph Jones  ,joseph.jones@example.com,2025-07-08T12:23:27Z,ELEC-PHONE-6314,iPhone 15 Pro Max (256GB),£1085.77,credit_card,"1294 Oak Road, Liverpool, UK, M1 1AA",Cancelled - 10/07/2025,
TXN-20250415-000028,CUST-UK-0005,WILLIAM RODRIGUEZ,,2025-04-15T23:54:30Z,HOME-BEDDING-5949,Wall Art Decoration,$590.61,Debit Card - Visa,"360 Oak Road, Birmingham, UK, SW1A 1AA",Delivered on 24/04/2025,Average product
TXN-20250913-000029,CUST-CA-0098,,RICHARD.LOPEZ@EMAIL.COM,2025-09-13T13:26:11Z,HOME-DECOR-2476,Kitchen Mixer,$1186.17,credit_card,"4211 Oak Road, Birmingham, UK, B1 1AA",Delivered on 22/09/2025,
TXN-20240819-000030,CUST-UK-0371,MR. RICHARD RODRIGUEZ,richard.rodriguez@email.com,2024-08-19T08:14:30Z,HOME-LIGHTING-7242,Kitchen Mixer,,Credit Card (Mastercard),,Shipped (est. arrival: August 22),Amazing! Highly recommend ⭐⭐⭐⭐⭐
TXN-20250519-000031,CUST-CA-0121,Mrs. Lisa Garcia,lisa.garcia@example.com,05/19/2025 03:15 PM,HOME-FURNITURE-7070,Wall Art Decoration,$1471.96,DEBIT CARD - Mastercard,"993 Main St, New York, TX 34878",Shipped (est. arrival: May 26),Great product! 5 stars ⭐⭐⭐⭐⭐
TXN-20241207-000032,CUST-CA-0036,,sarah.anderson@example.com,2024-12-07T08:55:01Z,CLOTH-JACKET-5106,Levis Jeans 32x34,120.31,Debit Card - Visa,"859 Main St, Phoenix, NY 65176",Cancelled,Excellent quality 👍
TXN-20250407-000033,CUST-CA-0485,  Dr. Richard Anderson  ,,2025-04-07T21:20:38Z,ELEC-CAMERA-8267,iPhone 15 Pro Max (256GB),£296.07,DEBIT CARD - Mastercard,"6241 Elm Street, Birmingham, UK, LS1 1AA",Cancelled,
TXN-20251101-000034,CUST-UK-0111,Mr. Sarah Miller,sarah.miller@email.com,11/01/2025 08:05 AM,HOME-DECOR-8770,Modern Sofa Set,$1124.55,CREDIT CARD,"9203 Oak Road, Houston, IL 26021",Delivered on 07/11/2025,Arrived damaged 😠
TXN-20250603-000035,CUST-UK-0337,MR. MARY GARCIA,mary.garcia@shop.com,06/03/2025 10:53 PM,SPORT-WINTER-1430,Ski Jacket Waterproof,$110.70,credit_card,"2348 Oak Road, London, UK, M1 1AA",Delivered on 06/06/2025,Perfect! 5/5 stars
TXN-20250409-000036,CUST-ASIA-0190,richard martinez,RICHARD.MARTINEZ@EXAMPLE.COM,2025-04-09T12:48:32Z,BOOK-EBOOK-8242,Digital Marketing eBook,$48.69,CREDIT CARD,"5054 Main St, Phoenix, NY 61807",Shipped (est. arrival: April 14),Poor quality 😞
TXN-20240918-000037,CUST-US-0062,,david.williams@email.com,18/09/2024 22:55,ELEC-CAMERA-1307,Sony Camera A7,€1168.13,DEBIT CARD - Mastercard,"2816 Elm Street, Leeds, UK, B1 1AA",Delivered on 26/09/2024,Arrived damaged 😠
TXN-20250214-000038,CUST-ASIA-0203,SARAH GARCIA,sarah.garcia@test.com,2025-02-14T08:16:12Z,HOME-KITCHEN-3419,Wall Art Decoration,$254.72,Google Pay,"7602 Elm Street, Leeds, UK, L1 1AA",Processing,Not worth the price
TXN-20240603-000039,CUST-UK-0241,richard jones,richard.jones@example.com,03/06/2024 15:35,ELEC-PHONE-9307,Sony Camera A7,,Google Pay,"8215 Park Ave, Houston, NY 18109",Delivered on 13/06/2024,
TXN-20251225-000040,CUST-CA-0268,Mrs. Emma Jones,EMMA.JONES@EMAIL.COM,25/12/2025 21:21,BOOK-TEXTBOOK-5128,Business Magazine,$22.73,Apple Pay,"2113 Main St, Birmingham, UK, L1 1AA",Cancelled,Good value for money
TXN-20240405-000041,CUST-CA-0217,Emma Jones,EMMA.JONES@SHOP.COM,"April 5, 2024 at 7:53PM",ELEC-TABLET-2657,Bose Headphones,$123.61,Apple Pay,,Cancelled,Disappointed 😢
TXN-20250917-000042,CUST-UK-0384,,sarah.jones@test.com,2025-09-17T14:10:52Z,HOME-BEDDING-9239,LED Floor Lamp,$918.86,DEBIT CARD - Mastercard,"9086 Elm Street, London, UK, B1 1AA",Delivered on 2025-09-21,Poor quality 😞
TXN-20250323-000043,CUST-UK-0419,MRS. JOSEPH SMITH,JOSEPH.SMITH@SHOP.COM,"March 23, 2025 at 8:41PM",CLOTH-SHIRT-6221,Nike Running Shoes - Size 10,$58.53,credit_card,"7686 Park Ave, New York, NY 10688",Shipped (est. arrival: March 27),Arrived damaged 😠
TXN-20250624-000044,CUST-ASIA-0398,Mary Smith,,06/24/2025 11:09 AM,SPORT-FITNESS-9443,Ski Jacket Waterproof,$317.03,Credit Card (Mastercard),"8577 Main St, Liverpool, UK, L1 1AA",Delivered on 02/07/2025,
TXN-20250131-000045,CUST-US-0130,Mary Garcia,mary.garcia@email.com,2025-01-31T18:51:08Z,HOME-DECOR-8612,Queen Bedding Set,"€1,171.00",PayPal,,Cancelled - 02/02/2025,
TXN-20251024-000046,CUST-US-0400,Emma Jones,,"October 24, 2025 at 10:33PM",CLOTH-SHOES-9151,Summer Dress (M),$223.58,credit_card,"8938 Park Ave, New York, IL 23447",Processing,Perfect! 5/5 stars
TXN-20240619-000047,CUST-UK-0180,MRS. LINDA GARCIA,linda.garcia@example.com,"June 19, 2024 at 9:38AM",HOME-LIGHTING-3621,Modern Sofa Set,,DEBIT CARD - Mastercard,"6273 Main St, Liverpool, UK, M1 1AA",Cancelled - 20/06/2024,Arrived damaged 😠
TXN-20240520-000048,CUST-ASIA-0204,Sarah Johnson,sarah.johnson@test.com,2024-05-20T10:08:54Z,BOOK-NONFICTION-5678,Digital Marketing eBook,€25.54,DEBIT CARD - Mastercard,"5693 Elm Street, Liverpool, UK, B1 1AA",Processing,Poor quality 😞
TXN-20250105-000049,CUST-EU-0103,Mr. Lisa Smith,,"January 5, 2025 at 4:49PM",ELEC-TABLET-7523,Sony Camera A7,$193.81,CREDIT CARD,"5645 High Street, Phoenix, CA 82260",Cancelled,
TXN-20240507-000050,CUST-EU-0156,Joseph Lopez,joseph.lopez@example.com,07/05/2024 18:05,SPORT-TEAM-3050,Basketball Official,£306.11,DEBIT CARD - Mastercard,"9235 Elm Street, New York, NY 13718",Processing,Arrived damaged 😠
TXN-20250302-000051,CUST-CA-0456,Michael Davis,MICHAEL.DAVIS@EXAMPLE.COM,"March 2, 2025 at 1:09PM",BOOK-EBOOK-8609,Data Science Handbook,$38.74,DEBIT CARD - Mastercard,"8438 Park Ave, Manchester, UK, LS1 1AA",Delivered on 2025-03-08,
TXN-20240221-000052,CUST-CA-0197,  Mr. Linda Williams  ,linda.williams@shop.com,02/21/2024 08:25 AM,BOOK-TEXTBOOK-9148,The Great Gatsby [Paperback],31.67,Google Pay,"9790 Oak Road, Birmingham, UK, L1 1AA",Delivered on 2024-02-24,Not worth the price
TXN-20250216-000053,CUST-CA-0292,James Jones,JAMES.JONES@TEST.COM,2025-02-16T17:23:48Z,ELEC-CAMERA-7114,"MacBook Pro 14""",1224.80,credit_card,"5457 Elm Street, Leeds, UK, M1 1AA",Shipped (est. arrival: February 21),
TXN-20240615-000054,CUST-ASIA-0432,ms. james anderson,,"June 15, 2024 at 5:16PM",BOOK-MAGAZINE-6040,The Great Gatsby [Paperback],79.85,Google Pay,"2794 Elm Street, Leeds, UK, M1 1AA",Shipped (est. arrival: June 18),Excellent quality 👍
TXN-20240714-000055,CUST-UK-0078,  Ms. David Rodriguez  ,david.rodriguez@shop.com,14/07/2024 22:29,BOOK-MAGAZINE-7173,Python Programming,$59.16,PayPal,"4572 High Street, Birmingham, UK, B1 1AA",Shipped (est. arrival: July 20),Not worth the price
TXN-20250727-000056,CUST-ASIA-0141,,WILLIAM.RODRIGUEZ@SHOP.COM,"July 27, 2025 at 7:13PM",ELEC-TABLET-8247,"MacBook Pro 14""",£578.71,PayPal,"3973 Main St, Los Angeles, CA 79604",Delivered on 2025-08-04,Poor quality 😞
TXN-20240106-000057,CUST-UK-0081,Ms. Joseph Davis,joseph.davis@email.com,2024-01-06T19:54:59Z,ELEC-AUDIO-4804,Bose Headphones,€1846.87,Credit Card (Visa),"6505 High Street, Birmingham, UK, SW1A 1AA",Delivered on 12/01/2024,
TXN-20241209-000058,CUST-CA-0279,,,"December 9, 2024 at 8:36PM",HOME-DECOR-1230,Kitchen Mixer,€287.98,Credit Card (Mastercard),"6568 High Street, Manchester, UK, LS1 1AA",Processing,Great product! 5 stars ⭐⭐⭐⭐⭐
TXN-20240924-000059,CUST-ASIA-0229,MICHAEL MARTINEZ,MICHAEL.MARTINEZ@SHOP.COM,"September 24, 2024 at 10:56PM",HOME-DECOR-7642,LED Floor Lamp,$1044.73,credit_card,"7835 Elm Street, Chicago, TX 89395",Cancelled,Average product
TXN-20251127-000060,CUST-CA-0042,patricia garcia,patricia.garcia@test.com,27/11/2025 08:13,CLOTH-DRESS-9525,Leather Jacket [L],45.46,credit_card,"8410 Oak Road, New York, AZ 83912",Processing,Perfect! 5/5 stars
TXN-20240917-000061,CUST-EU-0382,  Mr. John Miller  ,john.miller@example.com,"September 17, 2024 at 7:46PM",HOME-BEDDING-3948,Wall Art Decoration,,Apple Pay,"6155 Park Ave, Phoenix, CA 96742",Delivered on 21/09/2024,Poor quality 😞
TXN-20260115-000062,CUST-US-0428,Mrs. Michael Davis,,2026-01-15T19:56:56Z,ELEC-PHONE-7868,Bose Headphones,$451.86,Credit Card (Visa),"4010 Oak Road, Leeds, UK, M1 1AA",Shipped (est. arrival: January 18),
TXN-20241023-000063,CUST-ASIA-0295,MR. RICHARD HERNANDEZ,,"October 23, 2024 at 4:03PM",ELEC-AUDIO-3869,Sony Camera A7,£1359.12,credit_card,"4914 High Street, Houston, CA 80507",Processing,Poor quality 😞
TXN-20250419-000064,CUST-UK-0496,ROBERT MILLER,robert.miller@example.com,19/04/2025 12:43,ELEC-AUDIO-4120,iPhone 15 Pro Max (256GB),$1753.56,CREDIT CARD,"3556 High Street, Chicago, NY 53642",Shipped (est. arrival: April 22),Disappointed 😢
TXN-20240905-000065,CUST-EU-0361,Mr. Sarah Rodriguez,sarah.rodriguez@email.com,2024-09-05T19:20:58Z,BOOK-EBOOK-2615,Digital Marketing eBook,$38.16,credit_card,"266 Park Ave, Phoenix, TX 86550",Shipped (est. arrival: September 09),
TXN-20250806-000066,CUST-CA-0256,Dr. William Garcia,william.garcia@mail.com,06/08/2025 15:58,HOME-DECOR-3293,LED Floor Lamp,$973.46,Credit Card (Mastercard),"795 Oak Road, Manchester, UK, M1 1AA",Delivered on 2025-08-10,Not worth the price
TXN-20240302-000067,CUST-UK-0316,MRS. JOHN SMITH,JOHN.SMITH@EMAIL.COM,2024-03-02T22:33:09Z,SPORT-WATER-3937,Yoga Mat Premium,$319.40,Apple Pay,,Shipped (est. arrival: March 07),Excellent quality 👍
TXN-20251031-000068,CUST-US-0017,,david.rodriguez@shop.com,"October 31, 2025 at 10:14PM",HOME-LIGHTING-2562,LED Floor Lamp,1047.66,Credit Card (Mastercard),"4594 Elm Street, London, UK, M1 1AA",Processing,
TXN-20240731-000069,CUST-UK-0386,Michael Williams,michael.williams@test.com,"July 31, 2024 at 6:27AM",CLOTH-SHIRT-9204,Summer Dress (M),£115.37,DEBIT CARD - Mastercard,,Processing,
TXN-20250318-000070,CUST-UK-0300,  jennifer jones  ,jennifer.jones@shop.com,2025-03-18T15:48:17Z,ELEC-PHONE-1085,"MacBook Pro 14""",€220.23,Apple Pay,"1693 Elm Street, Phoenix, NY 56388",Processing,Great product! 5 stars ⭐⭐⭐⭐⭐
TXN-20241025-000071,CUST-CA-0372,sarah martinez,SARAH.MARTINEZ@EMAIL.COM,10/25/2024 03:04 PM,BOOK-TEXTBOOK-7899,Python Programming,€32.19,Credit Card (Mastercard),"2220 Oak Road, Chicago, AZ 61864",Processing,Perfect! 5/5 stars
TXN-20251028-000072,CUST-CA-0165,,sarah.davis@email.com,10/28/2025 02:52 PM,BOOK-MAGAZINE-4971,Python Programming,£20.25,credit_card,"9013 Park Ave, Los Angeles, TX 70505",Delivered on 05/11/2025,
TXN-20241106-000073,CUST-UK-0367,Ms. Mary Davis,mary.davis@mail.com,11/06/2024 07:42 PM,HOME-LIGHTING-2392,Modern Sofa Set,$981.09,Apple Pay,"5433 Oak Road, London, UK, SW1A 1AA",Delivered on 2024-11-12,
TXN-20250817-000074,CUST-UK-0192,  william martinez  ,WILLIAM.MARTINEZ@MAIL.COM,08/17/2025 03:13 PM,CLOTH-DRESS-6110,Summer Dress (M),€153.33,Credit Card (Mastercard),,Shipped (est. arrival: August 21),Good value for money
TXN-20240612-000075,CUST-UK-0219,DAVID HERNANDEZ,user@domain,06/12/2024 12:13 AM,CLOTH-SHOES-8037,Leather Jacket [L],$217.05,CREDIT CARD,"3064 Park Ave, Houston, NY 35830",Cancelled,Perfect! 5/5 stars
TXN-20250917-000076,CUST-ASIA-0059,Lisa Martinez,lisa.martinez@test.com,2025-09-17T08:23:44Z,HOME-FURNITURE-4908,Kitchen Mixer,£601.04,credit_card,"7974 High Street, Liverpool, UK, M1 1AA",Cancelled - 18/09/2025,Disappointed 😢
TXN-20250926-000077,CUST-US-0184,,sarah.anderson@mail.com,09/26/2025 04:48 AM,BOOK-NONFICTION-2354,Business Magazine,£34.74,Google Pay,"9007 Elm Street, London, UK, B1 1AA",Processing,Great product! 5 stars ⭐⭐⭐⭐⭐
TXN-20260106-000078,CUST-UK-0112,LINDA HERNANDEZ,linda.hernandez@mail.com,06/01/2026 11:47,ELEC-CAMERA-2923,Samsung Galaxy S24,,credit_card,"3386 Main St, Liverpool, UK, B1 1AA",Processing,Poor quality 😞
TXN-20241127-000079,CUST-ASIA-0294,JAMES HERNANDEZ,james.hernandez@mail.com,"November 27, 2024 at 7:53PM",CLOTH-PANTS-5090,Levis Jeans 32x34,€209.35,Apple Pay,"6147 Elm Street, New York, TX 93050",Processing,Not worth the price
TXN-20250410-000080,CUSTCA0168,Richard Anderson,richard.anderson@email.com,04/10/2025 03:20 PM,BOOK-NONFICTION-8039,Data Science Handbook,$59.26,DEBIT CARD - Mastercard,"794 Main St, Houston, NY 92074",Shipped (est. arrival: April 16),
TXN-20240726-000081,CUST-EU-0466,DR. MICHAEL WILLIAMS,michael.williams@example.com,07/26/2024 07:48 PM,CLOTH-SHIRT-7493,Summer Dress (M),$45.54,credit_card,"9727 Main St, Houston, NY 99126",Processing,Perfect! 5/5 stars
TXN-20251211-000082,CUST-US-0197,mr. mary johnson,mary.johnson@shop.com,11/12/2025 18:28,ELEC-AUDIO-1138,Bose Headphones,$1274.76,Google Pay,,Cancelled,Poor quality 😞
TXN-20240910-000083,CUST-EU-0044,,jennifer.lopez@email.com,09/10/2024 08:50 PM,CLOTH-SHOES-5842,Nike Running Shoes - Size 10,51.57,Credit Card (Visa),"5917 High Street, Leeds, UK, L1 1AA",Cancelled,Disappointed 😢
TXN20240315000084,CUST-US-0035,Mrs. John Smith,john.smith@mail.com,"March 15, 2024 at 7:05AM",SPORT-WINTER-3501,Basketball Official,,Credit Card (Mastercard),"5082 High Street, London, UK, M1 1AA",Delivered on 2024-03-23,Great product! 5 stars ⭐⭐⭐⭐⭐
TXN-20241112-000085,CUSTUS0090,ROBERT LOPEZ,robert.lopez@test.com,12/11/2024 19:55,HOME-DECOR-7092,Wall Art Decoration,$203.54,CREDIT CARD,"1047 Oak Road, New York, TX 85582",Processing,
TXN-20250803-000086,CUST-US-0396,WILLIAM LOPEZ,,"August 3, 2025 at 10:11PM",ELEC-CAMERA-6963,Sony Camera A7,€118.96,DEBIT CARD - Mastercard,"4445 Elm Street, Birmingham, UK, SW1A 1AA",Delivered on 2025-08-07,Great product! 5 stars ⭐⭐⭐⭐⭐
TXN-20250214-000087,CUST-ASIA-0239,michael garcia,michael.garcia@test.com,2025-02-14T23:49:49Z,CLOTH-SHOES-7033,Cotton T-Shirt,$272.12,Credit Card (Visa),"3818 Main St, Birmingham, UK, SW1A 1AA",Cancelled,
TXN-20250626-000088,CUST-UK-0215,DR. ROBERT LOPEZ,robert.lopez@test.com,2025-06-26T09:52:25Z,BOOK-FICTION-2565,Business Magazine,€61.10,Debit Card - Visa,"4277 Oak Road, Birmingham, UK, B1 1AA",Cancelled - 27/06/2025,Poor quality 😞
TXN-20250821-000089,CUST-EU-0055,Emma Miller,emma.miller@email.com,08/21/2025 05:53 AM,ELEC-LAPTOP-5984,Bose Headphones,$227.87,Credit Card (Visa),,Shipped (est. arrival: August 24),Poor quality 😞
TXN-20240504-000090,CUST-EU-0114,david garcia,DAVID.GARCIA@EXAMPLE.COM,2024-05-04T09:29:03Z,BOOK-NONFICTION-2506,Python Programming,€61.65,Apple Pay,"2832 Oak Road, Chicago, IL 34530",Shipped (est. arrival: May 07),
TXN-20240908-000091,CUST-CA-0452,  MRS. MARY JONES  ,mary.jones@test.com,09/08/2024 03:50 PM,SPORT-FITNESS-7266,Basketball Official,$293.68,DEBIT CARD - Mastercard,"9784 Elm Street, New York, TX 46822",Processing,
TXN-20240612-000092,CUST-EU-0337,Linda Wilson,linda.wilson@mail.com,06/12/2024 01:47 PM,CLOTH-PANTS-4875,Cotton T-Shirt,$185.64,PayPal,"8065 High Street, Leeds, UK, SW1A 1AA",Delivered on 2024-06-14,Good value for money
TXN-20250504-000093,CUST-EU-0104,  MR. ROBERT WILSON  ,robert.wilson@shop.com,05/04/2025 05:21 PM,HOME-FURNITURE-7120,Queen Bedding Set,€1464.52,DEBIT CARD - Mastercard,"2855 Elm Street, Liverpool, UK, B1 1AA",Shipped (est. arrival: May 11),Perfect! 5/5 stars
TXN-20241110-000094,CUST-CA-0001,RICHARD MARTINEZ,richard.martinez@test.com,10/11/2024 11:20,BOOK-NONFICTION-6425,The Great Gatsby [Paperback],$96.68,PayPal,"1111 Oak Road, New York, NY 24160",Cancelled - 12/11/2024,
TXN-20250519-000095,CUST-CA-0180,  LINDA DAVIS  ,linda.davis@example.com,2025-05-19T21:10:46Z,ELEC-PHONE-6600,Samsung Galaxy S24,$1886.58,Google Pay,"508 Oak Road, Los Angeles, AZ 95673",Shipped (est. arrival: May 22),
TXN-20240729-000096,CUST-CA-0210,  dr. patricia rodriguez  ,patricia.rodriguez@mail.com,29/07/2024 14:18,CLOTH-SHIRT-6911,Nike Running Shoes - Size 10,$188.06,Debit Card - Visa,"1343 Oak Road, Chicago, TX 25139",Cancelled - 31/07/2024,Perfect! 5/5 stars
TXN-20240708-000097,CUST-ASIA-0196,ms. john jones,john.jones@example.com,2024-07-08T14:48:37Z,ELEC-PHONE-6632,Bose Headphones,€168.92,CREDIT CARD,,Delivered on 16/07/2024,Good value for money
TXN-20250807-000098,CUST-CA-0410,,jennifer.williams@shop.com,"August 7, 2025 at 11:27PM",CLOTH-SHIRT-7936,Nike Running Shoes - Size 10,£195.62,Credit Card (Mastercard),"1426 Park Ave, Phoenix, IL 62082",Cancelled,Good value for money
TXN-20250305-000099,CUST-EU-0077,  Jennifer Wilson  ,jennifer.wilson@email.com,2025-03-05T17:30:02Z,BOOK-TEXTBOOK-7275,Digital Marketing eBook,£46.27,Credit Card (Visa),"6485 Park Ave, Manchester, UK, SW1A 1AA",Cancelled,
TXN-20241106-000100,CUST-US-0440,,sarah.williams@email.com,11/06/2024 09:26 PM,ELEC-LAPTOP-8237,Samsung Galaxy S24,$1057.18,credit_card,"1076 Elm Street, Houston, CA 76426",Delivered on 2024-11-10,Great product! 5 stars ⭐⭐⭐⭐⭐
TXN-20240912-000101,CUST-ASIA-0026,  Ms. Michael Garcia  ,,"September 12, 2024 at 4:22PM",BOOK-NONFICTION-8775,Business Magazine,$33.28,credit_card,"9376 High Street, Manchester, UK, M1 1AA",Shipped (est. arrival: September 17),Good value for money
TXN-20240121-000102,CUST-US-0350,robert hernandez,robert.hernandez@email.com,01/21/2024 03:13 PM,HOME-BEDDING-7168,Kitchen Mixer,£795.34,CREDIT CARD,"6132 Elm Street, Liverpool, UK, B1 1AA",Processing,Disappointed 😢
TXN-20240306-000103,CUST-ASIA-0142,DR. MICHAEL HERNANDEZ,michael.hernandez@shop.com,"March 6, 2024 at 7:41PM",SPORT-WATER-6236,Camping Tent 4-Person,€148.23,PayPal,"5623 High Street, Liverpool, UK, LS1 1AA",Processing,Poor quality 😞
TXN-20251104-000104,CUST-UK-0050,Michael Lopez,,"November 4, 2025 at 12:18PM",HOME-BEDDING-6428,Kitchen Mixer,£721.69,Google Pay,"3188 Oak Road, Liverpool, UK, B1 1AA",Cancelled,Average product
TXN-20241216-000105,CUST-UK-0465,Linda Lopez,LINDA.LOPEZ@SHOP.COM,"December 16, 2024 at 5:10PM",BOOK-TEXTBOOK-4430,Data Science Handbook,$80.18,Apple Pay,"7030 Oak Road, London, UK, SW1A 1AA",Shipped (est. arrival: December 21),Not worth the price
TXN-20250627-000106,CUST-US-0347,mr. sarah brown,,"June 27, 2025 at 5:21PM",HOME-KITCHEN-8469,LED Floor Lamp,$1493.34,PayPal,"2702 Oak Road, London, UK, M1 1AA",Shipped (est. arrival: July 01),Great product! 5 stars ⭐⭐⭐⭐⭐
TXN-20250826-000107,CUST-ASIA-0064,mrs. richard smith,RICHARD.SMITH@EXAMPLE.COM,26/08/2025 14:24,ELEC-PHONE-1790,iPhone 15 Pro Max (256GB),$975.07,Credit Card (Visa),"4934 Elm Street, Phoenix, IL 23235",Shipped (est. arrival: September 01),
TXN-20250607-000108,CUST-US-0059,Dr. Jennifer Brown,JENNIFER.BROWN@MAIL.COM,2025-06-07T11:00:42Z,BOOK-NONFICTION-8875,Python Programming,£19.94,Credit Card (Mastercard),"8384 Oak Road, Chicago, CA 23276",Processing,Great product! 5 stars ⭐⭐⭐⭐⭐
TXN-20240412-000109,CUST-US-0448,,,12/04/2024 22:17,CLOTH-DRESS-6857,Leather Jacket [L],$124.33,Google Pay,"4454 Oak Road, Leeds, UK, M1 1AA",Delivered on 16/04/2024,
TXN-20240612-000110,CUST-CA-0467,MS. JENNIFER HERNANDEZ,jennifer.hernandez@email.com,2024-06-12T21:28:02Z,CLOTH-SHOES-8997,Nike Running Shoes - Size 10,$203.39,PayPal,"5543 Elm Street, London, UK, LS1 1AA",Shipped (est. arrival: June 18),Perfect! 5/5 stars
TXN-20240601-000111,CUSTUS0314,  Ms. Joseph Williams  ,,"June 1, 2024 at 4:24PM",HOME-FURNITURE-9305,Wall Art Decoration,,Google Pay,"7325 Oak Road, New York, NY 75191",Cancelled,
TXN-20240403-000112,CUST-CA-0494,Joseph Rodriguez,joseph.rodriguez@example.com,"April 3, 2024 at 7:07PM",HOME-LIGHTING-8751,Kitchen Mixer,$355.97,Debit Card - Visa,"8974 Main St, London, UK, M1 1AA",Cancelled,Perfect! 5/5 stars
TXN-20240419-000113,CUST-EU-0101,Linda Miller,LINDA.MILLER@EXAMPLE.COM,"April 19, 2024 at 6:32PM",SPORT-FITNESS-8381,Diving Gear Set,$27.06,Google Pay,"8329 High Street, Liverpool, UK, M1 1AA",Shipped (est. arrival: April 22),Arrived damaged 😠
TXN-20250912-000114,CUST-UK-0259,JENNIFER LOPEZ,JENNIFER.LOPEZ@EMAIL.COM,09/12/2025 08:35 PM,BOOK-MAGAZINE-9393,Python Programming,,Debit Card - Visa,"5658 High Street, Manchester, UK, L1 1AA",Processing,Not worth the price
TXN-20250729-000115,CUST-UK-0293,  Dr. Joseph Anderson  ,invalid-email,29/07/2025 19:10,ELEC-PHONE-4275,"MacBook Pro 14""",$335.54,CREDIT CARD,"530 Elm Street, New York, AZ 69322",Shipped (est. arrival: August 05),Good value for money
TXN-20251213-000116,CUST-UK-0199,WILLIAM GARCIA,william.garcia@test.com,"December 13, 2025 at 4:38PM",BOOK-NONFICTION-7025,Business Magazine,$96.79,Credit Card (Mastercard),"3064 Elm Street, London, UK, LS1 1AA",Delivered on 2025-12-21,Poor quality 😞
TXN-20250821-000117,CUST-ASIA-0003,JOSEPH WILLIAMS,joseph.williams@example.com,2025-08-21T20:20:33Z,HOME-BEDDING-6866,Modern Sofa Set,$300.29,CREDIT CARD,"8799 Park Ave, Los Angeles, CA 55796",Processing,Average product
TXN-20250925-000118,CUST-US-0288,Emma Davis,emma.davis@example.com,25/09/2025 19:01,ELEC-CAMERA-5203,Bose Headphones,,Credit Card (Visa),"4857 High Street, Birmingham, UK, L1 1AA",Delivered on 2025-09-28,Good value for money
TXN20250630000119,CUST-EU-0034,mrs. richard brown,richard.brown@mail.com,2025-06-30T05:04:03Z,CLOTH-SHIRT-8523,Summer Dress (M),$90.53,Debit Card - Visa,"6679 Park Ave, Houston, TX 92603",Delivered on 08/07/2025,Arrived damaged 😠
TXN-20240305-000120,CUST-US-0300,MARY GARCIA,mary.garcia@test.com,2024-03-05T15:34:14Z,BOOK-EBOOK-7473,The Great Gatsby [Paperback],,Debit Card - Visa,"6114 Main St, Liverpool, UK, L1 1AA",Shipped (est. arrival: March 08),
TXN-20250809-000121,CUST-US-0485,MR. PATRICIA LOPEZ,PATRICIA.LOPEZ@TEST.COM,"August 9, 2025 at 10:51AM",SPORT-TEAM-4183,Yoga Mat Premium,£429.41,Debit Card - Visa,"1104 Park Ave, Phoenix, TX 35875",Processing,
TXN-20251102-000122,CUST-ASIA-0100,dr. emma martinez,EMMA.MARTINEZ@EMAIL.COM,02/11/2025 12:23,HOME-DECOR-4629,Queen Bedding Set,€517.40,Debit Card - Visa,"7979 High Street, Liverpool, UK, SW1A 1AA",Processing,
TXN-20250705-000123,CUST-US-0321,Joseph Smith,joseph.smith@shop.com,"July 5, 2025 at 1:14PM",SPORT-WINTER-8734,Camping Tent 4-Person,$373.28,Credit Card (Mastercard),"6501 High Street, Los Angeles, AZ 11388",Shipped (est. arrival: July 11),Arrived damaged 😠
TXN-20250802-000124,CUST-UK-0377,MS. JOHN BROWN,invalid-email,2025-08-02T22:56:02Z,SPORT-TEAM-7358,Diving Gear Set,,Debit Card - Visa,"4315 Elm Street, Manchester, UK, LS1 1AA",Cancelled,Excellent quality 👍
TXN-20250613-000125,CUST-EU-0499,Mr. Emma Anderson,emma.anderson@test.com,06/13/2025 11:11 AM,CLOTH-SHIRT-9430,Summer Dress (M),$220.84,DEBIT CARD - Mastercard,"1857 Elm Street, Houston, CA 72759",Shipped (est. arrival: June 19),
TXN-20240214-000126,CUST-EU-0304,JAMES SMITH,,"February 14, 2024 at 11:38AM",SPORT-FITNESS-5644,Yoga Mat Premium,€106.02,credit_card,"8370 Elm Street, Chicago, TX 99861",Delivered on 2024-02-19,
TXN-20240117-000127,CUST-CA-0441,LINDA WILLIAMS,user@domain,17/01/2024 18:57,SPORT-FITNESS-2526,Diving Gear Set,€25.57,Credit Card (Visa),"8681 Elm Street, Houston, IL 73192",Delivered on 2024-01-25,Average product
TXN-20240326-000128,CUST-CA-0449,,sarah.smith@shop.com,"March 26, 2024 at 6:16PM",HOME-FURNITURE-3535,Queen Bedding Set,$652.64,Apple Pay,"3338 Park Ave, Houston, CA 83080",Cancelled,Perfect! 5/5 stars
TXN-20260123-000129,CUST-US-0443,LISA WILSON,lisa.wilson@email.com,01/23/2026 08:52 PM,ELEC-LAPTOP-7375,iPhone 15 Pro Max (256GB),"$1,220.48",PayPal,"6076 Elm Street, Houston, TX 14948",Processing,Arrived damaged 😠
TXN-20240228-000130,CUST-EU-0420,Lisa Smith,user@domain,2024-02-28T10:02:23Z,SPORT-WINTER-4795,Ski Jacket Waterproof,$25.14,Apple Pay,"5786 Oak Road, Liverpool, UK, M1 1AA",Delivered on 02/03/2024,Good value for money
TXN-20250819-000131,CUST-ASIA-0494,mrs. sarah davis,sarah.davis@example.com,19/08/2025 21:52,HOME-FURNITURE-9409,Kitchen Mixer,€1050.46,DEBIT CARD - Mastercard,"7518 Elm Street, London, UK, LS1 1AA",Delivered on 2025-08-25,Average product
TXN-20251124-000132,CUST-ASIA-0212,  DR. JOHN LOPEZ  ,,"November 24, 2025 at 9:17PM",BOOK-TEXTBOOK-6792,Data Science Handbook,$71.48,PayPal,"4349 Park Ave, Los Angeles, AZ 36577",Shipped (est. arrival: November 27),
TXN-20240321-000133,CUST-UK-0340,Richard Anderson,richard.anderson@test.com,21/03/2024 19:08,SPORT-TEAM-7518,Camping Tent 4-Person,£226.01,credit_card,"7491 Elm Street, Leeds, UK, B1 1AA",Delivered on 23/03/2024,
TXN-20241129-000134,CUST-CA-0096,Mr. Michael Davis,michael.davis@email.com,29/11/2024 19:52,BOOK-NONFICTION-3148,Business Magazine,,credit_card,"2451 Oak Road, Los Angeles, TX 11276",Shipped (est. arrival: December 06),Not worth the price
TXN-20250513-000135,CUST-CA-0288,MARY LOPEZ,MARY.LOPEZ@MAIL.COM,05/13/2025 05:59 PM,HOME-KITCHEN-6914,Kitchen Mixer,,PayPal,,Processing,Good value for money
TXN-20250514-000136,CUST-US-0229,Michael Davis,michael.davis@mail.com,05/14/2025 11:20 AM,ELEC-PHONE-3654,"MacBook Pro 14""",€571.57,DEBIT CARD - Mastercard,"9617 Oak Road, Leeds, UK, M1 1AA",Shipped (est. arrival: May 17),
TXN-20240828-000137,CUST-US-0482,DAVID JOHNSON,david.johnson@test.com,"August 28, 2024 at 6:05PM",SPORT-FITNESS-2702,Basketball Official,$210.18,credit_card,"2151 High Street, London, UK, SW1A 1AA",Processing,
TXN-20250502-000138,CUST-CA-0446,  James Davis  ,james.davis@test.com,02/05/2025 12:22,SPORT-WATER-9576,Ski Jacket Waterproof,€407.24,credit_card,,Cancelled - 04/05/2025,Disappointed 😢
TXN-20241102-000139,CUST-US-0119,mrs. sarah miller,SARAH.MILLER@MAIL.COM,"November 2, 2024 at 7:58PM",ELEC-CAMERA-4924,Bose Headphones,$1385.05,Debit Card - Visa,,Delivered on 11/11/2024,Arrived damaged 😠
TXN20250518000140,CUSTCA0026,DR. MARY JONES,MARY.JONES@EXAMPLE.COM,"May 18, 2025 at 1:51PM",BOOK-NONFICTION-6601,Digital Marketing eBook,,credit_card,"919 Oak Road, New York, AZ 61435",Shipped (est. arrival: May 22),Amazing! Highly recommend ⭐⭐⭐⭐⭐
TXN-20250125-000141,CUST-EU-0394,LISA BROWN,lisa.brown@example.com,25/01/2025 10:46,BOOK-EBOOK-6113,Python Programming,$59.46,PayPal,"5906 High Street, London, UK, M1 1AA",Cancelled - 26/01/2025,Arrived damaged 😠
TXN-20240502-000142,CUST-US-0125,ms. jennifer wilson,JENNIFER.WILSON@SHOP.COM,02/05/2024 13:09,SPORT-TEAM-1983,Yoga Mat Premium,€76.01,DEBIT CARD - Mastercard,"7188 Main St, Leeds, UK, B1 1AA",Shipped (est. arrival: May 07),Disappointed 😢
TXN-20251224-000143,CUST-UK-0357,Mr. Robert Rodriguez,robert.rodriguez@test.com,12/24/2025 12:16 PM,ELEC-AUDIO-3539,Sony Camera A7,£51.40,Credit Card (Visa),"5966 High Street, Birmingham, UK, SW1A 1AA",Cancelled,Good value for money
TXN-20240606-000144,CUST-UK-0166,MARY JOHNSON,,06/06/2024 17:53,BOOK-NONFICTION-2617,The Great Gatsby [Paperback],£57.32,Credit Card (Mastercard),"215 High Street, Leeds, UK, SW1A 1AA",Cancelled - 08/06/2024,Perfect! 5/5 stars
TXN-20250112-000145,CUST-ASIA-0316,,patricia.johnson@test.com,12/01/2025 16:15,SPORT-WATER-4104,Camping Tent 4-Person,£109.98,DEBIT CARD - Mastercard,"7516 Oak Road, London, UK, M1 1AA",Shipped (est. arrival: January 19),Not worth the price
TXN-20251104-000146,CUST-ASIA-0227,Mr. James Garcia,james.garcia@email.com,2025-11-04T22:28:25Z,CLOTH-SHOES-5162,Summer Dress (M),$29.71,Debit Card - Visa,"108 Main St, Los Angeles, IL 39083",Processing,Good value for money
TXN-20250723-000147,CUST-EU-0293,LISA GARCIA,LISA.GARCIA@TEST.COM,23/07/2025 22:46,HOME-FURNITURE-7550,LED Floor Lamp,$1195.57,Credit Card (Mastercard),"9753 Main St, Liverpool, UK, LS1 1AA",Delivered on 25/07/2025,Perfect! 5/5 stars
TXN-20250302-000148,CUST-EU-0395,,user@domain,02/03/2025 19:09,SPORT-OUTDOOR-6354,Ski Jacket Waterproof,€498.75,Credit Card (Mastercard),"3639 Park Ave, Los Angeles, CA 61684",Delivered on 11/03/2025,
TXN-20250212-000149,CUST-CA-0205,patricia williams,patricia.williams@test.com,12/02/2025 12:27,SPORT-OUTDOOR-4970,Yoga Mat Premium,$298.61,DEBIT CARD - Mastercard,"3121 High Street, New York, IL 87840",Processing,Disappointed 😢
TXN-20250930-000150,CUST-EU-0023,  EMMA WILLIAMS  ,emma.williams@test.com,09/30/2025 12:30 PM,HOME-FURNITURE-6624,Modern Sofa Set,$1117.82,Debit Card - Visa,,Delivered on 2025-10-06,Arrived damaged 😠
TXN-20241004-000151,CUST-US-0005,mr. michael hernandez,michael.hernandez@mail.com,04/10/2024 16:11,ELEC-TABLET-8940,Bose Headphones,$943.07,Debit Card - Visa,"5466 Park Ave, New York, IL 30578",Processing,Average product
TXN-20250528-000152,CUST-ASIA-0032,Joseph Anderson,joseph.anderson@email.com,05/28/2025 09:43 PM,ELEC-CAMERA-9531,Bose Headphones,€1167.15,DEBIT CARD - Mastercard,,Shipped (est. arrival: June 01),Good value for money
TXN-20240518-000153,CUST-EU-0395,MR. JENNIFER WILLIAMS,,18/05/2024 22:19,CLOTH-SHIRT-6221,Leather Jacket [L],,credit_card,"3027 Elm Street, Phoenix, IL 90213",Shipped (est. arrival: May 25),Great product! 5 stars ⭐⭐⭐⭐⭐
TXN-20250102-000154,CUST-UK-0400,Ms. Linda Martinez,LINDA.MARTINEZ@MAIL.COM,02/01/2025 22:26,CLOTH-SHIRT-7694,Nike Running Shoes - Size 10,$296.71,Google Pay,"8028 Oak Road, Manchester, UK, LS1 1AA",Cancelled,Not worth the price
TXN-20250207-000155,CUST-CA-0381,James Hernandez,JAMES.HERNANDEZ@EXAMPLE.COM,"February 7, 2025 at 2:48PM",SPORT-WATER-1643,Ski Jacket Waterproof,€115.18,Debit Card - Visa,"7559 Elm Street, Phoenix, NY 48590",Shipped (est. arrival: February 13),Disappointed 😢
TXN-20240402-000156,CUST-EU-0058,  Joseph Lopez  ,joseph.lopez@mail.com,02/04/2024 13:41,CLOTH-SHOES-2477,Summer Dress (M),$65.92,DEBIT CARD - Mastercard,"1398 Oak Road, Liverpool, UK, L1 1AA",Shipped (est. arrival: April 08),Great product! 5 stars ⭐⭐⭐⭐⭐
TXN-20240623-000157,CUST-EU-0338,Robert Williams,ROBERT.WILLIAMS@MAIL.COM,06/23/2024 07:00 PM,CLOTH-PANTS-1057,Cotton T-Shirt,$159.62,PayPal,"9648 Oak Road, Leeds, UK, LS1 1AA",Delivered on 2024-06-25,Arrived damaged 😠
TXN-20251005-000158,CUST-US-0076,John Williams,john@,05/10/2025 18:44,CLOTH-PANTS-5659,Cotton T-Shirt,€177.41,Credit Card (Visa),"1526 Park Ave, Birmingham, UK, LS1 1AA",Delivered on 13/10/2025,
TXN-20250427-000159,CUST-ASIA-0141,james brown,james.brown@test.com,27/04/2025 20:16,SPORT-TEAM-7996,Ski Jacket Waterproof,$321.04,Google Pay,"8070 Elm Street, Manchester, UK, B1 1AA",Shipped (est. arrival: April 30),
TXN-20250421-000160,CUST-EU-0061,David Miller,david.miller@example.com,2025-04-21T16:20:49Z,HOME-FURNITURE-6042,Kitchen Mixer,$1038.18,Credit Card (Visa),,Shipped (est. arrival: April 27),Disappointed 😢
TXN-20250703-000161,CUST-UK-0237,Dr. John Anderson,john.anderson@example.com,03/07/2025 20:21,HOME-FURNITURE-3446,Kitchen Mixer,£1268.34,Credit Card (Mastercard),"5051 Park Ave, London, UK, B1 1AA",Cancelled - 03/07/2025,
TXN-20241105-000162,CUST-ASIA-0058,richard brown,richard.brown@test.com,"November 5, 2024 at 9:55AM",BOOK-MAGAZINE-6084,Python Programming,94.42,Apple Pay,"8559 Main St, New York, AZ 50760",Processing,Great product! 5 stars ⭐⭐⭐⭐⭐
TXN-20240415-000163,CUSTASIA0338,richard jones,richard.jones@email.com,15/04/2024 08:39,HOME-DECOR-3580,Kitchen Mixer,$333.67,Debit Card - Visa,"9406 Park Ave, Chicago, AZ 19337",Cancelled - 15/04/2024,Great product! 5 stars ⭐⭐⭐⭐⭐
TXN-20240418-000164,CUST-UK-0045,,patricia.martinez@test.com,04/18/2024 08:58 PM,BOOK-MAGAZINE-3159,The Great Gatsby [Paperback],€51.00,credit_card,"4228 Oak Road, Manchester, UK, B1 1AA",Processing,Great product! 5 stars ⭐⭐⭐⭐⭐
TXN-20240307-000165,CUST-UK-0180,  mr. robert jones  ,robert.jones@example.com,2024-03-07T17:15:39Z,HOME-LIGHTING-8552,Queen Bedding Set,€263.76,Apple Pay,"7133 Park Ave, Liverpool, UK, M1 1AA",Shipped (est. arrival: March 10),Arrived damaged 😠
TXN-20250513-000166,CUST-UK-0306,MS. MARY ANDERSON,mary.anderson@example.com,2025-05-13T18:03:05Z,SPORT-WATER-6364,Diving Gear Set,£90.99,Credit Card (Visa),"2404 Oak Road, Liverpool, UK, B1 1AA",Cancelled,Not worth the price
TXN-20241102-000167,CUST-UK-0483,Joseph Garcia,JOSEPH.GARCIA@SHOP.COM,"November 2, 2024 at 8:22PM",SPORT-FITNESS-1013,Ski Jacket Waterproof,$436.20,DEBIT CARD - Mastercard,"6272 High Street, Phoenix, CA 67041",Cancelled - 02/11/2024,Not worth the price
TXN-20250303-000168,CUST-EU-0447,,MARY.HERNANDEZ@MAIL.COM,03/03/2025 10:39 PM,CLOTH-SHOES-8471,Cotton T-Shirt,€138.75,Apple Pay,"9906 Park Ave, Los Angeles, AZ 75294",Cancelled,
TXN-20240208-000169,CUST-ASIA-0361,LISA LOPEZ,LISA.LOPEZ@EMAIL.COM,2024-02-08T18:42:42Z,SPORT-FITNESS-5017,Diving Gear Set,326.00,DEBIT CARD - Mastercard,"8766 Oak Road, Leeds, UK, L1 1AA",Cancelled,Amazing! Highly recommend ⭐⭐⭐⭐⭐
TXN-20241023-000170,CUST-ASIA-0306,Jennifer Jones,jennifer.jones@email.com,10/23/2024 04:54 PM,HOME-BEDDING-2351,Wall Art Decoration,$224.83,Credit Card (Mastercard),"9894 Park Ave, Los Angeles, TX 87564",Shipped (est. arrival: October 28),Average product
TXN-20250511-000171,CUST-ASIA-0017,,robert.martinez@mail.com,2025-05-11T18:48:52Z,CLOTH-PANTS-6653,Nike Running Shoes - Size 10,€66.93,CREDIT CARD,"3829 High Street, Houston, IL 61127",Cancelled - 11/05/2025,Perfect! 5/5 stars
TXN-20251125-000172,CUST-US-0490,Mr. James Hernandez,JAMES.HERNANDEZ@EMAIL.COM,25/11/2025 19:47,ELEC-TABLET-7408,Sony Camera A7,$1198.01,credit_card,"5133 Main St, London, UK, SW1A 1AA",Cancelled,
TXN-20240812-000173,CUST-EU-0129,Jennifer Johnson,jennifer.johnson@test.com,12/08/2024 18:57,ELEC-PHONE-3128,Sony Camera A7,$1935.97,Google Pay,"1241 Park Ave, Leeds, UK, B1 1AA",Processing,
TXN-20241010-000174,CUST-US-0171,Linda Jones,linda.jones@test.com,"October 10, 2024 at 11:41AM",ELEC-LAPTOP-9857,Sony Camera A7,"$1,445.03",Credit Card (Mastercard),"9361 Oak Road, London, UK, LS1 1AA",Shipped (est. arrival: October 13),Perfect! 5/5 stars
TXN-20240929-000175,CUSTCA0201,Ms. Patricia Wilson,PATRICIA.WILSON@EXAMPLE.COM,2024-09-29T13:19:25Z,BOOK-FICTION-9770,Python Programming,,DEBIT CARD - Mastercard,"1319 Park Ave, Manchester, UK, M1 1AA",Delivered on 07/10/2024,Perfect! 5/5 stars
TXN-20240419-000176,CUST-UK-0184,  WILLIAM DAVIS  ,william.davis@test.com,"April 19, 2024 at 10:51PM",SPORT-TEAM-9186,Ski Jacket Waterproof,$32.80,Credit Card (Visa),"6644 Elm Street, Phoenix, TX 95701",Shipped (est. arrival: April 26),Excellent quality 👍
TXN-20240207-000177,CUST-US-0251,JOSEPH MARTINEZ,,"February 7, 2024 at 10:37AM",HOME-FURNITURE-8474,LED Floor Lamp,€186.31,Credit Card (Mastercard),"3321 Main St, Houston, IL 98918",Shipped (est. arrival: February 12),
TXN-20240216-000178,CUST-US-0172,MRS. ROBERT WILSON,robert.wilson@shop.com,"February 16, 2024 at 2:10PM",ELEC-LAPTOP-2637,Bose Headphones,207.41,Debit Card - Visa,,Shipped (est. arrival: February 21),Perfect! 5/5 stars
TXN-20240901-000179,CUST-CA-0020,Lisa Martinez,LISA.MARTINEZ@EXAMPLE.COM,01/09/2024 16:29,SPORT-FITNESS-6929,Ski Jacket Waterproof,$123.85,Google Pay,,Processing,Amazing! Highly recommend ⭐⭐⭐⭐⭐
TXN-20241208-000180,CUST-US-0054,robert williams,robert.williams@mail.com,08/12/2024 13:06,CLOTH-DRESS-4769,Nike Running Shoes - Size 10,263.57,Google Pay,"891 High Street, Manchester, UK, L1 1AA",Cancelled - 08/12/2024,
TXN-20260107-000181,CUST-ASIA-0184,  ROBERT SMITH  ,ROBERT.SMITH@MAIL.COM,"January 7, 2026 at 9:50AM",HOME-DECOR-5835,LED Floor Lamp,£1361.20,Credit Card (Mastercard),"6746 Oak Road, Manchester, UK, L1 1AA",Cancelled - 08/01/2026,Average product
TXN-20240910-000182,CUST-EU-0297,jennifer williams,,"September 10, 2024 at 3:05PM",BOOK-EBOOK-2605,Digital Marketing eBook,€72.38,Debit Card - Visa,"3917 Main St, London, UK, LS1 1AA",Processing,Disappointed 😢
TXN-20250807-000183,CUST-UK-0013,MRS. ROBERT ANDERSON,ROBERT.ANDERSON@MAIL.COM,08/07/2025 05:27 AM,ELEC-CAMERA-6454,Bose Headphones,£1894.89,Credit Card (Mastercard),"5501 Main St, Liverpool, UK, B1 1AA",Delivered on 2025-08-10,Great product! 5 stars ⭐⭐⭐⭐⭐
TXN-20250109-000184,CUST-CA-0332,JAMES LOPEZ,james.lopez@test.com,09/01/2025 13:17,SPORT-OUTDOOR-4693,Basketball Official,$156.64,CREDIT CARD,,Processing,Not worth the price
TXN-20251120-000185,CUST-US-0482,JOSEPH DAVIS,,20/11/2025 15:55,CLOTH-DRESS-2835,Levis Jeans 32x34,$195.64,credit_card,"7765 High Street, New York, IL 68177",Delivered on 22/11/2025,Good value for money
TXN-20251022-000186,CUST-ASIA-0336,Ms. William Lopez,WILLIAM.LOPEZ@EMAIL.COM,"October 22, 2025 at 9:18AM",BOOK-TEXTBOOK-5720,The Great Gatsby [Paperback],$65.68,credit_card,"2515 Elm Street, New York, IL 25324",Shipped (est. arrival: October 28),Poor quality 😞
TXN-20240729-000187,CUST-ASIA-0018,ms. robert garcia,robert.garcia@example.com,"July 29, 2024 at 12:47AM",CLOTH-SHOES-6246,Levis Jeans 32x34,$112.76,credit_card,"9261 Oak Road, Birmingham, UK, SW1A 1AA",Cancelled - 29/07/2024,Amazing! Highly recommend ⭐⭐⭐⭐⭐
TXN-20240126-000188,CUST-EU-0431,mary garcia,MARY.GARCIA@EMAIL.COM,26/01/2024 10:20,BOOK-FICTION-9385,Digital Marketing eBook,$94.91,Apple Pay,"6057 Park Ave, Chicago, IL 11597",Processing,Good value for money
TXN-20240330-000189,CUST-UK-0380,Mrs. Michael Williams,MICHAEL.WILLIAMS@TEST.COM,03/30/2024 10:37 PM,BOOK-MAGAZINE-6495,The Great Gatsby [Paperback],$10.60,credit_card,"3265 Oak Road, Chicago, AZ 60039",Delivered on 05/04/2024,Good value for money
TXN-20260127-000190,CUST-US-0014,,michael.hernandez@email.com,27/01/2026 15:04,CLOTH-SHIRT-2955,Summer Dress (M),£182.70,Google Pay,,Delivered on 2026-01-31,Poor quality 😞
TXN-20241231-000191,CUST-ASIA-0215,  Michael Rodriguez  ,MICHAEL.RODRIGUEZ@EXAMPLE.COM,2024-12-31T19:44:23Z,HOME-KITCHEN-5932,Kitchen Mixer,$882.67,DEBIT CARD - Mastercard,"7945 High Street, New York, CA 31368",Shipped (est. arrival: January 04),Good value for money
TXN-20250920-000192,CUST-CA-0434,  Patricia Wilson  ,,"September 20, 2025 at 9:38PM",HOME-KITCHEN-3277,Queen Bedding Set,,PayPal,"2109 High Street, Manchester, UK, B1 1AA",Shipped (est. arrival: September 24),
TXN-20240321-000193,CUST-US-0391,  MRS. RICHARD DAVIS  ,richard.davis@test.com,"March 21, 2024 at 6:48PM",HOME-FURNITURE-2085,Kitchen Mixer,$1382.54,DEBIT CARD - Mastercard,"480 Park Ave, Phoenix, IL 46356",Shipped (est. arrival: March 28),Arrived damaged 😠
TXN-20240904-000194,CUST-US-0035,  Richard Smith  ,user@domain,09/04/2024 01:37 PM,ELEC-LAPTOP-9260,Sony Camera A7,$1917.61,Apple Pay,"3511 Oak Road, London, UK, B1 1AA",Delivered on 2024-09-13,
TXN-20250104-000195,CUST-US-0021,Dr. Mary Miller,mary.miller@mail.com,2025-01-04T22:23:11Z,BOOK-NONFICTION-2140,Digital Marketing eBook,$70.67,Credit Card (Mastercard),"1954 High Street, Phoenix, NY 62510",Delivered on 11/01/2025,Arrived damaged 😠
TXN-20250217-000196,CUST-UK-0430,Dr. Michael Wilson,michael.wilson@email.com,2025-02-17T09:29:06Z,BOOK-EBOOK-9379,Python Programming,$54.04,Credit Card (Mastercard),"866 Oak Road, London, UK, M1 1AA",Cancelled,Arrived damaged 😠
TXN-20250930-000197,CUST-CA-0040,RICHARD DAVIS,richard.davis@test.com,2025-09-30T23:56:58Z,SPORT-WINTER-1289,Yoga Mat Premium,238.80,credit_card,"9121 Park Ave, Manchester, UK, LS1 1AA",Cancelled - 30/09/2025,
TXN-20250805-000198,CUST-CA-0338,  ms. jennifer davis  ,jennifer.davis@email.com,2025-08-05T06:37:02Z,SPORT-TEAM-5660,Basketball Official,£199.04,DEBIT CARD - Mastercard,"6236 Park Ave, Chicago, TX 55238",Delivered on 2025-08-10,Arrived damaged 😠
TXN-20240327-000199,CUST-ASIA-0034,MR. ROBERT SMITH,robert.smith@mail.com,27/03/2024 03:20,HOME-FURNITURE-8695,LED Floor Lamp,$503.96,PayPal,"5505 Elm Street, Chicago, CA 97475",Processing,Perfect! 5/5 stars
TXN-20240725-000200,CUST-US-0434,DR. JAMES BROWN,JAMES.BROWN@TEST.COM,"July 25, 2024 at 1:04PM",ELEC-AUDIO-2552,Bose Headphones,976.77,Debit Card - Visa,"8269 Oak Road, Liverpool, UK, B1 1AA",Shipped (est. arrival: July 31),Arrived damaged 😠
TXN-20250611-000201,CUST-CA-0391,,john.hernandez@mail.com,2025-06-11T10:29:09Z,SPORT-WATER-1981,Ski Jacket Waterproof,$379.56,Credit Card (Mastercard),"3336 Park Ave, Birmingham, UK, M1 1AA",Processing,Average product
TXN-20250219-000202,CUSTEU0077,Dr. Richard Anderson,RICHARD.ANDERSON@EXAMPLE.COM,"February 19, 2025 at 10:54AM",ELEC-TABLET-5551,Bose Headphones,$997.39,DEBIT CARD - Mastercard,"9857 Main St, Houston, IL 18333",Cancelled,Arrived damaged 😠
TXN-20260122-000203,CUST-CA-0062,dr. jennifer wilson,,"January 22, 2026 at 9:11AM",BOOK-NONFICTION-7928,Data Science Handbook,49.55,CREDIT CARD,"6140 Main St, Birmingham, UK, L1 1AA",Cancelled,Poor quality 😞
TXN-20250106-000204,CUSTASIA0189,Joseph Martinez,joseph.martinez@shop.com,"January 6, 2025 at 9:24PM",HOME-FURNITURE-9763,Wall Art Decoration,$607.67,PayPal,,Delivered on 12/01/2025,Disappointed 😢
TXN-20250427-000205,CUST-UK-0171,,linda.johnson@test.com,04/27/2025 06:11 PM,HOME-BEDDING-1448,Modern Sofa Set,$972.42,DEBIT CARD - Mastercard,,Cancelled - 28/04/2025,Poor quality 😞
TXN-20240923-000206,CUST-ASIA-0304,Mrs. Sarah Johnson,sarah.johnson@test.com,23/09/2024 23:12,SPORT-WINTER-4747,Yoga Mat Premium,€105.16,credit_card,"1460 High Street, Liverpool, UK, SW1A 1AA",Delivered on 2024-10-03,Disappointed 😢
TXN-20251120-000207,CUST-EU-0105,DR. LINDA WILSON,LINDA.WILSON@SHOP.COM,2025-11-20T10:50:09Z,CLOTH-DRESS-4102,Leather Jacket [L],$293.32,DEBIT CARD - Mastercard,"9551 Oak Road, London, UK, SW1A 1AA",Cancelled,Perfect! 5/5 stars
TXN-20251204-000208,CUST-CA-0217,,,"December 4, 2025 at 4:24PM",SPORT-FITNESS-1087,Basketball Official,,credit_card,"4265 High Street, Chicago, TX 74597",Delivered on 11/12/2025,Amazing! Highly recommend ⭐⭐⭐⭐⭐
TXN-20240429-000209,CUST-UK-0066,mr. linda jones,linda.jones@test.com,"April 29, 2024 at 1:31PM",SPORT-TEAM-8139,Camping Tent 4-Person,€288.95,PayPal,"3001 Oak Road, Los Angeles, TX 44108",Delivered on 2024-05-08,Good value for money
TXN-20250511-000210,CUST-EU-0369,  DR. MARY BROWN  ,mary.brown@test.com,"May 11, 2025 at 7:11PM",SPORT-OUTDOOR-1067,Ski Jacket Waterproof,€141.92,Credit Card (Visa),,Delivered on 2025-05-18,
TXN-20251225-000211,CUST-ASIA-0490,John Garcia,john.garcia@test.com,2025-12-25T16:38:24Z,HOME-KITCHEN-1909,Modern Sofa Set,$405.09,Credit Card (Mastercard),"337 High Street, Leeds, UK, LS1 1AA",Processing,Poor quality 😞
TXN-20240503-000212,CUST-UK-0411,joseph jones,joseph.jones@shop.com,03/05/2024 19:51,BOOK-TEXTBOOK-7931,The Great Gatsby [Paperback],€49.07,Google Pay,"3674 High Street, Leeds, UK, L1 1AA",Delivered on 2024-05-09,
TXN-20250504-000213,CUST-ASIA-0351,Dr. James Miller,james.miller@test.com,04/05/2025 12:05,ELEC-CAMERA-5151,"MacBook Pro 14""",€272.17,Apple Pay,"742 Oak Road, Chicago, AZ 49013",Cancelled,Poor quality 😞
TXN-20240804-000214,CUST-ASIA-0310,  MARY MILLER  ,,04/08/2024 18:39,BOOK-MAGAZINE-8974,Python Programming,96.68,credit_card,,Cancelled - 06/08/2024,Good value for money
TXN-20240714-000215,CUST-UK-0076,Mary Williams,mary.williams@example.com,"July 14, 2024 at 1:06PM",CLOTH-DRESS-7418,Nike Running Shoes - Size 10,€140.90,CREDIT CARD,"4765 Elm Street, Houston, AZ 62386",Cancelled,Perfect! 5/5 stars
TXN-20250813-000216,CUST-ASIA-0033,David Davis,david@,"August 13, 2025 at 11:14AM",CLOTH-SHOES-6633,Leather Jacket [L],£114.96,Google Pay,"2149 Oak Road, Leeds, UK, B1 1AA",Cancelled,Excellent quality 👍
TXN-20251114-000217,CUST-CA-0081,  ms. richard miller  ,RICHARD.MILLER@EXAMPLE.COM,2025-11-14T20:21:27Z,CLOTH-PANTS-9248,Nike Running Shoes - Size 10,£83.47,DEBIT CARD - Mastercard,"5821 Elm Street, Birmingham, UK, M1 1AA",Delivered on 16/11/2025,Disappointed 😢
TXN-20240423-000218,CUST-CA-0401,  linda johnson  ,LINDA.JOHNSON@SHOP.COM,23/04/2024 19:06,HOME-BEDDING-9288,Queen Bedding Set,$521.87,Apple Pay,"108 Elm Street, Chicago, IL 72084",Shipped (est. arrival: April 26),Perfect! 5/5 stars
TXN-20250104-000219,CUST-CA-0386,Mrs. Sarah Williams,,2025-01-04T19:33:04Z,ELEC-CAMERA-3385,iPhone 15 Pro Max (256GB),,Credit Card (Visa),"2474 Main St, Liverpool, UK, B1 1AA",Cancelled,
TXN-20260108-000220,CUSTASIA0466,Michael Rodriguez,michael.rodriguez@test.com,08/01/2026 21:05,BOOK-TEXTBOOK-7627,Data Science Handbook,$45.10,PayPal,"1521 Park Ave, Liverpool, UK, B1 1AA",Shipped (est. arrival: January 11),
TXN-20250706-000221,CUST-ASIA-0397,james johnson,user@domain,"July 6, 2025 at 7:29PM",ELEC-CAMERA-5881,Bose Headphones,£1620.51,CREDIT CARD,"9758 High Street, Chicago, AZ 49216",Cancelled,
TXN-20250612-000222,CUST-ASIA-0422,,robert.lopez@shop.com,"June 12, 2025 at 5:49PM",HOME-LIGHTING-7598,LED Floor Lamp,€888.93,Google Pay,,Cancelled - 14/06/2025,Good value for money
TXN-20250625-000223,CUST-UK-0109,mr. patricia williams,patricia.williams@example.com,06/25/2025 01:23 PM,ELEC-AUDIO-3511,iPhone 15 Pro Max (256GB),$104.56,Credit Card (Visa),"5000 High Street, Manchester, UK, LS1 1AA",Delivered on 28/06/2025,
TXN-20240215-000224,CUST-ASIA-0294,Mrs. Joseph Garcia,joseph.garcia@shop.com,15/02/2024 08:39,BOOK-EBOOK-3440,Python Programming,,Google Pay,"4545 High Street, London, UK, L1 1AA",Processing,Excellent quality 👍
TXN-20251021-000225,CUST-CA-0317,  John Martinez  ,JOHN.MARTINEZ@TEST.COM,10/21/2025 08:38 PM,CLOTH-PANTS-8278,Nike Running Shoes - Size 10,$32.60,Credit Card (Visa),"8650 Main St, New York, NY 43708",Shipped (est. arrival: October 26),
TXN-20240918-000226,CUST-ASIA-0079,  William Williams  ,,2024-09-18T14:52:57Z,CLOTH-SHOES-6311,Summer Dress (M),£76.72,CREDIT CARD,,Cancelled - 20/09/2024,Perfect! 5/5 stars
TXN-20251010-000227,CUST-CA-0138,  William Johnson  ,WILLIAM.JOHNSON@TEST.COM,2025-10-10T16:10:50Z,SPORT-OUTDOOR-3332,Basketball Official,477.49,Google Pay,"4740 High Street, London, UK, SW1A 1AA",Cancelled,Perfect! 5/5 stars
TXN-20241225-000228,CUST-CA-0431,  Robert Lopez  ,robert.lopez@shop.com,12/25/2024 09:21 PM,BOOK-NONFICTION-9270,Python Programming,€77.74,DEBIT CARD - Mastercard,"5598 High Street, Chicago, NY 88579",Delivered on 2025-01-03,
TXN-20240626-000229,CUST-UK-0459,James Johnson,james.johnson@mail.com,26/06/2024 10:49,BOOK-MAGAZINE-6864,Digital Marketing eBook,€10.76,Credit Card (Visa),"3630 Park Ave, Birmingham, UK, M1 1AA",Delivered on 02/07/2024,Disappointed 😢
TXN-20250106-000230,CUST-CA-0253,MRS. SARAH ANDERSON,sarah.anderson@test.com,2025-01-06T17:47:04Z,SPORT-WINTER-3875,Yoga Mat Premium,$468.44,Debit Card - Visa,"3144 Main St, Liverpool, UK, L1 1AA",Processing,Disappointed 😢
TXN-20240103-000231,CUST-US-0329,MRS. EMMA MILLER,emma.miller@mail.com,01/03/2024 10:34 PM,ELEC-LAPTOP-1769,"MacBook Pro 14""",$814.12,Credit Card (Visa),"3697 Oak Road, London, UK, M1 1AA",Shipped (est. arrival: January 07),Excellent quality 👍
TXN20251003000232,CUST-US-0222,DR. WILLIAM GARCIA,,03/10/2025 18:48,SPORT-OUTDOOR-2194,Ski Jacket Waterproof,$299.99,Apple Pay,,Cancelled - 03/10/2025,Excellent quality 👍
TXN-20240414-000233,CUST-UK-0151,MRS. JENNIFER WILSON,jennifer@,2024-04-14T18:43:50Z,BOOK-EBOOK-2659,Python Programming,£56.55,Credit Card (Mastercard),"9714 High Street, Liverpool, UK, M1 1AA",Processing,Disappointed 😢
TXN-20260112-000234,CUST-EU-0096,John Smith,john.smith@email.com,"January 12, 2026 at 5:18PM",CLOTH-PANTS-8692,Summer Dress (M),$164.95,CREDIT CARD,,Processing,Disappointed 😢
TXN-20251212-000235,CUST-ASIA-0355,dr. jennifer garcia,jennifer.garcia@example.com,"December 12, 2025 at 11:30AM",CLOTH-PANTS-8643,Cotton T-Shirt,€248.10,Credit Card (Visa),"5945 Main St, New York, AZ 56908",Shipped (est. arrival: December 17),
TXN-20250103-000236,CUST-EU-0016,Dr. Robert Brown,ROBERT.BROWN@SHOP.COM,2025-01-03T14:50:56Z,HOME-FURNITURE-1343,Wall Art Decoration,$1406.09,DEBIT CARD - Mastercard,"2808 Elm Street, Leeds, UK, SW1A 1AA",Delivered on 07/01/2025,
TXN-20240713-000237,CUST-ASIA-0192,,william.brown@email.com,2024-07-13T23:56:31Z,ELEC-TABLET-3071,Bose Headphones,€208.75,credit_card,"8334 Oak Road, Phoenix, IL 94550",Cancelled - 13/07/2024,Disappointed 😢
TXN-20260102-000238,CUST-ASIA-0243,WILLIAM WILSON,william.wilson@mail.com,01/02/2026 09:53 AM,HOME-BEDDING-7178,LED Floor Lamp,$154.60,PayPal,"9568 Oak Road, Phoenix, IL 77143",Cancelled - 03/01/2026,
TXN20241120000239,CUST-EU-0227,MARY GARCIA,,11/20/2024 01:34 PM,CLOTH-SHIRT-2942,Nike Running Shoes - Size 10,$209.03,Debit Card - Visa,,Delivered on 2024-11-26,Perfect! 5/5 stars
TXN-20250219-000240,CUST-US-0388,james wilson,james.wilson@shop.com,2025-02-19T20:20:54Z,SPORT-WATER-8559,Basketball Official,€390.81,CREDIT CARD,"494 Main St, Los Angeles, IL 85695",Cancelled,Perfect! 5/5 stars
TXN-20250311-000241,CUST-CA-0207,jennifer smith,jennifer.smith@email.com,11/03/2025 11:25,SPORT-WINTER-7404,Diving Gear Set,$114.46,Debit Card - Visa,"1528 Main St, Phoenix, CA 98458",Cancelled - 11/03/2025,
TXN-20250130-000242,CUST-ASIA-0120,mary davis,mary.davis@mail.com,"January 30, 2025 at 7:24PM",CLOTH-JACKET-7855,Leather Jacket [L],$56.38,Google Pay,"2602 Park Ave, Liverpool, UK, M1 1AA",Cancelled - 31/01/2025,Disappointed 😢
TXN-20240306-000243,CUST-EU-0310,Ms. Joseph Martinez,joseph.martinez@email.com,03/06/2024 08:54 PM,HOME-KITCHEN-7407,LED Floor Lamp,£293.98,credit_card,"9317 Park Ave, Los Angeles, CA 15723",Processing,Excellent quality 👍
TXN-20251215-000244,CUST-UK-0466,,RICHARD.RODRIGUEZ@EMAIL.COM,15/12/2025 04:40,CLOTH-JACKET-1731,Leather Jacket [L],$149.33,Apple Pay,"619 Oak Road, Los Angeles, IL 25031",Cancelled - 16/12/2025,Average product
TXN-20251231-000245,CUST-ASIA-0421,  robert anderson  ,robert.anderson@mail.com,2025-12-31T13:13:45Z,ELEC-TABLET-3514,Sony Camera A7,1366.34,CREDIT CARD,"1685 Elm Street, Houston, NY 50412",Delivered on 02/01/2026,Average product
TXN-20250118-000246,CUSTUK0009,john garcia,john.garcia@example.com,01/18/2025 04:52 PM,CLOTH-PANTS-1721,Leather Jacket [L],£195.50,Apple Pay,"1980 High Street, Chicago, IL 23878",Delivered on 26/01/2025,
TXN-20240805-000247,CUST-ASIA-0034,Emma Smith,EMMA.SMITH@MAIL.COM,"August 5, 2024 at 10:38PM",SPORT-WINTER-3809,Basketball Official,$355.75,DEBIT CARD - Mastercard,"7900 Oak Road, Phoenix, AZ 12313",Cancelled,Arrived damaged 😠
TXN-20251222-000248,CUST-US-0316,patricia miller,patricia.miller@email.com,"December 22, 2025 at 9:20AM",ELEC-LAPTOP-8270,"MacBook Pro 14""",€127.23,Credit Card (Visa),"3753 Park Ave, Birmingham, UK, M1 1AA",Shipped (est. arrival: December 29),
TXN-20251111-000249,CUST-EU-0357,MR. DAVID RODRIGUEZ,DAVID.RODRIGUEZ@EXAMPLE.COM,11/11/2025 09:11,CLOTH-SHIRT-3318,Levis Jeans 32x34,,Google Pay,"5104 High Street, Los Angeles, TX 35891",Shipped (est. arrival: November 16),Disappointed 😢
TXN-20251012-000250,CUST-ASIA-0487,Ms. Robert Davis,robert.davis@shop.com,12/10/2025 19:58,ELEC-CAMERA-8002,iPhone 15 Pro Max (256GB),$347.96,Google Pay,"4641 Park Ave, Houston, NY 89432",Shipped (est. arrival: October 18),Average product
TXN20240105000251,CUST-ASIA-0257,Mrs. Joseph Miller,joseph.miller@test.com,"January 5, 2024 at 7:16PM",ELEC-CAMERA-3660,Samsung Galaxy S24,£1458.38,DEBIT CARD - Mastercard,"946 Oak Road, Manchester, UK, M1 1AA",Cancelled,Great product! 5 stars ⭐⭐⭐⭐⭐
TXN-20251215-000252,CUST-UK-0310,Robert Jones,ROBERT.JONES@EXAMPLE.COM,2025-12-15T21:56:27Z,BOOK-EBOOK-2316,Business Magazine,,Apple Pay,"9603 Elm Street, New York, NY 63950",Processing,Amazing! Highly recommend ⭐⭐⭐⭐⭐
TXN-20240802-000253,CUSTASIA0204,  MS. ROBERT ANDERSON  ,robert.anderson@mail.com,08/02/2024 10:08 AM,BOOK-NONFICTION-3890,Python Programming,$55.24,credit_card,"3293 Oak Road, Los Angeles, IL 33950",Cancelled,
TXN-20251013-000254,CUST-US-0194,  Emma Smith  ,emma.smith@example.com,13/10/2025 16:00,SPORT-FITNESS-2586,Camping Tent 4-Person,$493.78,DEBIT CARD - Mastercard,"9903 High Street, Chicago, IL 58599",Processing,Perfect! 5/5 stars
TXN-20250917-000255,CUST-ASIA-0183,  Mrs. John Davis  ,john.davis@test.com,17/09/2025 19:55,CLOTH-DRESS-8404,Cotton T-Shirt,,DEBIT CARD - Mastercard,"273 Main St, Birmingham, UK, LS1 1AA",Shipped (est. arrival: September 24),Arrived damaged 😠
TXN-20240324-000256,CUST-UK-0483,  linda lopez  ,linda.lopez@shop.com,24/03/2024 20:19,SPORT-FITNESS-3094,Diving Gear Set,€285.65,Credit Card (Mastercard),"7900 High Street, Manchester, UK, M1 1AA",Shipped (est. arrival: March 27),
TXN20260102000257,CUST-ASIA-0476,Richard Jones,richard.jones@example.com,02/01/2026 22:49,BOOK-FICTION-6452,Data Science Handbook,€67.96,Apple Pay,"9207 Oak Road, Manchester, UK, M1 1AA",Processing,
TXN-20240330-000258,CUST-EU-0304,MR. MARY MARTINEZ,MARY.MARTINEZ@MAIL.COM,"March 30, 2024 at 8:27PM",ELEC-AUDIO-9775,Samsung Galaxy S24,$1605.16,PayPal,"1747 High Street, Houston, IL 80555",Processing,Disappointed 😢
TXN-20251127-000259,CUST-US-0075,,,"November 27, 2025 at 11:21PM",BOOK-TEXTBOOK-7171,The Great Gatsby [Paperback],,credit_card,"7988 Park Ave, Manchester, UK, SW1A 1AA",Cancelled - 28/11/2025,Not worth the price
TXN-20250204-000260,CUST-ASIA-0271,MRS. JOSEPH BROWN,JOSEPH.BROWN@TEST.COM,02/04/2025 09:44 AM,HOME-BEDDING-3681,LED Floor Lamp,$242.89,Credit Card (Visa),"5935 Elm Street, London, UK, M1 1AA",Cancelled,Great product! 5 stars ⭐⭐⭐⭐⭐
TXN-20240408-000261,CUST-EU-0243,Mr. Mary Rodriguez,,04/08/2024 10:41 PM,BOOK-EBOOK-5959,Business Magazine,$72.26,Apple Pay,,Delivered on 2024-04-11,Good value for money
TXN-20240818-000262,CUST-UK-0294,Patricia Johnson,PATRICIA.JOHNSON@EMAIL.COM,18/08/2024 20:01,ELEC-AUDIO-4029,Sony Camera A7,£1096.01,CREDIT CARD,"2034 High Street, London, UK, M1 1AA",Shipped (est. arrival: August 21),Not worth the price
TXN-20240505-000263,CUST-EU-0335,  MICHAEL ANDERSON  ,michael.anderson@email.com,"May 5, 2024 at 6:33AM",BOOK-FICTION-5068,Python Programming,€69.32,DEBIT CARD - Mastercard,"8564 Park Ave, Liverpool, UK, L1 1AA",Shipped (est. arrival: May 08),
TXN-20240830-000264,CUST-ASIA-0073,sarah williams,SARAH.WILLIAMS@MAIL.COM,08/30/2024 07:16 AM,BOOK-NONFICTION-7554,Digital Marketing eBook,£72.51,Debit Card - Visa,"3157 Elm Street, Liverpool, UK, L1 1AA",Shipped (est. arrival: September 05),Not worth the price
TXN-20250320-000265,CUST-CA-0494,Michael Johnson,michael.johnson@example.com,03/20/2025 01:24 AM,HOME-DECOR-4698,Kitchen Mixer,,Debit Card - Visa,"9648 Oak Road, London, UK, L1 1AA",Processing,Amazing! Highly recommend ⭐⭐⭐⭐⭐
TXN-20250718-000266,CUST-US-0051,Richard Miller,richard.miller@test.com,2025-07-18T01:32:45Z,BOOK-EBOOK-3090,Python Programming,€21.37,DEBIT CARD - Mastercard,"4082 Oak Road, Leeds, UK, M1 1AA",Cancelled,Amazing! Highly recommend ⭐⭐⭐⭐⭐
TXN-20250314-000267,CUST-EU-0368,  Dr. Linda Johnson  ,LINDA.JOHNSON@EXAMPLE.COM,03/14/2025 07:35 PM,ELEC-LAPTOP-1940,iPhone 15 Pro Max (256GB),€1754.99,credit_card,"7859 Oak Road, Phoenix, NY 99800",Delivered on 19/03/2025,Perfect! 5/5 stars
TXN-20251220-000268,CUST-CA-0339,Ms. John Martinez,JOHN.MARTINEZ@TEST.COM,12/20/2025 10:27 PM,HOME-DECOR-9416,Kitchen Mixer,$578.73,CREDIT CARD,"1932 High Street, Chicago, IL 73324",Delivered on 2025-12-28,Good value for money
TXN-20240206-000269,CUST-CA-0457,John Garcia,john.garcia@example.com,06/02/2024 14:12,BOOK-TEXTBOOK-1145,The Great Gatsby [Paperback],€90.87,credit_card,"4099 Park Ave, Chicago, IL 61820",Cancelled,Disappointed 😢
TXN-20251103-000270,CUSTUK0182,JOSEPH ANDERSON,,11/03/2025 10:17 PM,ELEC-LAPTOP-4260,Sony Camera A7,$1122.74,Apple Pay,"8223 Oak Road, Manchester, UK, SW1A 1AA",Delivered on 2025-11-05,Great product! 5 stars ⭐⭐⭐⭐⭐
TXN-20251201-000271,CUST-UK-0176,  mrs. patricia smith  ,PATRICIA.SMITH@MAIL.COM,"December 1, 2025 at 7:55PM",SPORT-OUTDOOR-5087,Basketball Official,€142.49,Credit Card (Mastercard),"8231 High Street, Liverpool, UK, M1 1AA",Shipped (est. arrival: December 04),
TXN-20240209-000272,CUST-EU-0099,Jennifer Brown,jennifer.brown@shop.com,02/09/2024 12:17 PM,ELEC-AUDIO-7997,iPhone 15 Pro Max (256GB),€734.50,credit_card,"670 Park Ave, Chicago, CA 96563",Cancelled,
TXN-20240708-000273,CUST-ASIA-0252,  Mary Johnson  ,mary.johnson@email.com,07/08/2024 06:13 PM,SPORT-WINTER-7088,Camping Tent 4-Person,,Credit Card (Visa),"9611 High Street, Manchester, UK, LS1 1AA",Delivered on 11/07/2024,Amazing! Highly recommend ⭐⭐⭐⭐⭐
TXN-20260112-000274,CUST-EU-0390,ROBERT SMITH,robert.smith@email.com,01/12/2026 06:07 PM,SPORT-TEAM-6996,Diving Gear Set,£254.34,Credit Card (Visa),"2736 High Street, Birmingham, UK, SW1A 1AA",Delivered on 17/01/2026,Good value for money
TXN-20250609-000275,CUST-UK-0085,  mrs. david rodriguez  ,david.rodriguez@shop.com,06/09/2025 07:33 PM,ELEC-AUDIO-8461,Bose Headphones,$479.66,Credit Card (Visa),,Processing,Great product! 5 stars ⭐⭐⭐⭐⭐
TXN-20251019-000276,CUST-US-0060,Mr. William Martinez,,10/19/2025 06:00 PM,SPORT-TEAM-6318,Yoga Mat Premium,$371.98,CREDIT CARD,"9557 Elm Street, Chicago, AZ 60067",Shipped (est. arrival: October 25),Amazing! Highly recommend ⭐⭐⭐⭐⭐
TXN-20240727-000277,CUST-UK-0386,  Mrs. Sarah Lopez  ,sarah.lopez@shop.com,2024-07-27T18:01:19Z,CLOTH-PANTS-9036,Levis Jeans 32x34,€69.77,credit_card,"1181 Elm Street, Houston, NY 69640",Shipped (est. arrival: July 30),Perfect! 5/5 stars
TXN20250128000278,CUST-US-0424,  WILLIAM SMITH  ,william.smith@shop.com,2025-01-28T20:05:12Z,ELEC-PHONE-9886,"MacBook Pro 14""",€1531.36,Google Pay,"2532 Main St, Chicago, AZ 81241",Delivered on 2025-01-30,Good value for money
TXN-20250301-000279,CUST-EU-0013,DR. ROBERT GARCIA,robert.garcia@mail.com,2025-03-01T11:18:22Z,ELEC-CAMERA-3778,iPhone 15 Pro Max (256GB),$700.76,Credit Card (Visa),"9905 Elm Street, Phoenix, IL 66181",Shipped (est. arrival: March 07),Amazing! Highly recommend ⭐⭐⭐⭐⭐
TXN-20251001-000280,CUST-ASIA-0054,  Dr. William Garcia  ,,"October 1, 2025 at 3:50PM",CLOTH-DRESS-3421,Leather Jacket [L],$248.10,Debit Card - Visa,"2371 Park Ave, Los Angeles, TX 26716",Processing,Disappointed 😢
TXN-20251211-000281,CUST-ASIA-0326,Mrs. William Brown,WILLIAM.BROWN@TEST.COM,11/12/2025 17:44,ELEC-AUDIO-7911,Bose Headphones,$1421.03,Credit Card (Visa),,Processing,Poor quality 😞
TXN-20241028-000282,CUST-UK-0283,linda brown,LINDA.BROWN@SHOP.COM,"October 28, 2024 at 6:04PM",BOOK-TEXTBOOK-1886,The Great Gatsby [Paperback],$88.34,PayPal,"1263 Oak Road, Los Angeles, CA 64590",Shipped (est. arrival: November 04),Amazing! Highly recommend ⭐⭐⭐⭐⭐
TXN-20250426-000283,CUST-US-0401,,robert.smith@mail.com,04/26/2025 04:45 PM,BOOK-MAGAZINE-5227,Business Magazine,$24.11,credit_card,,Delivered on 2025-05-05,Perfect! 5/5 stars
TXN-20250124-000284,CUST-ASIA-0412,SARAH JONES,sarah@,"January 24, 2025 at 11:00AM",CLOTH-JACKET-2744,Nike Running Shoes - Size 10,72.57,Debit Card - Visa,"1394 Elm Street, London, UK, L1 1AA",Cancelled - 24/01/2025,
TXN-20241112-000285,CUST-UK-0145,,emma.wilson@example.com,11/12/2024 03:50 AM,SPORT-FITNESS-9227,Camping Tent 4-Person,$437.69,Google Pay,"1291 Main St, Manchester, UK, M1 1AA",Shipped (est. arrival: November 16),Good value for money
TXN-20250612-000286,CUST-CA-0312,Emma Davis,user@domain,12/06/2025 17:09,BOOK-NONFICTION-4421,Business Magazine,$54.78,CREDIT CARD,"1429 Park Ave, Chicago, CA 69612",Shipped (est. arrival: June 15),Not worth the price
TXN-20241227-000287,CUST-UK-0396,  ms. lisa jones  ,lisa.jones@test.com,12/27/2024 09:08 PM,HOME-BEDDING-7701,LED Floor Lamp,,CREDIT CARD,"7375 Main St, New York, AZ 99463",Shipped (est. arrival: January 03),
TXN-20240417-000288,CUST-CA-0082,Mrs. Mary Brown,mary.brown@mail.com,04/17/2024 07:58 PM,BOOK-FICTION-2406,Data Science Handbook,€48.98,Google Pay,,Cancelled,
TXN-20251017-000289,CUST-UK-0308,mrs. richard garcia,richard.garcia@example.com,2025-10-17T09:17:25Z,HOME-KITCHEN-3885,Modern Sofa Set,€1314.45,Debit Card - Visa,"3016 Main St, Leeds, UK, B1 1AA",Processing,Not worth the price
TXN-20250305-000290,CUST-EU-0275,,david.garcia@shop.com,"March 5, 2025 at 2:57AM",SPORT-OUTDOOR-6304,Basketball Official,$262.24,Apple Pay,"4306 Main St, Leeds, UK, M1 1AA",Cancelled,
TXN-20240811-000291,CUST-CA-0357,,jennifer.miller@test.com,11/08/2024 16:55,HOME-FURNITURE-5947,Kitchen Mixer,,CREDIT CARD,"6978 Park Ave, London, UK, M1 1AA",Cancelled - 12/08/2024,Poor quality 😞
TXN-20250709-000292,CUST-UK-0146,  Patricia Martinez  ,patricia.martinez@example.com,"July 9, 2025 at 6:32PM",BOOK-MAGAZINE-9924,The Great Gatsby [Paperback],€70.09,CREDIT CARD,"6244 Oak Road, New York, IL 71548",Cancelled,
TXN-20250118-000293,CUST-ASIA-0138,mrs. joseph wilson,invalid-email,2025-01-18T10:36:27Z,HOME-LIGHTING-6201,Kitchen Mixer,$1461.03,Credit Card (Visa),"9468 Oak Road, Houston, CA 93397",Processing,
TXN-20240824-000294,CUST-US-0259,dr. richard miller,richard.miller@example.com,24/08/2024 19:58,SPORT-OUTDOOR-1455,Ski Jacket Waterproof,$37.01,DEBIT CARD - Mastercard,"3057 Elm Street, Chicago, CA 39065",Shipped (est. arrival: August 30),Great product! 5 stars ⭐⭐⭐⭐⭐
TXN-20241008-000295,CUST-CA-0012,MARY DAVIS,mary.davis@shop.com,2024-10-08T15:01:26Z,HOME-DECOR-7402,Modern Sofa Set,$1440.05,DEBIT CARD - Mastercard,,Shipped (est. arrival: October 15),Great product! 5 stars ⭐⭐⭐⭐⭐
TXN-20240430-000296,CUST-UK-0178,JENNIFER RODRIGUEZ,,"April 30, 2024 at 11:23AM",ELEC-AUDIO-9384,Samsung Galaxy S24,$107.52,credit_card,"4385 Elm Street, New York, IL 36114",Processing,Disappointed 😢
TXN-20250322-000297,CUST-ASIA-0099,dr. william anderson,william.anderson@test.com,03/22/2025 05:17 PM,BOOK-EBOOK-8309,Digital Marketing eBook,€19.68,DEBIT CARD - Mastercard,"1053 Elm Street, Phoenix, IL 14424",Cancelled,Good value for money
TXN-20241226-000298,CUST-ASIA-0415,ROBERT GARCIA,robert.garcia@email.com,12/26/2024 11:36 AM,ELEC-TABLET-1178,"MacBook Pro 14""",,CREDIT CARD,"3563 Elm Street, Phoenix, NY 46444",Cancelled,Not worth the price
TXN-20240721-000299,CUST-US-0256,,DAVID.JOHNSON@SHOP.COM,"July 21, 2024 at 9:25AM",SPORT-FITNESS-8565,Basketball Official,461.07,Google Pay,"1559 Oak Road, Birmingham, UK, B1 1AA",Processing,
TXN-20240322-000300,CUST-UK-0161,,DAVID.JONES@EMAIL.COM,22/03/2024 08:20,CLOTH-SHIRT-1170,Levis Jeans 32x34,$141.99,DEBIT CARD - Mastercard,,Delivered on 24/03/2024,
TXN-20241203-000301,CUST-ASIA-0195,MS. JOSEPH WILLIAMS,joseph.williams@shop.com,03/12/2024 16:36,BOOK-EBOOK-3004,Business Magazine,$97.87,Credit Card (Mastercard),"4323 Main St, Birmingham, UK, L1 1AA",Shipped (est. arrival: December 07),
TXN-20250521-000302,CUST-EU-0007,MS. DAVID BROWN,david.brown@test.com,2025-05-21T20:06:58Z,HOME-KITCHEN-8438,Wall Art Decoration,€1377.54,CREDIT CARD,"3327 High Street, London, UK, B1 1AA",Cancelled,Arrived damaged 😠
TXN-20251025-000303,CUSTEU0057,DR. LISA WILLIAMS,LISA.WILLIAMS@MAIL.COM,10/25/2025 11:25 AM,SPORT-FITNESS-6806,Diving Gear Set,183.53,Apple Pay,"6924 Elm Street, Houston, CA 34831",Processing,Disappointed 😢
TXN-20250615-000304,CUST-EU-0331,Sarah Johnson,SARAH.JOHNSON@TEST.COM,"June 15, 2025 at 8:46AM",SPORT-WATER-7421,Diving Gear Set,$152.43,Debit Card - Visa,"9770 Elm Street, New York, CA 10407",Cancelled - 17/06/2025,Average product
TXN-20240623-000305,CUST-ASIA-0096,ms. robert smith,robert.smith@example.com,2024-06-23T17:31:55Z,ELEC-AUDIO-6769,Sony Camera A7,$263.30,PayPal,"8607 High Street, London, UK, SW1A 1AA",Processing,Not worth the price
TXN-20250408-000306,CUST-CA-0180,Mr. Lisa Jones,lisa.jones@email.com,2025-04-08T19:46:40Z,SPORT-WATER-2847,Basketball Official,$489.85,Google Pay,"507 Main St, Chicago, CA 66455",Shipped (est. arrival: April 14),Amazing! Highly recommend ⭐⭐⭐⭐⭐
TXN-20251003-000307,CUST-CA-0231,Mr. Joseph Hernandez,JOSEPH.HERNANDEZ@EMAIL.COM,"October 3, 2025 at 8:36PM",SPORT-TEAM-3014,Diving Gear Set,$161.99,Google Pay,"2462 Park Ave, Liverpool, UK, L1 1AA",Shipped (est. arrival: October 08),Excellent quality 👍
TXN-20241028-000308,CUST-CA-0145,  Lisa Jones  ,lisa.jones@email.com,2024-10-28T19:09:46Z,SPORT-WINTER-3540,Yoga Mat Premium,302.98,DEBIT CARD - Mastercard,"4076 Oak Road, Leeds, UK, LS1 1AA",Delivered on 03/11/2024,Poor quality 😞
TXN-20250731-000309,CUST-ASIA-0449,ROBERT HERNANDEZ,ROBERT.HERNANDEZ@SHOP.COM,07/31/2025 02:56 PM,SPORT-WATER-9942,Camping Tent 4-Person,€90.84,DEBIT CARD - Mastercard,,Delivered on 2025-08-10,Excellent quality 👍
TXN-20240523-000310,CUST-EU-0155,DR. EMMA WILLIAMS,EMMA.WILLIAMS@SHOP.COM,2024-05-23T06:53:41Z,SPORT-WATER-1890,Yoga Mat Premium,$307.31,Credit Card (Visa),"1990 Elm Street, London, UK, M1 1AA",Shipped (est. arrival: May 30),Disappointed 😢
TXN-20240519-000311,CUST-EU-0437,,user@domain,"May 19, 2024 at 11:30AM",ELEC-AUDIO-2587,Samsung Galaxy S24,$915.44,Google Pay,,Cancelled,Great product! 5 stars ⭐⭐⭐⭐⭐
TXN-20240708-000312,CUST-EU-0382,,patricia.lopez@test.com,2024-07-08T14:27:09Z,BOOK-EBOOK-2758,Digital Marketing eBook,£51.14,Credit Card (Visa),"7283 Oak Road, Los Angeles, TX 56494",Processing,
TXN-20240611-000313,CUST-CA-0439,  mrs. joseph lopez  ,joseph.lopez@test.com,06/11/2024 07:53 AM,CLOTH-DRESS-5963,Leather Jacket [L],,CREDIT CARD,"8609 Park Ave, Phoenix, AZ 52477",Cancelled - 11/06/2024,Poor quality 😞
TXN-20240825-000314,CUST-UK-0479,SARAH WILSON,sarah.wilson@mail.com,08/25/2024 05:47 AM,ELEC-PHONE-5103,iPhone 15 Pro Max (256GB),$779.93,Google Pay,"6188 High Street, Phoenix, AZ 93544",Shipped (est. arrival: August 30),Amazing! Highly recommend ⭐⭐⭐⭐⭐
TXN-20240818-000315,CUST-CA-0417,Sarah Johnson,sarah.johnson@shop.com,"August 18, 2024 at 1:43PM",BOOK-MAGAZINE-9955,The Great Gatsby [Paperback],£75.55,Google Pay,"8206 Main St, Phoenix, CA 91065",Cancelled,Arrived damaged 😠
TXN-20240321-000316,CUST-ASIA-0265,Lisa Brown,LISA.BROWN@EMAIL.COM,"March 21, 2024 at 7:36AM",HOME-FURNITURE-3586,Kitchen Mixer,£1399.76,CREDIT CARD,"1817 Park Ave, London, UK, SW1A 1AA",Processing,Average product
TXN-20241208-000317,CUST-ASIA-0419,William Smith,,2024-12-08T17:39:59Z,ELEC-TABLET-2159,Sony Camera A7,1125.28,Credit Card (Visa),"8137 Park Ave, Leeds, UK, LS1 1AA",Processing,Average product
TXN-20240122-000318,CUST-EU-0014,linda miller,,01/22/2024 09:57 PM,CLOTH-SHIRT-8175,Nike Running Shoes - Size 10,116.08,Credit Card (Visa),"3722 Main St, Phoenix, NY 80283",Shipped (est. arrival: January 25),
TXN-20240509-000319,CUST-US-0145,jennifer hernandez,JENNIFER.HERNANDEZ@EXAMPLE.COM,05/09/2024 09:54 PM,SPORT-OUTDOOR-9108,Basketball Official,$168.79,PayPal,"8632 Park Ave, Liverpool, UK, L1 1AA",Delivered on 2024-05-11,Arrived damaged 😠
TXN-20250512-000320,CUST-EU-0105,dr. james brown,invalid-email,05/12/2025 03:02 PM,BOOK-EBOOK-2871,The Great Gatsby [Paperback],$44.58,Apple Pay,"8116 Main St, Houston, TX 60146",Shipped (est. arrival: May 16),Perfect! 5/5 stars
TXN-20250629-000321,CUST-ASIA-0278,Mr. Joseph Martinez,JOSEPH.MARTINEZ@TEST.COM,"June 29, 2025 at 8:35PM",SPORT-WATER-8004,Yoga Mat Premium,$467.92,Google Pay,"6945 Elm Street, Liverpool, UK, B1 1AA",Shipped (est. arrival: July 05),Average product
TXN-20240515-000322,CUST-ASIA-0144,Dr. Sarah Wilson,SARAH.WILSON@EMAIL.COM,05/15/2024 05:20 PM,SPORT-FITNESS-3036,Basketball Official,109.92,Credit Card (Visa),"5878 Main St, Los Angeles, TX 82955",Delivered on 21/05/2024,Excellent quality 👍
TXN-20250327-000323,CUST-ASIA-0393,lisa williams,lisa.williams@example.com,2025-03-27T13:35:45Z,CLOTH-JACKET-8214,Cotton T-Shirt,,DEBIT CARD - Mastercard,"8855 Elm Street, Manchester, UK, B1 1AA",Delivered on 30/03/2025,
TXN-20240320-000324,CUST-CA-0167,MRS. LINDA HERNANDEZ,linda.hernandez@email.com,2024-03-20T15:18:39Z,HOME-KITCHEN-7686,Kitchen Mixer,$571.40,Credit Card (Visa),"1741 Park Ave, Liverpool, UK, L1 1AA",Processing,
TXN-20250819-000325,CUST-EU-0372,William Johnson,william.johnson@test.com,19/08/2025 17:42,SPORT-FITNESS-9646,Yoga Mat Premium,$175.55,PayPal,"5386 Park Ave, Los Angeles, TX 57443",Delivered on 2025-08-24,Perfect! 5/5 stars
TXN-20250105-000326,CUST-ASIA-0040,ms. jennifer brown,JENNIFER.BROWN@SHOP.COM,01/05/2025 12:18 PM,BOOK-MAGAZINE-3263,Business Magazine,€17.34,Google Pay,"3246 Oak Road, London, UK, M1 1AA",Delivered on 2025-01-13,
TXN-20240413-000327,CUST-US-0221,Mrs. Mary Williams,,"April 13, 2024 at 7:58AM",HOME-KITCHEN-2765,Modern Sofa Set,€1368.69,Google Pay,"2206 Elm Street, Liverpool, UK, SW1A 1AA",Shipped (est. arrival: April 16),Not worth the price
TXN-20251121-000328,CUST-EU-0225,JENNIFER JONES,jennifer.jones@example.com,2025-11-21T13:20:48Z,SPORT-WINTER-7990,Basketball Official,$93.02,DEBIT CARD - Mastercard,"1630 Park Ave, New York, IL 31704",Cancelled - 22/11/2025,Amazing! Highly recommend ⭐⭐⭐⭐⭐
TXN-20250912-000329,CUST-EU-0474,  Robert Johnson  ,,09/12/2025 03:52 PM,SPORT-WINTER-4197,Yoga Mat Premium,£158.87,credit_card,,Cancelled - 13/09/2025,
TXN-20241012-000330,CUST-EU-0041,MR. EMMA WILLIAMS,EMMA.WILLIAMS@TEST.COM,10/12/2024 10:50 PM,HOME-FURNITURE-8100,Modern Sofa Set,$1266.90,PayPal,"2243 High Street, Manchester, UK, B1 1AA",Cancelled - 12/10/2024,Disappointed 😢
TXN-20241016-000331,CUST-CA-0046,Patricia Brown,user@domain,16/10/2024 11:22,HOME-LIGHTING-7230,LED Floor Lamp,$1432.87,Google Pay,"8032 Oak Road, Liverpool, UK, B1 1AA",Cancelled - 17/10/2024,
TXN-20241021-000332,CUST-UK-0127,,lisa.garcia@mail.com,"October 21, 2024 at 12:32PM",SPORT-WATER-4847,Yoga Mat Premium,,DEBIT CARD - Mastercard,"6738 Park Ave, Houston, TX 67927",Delivered on 2024-10-27,
TXN-20241111-000333,CUST-EU-0449,Richard Hernandez,richard.hernandez@test.com,11/11/2024 21:49,ELEC-CAMERA-2478,"MacBook Pro 14""",£1327.12,credit_card,"8777 Park Ave, Chicago, CA 40059",Processing,Good value for money
TXN-20260120-000334,CUST-US-0007,,RICHARD.RODRIGUEZ@EMAIL.COM,01/20/2026 08:24 PM,CLOTH-SHIRT-5463,Nike Running Shoes - Size 10,249.12,CREDIT CARD,"6806 Main St, Phoenix, CA 81001",Cancelled,Not worth the price
TXN-20250311-000335,CUST-ASIA-0012,,sarah.johnson@mail.com,2025-03-11T21:34:32Z,SPORT-TEAM-8919,Basketball Official,€33.18,CREDIT CARD,"1775 High Street, New York, TX 85743",Cancelled - 12/03/2025,
TXN-20241114-000336,CUST-US-0500,ms. robert brown,robert.brown@mail.com,"November 14, 2024 at 2:47PM",CLOTH-SHIRT-9084,Summer Dress (M),£30.22,Debit Card - Visa,"3428 Oak Road, Liverpool, UK, LS1 1AA",Processing,Average product
TXN-20241125-000337,CUST-US-0285,  David Lopez  ,,11/25/2024 10:51 AM,ELEC-PHONE-7949,Sony Camera A7,1510.54,Credit Card (Mastercard),"7135 Park Ave, Liverpool, UK, B1 1AA",Processing,Poor quality 😞
TXN-20240524-000338,CUST-EU-0351,dr. patricia garcia,patricia.garcia@shop.com,"May 24, 2024 at 10:30AM",BOOK-FICTION-6205,Digital Marketing eBook,10.50,Google Pay,"5424 High Street, Houston, AZ 91916",Delivered on 31/05/2024,Not worth the price
TXN-20251005-000339,CUST-UK-0467,,MICHAEL.GARCIA@SHOP.COM,05/10/2025 17:08,CLOTH-DRESS-3921,Summer Dress (M),€200.55,Debit Card - Visa,"7757 Main St, Los Angeles, CA 10350",Shipped (est. arrival: October 09),
TXN-20241127-000340,CUST-CA-0071,  Ms. David Hernandez  ,david.hernandez@test.com,27/11/2024 13:05,BOOK-TEXTBOOK-6107,Business Magazine,$29.25,credit_card,"7164 Oak Road, Birmingham, UK, SW1A 1AA",Cancelled - 29/11/2024,
TXN-20250109-000341,CUST-ASIA-0395,sarah martinez,sarah.martinez@example.com,01/09/2025 08:23 AM,CLOTH-SHIRT-6085,Summer Dress (M),£278.04,Google Pay,"6526 Elm Street, Chicago, NY 43166",Delivered on 18/01/2025,Disappointed 😢
TXN-20240626-000342,CUST-CA-0448,John Garcia,JOHN.GARCIA@SHOP.COM,2024-06-26T18:03:20Z,BOOK-FICTION-1918,Digital Marketing eBook,$58.97,DEBIT CARD - Mastercard,,Delivered on 2024-07-04,
TXN-20240307-000343,CUST-CA-0390,  michael johnson  ,michael.johnson@test.com,07/03/2024 13:21,ELEC-TABLET-5485,Bose Headphones,1407.77,Credit Card (Mastercard),"2991 High Street, Birmingham, UK, L1 1AA",Delivered on 11/03/2024,Not worth the price
TXN-20250416-000344,CUST-EU-0371,William Hernandez,WILLIAM.HERNANDEZ@MAIL.COM,"April 16, 2025 at 11:12AM",CLOTH-JACKET-6169,Leather Jacket [L],$69.59,Credit Card (Mastercard),"8027 Oak Road, Chicago, AZ 57659",Shipped (est. arrival: April 19),Arrived damaged 😠
TXN-20250129-000345,CUST-EU-0292,DR. DAVID GARCIA,david.garcia@test.com,2025-01-29T12:29:16Z,HOME-FURNITURE-9409,Wall Art Decoration,$199.49,DEBIT CARD - Mastercard,"6100 Elm Street, London, UK, B1 1AA",Delivered on 05/02/2025,
TXN-20250307-000346,CUST-US-0173,  emma jones  ,emma.jones@test.com,03/07/2025 11:23 AM,BOOK-EBOOK-8759,Data Science Handbook,$71.07,PayPal,"8307 Oak Road, Chicago, AZ 65822",Delivered on 11/03/2025,
TXN-20251215-000347,CUST-CA-0498,,robert.hernandez@shop.com,12/15/2025 10:11 AM,CLOTH-SHOES-1013,Levis Jeans 32x34,$71.69,credit_card,"9099 Park Ave, London, UK, LS1 1AA",Shipped (est. arrival: December 20),
TXN-20250717-000348,CUST-EU-0358,  Ms. William Miller  ,william.miller@shop.com,07/17/2025 05:34 PM,BOOK-TEXTBOOK-5639,Digital Marketing eBook,£70.29,credit_card,"3853 Elm Street, Phoenix, NY 54544",Cancelled,
TXN-20240711-000349,CUST-UK-0155,david hernandez,david@,2024-07-11T20:29:51Z,CLOTH-PANTS-7524,Cotton T-Shirt,$212.10,Credit Card (Visa),,Delivered on 20/07/2024,Perfect! 5/5 stars
TXN-20240225-000350,CUST-US-0325,Mr. Richard Davis,RICHARD.DAVIS@EMAIL.COM,25/02/2024 09:21,BOOK-MAGAZINE-7282,The Great Gatsby [Paperback],£33.21,Google Pay,"7126 Oak Road, New York, NY 46924",Cancelled - 26/02/2024,Not worth the price
TXN-20240915-000351,CUST-US-0393,Mr. Robert Jones,robert.jones@example.com,2024-09-15T10:34:06Z,ELEC-AUDIO-7491,Samsung Galaxy S24,€332.06,Google Pay,"4000 Elm Street, Liverpool, UK, LS1 1AA",Delivered on 2024-09-18,
TXN-20250915-000352,CUST-US-0327,Mr. Patricia Johnson,patricia.johnson@example.com,15/09/2025 17:19,ELEC-CAMERA-2907,Samsung Galaxy S24,1715.78,Google Pay,"3526 Oak Road, Birmingham, UK, M1 1AA",Processing,Great product! 5 stars ⭐⭐⭐⭐⭐
TXN-20250911-000353,CUST-ASIA-0093,David Brown,david.brown@mail.com,2025-09-11T02:20:14Z,HOME-FURNITURE-4626,Wall Art Decoration,£453.11,DEBIT CARD - Mastercard,"8872 Park Ave, New York, IL 83093",Processing,Disappointed 😢
TXN-20240604-000354,CUST-UK-0381,,patricia.williams@test.com,06/04/2024 07:33 PM,SPORT-TEAM-2361,Camping Tent 4-Person,381.66,credit_card,"5762 Oak Road, London, UK, B1 1AA",Cancelled - 04/06/2024,Perfect! 5/5 stars
TXN-20250913-000355,CUST-EU-0203,  DR. MARY MARTINEZ  ,mary.martinez@mail.com,13/09/2025 19:40,CLOTH-SHOES-5569,Summer Dress (M),,PayPal,"6619 High Street, Chicago, TX 70806",Shipped (est. arrival: September 19),Good value for money
TXN-20241208-000356,CUST-UK-0051,,david.miller@shop.com,08/12/2024 13:15,ELEC-AUDIO-7697,iPhone 15 Pro Max (256GB),970.23,Apple Pay,"9045 High Street, Manchester, UK, LS1 1AA",Processing,Average product
TXN-20240628-000357,CUST-EU-0365,MICHAEL JOHNSON,,"June 28, 2024 at 6:51PM",CLOTH-PANTS-8559,Cotton T-Shirt,$264.18,Credit Card (Mastercard),"113 Oak Road, Liverpool, UK, LS1 1AA",Cancelled,Good value for money
TXN-20240503-000358,CUST-CA-0311,LISA DAVIS,,"May 3, 2024 at 8:54AM",SPORT-WATER-8021,Yoga Mat Premium,$300.41,DEBIT CARD - Mastercard,"2326 Oak Road, Manchester, UK, B1 1AA",Delivered on 10/05/2024,
TXN-20251227-000359,CUST-UK-0152,Dr. Lisa Lopez,LISA.LOPEZ@SHOP.COM,27/12/2025 12:45,HOME-LIGHTING-6942,Kitchen Mixer,€477.97,credit_card,"2401 Oak Road, Birmingham, UK, M1 1AA",Delivered on 01/01/2026,
TXN-20240113-000360,CUST-CA-0382,Mr. Jennifer Williams,jennifer.williams@test.com,2024-01-13T10:57:24Z,BOOK-NONFICTION-9605,Digital Marketing eBook,$95.23,credit_card,,Cancelled,Great product! 5 stars ⭐⭐⭐⭐⭐
TXN-20250620-000361,CUST-EU-0380,John Miller,john.miller@test.com,"June 20, 2025 at 4:15PM",ELEC-PHONE-8317,Bose Headphones,$406.24,credit_card,"660 Park Ave, Liverpool, UK, B1 1AA",Delivered on 25/06/2025,Poor quality 😞
TXN-20250619-000362,CUST-EU-0107,Ms. Richard Martinez,RICHARD.MARTINEZ@EMAIL.COM,19/06/2025 15:06,BOOK-FICTION-8240,The Great Gatsby [Paperback],$63.85,Credit Card (Mastercard),,Cancelled - 19/06/2025,Amazing! Highly recommend ⭐⭐⭐⭐⭐
TXN-20250519-000363,CUST-CA-0169,DR. MICHAEL HERNANDEZ,michael.hernandez@email.com,"May 19, 2025 at 3:20PM",HOME-BEDDING-2826,Wall Art Decoration,$721.64,Debit Card - Visa,"1550 Oak Road, Birmingham, UK, L1 1AA",Shipped (est. arrival: May 23),Average product
TXN-20240806-000364,CUST-ASIA-0157,dr. lisa johnson,lisa.johnson@email.com,06/08/2024 22:30,CLOTH-PANTS-3574,Summer Dress (M),,Debit Card - Visa,"6076 Oak Road, Chicago, IL 53741",Processing,Perfect! 5/5 stars
TXN20250303000365,CUST-UK-0482,  David Garcia  ,david.garcia@shop.com,03/03/2025 14:24,HOME-KITCHEN-1387,Kitchen Mixer,$1116.35,Debit Card - Visa,"1751 Elm Street, Chicago, TX 31026",Cancelled,Disappointed 😢
TXN-20240912-000366,CUST-CA-0311,MR. MARY SMITH,MARY.SMITH@EMAIL.COM,12/09/2024 21:37,ELEC-TABLET-7779,Samsung Galaxy S24,€1145.58,Debit Card - Visa,"9121 Park Ave, London, UK, M1 1AA",Delivered on 19/09/2024,Disappointed 😢
TXN-20240807-000367,CUST-EU-0240,DR. EMMA BROWN,emma.brown@example.com,"August 7, 2024 at 8:03PM",BOOK-EBOOK-8968,The Great Gatsby [Paperback],43.61,CREDIT CARD,"5359 Oak Road, Birmingham, UK, L1 1AA",Processing,Excellent quality 👍
TXN-20250801-000368,CUST-US-0286,Richard Rodriguez,richard.rodriguez@shop.com,01/08/2025 21:47,BOOK-TEXTBOOK-8630,Digital Marketing eBook,£16.57,Apple Pay,"352 Oak Road, New York, AZ 48510",Delivered on 2025-08-03,Amazing! Highly recommend ⭐⭐⭐⭐⭐
TXN-20240816-000369,CUST-ASIA-0394,,william.hernandez@test.com,2024-08-16T04:38:54Z,CLOTH-DRESS-3975,Nike Running Shoes - Size 10,$55.65,DEBIT CARD - Mastercard,,Cancelled - 17/08/2024,Not worth the price
TXN-20240128-000370,CUST-US-0226,Ms. David Smith,david.smith@example.com,28/01/2024 23:32,CLOTH-SHOES-3042,Nike Running Shoes - Size 10,$164.62,Google Pay,"9910 High Street, Houston, CA 51534",Delivered on 2024-02-07,Excellent quality 👍
TXN-20250412-000371,CUST-UK-0216,,mary.garcia@email.com,2025-04-12T19:57:20Z,BOOK-EBOOK-1259,Python Programming,$86.27,credit_card,,Shipped (est. arrival: April 17),Perfect! 5/5 stars
TXN-20240610-000372,CUST-CA-0090,,patricia.wilson@example.com,"June 10, 2024 at 8:21PM",HOME-KITCHEN-6260,Modern Sofa Set,80.31,Apple Pay,"9806 High Street, Manchester, UK, SW1A 1AA",Delivered on 17/06/2024,
TXN-20240308-000373,CUST-UK-0244,MS. LINDA RODRIGUEZ,linda.rodriguez@example.com,08/03/2024 13:39,HOME-DECOR-6290,LED Floor Lamp,£732.35,credit_card,"2337 Park Ave, New York, TX 20772",Delivered on 2024-03-13,Amazing! Highly recommend ⭐⭐⭐⭐⭐
TXN-20241202-000374,CUST-CA-0303,,joseph.jones@example.com,"December 2, 2024 at 9:02AM",ELEC-LAPTOP-3984,iPhone 15 Pro Max (256GB),$365.68,DEBIT CARD - Mastercard,"3077 Elm Street, Leeds, UK, LS1 1AA",Shipped (est. arrival: December 08),Good value for money
TXN-20250326-000375,CUST-CA-0144,Dr. Emma Williams,emma.williams@mail.com,2025-03-26T20:27:41Z,HOME-LIGHTING-5306,Modern Sofa Set,$828.68,Credit Card (Mastercard),"1971 Park Ave, Manchester, UK, B1 1AA",Processing,Good value for money
TXN-20240325-000376,CUST-CA-0498,LINDA RODRIGUEZ,linda.rodriguez@example.com,"March 25, 2024 at 9:33PM",SPORT-WINTER-3486,Ski Jacket Waterproof,$197.26,credit_card,"6136 High Street, Los Angeles, AZ 99180",Shipped (est. arrival: April 01),Arrived damaged 😠
TXN-20250310-000377,CUST-US-0143,,david.jones@mail.com,2025-03-10T19:42:19Z,HOME-FURNITURE-2226,Kitchen Mixer,1108.19,Apple Pay,"2299 High Street, Los Angeles, TX 31004",Cancelled,Not worth the price
TXN-20240313-000378,CUST-ASIA-0486,  DAVID JOHNSON  ,DAVID.JOHNSON@EMAIL.COM,03/13/2024 08:40 AM,ELEC-AUDIO-6098,Bose Headphones,$1337.82,Google Pay,"2518 Oak Road, Chicago, NY 54744",Processing,
TXN-20250422-000379,CUST-UK-0087,SARAH RODRIGUEZ,SARAH.RODRIGUEZ@TEST.COM,04/22/2025 06:55 PM,BOOK-EBOOK-7908,The Great Gatsby [Paperback],$75.16,DEBIT CARD - Mastercard,,Delivered on 25/04/2025,Arrived damaged 😠
TXN-20250521-000380,CUST-ASIA-0223,Ms. Richard Anderson,richard.anderson@test.com,21/05/2025 20:41,ELEC-AUDIO-2766,Bose Headphones,$279.07,Apple Pay,,Cancelled,
TXN-20250212-000381,CUST-UK-0322,JOHN BROWN,john.brown@example.com,"February 12, 2025 at 8:22PM",ELEC-CAMERA-5153,"MacBook Pro 14""",€534.97,Debit Card - Visa,"2632 Park Ave, Chicago, TX 81732",Shipped (est. arrival: February 18),Not worth the price
TXN-20241226-000382,CUST-EU-0429,Michael Johnson,MICHAEL.JOHNSON@SHOP.COM,"December 26, 2024 at 9:48PM",BOOK-TEXTBOOK-6521,Digital Marketing eBook,$39.05,CREDIT CARD,"9183 Oak Road, Phoenix, CA 83389",Delivered on 2024-12-31,Perfect! 5/5 stars
TXN-20240926-000383,CUST-CA-0175,Robert Miller,,"September 26, 2024 at 11:09AM",HOME-DECOR-8250,Modern Sofa Set,$68.75,PayPal,"3701 Park Ave, Los Angeles, NY 38307",Shipped (est. arrival: September 29),
TXN-20250325-000384,CUST-CA-0283,Mrs. Robert Anderson,,03/25/2025 09:59 PM,HOME-BEDDING-7065,Kitchen Mixer,$554.90,PayPal,"8820 Main St, Liverpool, UK, LS1 1AA",Processing,
TXN-20250910-000385,CUST-CA-0179,dr. sarah davis,SARAH.DAVIS@MAIL.COM,09/10/2025 06:57 PM,CLOTH-SHIRT-8347,Cotton T-Shirt,217.77,Debit Card - Visa,"9335 Oak Road, Phoenix, TX 13614",Shipped (est. arrival: September 16),Disappointed 😢
TXN-20241113-000386,CUST-EU-0170,MRS. JOSEPH RODRIGUEZ,JOSEPH.RODRIGUEZ@TEST.COM,2024-11-13T08:04:39Z,SPORT-FITNESS-6871,Ski Jacket Waterproof,$221.51,credit_card,"2970 Main St, New York, IL 74877",Delivered on 21/11/2024,Perfect! 5/5 stars
TXN-20250221-000387,CUST-EU-0243,Dr. Robert Johnson,ROBERT.JOHNSON@MAIL.COM,21/02/2025 13:48,CLOTH-PANTS-6754,Nike Running Shoes - Size 10,£25.71,DEBIT CARD - Mastercard,"1565 Park Ave, New York, NY 79352",Cancelled - 22/02/2025,Arrived damaged 😠
TXN-20250118-000388,CUST-CA-0097,MR. JAMES BROWN,james.brown@shop.com,18/01/2025 20:28,BOOK-NONFICTION-9312,Data Science Handbook,$94.18,Debit Card - Visa,"1766 High Street, Phoenix, AZ 33647",Delivered on 2025-01-27,Arrived damaged 😠
TXN-20241211-000389,CUST-UK-0281,Mary Hernandez,mary.hernandez@mail.com,11/12/2024 08:33,HOME-FURNITURE-8871,LED Floor Lamp,£501.21,CREDIT CARD,"6459 High Street, Birmingham, UK, B1 1AA",Shipped (est. arrival: December 17),Amazing! Highly recommend ⭐⭐⭐⭐⭐
TXN-20251003-000390,CUSTUK0043,Ms. Mary Garcia,mary.garcia@email.com,"October 3, 2025 at 12:37PM",SPORT-FITNESS-4081,Yoga Mat Premium,$282.82,Credit Card (Visa),"4964 Oak Road, Phoenix, NY 56106",Shipped (est. arrival: October 10),Great product! 5 stars ⭐⭐⭐⭐⭐
TXN-20240807-000391,CUST-EU-0487,Patricia Garcia,patricia@,"August 7, 2024 at 9:42PM",CLOTH-SHIRT-5758,Nike Running Shoes - Size 10,$112.61,DEBIT CARD - Mastercard,"6586 Elm Street, Phoenix, CA 28568",Processing,Perfect! 5/5 stars
TXN-20251127-000392,CUST-ASIA-0321,dr. joseph hernandez,joseph.hernandez@mail.com,2025-11-27T05:49:28Z,BOOK-TEXTBOOK-1170,Digital Marketing eBook,$72.05,Google Pay,"1090 Oak Road, Los Angeles, IL 52910",Processing,Amazing! Highly recommend ⭐⭐⭐⭐⭐
TXN-20250806-000393,CUST-US-0390,  Joseph Brown  ,JOSEPH.BROWN@EXAMPLE.COM,2025-08-06T07:44:51Z,CLOTH-SHIRT-7358,Levis Jeans 32x34,$142.07,Credit Card (Visa),"8252 High Street, Manchester, UK, B1 1AA",Delivered on 08/08/2025,Amazing! Highly recommend ⭐⭐⭐⭐⭐
TXN-20240628-000394,CUST-US-0103,ROBERT JONES,robert.jones@email.com,2024-06-28T16:35:10Z,BOOK-FICTION-5026,Business Magazine,,CREDIT CARD,"8754 Main St, Chicago, IL 32271",Shipped (est. arrival: July 01),Great product! 5 stars ⭐⭐⭐⭐⭐
TXN-20250125-000395,CUST-CA-0199,sarah wilson,sarah.wilson@mail.com,01/25/2025 09:15 PM,HOME-LIGHTING-7336,Queen Bedding Set,€397.56,Google Pay,"8790 High Street, Manchester, UK, B1 1AA",Shipped (est. arrival: January 31),Poor quality 😞
TXN-20250111-000396,CUST-EU-0154,david lopez,david.lopez@shop.com,01/11/2025 10:29 PM,BOOK-EBOOK-8410,Digital Marketing eBook,$69.88,PayPal,"3129 Elm Street, Birmingham, UK, LS1 1AA",Cancelled,
TXN-20250426-000397,CUST-CA-0154,mr. sarah brown,sarah.brown@test.com,26/04/2025 18:17,ELEC-LAPTOP-7323,Bose Headphones,€1550.02,credit_card,"6739 Park Ave, Los Angeles, TX 42204",Delivered on 29/04/2025,
TXN-20240109-000398,CUST-US-0446,  MR. MARY GARCIA  ,MARY.GARCIA@SHOP.COM,01/09/2024 01:11 PM,SPORT-TEAM-8317,Diving Gear Set,$406.11,Apple Pay,"1941 Elm Street, Leeds, UK, M1 1AA",Cancelled,Average product
TXN-20240426-000399,CUST-UK-0076,Mrs. John Williams,,26/04/2024 21:31,BOOK-MAGAZINE-3979,Digital Marketing eBook,89.70,credit_card,"4917 High Street, London, UK, M1 1AA",Processing,Excellent quality 👍
TXN20241229000400,CUST-CA-0457,DR. ROBERT GARCIA,ROBERT.GARCIA@TEST.COM,"December 29, 2024 at 7:16PM",HOME-DECOR-1852,Wall Art Decoration,$526.15,Google Pay,"1315 Main St, Los Angeles, AZ 14112",Delivered on 2025-01-04,Perfect! 5/5 stars
TXN-20250201-000401,CUST-UK-0357,Mrs. Richard Rodriguez,richard.rodriguez@email.com,"February 1, 2025 at 8:58PM",HOME-FURNITURE-8370,Modern Sofa Set,$1346.85,Credit Card (Mastercard),"3981 Elm Street, New York, CA 58940",Shipped (est. arrival: February 04),Great product! 5 stars ⭐⭐⭐⭐⭐
TXN-20260110-000402,CUST-CA-0446,Ms. Jennifer Hernandez,,01/10/2026 07:05 PM,CLOTH-SHIRT-4040,Nike Running Shoes - Size 10,211.97,DEBIT CARD - Mastercard,"8673 High Street, Houston, AZ 35860",Cancelled,Great product! 5 stars ⭐⭐⭐⭐⭐
TXN20250329000403,CUST-EU-0091,  Joseph Rodriguez  ,joseph.rodriguez@shop.com,29/03/2025 12:26,CLOTH-PANTS-7466,Cotton T-Shirt,$81.11,CREDIT CARD,"115 Park Ave, Birmingham, UK, M1 1AA",Delivered on 2025-03-31,Great product! 5 stars ⭐⭐⭐⭐⭐
TXN-20250926-000404,CUST-US-0221,MS. JOSEPH LOPEZ,joseph.lopez@example.com,09/26/2025 12:53 PM,HOME-LIGHTING-2079,LED Floor Lamp,€1121.02,Google Pay,,Shipped (est. arrival: September 29),Perfect! 5/5 stars
TXN-20250421-000405,CUST-UK-0167,MS. JOSEPH DAVIS,,"April 21, 2025 at 2:00PM",CLOTH-DRESS-7249,Levis Jeans 32x34,$205.30,PayPal,"1554 Park Ave, Los Angeles, IL 71903",Shipped (est. arrival: April 24),Poor quality 😞
TXN-20241106-000406,CUST-EU-0143,  Ms. Jennifer Lopez  ,JENNIFER.LOPEZ@EXAMPLE.COM,2024-11-06T11:31:51Z,HOME-BEDDING-5740,Wall Art Decoration,$751.05,Debit Card - Visa,"7029 Elm Street, Manchester, UK, L1 1AA",Processing,Not worth the price
TXN-20251206-000407,CUST-US-0033,,david.brown@email.com,"December 6, 2025 at 8:44PM",BOOK-TEXTBOOK-6582,Business Magazine,£96.89,PayPal,"4082 Elm Street, New York, IL 71571",Delivered on 14/12/2025,Excellent quality 👍
TXN-20250625-000408,CUST-ASIA-0309,  david wilson  ,DAVID.WILSON@EXAMPLE.COM,01/01/2020 12:00 AM,ELEC-TABLET-6835,Bose Headphones,$674.07,PayPal,"9791 Park Ave, London, UK, M1 1AA",Processing,Perfect! 5/5 stars
TXN-20250309-000409,CUST-ASIA-0153,,michael.smith@mail.com,"March 9, 2025 at 3:20PM",BOOK-EBOOK-3571,Business Magazine,$51.03,credit_card,"9609 Park Ave, New York, NY 12222",Cancelled - 10/03/2025,Perfect! 5/5 stars
TXN20250717000410,CUST-ASIA-0223,Emma Martinez,EMMA.MARTINEZ@EXAMPLE.COM,2025-07-17T09:06:33Z,CLOTH-SHOES-2046,Nike Running Shoes - Size 10,$219.88,DEBIT CARD - Mastercard,"1330 Elm Street, Houston, TX 19119",Delivered on 2025-07-27,Poor quality 😞
TXN-20250715-000411,CUST-EU-0417,  DR. MARY WILSON  ,,"July 15, 2025 at 11:14AM",CLOTH-SHOES-1694,Nike Running Shoes - Size 10,$58.55,Apple Pay,"316 Park Ave, Leeds, UK, SW1A 1AA",Cancelled - 17/07/2025,Great product! 5 stars ⭐⭐⭐⭐⭐
TXN-20240801-000412,CUST-US-0252,Mr. Mary Martinez,mary.martinez@shop.com,"August 1, 2024 at 2:24PM",SPORT-TEAM-5352,Ski Jacket Waterproof,$383.23,Debit Card - Visa,"6433 Oak Road, Houston, NY 47405",Cancelled - 01/08/2024,
TXN-20240419-000413,CUST-EU-0448,Dr. Jennifer Lopez,JENNIFER.LOPEZ@EMAIL.COM,2024-04-19T16:19:00Z,CLOTH-JACKET-5134,Levis Jeans 32x34,$70.66,Apple Pay,,Cancelled,
TXN-20240320-000414,CUST-US-0453,Jennifer Smith,jennifer.smith@mail.com,"March 20, 2024 at 6:27PM",ELEC-PHONE-7030,Samsung Galaxy S24,€198.39,Credit Card (Visa),,Delivered on 2024-03-29,
TXN-20260112-000415,CUST-CA-0446,Michael Jones,michael.jones@shop.com,2026-01-12T14:29:26Z,BOOK-FICTION-1608,Digital Marketing eBook,$11.19,Debit Card - Visa,"4614 High Street, Birmingham, UK, SW1A 1AA",Processing,Average product
TXN-20240828-000416,CUST-US-0415,Mrs. John Anderson,JOHN.ANDERSON@EXAMPLE.COM,08/28/2024 10:42 AM,HOME-BEDDING-8741,LED Floor Lamp,$840.01,Apple Pay,"2851 Park Ave, Leeds, UK, B1 1AA",Processing,
TXN-20251119-000417,CUST-UK-0278,Dr. David Johnson,david.johnson@mail.com,19/11/2025 22:40,CLOTH-SHIRT-6627,Cotton T-Shirt,,PayPal,"6494 Elm Street, New York, AZ 64916",Delivered on 2025-11-29,
TXN-20250717-000418,CUST-EU-0085,MS. RICHARD GARCIA,richard.garcia@email.com,17/07/2025 19:06,BOOK-NONFICTION-6752,Digital Marketing eBook,$50.83,CREDIT CARD,"1767 Oak Road, Chicago, CA 19464",Processing,Good value for money
TXN-20251015-000419,CUST-US-0013,  Mary Brown  ,mary.brown@mail.com,2025-10-15T12:24:23Z,HOME-BEDDING-1173,LED Floor Lamp,£659.93,Credit Card (Visa),"8051 Oak Road, Birmingham, UK, B1 1AA",Delivered on 21/10/2025,Perfect! 5/5 stars
TXN-20250705-000420,CUST-CA-0301,William Davis,william.davis@example.com,05/07/2025 14:21,ELEC-LAPTOP-2540,Sony Camera A7,$965.10,Google Pay,"3549 Main St, London, UK, M1 1AA",Delivered on 2025-07-15,Disappointed 😢
TXN-20241008-000421,CUST-CA-0474,John Jones,JOHN.JONES@EMAIL.COM,2024-10-08T19:53:04Z,SPORT-TEAM-7991,Yoga Mat Premium,$255.97,credit_card,"6173 Elm Street, Los Angeles, IL 33943",Cancelled,Excellent quality 👍
TXN-20240413-000422,CUST-CA-0485,,LISA.DAVIS@EMAIL.COM,2024-04-13T17:27:04Z,BOOK-FICTION-5569,Digital Marketing eBook,$33.65,PayPal,"2254 High Street, New York, AZ 31233",Shipped (est. arrival: April 19),Good value for money
TXN-20250117-000423,CUST-US-0245,  MRS. WILLIAM WILLIAMS  ,WILLIAM.WILLIAMS@SHOP.COM,17/01/2025 16:00,BOOK-FICTION-7092,The Great Gatsby [Paperback],£33.93,credit_card,,Cancelled - 18/01/2025,
TXN-20250201-000424,CUST-US-0440,,ROBERT.ANDERSON@EXAMPLE.COM,2025-02-01T14:48:27Z,BOOK-TEXTBOOK-4692,Python Programming,€38.84,DEBIT CARD - Mastercard,"6403 Elm Street, Los Angeles, TX 39454",Cancelled,Average product
TXN-20250905-000425,CUST-US-0255,John Miller,john.miller@example.com,"September 5, 2025 at 5:58PM",BOOK-TEXTBOOK-5972,Business Magazine,€52.29,CREDIT CARD,"9916 Elm Street, Manchester, UK, LS1 1AA",Processing,
TXN-20250516-000426,CUST-CA-0273,Dr. Mary Jones,mary.jones@shop.com,05/16/2025 11:12 PM,CLOTH-JACKET-4133,Summer Dress (M),$209.31,PayPal,"2282 Park Ave, Manchester, UK, B1 1AA",Processing,Disappointed 😢
TXN-20250818-000427,CUST-ASIA-0061,MR. SARAH MARTINEZ,sarah.martinez@mail.com,2025-08-18T13:16:38Z,HOME-LIGHTING-8521,LED Floor Lamp,€212.91,Credit Card (Visa),"1091 Elm Street, Houston, TX 43398",Processing,Perfect! 5/5 stars
TXN-20240722-000428,CUST-UK-0219,  mrs. lisa miller  ,invalid-email,"July 22, 2024 at 12:50PM",HOME-FURNITURE-9986,LED Floor Lamp,"$1,039.48",Credit Card (Visa),"162 Oak Road, Chicago, IL 91836",Shipped (est. arrival: July 26),Arrived damaged 😠
TXN-20250807-000429,CUST-CA-0476,Sarah Williams,sarah.williams@mail.com,08/07/2025 09:15 AM,CLOTH-SHIRT-5419,Leather Jacket [L],£87.77,PayPal,"4579 Elm Street, Chicago, TX 41296",Cancelled - 08/08/2025,
TXN-20240324-000430,CUST-UK-0077,richard miller,richard.miller@mail.com,03/24/2024 04:24 PM,HOME-KITCHEN-1339,Queen Bedding Set,$332.04,Apple Pay,"2759 High Street, Manchester, UK, B1 1AA",Processing,Average product
TXN-20260102-000431,CUST-UK-0119,lisa smith,lisa.smith@example.com,2026-01-02T19:58:27Z,BOOK-FICTION-9043,Digital Marketing eBook,,Debit Card - Visa,"7841 Elm Street, Phoenix, AZ 38722",Shipped (est. arrival: January 05),
TXN-20240219-000432,CUST-EU-0047,PATRICIA RODRIGUEZ,,2024-02-19T14:10:33Z,BOOK-TEXTBOOK-4047,Data Science Handbook,£88.46,credit_card,"4723 Oak Road, Manchester, UK, M1 1AA",Delivered on 24/02/2024,
TXN-20240413-000433,CUST-US-0274,mr. james wilson,james.wilson@shop.com,04/13/2024 04:57 PM,CLOTH-DRESS-9409,Nike Running Shoes - Size 10,€66.76,DEBIT CARD - Mastercard,"9403 Oak Road, Manchester, UK, LS1 1AA",Shipped (est. arrival: April 16),
TXN-20251017-000434,CUSTEU0194,,lisa.rodriguez@mail.com,17/10/2025 16:26,SPORT-TEAM-7638,Basketball Official,$262.37,DEBIT CARD - Mastercard,"4890 Park Ave, Houston, TX 64055",Processing,
TXN-20250513-000435,CUST-EU-0009,William Wilson,william.wilson@shop.com,05/13/2025 09:16 PM,CLOTH-PANTS-1268,Levis Jeans 32x34,$219.61,Apple Pay,"842 Park Ave, New York, IL 29075",Delivered on 2025-05-20,Perfect! 5/5 stars
TXN-20240320-000436,CUST-CA-0182,,JOHN.ANDERSON@EMAIL.COM,20/03/2024 03:13,ELEC-LAPTOP-5417,iPhone 15 Pro Max (256GB),€97.07,DEBIT CARD - Mastercard,"5351 Main St, Phoenix, AZ 16673",Cancelled - 21/03/2024,Good value for money
TXN-20260116-000437,CUST-US-0260,Mrs. Robert Anderson,robert.anderson@email.com,01/16/2026 02:02 PM,CLOTH-SHIRT-7289,Summer Dress (M),$287.00,credit_card,"6995 Park Ave, Manchester, UK, SW1A 1AA",Delivered on 20/01/2026,Disappointed 😢
TXN-20240308-000438,CUST-EU-0469,Lisa Johnson,lisa.johnson@email.com,2024-03-08T18:20:33Z,HOME-LIGHTING-9977,Kitchen Mixer,£1032.48,PayPal,"3707 Oak Road, Leeds, UK, B1 1AA",Processing,
TXN-20250525-000439,CUST-CA-0027,,,05/25/2025 01:47 PM,CLOTH-SHIRT-9883,Cotton T-Shirt,$112.74,Credit Card (Mastercard),"5144 Main St, Leeds, UK, LS1 1AA",Cancelled - 25/05/2025,Not worth the price
TXN-20250114-000440,CUST-UK-0121,,lisa.miller@test.com,14/01/2025 08:05,SPORT-TEAM-7174,Yoga Mat Premium,96.27,credit_card,"842 Park Ave, New York, CA 33274",Processing,Not worth the price
TXN-20251113-000441,CUST-ASIA-0458,John Martinez,john.martinez@shop.com,2025-11-13T12:53:33Z,BOOK-FICTION-5379,Business Magazine,$65.15,Debit Card - Visa,"2579 Elm Street, London, UK, LS1 1AA",Shipped (est. arrival: November 18),
TXN-20241212-000442,CUST-UK-0415,Dr. James Jones,james.jones@shop.com,2024-12-12T09:09:02Z,HOME-DECOR-4943,Queen Bedding Set,$893.89,credit_card,"2447 Park Ave, Birmingham, UK, B1 1AA",Shipped (est. arrival: December 18),Excellent quality 👍
TXN-20251021-000443,CUST-CA-0374,Ms. Patricia Brown,PATRICIA.BROWN@EMAIL.COM,21/10/2025 15:25,HOME-BEDDING-4056,Queen Bedding Set,$505.66,Apple Pay,"5158 Elm Street, Manchester, UK, SW1A 1AA",Shipped (est. arrival: October 26),Disappointed 😢
TXN-20241208-000444,CUST-UK-0310,Joseph Brown,joseph.brown@email.com,08/12/2024 10:09,ELEC-PHONE-8910,Bose Headphones,£1722.66,CREDIT CARD,"9675 Elm Street, Manchester, UK, LS1 1AA",Delivered on 17/12/2024,
TXN-20250705-000445,CUSTASIA0146,Jennifer Hernandez,jennifer.hernandez@test.com,2025-07-05T12:41:54Z,SPORT-OUTDOOR-8360,Basketball Official,£134.00,CREDIT CARD,"3756 Main St, Los Angeles, TX 68884",Cancelled,Amazing! Highly recommend ⭐⭐⭐⭐⭐
TXN-20250702-000446,CUSTUK0280,Dr. Linda Lopez,linda.lopez@test.com,02/07/2025 17:21,HOME-FURNITURE-4847,Queen Bedding Set,€324.38,Google Pay,"339 Park Ave, Los Angeles, IL 43841",Cancelled,Poor quality 😞
TXN-20250105-000447,CUST-CA-0159,William Johnson,WILLIAM.JOHNSON@EXAMPLE.COM,"January 5, 2025 at 1:32PM",HOME-DECOR-2857,Queen Bedding Set,£815.85,Debit Card - Visa,"1365 Oak Road, Chicago, CA 22062",Shipped (est. arrival: January 12),Great product! 5 stars ⭐⭐⭐⭐⭐
TXN-20250927-000448,CUST-US-0045,Emma Williams,emma.williams@example.com,27/09/2025 11:12,BOOK-FICTION-9395,Digital Marketing eBook,$79.61,Google Pay,"9134 Oak Road, Birmingham, UK, B1 1AA",Shipped (est. arrival: September 30),
TXN20240711000449,CUST-US-0182,,joseph.garcia@mail.com,"July 11, 2024 at 9:31AM",SPORT-WINTER-2908,Ski Jacket Waterproof,$369.80,DEBIT CARD - Mastercard,"4032 Main St, Chicago, NY 65789",Delivered on 17/07/2024,Amazing! Highly recommend ⭐⭐⭐⭐⭐
TXN-20250123-000450,CUST-ASIA-0144,MR. MARY RODRIGUEZ,MARY.RODRIGUEZ@EMAIL.COM,23/01/2025 21:59,HOME-KITCHEN-4027,Modern Sofa Set,"$1,281.81",Debit Card - Visa,"5469 High Street, Los Angeles, AZ 26217",Delivered on 2025-01-28,Good value for money
TXN-20250708-000451,CUST-CA-0041,  Dr. Linda Lopez  ,LINDA.LOPEZ@MAIL.COM,2025-07-08T19:08:04Z,BOOK-FICTION-6460,Python Programming,$95.02,Google Pay,,Shipped (est. arrival: July 11),Poor quality 😞
TXN-20251026-000452,CUST-US-0416,PATRICIA LOPEZ,patricia.lopez@test.com,2025-10-26T16:03:27Z,SPORT-TEAM-4072,Diving Gear Set,$341.77,credit_card,"6628 Oak Road, Liverpool, UK, B1 1AA",Processing,Excellent quality 👍
TXN-20251224-000453,CUST-US-0255,David Martinez,david.martinez@test.com,24/12/2025 19:46,CLOTH-SHIRT-4782,Levis Jeans 32x34,$57.23,Credit Card (Visa),,Processing,Poor quality 😞
TXN-20240530-000454,CUST-US-0403,Mrs. Emma Miller,EMMA.MILLER@SHOP.COM,01/01/2020 12:00 AM,BOOK-TEXTBOOK-4080,Data Science Handbook,€10.28,Credit Card (Visa),"7517 High Street, Leeds, UK, SW1A 1AA",Processing,
TXN-20241013-000455,CUST-CA-0391,Dr. Lisa Garcia,lisa.garcia@email.com,"October 13, 2024 at 3:08PM",HOME-DECOR-8870,Wall Art Decoration,€978.47,CREDIT CARD,"2371 Main St, Phoenix, IL 58605",Processing,Good value for money
TXN20241113000456,CUST-US-0291,,michael.jones@test.com,"November 13, 2024 at 9:01AM",CLOTH-SHOES-9656,Nike Running Shoes - Size 10,235.51,PayPal,"3070 Park Ave, Houston, IL 50152",Shipped (est. arrival: November 19),Arrived damaged 😠
TXN-20250801-000457,CUST-UK-0050,MR. SARAH BROWN,sarah.brown@mail.com,01/08/2025 02:04,BOOK-NONFICTION-8058,Business Magazine,€22.33,Apple Pay,"8766 Main St, London, UK, L1 1AA",Cancelled - 03/08/2025,Average product
TXN-20250114-000458,CUST-US-0132,,DAVID.JOHNSON@EXAMPLE.COM,2025-01-14T16:40:48Z,ELEC-PHONE-5101,Bose Headphones,,Credit Card (Visa),"8021 High Street, Leeds, UK, B1 1AA",Delivered on 17/01/2025,Arrived damaged 😠
TXN-20241011-000459,CUST-ASIA-0479,  JAMES LOPEZ  ,james@,2024-10-11T19:46:11Z,CLOTH-PANTS-3571,Levis Jeans 32x34,78.54,Google Pay,,Processing,Amazing! Highly recommend ⭐⭐⭐⭐⭐
TXN-20251204-000460,CUST-EU-0427,  MR. JOHN WILLIAMS  ,john.williams@mail.com,"December 4, 2025 at 8:14AM",CLOTH-SHIRT-3518,Leather Jacket [L],£94.52,CREDIT CARD,"9695 Elm Street, Birmingham, UK, LS1 1AA",Shipped (est. arrival: December 11),Arrived damaged 😠
TXN-20240808-000461,CUST-EU-0218,Dr. Richard Davis,RICHARD.DAVIS@EXAMPLE.COM,"August 8, 2024 at 8:44AM",SPORT-WATER-2491,Ski Jacket Waterproof,£134.13,Google Pay,"6466 Elm Street, Manchester, UK, SW1A 1AA",Shipped (est. arrival: August 15),Poor quality 😞
TXN-20240903-000462,CUST-CA-0261,Mary Brown,mary.brown@email.com,03/09/2024 09:50,ELEC-CAMERA-9036,Samsung Galaxy S24,224.30,CREDIT CARD,"1314 Park Ave, Leeds, UK, M1 1AA",Processing,
TXN-20240131-000463,CUST-US-0006,  PATRICIA SMITH  ,patricia.smith@test.com,31/01/2024 18:03,BOOK-FICTION-8192,Business Magazine,$97.18,DEBIT CARD - Mastercard,"6211 Elm Street, Birmingham, UK, B1 1AA",Processing,Good value for money
TXN-20240531-000464,CUST-CA-0296,LISA RODRIGUEZ,lisa.rodriguez@email.com,2024-05-31T16:29:01Z,HOME-BEDDING-8682,Modern Sofa Set,$101.81,DEBIT CARD - Mastercard,"1454 High Street, Chicago, AZ 77618",Cancelled,Poor quality 😞
TXN-20241002-000465,CUST-US-0190,  Mrs. Linda Williams  ,LINDA.WILLIAMS@MAIL.COM,02/10/2024 13:01,BOOK-MAGAZINE-8537,Business Magazine,67.26,Debit Card - Visa,,Delivered on 12/10/2024,Amazing! Highly recommend ⭐⭐⭐⭐⭐
TXN-20251002-000466,CUST-EU-0330,Lisa Davis,lisa.davis@test.com,10/02/2025 07:39 PM,CLOTH-PANTS-2073,Levis Jeans 32x34,£67.84,Debit Card - Visa,"6679 High Street, Los Angeles, TX 12714",Processing,Good value for money
TXN-20250317-000467,CUST-ASIA-0159,MRS. LINDA SMITH,linda.smith@mail.com,17/03/2025 14:14,HOME-KITCHEN-1693,Wall Art Decoration,$529.70,Credit Card (Visa),,Delivered on 22/03/2025,Good value for money
TXN-20251215-000468,CUST-ASIA-0142,Robert Davis,ROBERT.DAVIS@EXAMPLE.COM,15/12/2025 10:33,CLOTH-PANTS-4423,Summer Dress (M),$267.37,credit_card,"1675 Oak Road, Houston, AZ 88624",Delivered on 2025-12-25,Average product
TXN-20250830-000469,CUST-EU-0253,WILLIAM GARCIA,william.garcia@example.com,"August 30, 2025 at 11:06PM",SPORT-WINTER-9137,Basketball Official,£432.73,Credit Card (Visa),"175 High Street, London, UK, SW1A 1AA",Delivered on 06/09/2025,
TXN-20240510-000470,CUST-US-0269,,david.garcia@test.com,2024-05-10T13:50:22Z,BOOK-FICTION-4501,Digital Marketing eBook,$15.22,CREDIT CARD,"9422 High Street, Chicago, CA 80677",Cancelled - 12/05/2024,Arrived damaged 😠
TXN-20240522-000471,CUST-EU-0209,  Patricia Williams  ,patricia.williams@mail.com,05/22/2024 07:54 PM,ELEC-PHONE-5180,iPhone 15 Pro Max (256GB),1063.38,DEBIT CARD - Mastercard,"349 Park Ave, Manchester, UK, LS1 1AA",Cancelled - 23/05/2024,Great product! 5 stars ⭐⭐⭐⭐⭐
TXN-20250615-000472,CUST-UK-0066,,john.smith@email.com,"June 15, 2025 at 7:04PM",ELEC-PHONE-7328,Samsung Galaxy S24,$465.06,DEBIT CARD - Mastercard,"5830 High Street, Phoenix, AZ 66333",Cancelled - 17/06/2025,
TXN-20250310-000473,CUST-EU-0330,DR. JAMES ANDERSON,james.anderson@example.com,"March 10, 2025 at 1:15PM",ELEC-AUDIO-8330,Samsung Galaxy S24,"£1,829.81",Credit Card (Visa),"3473 Main St, Phoenix, NY 59060",Delivered on 2025-03-17,Arrived damaged 😠
TXN-20240218-000474,CUST-US-0298,Michael Martinez,MICHAEL.MARTINEZ@EMAIL.COM,"February 18, 2024 at 5:24PM",SPORT-WINTER-7893,Ski Jacket Waterproof,£165.80,Google Pay,"1469 Park Ave, Manchester, UK, L1 1AA",Processing,
TXN-20240911-000475,CUST-US-0290,Dr. Richard Rodriguez,,09/11/2024 02:35 PM,CLOTH-DRESS-3314,Leather Jacket [L],£215.91,Credit Card (Mastercard),"7491 Main St, Leeds, UK, M1 1AA",Shipped (est. arrival: September 16),Average product
TXN-20250616-000476,CUST-CA-0167,,william.brown@email.com,16/06/2025 18:21,BOOK-FICTION-3334,Business Magazine,$86.41,CREDIT CARD,"2403 Oak Road, New York, AZ 44870",Cancelled - 17/06/2025,
TXN20240809000477,CUST-UK-0247,Linda Hernandez,,"August 9, 2024 at 4:15PM",HOME-DECOR-5375,Queen Bedding Set,,Credit Card (Visa),"2691 Elm Street, New York, NY 39325",Cancelled - 11/08/2024,Excellent quality 👍
TXN-20240226-000478,CUST-UK-0391,Mary Johnson,invalid-email,26/02/2024 18:05,BOOK-MAGAZINE-1917,Business Magazine,$16.58,credit_card,"8550 High Street, Houston, TX 86344",Delivered on 2024-03-04,Great product! 5 stars ⭐⭐⭐⭐⭐
TXN-20250522-000479,CUST-ASIA-0307,Ms. John Lopez,john.lopez@mail.com,"May 22, 2025 at 7:52PM",HOME-FURNITURE-2508,Queen Bedding Set,$1386.94,Credit Card (Mastercard),"4318 Main St, Phoenix, IL 78679",Shipped (est. arrival: May 26),Average product
TXN-20240401-000480,CUST-ASIA-0489,  Joseph Williams  ,joseph.williams@test.com,2024-04-01T17:00:24Z,CLOTH-PANTS-2665,Nike Running Shoes - Size 10,$230.09,DEBIT CARD - Mastercard,"2169 Oak Road, Phoenix, IL 81580",Delivered on 2024-04-06,
TXN-20251114-000481,CUST-US-0304,MR. ROBERT ANDERSON,robert.anderson@email.com,2025-11-14T23:15:28Z,ELEC-CAMERA-5512,"MacBook Pro 14""",$537.75,credit_card,"7590 Oak Road, Liverpool, UK, M1 1AA",Shipped (est. arrival: November 17),
TXN-20240614-000482,CUST-UK-0450,  JENNIFER RODRIGUEZ  ,jennifer.rodriguez@test.com,06/14/2024 08:43 PM,SPORT-WINTER-6572,Diving Gear Set,$384.99,Credit Card (Mastercard),"8443 Main St, Chicago, TX 99329",Processing,Disappointed 😢
TXN20260126000483,CUST-CA-0403,Mrs. William Miller,william.miller@example.com,"January 26, 2026 at 9:00PM",CLOTH-SHOES-9491,Levis Jeans 32x34,$125.31,credit_card,"3669 Park Ave, Manchester, UK, SW1A 1AA",Cancelled,Not worth the price
TXN-20250706-000484,CUST-ASIA-0352,  Robert Lopez  ,robert.lopez@test.com,07/06/2025 05:49 PM,BOOK-MAGAZINE-1646,Business Magazine,,Credit Card (Visa),"2595 Elm Street, Chicago, NY 14952",Shipped (est. arrival: July 13),Arrived damaged 😠
TXN-20260103-000485,CUST-EU-0150,jennifer garcia,jennifer.garcia@test.com,03/01/2026 22:15,ELEC-CAMERA-2501,"MacBook Pro 14""",€922.78,credit_card,"430 Oak Road, Birmingham, UK, LS1 1AA",Delivered on 06/01/2026,Disappointed 😢
TXN-20250521-000486,CUST-UK-0253,,,2027-12-31T23:59:59Z,BOOK-FICTION-9718,Python Programming,,Credit Card (Visa),"5905 Oak Road, Leeds, UK, L1 1AA",Processing,Arrived damaged 😠
TXN-20240209-000487,CUST-EU-0064,  mr. james williams  ,james.williams@test.com,09/02/2024 12:40,CLOTH-PANTS-6783,Cotton T-Shirt,£57.27,Apple Pay,"3641 High Street, Liverpool, UK, L1 1AA",Delivered on 2024-02-16,Not worth the price
TXN-20240710-000488,CUST-UK-0173,emma miller,EMMA.MILLER@SHOP.COM,10/07/2024 11:32,SPORT-WINTER-7062,Yoga Mat Premium,$210.83,CREDIT CARD,"4307 Elm Street, Birmingham, UK, SW1A 1AA",Processing,Amazing! Highly recommend ⭐⭐⭐⭐⭐
TXN-20240924-000489,CUST-ASIA-0100,mary hernandez,MARY.HERNANDEZ@MAIL.COM,09/24/2024 08:05 PM,HOME-LIGHTING-4866,Kitchen Mixer,$609.96,DEBIT CARD - Mastercard,"5371 Elm Street, Los Angeles, IL 38389",Shipped (est. arrival: September 30),Good value for money
TXN-20240409-000490,CUST-UK-0219,dr. john smith,john.smith@example.com,"April 9, 2024 at 3:39PM",ELEC-PHONE-6797,Samsung Galaxy S24,£287.93,credit_card,"7832 Elm Street, Los Angeles, CA 57315",Processing,Poor quality 😞
TXN-20241204-000491,CUST-UK-0398,Mrs. Emma Anderson,EMMA.ANDERSON@EMAIL.COM,04/12/2024 16:21,HOME-LIGHTING-6526,Kitchen Mixer,,Debit Card - Visa,"2913 Park Ave, Liverpool, UK, SW1A 1AA",Delivered on 12/12/2024,
TXN-20240107-000492,CUST-ASIA-0411,SARAH MARTINEZ,sarah.martinez@example.com,2024-01-07T13:02:33Z,ELEC-LAPTOP-1091,"MacBook Pro 14""",£1284.36,Debit Card - Visa,"4969 Oak Road, Phoenix, AZ 78132",Cancelled,Poor quality 😞
TXN-20250526-000493,CUST-EU-0354,ms. joseph hernandez,joseph.hernandez@example.com,2025-05-26T22:04:33Z,CLOTH-DRESS-5717,Levis Jeans 32x34,£247.80,credit_card,"3120 High Street, Manchester, UK, L1 1AA",Shipped (est. arrival: May 29),Arrived damaged 😠
TXN-20240404-000494,CUST-US-0379,  MRS. JAMES BROWN  ,JAMES.BROWN@TEST.COM,2024-04-04T19:42:29Z,CLOTH-SHOES-7619,Cotton T-Shirt,$70.59,DEBIT CARD - Mastercard,"9209 Oak Road, Manchester, UK, LS1 1AA",Shipped (est. arrival: April 11),Not worth the price
TXN-20240525-000495,CUST-UK-0398,William Rodriguez,william.rodriguez@shop.com,"May 25, 2024 at 7:12PM",BOOK-NONFICTION-2037,Digital Marketing eBook,£75.55,Credit Card (Visa),"5339 Elm Street, Phoenix, AZ 30341",Shipped (est. arrival: May 31),Excellent quality 👍
TXN-20260120-000496,CUST-CA-0168,  MICHAEL BROWN  ,MICHAEL.BROWN@EMAIL.COM,01/20/2026 04:19 PM,SPORT-WINTER-4329,Basketball Official,€257.32,PayPal,"2648 Park Ave, Manchester, UK, SW1A 1AA",Processing,Amazing! Highly recommend ⭐⭐⭐⭐⭐
TXN-20250814-000497,CUST-UK-0397,,PATRICIA.JOHNSON@TEST.COM,"August 14, 2025 at 6:15AM",CLOTH-SHOES-2144,Levis Jeans 32x34,£151.18,PayPal,"8034 Park Ave, Manchester, UK, L1 1AA",Shipped (est. arrival: August 18),
TXN-20251122-000498,CUST-US-0204,ROBERT SMITH,robert.smith@test.com,22/11/2025 21:28,BOOK-MAGAZINE-9248,Business Magazine,$72.40,PayPal,"8766 Main St, New York, CA 17979",Processing,Average product
TXN-20250201-000499,CUST-CA-0438,mr. lisa johnson,lisa.johnson@test.com,2025-02-01T19:42:01Z,ELEC-LAPTOP-3743,Bose Headphones,,PayPal,"929 High Street, London, UK, L1 1AA",Cancelled - 02/02/2025,Disappointed 😢
TXN-20240405-000500,CUST-EU-0059,  WILLIAM WILLIAMS  ,william.williams@mail.com,2024-04-05T19:43:05Z,CLOTH-SHIRT-2886,Cotton T-Shirt,,Credit Card (Mastercard),"523 High Street, Phoenix, TX 54949",Shipped (est. arrival: April 12),Average product
TXN-20240207-000501,CUST-UK-0099,Sarah Rodriguez,SARAH.RODRIGUEZ@EMAIL.COM,07/02/2024 12:50,HOME-DECOR-2645,Modern Sofa Set,,DEBIT CARD - Mastercard,"2206 Main St, Houston, CA 47580",Shipped (est. arrival: February 12),
TXN-20260108-000502,CUST-US-0405,patricia hernandez,patricia.hernandez@test.com,2026-01-08T11:29:07Z,SPORT-WATER-1279,Yoga Mat Premium,$115.61,Apple Pay,,Processing,Poor quality 😞
TXN-20240127-000503,CUST-UK-0028,MS. JENNIFER WILLIAMS,jennifer.williams@example.com,2024-01-27T21:01:26Z,BOOK-FICTION-8065,Digital Marketing eBook,$21.38,Credit Card (Mastercard),"5610 Park Ave, New York, CA 30787",Delivered on 2024-02-01,
TXN-20250106-000504,CUST-UK-0208,Ms. Richard Hernandez,richard.hernandez@example.com,01/06/2025 08:15 PM,HOME-KITCHEN-5670,Queen Bedding Set,186.44,Credit Card (Visa),"9093 Main St, Phoenix, NY 25533",Shipped (est. arrival: January 09),Perfect! 5/5 stars
TXN-20250721-000505,CUST-UK-0231,  mary davis  ,mary.davis@example.com,"July 21, 2025 at 4:46AM",BOOK-FICTION-3426,Business Magazine,€73.39,Apple Pay,"7422 Park Ave, Houston, CA 17062",Delivered on 23/07/2025,Good value for money
TXN-20241009-000506,CUST-EU-0206,sarah smith,sarah.smith@test.com,2024-10-09T04:07:35Z,BOOK-MAGAZINE-5157,Digital Marketing eBook,$27.91,Google Pay,"4166 Oak Road, Leeds, UK, M1 1AA",Delivered on 16/10/2024,Poor quality 😞
TXN20251217000507,CUST-ASIA-0030,  Dr. David Johnson  ,,17/12/2025 21:02,SPORT-WATER-8657,Yoga Mat Premium,$149.78,Credit Card (Mastercard),"9223 Park Ave, Liverpool, UK, SW1A 1AA",Processing,Excellent quality 👍
TXN-20241120-000508,CUST-CA-0313,Dr. Richard Martinez,richard.martinez@mail.com,2024-11-20T15:28:43Z,BOOK-NONFICTION-2066,Data Science Handbook,£47.31,Apple Pay,"6259 High Street, Manchester, UK, LS1 1AA",Processing,Disappointed 😢
TXN-20250506-000509,CUST-EU-0128,MRS. RICHARD GARCIA,,06/05/2025 15:00,SPORT-WINTER-2866,Ski Jacket Waterproof,$457.76,credit_card,,Shipped (est. arrival: May 09),
TXN-20240226-000510,CUST-US-0339,DR. WILLIAM HERNANDEZ,william.hernandez@test.com,02/26/2024 04:49 PM,CLOTH-DRESS-9404,Cotton T-Shirt,$61.05,Credit Card (Visa),"8807 Elm Street, Birmingham, UK, L1 1AA",Delivered on 29/02/2024,Amazing! Highly recommend ⭐⭐⭐⭐⭐
TXN-20241107-000511,CUST-UK-0062,Joseph Garcia,joseph.garcia@mail.com,11/07/2024 06:30 AM,ELEC-PHONE-5251,Bose Headphones,$232.71,Credit Card (Mastercard),"4908 Main St, London, UK, M1 1AA",Cancelled,Poor quality 😞
TXN-20250906-000512,CUST-EU-0259,  ms. richard miller  ,RICHARD.MILLER@EMAIL.COM,"September 6, 2025 at 1:02PM",ELEC-AUDIO-7938,iPhone 15 Pro Max (256GB),$1302.54,CREDIT CARD,"9146 Oak Road, Chicago, NY 59464",Cancelled - 06/09/2025,
TXN-20250911-000513,CUST-ASIA-0360,David Miller,david.miller@email.com,2025-09-11T17:06:24Z,ELEC-CAMERA-1190,Samsung Galaxy S24,$1963.39,Apple Pay,"4510 High Street, London, UK, L1 1AA",Shipped (est. arrival: September 16),Good value for money
TXN-20251214-000514,CUST-ASIA-0071,,ROBERT.WILSON@EXAMPLE.COM,"December 14, 2025 at 6:38PM",ELEC-AUDIO-5067,"MacBook Pro 14""",$1997.23,PayPal,"7785 Main St, Birmingham, UK, M1 1AA",Shipped (est. arrival: December 17),Not worth the price
TXN-20250723-000515,CUST-ASIA-0206,,PATRICIA.SMITH@MAIL.COM,07/23/2025 09:44 PM,ELEC-CAMERA-6208,iPhone 15 Pro Max (256GB),1586.01,Google Pay,"1071 High Street, Birmingham, UK, L1 1AA",Delivered on 02/08/2025,Great product! 5 stars ⭐⭐⭐⭐⭐
TXN-20250214-000516,CUST-EU-0283,  Dr. Mary Davis  ,mary.davis@shop.com,14/02/2025 14:42,BOOK-EBOOK-5342,Business Magazine,£92.36,Google Pay,"5106 Oak Road, Liverpool, UK, B1 1AA",Delivered on 2025-02-21,Not worth the price
TXN-20251106-000517,CUST-CA-0070,ms. john anderson,JOHN.ANDERSON@EXAMPLE.COM,"November 6, 2025 at 8:34PM",ELEC-CAMERA-2013,Samsung Galaxy S24,$1624.63,credit_card,"1639 Park Ave, Birmingham, UK, B1 1AA",Delivered on 2025-11-14,
TXN-20250831-000518,CUST-EU-0414,JENNIFER JONES,,"August 31, 2025 at 3:03PM",SPORT-WINTER-8125,Diving Gear Set,$149.51,DEBIT CARD - Mastercard,"6941 Oak Road, Leeds, UK, B1 1AA",Delivered on 09/09/2025,Not worth the price
TXN-20240814-000519,CUSTCA0260,MR. ROBERT BROWN,robert.brown@mail.com,08/14/2024 06:25 AM,CLOTH-SHOES-6513,Summer Dress (M),190.31,Apple Pay,"2626 Main St, Manchester, UK, M1 1AA",Processing,Disappointed 😢
TXN-20250314-000520,CUST-UK-0245,  Mr. Robert Wilson  ,robert.wilson@shop.com,03/14/2025 04:33 PM,ELEC-TABLET-9247,"MacBook Pro 14""",£166.94,CREDIT CARD,"6490 High Street, Phoenix, CA 74819",Delivered on 18/03/2025,Not worth the price
TXN-20250330-000521,CUST-ASIA-0477,Dr. Patricia Miller,patricia.miller@shop.com,03/30/2025 11:48 AM,ELEC-LAPTOP-9663,"MacBook Pro 14""",$494.55,CREDIT CARD,"788 Park Ave, Los Angeles, IL 55921",Shipped (est. arrival: April 04),
TXN-20251118-000522,CUST-ASIA-0258,DR. EMMA WILSON,emma.wilson@mail.com,2025-11-18T21:54:56Z,HOME-BEDDING-6546,Wall Art Decoration,$235.72,Google Pay,"4678 Elm Street, Leeds, UK, L1 1AA",Delivered on 2025-11-27,Average product
TXN-20240905-000523,CUST-EU-0331,Mrs. John Brown,john.brown@email.com,05/09/2024 20:16,ELEC-PHONE-7341,Samsung Galaxy S24,€429.01,PayPal,"5325 Elm Street, Manchester, UK, B1 1AA",Shipped (est. arrival: September 10),Amazing! Highly recommend ⭐⭐⭐⭐⭐
TXN-20240113-000524,CUST-US-0359,Mrs. Patricia Anderson,,01/13/2024 09:23 PM,CLOTH-DRESS-5163,Summer Dress (M),£34.98,DEBIT CARD - Mastercard,"1081 Elm Street, Los Angeles, TX 91204",Delivered on 15/01/2024,Not worth the price
TXN-20240903-000525,CUST-EU-0064,Dr. James Rodriguez,james.rodriguez@test.com,03/09/2024 06:20,SPORT-WINTER-3539,Ski Jacket Waterproof,€88.10,credit_card,"4159 Elm Street, New York, AZ 14774",Cancelled - 05/09/2024,
TXN-20250724-000526,CUST-UK-0304,  SARAH BROWN  ,sarah.brown@test.com,2025-07-24T16:32:59Z,CLOTH-JACKET-4442,Levis Jeans 32x34,$181.86,Credit Card (Mastercard),"245 Main St, New York, NY 33033",Cancelled - 25/07/2025,
TXN-20240131-000527,CUST-CA-0324,ms. james wilson,james.wilson@email.com,01/31/2024 09:18 PM,ELEC-TABLET-2011,Samsung Galaxy S24,,Google Pay,"4528 Park Ave, Los Angeles, CA 82133",Processing,
TXN-20241119-000528,CUST-US-0018,,RICHARD.SMITH@EMAIL.COM,"November 19, 2024 at 8:21PM",HOME-LIGHTING-7212,Queen Bedding Set,€97.73,Apple Pay,"4402 Park Ave, Houston, IL 11709",Delivered on 22/11/2024,Average product
TXN-20241015-000529,CUST-US-0166,Dr. Linda Martinez,linda.martinez@example.com,10/15/2024 10:35 AM,CLOTH-SHOES-7876,Cotton T-Shirt,,Google Pay,"253 Elm Street, Leeds, UK, L1 1AA",Delivered on 24/10/2024,Disappointed 😢
TXN-20250921-000530,CUST-CA-0412,  Emma Davis  ,EMMA.DAVIS@TEST.COM,21/09/2025 15:40,ELEC-LAPTOP-8071,"MacBook Pro 14""",$1670.52,Credit Card (Mastercard),"9066 Elm Street, Birmingham, UK, M1 1AA",Delivered on 2025-09-30,Excellent quality 👍
TXN-20250416-000531,CUST-US-0149,  dr. robert davis  ,robert.davis@test.com,"April 16, 2025 at 6:37PM",SPORT-OUTDOOR-5592,Yoga Mat Premium,$231.98,Google Pay,"5477 Main St, Leeds, UK, SW1A 1AA",Processing,Not worth the price
TXN-20240929-000532,CUST-ASIA-0284,  Emma Davis  ,emma.davis@test.com,2024-09-29T02:46:03Z,HOME-BEDDING-1000,LED Floor Lamp,$616.97,Google Pay,"2813 High Street, Chicago, TX 27827",Shipped (est. arrival: October 06),Amazing! Highly recommend ⭐⭐⭐⭐⭐
TXN-20240106-000533,CUST-CA-0334,  MS. PATRICIA JONES  ,patricia.jones@mail.com,"January 6, 2024 at 7:50AM",SPORT-TEAM-1102,Diving Gear Set,,Credit Card (Visa),"2917 Main St, London, UK, B1 1AA",Shipped (est. arrival: January 12),
TXN-20240214-000534,CUST-UK-0117,JENNIFER WILLIAMS,jennifer.williams@mail.com,02/14/2024 09:36 PM,ELEC-CAMERA-5201,iPhone 15 Pro Max (256GB),$1437.18,CREDIT CARD,"7674 Oak Road, Phoenix, CA 82788",Processing,
TXN-20240920-000535,CUST-US-0242,patricia johnson,patricia.johnson@test.com,20/09/2024 06:22,ELEC-PHONE-5224,"MacBook Pro 14""",1241.01,Debit Card - Visa,,Shipped (est. arrival: September 25),Poor quality 😞
TXN-20250306-000536,CUST-ASIA-0208,Mrs. David Smith,david.smith@email.com,2025-03-06T22:20:51Z,SPORT-OUTDOOR-9964,Basketball Official,$462.54,Credit Card (Visa),"5421 Main St, Houston, IL 68394",Cancelled - 07/03/2025,Excellent quality 👍
TXN-20250107-000537,CUST-EU-0082,Patricia Anderson,patricia.anderson@email.com,01/07/2025 08:05 AM,HOME-FURNITURE-2666,Wall Art Decoration,,Credit Card (Visa),"2332 Main St, Houston, TX 48657",Shipped (est. arrival: January 11),Perfect! 5/5 stars
TXN-20260104-000538,CUST-ASIA-0162,Mary Hernandez,,"January 4, 2026 at 9:26AM",SPORT-TEAM-1975,Yoga Mat Premium,$461.51,credit_card,"5686 Elm Street, Birmingham, UK, LS1 1AA",Processing,
TXN-20241016-000539,CUST-UK-0052,ms. linda williams,linda.williams@test.com,16/10/2024 23:18,CLOTH-SHIRT-1788,Nike Running Shoes - Size 10,$291.55,Credit Card (Mastercard),"50 Oak Road, New York, CA 26522",Delivered on 26/10/2024,Amazing! Highly recommend ⭐⭐⭐⭐⭐
TXN-20240306-000540,CUST-CA-0154,  Mr. Sarah Hernandez  ,sarah.hernandez@test.com,2024-03-06T06:24:04Z,CLOTH-DRESS-6578,Levis Jeans 32x34,€134.12,Credit Card (Visa),"6518 Elm Street, London, UK, SW1A 1AA",Cancelled - 08/03/2024,Average product
TXN-20250505-000541,CUST-EU-0356,sarah hernandez,SARAH.HERNANDEZ@EMAIL.COM,05/05/2025 07:54 PM,BOOK-EBOOK-8511,Digital Marketing eBook,$10.72,Credit Card (Mastercard),"8082 High Street, Chicago, IL 59739",Cancelled - 05/05/2025,Amazing! Highly recommend ⭐⭐⭐⭐⭐
TXN-20240707-000542,CUST-CA-0339,  Robert Brown  ,robert.brown@example.com,07/07/2024 00:48,BOOK-FICTION-6835,Data Science Handbook,$47.26,Credit Card (Mastercard),,Delivered on 13/07/2024,Disappointed 😢
TXN-20241208-000543,CUST-UK-0279,JENNIFER ANDERSON,jennifer.anderson@test.com,2024-12-08T14:51:56Z,BOOK-FICTION-4783,Data Science Handbook,$10.76,credit_card,"1274 High Street, New York, AZ 70734",Delivered on 2024-12-17,Poor quality 😞
TXN-20240819-000544,CUST-US-0282,DAVID LOPEZ,david.lopez@shop.com,19/08/2024 21:46,SPORT-FITNESS-9556,Ski Jacket Waterproof,€293.63,Apple Pay,"3465 Park Ave, Liverpool, UK, L1 1AA",Delivered on 26/08/2024,Disappointed 😢
TXN-20240620-000545,CUST-UK-0049,John Lopez,john.lopez@mail.com,20/06/2024 23:38,SPORT-OUTDOOR-2100,Ski Jacket Waterproof,$301.40,Debit Card - Visa,"876 Elm Street, Manchester, UK, M1 1AA",Cancelled - 20/06/2024,
TXN-20250921-000546,CUST-EU-0475,DR. ROBERT SMITH,robert.smith@email.com,21/09/2025 23:23,SPORT-FITNESS-2081,Diving Gear Set,$118.23,Credit Card (Visa),"2091 High Street, New York, IL 37244",Shipped (est. arrival: September 25),
TXN-20250325-000547,CUST-EU-0436,mr. mary brown,mary.brown@shop.com,2025-03-25T10:43:52Z,ELEC-CAMERA-5152,Sony Camera A7,£1444.73,Google Pay,,Shipped (est. arrival: March 29),
TXN-20251029-000548,CUST-US-0213,david anderson,david.anderson@test.com,10/29/2025 08:04 PM,ELEC-TABLET-5062,Bose Headphones,£366.29,Credit Card (Mastercard),"6878 Oak Road, New York, IL 75678",Processing,Perfect! 5/5 stars
TXN-20250206-000549,CUST-US-0386,PATRICIA MILLER,PATRICIA.MILLER@MAIL.COM,02/06/2025 06:28 PM,SPORT-TEAM-5173,Basketball Official,$118.26,PayPal,"9299 Oak Road, Chicago, AZ 11118",Shipped (est. arrival: February 12),Poor quality 😞
TXN-20250129-000550,CUST-US-0452,Robert Jones,robert.jones@email.com,29/01/2025 18:54,HOME-KITCHEN-3478,Modern Sofa Set,£1433.79,Credit Card (Mastercard),"6678 Elm Street, Chicago, NY 41470",Cancelled - 30/01/2025,Average product
TXN-20240517-000551,CUST-ASIA-0493,robert garcia,ROBERT.GARCIA@SHOP.COM,05/17/2024 08:33 PM,CLOTH-SHIRT-2289,Summer Dress (M),$124.68,Apple Pay,"9236 Oak Road, Birmingham, UK, LS1 1AA",Cancelled,Amazing! Highly recommend ⭐⭐⭐⭐⭐
TXN-20260109-000552,CUST-ASIA-0462,Mrs. Emma Brown,emma.brown@mail.com,2026-01-09T11:17:08Z,SPORT-WATER-2041,Diving Gear Set,$188.05,Credit Card (Visa),"9383 Main St, Chicago, AZ 91045",Processing,Perfect! 5/5 stars
TXN-20250902-000553,CUST-ASIA-0403,MS. DAVID JONES,david@,09/02/2025 11:17 PM,CLOTH-PANTS-7028,Cotton T-Shirt,$281.28,Debit Card - Visa,"8921 High Street, Manchester, UK, LS1 1AA",Delivered on 08/09/2025,Average product
TXN-20260105-000554,CUST-CA-0232,MS. WILLIAM WILSON,user@domain,2026-01-05T22:09:59Z,ELEC-CAMERA-9697,"MacBook Pro 14""",£768.30,CREDIT CARD,"4602 High Street, Chicago, IL 37409",Cancelled,Disappointed 😢
TXN-20240219-000555,CUST-EU-0100,Joseph Anderson,joseph.anderson@shop.com,2024-02-19T18:26:12Z,BOOK-NONFICTION-8044,Digital Marketing eBook,$10.31,Credit Card (Visa),"5851 Oak Road, Liverpool, UK, SW1A 1AA",Delivered on 2024-02-26,Great product! 5 stars ⭐⭐⭐⭐⭐
TXN20240207000556,CUST-UK-0078,  ROBERT LOPEZ  ,robert.lopez@mail.com,"February 7, 2024 at 12:36PM",ELEC-CAMERA-1433,Bose Headphones,$1550.02,Credit Card (Mastercard),"8100 Main St, Manchester, UK, SW1A 1AA",Shipped (est. arrival: February 13),Not worth the price
TXN-20251227-000557,CUST-US-0370,,,"December 27, 2025 at 9:44AM",CLOTH-PANTS-3430,Levis Jeans 32x34,£83.52,credit_card,"24 High Street, Los Angeles, IL 72086",Shipped (est. arrival: December 31),Excellent quality 👍
TXN-20250603-000558,CUST-UK-0018,  MS. JOSEPH SMITH  ,,2025-06-03T05:00:31Z,SPORT-OUTDOOR-4275,Diving Gear Set,$213.30,CREDIT CARD,"3642 Elm Street, Liverpool, UK, M1 1AA",Delivered on 12/06/2025,Perfect! 5/5 stars
TXN-20251225-000559,CUST-UK-0133,DR. EMMA DAVIS,emma.davis@shop.com,12/25/2025 06:48 PM,CLOTH-PANTS-9328,Nike Running Shoes - Size 10,$299.20,credit_card,"3017 Oak Road, Houston, NY 56365",Shipped (est. arrival: January 01),Not worth the price
TXN-20240804-000560,CUST-EU-0200,ms. william wilson,WILLIAM.WILSON@EXAMPLE.COM,2024-08-04T00:42:20Z,BOOK-TEXTBOOK-2712,Data Science Handbook,$60.30,DEBIT CARD - Mastercard,"2433 Oak Road, New York, CA 96506",Shipped (est. arrival: August 10),Good value for money
TXN-20241020-000561,CUST-ASIA-0243,dr. emma lopez,,2024-10-20T23:17:04Z,ELEC-TABLET-2416,Sony Camera A7,$1544.53,Credit Card (Mastercard),"9441 Elm Street, Manchester, UK, L1 1AA",Processing,Disappointed 😢
TXN-20250101-000562,CUST-UK-0031,RICHARD WILLIAMS,RICHARD.WILLIAMS@SHOP.COM,01/01/2025 09:04,BOOK-FICTION-3227,The Great Gatsby [Paperback],,Google Pay,"8716 Oak Road, Leeds, UK, SW1A 1AA",Cancelled - 01/01/2025,Disappointed 😢
TXN-20240824-000563,CUST-EU-0395,,william.miller@test.com,"August 24, 2024 at 8:59PM",SPORT-WATER-6773,Camping Tent 4-Person,$350.35,Apple Pay,"5388 Park Ave, Phoenix, AZ 14047",Shipped (est. arrival: August 28),
TXN-20240216-000564,CUST-US-0301,Mr. John Wilson,john.wilson@test.com,02/16/2024 12:26 AM,HOME-BEDDING-1112,Modern Sofa Set,,Apple Pay,"4879 Elm Street, Leeds, UK, B1 1AA",Delivered on 24/02/2024,Not worth the price
TXN-20250312-000565,CUST-ASIA-0018,MRS. JOHN SMITH,JOHN.SMITH@SHOP.COM,2025-03-12T10:29:28Z,BOOK-TEXTBOOK-7989,Business Magazine,£89.45,Apple Pay,,Delivered on 2025-03-16,
TXN-20250625-000566,CUST-EU-0212,Mr. Sarah Johnson,,06/25/2025 02:27 PM,SPORT-WATER-6712,Basketball Official,$181.94,Debit Card - Visa,"3628 Elm Street, New York, IL 43737",Delivered on 03/07/2025,Average product
TXN-20250914-000567,CUST-ASIA-0440,lisa jones,lisa.jones@example.com,09/14/2025 06:21 AM,SPORT-OUTDOOR-3393,Camping Tent 4-Person,€312.58,CREDIT CARD,"8559 Park Ave, London, UK, M1 1AA",Shipped (est. arrival: September 17),Arrived damaged 😠
TXN-20250401-000568,CUST-EU-0354,Lisa Wilson,lisa.wilson@email.com,"April 1, 2025 at 8:08PM",BOOK-TEXTBOOK-6516,Digital Marketing eBook,$13.36,Apple Pay,"4988 High Street, Los Angeles, AZ 18400",Delivered on 2025-04-03,Not worth the price
TXN-20240419-000569,CUST-EU-0059,Mrs. Lisa Garcia,lisa.garcia@shop.com,"April 19, 2024 at 10:39PM",BOOK-FICTION-8049,The Great Gatsby [Paperback],$33.50,DEBIT CARD - Mastercard,"6498 Elm Street, New York, CA 21094",Processing,
TXN-20240728-000570,CUST-UK-0425,WILLIAM LOPEZ,WILLIAM.LOPEZ@EMAIL.COM,28/07/2024 12:42,BOOK-NONFICTION-2765,The Great Gatsby [Paperback],€47.41,Credit Card (Visa),"536 Park Ave, Manchester, UK, L1 1AA",Processing,Arrived damaged 😠
TXN-20240221-000571,CUST-US-0413,DR. LISA DAVIS,lisa.davis@example.com,"February 21, 2024 at 8:53PM",ELEC-LAPTOP-4741,Bose Headphones,£368.57,Apple Pay,"5544 High Street, Los Angeles, CA 54141",Shipped (est. arrival: February 28),
TXN20240827000572,CUST-EU-0009,  JENNIFER JOHNSON  ,JENNIFER.JOHNSON@EXAMPLE.COM,08/27/2024 06:27 PM,BOOK-EBOOK-2109,The Great Gatsby [Paperback],$93.95,Google Pay,"9989 Park Ave, Manchester, UK, SW1A 1AA",Shipped (est. arrival: September 01),Average product
TXN-20240227-000573,CUST-EU-0463,  dr. patricia martinez  ,patricia.martinez@email.com,27/02/2024 12:04,CLOTH-SHIRT-3081,Cotton T-Shirt,$227.59,credit_card,"2170 Oak Road, New York, TX 58929",Processing,Good value for money
TXN-20250418-000574,CUST-US-0491,  ms. lisa hernandez  ,LISA.HERNANDEZ@TEST.COM,"April 18, 2025 at 6:14PM",HOME-FURNITURE-7329,Kitchen Mixer,€677.84,Credit Card (Mastercard),"2948 Park Ave, New York, AZ 88485",Cancelled,Amazing! Highly recommend ⭐⭐⭐⭐⭐
TXN-20250603-000575,CUST-EU-0076,Ms. William Brown,WILLIAM.BROWN@EXAMPLE.COM,03/06/2025 22:02,ELEC-PHONE-9698,Sony Camera A7,£1965.91,Credit Card (Visa),"1212 Main St, Houston, IL 16485",Shipped (est. arrival: June 10),Excellent quality 👍
TXN-20250824-000576,CUST-ASIA-0356,  emma lopez  ,emma.lopez@mail.com,08/24/2025 10:23 AM,CLOTH-PANTS-8444,Levis Jeans 32x34,€60.42,Debit Card - Visa,"9685 Oak Road, Manchester, UK, M1 1AA",Delivered on 03/09/2025,Amazing! Highly recommend ⭐⭐⭐⭐⭐
TXN-20241028-000577,CUST-US-0427,Ms. Linda Rodriguez,linda.rodriguez@email.com,"October 28, 2024 at 7:04PM",ELEC-TABLET-7185,Bose Headphones,€660.78,credit_card,"6509 Elm Street, Los Angeles, CA 96236",Processing,Amazing! Highly recommend ⭐⭐⭐⭐⭐
TXN-20240708-000578,CUST-UK-0255,  mr. robert williams  ,ROBERT.WILLIAMS@MAIL.COM,2024-07-08T17:59:10Z,SPORT-OUTDOOR-1455,Basketball Official,$160.77,Apple Pay,"3578 Elm Street, Chicago, IL 87517",Cancelled - 08/07/2024,Poor quality 😞
TXN-20251023-000579,CUST-ASIA-0371,Mrs. Robert Smith,user@domain,23/10/2025 11:06,SPORT-TEAM-2590,Camping Tent 4-Person,$386.13,PayPal,"2573 High Street, New York, CA 94196",Delivered on 27/10/2025,Amazing! Highly recommend ⭐⭐⭐⭐⭐
TXN-20250607-000580,CUST-ASIA-0365,Mrs. Linda Miller,linda.miller@example.com,"June 7, 2025 at 4:24PM",SPORT-TEAM-5294,Ski Jacket Waterproof,$381.29,CREDIT CARD,"8157 Park Ave, Houston, CA 78736",Processing,
TXN-20251015-000581,CUST-ASIA-0205,mrs. mary martinez,mary.martinez@example.com,15/10/2025 10:01,BOOK-NONFICTION-3933,The Great Gatsby [Paperback],$14.09,Credit Card (Mastercard),"4611 Elm Street, Liverpool, UK, SW1A 1AA",Delivered on 24/10/2025,Perfect! 5/5 stars
TXN-20250825-000582,CUST-ASIA-0314,james johnson,james.johnson@example.com,08/25/2025 07:03 PM,BOOK-EBOOK-1343,Data Science Handbook,$27.70,Apple Pay,"3090 Main St, Birmingham, UK, SW1A 1AA",Processing,Amazing! Highly recommend ⭐⭐⭐⭐⭐
TXN-20240907-000583,CUST-US-0282,James Lopez,JAMES.LOPEZ@TEST.COM,09/07/2024 10:29 AM,BOOK-EBOOK-9748,Digital Marketing eBook,$31.97,PayPal,"8219 Oak Road, Manchester, UK, M1 1AA",Cancelled,
TXN-20241210-000584,CUST-CA-0494,MRS. RICHARD ANDERSON,richard.anderson@shop.com,2024-12-10T09:32:50Z,ELEC-PHONE-2218,Samsung Galaxy S24,"£1,805.13",CREDIT CARD,"8325 High Street, Birmingham, UK, M1 1AA",Cancelled,Good value for money
TXN-20250503-000585,CUST-US-0377,Ms. Joseph Davis,JOSEPH.DAVIS@EMAIL.COM,2025-05-03T11:04:39Z,SPORT-WINTER-2645,Basketball Official,€313.18,Credit Card (Mastercard),"5773 Oak Road, Liverpool, UK, L1 1AA",Shipped (est. arrival: May 10),
TXN-20251107-000586,CUST-EU-0009,,DAVID.GARCIA@EMAIL.COM,"November 7, 2025 at 6:37PM",HOME-BEDDING-4344,Kitchen Mixer,,Apple Pay,"148 Park Ave, Manchester, UK, L1 1AA",Delivered on 2025-11-16,Arrived damaged 😠
TXN-20250225-000587,CUST-US-0156,Mrs. Jennifer Martinez,,02/25/2025 08:18 PM,BOOK-TEXTBOOK-6766,Business Magazine,$95.82,Debit Card - Visa,"1844 Elm Street, Chicago, TX 41789",Processing,Arrived damaged 😠
TXN-20250703-000588,CUST-UK-0055,JENNIFER RODRIGUEZ,jennifer.rodriguez@test.com,2025-07-03T08:56:02Z,BOOK-FICTION-6352,Data Science Handbook,€22.56,CREDIT CARD,,Processing,Amazing! Highly recommend ⭐⭐⭐⭐⭐
TXN-20250102-000589,CUSTEU0395,Joseph Rodriguez,joseph.rodriguez@email.com,02/01/2025 20:47,CLOTH-JACKET-8761,Summer Dress (M),$136.48,Google Pay,"6072 Main St, London, UK, M1 1AA",Delivered on 09/01/2025,Perfect! 5/5 stars
TXN-20240414-000590,CUST-ASIA-0306,MRS. JOHN GARCIA,john.garcia@test.com,01/01/2020 12:00 AM,SPORT-TEAM-8077,Diving Gear Set,$367.48,credit_card,"6791 Main St, London, UK, SW1A 1AA",Shipped (est. arrival: April 20),Excellent quality 👍
TXN-20240218-000591,CUST-ASIA-0156,Mrs. Jennifer Smith,jennifer.smith@test.com,2024-02-18T14:50:49Z,HOME-DECOR-5929,Modern Sofa Set,$505.70,Google Pay,"2244 High Street, Los Angeles, CA 65767",Delivered on 2024-02-20,Amazing! Highly recommend ⭐⭐⭐⭐⭐
TXN-20250326-000592,CUST-UK-0133,Dr. Joseph Miller,joseph.miller@test.com,"March 26, 2025 at 11:00AM",CLOTH-SHIRT-4797,Cotton T-Shirt,$291.45,Credit Card (Mastercard),"2724 Elm Street, London, UK, SW1A 1AA",Shipped (est. arrival: April 01),
TXN-20240708-000593,CUST-US-0477,Richard Davis,richard.davis@mail.com,08/07/2024 18:35,HOME-LIGHTING-9938,Wall Art Decoration,$502.21,Debit Card - Visa,"2791 Park Ave, Manchester, UK, B1 1AA",Delivered on 2024-07-16,Disappointed 😢
TXN-20250112-000594,CUST-ASIA-0029,James Anderson,james.anderson@mail.com,12/01/2025 12:55,HOME-DECOR-6842,Wall Art Decoration,"$1,284.17",Google Pay,"1952 High Street, Phoenix, TX 49358",Processing,Arrived damaged 😠
TXN-20240727-000595,CUST-CA-0262,  Sarah Johnson  ,sarah.johnson@shop.com,"July 27, 2024 at 4:32PM",SPORT-OUTDOOR-7997,Yoga Mat Premium,£410.74,Google Pay,"8902 Oak Road, Chicago, AZ 11263",Shipped (est. arrival: August 01),Not worth the price
TXN-20240704-000596,CUST-ASIA-0355,Linda Hernandez,linda.hernandez@test.com,07/04/2024 10:17 AM,ELEC-TABLET-7960,Sony Camera A7,€220.86,credit_card,,Shipped (est. arrival: July 08),Poor quality 😞
TXN-20250824-000597,CUST-UK-0193,Joseph Garcia,joseph.garcia@example.com,2025-08-24T17:34:57Z,SPORT-TEAM-8859,Camping Tent 4-Person,$467.28,CREDIT CARD,"9740 High Street, Chicago, IL 78428",Processing,Good value for money
TXN-20250613-000598,CUST-CA-0385,MS. JENNIFER GARCIA,,2025-06-13T09:33:47Z,HOME-LIGHTING-6710,LED Floor Lamp,,Google Pay,"8828 Main St, Manchester, UK, B1 1AA",Shipped (est. arrival: June 20),Disappointed 😢
TXN-20240324-000599,CUST-CA-0385,,joseph.jones@shop.com,2024-03-24T08:11:46Z,CLOTH-JACKET-7409,Cotton T-Shirt,£28.31,CREDIT CARD,"1870 Elm Street, Manchester, UK, L1 1AA",Cancelled - 26/03/2024,Not worth the price
TXN20250813000600,CUST-US-0421,Jennifer Hernandez,,01/01/2020 12:00 AM,BOOK-EBOOK-4403,Data Science Handbook,69.13,Google Pay,"195 Park Ave, Manchester, UK, M1 1AA",Cancelled,
TXN-20250812-000601,CUSTUS0300,Linda Rodriguez,LINDA.RODRIGUEZ@EMAIL.COM,2025-08-12T13:34:51Z,BOOK-FICTION-1967,Business Magazine,$55.21,credit_card,"4905 Main St, Los Angeles, TX 70429",Processing,Good value for money
TXN-20250523-000602,CUST-UK-0388,Lisa Johnson,lisa.johnson@test.com,"May 23, 2025 at 4:55PM",SPORT-FITNESS-1116,Basketball Official,$229.35,PayPal,"1409 Oak Road, Leeds, UK, M1 1AA",Cancelled - 25/05/2025,Excellent quality 👍
TXN-20240413-000603,CUST-CA-0490,,robert.anderson@shop.com,13/04/2024 21:18,BOOK-EBOOK-1076,Python Programming,$43.99,Apple Pay,,Shipped (est. arrival: April 18),Amazing! Highly recommend ⭐⭐⭐⭐⭐
TXN-20250223-000604,CUST-US-0192,WILLIAM RODRIGUEZ,william.rodriguez@example.com,02/23/2025 09:16 PM,CLOTH-SHOES-3200,Cotton T-Shirt,$95.76,DEBIT CARD - Mastercard,"3464 Elm Street, Leeds, UK, L1 1AA",Delivered on 2025-03-03,
TXN-20251003-000605,CUST-EU-0292,Dr. James Wilson,james.wilson@email.com,10/03/2025 09:31 AM,CLOTH-DRESS-9808,Leather Jacket [L],$268.71,CREDIT CARD,"9175 Main St, Leeds, UK, B1 1AA",Delivered on 2025-10-08,Good value for money
TXN-20250619-000606,CUST-UK-0260,mr. lisa davis,lisa.davis@mail.com,19/06/2025 19:38,ELEC-TABLET-2544,Samsung Galaxy S24,$269.80,Apple Pay,"380 Park Ave, Houston, CA 26740",Processing,Great product! 5 stars ⭐⭐⭐⭐⭐
TXN-20240925-000607,CUST-EU-0434,Sarah Johnson,,25/09/2024 20:17,ELEC-PHONE-9105,Bose Headphones,$361.14,CREDIT CARD,"1234 Main St, Phoenix, IL 73271",Shipped (est. arrival: September 29),Good value for money
TXN20250421000608,CUST-CA-0374,Dr. Patricia Miller,patricia.miller@shop.com,21/04/2025 02:53,HOME-DECOR-4039,Kitchen Mixer,$1019.97,Credit Card (Visa),"581 Main St, Phoenix, TX 60144",Cancelled - 21/04/2025,
TXN-20250713-000609,CUST-US-0087,ROBERT WILSON,robert.wilson@shop.com,2025-07-13T14:34:37Z,CLOTH-SHIRT-6904,Levis Jeans 32x34,114.91,Credit Card (Mastercard),"8109 Main St, Phoenix, NY 53717",Cancelled,
TXN-20240205-000610,CUST-EU-0088,,sarah.rodriguez@example.com,"February 5, 2024 at 1:59PM",CLOTH-SHIRT-1408,Summer Dress (M),$228.17,credit_card,"8965 Main St, Leeds, UK, SW1A 1AA",Cancelled - 06/02/2024,
TXN-20240818-000611,CUST-EU-0403,MRS. ROBERT JOHNSON,ROBERT.JOHNSON@SHOP.COM,08/18/2024 12:47 PM,ELEC-LAPTOP-1278,Bose Headphones,1693.01,credit_card,"6893 Park Ave, Birmingham, UK, SW1A 1AA",Shipped (est. arrival: August 22),Excellent quality 👍
TXN-20251029-000612,CUSTCA0369,Dr. William Williams,william.williams@test.com,29/10/2025 18:20,CLOTH-SHIRT-2741,Cotton T-Shirt,$278.21,Apple Pay,"4679 Elm Street, Leeds, UK, B1 1AA",Cancelled - 31/10/2025,Good value for money
TXN-20251121-000613,CUST-US-0195,,,"November 21, 2025 at 5:18AM",ELEC-AUDIO-2794,Bose Headphones,304.73,CREDIT CARD,"3304 Park Ave, Los Angeles, CA 91962",Shipped (est. arrival: November 26),Good value for money
TXN-20250323-000614,CUST-CA-0021,  Mrs. Sarah Martinez  ,sarah.martinez@example.com,"March 23, 2025 at 1:21PM",CLOTH-SHOES-3431,Nike Running Shoes - Size 10,233.18,CREDIT CARD,"6176 High Street, Houston, TX 48232",Delivered on 2025-03-25,Arrived damaged 😠
TXN-20240402-000615,CUST-UK-0061,John Martinez,john.martinez@shop.com,02/04/2024 19:47,BOOK-MAGAZINE-9715,Business Magazine,£44.94,CREDIT CARD,"1347 Elm Street, Leeds, UK, LS1 1AA",Processing,Great product! 5 stars ⭐⭐⭐⭐⭐
TXN20240221000616,CUST-CA-0306,,WILLIAM.BROWN@SHOP.COM,21/02/2024 08:38,ELEC-AUDIO-2395,"MacBook Pro 14""",$1403.89,Debit Card - Visa,"2459 High Street, Birmingham, UK, SW1A 1AA",Delivered on 2024-02-28,Amazing! Highly recommend ⭐⭐⭐⭐⭐
TXN-20250226-000617,CUST-ASIA-0229,DR. JENNIFER MARTINEZ,,26/02/2025 16:17,CLOTH-SHIRT-2564,Nike Running Shoes - Size 10,$24.49,Credit Card (Mastercard),"8307 Oak Road, Los Angeles, AZ 28058",Processing,Poor quality 😞
TXN-20250204-000618,CUST-ASIA-0272,Dr. Mary Davis,MARY.DAVIS@EMAIL.COM,02/04/2025 11:01 PM,HOME-DECOR-4641,Kitchen Mixer,$264.42,credit_card,"9039 Main St, Liverpool, UK, SW1A 1AA",Cancelled,Not worth the price
TXN-20241220-000619,CUST-UK-0444,ms. john smith,invalid-email,2024-12-20T09:05:01Z,CLOTH-JACKET-4969,Cotton T-Shirt,$266.11,Apple Pay,"1125 Elm Street, New York, IL 26396",Processing,
TXN-20260123-000620,CUST-ASIA-0385,Dr. Linda Wilson,linda.wilson@email.com,23/01/2026 14:01,BOOK-EBOOK-4584,Python Programming,$39.96,PayPal,"5065 Park Ave, Chicago, CA 29516",Cancelled - 23/01/2026,Poor quality 😞
TXN-20240616-000621,CUST-EU-0384,mrs. william williams,william.williams@mail.com,16/06/2024 12:04,HOME-BEDDING-3500,Wall Art Decoration,€679.64,Debit Card - Visa,"4808 Main St, Los Angeles, AZ 20553",Shipped (est. arrival: June 21),
TXN-20250226-000622,CUST-CA-0056,dr. jennifer davis,,2025-02-26T09:07:09Z,HOME-BEDDING-7199,LED Floor Lamp,€1192.23,DEBIT CARD - Mastercard,"2681 Oak Road, Los Angeles, NY 85344",Processing,Excellent quality 👍
TXN-20240506-000623,CUST-CA-0364,  Sarah Rodriguez  ,SARAH.RODRIGUEZ@MAIL.COM,06/05/2024 20:46,SPORT-TEAM-9199,Ski Jacket Waterproof,€156.68,Apple Pay,"4255 Main St, Birmingham, UK, SW1A 1AA",Delivered on 2024-05-08,Not worth the price
TXN-20241114-000624,CUST-EU-0043,MRS. JOHN JOHNSON,john.johnson@test.com,14/11/2024 19:41,CLOTH-SHOES-3331,Nike Running Shoes - Size 10,34.80,PayPal,"1721 Elm Street, Liverpool, UK, L1 1AA",Delivered on 2024-11-17,
TXN-20240802-000625,CUST-UK-0480,Ms. Sarah Johnson,sarah.johnson@test.com,"August 2, 2024 at 7:39PM",ELEC-CAMERA-3549,"MacBook Pro 14""","$1,457.43",Debit Card - Visa,,Delivered on 2024-08-05,Average product
TXN-20241211-000626,CUST-UK-0012,  ms. james rodriguez  ,JAMES.RODRIGUEZ@MAIL.COM,11/12/2024 08:01,CLOTH-SHOES-2834,Leather Jacket [L],£51.10,credit_card,"3323 Elm Street, Leeds, UK, B1 1AA",Cancelled,Disappointed 😢
TXN-20241212-000627,CUST-UK-0450,Mary Smith,,12/12/2024 06:42 PM,SPORT-FITNESS-1241,Camping Tent 4-Person,$404.24,credit_card,"2659 Main St, Leeds, UK, L1 1AA",Delivered on 20/12/2024,Good value for money
TXN-20241226-000628,CUSTUK0342,,richard.davis@example.com,12/26/2024 06:07 AM,HOME-DECOR-2465,Kitchen Mixer,468.34,Credit Card (Visa),"3565 High Street, Phoenix, IL 16084",Processing,Excellent quality 👍
TXN-20250926-000629,CUST-CA-0114,  dr. james anderson  ,james.anderson@example.com,"September 26, 2025 at 6:06AM",ELEC-PHONE-6183,Samsung Galaxy S24,$785.26,Apple Pay,"4765 Park Ave, Los Angeles, AZ 42121",Shipped (est. arrival: October 01),
TXN-20240104-000630,CUST-US-0420,MRS. MICHAEL DAVIS,michael.davis@mail.com,04/01/2024 11:21,BOOK-FICTION-6243,Digital Marketing eBook,$92.30,Google Pay,"8073 Elm Street, Los Angeles, CA 22908",Processing,Disappointed 😢
TXN-20250602-000631,CUST-ASIA-0186,Linda Hernandez,LINDA.HERNANDEZ@SHOP.COM,06/02/2025 07:27 PM,HOME-KITCHEN-8129,Kitchen Mixer,$237.78,Google Pay,"3336 Park Ave, Houston, NY 75541",Cancelled,Average product
TXN-20250507-000632,CUST-EU-0032,Emma Jones,emma.jones@email.com,2025-05-07T14:10:36Z,SPORT-TEAM-8520,Camping Tent 4-Person,€148.29,credit_card,"7388 Oak Road, Chicago, NY 77658",Cancelled - 08/05/2025,
TXN-20251030-000633,CUST-UK-0074,linda anderson,linda.anderson@mail.com,30/10/2025 21:27,HOME-LIGHTING-3054,Wall Art Decoration,$728.52,Credit Card (Visa),"4314 Elm Street, Leeds, UK, L1 1AA",Shipped (est. arrival: November 03),
TXN-20241208-000634,CUST-US-0178,Linda Martinez,linda.martinez@email.com,12/08/2024 06:47 PM,HOME-FURNITURE-6149,Wall Art Decoration,€114.93,Google Pay,"5555 Elm Street, Houston, NY 30812",Delivered on 13/12/2024,Poor quality 😞
TXN-20240704-000635,CUST-UK-0441,ROBERT DAVIS,ROBERT.DAVIS@SHOP.COM,07/04/2024 08:41 PM,ELEC-PHONE-2228,Sony Camera A7,"€1,233.16",credit_card,,Processing,
TXN-20241001-000636,CUST-EU-0284,mrs. robert johnson,robert.johnson@shop.com,2024-10-01T23:56:17Z,BOOK-MAGAZINE-1227,The Great Gatsby [Paperback],45.78,CREDIT CARD,"415 Oak Road, Leeds, UK, SW1A 1AA",Shipped (est. arrival: October 04),Average product
TXN-20250401-000637,CUST-ASIA-0021,JOHN JONES,john.jones@mail.com,01/04/2025 21:28,BOOK-MAGAZINE-4667,The Great Gatsby [Paperback],€80.43,Credit Card (Visa),"8847 Park Ave, New York, TX 83770",Processing,
TXN-20241224-000638,CUST-ASIA-0282,JENNIFER BROWN,jennifer.brown@mail.com,12/24/2024 11:41 AM,CLOTH-JACKET-2931,Leather Jacket [L],€236.27,Apple Pay,"7415 High Street, Los Angeles, TX 53401",Processing,
TXN-20250825-000639,CUST-CA-0320,Lisa Lopez,,25/08/2025 06:00,HOME-BEDDING-1355,Wall Art Decoration,$181.83,Credit Card (Mastercard),"6086 Park Ave, Manchester, UK, L1 1AA",Delivered on 2025-08-31,
TXN-20250821-000640,CUST-EU-0461,,SARAH.BROWN@SHOP.COM,2025-08-21T08:56:46Z,HOME-KITCHEN-6636,Modern Sofa Set,$526.34,Credit Card (Visa),"3704 Elm Street, Liverpool, UK, L1 1AA",Processing,Average product
TXN-20250930-000641,CUST-EU-0398,robert jones,ROBERT.JONES@EXAMPLE.COM,"September 30, 2025 at 9:50AM",SPORT-WINTER-4776,Yoga Mat Premium,£67.97,Apple Pay,"5130 Elm Street, Liverpool, UK, L1 1AA",Shipped (est. arrival: October 03),
TXN-20240905-000642,CUST-EU-0206,  MR. LISA JONES  ,lisa.jones@example.com,05/09/2024 13:50,HOME-FURNITURE-4328,Queen Bedding Set,€295.79,Google Pay,"6102 Park Ave, Los Angeles, TX 62531",Cancelled - 06/09/2024,Perfect! 5/5 stars
TXN-20240914-000643,CUST-US-0073,  ms. david johnson  ,david.johnson@test.com,14/09/2024 12:12,SPORT-TEAM-6167,Camping Tent 4-Person,$54.83,DEBIT CARD - Mastercard,"1542 Main St, New York, AZ 28294",Processing,Great product! 5 stars ⭐⭐⭐⭐⭐
TXN-20250613-000644,CUST-CA-0249,ms. robert jones,ROBERT.JONES@EMAIL.COM,"June 13, 2025 at 7:16PM",ELEC-AUDIO-9933,Samsung Galaxy S24,£676.61,Credit Card (Visa),"4957 Oak Road, Leeds, UK, SW1A 1AA",Cancelled,Average product
TXN-20240801-000645,CUST-EU-0388,MR. JAMES MILLER,james.miller@example.com,01/08/2024 06:33,SPORT-TEAM-8099,Basketball Official,,CREDIT CARD,,Shipped (est. arrival: August 07),Great product! 5 stars ⭐⭐⭐⭐⭐
TXN-20260127-000646,CUST-UK-0204,Jennifer Wilson,JENNIFER.WILSON@EMAIL.COM,01/27/2026 10:11 AM,SPORT-WATER-3765,Ski Jacket Waterproof,£383.62,Apple Pay,"2753 Park Ave, Leeds, UK, M1 1AA",Cancelled,
TXN-20251023-000647,CUST-EU-0087,  dr. michael johnson  ,michael.johnson@example.com,10/23/2025 09:25 AM,BOOK-NONFICTION-8264,The Great Gatsby [Paperback],84.79,DEBIT CARD - Mastercard,"7051 Main St, Houston, IL 18749",Delivered on 28/10/2025,
TXN-20240327-000648,CUST-ASIA-0126,JAMES MARTINEZ,james.martinez@mail.com,27/03/2024 14:01,CLOTH-SHOES-1094,Nike Running Shoes - Size 10,$149.19,Credit Card (Mastercard),"6849 Main St, Leeds, UK, LS1 1AA",Shipped (est. arrival: April 02),Good value for money
TXN20251231000649,CUST-ASIA-0294,Dr. Robert Brown,robert.brown@shop.com,31/12/2025 01:59,CLOTH-PANTS-7723,Nike Running Shoes - Size 10,$99.27,PayPal,"1625 High Street, Chicago, NY 46178",Cancelled - 31/12/2025,Perfect! 5/5 stars
TXN-20250619-000650,CUST-UK-0487,,richard.smith@email.com,19/06/2025 13:21,HOME-BEDDING-2138,Queen Bedding Set,$678.83,PayPal,"2826 Park Ave, New York, CA 33953",Shipped (est. arrival: June 25),Amazing! Highly recommend ⭐⭐⭐⭐⭐
TXN-20240320-000651,CUST-EU-0087,Mr. David Wilson,david.wilson@email.com,2024-03-20T19:23:47Z,ELEC-LAPTOP-6880,"MacBook Pro 14""",$1692.03,Debit Card - Visa,"7662 Main St, Houston, IL 77596",Delivered on 22/03/2024,Not worth the price
TXN-20251002-000652,CUST-ASIA-0484,DR. DAVID LOPEZ,invalid-email,2025-10-02T07:43:27Z,SPORT-OUTDOOR-8814,Ski Jacket Waterproof,€257.15,Google Pay,"8278 Elm Street, Birmingham, UK, B1 1AA",Shipped (est. arrival: October 08),
TXN-20260115-000653,CUST-UK-0278,MRS. LINDA GARCIA,linda.garcia@mail.com,2026-01-15T18:56:44Z,CLOTH-SHOES-2100,Summer Dress (M),£124.37,Credit Card (Visa),"2444 Main St, Phoenix, NY 31880",Processing,Disappointed 😢
TXN-20251027-000654,CUST-ASIA-0011,MRS. EMMA MILLER,emma.miller@shop.com,27/10/2025 11:25,BOOK-MAGAZINE-9342,Data Science Handbook,$69.93,Credit Card (Mastercard),"8979 High Street, Manchester, UK, LS1 1AA",Cancelled,Excellent quality 👍
TXN-20250921-000655,CUST-CA-0261,  Mr. Sarah Rodriguez  ,sarah.rodriguez@mail.com,21/09/2025 19:55,CLOTH-DRESS-3771,Cotton T-Shirt,€154.84,DEBIT CARD - Mastercard,"359 Park Ave, Liverpool, UK, M1 1AA",Shipped (est. arrival: September 24),Great product! 5 stars ⭐⭐⭐⭐⭐
TXN-20240925-000656,CUST-UK-0288,Mrs. Richard Johnson,RICHARD.JOHNSON@SHOP.COM,"September 25, 2024 at 10:43PM",ELEC-CAMERA-3668,Bose Headphones,£975.40,CREDIT CARD,"1313 Elm Street, Liverpool, UK, M1 1AA",Cancelled,Not worth the price
TXN-20240727-000657,CUST-UK-0047,Mrs. Joseph Smith,,"July 27, 2024 at 11:05PM",CLOTH-JACKET-9774,Levis Jeans 32x34,$288.14,Credit Card (Visa),"1851 Oak Road, Phoenix, TX 84131",Delivered on 04/08/2024,
TXN20241214000658,CUST-CA-0133,  dr. michael brown  ,michael.brown@shop.com,"December 14, 2024 at 2:32PM",ELEC-CAMERA-9827,iPhone 15 Pro Max (256GB),€803.41,PayPal,"1867 Main St, Phoenix, AZ 94567",Delivered on 22/12/2024,Arrived damaged 😠
TXN-20260110-000659,CUST-CA-0335,  ms. john brown  ,john.brown@test.com,10/01/2026 11:32,HOME-FURNITURE-8311,Modern Sofa Set,$790.84,CREDIT CARD,"2714 Oak Road, Liverpool, UK, M1 1AA",Processing,Good value for money
TXN-20241130-000660,CUST-EU-0235,mr. william martinez,william.martinez@email.com,2024-11-30T21:24:54Z,ELEC-CAMERA-2840,Bose Headphones,1609.63,Credit Card (Visa),"8690 Main St, Los Angeles, AZ 12194",Cancelled,Perfect! 5/5 stars
TXN-20240718-000661,CUST-ASIA-0452,mrs. sarah garcia,,18/07/2024 19:18,ELEC-PHONE-3926,iPhone 15 Pro Max (256GB),,DEBIT CARD - Mastercard,"3522 High Street, Phoenix, NY 12433",Shipped (est. arrival: July 24),Great product! 5 stars ⭐⭐⭐⭐⭐
TXN-20240706-000662,CUST-UK-0232,JOSEPH LOPEZ,joseph@,07/06/2024 08:57 PM,CLOTH-SHOES-6214,Levis Jeans 32x34,$118.54,CREDIT CARD,"1297 Oak Road, Birmingham, UK, B1 1AA",Delivered on 11/07/2024,Amazing! Highly recommend ⭐⭐⭐⭐⭐
TXN-20250606-000663,CUST-ASIA-0061,MS. JENNIFER DAVIS,jennifer.davis@mail.com,06/06/2025 14:51,CLOTH-PANTS-8010,Nike Running Shoes - Size 10,£194.98,credit_card,"6109 Elm Street, Leeds, UK, M1 1AA",Shipped (est. arrival: June 09),Poor quality 😞
TXN-20250911-000664,CUST-EU-0095,JENNIFER MARTINEZ,,11/09/2025 10:22,SPORT-WINTER-7687,Camping Tent 4-Person,£305.25,CREDIT CARD,"4063 Elm Street, Houston, TX 82462",Cancelled - 13/09/2025,Not worth the price
TXN20250320000665,CUST-EU-0063,  Dr. Robert Smith  ,robert.smith@shop.com,"March 20, 2025 at 2:01PM",SPORT-FITNESS-3535,Camping Tent 4-Person,$162.56,Google Pay,"6536 High Street, New York, IL 90863",Delivered on 26/03/2025,Average product
TXN-20241103-000666,CUST-ASIA-0254,MS. WILLIAM ANDERSON,william.anderson@test.com,03/11/2024 12:00,BOOK-TEXTBOOK-3617,Data Science Handbook,,DEBIT CARD - Mastercard,,Delivered on 09/11/2024,Poor quality 😞
TXN-20250805-000667,CUST-CA-0424,  mr. linda smith  ,LINDA.SMITH@MAIL.COM,05/08/2025 08:33,ELEC-CAMERA-7692,Sony Camera A7,$1957.43,Debit Card - Visa,"111 Main St, Houston, IL 50285",Shipped (est. arrival: August 10),Excellent quality 👍
TXN-20251103-000668,CUST-UK-0162,  Ms. John Davis  ,john.davis@email.com,03/11/2025 19:53,SPORT-OUTDOOR-1737,Camping Tent 4-Person,$302.32,PayPal,"3441 Park Ave, Chicago, CA 34887",Processing,
TXN-20241020-000669,CUST-US-0221,  James Miller  ,james.miller@example.com,20/10/2024 18:58,HOME-FURNITURE-2168,Queen Bedding Set,,PayPal,"2728 Elm Street, Birmingham, UK, SW1A 1AA",Processing,Average product
TXN-20240918-000670,CUST-US-0417,  Emma Rodriguez  ,emma.rodriguez@example.com,"September 18, 2024 at 11:42AM",HOME-KITCHEN-7429,Kitchen Mixer,98.93,Debit Card - Visa,"186 Main St, Birmingham, UK, B1 1AA",Processing,
TXN-20241009-000671,CUST-CA-0128,PATRICIA RODRIGUEZ,patricia.rodriguez@example.com,09/10/2024 16:58,BOOK-NONFICTION-1653,Data Science Handbook,$45.94,Credit Card (Visa),"7288 Main St, Manchester, UK, LS1 1AA",Processing,Not worth the price
TXN-20240402-000672,CUST-ASIA-0196,,PATRICIA.MARTINEZ@MAIL.COM,"April 2, 2024 at 12:01PM",CLOTH-JACKET-8674,Summer Dress (M),€272.00,CREDIT CARD,"7913 Main St, Liverpool, UK, M1 1AA",Delivered on 05/04/2024,Good value for money
TXN-20260110-000673,CUST-EU-0145,  Sarah Hernandez  ,sarah.hernandez@test.com,2026-01-10T11:42:07Z,ELEC-TABLET-3670,Sony Camera A7,$1329.59,credit_card,"2405 Main St, Phoenix, TX 39607",Cancelled,Amazing! Highly recommend ⭐⭐⭐⭐⭐
TXN-20241030-000674,CUST-US-0405,  William Hernandez  ,,"October 30, 2024 at 5:26PM",SPORT-WINTER-6553,Camping Tent 4-Person,,PayPal,"5353 Elm Street, Leeds, UK, SW1A 1AA",Processing,Great product! 5 stars ⭐⭐⭐⭐⭐
TXN-20240521-000675,CUST-CA-0038,  Ms. Robert Garcia  ,ROBERT.GARCIA@MAIL.COM,"May 21, 2024 at 2:15PM",ELEC-CAMERA-4874,iPhone 15 Pro Max (256GB),$773.38,Credit Card (Mastercard),"7028 Elm Street, Phoenix, AZ 11050",Delivered on 23/05/2024,
TXN-20240501-000676,CUST-EU-0031,ROBERT GARCIA,robert.garcia@shop.com,01/05/2024 13:54,BOOK-TEXTBOOK-8659,Business Magazine,€84.19,CREDIT CARD,"7052 Park Ave, Chicago, TX 70747",Processing,Amazing! Highly recommend ⭐⭐⭐⭐⭐
TXN-20251007-000677,CUST-ASIA-0164,  dr. jennifer jones  ,user@domain,10/07/2025 06:33 PM,ELEC-AUDIO-7378,"MacBook Pro 14""",$1685.99,Apple Pay,"2571 Elm Street, Birmingham, UK, M1 1AA",Delivered on 16/10/2025,
TXN20251217000678,CUST-UK-0497,David Anderson,david.anderson@email.com,2027-12-31T23:59:59Z,BOOK-EBOOK-1262,Data Science Handbook,$42.86,Credit Card (Visa),,Delivered on 2025-12-24,Disappointed 😢
TXN-20250808-000679,CUST-EU-0067,Mary Brown,mary.brown@example.com,08/08/2025 19:58,HOME-DECOR-2590,Kitchen Mixer,€499.40,Credit Card (Mastercard),,Processing,Perfect! 5/5 stars
TXN-20250817-000680,CUST-US-0454,MS. SARAH GARCIA,sarah.garcia@mail.com,08/17/2025 11:47 PM,HOME-BEDDING-1805,Wall Art Decoration,$726.85,Credit Card (Visa),,Processing,Average product
TXN-20240810-000681,CUST-CA-0354,SARAH WILSON,SARAH.WILSON@MAIL.COM,"August 10, 2024 at 7:52PM",SPORT-OUTDOOR-6278,Camping Tent 4-Person,€450.49,credit_card,"4232 High Street, Los Angeles, AZ 72049",Shipped (est. arrival: August 17),Poor quality 😞
TXN-20240217-000682,CUST-CA-0012,patricia smith,PATRICIA.SMITH@SHOP.COM,"February 17, 2024 at 5:33PM",CLOTH-DRESS-9104,Nike Running Shoes - Size 10,€22.55,Credit Card (Mastercard),,Delivered on 2024-02-26,Arrived damaged 😠
TXN-20250929-000683,CUST-EU-0283,Mrs. John Lopez,john.lopez@shop.com,"September 29, 2025 at 3:13PM",CLOTH-PANTS-9073,Leather Jacket [L],135.97,Apple Pay,"6584 Oak Road, London, UK, LS1 1AA",Delivered on 04/10/2025,
TXN-20250122-000684,CUST-CA-0172,DR. JENNIFER RODRIGUEZ,jennifer.rodriguez@example.com,"January 22, 2025 at 12:43PM",HOME-FURNITURE-3167,Queen Bedding Set,$725.67,Apple Pay,"2257 Main St, Houston, CA 10317",Delivered on 27/01/2025,Good value for money
TXN-20251109-000685,CUST-UK-0484,mrs. richard jones,richard.jones@email.com,09/11/2025 23:44,CLOTH-SHIRT-9564,Levis Jeans 32x34,£155.63,Credit Card (Mastercard),"4222 Elm Street, Leeds, UK, SW1A 1AA",Processing,Great product! 5 stars ⭐⭐⭐⭐⭐
TXN-20241015-000686,CUST-EU-0107,  MRS. RICHARD ANDERSON  ,RICHARD.ANDERSON@SHOP.COM,15/10/2024 09:35,BOOK-FICTION-3142,The Great Gatsby [Paperback],$89.25,DEBIT CARD - Mastercard,"4724 Park Ave, Manchester, UK, B1 1AA",Delivered on 17/10/2024,Disappointed 😢
TXN-20250323-000687,CUST-EU-0449,Dr. Sarah Anderson,sarah.anderson@shop.com,"March 23, 2025 at 7:33PM",SPORT-WATER-2052,Ski Jacket Waterproof,,Google Pay,"948 Oak Road, Chicago, NY 81651",Delivered on 31/03/2025,Average product
TXN-20251215-000688,CUST-UK-0190,Dr. Patricia Martinez,patricia.martinez@mail.com,15/12/2025 11:00,SPORT-WATER-4158,Ski Jacket Waterproof,$461.21,Credit Card (Visa),"8897 Oak Road, Houston, NY 28442",Cancelled - 15/12/2025,Not worth the price
TXN-20241122-000689,CUST-ASIA-0209,Mrs. William Rodriguez,william.rodriguez@mail.com,11/22/2024 12:00 PM,CLOTH-DRESS-8704,Leather Jacket [L],£145.00,CREDIT CARD,"2176 Oak Road, Chicago, NY 17535",Cancelled - 23/11/2024,
TXN-20240628-000690,CUST-ASIA-0442,ms. richard rodriguez,richard.rodriguez@shop.com,"June 28, 2024 at 7:53PM",SPORT-WATER-1278,Ski Jacket Waterproof,$436.95,Apple Pay,"3179 High Street, Chicago, IL 91554",Shipped (est. arrival: July 05),Great product! 5 stars ⭐⭐⭐⭐⭐
TXN-20240626-000691,CUST-ASIA-0356,JAMES MARTINEZ,JAMES.MARTINEZ@EMAIL.COM,06/26/2024 08:30 PM,SPORT-FITNESS-8098,Yoga Mat Premium,,Debit Card - Visa,"5516 Elm Street, Birmingham, UK, SW1A 1AA",Shipped (est. arrival: July 01),Amazing! Highly recommend ⭐⭐⭐⭐⭐
TXN20250623000692,CUST-US-0163,Mrs. Emma Wilson,emma.wilson@example.com,23/06/2025 21:37,CLOTH-JACKET-5115,Nike Running Shoes - Size 10,$173.58,credit_card,"4112 Main St, New York, CA 95285",Processing,Arrived damaged 😠
TXN-20240523-000693,CUST-CA-0144,john davis,john.davis@test.com,"May 23, 2024 at 3:39PM",BOOK-TEXTBOOK-9725,Digital Marketing eBook,$20.23,Debit Card - Visa,"8564 High Street, London, UK, L1 1AA",Shipped (est. arrival: May 30),Good value for money
TXN-20250209-000694,CUST-US-0142,ROBERT BROWN,robert.brown@example.com,02/09/2025 03:53 PM,SPORT-WATER-5586,Camping Tent 4-Person,$270.27,Credit Card (Visa),"6291 Park Ave, Los Angeles, NY 87379",Delivered on 19/02/2025,Excellent quality 👍
TXN-20250424-000695,CUST-ASIA-0077,Mr. Joseph Miller,JOSEPH.MILLER@TEST.COM,24/04/2025 15:09,BOOK-NONFICTION-4859,Data Science Handbook,£20.71,credit_card,"2806 Main St, Phoenix, NY 99038",Cancelled,Good value for money
TXN-20251004-000696,CUST-UK-0144,DR. JENNIFER GARCIA,jennifer.garcia@mail.com,"October 4, 2025 at 4:43PM",SPORT-WINTER-2268,Ski Jacket Waterproof,€380.75,Credit Card (Mastercard),"5250 Park Ave, Phoenix, AZ 17612",Processing,Arrived damaged 😠
TXN-20251230-000697,CUST-CA-0424,Ms. Michael Rodriguez,michael.rodriguez@example.com,"December 30, 2025 at 10:59AM",CLOTH-PANTS-7539,Nike Running Shoes - Size 10,$188.74,CREDIT CARD,"1635 Oak Road, Phoenix, AZ 84327",Delivered on 09/01/2026,Great product! 5 stars ⭐⭐⭐⭐⭐
TXN-20251026-000698,CUST-CA-0367,ms. mary smith,mary.smith@test.com,"October 26, 2025 at 9:32PM",SPORT-OUTDOOR-4668,Basketball Official,$232.41,Credit Card (Visa),"3975 Main St, Leeds, UK, LS1 1AA",Processing,Arrived damaged 😠
TXN-20250227-000699,CUST-EU-0401,mr. sarah garcia,sarah.garcia@shop.com,"February 27, 2025 at 1:02PM",CLOTH-SHIRT-6290,Summer Dress (M),$109.12,CREDIT CARD,,Processing,Amazing! Highly recommend ⭐⭐⭐⭐⭐
TXN-20250111-000700,CUST-US-0054,Michael Davis,michael.davis@shop.com,11/01/2025 23:07,ELEC-LAPTOP-7563,Bose Headphones,£817.41,Google Pay,"7379 Elm Street, London, UK, M1 1AA",Shipped (est. arrival: January 16),Amazing! Highly recommend ⭐⭐⭐⭐⭐
TXN-20241231-000701,CUST-UK-0211,,MICHAEL.SMITH@EMAIL.COM,31/12/2024 11:31,CLOTH-PANTS-6231,Leather Jacket [L],$263.21,Google Pay,"2625 High Street, Leeds, UK, M1 1AA",Delivered on 2025-01-10,Average product
TXN-20251228-000702,CUST-ASIA-0287,  william jones  ,william.jones@example.com,"December 28, 2025 at 4:37PM",HOME-FURNITURE-6684,Kitchen Mixer,€65.23,Apple Pay,"7716 Oak Road, Manchester, UK, SW1A 1AA",Processing,Arrived damaged 😠
TXN-20241231-000703,CUST-UK-0472,Joseph Martinez,JOSEPH.MARTINEZ@SHOP.COM,"December 31, 2024 at 9:06PM",ELEC-CAMERA-2176,"MacBook Pro 14""",$634.71,Credit Card (Visa),"9680 Oak Road, Los Angeles, TX 83721",Processing,
TXN-20240511-000704,CUST-CA-0065,,william.hernandez@shop.com,05/11/2024 08:57 AM,HOME-FURNITURE-7299,Wall Art Decoration,,Apple Pay,"6781 Park Ave, New York, CA 20218",Cancelled - 11/05/2024,Great product! 5 stars ⭐⭐⭐⭐⭐
TXN-20240517-000705,CUST-EU-0430,  Dr. Patricia Brown  ,patricia.brown@shop.com,2024-05-17T13:47:01Z,SPORT-OUTDOOR-7897,Diving Gear Set,£435.52,Debit Card - Visa,"4524 Main St, Birmingham, UK, B1 1AA",Delivered on 2024-05-21,Not worth the price
TXN-20240305-000706,CUST-UK-0436,  David Jones  ,david.jones@test.com,03/05/2024 05:50 PM,CLOTH-SHOES-4574,Nike Running Shoes - Size 10,€273.29,DEBIT CARD - Mastercard,"9547 High Street, Leeds, UK, LS1 1AA",Cancelled,Great product! 5 stars ⭐⭐⭐⭐⭐
TXN-20240127-000707,CUST-CA-0406,Mr. Robert Lopez,robert.lopez@email.com,27/01/2024 09:34,HOME-LIGHTING-7542,Queen Bedding Set,$871.81,PayPal,,Processing,Amazing! Highly recommend ⭐⭐⭐⭐⭐
TXN-20250817-000708,CUST-US-0048,Ms. Richard Martinez,richard.martinez@shop.com,08/17/2025 01:15 PM,ELEC-TABLET-1228,Bose Headphones,899.12,CREDIT CARD,"6128 Main St, London, UK, L1 1AA",Cancelled - 17/08/2025,Excellent quality 👍
TXN-20241128-000709,CUST-UK-0118,david williams,DAVID.WILLIAMS@EXAMPLE.COM,"November 28, 2024 at 2:08PM",SPORT-WATER-9593,Basketball Official,€423.50,Credit Card (Visa),"2340 Elm Street, Manchester, UK, M1 1AA",Delivered on 05/12/2024,Average product
TXN-20240113-000710,CUST-US-0100,Mr. James Miller,james.miller@example.com,2024-01-13T08:50:09Z,CLOTH-PANTS-5723,Nike Running Shoes - Size 10,134.48,DEBIT CARD - Mastercard,"9648 Main St, London, UK, LS1 1AA",Cancelled - 13/01/2024,Poor quality 😞
TXN-20240511-000711,CUST-US-0020,  SARAH ANDERSON  ,sarah.anderson@email.com,11/05/2024 08:13,ELEC-AUDIO-1759,iPhone 15 Pro Max (256GB),£457.70,credit_card,"5958 High Street, New York, CA 59654",Shipped (est. arrival: May 18),Perfect! 5/5 stars
TXN-20251126-000712,CUST-EU-0156,  Dr. Michael Wilson  ,michael.wilson@email.com,2025-11-26T19:37:22Z,CLOTH-DRESS-3848,Nike Running Shoes - Size 10,€230.10,PayPal,,Cancelled - 26/11/2025,Excellent quality 👍
TXN-20241208-000713,CUST-ASIA-0207,JENNIFER ANDERSON,jennifer.anderson@mail.com,2024-12-08T21:26:19Z,CLOTH-JACKET-1992,Cotton T-Shirt,$152.37,DEBIT CARD - Mastercard,"2610 Oak Road, Chicago, TX 67872",Processing,Not worth the price
TXN-20240801-000714,CUST-UK-0358,mr. william wilson,william.wilson@mail.com,"August 1, 2024 at 7:41AM",HOME-FURNITURE-6550,Queen Bedding Set,€1055.83,CREDIT CARD,"3680 Elm Street, Chicago, TX 37853",Processing,Perfect! 5/5 stars
TXN-20240909-000715,CUST-UK-0014,DAVID LOPEZ,david.lopez@shop.com,"September 9, 2024 at 1:14PM",SPORT-FITNESS-7803,Yoga Mat Premium,,PayPal,"7568 High Street, New York, TX 42092",Cancelled - 09/09/2024,Poor quality 😞
TXN-20240105-000716,CUST-CA-0141,linda davis,LINDA.DAVIS@TEST.COM,"January 5, 2024 at 5:19PM",ELEC-TABLET-7524,Samsung Galaxy S24,$823.88,credit_card,"6367 Park Ave, Birmingham, UK, LS1 1AA",Shipped (est. arrival: January 09),Disappointed 😢
TXN-20240522-000717,CUST-CA-0300,Michael Smith,,05/22/2024 03:39 PM,BOOK-EBOOK-5786,Business Magazine,€70.50,PayPal,"5385 Oak Road, New York, NY 24540",Delivered on 2024-05-26,Great product! 5 stars ⭐⭐⭐⭐⭐
TXN-20240426-000718,CUST-EU-0368,michael lopez,MICHAEL.LOPEZ@EMAIL.COM,2024-04-26T16:06:18Z,BOOK-EBOOK-4360,Python Programming,,Credit Card (Mastercard),"7114 Park Ave, New York, NY 38378",Delivered on 2024-04-29,
TXN-20251101-000719,CUST-US-0013,WILLIAM WILLIAMS,william.williams@mail.com,2025-11-01T21:38:02Z,BOOK-MAGAZINE-1540,The Great Gatsby [Paperback],$22.99,DEBIT CARD - Mastercard,"4954 High Street, London, UK, M1 1AA",Processing,Perfect! 5/5 stars
TXN-20240303-000720,CUST-US-0344,JOSEPH MARTINEZ,joseph.martinez@example.com,03/03/2024 11:08,ELEC-PHONE-9118,iPhone 15 Pro Max (256GB),$1186.79,credit_card,"4972 Main St, Manchester, UK, L1 1AA",Delivered on 2024-03-09,
TXN-20250630-000721,CUST-ASIA-0324,Joseph Davis,joseph.davis@mail.com,"June 30, 2025 at 5:15PM",BOOK-TEXTBOOK-8023,Data Science Handbook,€17.17,Apple Pay,"2001 Park Ave, Manchester, UK, M1 1AA",Shipped (est. arrival: July 03),Great product! 5 stars ⭐⭐⭐⭐⭐
TXN-20240318-000722,CUST-ASIA-0043,,,2024-03-18T19:57:04Z,CLOTH-DRESS-3875,Leather Jacket [L],$197.24,Google Pay,,Processing,Arrived damaged 😠
TXN-20241016-000723,CUST-EU-0307,John Garcia,,2024-10-16T19:18:56Z,BOOK-NONFICTION-6990,Python Programming,99.15,credit_card,"6386 Park Ave, Chicago, TX 95643",Delivered on 2024-10-22,
TXN-20240124-000724,CUST-ASIA-0043,william jones,william.jones@test.com,"January 24, 2024 at 3:51PM",CLOTH-DRESS-1663,Cotton T-Shirt,€20.96,Debit Card - Visa,"1644 Oak Road, Los Angeles, NY 80293",Cancelled - 24/01/2024,Excellent quality 👍
TXN-20241225-000725,CUST-EU-0072,robert williams,ROBERT.WILLIAMS@MAIL.COM,25/12/2024 00:05,CLOTH-DRESS-5868,Nike Running Shoes - Size 10,€175.19,DEBIT CARD - Mastercard,"1668 High Street, Birmingham, UK, SW1A 1AA",Processing,Disappointed 😢
TXN-20240529-000726,CUST-CA-0330,  Joseph Anderson  ,joseph.anderson@email.com,29/05/2024 11:08,ELEC-AUDIO-8608,Bose Headphones,$1710.40,Debit Card - Visa,"5398 High Street, Phoenix, IL 20118",Delivered on 2024-06-04,Disappointed 😢
TXN-20241021-000727,CUST-US-0282,WILLIAM RODRIGUEZ,william.rodriguez@email.com,2024-10-21T17:07:42Z,ELEC-LAPTOP-8612,Bose Headphones,£482.74,Debit Card - Visa,"3925 Oak Road, Liverpool, UK, L1 1AA",Delivered on 28/10/2024,
TXN-20250519-000728,CUST-CA-0304,DR. RICHARD SMITH,richard.smith@example.com,19/05/2025 13:09,BOOK-MAGAZINE-1800,Python Programming,$58.89,Apple Pay,"5433 Park Ave, Los Angeles, TX 41534",Processing,Great product! 5 stars ⭐⭐⭐⭐⭐
TXN-20240325-000729,CUST-UK-0074,mrs. joseph brown,joseph.brown@test.com,25/03/2024 15:25,ELEC-AUDIO-5593,Samsung Galaxy S24,€1298.29,Google Pay,"2955 High Street, Phoenix, IL 11199",Shipped (est. arrival: March 29),Poor quality 😞
TXN-20240805-000730,CUST-US-0003,Lisa Lopez,lisa.lopez@mail.com,2024-08-05T20:37:59Z,HOME-KITCHEN-8512,Kitchen Mixer,€285.95,credit_card,"4548 High Street, New York, CA 69267",Shipped (est. arrival: August 09),Not worth the price
TXN-20251122-000731,CUST-US-0435,james wilson,james.wilson@shop.com,"November 22, 2025 at 9:31AM",SPORT-WINTER-2485,Diving Gear Set,310.11,Google Pay,"8874 High Street, London, UK, B1 1AA",Shipped (est. arrival: November 29),Perfect! 5/5 stars
TXN-20250126-000732,CUST-US-0428,  Mr. Robert Anderson  ,robert.anderson@shop.com,2025-01-26T10:02:26Z,HOME-LIGHTING-6870,Modern Sofa Set,$890.01,PayPal,"6123 Oak Road, Liverpool, UK, LS1 1AA",Delivered on 2025-01-28,Poor quality 😞
TXN-20251226-000733,CUST-UK-0051,Mrs. Linda Garcia,,"December 26, 2025 at 5:39PM",SPORT-TEAM-1040,Diving Gear Set,$132.78,PayPal,"2240 Main St, Leeds, UK, LS1 1AA",Cancelled,Perfect! 5/5 stars
TXN-20241023-000734,CUSTUK0126,Dr. Patricia Johnson,patricia.johnson@example.com,23/10/2024 13:22,BOOK-EBOOK-7893,Digital Marketing eBook,68.33,credit_card,,Delivered on 31/10/2024,Arrived damaged 😠
TXN-20240302-000735,CUST-US-0346,MS. WILLIAM RODRIGUEZ,WILLIAM.RODRIGUEZ@MAIL.COM,03/02/2024 07:07 PM,CLOTH-PANTS-3476,Levis Jeans 32x34,$63.49,Debit Card - Visa,"8399 Main St, Houston, NY 38923",Processing,Arrived damaged 😠
TXN-20241115-000736,CUST-EU-0481,Emma Wilson,emma.wilson@shop.com,15/11/2024 15:38,ELEC-LAPTOP-3346,"MacBook Pro 14""",€1710.34,Google Pay,"8772 Main St, Leeds, UK, L1 1AA",Shipped (est. arrival: November 21),Arrived damaged 😠
TXN-20240314-000737,CUST-EU-0175,ROBERT SMITH,robert.smith@example.com,"March 14, 2024 at 10:28AM",CLOTH-SHOES-7437,Summer Dress (M),$81.69,credit_card,"4582 Oak Road, Los Angeles, CA 55275",Processing,Not worth the price
TXN-20250130-000738,CUST-ASIA-0211,MRS. JAMES JONES,james.jones@test.com,"January 30, 2025 at 6:20PM",ELEC-PHONE-6027,Sony Camera A7,£1178.26,DEBIT CARD - Mastercard,"1800 High Street, New York, TX 98102",Cancelled,
TXN-20260127-000739,CUST-CA-0012,  dr. richard brown  ,richard.brown@shop.com,01/27/2026 08:18 PM,HOME-FURNITURE-4048,Wall Art Decoration,$838.65,Google Pay,"9294 Elm Street, Chicago, NY 27949",Processing,Great product! 5 stars ⭐⭐⭐⭐⭐
TXN20250414000740,CUST-CA-0118,Ms. Mary Jones,MARY.JONES@SHOP.COM,04/14/2025 07:59 AM,CLOTH-SHIRT-5419,Summer Dress (M),€234.46,PayPal,"2304 Elm Street, Leeds, UK, M1 1AA",Delivered on 2025-04-17,
TXN20240604000741,CUST-US-0486,dr. patricia hernandez,patricia.hernandez@email.com,06/04/2024 08:43 PM,CLOTH-PANTS-4481,Leather Jacket [L],£285.16,CREDIT CARD,"9917 Oak Road, New York, CA 93641",Delivered on 11/06/2024,Amazing! Highly recommend ⭐⭐⭐⭐⭐
TXN-20250321-000742,CUSTEU0307,  Dr. Emma Miller  ,emma.miller@shop.com,"March 21, 2025 at 6:41AM",ELEC-AUDIO-4525,"MacBook Pro 14""",$201.02,DEBIT CARD - Mastercard,,Shipped (est. arrival: March 28),Arrived damaged 😠
TXN-20251016-000743,CUST-ASIA-0147,  JOHN JONES  ,john.jones@mail.com,10/16/2025 04:41 PM,ELEC-LAPTOP-6409,Samsung Galaxy S24,€1309.17,CREDIT CARD,"819 Oak Road, New York, NY 91849",Processing,Disappointed 😢
TXN-20240422-000744,CUST-UK-0418,JOHN JOHNSON,john.johnson@example.com,22/04/2024 14:06,SPORT-OUTDOOR-8925,Yoga Mat Premium,£209.90,Google Pay,"6315 High Street, Phoenix, CA 85909",Shipped (est. arrival: April 28),
TXN-20240212-000745,CUST-US-0443,MR. JAMES BROWN,james.brown@test.com,"February 12, 2024 at 1:23PM",HOME-BEDDING-3456,LED Floor Lamp,£880.40,Debit Card - Visa,"2609 Oak Road, Los Angeles, NY 96436",Cancelled,
TXN-20241204-000746,CUST-UK-0218,JENNIFER ANDERSON,user@domain,12/04/2024 10:48 AM,HOME-DECOR-3581,Queen Bedding Set,853.46,DEBIT CARD - Mastercard,"1004 Park Ave, Phoenix, IL 26486",Cancelled,
TXN-20250711-000747,CUST-US-0098,Jennifer Davis,jennifer.davis@shop.com,2025-07-11T15:47:48Z,CLOTH-SHOES-8784,Leather Jacket [L],£266.07,Google Pay,"8257 High Street, London, UK, L1 1AA",Delivered on 2025-07-13,
TXN-20240315-000748,CUST-ASIA-0073,Dr. Michael Hernandez,michael.hernandez@email.com,"March 15, 2024 at 8:50PM",BOOK-EBOOK-2539,Business Magazine,£94.12,Apple Pay,"5977 Oak Road, Birmingham, UK, LS1 1AA",Cancelled - 16/03/2024,
TXN-20250916-000749,CUST-CA-0194,DR. SARAH JONES,sarah.jones@email.com,2025-09-16T10:29:39Z,HOME-DECOR-7223,Kitchen Mixer,,Debit Card - Visa,"3996 Main St, Leeds, UK, SW1A 1AA",Processing,Disappointed 😢
TXN-20251118-000750,CUST-ASIA-0059,WILLIAM MARTINEZ,WILLIAM.MARTINEZ@EXAMPLE.COM,2025-11-18T01:32:02Z,ELEC-CAMERA-3480,Sony Camera A7,£729.87,Google Pay,"5510 Elm Street, Manchester, UK, M1 1AA",Processing,Good value for money
TXN-20251231-000751,CUST-CA-0046,mrs. michael martinez,michael.martinez@shop.com,2025-12-31T20:01:56Z,BOOK-EBOOK-5647,Data Science Handbook,€94.82,Apple Pay,"6936 Oak Road, Los Angeles, IL 77953",Processing,Arrived damaged 😠
TXN-20240619-000752,CUST-EU-0256,John Wilson,john.wilson@example.com,19/06/2024 13:37,ELEC-TABLET-7176,iPhone 15 Pro Max (256GB),$708.94,Credit Card (Mastercard),,Shipped (est. arrival: June 24),Average product
TXN-20250125-000753,CUST-EU-0460,Mary Smith,MARY.SMITH@TEST.COM,"January 25, 2025 at 8:19PM",BOOK-MAGAZINE-2867,The Great Gatsby [Paperback],$97.05,PayPal,"5504 Park Ave, London, UK, B1 1AA",Shipped (est. arrival: February 01),Arrived damaged 😠
TXN-20260127-000754,CUST-ASIA-0473,mrs. william davis,william.davis@shop.com,2026-01-27T18:27:33Z,SPORT-FITNESS-3299,Camping Tent 4-Person,£430.20,Debit Card - Visa,"7504 Park Ave, Manchester, UK, SW1A 1AA",Delivered on 29/01/2026,Average product
TXN-20251121-000755,CUST-CA-0442,  ms. joseph brown  ,JOSEPH.BROWN@TEST.COM,"November 21, 2025 at 11:26AM",HOME-DECOR-7917,LED Floor Lamp,$982.03,Google Pay,"1611 Oak Road, Leeds, UK, M1 1AA",Shipped (est. arrival: November 27),Perfect! 5/5 stars
TXN-20250711-000756,CUSTASIA0341,  Mrs. Patricia Hernandez  ,PATRICIA.HERNANDEZ@MAIL.COM,2025-07-11T16:44:32Z,BOOK-EBOOK-8126,Digital Marketing eBook,$72.93,Apple Pay,"5323 Elm Street, Phoenix, AZ 82128",Delivered on 2025-07-20,Not worth the price
TXN-20250802-000757,CUST-CA-0175,Mrs. Lisa Williams,invalid-email,"August 2, 2025 at 1:59PM",SPORT-TEAM-9719,Yoga Mat Premium,$472.07,Apple Pay,"5402 Main St, Los Angeles, AZ 86377",Shipped (est. arrival: August 09),Not worth the price
TXN-20250209-000758,CUST-UK-0273,dr. mary anderson,MARY.ANDERSON@EMAIL.COM,09/02/2025 17:40,SPORT-OUTDOOR-5290,Basketball Official,€237.42,Credit Card (Visa),"3817 High Street, Liverpool, UK, M1 1AA",Delivered on 2025-02-12,Not worth the price
TXN-20251010-000759,CUST-US-0201,Robert Martinez,robert.martinez@shop.com,2025-10-10T18:01:24Z,BOOK-MAGAZINE-4454,The Great Gatsby [Paperback],13.77,credit_card,"4288 Oak Road, Leeds, UK, M1 1AA",Processing,Arrived damaged 😠
TXN-20250407-000760,CUST-ASIA-0241,  Mr. Patricia Wilson  ,patricia.wilson@email.com,07/04/2025 12:46,SPORT-TEAM-7684,Diving Gear Set,,DEBIT CARD - Mastercard,,Cancelled,Amazing! Highly recommend ⭐⭐⭐⭐⭐
TXN-20250602-000761,CUST-CA-0152,Mr. Sarah Hernandez,SARAH.HERNANDEZ@MAIL.COM,02/06/2025 11:01,BOOK-TEXTBOOK-9480,Python Programming,51.47,CREDIT CARD,"9978 Elm Street, Houston, AZ 30849",Shipped (est. arrival: June 07),Perfect! 5/5 stars
TXN-20250903-000762,CUST-CA-0444,dr. john wilson,john.wilson@example.com,2025-09-03T06:12:17Z,BOOK-EBOOK-3706,The Great Gatsby [Paperback],£98.72,Google Pay,"7321 Park Ave, Los Angeles, AZ 74228",Processing,Not worth the price
TXN-20251113-000763,CUST-CA-0124,  Mary Miller  ,,11/13/2025 06:35 PM,ELEC-TABLET-6627,iPhone 15 Pro Max (256GB),$719.66,Debit Card - Visa,,Shipped (est. arrival: November 16),Excellent quality 👍
TXN-20240424-000764,CUST-ASIA-0337,,michael.anderson@email.com,04/24/2024 07:33 PM,BOOK-NONFICTION-6635,The Great Gatsby [Paperback],£57.57,Debit Card - Visa,"5607 Park Ave, Leeds, UK, SW1A 1AA",Delivered on 2024-04-29,
TXN-20251112-000765,CUST-ASIA-0425,Ms. William Brown,,"November 12, 2025 at 3:24PM",BOOK-EBOOK-4273,Data Science Handbook,$22.64,DEBIT CARD - Mastercard,,Delivered on 16/11/2025,
TXN-20240920-000766,CUST-UK-0262,john martinez,john.martinez@mail.com,09/20/2024 02:31 PM,CLOTH-JACKET-6505,Nike Running Shoes - Size 10,$29.10,CREDIT CARD,"2341 High Street, Leeds, UK, LS1 1AA",Shipped (est. arrival: September 23),Average product
TXN-20241014-000767,CUST-CA-0272,mr. john jones,john.jones@shop.com,14/10/2024 06:43,CLOTH-SHOES-5878,Summer Dress (M),$239.92,Google Pay,"5928 Oak Road, Leeds, UK, LS1 1AA",Shipped (est. arrival: October 21),
TXN-20260105-000768,CUST-US-0303,William Jones,william.jones@email.com,05/01/2026 19:54,HOME-DECOR-2385,Modern Sofa Set,€890.33,DEBIT CARD - Mastercard,"259 Oak Road, Phoenix, NY 99564",Shipped (est. arrival: January 11),Not worth the price
TXN-20240306-000769,CUST-EU-0110,  linda miller  ,linda.miller@test.com,"March 6, 2024 at 4:25PM",CLOTH-PANTS-2604,Cotton T-Shirt,€240.32,Google Pay,"1867 Park Ave, Manchester, UK, L1 1AA",Cancelled - 07/03/2024,Not worth the price
TXN-20250901-000770,CUST-US-0431,  DR. SARAH SMITH  ,user@domain,"September 1, 2025 at 3:39PM",BOOK-MAGAZINE-4998,Business Magazine,$77.03,credit_card,"9740 Main St, Houston, TX 62398",Shipped (est. arrival: September 04),Arrived damaged 😠
TXN-20260106-000771,CUST-UK-0140,  MR. LISA HERNANDEZ  ,,06/01/2026 21:53,SPORT-FITNESS-1731,Yoga Mat Premium,$237.04,Credit Card (Mastercard),"3993 Elm Street, New York, NY 59190",Processing,Great product! 5 stars ⭐⭐⭐⭐⭐
TXN-20240410-000772,CUST-CA-0337,RICHARD BROWN,RICHARD.BROWN@SHOP.COM,2024-04-10T11:53:00Z,BOOK-MAGAZINE-2991,Digital Marketing eBook,$60.88,PayPal,,Processing,Perfect! 5/5 stars
TXN-20250508-000773,CUST-US-0022,Mary Jones,MARY.JONES@MAIL.COM,2025-05-08T20:20:06Z,SPORT-TEAM-1451,Ski Jacket Waterproof,£242.92,Credit Card (Mastercard),"4339 Park Ave, Birmingham, UK, B1 1AA",Processing,Disappointed 😢
TXN-20240525-000774,CUST-US-0200,MS. LISA MILLER,lisa.miller@example.com,2024-05-25T11:22:25Z,SPORT-WATER-3316,Diving Gear Set,€377.54,PayPal,"414 Main St, Los Angeles, TX 74804",Shipped (est. arrival: June 01),
TXN-20250504-000775,CUST-EU-0024,Dr. Sarah Hernandez,SARAH.HERNANDEZ@MAIL.COM,2025-05-04T12:43:07Z,BOOK-NONFICTION-4578,The Great Gatsby [Paperback],,Credit Card (Mastercard),"6138 Elm Street, Los Angeles, NY 77024",Cancelled,Perfect! 5/5 stars
TXN-20240925-000776,CUST-ASIA-0431,Mrs. David Rodriguez,david.rodriguez@shop.com,25/09/2024 16:31,CLOTH-SHIRT-1463,Summer Dress (M),€199.40,Credit Card (Mastercard),"5645 High Street, Manchester, UK, L1 1AA",Delivered on 2024-09-29,
TXN-20241203-000777,CUST-ASIA-0023,patricia hernandez,PATRICIA.HERNANDEZ@SHOP.COM,03/12/2024 07:07,ELEC-AUDIO-4155,iPhone 15 Pro Max (256GB),€1556.72,Google Pay,"5484 Elm Street, Liverpool, UK, L1 1AA",Processing,Disappointed 😢
TXN-20241018-000778,CUST-US-0308,  JOSEPH ANDERSON  ,joseph.anderson@email.com,18/10/2024 19:35,HOME-BEDDING-6831,LED Floor Lamp,$179.95,DEBIT CARD - Mastercard,"6659 Main St, Leeds, UK, M1 1AA",Delivered on 22/10/2024,Not worth the price
TXN-20241226-000779,CUST-UK-0444,MRS. JENNIFER JONES,jennifer.jones@test.com,2024-12-26T16:10:44Z,CLOTH-JACKET-1877,Leather Jacket [L],$233.81,Google Pay,,Shipped (est. arrival: December 30),Excellent quality 👍
TXN-20240904-000780,CUST-CA-0315,  Jennifer Smith  ,jennifer.smith@mail.com,09/04/2024 04:21 PM,HOME-KITCHEN-9452,Kitchen Mixer,$1452.50,CREDIT CARD,"2027 High Street, Los Angeles, AZ 46497",Shipped (est. arrival: September 09),Not worth the price
TXN-20240418-000781,CUST-US-0140,  Patricia Lopez  ,patricia.lopez@email.com,18/04/2024 14:02,CLOTH-SHIRT-3985,Levis Jeans 32x34,£130.65,Credit Card (Mastercard),"3407 Elm Street, Birmingham, UK, B1 1AA",Shipped (est. arrival: April 21),Average product
TXN-20240223-000782,CUST-UK-0005,Mr. James Hernandez,james.hernandez@mail.com,2024-02-23T18:58:46Z,SPORT-WINTER-8615,Camping Tent 4-Person,£493.00,Credit Card (Mastercard),"7552 Oak Road, Chicago, NY 34665",Cancelled - 25/02/2024,Average product
TXN-20250928-000783,CUST-US-0232,Ms. Robert Johnson,robert.johnson@shop.com,28/09/2025 16:50,CLOTH-DRESS-2541,Cotton T-Shirt,$247.01,credit_card,"3846 Elm Street, New York, NY 50441",Delivered on 2025-10-04,Good value for money
TXN-20241004-000784,CUST-EU-0016,MR. SARAH WILSON,sarah.wilson@mail.com,"October 4, 2024 at 6:21PM",ELEC-PHONE-9433,Sony Camera A7,£65.73,DEBIT CARD - Mastercard,"3153 Elm Street, London, UK, M1 1AA",Cancelled - 04/10/2024,
TXN-20241103-000785,CUST-US-0320,Mrs. Linda Williams,,03/11/2024 12:47,HOME-BEDDING-6235,LED Floor Lamp,,Apple Pay,"7091 Oak Road, Liverpool, UK, M1 1AA",Shipped (est. arrival: November 10),Average product
TXN-20250704-000786,CUST-ASIA-0292,mary hernandez,mary.hernandez@shop.com,04/07/2025 14:43,HOME-DECOR-5817,Modern Sofa Set,€306.10,CREDIT CARD,"8828 High Street, Birmingham, UK, M1 1AA",Cancelled - 05/07/2025,Good value for money
TXN-20250125-000787,CUST-US-0375,mr. richard wilson,richard.wilson@test.com,01/25/2025 03:17 AM,CLOTH-JACKET-6402,Summer Dress (M),,CREDIT CARD,,Cancelled,Perfect! 5/5 stars
TXN-20250911-000788,CUST-ASIA-0217,Emma Martinez,emma.martinez@email.com,09/11/2025 07:51 PM,SPORT-OUTDOOR-1074,Yoga Mat Premium,£89.78,Debit Card - Visa,,Cancelled - 12/09/2025,Arrived damaged 😠
TXN-20240921-000789,CUST-UK-0055,Linda Hernandez,LINDA.HERNANDEZ@EXAMPLE.COM,21/09/2024 22:13,BOOK-FICTION-2323,The Great Gatsby [Paperback],€81.65,DEBIT CARD - Mastercard,"6863 Main St, New York, IL 52702",Cancelled,Amazing! Highly recommend ⭐⭐⭐⭐⭐
TXN-20240924-000790,CUST-EU-0371,Mr. Patricia Brown,,24/09/2024 20:26,HOME-KITCHEN-1272,Kitchen Mixer,$1192.75,credit_card,"4331 Elm Street, Leeds, UK, SW1A 1AA",Cancelled,Not worth the price
TXN-20250401-000791,CUST-US-0491,Emma Smith,emma.smith@mail.com,01/04/2025 19:15,HOME-LIGHTING-2168,Queen Bedding Set,€872.27,Apple Pay,"3210 Main St, Los Angeles, NY 55979",Delivered on 04/04/2025,
TXN-20250716-000792,CUST-ASIA-0308,RICHARD MARTINEZ,RICHARD.MARTINEZ@TEST.COM,"July 16, 2025 at 2:30PM",BOOK-EBOOK-6738,Business Magazine,€44.86,Apple Pay,,Processing,Arrived damaged 😠
TXN-20250121-000793,CUST-EU-0368,JAMES JOHNSON,james.johnson@mail.com,"January 21, 2025 at 9:19PM",ELEC-CAMERA-4601,iPhone 15 Pro Max (256GB),€948.92,credit_card,"6360 Park Ave, Houston, AZ 61434",Delivered on 31/01/2025,Arrived damaged 😠
TXN-20250515-000794,CUST-UK-0136,,LINDA.GARCIA@TEST.COM,"May 15, 2025 at 8:56PM",HOME-DECOR-8309,Queen Bedding Set,$1444.59,CREDIT CARD,"7788 Oak Road, Los Angeles, NY 44752",Cancelled - 16/05/2025,Disappointed 😢
TXN-20241225-000795,CUST-UK-0163,WILLIAM WILSON,,2024-12-25T14:46:32Z,HOME-FURNITURE-7701,Kitchen Mixer,$1124.95,DEBIT CARD - Mastercard,"6925 High Street, Los Angeles, CA 54820",Cancelled,Great product! 5 stars ⭐⭐⭐⭐⭐
TXN-20240207-000796,CUST-CA-0015,Mary Smith,MARY.SMITH@EMAIL.COM,02/07/2024 05:25 PM,SPORT-WINTER-9222,Ski Jacket Waterproof,£63.17,CREDIT CARD,"3524 Oak Road, Birmingham, UK, LS1 1AA",Cancelled - 07/02/2024,Disappointed 😢
TXN-20250311-000797,CUST-UK-0262,Dr. William Smith,,11/03/2025 13:21,SPORT-FITNESS-7109,Camping Tent 4-Person,£32.97,PayPal,"3794 Oak Road, Phoenix, CA 33655",Cancelled,Disappointed 😢
TXN-20251127-000798,CUST-EU-0090,  JOHN GARCIA  ,john.garcia@mail.com,11/27/2025 04:53 PM,HOME-BEDDING-4991,Wall Art Decoration,£1107.85,Debit Card - Visa,,Processing,Great product! 5 stars ⭐⭐⭐⭐⭐
TXN-20251119-000799,CUST-CA-0401,Mr. Sarah Anderson,sarah.anderson@mail.com,11/19/2025 11:13 AM,BOOK-EBOOK-5955,The Great Gatsby [Paperback],,DEBIT CARD - Mastercard,"3205 Main St, Chicago, AZ 64841",Processing,Arrived damaged 😠
TXN-20250623-000800,CUST-EU-0187,Mr. Lisa Rodriguez,lisa.rodriguez@test.com,"June 23, 2025 at 1:33PM",ELEC-LAPTOP-7145,"MacBook Pro 14""",€1737.43,credit_card,"3525 Main St, Liverpool, UK, M1 1AA",Processing,Arrived damaged 😠
TXN-20240403-000801,CUST-US-0367,  Sarah Rodriguez  ,sarah.rodriguez@shop.com,03/04/2024 19:56,CLOTH-DRESS-3572,Nike Running Shoes - Size 10,$228.48,Credit Card (Mastercard),"2841 High Street, Los Angeles, TX 51208",Processing,
TXN-20240330-000802,CUST-EU-0101,Mr. Joseph Hernandez,JOSEPH.HERNANDEZ@EMAIL.COM,30/03/2024 15:05,HOME-KITCHEN-1168,Queen Bedding Set,,DEBIT CARD - Mastercard,"8996 Oak Road, Chicago, TX 51007",Cancelled,Amazing! Highly recommend ⭐⭐⭐⭐⭐
TXN-20240502-000803,CUST-EU-0380,Mrs. Mary Williams,mary.williams@email.com,02/05/2024 14:06,ELEC-AUDIO-2687,iPhone 15 Pro Max (256GB),795.77,Credit Card (Visa),"8626 High Street, Birmingham, UK, M1 1AA",Delivered on 10/05/2024,Good value for money
TXN-20240508-000804,CUST-UK-0043,William Miller,WILLIAM.MILLER@MAIL.COM,08/05/2024 20:45,CLOTH-DRESS-9135,Cotton T-Shirt,£23.11,DEBIT CARD - Mastercard,,Shipped (est. arrival: May 12),
TXN-20240217-000805,CUST-ASIA-0468,  JENNIFER DAVIS  ,JENNIFER.DAVIS@MAIL.COM,2024-02-17T10:45:51Z,HOME-FURNITURE-5837,Kitchen Mixer,,Credit Card (Visa),"2416 Elm Street, Leeds, UK, SW1A 1AA",Cancelled - 17/02/2024,
TXN-20240705-000806,CUST-ASIA-0215,Dr. Joseph Davis,JOSEPH.DAVIS@TEST.COM,05/07/2024 18:46,SPORT-FITNESS-5213,Yoga Mat Premium,231.93,Apple Pay,"5395 Park Ave, Leeds, UK, M1 1AA",Shipped (est. arrival: July 12),Good value for money
TXN-20250604-000807,CUST-UK-0227,PATRICIA MARTINEZ,,"June 4, 2025 at 11:51PM",CLOTH-JACKET-1377,Nike Running Shoes - Size 10,$175.68,Debit Card - Visa,"7328 Main St, Liverpool, UK, L1 1AA",Delivered on 09/06/2025,Excellent quality 👍
TXN-20260108-000808,CUST-CA-0439,Richard Garcia,richard.garcia@email.com,01/08/2026 07:23 PM,ELEC-TABLET-8530,Bose Headphones,$299.88,Apple Pay,"7770 High Street, Phoenix, IL 17378",Shipped (est. arrival: January 14),Good value for money
TXN-20240918-000809,CUST-CA-0389,Mrs. William Rodriguez,WILLIAM.RODRIGUEZ@SHOP.COM,"September 18, 2024 at 9:45PM",SPORT-OUTDOOR-3602,Ski Jacket Waterproof,$386.06,DEBIT CARD - Mastercard,"3436 Oak Road, Phoenix, IL 76840",Processing,Perfect! 5/5 stars
TXN-20250511-000810,CUST-US-0258,mr. david jones,david.jones@email.com,2025-05-11T11:40:12Z,BOOK-TEXTBOOK-3401,The Great Gatsby [Paperback],$52.98,credit_card,"8241 Oak Road, Birmingham, UK, L1 1AA",Cancelled - 12/05/2025,Amazing! Highly recommend ⭐⭐⭐⭐⭐
TXN-20250623-000811,CUST-EU-0455,Emma Wilson,EMMA.WILSON@TEST.COM,06/23/2025 08:04 PM,CLOTH-DRESS-7656,Summer Dress (M),$199.57,Google Pay,"8674 High Street, London, UK, SW1A 1AA",Shipped (est. arrival: June 28),Poor quality 😞
TXN-20240303-000812,CUST-US-0099,ms. patricia garcia,PATRICIA.GARCIA@SHOP.COM,03/03/2024 10:24,SPORT-OUTDOOR-6002,Ski Jacket Waterproof,£294.67,Credit Card (Visa),,Delivered on 2024-03-08,Great product! 5 stars ⭐⭐⭐⭐⭐
TXN-20240314-000813,CUST-EU-0171,  Mrs. Sarah Garcia  ,,14/03/2024 09:25,ELEC-TABLET-5014,Bose Headphones,$902.97,Apple Pay,"2258 Oak Road, Chicago, CA 16301",Processing,Excellent quality 👍
TXN-20240419-000814,CUST-CA-0079,  Ms. Emma Miller  ,EMMA.MILLER@TEST.COM,19/04/2024 17:55,ELEC-TABLET-6258,Samsung Galaxy S24,935.28,credit_card,"6329 Park Ave, Los Angeles, AZ 44055",Cancelled,
TXN-20240103-000815,CUST-US-0313,Linda Garcia,LINDA.GARCIA@EXAMPLE.COM,01/03/2024 09:43 AM,BOOK-TEXTBOOK-7067,The Great Gatsby [Paperback],$18.64,PayPal,"1644 High Street, Phoenix, AZ 46122",Shipped (est. arrival: January 10),
TXN-20251109-000816,CUST-UK-0180,MS. JENNIFER SMITH,jennifer.smith@test.com,2025-11-09T16:42:31Z,CLOTH-DRESS-4647,Leather Jacket [L],£260.75,Credit Card (Visa),"9540 Oak Road, New York, TX 90280",Shipped (est. arrival: November 14),Not worth the price
TXN-20240803-000817,CUST-US-0064,Mr. Mary Johnson,,08/03/2024 09:22 AM,ELEC-TABLET-9790,Sony Camera A7,€1025.94,Debit Card - Visa,"7993 Park Ave, Phoenix, IL 61577",Cancelled,Average product
TXN-20240528-000818,CUST-ASIA-0495,,JOHN.ANDERSON@EMAIL.COM,"May 28, 2024 at 8:58PM",BOOK-EBOOK-1725,Data Science Handbook,$33.62,PayPal,"3497 Park Ave, Leeds, UK, SW1A 1AA",Processing,
TXN-20240414-000819,CUST-UK-0500,Ms. Mary Jones,MARY.JONES@SHOP.COM,"April 14, 2024 at 4:13PM",HOME-KITCHEN-6571,Modern Sofa Set,€578.11,PayPal,"9970 Main St, London, UK, SW1A 1AA",Cancelled,
TXN-20240210-000820,CUST-UK-0019,Dr. Richard Hernandez,richard.hernandez@test.com,10/02/2024 08:51,HOME-FURNITURE-7518,Wall Art Decoration,£1177.47,Apple Pay,"7294 Oak Road, Chicago, CA 42766",Cancelled - 10/02/2024,Not worth the price
TXN-20251221-000821,CUST-EU-0233,,,"December 21, 2025 at 10:38AM",SPORT-FITNESS-2219,Basketball Official,,PayPal,"7082 Oak Road, Los Angeles, IL 98129",Cancelled,Amazing! Highly recommend ⭐⭐⭐⭐⭐
TXN-20250616-000822,CUST-US-0101,Joseph Davis,JOSEPH.DAVIS@EMAIL.COM,2025-06-16T10:42:26Z,ELEC-AUDIO-3852,"MacBook Pro 14""",£1472.45,Credit Card (Mastercard),"2319 Elm Street, Leeds, UK, LS1 1AA",Delivered on 19/06/2025,Average product
TXN-20240619-000823,CUST-EU-0321,  MRS. ROBERT WILSON  ,robert.wilson@mail.com,06/19/2024 11:48 PM,CLOTH-DRESS-6015,Leather Jacket [L],$93.95,PayPal,"2964 Main St, Chicago, IL 51553",Delivered on 2024-06-29,Good value for money
TXN-20251112-000824,CUST-US-0176,joseph davis,joseph.davis@example.com,12/11/2025 20:46,SPORT-FITNESS-4545,Diving Gear Set,£395.65,Google Pay,,Delivered on 18/11/2025,Average product
TXN-20241127-000825,CUST-US-0050,  robert rodriguez  ,robert.rodriguez@mail.com,27/11/2024 19:00,HOME-BEDDING-8911,Modern Sofa Set,$740.26,Google Pay,"6181 Oak Road, Chicago, NY 89128",Cancelled - 29/11/2024,Perfect! 5/5 stars
TXN-20240708-000826,CUST-EU-0256,  Mrs. James Rodriguez  ,JAMES.RODRIGUEZ@MAIL.COM,07/08/2024 06:50 PM,CLOTH-PANTS-7342,Summer Dress (M),,Apple Pay,"607 Main St, Los Angeles, AZ 99743",Cancelled,Arrived damaged 😠
TXN-20260106-000827,CUST-US-0250,Robert Garcia,robert.garcia@example.com,06/01/2026 14:34,HOME-LIGHTING-2635,Wall Art Decoration,$712.88,DEBIT CARD - Mastercard,"4041 Park Ave, Houston, CA 42632",Shipped (est. arrival: January 12),
TXN-20240627-000828,CUST-US-0293,  Mr. James Davis  ,james.davis@test.com,"June 27, 2024 at 8:12PM",HOME-LIGHTING-4781,LED Floor Lamp,$969.00,DEBIT CARD - Mastercard,"1384 Elm Street, Chicago, TX 54311",Shipped (est. arrival: July 02),
TXN-20240615-000829,CUST-US-0465,JAMES BROWN,james.brown@test.com,15/06/2024 13:48,BOOK-MAGAZINE-1195,Data Science Handbook,€19.00,Credit Card (Visa),"3150 Main St, Phoenix, TX 63845",Processing,
TXN-20240916-000830,CUSTUK0358,dr. mary miller,MARY.MILLER@TEST.COM,"September 16, 2024 at 7:29PM",BOOK-EBOOK-5241,The Great Gatsby [Paperback],51.18,Debit Card - Visa,"3678 High Street, Phoenix, TX 95990",Delivered on 25/09/2024,
TXN-20240819-000831,CUST-UK-0298,Ms. Patricia Lopez,patricia.lopez@email.com,19/08/2024 21:54,ELEC-TABLET-9893,"MacBook Pro 14""",€1416.77,Credit Card (Mastercard),"8871 Park Ave, Houston, NY 55146",Processing,Great product! 5 stars ⭐⭐⭐⭐⭐
TXN-20250410-000832,CUST-CA-0435,  Dr. Emma Anderson  ,emma.anderson@example.com,10/04/2025 21:23,SPORT-WATER-7425,Basketball Official,$191.77,Google Pay,"2486 Park Ave, Phoenix, CA 99538",Processing,Great product! 5 stars ⭐⭐⭐⭐⭐
TXN-20240727-000833,CUST-UK-0133,MRS. EMMA LOPEZ,EMMA.LOPEZ@TEST.COM,27/07/2024 09:26,BOOK-FICTION-4579,Business Magazine,€13.04,Google Pay,"9768 Elm Street, Los Angeles, AZ 15358",Cancelled - 27/07/2024,Arrived damaged 😠
TXN-20240707-000834,CUST-UK-0473,Richard Johnson,richard.johnson@example.com,"July 7, 2024 at 4:57PM",CLOTH-PANTS-1532,Leather Jacket [L],$100.48,PayPal,"851 High Street, Liverpool, UK, L1 1AA",Shipped (est. arrival: July 12),Great product! 5 stars ⭐⭐⭐⭐⭐
TXN-20250214-000835,CUST-US-0456,  Dr. David Martinez  ,DAVID.MARTINEZ@TEST.COM,02/14/2025 01:08 PM,HOME-BEDDING-9809,Queen Bedding Set,$230.71,Credit Card (Visa),"541 Park Ave, Birmingham, UK, L1 1AA",Processing,Disappointed 😢
TXN-20241214-000836,CUST-CA-0386,  Mr. Michael Williams  ,michael.williams@example.com,14/12/2024 13:01,BOOK-TEXTBOOK-3162,Python Programming,€97.38,Google Pay,"8919 High Street, Los Angeles, NY 98963",Shipped (est. arrival: December 18),
TXN-20240317-000837,CUST-US-0461,Mrs. Patricia Garcia,patricia.garcia@test.com,03/17/2024 10:56 AM,BOOK-MAGAZINE-9593,Digital Marketing eBook,$84.37,Debit Card - Visa,"9297 Main St, Los Angeles, AZ 63568",Cancelled,Excellent quality 👍
TXN20250313000838,CUST-EU-0100,MS. JAMES SMITH,james.smith@example.com,13/03/2025 09:10,HOME-FURNITURE-3458,Modern Sofa Set,$1135.65,Debit Card - Visa,"6006 Main St, Leeds, UK, B1 1AA",Cancelled - 15/03/2025,Excellent quality 👍
TXN-20240226-000839,CUST-UK-0138,  mr. linda davis  ,linda.davis@shop.com,26/02/2024 20:14,BOOK-TEXTBOOK-5518,Data Science Handbook,£14.99,CREDIT CARD,"3091 Oak Road, Chicago, AZ 85086",Shipped (est. arrival: March 01),Average product
TXN-20250211-000840,CUST-US-0330,,RICHARD.JOHNSON@SHOP.COM,2025-02-11T18:29:00Z,SPORT-TEAM-9194,Yoga Mat Premium,$46.04,Google Pay,"2167 Elm Street, Chicago, NY 26924",Shipped (est. arrival: February 14),
TXN-20250729-000841,CUST-ASIA-0371,  Sarah Lopez  ,sarah.lopez@email.com,07/29/2025 10:58 AM,BOOK-MAGAZINE-6578,Business Magazine,$96.82,Credit Card (Mastercard),"7035 Elm Street, Leeds, UK, SW1A 1AA",Processing,Great product! 5 stars ⭐⭐⭐⭐⭐
TXN-20250422-000842,CUST-UK-0480,dr. linda johnson,LINDA.JOHNSON@SHOP.COM,2025-04-22T22:15:44Z,CLOTH-DRESS-2306,Cotton T-Shirt,£104.11,Google Pay,"7366 Oak Road, Houston, TX 94641",Shipped (est. arrival: April 27),
TXN-20240721-000843,CUST-CA-0156,James Davis,james.davis@example.com,21/07/2024 20:39,HOME-DECOR-9495,Modern Sofa Set,$1151.46,Credit Card (Visa),"4864 Main St, Phoenix, TX 71721",Delivered on 23/07/2024,
TXN-20240308-000844,CUST-UK-0182,Dr. David Williams,DAVID.WILLIAMS@SHOP.COM,08/03/2024 20:14,CLOTH-SHIRT-4617,Leather Jacket [L],$43.67,Credit Card (Visa),"1643 High Street, Leeds, UK, M1 1AA",Delivered on 11/03/2024,Poor quality 😞
TXN-20250209-000845,CUST-ASIA-0252,  Richard Smith  ,RICHARD.SMITH@TEST.COM,2025-02-09T15:19:10Z,HOME-LIGHTING-9642,Kitchen Mixer,$821.89,DEBIT CARD - Mastercard,"6837 Oak Road, Leeds, UK, SW1A 1AA",Processing,Arrived damaged 😠
TXN-20240121-000846,CUST-EU-0394,,LISA.LOPEZ@SHOP.COM,"January 21, 2024 at 8:26PM",ELEC-PHONE-8083,"MacBook Pro 14""","$1,307.60",CREDIT CARD,"8010 Main St, Chicago, IL 52583",Processing,Average product
TXN-20240507-000847,CUST-CA-0253,Patricia Lopez,PATRICIA.LOPEZ@EMAIL.COM,05/07/2024 02:01 PM,CLOTH-DRESS-4787,Cotton T-Shirt,£79.36,DEBIT CARD - Mastercard,,Cancelled - 07/05/2024,Good value for money
TXN-20240410-000848,CUST-US-0127,MR. SARAH JONES,sarah.jones@shop.com,"April 10, 2024 at 9:48AM",BOOK-TEXTBOOK-2662,Data Science Handbook,£11.95,Google Pay,"2577 Park Ave, Chicago, NY 40166",Delivered on 2024-04-18,Poor quality 😞
TXN-20241130-000849,CUST-ASIA-0188,Linda Davis,LINDA.DAVIS@EXAMPLE.COM,2024-11-30T07:37:39Z,HOME-KITCHEN-7443,Kitchen Mixer,,PayPal,"8368 Main St, Leeds, UK, L1 1AA",Delivered on 03/12/2024,Not worth the price
TXN-20240122-000850,CUST-EU-0381,,michael.martinez@mail.com,"January 22, 2024 at 9:25PM",HOME-KITCHEN-9129,Modern Sofa Set,£285.31,Debit Card - Visa,"6711 High Street, New York, TX 66437",Delivered on 01/02/2024,Perfect! 5/5 stars
TXN20240831000851,CUST-US-0399,  MARY GARCIA  ,mary.garcia@test.com,31/08/2024 21:19,HOME-BEDDING-8297,Queen Bedding Set,"€1,048.31",CREDIT CARD,,Delivered on 03/09/2024,Perfect! 5/5 stars
TXN-20260120-000852,CUST-EU-0026,lisa anderson,lisa.anderson@mail.com,20/01/2026 14:32,CLOTH-JACKET-9568,Nike Running Shoes - Size 10,$225.48,Apple Pay,"9763 Oak Road, New York, AZ 55943",Processing,Good value for money
TXN-20250703-000853,CUST-UK-0195,  Ms. John Smith  ,john.smith@example.com,07/03/2025 06:29 PM,ELEC-TABLET-8330,Samsung Galaxy S24,€601.30,Credit Card (Visa),"8741 Elm Street, Phoenix, TX 62473",Processing,
TXN-20240918-000854,CUST-CA-0146,DAVID DAVIS,david@,18/09/2024 15:04,BOOK-MAGAZINE-9439,Digital Marketing eBook,$78.66,Apple Pay,"745 High Street, Chicago, TX 89641",Processing,Excellent quality 👍
TXN-20250530-000855,CUST-UK-0321,joseph williams,,30/05/2025 15:15,CLOTH-PANTS-8695,Leather Jacket [L],€47.84,credit_card,"6811 High Street, Phoenix, TX 47115",Delivered on 2025-06-02,Poor quality 😞
TXN-20250118-000856,CUST-US-0165,,emma.jones@test.com,18/01/2025 18:15,CLOTH-JACKET-9126,Leather Jacket [L],€57.83,PayPal,"4622 Main St, New York, NY 38804",Delivered on 2025-01-24,Amazing! Highly recommend ⭐⭐⭐⭐⭐
TXN-20250925-000857,CUST-UK-0010,Patricia Jones,PATRICIA.JONES@MAIL.COM,2025-09-25T15:12:22Z,BOOK-NONFICTION-9388,Business Magazine,€64.51,Google Pay,"5363 Main St, London, UK, M1 1AA",Shipped (est. arrival: September 29),
TXN-20240817-000858,CUST-UK-0191,  LISA ANDERSON  ,lisa.anderson@email.com,"August 17, 2024 at 7:32PM",HOME-FURNITURE-9463,Wall Art Decoration,525.12,CREDIT CARD,,Cancelled,
TXN-20251012-000859,CUST-UK-0100,,ROBERT.DAVIS@EMAIL.COM,"October 12, 2025 at 9:34AM",CLOTH-PANTS-5252,Cotton T-Shirt,$73.59,Google Pay,"1259 Main St, Los Angeles, NY 15446",Delivered on 2025-10-16,Arrived damaged 😠
TXN-20240504-000860,CUST-EU-0310,MRS. DAVID SMITH,david.smith@example.com,04/05/2024 20:24,ELEC-PHONE-3051,"MacBook Pro 14""",$328.88,CREDIT CARD,"3464 Main St, Los Angeles, IL 15933",Processing,
TXN-20240312-000861,CUST-CA-0057,Mr. Michael Smith,michael.smith@email.com,03/12/2024 03:32 PM,SPORT-FITNESS-6074,Basketball Official,$296.95,Apple Pay,"7426 Elm Street, Phoenix, TX 96583",Shipped (est. arrival: March 15),
TXN-20240417-000862,CUST-ASIA-0414,  Mr. David Jones  ,david.jones@email.com,"April 17, 2024 at 4:13AM",HOME-FURNITURE-8454,Kitchen Mixer,$691.11,CREDIT CARD,"7370 Main St, Los Angeles, AZ 40103",Shipped (est. arrival: April 23),
TXN-20241022-000863,CUST-ASIA-0208,LINDA MILLER,linda.miller@mail.com,2024-10-22T22:25:15Z,SPORT-FITNESS-6696,Diving Gear Set,$422.35,Apple Pay,"5445 High Street, Los Angeles, IL 22402",Cancelled - 22/10/2024,Great product! 5 stars ⭐⭐⭐⭐⭐
TXN-20241014-000864,CUST-UK-0205,Mrs. Joseph Rodriguez,JOSEPH.RODRIGUEZ@TEST.COM,"October 14, 2024 at 2:06PM",ELEC-CAMERA-1198,Samsung Galaxy S24,,Credit Card (Mastercard),"7283 Elm Street, Houston, IL 39087",Processing,Average product
TXN-20240207-000865,CUST-US-0053,Mary Davis,MARY.DAVIS@EXAMPLE.COM,02/07/2024 07:51 AM,ELEC-TABLET-5695,"MacBook Pro 14""",€1204.24,CREDIT CARD,"4965 Oak Road, Birmingham, UK, B1 1AA",Shipped (est. arrival: February 11),Excellent quality 👍
TXN-20250506-000866,CUST-EU-0014,Emma Brown,emma.brown@test.com,05/06/2025 07:47 PM,BOOK-TEXTBOOK-4513,Digital Marketing eBook,,Debit Card - Visa,"7006 High Street, Birmingham, UK, L1 1AA",Cancelled,Average product
TXN-20250727-000867,CUST-ASIA-0193,Sarah Anderson,SARAH.ANDERSON@MAIL.COM,"July 27, 2025 at 10:07AM",ELEC-LAPTOP-5480,Bose Headphones,1838.95,Credit Card (Visa),"5985 High Street, New York, TX 94028",Processing,Poor quality 😞
TXN-20240501-000868,CUST-UK-0063,John Miller,john.miller@email.com,"May 1, 2024 at 8:18AM",SPORT-WINTER-8337,Yoga Mat Premium,$331.80,PayPal,"9819 Park Ave, Manchester, UK, LS1 1AA",Delivered on 11/05/2024,Arrived damaged 😠
TXN-20240603-000869,CUST-CA-0065,MR. WILLIAM SMITH,WILLIAM.SMITH@MAIL.COM,06/03/2024 08:27 PM,ELEC-PHONE-1907,iPhone 15 Pro Max (256GB),"€1,699.87",Debit Card - Visa,"4135 Elm Street, Liverpool, UK, SW1A 1AA",Shipped (est. arrival: June 06),Great product! 5 stars ⭐⭐⭐⭐⭐
TXN-20240218-000870,CUST-EU-0072,Mrs. Michael Hernandez,michael.hernandez@test.com,2024-02-18T12:16:33Z,CLOTH-PANTS-2205,Nike Running Shoes - Size 10,,Apple Pay,"5945 Oak Road, London, UK, L1 1AA",Shipped (est. arrival: February 22),Good value for money
TXN-20250714-000871,CUST-US-0072,mrs. richard johnson,RICHARD.JOHNSON@SHOP.COM,2025-07-14T17:27:32Z,BOOK-TEXTBOOK-2906,Digital Marketing eBook,£92.18,Google Pay,"7120 Elm Street, Los Angeles, CA 41957",Delivered on 19/07/2025,Poor quality 😞
TXN-20250630-000872,CUST-UK-0455,Joseph Johnson,joseph.johnson@email.com,"June 30, 2025 at 10:39AM",HOME-DECOR-4055,Kitchen Mixer,£409.46,Apple Pay,"8883 Park Ave, New York, NY 24806",Shipped (est. arrival: July 04),
TXN20240920000873,CUSTCA0363,MS. JAMES DAVIS,james.davis@email.com,2024-09-20T16:59:39Z,ELEC-CAMERA-3734,Sony Camera A7,"£1,848.47",credit_card,"260 Park Ave, Leeds, UK, M1 1AA",Cancelled - 20/09/2024,Perfect! 5/5 stars
TXN-20250208-000874,CUST-ASIA-0098,,mary.rodriguez@test.com,"February 8, 2025 at 10:53AM",BOOK-NONFICTION-8460,Business Magazine,86.74,credit_card,"4176 Park Ave, London, UK, SW1A 1AA",Delivered on 17/02/2025,Disappointed 😢
TXN-20240113-000875,CUST-ASIA-0076,  MRS. WILLIAM DAVIS  ,william.davis@test.com,"January 13, 2024 at 4:23PM",CLOTH-PANTS-1501,Nike Running Shoes - Size 10,£28.98,credit_card,"4141 Elm Street, Manchester, UK, L1 1AA",Cancelled,Poor quality 😞
TXN-20240423-000876,CUST-CA-0242,MS. MARY WILLIAMS,MARY.WILLIAMS@EMAIL.COM,23/04/2024 15:00,HOME-DECOR-4012,Modern Sofa Set,£1272.08,Debit Card - Visa,"1137 Oak Road, Houston, AZ 30993",Shipped (est. arrival: April 29),Poor quality 😞
TXN-20251001-000877,CUST-US-0170,  mr. john smith  ,john.smith@email.com,2025-10-01T11:03:00Z,CLOTH-PANTS-8033,Levis Jeans 32x34,€23.01,Credit Card (Visa),"2516 Elm Street, Manchester, UK, SW1A 1AA",Shipped (est. arrival: October 06),Amazing! Highly recommend ⭐⭐⭐⭐⭐
TXN-20240721-000878,CUST-CA-0105,,,07/21/2024 06:53 PM,CLOTH-SHIRT-7914,Leather Jacket [L],$209.30,Debit Card - Visa,"6125 Oak Road, New York, NY 43124",Delivered on 2024-07-29,Great product! 5 stars ⭐⭐⭐⭐⭐
TXN-20240201-000879,CUST-ASIA-0148,EMMA RODRIGUEZ,EMMA.RODRIGUEZ@EXAMPLE.COM,2024-02-01T00:08:18Z,SPORT-WATER-3784,Ski Jacket Waterproof,$195.37,Apple Pay,"9391 Oak Road, London, UK, M1 1AA",Delivered on 08/02/2024,Not worth the price
TXN-20240612-000880,CUST-EU-0357,  Richard Rodriguez  ,richard.rodriguez@mail.com,06/12/2024 10:54 PM,CLOTH-DRESS-5440,Nike Running Shoes - Size 10,$298.62,PayPal,"9762 Park Ave, New York, NY 23960",Shipped (est. arrival: June 17),Perfect! 5/5 stars
TXN-20240704-000881,CUST-CA-0361,ROBERT MILLER,ROBERT.MILLER@EMAIL.COM,"July 4, 2024 at 8:34PM",CLOTH-SHIRT-5173,Summer Dress (M),,Apple Pay,"1105 Park Ave, Manchester, UK, M1 1AA",Shipped (est. arrival: July 09),Not worth the price
TXN-20251209-000882,CUST-CA-0187,,,09/12/2025 20:14,ELEC-LAPTOP-8359,Bose Headphones,€1529.26,Debit Card - Visa,"5328 Main St, London, UK, LS1 1AA",Delivered on 19/12/2025,Not worth the price
TXN-20250627-000883,CUST-US-0467,MARY GARCIA,mary.garcia@shop.com,27/06/2025 10:29,BOOK-FICTION-1127,Business Magazine,£16.33,PayPal,"116 Oak Road, Birmingham, UK, LS1 1AA",Delivered on 30/06/2025,Arrived damaged 😠
TXN-20250910-000884,CUST-CA-0246,Linda Martinez,,10/09/2025 19:56,CLOTH-PANTS-9533,Leather Jacket [L],$267.10,CREDIT CARD,"8391 Park Ave, New York, AZ 95453",Shipped (est. arrival: September 17),Average product
TXN-20240222-000885,CUSTCA0460,john davis,john.davis@test.com,02/22/2024 07:41 PM,HOME-KITCHEN-6122,Queen Bedding Set,"$1,205.96",Credit Card (Visa),"7404 Oak Road, Houston, CA 32328",Processing,Average product
TXN-20241031-000886,CUST-US-0291,DR. JOHN WILSON,john.wilson@test.com,31/10/2024 20:45,HOME-LIGHTING-1887,Queen Bedding Set,,PayPal,"8141 Oak Road, Phoenix, NY 97293",Cancelled - 02/11/2024,Amazing! Highly recommend ⭐⭐⭐⭐⭐
TXN-20251124-000887,CUST-EU-0356,Lisa Hernandez,lisa.hernandez@mail.com,11/24/2025 03:34 PM,CLOTH-DRESS-1418,Nike Running Shoes - Size 10,$63.88,DEBIT CARD - Mastercard,"4629 Elm Street, Houston, AZ 34784",Processing,
TXN-20250721-000888,CUST-US-0393,,,21/07/2025 15:16,HOME-FURNITURE-5665,LED Floor Lamp,$306.91,Credit Card (Mastercard),"4785 Elm Street, Chicago, NY 90265",Shipped (est. arrival: July 26),Not worth the price
TXN-20251212-000889,CUST-EU-0468,  MS. DAVID JOHNSON  ,david.johnson@email.com,2025-12-12T20:07:49Z,HOME-LIGHTING-5490,Queen Bedding Set,,credit_card,,Delivered on 21/12/2025,
TXN-20240606-000890,CUST-CA-0077,william lopez,WILLIAM.LOPEZ@EMAIL.COM,06/06/2024 08:21 PM,HOME-KITCHEN-7057,Kitchen Mixer,€215.32,Credit Card (Visa),"8188 High Street, Phoenix, IL 80639",Shipped (est. arrival: June 10),Average product
TXN-20250813-000891,CUST-ASIA-0032,David Smith,david.smith@mail.com,2025-08-13T22:11:09Z,CLOTH-SHOES-1284,Levis Jeans 32x34,,Google Pay,,Processing,Poor quality 😞
TXN-20240209-000892,CUST-EU-0300,  Ms. Jennifer Smith  ,jennifer.smith@example.com,"February 9, 2024 at 5:40PM",SPORT-OUTDOOR-4893,Camping Tent 4-Person,$376.80,credit_card,"1843 Oak Road, Los Angeles, NY 54194",Delivered on 2024-02-13,Great product! 5 stars ⭐⭐⭐⭐⭐
TXN-20250726-000893,CUST-UK-0120,Ms. Michael Williams,michael.williams@email.com,2025-07-26T06:12:09Z,BOOK-NONFICTION-9970,Data Science Handbook,$69.42,credit_card,"6905 Elm Street, London, UK, B1 1AA",Processing,Perfect! 5/5 stars
TXN-20250109-000894,CUST-EU-0166,MRS. MICHAEL DAVIS,michael.davis@example.com,01/09/2025 09:21 PM,HOME-BEDDING-3549,Kitchen Mixer,£349.75,Google Pay,"8970 Park Ave, London, UK, LS1 1AA",Delivered on 2025-01-15,Disappointed 😢
TXN-20240224-000895,CUST-CA-0464,jennifer davis,jennifer.davis@test.com,2024-02-24T12:28:01Z,CLOTH-SHOES-2166,Leather Jacket [L],€74.85,Apple Pay,"546 Main St, Phoenix, AZ 62142",Shipped (est. arrival: February 27),Perfect! 5/5 stars
TXN-20250122-000896,CUST-CA-0242,William Johnson,william.johnson@shop.com,01/22/2025 11:43 PM,CLOTH-JACKET-6914,Levis Jeans 32x34,,CREDIT CARD,"4288 Elm Street, Leeds, UK, SW1A 1AA",Delivered on 2025-01-31,Perfect! 5/5 stars
TXN-20250512-000897,CUST-ASIA-0053,lisa davis,LISA.DAVIS@EXAMPLE.COM,2025-05-12T17:28:44Z,SPORT-WINTER-7111,Diving Gear Set,458.21,Credit Card (Mastercard),"1501 Oak Road, New York, NY 84796",Delivered on 2025-05-15,Great product! 5 stars ⭐⭐⭐⭐⭐
TXN-20260113-000898,CUST-US-0191,,william.jones@shop.com,01/13/2026 06:56 PM,ELEC-PHONE-1195,Samsung Galaxy S24,£1267.52,DEBIT CARD - Mastercard,"3770 Oak Road, Birmingham, UK, L1 1AA",Cancelled - 15/01/2026,Poor quality 😞
TXN-20241220-000899,CUST-CA-0349,,michael.hernandez@email.com,"December 20, 2024 at 10:50PM",CLOTH-SHOES-5779,Nike Running Shoes - Size 10,$46.02,PayPal,"7277 Oak Road, Liverpool, UK, L1 1AA",Cancelled,Perfect! 5/5 stars
TXN-20240105-000900,CUST-ASIA-0164,Ms. Mary Wilson,,05/01/2024 12:39,SPORT-WINTER-2291,Basketball Official,$125.43,Credit Card (Visa),"5825 Elm Street, Chicago, NY 44803",Cancelled - 05/01/2024,Average product
TXN-20241120-000901,CUST-US-0303,,,2024-11-20T11:10:04Z,BOOK-MAGAZINE-6267,Business Magazine,€84.41,Credit Card (Visa),"7438 High Street, Birmingham, UK, L1 1AA",Delivered on 22/11/2024,
TXN-20250304-000902,CUST-CA-0178,LISA HERNANDEZ,LISA.HERNANDEZ@EMAIL.COM,2025-03-04T21:45:39Z,SPORT-WINTER-8934,Ski Jacket Waterproof,$55.51,CREDIT CARD,"4589 High Street, New York, IL 60671",Shipped (est. arrival: March 10),Disappointed 😢
TXN-20260108-000903,CUST-UK-0130,  JOSEPH WILLIAMS  ,joseph.williams@shop.com,01/08/2026 08:11 PM,HOME-KITCHEN-3360,LED Floor Lamp,€1415.83,Google Pay,"9662 Elm Street, Leeds, UK, LS1 1AA",Processing,Not worth the price
TXN-20250609-000904,CUST-ASIA-0232,SARAH JONES,sarah.jones@shop.com,09/06/2025 22:27,CLOTH-SHOES-1053,Summer Dress (M),$113.20,Debit Card - Visa,"6175 Elm Street, Liverpool, UK, SW1A 1AA",Delivered on 13/06/2025,
TXN-20241020-000905,CUST-ASIA-0369,  Mr. Joseph Johnson  ,JOSEPH.JOHNSON@SHOP.COM,2024-10-20T13:16:33Z,ELEC-CAMERA-1462,Sony Camera A7,666.34,credit_card,"7365 Park Ave, Manchester, UK, M1 1AA",Delivered on 25/10/2024,Poor quality 😞
TXN-20251028-000906,CUST-CA-0035,DR. WILLIAM WILLIAMS,william.williams@email.com,28/10/2025 16:00,ELEC-LAPTOP-2253,Samsung Galaxy S24,€412.72,Apple Pay,,Processing,Perfect! 5/5 stars
TXN-20240825-000907,CUST-ASIA-0427,Joseph Smith,joseph.smith@email.com,08/25/2024 05:58 PM,SPORT-WINTER-7246,Diving Gear Set,$477.34,CREDIT CARD,"5082 Park Ave, Los Angeles, AZ 75732",Cancelled - 25/08/2024,
TXN-20240322-000908,CUST-EU-0430,MS. JAMES RODRIGUEZ,JAMES.RODRIGUEZ@SHOP.COM,"March 22, 2024 at 4:18PM",ELEC-LAPTOP-8087,Sony Camera A7,€1862.46,CREDIT CARD,"5537 Oak Road, Phoenix, TX 28877",Delivered on 2024-03-27,Disappointed 😢
TXN-20250404-000909,CUST-ASIA-0426,Mary Lopez,,"April 4, 2025 at 9:11PM",HOME-BEDDING-4976,Kitchen Mixer,€219.73,Credit Card (Visa),"917 Park Ave, Chicago, AZ 37913",Cancelled - 04/04/2025,
TXN-20250418-000910,CUST-EU-0326,ms. emma anderson,user@domain,18/04/2025 12:26,CLOTH-DRESS-6606,Summer Dress (M),,Google Pay,"634 Elm Street, Houston, TX 23631",Delivered on 25/04/2025,Amazing! Highly recommend ⭐⭐⭐⭐⭐
TXN-20250213-000911,CUST-EU-0236,mr. linda wilson,linda.wilson@email.com,13/02/2025 11:45,HOME-BEDDING-9183,Wall Art Decoration,$133.71,DEBIT CARD - Mastercard,"8760 Oak Road, New York, NY 67370",Shipped (est. arrival: February 17),Amazing! Highly recommend ⭐⭐⭐⭐⭐
TXN-20241116-000912,CUST-EU-0491,MRS. JOHN DAVIS,,2024-11-16T16:44:07Z,ELEC-LAPTOP-5013,Bose Headphones,"€1,893.38",Apple Pay,"2356 High Street, Birmingham, UK, LS1 1AA",Delivered on 23/11/2024,Excellent quality 👍
TXN-20240209-000913,CUST-US-0009,MS. SARAH BROWN,SARAH.BROWN@EMAIL.COM,"February 9, 2024 at 7:04PM",BOOK-EBOOK-3714,Business Magazine,€42.92,Debit Card - Visa,"5791 Park Ave, Liverpool, UK, B1 1AA",Processing,Great product! 5 stars ⭐⭐⭐⭐⭐
TXN-20241216-000914,CUST-UK-0353,Patricia Hernandez,patricia.hernandez@email.com,"December 16, 2024 at 9:54AM",SPORT-TEAM-3628,Basketball Official,$93.12,CREDIT CARD,"8203 Main St, Houston, IL 19739",Delivered on 2024-12-20,Not worth the price
TXN-20250518-000915,CUST-US-0077,John Wilson,JOHN.WILSON@EMAIL.COM,18/05/2025 10:46,SPORT-OUTDOOR-5918,Yoga Mat Premium,,Debit Card - Visa,,Shipped (est. arrival: May 23),
TXN-20250812-000916,CUST-US-0091,Mr. Joseph Smith,joseph.smith@test.com,"August 12, 2025 at 9:05PM",ELEC-TABLET-8838,Bose Headphones,$1328.05,Credit Card (Mastercard),"9072 Main St, London, UK, M1 1AA",Processing,Average product
TXN-20240925-000917,CUST-ASIA-0364,Mrs. Sarah Brown,sarah.brown@mail.com,25/09/2024 09:49,HOME-DECOR-2900,Modern Sofa Set,$1327.79,Credit Card (Visa),"1512 High Street, Phoenix, NY 50018",Delivered on 05/10/2024,Excellent quality 👍
TXN-20250815-000918,CUST-ASIA-0212,robert brown,invalid-email,"August 15, 2025 at 2:35PM",ELEC-LAPTOP-4148,"MacBook Pro 14""",€453.45,Apple Pay,"6533 Main St, New York, TX 49373",Delivered on 20/08/2025,Excellent quality 👍
TXN-20250925-000919,CUST-UK-0260,EMMA ANDERSON,,09/25/2025 04:31 AM,HOME-KITCHEN-7027,Queen Bedding Set,€793.28,Google Pay,"7435 High Street, Chicago, TX 30119",Shipped (est. arrival: September 28),Average product
TXN-20240430-000920,CUST-EU-0428,WILLIAM RODRIGUEZ,william.rodriguez@example.com,2024-04-30T18:55:49Z,BOOK-FICTION-4079,Business Magazine,€48.21,Debit Card - Visa,"6597 Oak Road, Leeds, UK, L1 1AA",Shipped (est. arrival: May 04),Average product
TXN-20240811-000921,CUST-US-0253,Emma Rodriguez,EMMA.RODRIGUEZ@EXAMPLE.COM,2024-08-11T11:13:54Z,BOOK-NONFICTION-5090,Data Science Handbook,$77.74,Debit Card - Visa,"4675 Elm Street, Liverpool, UK, L1 1AA",Shipped (est. arrival: August 18),Poor quality 😞
TXN-20240906-000922,CUST-US-0308,Lisa Williams,lisa.williams@shop.com,06/09/2024 23:07,HOME-KITCHEN-6833,Kitchen Mixer,£198.06,PayPal,"5093 High Street, Manchester, UK, LS1 1AA",Cancelled,Disappointed 😢
TXN-20240719-000923,CUST-EU-0289,SARAH RODRIGUEZ,,"July 19, 2024 at 4:47PM",HOME-BEDDING-7899,Kitchen Mixer,,credit_card,,Shipped (est. arrival: July 26),Perfect! 5/5 stars
TXN-20240208-000924,CUST-CA-0184,james johnson,james.johnson@email.com,2024-02-08T07:34:24Z,HOME-DECOR-7213,Modern Sofa Set,$481.17,Credit Card (Mastercard),"1464 High Street, Leeds, UK, SW1A 1AA",Processing,Amazing! Highly recommend ⭐⭐⭐⭐⭐
TXN-20250123-000925,CUST-ASIA-0466,,DAVID.RODRIGUEZ@SHOP.COM,23/01/2025 21:43,HOME-FURNITURE-4250,Kitchen Mixer,$492.70,Apple Pay,"6947 Main St, New York, NY 40260",Cancelled,Poor quality 😞
TXN-20240813-000926,CUST-CA-0193,Michael Hernandez,michael.hernandez@mail.com,2024-08-13T13:50:55Z,BOOK-MAGAZINE-4797,Business Magazine,€62.28,PayPal,"4238 Oak Road, Phoenix, NY 89240",Processing,
TXN-20240426-000927,CUST-ASIA-0211,RICHARD WILSON,RICHARD.WILSON@EMAIL.COM,04/26/2024 07:11 PM,BOOK-EBOOK-1555,The Great Gatsby [Paperback],£61.34,Debit Card - Visa,"2970 Park Ave, Birmingham, UK, B1 1AA",Cancelled,Excellent quality 👍
TXN-20260129-000928,CUST-ASIA-0244,  MR. ROBERT DAVIS  ,robert.davis@example.com,"January 29, 2026 at 12:37PM",ELEC-CAMERA-4353,"MacBook Pro 14""",$1409.38,Credit Card (Mastercard),"6706 Elm Street, Manchester, UK, M1 1AA",Cancelled,Disappointed 😢
TXN-20260105-000929,CUST-US-0490,  Ms. Lisa Smith  ,lisa.smith@test.com,"January 5, 2026 at 5:17AM",BOOK-EBOOK-2227,Data Science Handbook,£95.18,Debit Card - Visa,"2847 High Street, Birmingham, UK, B1 1AA",Shipped (est. arrival: January 12),Average product
TXN-20250509-000930,CUST-UK-0274,Ms. Linda Miller,linda.miller@example.com,"May 9, 2025 at 10:30PM",HOME-BEDDING-5487,Queen Bedding Set,£532.23,Credit Card (Mastercard),"8597 Oak Road, London, UK, L1 1AA",Processing,
TXN-20260108-000931,CUST-CA-0250,David Johnson,david.johnson@example.com,2026-01-08T15:51:19Z,SPORT-OUTDOOR-1988,Ski Jacket Waterproof,€389.54,CREDIT CARD,"8956 Park Ave, Manchester, UK, M1 1AA",Cancelled,Good value for money
TXN-20251121-000932,CUST-US-0235,  James Rodriguez  ,james.rodriguez@example.com,2025-11-21T14:36:37Z,SPORT-FITNESS-3677,Camping Tent 4-Person,219.32,CREDIT CARD,,Processing,Perfect! 5/5 stars
TXN-20241110-000933,CUST-US-0500,JOHN ANDERSON,user@domain,"November 10, 2024 at 8:31PM",SPORT-FITNESS-8323,Yoga Mat Premium,£275.67,Apple Pay,"9504 Elm Street, Houston, NY 14795",Shipped (est. arrival: November 15),Arrived damaged 😠
TXN-20240607-000934,CUST-UK-0355,  Ms. Michael Rodriguez  ,michael.rodriguez@mail.com,06/07/2024 01:08 PM,HOME-KITCHEN-6575,Queen Bedding Set,$559.86,credit_card,"8228 Oak Road, Chicago, TX 86805",Processing,
TXN-20240211-000935,CUST-EU-0068,  Mrs. David Williams  ,david.williams@shop.com,2024-02-11T22:14:15Z,HOME-KITCHEN-3815,Kitchen Mixer,$1368.47,Debit Card - Visa,"643 High Street, Birmingham, UK, SW1A 1AA",Cancelled - 13/02/2024,Amazing! Highly recommend ⭐⭐⭐⭐⭐
TXN-20250421-000936,CUST-ASIA-0246,,emma.lopez@example.com,04/21/2025 10:12 PM,CLOTH-SHOES-7687,Cotton T-Shirt,$84.55,DEBIT CARD - Mastercard,"6558 High Street, Los Angeles, TX 78109",Shipped (est. arrival: April 27),Poor quality 😞
TXN-20241211-000937,CUST-EU-0019,PATRICIA DAVIS,PATRICIA.DAVIS@EMAIL.COM,"December 11, 2024 at 12:12PM",ELEC-LAPTOP-8303,iPhone 15 Pro Max (256GB),$433.47,CREDIT CARD,,Shipped (est. arrival: December 16),Good value for money
TXN-20251002-000938,CUST-UK-0113,  Mr. James Wilson  ,james.wilson@mail.com,10/02/2025 08:22 PM,ELEC-CAMERA-5846,"MacBook Pro 14""",,Google Pay,"8838 Oak Road, Liverpool, UK, M1 1AA",Cancelled - 03/10/2025,Poor quality 😞
TXN-20251006-000939,CUST-CA-0497,JAMES GARCIA,JAMES.GARCIA@TEST.COM,10/06/2025 03:58 PM,SPORT-FITNESS-4620,Ski Jacket Waterproof,,Credit Card (Mastercard),"6100 Elm Street, New York, AZ 31624",Processing,Perfect! 5/5 stars
TXN-20241219-000940,CUST-US-0349,Mrs. John Miller,john.miller@mail.com,"December 19, 2024 at 3:30PM",BOOK-EBOOK-4656,Python Programming,£84.60,credit_card,"9168 Elm Street, London, UK, SW1A 1AA",Shipped (est. arrival: December 26),Amazing! Highly recommend ⭐⭐⭐⭐⭐
TXN-20240530-000941,CUST-EU-0196,MRS. EMMA GARCIA,emma.garcia@email.com,2024-05-30T13:38:18Z,BOOK-NONFICTION-5213,Business Magazine,$60.07,Apple Pay,"5936 Main St, Chicago, CA 96838",Cancelled,Great product! 5 stars ⭐⭐⭐⭐⭐
TXN-20240602-000942,CUST-EU-0340,mrs. lisa brown,lisa.brown@shop.com,"June 2, 2024 at 10:13PM",BOOK-NONFICTION-4045,Data Science Handbook,£50.68,Apple Pay,"6414 Main St, Phoenix, NY 22587",Delivered on 08/06/2024,
TXN-20250328-000943,CUST-EU-0440,Ms. Michael Wilson,michael.wilson@shop.com,2025-03-28T15:27:50Z,SPORT-TEAM-5577,Yoga Mat Premium,$412.64,Apple Pay,"4795 Park Ave, Liverpool, UK, SW1A 1AA",Delivered on 2025-04-03,Average product
TXN-20260102-000944,CUST-CA-0223,Michael Davis,michael.davis@test.com,01/02/2026 04:21 AM,HOME-DECOR-9211,LED Floor Lamp,$1380.03,Debit Card - Visa,"7363 Elm Street, Phoenix, AZ 87780",Shipped (est. arrival: January 08),Amazing! Highly recommend ⭐⭐⭐⭐⭐
TXN-20241229-000945,CUST-EU-0317,,david.williams@test.com,"December 29, 2024 at 10:10PM",BOOK-TEXTBOOK-7443,Business Magazine,$36.84,DEBIT CARD - Mastercard,"2897 High Street, London, UK, B1 1AA",Cancelled,Excellent quality 👍
TXN-20240106-000946,CUST-ASIA-0170,MRS. MICHAEL MILLER,michael.miller@example.com,06/01/2024 19:37,BOOK-TEXTBOOK-8529,Digital Marketing eBook,,DEBIT CARD - Mastercard,"726 High Street, Liverpool, UK, LS1 1AA",Processing,Good value for money
TXN-20250222-000947,CUST-US-0360,JOSEPH HERNANDEZ,joseph.hernandez@example.com,22/02/2025 20:26,CLOTH-PANTS-7108,Levis Jeans 32x34,$132.31,DEBIT CARD - Mastercard,"6 Main St, Manchester, UK, L1 1AA",Processing,
TXN-20240716-000948,CUST-US-0006,JOSEPH SMITH,JOSEPH.SMITH@EMAIL.COM,16/07/2024 06:47,SPORT-FITNESS-7140,Ski Jacket Waterproof,$68.04,Credit Card (Mastercard),"3108 Park Ave, London, UK, B1 1AA",Processing,
TXN-20240407-000949,CUST-EU-0304,MS. JENNIFER MILLER,,"April 7, 2024 at 8:45PM",ELEC-TABLET-3418,Bose Headphones,£1898.06,DEBIT CARD - Mastercard,"283 Main St, Phoenix, TX 23292",Shipped (est. arrival: April 14),Poor quality 😞
TXN-20240317-000950,CUST-EU-0181,  DR. JOHN MARTINEZ  ,john.martinez@shop.com,17/03/2024 16:24,BOOK-EBOOK-6950,Business Magazine,$32.94,credit_card,"6792 High Street, London, UK, M1 1AA",Delivered on 25/03/2024,Excellent quality 👍
TXN-20250315-000951,CUST-US-0087,David Smith,david.smith@shop.com,15/03/2025 06:20,CLOTH-JACKET-4631,Levis Jeans 32x34,€228.75,Credit Card (Visa),"7032 High Street, London, UK, B1 1AA",Processing,Good value for money
TXN-20251104-000952,CUST-US-0434,Mrs. Joseph Martinez,joseph@,2025-11-04T08:09:48Z,HOME-FURNITURE-6632,Wall Art Decoration,€349.21,Debit Card - Visa,"1692 Elm Street, London, UK, B1 1AA",Processing,Perfect! 5/5 stars
TXN-20240213-000953,CUST-US-0360,DR. LISA JOHNSON,lisa.johnson@shop.com,13/02/2024 20:00,HOME-KITCHEN-6773,Modern Sofa Set,,Credit Card (Visa),"6783 Oak Road, Birmingham, UK, B1 1AA",Cancelled,Arrived damaged 😠
TXN-20251014-000954,CUST-US-0293,  DR. ROBERT MARTINEZ  ,ROBERT.MARTINEZ@TEST.COM,14/10/2025 10:54,HOME-BEDDING-8259,Queen Bedding Set,$951.84,Credit Card (Mastercard),"9840 High Street, London, UK, SW1A 1AA",Cancelled - 15/10/2025,
TXN-20240506-000955,CUST-UK-0151,EMMA MARTINEZ,emma.martinez@mail.com,06/05/2024 14:49,BOOK-FICTION-2981,Digital Marketing eBook,$49.18,Debit Card - Visa,"6554 Elm Street, Leeds, UK, LS1 1AA",Delivered on 2024-05-09,Disappointed 😢
TXN-20250517-000956,CUST-US-0081,LINDA DAVIS,LINDA.DAVIS@SHOP.COM,2025-05-17T20:24:53Z,CLOTH-DRESS-3480,Summer Dress (M),£165.88,Apple Pay,"1025 Park Ave, Chicago, NY 24155",Shipped (est. arrival: May 20),Average product
TXN-20241204-000957,CUST-US-0369,,EMMA.MILLER@EMAIL.COM,"December 4, 2024 at 7:09AM",CLOTH-SHIRT-1108,Cotton T-Shirt,$95.84,Credit Card (Mastercard),"4542 Main St, Birmingham, UK, SW1A 1AA",Cancelled - 06/12/2024,Average product
TXN-20251128-000958,CUST-UK-0428,  DR. JAMES WILLIAMS  ,james.williams@example.com,28/11/2025 18:36,CLOTH-SHIRT-4555,Leather Jacket [L],$228.84,Credit Card (Visa),"9288 Park Ave, Los Angeles, TX 50728",Cancelled,Perfect! 5/5 stars
TXN-20240810-000959,CUST-UK-0243,Mr. Richard Anderson,richard.anderson@email.com,2024-08-10T13:18:47Z,CLOTH-PANTS-9093,Levis Jeans 32x34,199.03,Google Pay,"8625 High Street, Liverpool, UK, SW1A 1AA",Processing,
TXN-20240912-000960,CUST-EU-0188,,james.williams@mail.com,09/12/2024 04:31 PM,BOOK-FICTION-9720,Data Science Handbook,£72.67,credit_card,"912 Park Ave, Manchester, UK, SW1A 1AA",Shipped (est. arrival: September 18),Arrived damaged 😠
TXN-20240713-000961,CUST-EU-0364,mary hernandez,mary.hernandez@example.com,"July 13, 2024 at 8:05PM",CLOTH-SHIRT-2995,Nike Running Shoes - Size 10,£119.53,Debit Card - Visa,"5776 Park Ave, Birmingham, UK, M1 1AA",Shipped (est. arrival: July 16),Arrived damaged 😠
TXN-20250505-000962,CUST-ASIA-0063,  Dr. Linda Brown  ,linda.brown@mail.com,05/05/2025 08:19 PM,ELEC-PHONE-1748,Samsung Galaxy S24,€1219.52,DEBIT CARD - Mastercard,"9037 Main St, Liverpool, UK, L1 1AA",Delivered on 14/05/2025,
TXN-20251228-000963,CUST-CA-0188,DR. LISA MARTINEZ,lisa.martinez@shop.com,2025-12-28T11:10:10Z,HOME-LIGHTING-1737,Wall Art Decoration,1310.29,Google Pay,"226 Elm Street, New York, IL 37097",Shipped (est. arrival: January 03),Amazing! Highly recommend ⭐⭐⭐⭐⭐
TXN-20250415-000964,CUST-UK-0440,Lisa Smith,LISA.SMITH@EMAIL.COM,2025-04-15T21:35:54Z,BOOK-EBOOK-3281,Data Science Handbook,$87.89,credit_card,"1982 High Street, Liverpool, UK, LS1 1AA",Shipped (est. arrival: April 21),Amazing! Highly recommend ⭐⭐⭐⭐⭐
TXN-20250326-000965,CUST-EU-0134,Sarah Anderson,sarah.anderson@test.com,"March 26, 2025 at 6:25PM",CLOTH-SHIRT-7591,Leather Jacket [L],$172.06,Debit Card - Visa,"3369 Elm Street, Birmingham, UK, L1 1AA",Delivered on 29/03/2025,Perfect! 5/5 stars
TXN-20241225-000966,CUSTUS0093,David Lopez,david.lopez@example.com,25/12/2024 08:44,CLOTH-SHOES-5135,Cotton T-Shirt,$182.23,DEBIT CARD - Mastercard,"9384 High Street, London, UK, L1 1AA",Shipped (est. arrival: December 31),Average product
TXN-20240416-000967,CUST-UK-0437,mr. patricia miller,patricia.miller@mail.com,2024-04-16T20:27:04Z,HOME-LIGHTING-4434,Kitchen Mixer,$1170.07,Credit Card (Mastercard),"9582 Elm Street, New York, AZ 82797",Processing,
TXN-20240513-000968,CUSTCA0312,MRS. RICHARD DAVIS,RICHARD.DAVIS@EXAMPLE.COM,05/13/2024 04:00 PM,SPORT-FITNESS-6477,Basketball Official,€380.96,credit_card,"1223 Main St, Phoenix, NY 86680",Delivered on 23/05/2024,
TXN-20250128-000969,CUST-ASIA-0465,Patricia Martinez,PATRICIA.MARTINEZ@TEST.COM,01/28/2025 02:39 PM,BOOK-NONFICTION-9688,The Great Gatsby [Paperback],€69.97,Apple Pay,,Cancelled - 29/01/2025,Not worth the price
TXN-20250605-000970,CUST-CA-0291,Mr. Robert Jones,,05/06/2025 15:07,SPORT-OUTDOOR-3571,Diving Gear Set,£171.42,Google Pay,"3369 High Street, Leeds, UK, SW1A 1AA",Cancelled - 07/06/2025,Good value for money
TXN-20251018-000971,CUST-CA-0476,Jennifer Davis,jennifer.davis@mail.com,10/18/2025 11:26 PM,SPORT-TEAM-4482,Camping Tent 4-Person,$260.69,Apple Pay,"8074 Park Ave, Liverpool, UK, LS1 1AA",Processing,Good value for money
TXN-20250331-000972,CUST-UK-0199,Dr. Linda Martinez,linda.martinez@shop.com,2025-03-31T12:49:23Z,HOME-KITCHEN-1591,Wall Art Decoration,£757.88,Debit Card - Visa,"8589 Park Ave, Manchester, UK, L1 1AA",Processing,Great product! 5 stars ⭐⭐⭐⭐⭐
TXN-20240830-000973,CUST-ASIA-0418,Ms. Linda Smith,linda.smith@shop.com,08/30/2024 07:07 PM,BOOK-MAGAZINE-4088,Data Science Handbook,£44.18,Credit Card (Visa),"7778 Main St, New York, IL 37398",Processing,
TXN-20250130-000974,CUST-ASIA-0416,,emma.johnson@test.com,01/30/2025 09:59 PM,SPORT-WATER-4374,Camping Tent 4-Person,$332.67,Apple Pay,"7076 High Street, Manchester, UK, M1 1AA",Cancelled,Disappointed 😢
TXN-20240927-000975,CUST-EU-0305,dr. patricia wilson,patricia.wilson@example.com,2024-09-27T18:38:20Z,ELEC-CAMERA-9737,iPhone 15 Pro Max (256GB),£633.11,Google Pay,"9270 High Street, Liverpool, UK, M1 1AA",Shipped (est. arrival: September 30),Amazing! Highly recommend ⭐⭐⭐⭐⭐
TXN-20240914-000976,CUST-ASIA-0442,lisa rodriguez,lisa.rodriguez@email.com,09/14/2024 07:01 PM,CLOTH-SHOES-1519,Levis Jeans 32x34,$167.80,Google Pay,,Shipped (est. arrival: September 18),
TXN-20240407-000977,CUST-EU-0066,,MICHAEL.GARCIA@SHOP.COM,"April 7, 2024 at 1:44PM",BOOK-MAGAZINE-8305,The Great Gatsby [Paperback],11.05,Apple Pay,"5954 Main St, Houston, IL 13927",Cancelled,Good value for money
TXN-20251128-000978,CUST-ASIA-0375,SARAH WILSON,sarah.wilson@email.com,11/28/2025 09:39 PM,HOME-KITCHEN-1118,Kitchen Mixer,£785.69,Google Pay,"9079 Elm Street, Manchester, UK, LS1 1AA",Processing,Excellent quality 👍
TXN-20250314-000979,CUST-ASIA-0266,Dr. James Anderson,james.anderson@test.com,2025-03-14T10:11:40Z,HOME-LIGHTING-4532,Modern Sofa Set,$950.71,DEBIT CARD - Mastercard,"2532 Park Ave, New York, NY 91919",Shipped (est. arrival: March 18),Great product! 5 stars ⭐⭐⭐⭐⭐
TXN-20240513-000980,CUST-CA-0307,  Sarah Brown  ,sarah.brown@shop.com,13/05/2024 04:38,HOME-KITCHEN-1052,Wall Art Decoration,$1210.77,credit_card,,Processing,Good value for money
TXN-20241130-000981,CUST-CA-0341,mrs. john wilson,JOHN.WILSON@EMAIL.COM,30/11/2024 21:22,ELEC-AUDIO-4891,iPhone 15 Pro Max (256GB),$1432.19,Google Pay,"9831 High Street, Phoenix, AZ 36813",Processing,
TXN-20251015-000982,CUST-US-0425,  Mary Rodriguez  ,mary.rodriguez@test.com,10/15/2025 04:11 PM,HOME-DECOR-6816,Modern Sofa Set,€980.39,Credit Card (Mastercard),"5514 Elm Street, London, UK, M1 1AA",Delivered on 2025-10-25,Arrived damaged 😠
TXN-20241202-000983,CUST-UK-0257,,WILLIAM.WILSON@EMAIL.COM,12/02/2024 05:41 PM,ELEC-TABLET-1498,Bose Headphones,$1438.10,Google Pay,"6767 Park Ave, Birmingham, UK, B1 1AA",Shipped (est. arrival: December 07),
TXN-20250607-000984,CUST-EU-0388,Mr. Lisa Davis,LISA.DAVIS@MAIL.COM,2025-06-07T21:07:08Z,SPORT-OUTDOOR-7061,Basketball Official,$237.50,PayPal,"7906 Elm Street, London, UK, SW1A 1AA",Cancelled,Not worth the price
TXN-20250906-000985,CUST-CA-0159,  Dr. David Davis  ,david.davis@mail.com,2025-09-06T09:23:37Z,HOME-BEDDING-9004,Modern Sofa Set,$1355.41,Debit Card - Visa,"342 Oak Road, Los Angeles, CA 26243",Shipped (est. arrival: September 12),
TXN-20240305-000986,CUST-ASIA-0419,PATRICIA HERNANDEZ,PATRICIA.HERNANDEZ@EXAMPLE.COM,"March 5, 2024 at 1:39PM",HOME-KITCHEN-4942,Kitchen Mixer,,Apple Pay,,Cancelled,Perfect! 5/5 stars
TXN-20250605-000987,CUST-CA-0421,JOHN JONES,,2025-06-05T17:49:10Z,ELEC-TABLET-6400,Sony Camera A7,,CREDIT CARD,"6287 Elm Street, Manchester, UK, SW1A 1AA",Cancelled,Good value for money
TXN-20250602-000988,CUST-US-0331,Mr. John Garcia,,02/06/2025 12:02,CLOTH-SHIRT-3650,Leather Jacket [L],$212.07,Apple Pay,"3982 High Street, Los Angeles, NY 15579",Cancelled - 04/06/2025,Excellent quality 👍
TXN-20250727-000989,CUST-ASIA-0153,Lisa Rodriguez,lisa.rodriguez@mail.com,2025-07-27T12:44:05Z,CLOTH-SHIRT-9907,Levis Jeans 32x34,€72.18,credit_card,"6768 Elm Street, Chicago, TX 13930",Shipped (est. arrival: July 31),Arrived damaged 😠
TXN-20250320-000990,CUST-CA-0227,Emma Rodriguez,,"March 20, 2025 at 6:19PM",HOME-BEDDING-9625,Queen Bedding Set,£594.51,DEBIT CARD - Mastercard,"4085 Oak Road, Chicago, TX 52865",Processing,
TXN-20250921-000991,CUST-UK-0321,Jennifer Wilson,jennifer.wilson@email.com,"September 21, 2025 at 10:07PM",BOOK-EBOOK-9509,The Great Gatsby [Paperback],$26.39,PayPal,"2235 High Street, Houston, CA 83424",Delivered on 2025-09-26,Good value for money
TXN-20241003-000992,CUST-US-0365,Dr. David Davis,DAVID.DAVIS@MAIL.COM,"October 3, 2024 at 2:51PM",HOME-KITCHEN-6371,LED Floor Lamp,€1023.40,DEBIT CARD - Mastercard,"7543 Elm Street, London, UK, SW1A 1AA",Processing,Poor quality 😞
TXN-20250209-000993,CUST-ASIA-0218,  Jennifer Jones  ,JENNIFER.JONES@EXAMPLE.COM,2025-02-09T20:11:02Z,BOOK-TEXTBOOK-4160,Python Programming,£23.58,Credit Card (Mastercard),"6041 Elm Street, Chicago, NY 42710",Delivered on 2025-02-19,Great product! 5 stars ⭐⭐⭐⭐⭐
TXN-20241214-000994,CUST-CA-0163,Dr. James Johnson,james.johnson@test.com,14/12/2024 20:42,BOOK-EBOOK-4355,Data Science Handbook,$14.29,Credit Card (Mastercard),"26 Oak Road, Phoenix, NY 76244",Delivered on 2024-12-16,
TXN-20240324-000995,CUST-ASIA-0461,,invalid-email,2024-03-24T22:51:18Z,HOME-LIGHTING-8032,Modern Sofa Set,1358.24,Credit Card (Visa),"7930 Main St, New York, CA 58009",Cancelled - 24/03/2024,Poor quality 😞
TXN-20240421-000996,CUST-ASIA-0148,MS. SARAH ANDERSON,SARAH.ANDERSON@SHOP.COM,"April 21, 2024 at 9:18AM",HOME-DECOR-2354,LED Floor Lamp,€294.03,Credit Card (Visa),"2876 Park Ave, New York, TX 62652",Processing,Perfect! 5/5 stars
TXN-20240529-000997,CUST-ASIA-0167,David Davis,DAVID.DAVIS@MAIL.COM,29/05/2024 21:22,HOME-FURNITURE-1126,Modern Sofa Set,1267.71,Credit Card (Visa),"5230 Main St, New York, CA 19963",Delivered on 2024-06-06,Average product
TXN-20240703-000998,CUST-EU-0187,SARAH WILSON,sarah.wilson@email.com,07/03/2024 03:03 PM,HOME-FURNITURE-7858,Kitchen Mixer,$466.30,PayPal,"526 Oak Road, Houston, IL 33152",Processing,Not worth the price
TXN-20260126-000999,CUST-EU-0013,Michael Johnson,michael.johnson@email.com,2026-01-26T19:14:26Z,CLOTH-DRESS-7411,Summer Dress (M),$86.67,Debit Card - Visa,"3171 Elm Street, New York, AZ 16938",Processing,
TXN-20240926-001000,CUST-UK-0476,william williams,WILLIAM.WILLIAMS@EMAIL.COM,2024-09-26T21:53:51Z,CLOTH-DRESS-3779,Cotton T-Shirt,79.41,CREDIT CARD,"6130 Elm Street, Houston, TX 24213",Cancelled - 27/09/2024,Disappointed 😢
TXN-20260127-001001,CUST-CA-0353,Richard Lopez,richard.lopez@test.com,01/27/2026 03:13 PM,SPORT-OUTDOOR-5052,Yoga Mat Premium,$330.70,Debit Card - Visa,"4915 High Street, Chicago, IL 55925",Processing,Not worth the price
TXN20250423001002,CUST-UK-0255,Dr. John Martinez,john.martinez@email.com,2025-04-23T18:10:26Z,CLOTH-SHOES-2813,Cotton T-Shirt,€56.03,Credit Card (Mastercard),"1988 Elm Street, London, UK, SW1A 1AA",Delivered on 2025-04-28,
TXN-20251026-001003,CUST-CA-0418,Lisa Smith,,"October 26, 2025 at 8:54PM",HOME-LIGHTING-8566,Queen Bedding Set,£154.40,CREDIT CARD,"2121 Main St, London, UK, L1 1AA",Processing,Arrived damaged 😠
TXN-20250214-001004,CUST-UK-0015,Mr. William Garcia,WILLIAM.GARCIA@TEST.COM,14/02/2025 14:54,HOME-FURNITURE-4353,Kitchen Mixer,,credit_card,"5763 Oak Road, Chicago, NY 75010",Cancelled - 16/02/2025,Good value for money
TXN-20250302-001005,CUST-US-0278,ms. patricia johnson,patricia.johnson@email.com,03/02/2025 12:34 PM,HOME-LIGHTING-6457,LED Floor Lamp,£918.48,DEBIT CARD - Mastercard,"2370 Main St, Liverpool, UK, M1 1AA",Delivered on 10/03/2025,Arrived damaged 😠
TXN-20240506-001006,CUST-UK-0415,Mrs. Mary Martinez,MARY.MARTINEZ@SHOP.COM,05/06/2024 11:20 AM,ELEC-LAPTOP-8837,Bose Headphones,€308.58,DEBIT CARD - Mastercard,,Processing,Disappointed 😢
TXN-20240916-001007,CUST-US-0064,ROBERT MILLER,robert.miller@mail.com,09/16/2024 03:29 PM,CLOTH-PANTS-4621,Nike Running Shoes - Size 10,$273.59,Debit Card - Visa,"7199 Park Ave, New York, IL 94432",Cancelled,
TXN-20240321-001008,CUST-US-0105,William Jones,WILLIAM.JONES@TEST.COM,"March 21, 2024 at 9:09PM",HOME-BEDDING-6762,Modern Sofa Set,262.14,PayPal,"6235 Park Ave, Leeds, UK, B1 1AA",Cancelled,Average product
TXN-20250813-001009,CUST-UK-0275,Richard Davis,,2025-08-13T06:45:04Z,SPORT-TEAM-5358,Yoga Mat Premium,€94.31,Debit Card - Visa,"3162 Main St, Los Angeles, NY 86616",Delivered on 23/08/2025,Arrived damaged 😠
TXN-20250301-001010,CUST-US-0329,Robert Wilson,robert.wilson@test.com,2025-03-01T19:02:54Z,ELEC-PHONE-2460,"MacBook Pro 14""",943.21,Apple Pay,"4691 High Street, Leeds, UK, M1 1AA",Processing,Not worth the price
TXN-20241127-001011,CUST-EU-0002,Mr. Linda Brown,,11/27/2024 07:15 PM,HOME-FURNITURE-9031,Modern Sofa Set,€436.01,DEBIT CARD - Mastercard,"4247 Main St, New York, TX 16499",Shipped (est. arrival: December 04),Excellent quality 👍
TXN-20240222-001012,CUST-ASIA-0397,SARAH GARCIA,SARAH.GARCIA@EXAMPLE.COM,02/22/2024 03:25 PM,CLOTH-PANTS-5768,Nike Running Shoes - Size 10,£31.65,Credit Card (Mastercard),"8664 Park Ave, Birmingham, UK, SW1A 1AA",Shipped (est. arrival: February 26),Perfect! 5/5 stars
TXN-20250205-001013,CUST-US-0412,,emma.martinez@email.com,05/02/2025 16:36,SPORT-FITNESS-7114,Diving Gear Set,$109.40,Credit Card (Mastercard),"1682 High Street, Liverpool, UK, L1 1AA",Processing,Amazing! Highly recommend ⭐⭐⭐⭐⭐
TXN-20240422-001014,CUST-US-0385,Mrs. James Garcia,james.garcia@email.com,04/22/2024 08:01 PM,CLOTH-SHIRT-2977,Levis Jeans 32x34,$269.21,Debit Card - Visa,"5034 Oak Road, Phoenix, AZ 75954",Cancelled,Good value for money
TXN-20240530-001015,CUST-CA-0482,Ms. William Miller,william.miller@example.com,2024-05-30T10:09:46Z,HOME-LIGHTING-3027,Kitchen Mixer,992.31,DEBIT CARD - Mastercard,"2252 High Street, Houston, AZ 57094",Shipped (est. arrival: June 04),Amazing! Highly recommend ⭐⭐⭐⭐⭐
TXN-20260102-001016,CUST-EU-0373,Dr. Patricia Lopez,,"January 2, 2026 at 11:53AM",CLOTH-SHIRT-3284,Summer Dress (M),£64.50,Google Pay,"7768 High Street, Los Angeles, AZ 50755",Cancelled,Perfect! 5/5 stars
TXN-20250426-001017,CUST-UK-0359,Robert Johnson,invalid-email,"April 26, 2025 at 7:52PM",ELEC-TABLET-2196,iPhone 15 Pro Max (256GB),€1443.64,Google Pay,"2254 Park Ave, Houston, IL 33966",Delivered on 04/05/2025,Good value for money
TXN-20250829-001018,CUST-EU-0304,  Linda Miller  ,,2025-08-29T18:42:40Z,CLOTH-JACKET-4124,Leather Jacket [L],£253.58,Google Pay,"651 Oak Road, Los Angeles, IL 95290",Shipped (est. arrival: September 01),Arrived damaged 😠
TXN-20250111-001019,CUST-UK-0042,,jennifer.williams@mail.com,11/01/2025 14:46,BOOK-FICTION-9120,Digital Marketing eBook,$79.69,Apple Pay,"3242 Oak Road, Leeds, UK, L1 1AA",Cancelled,
TXN-20240313-001020,CUST-US-0479,MR. JOSEPH MARTINEZ,joseph.martinez@email.com,2024-03-13T17:21:06Z,HOME-DECOR-3668,Kitchen Mixer,$1273.78,Credit Card (Mastercard),"5752 Park Ave, Houston, CA 86262",Delivered on 2024-03-16,Amazing! Highly recommend ⭐⭐⭐⭐⭐
TXN-20241216-001021,CUST-UK-0441,  Richard Garcia  ,richard.garcia@example.com,12/16/2024 09:55 AM,CLOTH-PANTS-4887,Summer Dress (M),,PayPal,"2827 Elm Street, New York, CA 81433",Delivered on 2024-12-25,Good value for money
TXN-20250929-001022,CUST-EU-0292,Ms. Linda Jones,LINDA.JONES@SHOP.COM,09/29/2025 02:48 PM,CLOTH-SHOES-6196,Cotton T-Shirt,$248.69,PayPal,"3910 Main St, London, UK, L1 1AA",Cancelled,
TXN-20250318-001023,CUST-CA-0172,WILLIAM ANDERSON,william.anderson@test.com,18/03/2025 22:45,CLOTH-SHOES-5879,Cotton T-Shirt,$276.95,Credit Card (Mastercard),"4143 High Street, Houston, NY 21435",Processing,
TXN-20250310-001024,CUST-CA-0241,  RICHARD HERNANDEZ  ,richard.hernandez@test.com,10/03/2025 12:41,ELEC-LAPTOP-3103,iPhone 15 Pro Max (256GB),$548.83,Credit Card (Visa),"6740 Oak Road, New York, IL 15896",Delivered on 2025-03-13,
TXN-20240504-001025,CUST-UK-0492,Ms. Robert Smith,robert.smith@shop.com,"May 4, 2024 at 6:31PM",HOME-BEDDING-8606,Wall Art Decoration,£142.83,CREDIT CARD,,Cancelled,Excellent quality 👍
TXN-20240810-001026,CUST-EU-0040,Jennifer Rodriguez,user@domain,08/10/2024 01:37 PM,BOOK-NONFICTION-1636,Python Programming,€76.53,Credit Card (Mastercard),"7476 High Street, Birmingham, UK, SW1A 1AA",Delivered on 19/08/2024,Perfect! 5/5 stars
TXN-20241115-001027,CUST-US-0321,Mr. Lisa Wilson,lisa.wilson@example.com,"November 15, 2024 at 5:57AM",HOME-DECOR-7411,Wall Art Decoration,$913.40,DEBIT CARD - Mastercard,"4124 Park Ave, Los Angeles, AZ 63815",Cancelled - 16/11/2024,Disappointed 😢
TXN-20251012-001028,CUST-ASIA-0337,Mr. William Garcia,WILLIAM.GARCIA@SHOP.COM,12/10/2025 18:29,ELEC-CAMERA-9456,Bose Headphones,£1031.50,credit_card,"2219 Main St, London, UK, SW1A 1AA",Cancelled,
TXN-20241010-001029,CUST-UK-0159,  MARY JOHNSON  ,mary.johnson@mail.com,10/10/2024 10:19 PM,ELEC-TABLET-2552,iPhone 15 Pro Max (256GB),,credit_card,"7101 Main St, Chicago, TX 48318",Processing,Perfect! 5/5 stars
TXN-20250426-001030,CUST-CA-0061,,richard.smith@example.com,2027-12-31T23:59:59Z,CLOTH-SHIRT-8595,Levis Jeans 32x34,£236.35,Debit Card - Visa,"9843 Main St, Manchester, UK, SW1A 1AA",Processing,Average product
TXN-20250609-001031,CUST-UK-0412,JENNIFER LOPEZ,JENNIFER.LOPEZ@SHOP.COM,"June 9, 2025 at 6:32AM",SPORT-FITNESS-2724,Camping Tent 4-Person,,DEBIT CARD - Mastercard,,Shipped (est. arrival: June 15),Excellent quality 👍
TXN-20250501-001032,CUST-ASIA-0126,DR. RICHARD DAVIS,richard.davis@email.com,2025-05-01T11:08:20Z,BOOK-TEXTBOOK-1464,Python Programming,68.45,DEBIT CARD - Mastercard,"4225 Main St, New York, AZ 18711",Shipped (est. arrival: May 04),Disappointed 😢
TXN-20240414-001033,CUST-EU-0299,JOHN GARCIA,john.garcia@email.com,14/04/2024 20:35,BOOK-EBOOK-5003,Python Programming,€38.44,Credit Card (Mastercard),"5123 Elm Street, Liverpool, UK, L1 1AA",Processing,Poor quality 😞
TXN-20250227-001034,CUST-CA-0044,,LINDA.GARCIA@EMAIL.COM,27/02/2025 16:17,SPORT-OUTDOOR-7041,Yoga Mat Premium,$413.09,PayPal,"2189 High Street, Chicago, AZ 82765",Processing,Average product
TXN-20251116-001035,CUST-CA-0088,Ms. Emma Smith,emma.smith@test.com,"November 16, 2025 at 8:52PM",BOOK-NONFICTION-6909,Python Programming,$42.23,Google Pay,"7905 Park Ave, Phoenix, TX 45844",Shipped (est. arrival: November 19),Amazing! Highly recommend ⭐⭐⭐⭐⭐
TXN20240224001036,CUST-CA-0291,MRS. JOSEPH WILLIAMS,joseph.williams@mail.com,"February 24, 2024 at 11:56AM",CLOTH-SHOES-8579,Cotton T-Shirt,$118.46,Credit Card (Mastercard),"2290 High Street, New York, TX 43313",Processing,Not worth the price
TXN-20260118-001037,CUST-UK-0048,LINDA MARTINEZ,linda.martinez@email.com,2026-01-18T18:57:50Z,CLOTH-SHOES-3229,Summer Dress (M),$153.54,Credit Card (Visa),"3566 Park Ave, Los Angeles, AZ 17696",Shipped (est. arrival: January 25),Good value for money
TXN-20240921-001038,CUST-CA-0236,,robert.hernandez@email.com,21/09/2024 13:29,HOME-KITCHEN-6805,LED Floor Lamp,€200.48,Google Pay,"4717 High Street, Leeds, UK, SW1A 1AA",Shipped (est. arrival: September 25),Amazing! Highly recommend ⭐⭐⭐⭐⭐
TXN-20240125-001039,CUST-EU-0308,Ms. William Williams,,2024-01-25T13:23:06Z,HOME-FURNITURE-5557,Queen Bedding Set,$842.07,Credit Card (Visa),"5738 Elm Street, Los Angeles, AZ 27807",Shipped (est. arrival: January 28),Amazing! Highly recommend ⭐⭐⭐⭐⭐
TXN-20251126-001040,CUST-CA-0087,  Mrs. Robert Davis  ,robert.davis@test.com,11/26/2025 07:08 PM,CLOTH-PANTS-8484,Levis Jeans 32x34,£289.75,credit_card,"1308 Park Ave, London, UK, SW1A 1AA",Delivered on 2025-11-30,Poor quality 😞
TXN-20240310-001041,CUST-ASIA-0321,Mrs. Patricia Rodriguez,patricia.rodriguez@email.com,2024-03-10T08:01:22Z,HOME-KITCHEN-8805,Wall Art Decoration,£853.66,PayPal,"497 Elm Street, Birmingham, UK, SW1A 1AA",Cancelled - 12/03/2024,Disappointed 😢
TXN-20240821-001042,CUST-CA-0067,  Sarah Jones  ,sarah.jones@shop.com,2024-08-21T09:34:45Z,HOME-LIGHTING-1439,LED Floor Lamp,923.02,Google Pay,"1400 Main St, Liverpool, UK, L1 1AA",Processing,Average product
TXN-20250902-001043,CUST-ASIA-0359,  RICHARD SMITH  ,richard.smith@email.com,"September 2, 2025 at 8:23AM",SPORT-WINTER-8611,Basketball Official,$39.04,CREDIT CARD,"8615 Oak Road, London, UK, L1 1AA",Processing,Disappointed 😢
TXN-20241210-001044,CUST-ASIA-0376,Sarah Smith,sarah.smith@email.com,12/10/2024 10:00 PM,HOME-KITCHEN-9867,Kitchen Mixer,$1136.99,Google Pay,"2884 Oak Road, Leeds, UK, L1 1AA",Processing,Poor quality 😞
TXN-20250401-001045,CUST-ASIA-0220,dr. joseph johnson,JOSEPH.JOHNSON@SHOP.COM,04/01/2025 09:31 AM,HOME-FURNITURE-5247,Queen Bedding Set,$1003.73,Debit Card - Visa,"1747 Main St, Houston, IL 59500",Cancelled,Perfect! 5/5 stars
TXN-20250731-001046,CUST-ASIA-0427,lisa jones,,31/07/2025 15:15,BOOK-TEXTBOOK-2501,Business Magazine,,Credit Card (Mastercard),"2624 Park Ave, New York, TX 37887",Processing,Arrived damaged 😠
TXN-20250618-001047,CUST-ASIA-0475,,joseph.davis@example.com,"June 18, 2025 at 8:23PM",BOOK-TEXTBOOK-2118,Business Magazine,€26.06,credit_card,"823 High Street, Manchester, UK, LS1 1AA",Shipped (est. arrival: June 23),Excellent quality 👍
TXN-20240524-001048,CUST-UK-0457,MARY WILLIAMS,mary.williams@email.com,2024-05-24T11:45:19Z,SPORT-TEAM-2886,Basketball Official,€393.41,Credit Card (Visa),"5467 Elm Street, Manchester, UK, LS1 1AA",Delivered on 2024-05-29,Amazing! Highly recommend ⭐⭐⭐⭐⭐
TXN-20240315-001049,CUST-EU-0500,,david.garcia@mail.com,03/15/2024 08:01 PM,SPORT-WINTER-8271,Diving Gear Set,$45.67,Apple Pay,,Delivered on 17/03/2024,Excellent quality 👍
TXN-20260117-001050,CUST-ASIA-0159,James Davis,james.davis@mail.com,17/01/2026 21:57,BOOK-EBOOK-4054,The Great Gatsby [Paperback],,DEBIT CARD - Mastercard,"8219 Park Ave, Phoenix, CA 25982",Cancelled - 18/01/2026,Good value for money
TXN-20250105-001051,CUST-US-0129,MS. JENNIFER RODRIGUEZ,JENNIFER.RODRIGUEZ@EMAIL.COM,"January 5, 2025 at 5:37PM",CLOTH-PANTS-4357,Levis Jeans 32x34,$271.18,Credit Card (Visa),,Processing,Good value for money
TXN-20240921-001052,CUST-UK-0233,DR. LINDA ANDERSON,LINDA.ANDERSON@MAIL.COM,21/09/2024 07:06,BOOK-MAGAZINE-4779,Business Magazine,$76.47,Google Pay,"6546 Oak Road, Leeds, UK, LS1 1AA",Cancelled - 22/09/2024,Good value for money
TXN-20241227-001053,CUST-ASIA-0378,Mrs. Robert Martinez,ROBERT.MARTINEZ@EXAMPLE.COM,27/12/2024 15:08,SPORT-WINTER-9802,Ski Jacket Waterproof,$256.63,Debit Card - Visa,"2323 Park Ave, New York, AZ 66508",Delivered on 04/01/2025,Good value for money
TXN-20250423-001054,CUST-CA-0119,WILLIAM JONES,william.jones@shop.com,04/23/2025 10:55 AM,BOOK-NONFICTION-1613,Data Science Handbook,$15.00,PayPal,"3962 Main St, London, UK, SW1A 1AA",Processing,Perfect! 5/5 stars
TXN-20241228-001055,CUST-ASIA-0256,MR. PATRICIA JONES,PATRICIA.JONES@EMAIL.COM,12/28/2024 03:33 PM,SPORT-WATER-5144,Basketball Official,£470.29,CREDIT CARD,"7476 Main St, Manchester, UK, B1 1AA",Processing,Perfect! 5/5 stars
TXN-20250924-001056,CUST-EU-0449,Mr. Sarah Wilson,sarah.wilson@email.com,24/09/2025 19:38,CLOTH-DRESS-7341,Nike Running Shoes - Size 10,€298.09,Debit Card - Visa,,Processing,
TXN-20250621-001057,CUST-CA-0249,DAVID DAVIS,david.davis@shop.com,21/06/2025 13:46,BOOK-FICTION-1952,Business Magazine,$21.45,Google Pay,"2603 Main St, New York, IL 26856",Delivered on 27/06/2025,Perfect! 5/5 stars
TXN-20240624-001058,CUST-ASIA-0418,ROBERT WILLIAMS,,24/06/2024 16:18,SPORT-OUTDOOR-6780,Yoga Mat Premium,$207.05,Debit Card - Visa,"238 Park Ave, Houston, IL 94306",Processing,
TXN-20241007-001059,CUST-ASIA-0453,MR. SARAH WILSON,sarah.wilson@example.com,"October 7, 2024 at 6:37AM",CLOTH-PANTS-4016,Cotton T-Shirt,€178.20,Credit Card (Visa),"4953 High Street, London, UK, SW1A 1AA",Delivered on 2024-10-16,Poor quality 😞
TXN-20240829-001060,CUST-EU-0360,Ms. Robert Wilson,robert.wilson@email.com,08/29/2024 01:14 PM,ELEC-CAMERA-3085,Sony Camera A7,$1136.96,credit_card,"6384 Elm Street, Chicago, CA 23861",Shipped (est. arrival: September 05),Poor quality 😞
TXN-20250913-001061,CUST-EU-0027,EMMA SMITH,emma.smith@shop.com,13/09/2025 21:34,BOOK-NONFICTION-8742,Business Magazine,,Google Pay,"3096 Elm Street, New York, CA 84051",Delivered on 2025-09-18,
TXN-20250906-001062,CUST-CA-0178,  Mr. Patricia Wilson  ,,09/06/2025 05:59 AM,ELEC-CAMERA-4063,Samsung Galaxy S24,1324.22,Debit Card - Visa,"4120 Park Ave, Los Angeles, TX 42923",Processing,Poor quality 😞
TXN-20250730-001063,CUST-CA-0215,  Robert Williams  ,robert.williams@mail.com,2027-12-31T23:59:59Z,HOME-DECOR-8566,LED Floor Lamp,£1382.52,Credit Card (Visa),"9857 High Street, Liverpool, UK, B1 1AA",Shipped (est. arrival: August 02),
TXN-20250825-001064,CUST-UK-0031,Mrs. Robert Garcia,robert.garcia@email.com,25/08/2025 16:19,BOOK-FICTION-8855,Data Science Handbook,,PayPal,"3012 Oak Road, Birmingham, UK, LS1 1AA",Processing,Excellent quality 👍
TXN-20241208-001065,CUST-UK-0062,  Sarah Garcia  ,sarah.garcia@mail.com,2024-12-08T14:50:26Z,HOME-LIGHTING-6913,LED Floor Lamp,,DEBIT CARD - Mastercard,"2515 Park Ave, Chicago, AZ 61794",Shipped (est. arrival: December 11),
TXN-20240612-001066,CUST-EU-0455,Mr. Patricia Jones,PATRICIA.JONES@SHOP.COM,"June 12, 2024 at 12:18PM",BOOK-EBOOK-7770,The Great Gatsby [Paperback],,Credit Card (Visa),"8932 Elm Street, Los Angeles, CA 73791",Shipped (est. arrival: June 15),
TXN-20240724-001067,CUST-EU-0388,WILLIAM BROWN,william.brown@example.com,"July 24, 2024 at 5:01PM",HOME-LIGHTING-7457,Wall Art Decoration,£1025.00,Credit Card (Visa),"8942 Oak Road, Chicago, TX 37842",Cancelled,
TXN-20250324-001068,CUST-ASIA-0160,dr. david miller,david.miller@example.com,24/03/2025 16:56,HOME-DECOR-9487,Queen Bedding Set,$1360.97,credit_card,"5476 Oak Road, Manchester, UK, L1 1AA",Cancelled - 24/03/2025,Poor quality 😞
TXN-20240803-001069,CUST-UK-0168,Robert Davis,robert.davis@mail.com,2024-08-03T19:17:29Z,SPORT-OUTDOOR-8759,Yoga Mat Premium,$395.95,Apple Pay,"6819 Park Ave, Chicago, NY 16025",Cancelled,Good value for money
TXN-20250209-001070,CUST-CA-0198,LISA MARTINEZ,lisa.martinez@email.com,02/09/2025 10:39 PM,SPORT-TEAM-2366,Ski Jacket Waterproof,$405.00,CREDIT CARD,"8852 Elm Street, Los Angeles, NY 95953",Shipped (est. arrival: February 16),
TXN-20250208-001071,CUST-UK-0241,Richard Williams,richard.williams@shop.com,02/08/2025 10:01 PM,ELEC-PHONE-3584,Samsung Galaxy S24,236.81,credit_card,"3940 Park Ave, Manchester, UK, M1 1AA",Delivered on 2025-02-13,Average product
TXN-20251126-001072,CUST-CA-0304,,robert.davis@test.com,"November 26, 2025 at 1:01PM",ELEC-PHONE-3997,Bose Headphones,€527.53,Credit Card (Visa),"128 Main St, Liverpool, UK, SW1A 1AA",Cancelled,Average product
TXN-20240627-001073,CUST-ASIA-0436,,michael.brown@email.com,"June 27, 2024 at 3:40PM",BOOK-MAGAZINE-2888,The Great Gatsby [Paperback],,CREDIT CARD,"3054 Park Ave, London, UK, SW1A 1AA",Shipped (est. arrival: July 04),
TXN-20250712-001074,CUST-CA-0322,ROBERT ANDERSON,user@domain,12/07/2025 16:08,CLOTH-PANTS-5346,Nike Running Shoes - Size 10,€118.08,Credit Card (Visa),"2688 Oak Road, New York, TX 24641",Processing,Poor quality 😞
TXN-20250625-001075,CUST-EU-0382,DAVID DAVIS,DAVID.DAVIS@MAIL.COM,2025-06-25T19:38:00Z,BOOK-EBOOK-9798,Digital Marketing eBook,$18.63,credit_card,,Processing,
TXN-20251203-001076,CUST-US-0107,mr. william smith,william.smith@example.com,2025-12-03T16:32:20Z,BOOK-TEXTBOOK-6238,The Great Gatsby [Paperback],€36.21,Google Pay,"8261 Main St, Phoenix, TX 69255",Delivered on 13/12/2025,Great product! 5 stars ⭐⭐⭐⭐⭐
TXN-20251028-001077,CUST-US-0151,  Mr. James Brown  ,james.brown@shop.com,2025-10-28T16:36:01Z,SPORT-WATER-4971,Camping Tent 4-Person,$352.56,Credit Card (Mastercard),"2583 Oak Road, Chicago, NY 35333",Shipped (est. arrival: November 03),Excellent quality 👍
TXN-20250924-001078,CUST-US-0187,MR. JOHN MILLER,john.miller@email.com,09/24/2025 06:17 PM,ELEC-PHONE-8551,iPhone 15 Pro Max (256GB),€1633.39,CREDIT CARD,"6645 Main St, Manchester, UK, B1 1AA",Delivered on 03/10/2025,Amazing! Highly recommend ⭐⭐⭐⭐⭐
TXN-20251011-001079,CUST-CA-0278,John Johnson,john.johnson@email.com,10/11/2025 09:37 PM,BOOK-EBOOK-8192,Digital Marketing eBook,34.12,Credit Card (Visa),,Processing,
TXN-20250509-001080,CUST-US-0239,robert hernandez,robert.hernandez@shop.com,2025-05-09T13:12:46Z,CLOTH-SHOES-8543,Levis Jeans 32x34,$192.84,credit_card,"8719 High Street, Phoenix, TX 83928",Processing,Disappointed 😢
TXN-20240627-001081,CUST-EU-0491,,joseph.brown@example.com,2024-06-27T16:42:27Z,ELEC-AUDIO-4976,Bose Headphones,£1232.53,CREDIT CARD,"4686 Elm Street, Houston, CA 98778",Shipped (est. arrival: July 02),Perfect! 5/5 stars
TXN-20251124-001082,CUST-US-0309,  Ms. James Miller  ,james.miller@shop.com,2025-11-24T22:40:10Z,CLOTH-PANTS-6107,Nike Running Shoes - Size 10,€49.22,Credit Card (Visa),"1912 Oak Road, New York, IL 27457",Shipped (est. arrival: November 29),Not worth the price
TXN-20240630-001083,CUST-EU-0206,MRS. JAMES RODRIGUEZ,JAMES.RODRIGUEZ@EMAIL.COM,"June 30, 2024 at 7:56PM",HOME-KITCHEN-6948,Modern Sofa Set,328.98,Credit Card (Mastercard),"7655 Elm Street, Chicago, IL 85479",Processing,Amazing! Highly recommend ⭐⭐⭐⭐⭐
TXN-20240619-001084,CUST-CA-0042,Dr. Michael Williams,MICHAEL.WILLIAMS@EXAMPLE.COM,06/19/2024 10:16 AM,BOOK-TEXTBOOK-9046,Business Magazine,£26.02,credit_card,"4149 Elm Street, Chicago, CA 36777",Cancelled,Excellent quality 👍
TXN-20250103-001085,CUST-US-0002,  Dr. Richard Johnson  ,RICHARD.JOHNSON@TEST.COM,"January 3, 2025 at 1:29PM",SPORT-OUTDOOR-4843,Yoga Mat Premium,$106.47,Credit Card (Visa),"8244 High Street, Houston, IL 42898",Cancelled,Perfect! 5/5 stars
TXN-20240621-001086,CUST-US-0382,dr. william johnson,william.johnson@test.com,21/06/2024 19:58,BOOK-MAGAZINE-7770,Data Science Handbook,$89.29,CREDIT CARD,"8046 Main St, Leeds, UK, B1 1AA",Delivered on 2024-06-29,Disappointed 😢
TXN-20240326-001087,CUST-US-0005,ROBERT GARCIA,ROBERT.GARCIA@EXAMPLE.COM,26/03/2024 10:59,HOME-FURNITURE-4067,Queen Bedding Set,£640.97,Credit Card (Mastercard),"2829 Elm Street, New York, IL 61263",Processing,
TXN-20240207-001088,CUST-UK-0317,  ms. jennifer martinez  ,JENNIFER.MARTINEZ@EXAMPLE.COM,2024-02-07T14:41:30Z,HOME-KITCHEN-3235,Kitchen Mixer,$747.86,Apple Pay,"1110 Park Ave, Liverpool, UK, B1 1AA",Shipped (est. arrival: February 14),Not worth the price
TXN-20260127-001089,CUST-CA-0444,ms. emma hernandez,emma.hernandez@mail.com,27/01/2026 13:31,CLOTH-JACKET-4762,Nike Running Shoes - Size 10,£204.82,PayPal,"6389 Main St, Houston, IL 12079",Delivered on 03/02/2026,
TXN-20240415-001090,CUST-ASIA-0396,Sarah Martinez,sarah.martinez@example.com,04/15/2024 07:54 PM,SPORT-WATER-7276,Diving Gear Set,€194.68,Google Pay,"5352 High Street, London, UK, SW1A 1AA",Delivered on 2024-04-25,Poor quality 😞
TXN-20250123-001091,CUST-ASIA-0336,James Smith,james.smith@test.com,01/23/2025 11:10 AM,CLOTH-DRESS-7640,Summer Dress (M),€88.37,DEBIT CARD - Mastercard,,Cancelled - 23/01/2025,Good value for money
TXN-20260114-001092,CUST-EU-0472,Mr. Robert Williams,robert.williams@mail.com,"January 14, 2026 at 7:54PM",ELEC-PHONE-9057,"MacBook Pro 14""",,Apple Pay,"5370 High Street, Liverpool, UK, LS1 1AA",Cancelled,Arrived damaged 😠
TXN-20250923-001093,CUST-EU-0031,emma jones,emma.jones@example.com,"September 23, 2025 at 5:20PM",CLOTH-DRESS-3351,Leather Jacket [L],£81.99,PayPal,"9966 Oak Road, Manchester, UK, B1 1AA",Shipped (est. arrival: September 30),Excellent quality 👍
TXN-20241115-001094,CUST-US-0086,JAMES GARCIA,james.garcia@shop.com,15/11/2024 15:28,ELEC-AUDIO-9162,Bose Headphones,$1318.88,PayPal,"3581 Main St, Birmingham, UK, SW1A 1AA",Delivered on 2024-11-24,Perfect! 5/5 stars
TXN-20240219-001095,CUST-EU-0104,DR. LINDA GARCIA,linda.garcia@email.com,2024-02-19T18:58:12Z,BOOK-FICTION-3961,The Great Gatsby [Paperback],£52.41,Credit Card (Mastercard),"515 Oak Road, Leeds, UK, LS1 1AA",Cancelled,Perfect! 5/5 stars
TXN-20241216-001096,CUST-ASIA-0160,EMMA MARTINEZ,emma.martinez@test.com,12/16/2024 08:03 AM,HOME-DECOR-6869,Modern Sofa Set,$330.35,Credit Card (Visa),"8805 High Street, Manchester, UK, M1 1AA",Shipped (est. arrival: December 19),
TXN-20241114-001097,CUST-US-0173,  DR. ROBERT MILLER  ,robert@,"November 14, 2024 at 7:19PM",HOME-FURNITURE-6240,Modern Sofa Set,$731.94,Apple Pay,"4681 High Street, Birmingham, UK, M1 1AA",Cancelled,Disappointed 😢
TXN-20240912-001098,CUST-ASIA-0299,Ms. Jennifer Garcia,jennifer.garcia@shop.com,09/12/2024 03:07 PM,HOME-LIGHTING-4379,Queen Bedding Set,$295.68,Credit Card (Mastercard),"9696 Elm Street, Birmingham, UK, L1 1AA",Processing,Perfect! 5/5 stars
TXN-20251125-001099,CUST-CA-0035,mrs. linda anderson,LINDA.ANDERSON@EMAIL.COM,11/25/2025 07:23 AM,SPORT-FITNESS-1494,Basketball Official,£99.20,DEBIT CARD - Mastercard,"4189 Elm Street, New York, AZ 11223",Cancelled,Great product! 5 stars ⭐⭐⭐⭐⭐
TXN-20240507-001100,CUST-UK-0155,,john.lopez@email.com,"May 7, 2024 at 6:29PM",SPORT-FITNESS-1938,Basketball Official,€40.41,Apple Pay,"703 Main St, Leeds, UK, SW1A 1AA",Shipped (est. arrival: May 12),
TXN-20250514-001101,CUST-US-0066,ms. michael garcia,michael.garcia@shop.com,"May 14, 2025 at 7:32PM",CLOTH-PANTS-7547,Leather Jacket [L],$288.65,CREDIT CARD,"8325 Park Ave, Houston, NY 56998",Processing,Perfect! 5/5 stars
TXN-20240323-001102,CUST-ASIA-0299,mrs. jennifer brown,jennifer.brown@example.com,2024-03-23T21:04:14Z,HOME-FURNITURE-7771,Modern Sofa Set,$521.31,DEBIT CARD - Mastercard,"1223 Park Ave, Leeds, UK, L1 1AA",Cancelled,
TXN-20240528-001103,CUST-CA-0220,Mrs. Patricia Jones,patricia.jones@test.com,2024-05-28T17:59:14Z,SPORT-WATER-4247,Yoga Mat Premium,$101.97,credit_card,"2957 Elm Street, London, UK, LS1 1AA",Processing,
TXN-20240105-001104,CUST-UK-0069,JENNIFER LOPEZ,JENNIFER.LOPEZ@EXAMPLE.COM,"January 5, 2024 at 11:41PM",SPORT-WATER-4993,Diving Gear Set,$197.34,Apple Pay,"2457 Park Ave, Houston, CA 11582",Cancelled - 06/01/2024,Disappointed 😢
TXN-20250410-001105,CUST-ASIA-0318,dr. jennifer rodriguez,jennifer.rodriguez@example.com,04/10/2025 02:48 AM,CLOTH-PANTS-8680,Levis Jeans 32x34,€166.65,Apple Pay,"3392 Park Ave, Manchester, UK, M1 1AA",Processing,Excellent quality 👍
TXN-20240428-001106,CUST-US-0078,Linda Rodriguez,linda.rodriguez@test.com,"April 28, 2024 at 1:58PM",BOOK-NONFICTION-2099,Business Magazine,$88.72,CREDIT CARD,"1288 Oak Road, New York, CA 89022",Cancelled - 29/04/2024,Arrived damaged 😠
TXN-20241107-001107,CUST-EU-0333,dr. linda garcia,linda.garcia@mail.com,07/11/2024 15:13,SPORT-TEAM-1505,Camping Tent 4-Person,$119.02,Debit Card - Visa,"5619 Oak Road, Chicago, TX 68748",Delivered on 2024-11-14,
TXN-20240225-001108,CUST-US-0285,mrs. mary williams,mary.williams@email.com,25/02/2024 22:15,SPORT-TEAM-3621,Ski Jacket Waterproof,105.39,Credit Card (Mastercard),"4531 Oak Road, Leeds, UK, LS1 1AA",Processing,Average product
TXN-20250213-001109,CUST-ASIA-0210,Linda Garcia,linda.garcia@mail.com,02/13/2025 05:35 PM,HOME-KITCHEN-1388,Wall Art Decoration,$1174.68,Debit Card - Visa,"5241 High Street, Houston, NY 63645",Cancelled,
TXN-20260124-001110,CUST-CA-0363,Mr. Patricia Garcia,patricia.garcia@shop.com,24/01/2026 20:59,HOME-LIGHTING-4084,Queen Bedding Set,448.62,Apple Pay,"1738 Park Ave, Manchester, UK, LS1 1AA",Delivered on 2026-02-03,
TXN-20250324-001111,CUSTEU0343,Linda Brown,user@domain,2025-03-24T14:14:28Z,SPORT-WATER-7488,Diving Gear Set,€33.29,CREDIT CARD,"3667 Oak Road, Birmingham, UK, LS1 1AA",Cancelled - 24/03/2025,
TXN-20251006-001112,CUST-ASIA-0338,  Michael Anderson  ,michael.anderson@email.com,06/10/2025 11:38,SPORT-OUTDOOR-2243,Diving Gear Set,,CREDIT CARD,"8728 Elm Street, New York, IL 41599",Cancelled - 08/10/2025,Not worth the price
TXN-20240805-001113,CUST-CA-0070,MRS. DAVID ANDERSON,david.anderson@mail.com,2024-08-05T06:00:54Z,ELEC-AUDIO-6370,Bose Headphones,$623.07,Google Pay,"213 Main St, Phoenix, NY 19219",Cancelled,Amazing! Highly recommend ⭐⭐⭐⭐⭐
TXN-20250205-001114,CUST-EU-0389,DR. PATRICIA DAVIS,patricia.davis@test.com,02/05/2025 11:36 AM,ELEC-AUDIO-5526,iPhone 15 Pro Max (256GB),"€1,171.72",PayPal,"2351 High Street, Chicago, IL 11739",Processing,Poor quality 😞
TXN-20250102-001115,CUST-US-0054,JENNIFER HERNANDEZ,,01/02/2025 08:20 PM,HOME-DECOR-5631,Modern Sofa Set,£948.54,credit_card,"4046 Oak Road, Leeds, UK, LS1 1AA",Cancelled - 03/01/2025,Poor quality 😞
TXN-20260115-001116,CUST-ASIA-0481,,linda.johnson@shop.com,15/01/2026 15:18,BOOK-MAGAZINE-4569,Business Magazine,£27.50,PayPal,"2640 Elm Street, Manchester, UK, L1 1AA",Cancelled - 17/01/2026,Perfect! 5/5 stars
TXN-20240905-001117,CUST-US-0450,emma jones,emma.jones@example.com,09/05/2024 08:25 PM,BOOK-FICTION-6588,Digital Marketing eBook,$16.43,CREDIT CARD,,Shipped (est. arrival: September 12),Disappointed 😢
TXN-20241123-001118,CUST-EU-0320,Linda Smith,linda.smith@mail.com,"November 23, 2024 at 2:21PM",CLOTH-DRESS-8735,Levis Jeans 32x34,€37.96,Google Pay,,Shipped (est. arrival: November 29),Poor quality 😞
TXN-20241229-001119,CUST-CA-0348,Linda Garcia,linda.garcia@test.com,12/29/2024 08:20 PM,SPORT-TEAM-2707,Yoga Mat Premium,$449.25,DEBIT CARD - Mastercard,"7536 Park Ave, Houston, NY 65110",Delivered on 06/01/2025,Good value for money
TXN-20240110-001120,CUST-EU-0279,SARAH JOHNSON,sarah.johnson@example.com,10/01/2024 22:19,SPORT-WATER-1845,Camping Tent 4-Person,$188.45,CREDIT CARD,"9472 High Street, Phoenix, IL 49407",Processing,
TXN-20240224-001121,CUST-ASIA-0451,  Linda Rodriguez  ,linda.rodriguez@shop.com,24/02/2024 08:33,CLOTH-SHOES-2452,Leather Jacket [L],£236.41,Google Pay,"4112 Main St, Los Angeles, TX 33575",Shipped (est. arrival: March 02),Amazing! Highly recommend ⭐⭐⭐⭐⭐
TXN-20250425-001122,CUST-EU-0228,  Mary Martinez  ,MARY.MARTINEZ@TEST.COM,"April 25, 2025 at 7:00PM",CLOTH-PANTS-3285,Cotton T-Shirt,€299.68,Debit Card - Visa,"1554 Park Ave, Birmingham, UK, B1 1AA",Processing,
TXN-20250919-001123,CUST-CA-0276,  JOSEPH BROWN  ,JOSEPH.BROWN@SHOP.COM,19/09/2025 14:12,CLOTH-PANTS-9275,Levis Jeans 32x34,$263.90,CREDIT CARD,"6231 Elm Street, Houston, AZ 23141",Cancelled - 21/09/2025,Not worth the price
TXN-20240302-001124,CUST-UK-0277,dr. emma miller,emma.miller@example.com,2027-12-31T23:59:59Z,SPORT-OUTDOOR-4455,Yoga Mat Premium,,Apple Pay,,Delivered on 2024-03-10,
TXN-20250721-001125,CUST-US-0022,patricia miller,PATRICIA.MILLER@MAIL.COM,"July 21, 2025 at 7:05AM",HOME-BEDDING-5608,LED Floor Lamp,$382.13,PayPal,"1557 High Street, Houston, TX 22834",Cancelled - 22/07/2025,Poor quality 😞
TXN-20250620-001126,CUST-ASIA-0429,,,2025-06-20T16:33:27Z,HOME-FURNITURE-2705,Modern Sofa Set,€592.50,Credit Card (Visa),"2993 Main St, Birmingham, UK, LS1 1AA",Delivered on 2025-06-23,Not worth the price
TXN-20240723-001127,CUST-CA-0325,mrs. linda lopez,linda.lopez@example.com,"July 23, 2024 at 1:30PM",BOOK-MAGAZINE-9918,Python Programming,$86.35,Credit Card (Visa),"2912 Park Ave, Manchester, UK, M1 1AA",Shipped (est. arrival: July 28),Amazing! Highly recommend ⭐⭐⭐⭐⭐
TXN-20240115-001128,CUST-US-0410,Ms. John Hernandez,john.hernandez@shop.com,01/15/2024 03:16 PM,HOME-FURNITURE-7973,Queen Bedding Set,$1397.23,Credit Card (Mastercard),"4174 Main St, Chicago, IL 51522",Shipped (est. arrival: January 22),Good value for money
TXN-20251212-001129,CUST-EU-0297,Linda Wilson,LINDA.WILSON@EMAIL.COM,12/12/2025 08:28 AM,SPORT-WINTER-6803,Camping Tent 4-Person,$26.70,DEBIT CARD - Mastercard,"746 Main St, Leeds, UK, M1 1AA",Shipped (est. arrival: December 17),Arrived damaged 😠
TXN-20240305-001130,CUST-ASIA-0308,  Sarah Anderson  ,sarah.anderson@email.com,"March 5, 2024 at 10:18PM",CLOTH-JACKET-4774,Cotton T-Shirt,$280.85,Debit Card - Visa,"3449 Elm Street, Birmingham, UK, M1 1AA",Processing,Great product! 5 stars ⭐⭐⭐⭐⭐
TXN20240714001131,CUST-ASIA-0211,Mrs. Michael Rodriguez,michael.rodriguez@example.com,07/14/2024 09:42 PM,HOME-FURNITURE-5462,LED Floor Lamp,$70.77,PayPal,"7646 Main St, New York, AZ 23732",Cancelled - 15/07/2024,Average product
TXN-20250804-001132,CUST-UK-0037,,michael.anderson@email.com,"August 4, 2025 at 1:59PM",SPORT-TEAM-9682,Diving Gear Set,$252.46,Credit Card (Visa),,Cancelled - 05/08/2025,
TXN-20240418-001133,CUST-UK-0099,Sarah Rodriguez,SARAH.RODRIGUEZ@TEST.COM,04/18/2024 08:01 AM,CLOTH-JACKET-5047,Summer Dress (M),$236.76,credit_card,"7055 High Street, Phoenix, NY 47967",Delivered on 2024-04-26,
TXN-20250415-001134,CUST-CA-0134,ms. emma brown,,15/04/2025 17:08,ELEC-LAPTOP-6863,Samsung Galaxy S24,$1706.07,DEBIT CARD - Mastercard,"3084 Park Ave, Houston, CA 83250",Delivered on 2025-04-18,
TXN-20250515-001135,CUST-UK-0156,,MICHAEL.LOPEZ@MAIL.COM,2025-05-15T23:29:34Z,SPORT-WINTER-1652,Ski Jacket Waterproof,€172.26,Google Pay,"7385 High Street, New York, NY 60455",Processing,
TXN-20250426-001136,CUST-CA-0278,  JOHN RODRIGUEZ  ,john.rodriguez@mail.com,2025-04-26T15:45:58Z,SPORT-TEAM-4515,Yoga Mat Premium,£74.44,Google Pay,"1120 Oak Road, Liverpool, UK, L1 1AA",Delivered on 2025-05-04,Average product
TXN-20250224-001137,CUST-US-0391,Mr. Michael Rodriguez,,2025-02-24T19:35:53Z,CLOTH-SHOES-6368,Leather Jacket [L],£291.26,Google Pay,"9212 Elm Street, Liverpool, UK, B1 1AA",Shipped (est. arrival: March 01),Arrived damaged 😠
TXN-20240306-001138,CUST-US-0208,Mr. Michael Johnson,michael.johnson@email.com,06/03/2024 21:13,ELEC-TABLET-4514,Sony Camera A7,768.40,Credit Card (Mastercard),"7131 Park Ave, Birmingham, UK, L1 1AA",Delivered on 12/03/2024,
TXN-20240301-001139,CUST-US-0140,EMMA MILLER,emma.miller@example.com,2024-03-01T17:33:47Z,ELEC-CAMERA-8967,Samsung Galaxy S24,£1479.30,Debit Card - Visa,"2521 Elm Street, Chicago, IL 37018",Cancelled,Not worth the price
TXN-20240427-001140,CUST-UK-0306,Mrs. Richard Miller,richard.miller@mail.com,"April 27, 2024 at 9:58PM",BOOK-MAGAZINE-4987,Digital Marketing eBook,£39.04,Credit Card (Visa),"7048 Oak Road, Leeds, UK, SW1A 1AA",Processing,Perfect! 5/5 stars
TXN-20240103-001141,CUST-UK-0055,SARAH LOPEZ,sarah.lopez@shop.com,03/01/2024 10:06,ELEC-PHONE-5808,iPhone 15 Pro Max (256GB),€1701.11,Credit Card (Visa),"7174 Oak Road, Houston, AZ 30414",Delivered on 2024-01-12,Not worth the price
TXN-20240110-001142,CUST-ASIA-0408,  Patricia Davis  ,patricia.davis@email.com,2024-01-10T14:59:55Z,ELEC-CAMERA-7671,Sony Camera A7,"$1,773.46",DEBIT CARD - Mastercard,"5112 Elm Street, Houston, CA 19419",Delivered on 17/01/2024,Amazing! Highly recommend ⭐⭐⭐⭐⭐
TXN-20250509-001143,CUST-US-0215,Ms. David Wilson,david.wilson@example.com,2025-05-09T19:44:22Z,ELEC-CAMERA-2761,"MacBook Pro 14""",€1635.63,Credit Card (Visa),"7722 Oak Road, Los Angeles, NY 27703",Cancelled - 10/05/2025,Amazing! Highly recommend ⭐⭐⭐⭐⭐
TXN-20251102-001144,CUST-EU-0143,mrs. william johnson,william.johnson@shop.com,"November 2, 2025 at 6:23PM",BOOK-FICTION-8640,Business Magazine,,PayPal,"3061 Elm Street, Houston, AZ 59566",Cancelled - 03/11/2025,Poor quality 😞
TXN-20250222-001145,CUST-US-0226,mr. emma hernandez,emma.hernandez@shop.com,2025-02-22T21:17:18Z,SPORT-WATER-9709,Diving Gear Set,$391.91,CREDIT CARD,"9656 Oak Road, Chicago, AZ 32719",Shipped (est. arrival: February 28),Perfect! 5/5 stars
TXN-20240126-001146,CUST-EU-0332,MR. EMMA JOHNSON,emma.johnson@test.com,01/26/2024 09:16 PM,HOME-FURNITURE-4289,Queen Bedding Set,$128.37,Debit Card - Visa,"5477 Main St, London, UK, L1 1AA",Cancelled,
TXN-20241002-001147,CUST-UK-0142,mrs. robert lopez,robert.lopez@shop.com,10/02/2024 11:00 PM,BOOK-FICTION-9356,The Great Gatsby [Paperback],$72.19,CREDIT CARD,,Cancelled,Excellent quality 👍
TXN-20240519-001148,CUST-CA-0250,Patricia Smith,patricia.smith@example.com,05/19/2024 12:12 PM,SPORT-FITNESS-9953,Yoga Mat Premium,$423.69,Credit Card (Mastercard),"791 Oak Road, Chicago, AZ 39013",Delivered on 23/05/2024,Excellent quality 👍
TXN-20240409-001149,CUST-CA-0213,JOHN WILLIAMS,john.williams@email.com,09/04/2024 08:45,BOOK-TEXTBOOK-3362,Business Magazine,£41.20,credit_card,"845 Elm Street, Phoenix, AZ 45058",Processing,Not worth the price
TXN-20250905-001150,CUSTUK0089,  JENNIFER WILLIAMS  ,jennifer.williams@email.com,"September 5, 2025 at 2:31PM",HOME-BEDDING-2965,Queen Bedding Set,,DEBIT CARD - Mastercard,"940 Park Ave, Phoenix, TX 75707",Delivered on 2025-09-13,
TXN-20250129-001151,CUST-CA-0371,  Sarah Wilson  ,sarah.wilson@shop.com,2025-01-29T08:11:26Z,SPORT-WATER-7316,Basketball Official,£128.35,DEBIT CARD - Mastercard,"8029 Elm Street, Houston, NY 81314",Delivered on 05/02/2025,Average product
TXN-20241115-001152,CUST-ASIA-0113,Linda Jones,linda.jones@test.com,15/11/2024 18:23,SPORT-OUTDOOR-1248,Diving Gear Set,£109.45,Google Pay,"7137 High Street, Manchester, UK, LS1 1AA",Shipped (est. arrival: November 18),
TXN-20241214-001153,CUST-CA-0314,Ms. Emma Garcia,emma.garcia@example.com,14/12/2024 21:31,CLOTH-JACKET-1290,Nike Running Shoes - Size 10,$27.49,Credit Card (Visa),"2188 Elm Street, Birmingham, UK, B1 1AA",Cancelled,
TXN-20240407-001154,CUST-EU-0145,JOHN LOPEZ,,04/07/2024 02:31 PM,BOOK-EBOOK-1818,Digital Marketing eBook,$53.39,Credit Card (Mastercard),"1303 Main St, Birmingham, UK, SW1A 1AA",Shipped (est. arrival: April 14),Disappointed 😢
TXN-20250725-001155,CUST-US-0010,Ms. Lisa Davis,lisa.davis@shop.com,2025-07-25T11:14:39Z,HOME-DECOR-3183,Kitchen Mixer,$417.61,Google Pay,"2974 Park Ave, Chicago, TX 43063",Delivered on 29/07/2025,
TXN-20250622-001156,CUST-ASIA-0052,david smith,david.smith@mail.com,22/06/2025 20:01,SPORT-WINTER-5878,Camping Tent 4-Person,€341.90,CREDIT CARD,"4041 Oak Road, Phoenix, IL 75925",Cancelled,Average product
TXN-20251129-001157,CUST-US-0331,Dr. Joseph Garcia,JOSEPH.GARCIA@MAIL.COM,29/11/2025 16:48,BOOK-EBOOK-9607,The Great Gatsby [Paperback],49.11,PayPal,"9408 High Street, Chicago, AZ 48086",Delivered on 02/12/2025,Disappointed 😢
TXN-20240626-001158,CUST-ASIA-0324,Dr. John Johnson,JOHN.JOHNSON@SHOP.COM,"June 26, 2024 at 7:36PM",SPORT-WATER-6784,Basketball Official,£347.51,credit_card,"2215 Main St, New York, NY 82108",Delivered on 2024-07-02,Perfect! 5/5 stars
TXN-20250902-001159,CUST-ASIA-0094,,lisa.garcia@example.com,"September 2, 2025 at 12:16AM",ELEC-PHONE-9376,iPhone 15 Pro Max (256GB),€1053.95,credit_card,"7927 Park Ave, Liverpool, UK, LS1 1AA",Cancelled,
TXN-20241031-001160,CUST-ASIA-0023,MS. MARY MARTINEZ,mary.martinez@shop.com,10/31/2024 11:27 AM,HOME-DECOR-4850,Kitchen Mixer,€687.82,credit_card,"6358 Park Ave, Liverpool, UK, LS1 1AA",Processing,
TXN-20251112-001161,CUST-CA-0332,Mary Jones,MARY.JONES@SHOP.COM,"November 12, 2025 at 8:25PM",BOOK-FICTION-1577,Digital Marketing eBook,£98.14,Debit Card - Visa,"7776 High Street, Houston, NY 21809",Processing,Not worth the price
TXN-20250203-001162,CUST-EU-0337,PATRICIA SMITH,,03/02/2025 13:28,SPORT-TEAM-3365,Basketball Official,205.39,CREDIT CARD,,Shipped (est. arrival: February 10),Disappointed 😢
TXN-20250130-001163,CUST-UK-0372,MRS. MARY WILLIAMS,,01/30/2025 09:58 PM,CLOTH-SHIRT-7469,Levis Jeans 32x34,$215.45,Credit Card (Visa),"9553 Oak Road, Phoenix, IL 92516",Cancelled,
TXN-20250207-001164,CUST-US-0075,john garcia,john.garcia@example.com,"February 7, 2025 at 7:23PM",SPORT-FITNESS-2481,Camping Tent 4-Person,€383.03,PayPal,"9902 Elm Street, Houston, CA 30983",Processing,Good value for money
TXN-20250205-001165,CUST-US-0241,Michael Rodriguez,michael.rodriguez@test.com,2025-02-05T10:52:30Z,ELEC-TABLET-5791,Bose Headphones,£1330.87,Credit Card (Mastercard),"3476 Oak Road, Liverpool, UK, L1 1AA",Shipped (est. arrival: February 11),Perfect! 5/5 stars
TXN-20240121-001166,CUST-CA-0389,  mr. michael johnson  ,michael.johnson@test.com,2024-01-21T13:26:48Z,CLOTH-DRESS-2034,Cotton T-Shirt,,credit_card,"3607 Park Ave, Manchester, UK, L1 1AA",Processing,Great product! 5 stars ⭐⭐⭐⭐⭐
TXN-20250323-001167,CUST-EU-0078,linda lopez,linda.lopez@shop.com,"March 23, 2025 at 7:12PM",SPORT-WATER-2701,Basketball Official,€309.35,Apple Pay,"8623 Oak Road, Birmingham, UK, LS1 1AA",Processing,Not worth the price
TXN-20240204-001168,CUST-EU-0267,,,02/04/2024 04:41 PM,HOME-KITCHEN-1418,Kitchen Mixer,$45.49,Apple Pay,"7971 Park Ave, Birmingham, UK, LS1 1AA",Cancelled,
TXN-20250313-001169,CUST-UK-0425,MR. MICHAEL MILLER,michael.miller@email.com,"March 13, 2025 at 10:36PM",SPORT-WATER-4749,Camping Tent 4-Person,,Credit Card (Mastercard),"1217 Park Ave, Los Angeles, TX 33765",Shipped (est. arrival: March 20),Disappointed 😢
TXN-20240907-001170,CUST-EU-0166,mr. michael smith,michael@,09/07/2024 07:22 AM,SPORT-WATER-3684,Ski Jacket Waterproof,€137.22,DEBIT CARD - Mastercard,"9513 Park Ave, New York, TX 82961",Cancelled - 09/09/2024,
TXN-20250920-001171,CUST-CA-0180,Mr. Michael Rodriguez,,"September 20, 2025 at 10:46PM",SPORT-TEAM-5299,Basketball Official,€55.65,credit_card,"5554 Park Ave, Houston, TX 72583",Shipped (est. arrival: September 26),Excellent quality 👍
TXN-20240525-001172,CUST-UK-0234,  Joseph Anderson  ,joseph.anderson@test.com,"May 25, 2024 at 5:42PM",BOOK-TEXTBOOK-7116,Digital Marketing eBook,29.88,Credit Card (Visa),"979 Park Ave, Chicago, IL 11611",Delivered on 2024-06-03,
TXN-20241018-001173,CUST-CA-0035,Dr. Michael Williams,MICHAEL.WILLIAMS@MAIL.COM,10/18/2024 07:48 PM,SPORT-OUTDOOR-5046,Yoga Mat Premium,$121.03,Google Pay,"5141 Elm Street, Liverpool, UK, SW1A 1AA",Cancelled,Excellent quality 👍
TXN20250831001174,CUST-CA-0251,  Ms. William Garcia  ,william.garcia@mail.com,31/08/2025 22:29,BOOK-NONFICTION-1776,Business Magazine,$83.17,Apple Pay,,Processing,Great product! 5 stars ⭐⭐⭐⭐⭐
TXN-20240226-001175,CUST-ASIA-0150,  Ms. William Smith  ,william.smith@test.com,26/02/2024 18:45,ELEC-PHONE-1282,Sony Camera A7,$337.75,DEBIT CARD - Mastercard,"4746 Park Ave, Chicago, AZ 12057",Delivered on 2024-03-04,
TXN-20250414-001176,CUST-CA-0105,MS. RICHARD LOPEZ,richard.lopez@email.com,04/14/2025 11:42 PM,SPORT-WINTER-8542,Yoga Mat Premium,$260.05,Credit Card (Visa),"5974 Oak Road, Chicago, AZ 61364",Shipped (est. arrival: April 20),Arrived damaged 😠
TXN-20250114-001177,CUST-US-0233,  Richard Brown  ,richard.brown@shop.com,"January 14, 2025 at 8:11PM",SPORT-OUTDOOR-8371,Yoga Mat Premium,$272.33,CREDIT CARD,"2550 Main St, Los Angeles, IL 85170",Shipped (est. arrival: January 20),
TXN20240904001178,CUST-UK-0454,mr. jennifer smith,jennifer.smith@test.com,09/04/2024 10:34 AM,SPORT-FITNESS-7936,Diving Gear Set,$341.69,DEBIT CARD - Mastercard,"5733 Oak Road, Manchester, UK, B1 1AA",Processing,
TXN-20240104-001179,CUST-UK-0382,  mr. william williams  ,william.williams@test.com,04/01/2024 21:51,SPORT-FITNESS-1422,Ski Jacket Waterproof,,DEBIT CARD - Mastercard,"7744 Main St, Liverpool, UK, SW1A 1AA",Shipped (est. arrival: January 09),Great product! 5 stars ⭐⭐⭐⭐⭐
TXN-20241020-001180,CUST-ASIA-0487,MRS. MARY MILLER,mary.miller@mail.com,20/10/2024 23:05,ELEC-TABLET-7008,Sony Camera A7,$82.46,Credit Card (Visa),,Delivered on 30/10/2024,
TXN-20250504-001181,CUST-CA-0293,Mrs. Joseph Hernandez,joseph.hernandez@email.com,05/04/2025 11:13 AM,SPORT-FITNESS-4690,Diving Gear Set,$91.55,CREDIT CARD,"1594 Park Ave, Los Angeles, CA 78678",Delivered on 10/05/2025,Amazing! Highly recommend ⭐⭐⭐⭐⭐
TXN-20241005-001182,CUST-UK-0425,Sarah Hernandez,sarah.hernandez@shop.com,05/10/2024 21:34,SPORT-FITNESS-5476,Ski Jacket Waterproof,$260.51,Credit Card (Visa),"9427 Elm Street, New York, AZ 67347",Cancelled - 05/10/2024,Arrived damaged 😠
TXN-20250528-001183,CUST-UK-0455,  JAMES RODRIGUEZ  ,james.rodriguez@test.com,05/28/2025 06:24 AM,CLOTH-JACKET-2571,Summer Dress (M),€279.69,PayPal,"1831 Main St, Los Angeles, TX 55767",Shipped (est. arrival: June 03),Good value for money
TXN-20250408-001184,CUST-EU-0395,Mr. Joseph Martinez,joseph.martinez@email.com,"April 8, 2025 at 8:07PM",SPORT-FITNESS-9283,Ski Jacket Waterproof,$334.71,Credit Card (Mastercard),"6952 Main St, Los Angeles, TX 46404",Processing,
TXN-20250403-001185,CUST-ASIA-0214,Michael Jones,michael.jones@email.com,2025-04-03T12:23:16Z,CLOTH-JACKET-7784,Cotton T-Shirt,£208.49,PayPal,"7585 Park Ave, Liverpool, UK, L1 1AA",Cancelled - 04/04/2025,Good value for money
TXN-20240715-001186,CUST-UK-0305,Dr. Patricia Williams,patricia.williams@example.com,2024-07-15T20:57:17Z,ELEC-TABLET-8152,"MacBook Pro 14""",,credit_card,"5334 High Street, New York, AZ 60513",Shipped (est. arrival: July 21),Excellent quality 👍
TXN-20240731-001187,CUST-US-0481,,emma.garcia@shop.com,31/07/2024 13:57,CLOTH-SHOES-6558,Nike Running Shoes - Size 10,$37.29,credit_card,,Shipped (est. arrival: August 04),Poor quality 😞
TXN-20251103-001188,CUST-US-0480,Mrs. Sarah Williams,,03/11/2025 21:21,BOOK-EBOOK-5774,Digital Marketing eBook,$55.78,Apple Pay,"8806 Oak Road, Birmingham, UK, L1 1AA",Shipped (est. arrival: November 10),Arrived damaged 😠
TXN-20250917-001189,CUST-EU-0038,MS. EMMA HERNANDEZ,,09/17/2025 02:27 PM,SPORT-FITNESS-6412,Camping Tent 4-Person,263.16,Credit Card (Mastercard),"3382 Oak Road, Leeds, UK, L1 1AA",Delivered on 2025-09-24,
TXN-20240731-001190,CUST-EU-0274,,MARY.HERNANDEZ@EXAMPLE.COM,31/07/2024 09:27,BOOK-TEXTBOOK-9856,The Great Gatsby [Paperback],£88.18,DEBIT CARD - Mastercard,"3178 Elm Street, Chicago, CA 56348",Cancelled,Average product
TXN-20240923-001191,CUST-ASIA-0441,mrs. mary smith,mary.smith@shop.com,"September 23, 2024 at 10:26PM",ELEC-TABLET-7507,iPhone 15 Pro Max (256GB),$390.45,CREDIT CARD,"9915 High Street, New York, AZ 54156",Cancelled - 25/09/2024,Average product
TXN-20241211-001192,CUST-US-0034,Mr. John Johnson,JOHN.JOHNSON@MAIL.COM,11/12/2024 05:39,CLOTH-JACKET-9576,Nike Running Shoes - Size 10,€71.50,DEBIT CARD - Mastercard,"813 High Street, Leeds, UK, L1 1AA",Delivered on 19/12/2024,Poor quality 😞
TXN-20240426-001193,CUST-EU-0227,MS. SARAH SMITH,SARAH.SMITH@SHOP.COM,"April 26, 2024 at 9:21PM",ELEC-AUDIO-3540,iPhone 15 Pro Max (256GB),1346.68,Credit Card (Visa),,Processing,Disappointed 😢
TXN-20250930-001194,CUST-CA-0274,,mary.brown@shop.com,"September 30, 2025 at 3:43PM",CLOTH-PANTS-3214,Cotton T-Shirt,$111.83,PayPal,"9023 Park Ave, Leeds, UK, B1 1AA",Processing,Excellent quality 👍
TXN-20250602-001195,CUST-ASIA-0404,MICHAEL DAVIS,,2025-06-02T23:53:33Z,BOOK-NONFICTION-7550,Digital Marketing eBook,$85.80,Credit Card (Visa),"4590 Park Ave, Liverpool, UK, M1 1AA",Cancelled - 03/06/2025,Disappointed 😢
TXN-20250420-001196,CUST-EU-0028,richard williams,richard.williams@email.com,04/20/2025 11:51 AM,ELEC-TABLET-4161,Samsung Galaxy S24,€870.20,Credit Card (Mastercard),"5119 High Street, Phoenix, CA 21879",Processing,Perfect! 5/5 stars
TXN-20240619-001197,CUST-UK-0415,  Jennifer Brown  ,jennifer.brown@mail.com,"June 19, 2024 at 12:57PM",CLOTH-SHIRT-7211,Nike Running Shoes - Size 10,73.28,Google Pay,"1984 Elm Street, Birmingham, UK, B1 1AA",Cancelled - 21/06/2024,Excellent quality 👍
TXN-20250910-001198,CUSTASIA0294,MARY MARTINEZ,mary.martinez@email.com,09/10/2025 11:23 PM,CLOTH-DRESS-3577,Leather Jacket [L],€152.12,Credit Card (Mastercard),"3930 Main St, Manchester, UK, M1 1AA",Cancelled,
TXN-20250228-001199,CUST-US-0217,Jennifer Williams,jennifer.williams@example.com,28/02/2025 13:09,HOME-BEDDING-2400,Queen Bedding Set,£1299.70,Google Pay,"5700 Oak Road, Chicago, AZ 25993",Delivered on 08/03/2025,
TXN-20240411-001200,CUST-ASIA-0055,MARY JOHNSON,mary.johnson@example.com,2024-04-11T22:28:13Z,SPORT-TEAM-6968,Basketball Official,$344.58,Google Pay,"4321 Elm Street, Houston, TX 10071",Processing,Not worth the price
TXN-20251101-001201,CUST-EU-0003,,invalid-email,01/11/2025 18:28,CLOTH-SHIRT-2857,Nike Running Shoes - Size 10,£259.98,Google Pay,"2660 Elm Street, Chicago, TX 42032",Cancelled,Great product! 5 stars ⭐⭐⭐⭐⭐
TXN-20240201-001202,CUST-ASIA-0033,,ROBERT.WILSON@TEST.COM,"February 1, 2024 at 9:13PM",HOME-FURNITURE-3014,Queen Bedding Set,$283.62,Google Pay,"5196 Oak Road, Leeds, UK, M1 1AA",Processing,Good value for money
TXN-20240529-001203,CUST-US-0488,Joseph Jones,JOSEPH.JONES@TEST.COM,2024-05-29T18:21:39Z,SPORT-WINTER-6696,Yoga Mat Premium,€157.56,Google Pay,"4697 Main St, Los Angeles, CA 52565",Cancelled,Perfect! 5/5 stars
TXN-20240204-001204,CUST-US-0148,  Ms. Joseph Brown  ,JOSEPH.BROWN@SHOP.COM,"February 4, 2024 at 10:34PM",BOOK-NONFICTION-2723,The Great Gatsby [Paperback],€14.10,DEBIT CARD - Mastercard,"7420 Main St, London, UK, L1 1AA",Shipped (est. arrival: February 07),
TXN-20251011-001205,CUST-UK-0157,Michael Lopez,michael.lopez@test.com,10/11/2025 06:32 PM,SPORT-WATER-1564,Yoga Mat Premium,422.15,Google Pay,"5240 Oak Road, Phoenix, CA 10537",Delivered on 14/10/2025,
TXN-20241201-001206,CUST-US-0138,Emma Williams,emma.williams@example.com,2024-12-01T16:28:46Z,SPORT-OUTDOOR-9227,Yoga Mat Premium,$214.15,credit_card,"4719 Elm Street, New York, NY 93289",Processing,Great product! 5 stars ⭐⭐⭐⭐⭐
TXN-20251207-001207,CUST-UK-0477,Lisa Rodriguez,lisa.rodriguez@example.com,07/12/2025 15:37,ELEC-PHONE-3459,iPhone 15 Pro Max (256GB),$1762.48,PayPal,"3956 High Street, Birmingham, UK, LS1 1AA",Cancelled - 08/12/2025,
TXN-20251207-001208,CUST-UK-0483,Ms. Robert Lopez,ROBERT.LOPEZ@SHOP.COM,07/12/2025 13:31,BOOK-NONFICTION-3358,Data Science Handbook,,Debit Card - Visa,,Shipped (est. arrival: December 13),Not worth the price
TXN-20251027-001209,CUST-CA-0363,mr. emma smith,emma.smith@email.com,27/10/2025 19:47,ELEC-AUDIO-6966,"MacBook Pro 14""",£1014.02,credit_card,"8005 High Street, Chicago, TX 86673",Shipped (est. arrival: November 03),
TXN-20250308-001210,CUST-EU-0037,MR. MARY BROWN,,2025-03-08T10:48:43Z,ELEC-PHONE-8789,"MacBook Pro 14""",€1743.49,CREDIT CARD,"4725 Main St, Manchester, UK, M1 1AA",Shipped (est. arrival: March 12),Poor quality 😞
TXN-20240204-001211,CUST-ASIA-0269,MS. LINDA WILSON,linda.wilson@test.com,"February 4, 2024 at 11:22PM",ELEC-LAPTOP-8864,iPhone 15 Pro Max (256GB),$1919.64,PayPal,"1829 Oak Road, Los Angeles, CA 82599",Delivered on 2024-02-14,Arrived damaged 😠
TXN-20240802-001212,CUST-US-0191,DR. MARY DAVIS,mary.davis@test.com,"August 2, 2024 at 6:41PM",SPORT-FITNESS-4233,Diving Gear Set,£406.88,PayPal,"7298 Oak Road, Phoenix, IL 42795",Shipped (est. arrival: August 07),Not worth the price
TXN-20241111-001213,CUSTUS0452,Mr. Joseph Brown,joseph.brown@shop.com,11/11/2024 18:51,ELEC-PHONE-9375,iPhone 15 Pro Max (256GB),,credit_card,"8765 High Street, Phoenix, AZ 73077",Processing,Not worth the price
TXN-20240812-001214,CUST-UK-0191,  MARY GARCIA  ,mary.garcia@example.com,2024-08-12T19:14:05Z,BOOK-FICTION-7579,Data Science Handbook,$80.99,Credit Card (Mastercard),"9672 High Street, New York, AZ 38864",Cancelled,Amazing! Highly recommend ⭐⭐⭐⭐⭐
TXN-20251202-001215,CUST-US-0319,John Wilson,john.wilson@mail.com,2025-12-02T23:23:33Z,CLOTH-SHIRT-1238,Summer Dress (M),$153.51,Google Pay,"4892 Oak Road, Phoenix, IL 66570",Shipped (est. arrival: December 06),Not worth the price
TXN-20240303-001216,CUST-EU-0428,,JENNIFER.SMITH@MAIL.COM,"March 3, 2024 at 6:30PM",ELEC-CAMERA-3603,iPhone 15 Pro Max (256GB),$1940.90,DEBIT CARD - Mastercard,"184 Elm Street, London, UK, L1 1AA",Cancelled,Amazing! Highly recommend ⭐⭐⭐⭐⭐
TXN-20241011-001217,CUST-UK-0361,Patricia Lopez,,"October 11, 2024 at 11:58PM",HOME-FURNITURE-6923,Modern Sofa Set,€1008.99,Credit Card (Visa),"9241 Main St, London, UK, LS1 1AA",Cancelled,Average product
TXN-20240206-001218,CUST-US-0013,michael anderson,michael.anderson@test.com,02/06/2024 08:17 PM,ELEC-AUDIO-2182,"MacBook Pro 14""",1062.34,Debit Card - Visa,"613 Park Ave, Chicago, IL 64046",Cancelled,Good value for money
TXN-20250327-001219,CUSTUK0185,  Joseph Rodriguez  ,JOSEPH.RODRIGUEZ@MAIL.COM,2025-03-27T17:47:05Z,CLOTH-JACKET-1647,Leather Jacket [L],$162.00,Apple Pay,"5782 Elm Street, Chicago, NY 96229",Delivered on 03/04/2025,Amazing! Highly recommend ⭐⭐⭐⭐⭐
TXN-20240903-001220,CUST-US-0482,linda anderson,linda.anderson@email.com,"September 3, 2024 at 7:57PM",BOOK-NONFICTION-2663,The Great Gatsby [Paperback],,Google Pay,"949 Oak Road, Houston, NY 50277",Processing,Amazing! Highly recommend ⭐⭐⭐⭐⭐
TXN-20250123-001221,CUST-ASIA-0145,WILLIAM RODRIGUEZ,william.rodriguez@test.com,23/01/2025 18:17,ELEC-PHONE-4966,Sony Camera A7,€594.14,credit_card,"9475 Park Ave, Phoenix, NY 52547",Processing,Arrived damaged 😠
TXN-20241109-001222,CUST-ASIA-0197,dr. linda rodriguez,linda.rodriguez@test.com,2024-11-09T02:30:48Z,SPORT-WINTER-9099,Ski Jacket Waterproof,€213.72,Google Pay,"3372 Park Ave, Chicago, CA 15935",Shipped (est. arrival: November 14),
TXN-20240412-001223,CUST-US-0233,Ms. Linda Rodriguez,linda.rodriguez@mail.com,04/12/2024 09:12 AM,ELEC-AUDIO-2337,Bose Headphones,$792.07,PayPal,"1856 Elm Street, Houston, NY 85939",Processing,Disappointed 😢
TXN20241122001224,CUST-UK-0192,Mrs. Sarah Wilson,sarah.wilson@mail.com,11/22/2024 08:54 PM,ELEC-TABLET-1557,"MacBook Pro 14""",$1854.22,Credit Card (Visa),"1402 Park Ave, Chicago, AZ 46975",Delivered on 2024-12-02,Poor quality 😞
TXN-20250114-001225,CUST-EU-0323,Dr. Joseph Jones,joseph.jones@mail.com,14/01/2025 19:11,BOOK-NONFICTION-4965,Python Programming,$98.46,PayPal,"162 High Street, Leeds, UK, LS1 1AA",Shipped (est. arrival: January 21),Poor quality 😞
TXN-20250501-001226,CUST-CA-0168,Dr. Lisa Smith,,05/01/2025 08:11 PM,BOOK-EBOOK-9852,The Great Gatsby [Paperback],$71.32,Debit Card - Visa,"3221 Main St, London, UK, LS1 1AA",Cancelled - 01/05/2025,Disappointed 😢
TXN-20250423-001227,CUST-EU-0132,  dr. mary miller  ,,2025-04-23T13:11:22Z,HOME-FURNITURE-8712,Wall Art Decoration,$600.65,CREDIT CARD,"1016 Main St, Los Angeles, CA 76797",Cancelled - 25/04/2025,Average product
TXN-20240808-001228,CUST-ASIA-0384,JENNIFER SMITH,jennifer.smith@email.com,2024-08-08T18:06:35Z,BOOK-MAGAZINE-3876,Python Programming,£72.70,Credit Card (Mastercard),"1934 High Street, Liverpool, UK, B1 1AA",Cancelled - 09/08/2024,
TXN-20240419-001229,CUST-UK-0284,Dr. Joseph Johnson,JOSEPH.JOHNSON@EXAMPLE.COM,19/04/2024 17:24,CLOTH-PANTS-1975,Summer Dress (M),$200.96,Debit Card - Visa,"3095 High Street, Leeds, UK, B1 1AA",Processing,Good value for money
TXN-20250527-001230,CUST-UK-0125,MR. SARAH JONES,sarah.jones@shop.com,2025-05-27T11:04:25Z,CLOTH-SHIRT-8437,Cotton T-Shirt,$33.04,Google Pay,"9935 High Street, Chicago, AZ 95804",Cancelled - 27/05/2025,Disappointed 😢
TXN-20251225-001231,CUST-CA-0376,  dr. james martinez  ,james.martinez@test.com,"December 25, 2025 at 3:34PM",SPORT-WATER-8866,Basketball Official,$64.65,credit_card,"9779 High Street, Houston, IL 91320",Processing,
TXN-20241120-001232,CUST-US-0264,DR. MICHAEL SMITH,michael.smith@mail.com,2024-11-20T20:15:29Z,CLOTH-JACKET-5584,Levis Jeans 32x34,€279.25,Credit Card (Mastercard),"4770 High Street, Birmingham, UK, B1 1AA",Delivered on 23/11/2024,Excellent quality 👍
TXN-20251108-001233,CUST-ASIA-0262,,lisa.anderson@example.com,11/08/2025 10:57 AM,ELEC-CAMERA-5509,Bose Headphones,1905.57,Credit Card (Mastercard),"7296 Oak Road, Los Angeles, AZ 37928",Delivered on 11/11/2025,Excellent quality 👍
TXN-20251107-001234,CUST-UK-0088,linda wilson,invalid-email,07/11/2025 14:17,BOOK-FICTION-4419,Business Magazine,€48.37,DEBIT CARD - Mastercard,"1393 Park Ave, Manchester, UK, B1 1AA",Delivered on 13/11/2025,
TXN-20250724-001235,CUST-US-0016,Emma Smith,emma.smith@example.com,"July 24, 2025 at 2:49PM",BOOK-FICTION-3475,Digital Marketing eBook,$73.25,Google Pay,"7942 Oak Road, London, UK, B1 1AA",Processing,Not worth the price
TXN-20250120-001236,CUSTASIA0242,Michael Williams,MICHAEL.WILLIAMS@MAIL.COM,2025-01-20T13:16:56Z,SPORT-WATER-2796,Diving Gear Set,€271.16,Credit Card (Mastercard),"4917 Main St, Leeds, UK, SW1A 1AA",Processing,Great product! 5 stars ⭐⭐⭐⭐⭐
TXN-20240318-001237,CUST-ASIA-0344,Lisa Smith,LISA.SMITH@EMAIL.COM,03/18/2024 07:39 PM,HOME-FURNITURE-5898,Kitchen Mixer,€243.08,CREDIT CARD,,Delivered on 2024-03-23,Perfect! 5/5 stars
TXN-20240630-001238,CUST-UK-0317,Robert Jones,robert.jones@email.com,2024-06-30T07:41:00Z,ELEC-CAMERA-7261,Bose Headphones,$1093.01,Google Pay,,Cancelled,Not worth the price
TXN-20240914-001239,CUST-ASIA-0043,MRS. RICHARD DAVIS,richard.davis@mail.com,2024-09-14T21:35:16Z,SPORT-FITNESS-1089,Diving Gear Set,$159.88,CREDIT CARD,"7011 Oak Road, London, UK, LS1 1AA",Cancelled - 15/09/2024,
TXN-20260113-001240,CUST-EU-0424,  SARAH JONES  ,SARAH.JONES@TEST.COM,2027-12-31T23:59:59Z,CLOTH-SHOES-3895,Summer Dress (M),€287.05,Credit Card (Visa),"8584 Main St, Manchester, UK, SW1A 1AA",Processing,Amazing! Highly recommend ⭐⭐⭐⭐⭐
TXN-20241020-001241,CUST-CA-0303,JAMES SMITH,james.smith@email.com,20/10/2024 08:00,ELEC-AUDIO-4541,Sony Camera A7,$124.69,Credit Card (Mastercard),"6610 High Street, London, UK, LS1 1AA",Shipped (est. arrival: October 26),
TXN-20250115-001242,CUST-ASIA-0317,MR. JENNIFER JOHNSON,jennifer.johnson@mail.com,"January 15, 2025 at 4:25PM",BOOK-NONFICTION-7649,Python Programming,$27.36,Apple Pay,"8413 High Street, New York, AZ 28912",Shipped (est. arrival: January 20),Not worth the price
TXN-20240217-001243,CUST-US-0468,Ms. Michael Smith,,2024-02-17T19:03:40Z,SPORT-OUTDOOR-5710,Yoga Mat Premium,£210.02,PayPal,,Delivered on 22/02/2024,Perfect! 5/5 stars
TXN-20240102-001244,CUST-UK-0312,  David Jones  ,,01/02/2024 12:00 PM,ELEC-TABLET-4974,iPhone 15 Pro Max (256GB),"$1,083.05",Google Pay,"6971 Main St, Los Angeles, NY 24887",Processing,Great product! 5 stars ⭐⭐⭐⭐⭐
TXN-20240501-001245,CUST-ASIA-0280,MS. EMMA JONES,EMMA.JONES@EXAMPLE.COM,"May 1, 2024 at 4:32PM",HOME-FURNITURE-7271,Wall Art Decoration,$683.29,DEBIT CARD - Mastercard,"2295 Park Ave, London, UK, B1 1AA",Processing,Excellent quality 👍
TXN-20240712-001246,CUST-UK-0130,Ms. Richard Davis,richard.davis@email.com,12/07/2024 07:01,SPORT-FITNESS-9693,Basketball Official,$415.32,Credit Card (Visa),"8071 Main St, Chicago, IL 15467",Processing,Arrived damaged 😠
TXN-20240805-001247,CUST-EU-0396,,PATRICIA.MARTINEZ@TEST.COM,08/05/2024 05:09 PM,BOOK-MAGAZINE-4327,The Great Gatsby [Paperback],£86.57,DEBIT CARD - Mastercard,"6763 High Street, Houston, NY 15946",Processing,Excellent quality 👍
TXN-20240727-001248,CUST-CA-0153,William Garcia,william.garcia@email.com,27/07/2024 07:19,CLOTH-SHOES-6733,Levis Jeans 32x34,£108.23,Apple Pay,"9043 Park Ave, London, UK, L1 1AA",Processing,Amazing! Highly recommend ⭐⭐⭐⭐⭐
TXN-20250125-001249,CUST-US-0476,Ms. Jennifer Rodriguez,JENNIFER.RODRIGUEZ@EXAMPLE.COM,"January 25, 2025 at 7:33PM",CLOTH-PANTS-4943,Levis Jeans 32x34,£49.02,DEBIT CARD - Mastercard,"444 High Street, Leeds, UK, SW1A 1AA",Processing,
TXN-20241113-001250,CUST-UK-0470,Dr. David Rodriguez,invalid-email,11/13/2024 05:27 PM,BOOK-TEXTBOOK-8809,Business Magazine,$12.60,CREDIT CARD,"949 Elm Street, Manchester, UK, M1 1AA",Shipped (est. arrival: November 16),Great product! 5 stars ⭐⭐⭐⭐⭐
TXN-20240405-001251,CUST-CA-0298,  Lisa Davis  ,LISA.DAVIS@MAIL.COM,2024-04-05T15:59:43Z,SPORT-WATER-4082,Diving Gear Set,$333.24,Apple Pay,"185 Main St, Phoenix, AZ 62290",Shipped (est. arrival: April 11),Amazing! Highly recommend ⭐⭐⭐⭐⭐
TXN-20260114-001252,CUST-EU-0190,mr. michael miller,michael.miller@example.com,01/14/2026 06:29 PM,CLOTH-DRESS-2652,Cotton T-Shirt,$80.74,Debit Card - Visa,"9155 Elm Street, Liverpool, UK, B1 1AA",Processing,Good value for money
TXN-20250411-001253,CUST-ASIA-0023,JAMES BROWN,james.brown@email.com,11/04/2025 10:13,BOOK-NONFICTION-7338,The Great Gatsby [Paperback],$55.39,Apple Pay,"4877 Oak Road, Phoenix, AZ 93881",Processing,
TXN-20250627-001254,CUST-US-0285,Sarah Davis,SARAH.DAVIS@SHOP.COM,06/27/2025 12:57 PM,SPORT-WINTER-9134,Yoga Mat Premium,€478.47,PayPal,"7203 Main St, Chicago, CA 20200",Cancelled - 29/06/2025,Amazing! Highly recommend ⭐⭐⭐⭐⭐
TXN-20250507-001255,CUST-ASIA-0142,ms. linda johnson,linda.johnson@example.com,2025-05-07T05:19:52Z,BOOK-EBOOK-8122,Data Science Handbook,£91.94,Debit Card - Visa,"223 Park Ave, Leeds, UK, LS1 1AA",Processing,Perfect! 5/5 stars
TXN-20240522-001256,CUST-UK-0315,mrs. emma anderson,emma.anderson@email.com,2024-05-22T18:36:38Z,BOOK-EBOOK-8445,Data Science Handbook,,Debit Card - Visa,"716 Park Ave, New York, IL 13076",Delivered on 27/05/2024,Average product
TXN-20250724-001257,CUST-CA-0276,Sarah Martinez,SARAH.MARTINEZ@TEST.COM,07/24/2025 07:11 PM,HOME-KITCHEN-7933,LED Floor Lamp,$663.17,DEBIT CARD - Mastercard,"8147 Park Ave, New York, AZ 82697",Shipped (est. arrival: July 30),Excellent quality 👍
TXN-20251223-001258,CUST-UK-0083,,SARAH.HERNANDEZ@EXAMPLE.COM,"December 23, 2025 at 6:02PM",BOOK-EBOOK-5675,Digital Marketing eBook,£16.79,Credit Card (Mastercard),"105 Park Ave, Houston, TX 23943",Processing,Amazing! Highly recommend ⭐⭐⭐⭐⭐
TXN-20260107-001259,CUST-US-0028,dr. james anderson,james.anderson@mail.com,07/01/2026 20:08,CLOTH-SHIRT-6157,Levis Jeans 32x34,£173.98,PayPal,"926 Oak Road, Los Angeles, NY 35990",Cancelled,Arrived damaged 😠
TXN-20240418-001260,CUST-US-0230,  mrs. william hernandez  ,william.hernandez@mail.com,04/18/2024 05:01 AM,HOME-FURNITURE-3405,Kitchen Mixer,€247.11,Debit Card - Visa,,Shipped (est. arrival: April 24),Not worth the price
TXN-20240303-001261,CUST-UK-0146,DR. WILLIAM ANDERSON,william.anderson@example.com,03/03/2024 04:31 PM,SPORT-TEAM-4149,Ski Jacket Waterproof,£328.67,credit_card,"973 High Street, Chicago, IL 19142",Shipped (est. arrival: March 07),
TXN-20240411-001262,CUST-ASIA-0483,John Hernandez,JOHN.HERNANDEZ@MAIL.COM,11/04/2024 17:19,HOME-DECOR-4733,Wall Art Decoration,€802.19,Credit Card (Visa),"4833 Oak Road, Leeds, UK, M1 1AA",Processing,Perfect! 5/5 stars
TXN-20260106-001263,CUST-UK-0318,linda wilson,linda.wilson@example.com,01/06/2026 05:35 PM,ELEC-PHONE-1527,Bose Headphones,£388.80,Credit Card (Mastercard),"6214 High Street, London, UK, M1 1AA",Shipped (est. arrival: January 12),Not worth the price
TXN-20250910-001264,CUST-US-0397,,linda.wilson@example.com,10/09/2025 19:53,SPORT-WINTER-2451,Basketball Official,$133.58,Credit Card (Mastercard),"2415 High Street, Birmingham, UK, M1 1AA",Processing,Disappointed 😢
TXN-20251209-001265,CUST-EU-0213,,patricia.brown@mail.com,"December 9, 2025 at 11:44AM",HOME-KITCHEN-1336,Queen Bedding Set,$259.39,Credit Card (Mastercard),"2990 Elm Street, Los Angeles, NY 93543",Delivered on 2025-12-16,Good value for money
TXN-20250601-001266,CUST-UK-0326,John Garcia,john.garcia@example.com,01/06/2025 14:59,BOOK-NONFICTION-4039,Digital Marketing eBook,$88.62,credit_card,"55 Oak Road, Liverpool, UK, L1 1AA",Delivered on 07/06/2025,
TXN-20250609-001267,CUST-EU-0406,Ms. Joseph Rodriguez,joseph.rodriguez@shop.com,2025-06-09T12:17:17Z,CLOTH-SHOES-2783,Cotton T-Shirt,£210.08,CREDIT CARD,"5937 High Street, Los Angeles, AZ 84540",Cancelled,
TXN-20250305-001268,CUST-US-0181,MR. PATRICIA MARTINEZ,patricia.martinez@mail.com,2025-03-05T19:12:13Z,BOOK-FICTION-6916,Python Programming,£68.28,PayPal,"4895 Park Ave, Leeds, UK, SW1A 1AA",Cancelled - 07/03/2025,Not worth the price
TXN-20251007-001269,CUST-US-0011,Mrs. Robert Davis,robert.davis@test.com,2025-10-07T09:08:20Z,BOOK-FICTION-1081,Python Programming,$90.77,PayPal,"1566 Main St, Birmingham, UK, M1 1AA",Cancelled,Good value for money
TXN-20250423-001270,CUST-EU-0465,Dr. Joseph Davis,joseph.davis@shop.com,04/23/2025 08:47 AM,SPORT-WATER-6197,Camping Tent 4-Person,$342.46,Credit Card (Visa),"7283 Park Ave, Los Angeles, NY 88982",Processing,Arrived damaged 😠
TXN-20241001-001271,CUST-CA-0304,MRS. MICHAEL GARCIA,MICHAEL.GARCIA@SHOP.COM,10/01/2024 10:04 PM,SPORT-OUTDOOR-9079,Diving Gear Set,,DEBIT CARD - Mastercard,"91 Main St, Birmingham, UK, SW1A 1AA",Shipped (est. arrival: October 06),
TXN-20240501-001272,CUST-EU-0481,  MS. JAMES MILLER  ,JAMES.MILLER@EMAIL.COM,01/05/2024 18:51,HOME-BEDDING-8039,Modern Sofa Set,$1038.86,Credit Card (Visa),"4429 High Street, New York, NY 10192",Cancelled - 03/05/2024,
TXN-20250417-001273,CUST-UK-0433,,lisa.brown@example.com,17/04/2025 03:48,BOOK-MAGAZINE-6315,Business Magazine,$31.72,Apple Pay,"3045 Main St, New York, TX 73600",Cancelled - 18/04/2025,Disappointed 😢
TXN-20240813-001274,CUST-US-0405,DR. RICHARD ANDERSON,RICHARD.ANDERSON@MAIL.COM,08/13/2024 10:51 PM,BOOK-NONFICTION-4316,The Great Gatsby [Paperback],$41.65,Credit Card (Visa),"7076 High Street, Phoenix, NY 62075",Cancelled - 14/08/2024,Amazing! Highly recommend ⭐⭐⭐⭐⭐
TXN-20240501-001275,CUST-CA-0337,  Ms. William Davis  ,william.davis@test.com,05/01/2024 04:17 PM,ELEC-AUDIO-7344,iPhone 15 Pro Max (256GB),$184.99,CREDIT CARD,"3588 Elm Street, Houston, AZ 97756",Processing,Disappointed 😢
TXN-20250730-001276,CUST-CA-0465,Ms. Richard Brown,richard.brown@mail.com,2025-07-30T10:44:14Z,CLOTH-SHOES-5155,Cotton T-Shirt,$238.22,DEBIT CARD - Mastercard,"4217 Main St, Phoenix, IL 53640",Delivered on 04/08/2025,Average product
TXN-20250128-001277,CUST-US-0078,  Ms. Emma Miller  ,emma.miller@example.com,"January 28, 2025 at 10:41PM",CLOTH-DRESS-7647,Summer Dress (M),$247.12,Apple Pay,"5343 Main St, Los Angeles, CA 46510",Processing,Perfect! 5/5 stars
TXN-20251016-001278,CUST-EU-0044,  William Anderson  ,william.anderson@shop.com,16/10/2025 17:19,ELEC-PHONE-5518,Sony Camera A7,$598.77,CREDIT CARD,"1064 Park Ave, Los Angeles, AZ 89278",Shipped (est. arrival: October 22),Excellent quality 👍
TXN-20251221-001279,CUST-UK-0083,JAMES MARTINEZ,JAMES.MARTINEZ@MAIL.COM,"December 21, 2025 at 12:05PM",BOOK-MAGAZINE-2189,Python Programming,€48.40,Google Pay,"2493 Park Ave, Manchester, UK, SW1A 1AA",Cancelled - 22/12/2025,Not worth the price
TXN-20260128-001280,CUST-CA-0177,Dr. William Smith,william.smith@test.com,2026-01-28T05:03:12Z,BOOK-NONFICTION-5667,The Great Gatsby [Paperback],15.81,DEBIT CARD - Mastercard,"9659 Oak Road, Manchester, UK, M1 1AA",Processing,Disappointed 😢
TXN-20250305-001281,CUST-US-0492,  Mr. Jennifer Anderson  ,jennifer.anderson@email.com,05/03/2025 11:16,ELEC-PHONE-3232,Sony Camera A7,$311.09,Google Pay,"899 Elm Street, Birmingham, UK, M1 1AA",Cancelled - 07/03/2025,Not worth the price
TXN-20260129-001282,CUST-ASIA-0102,RICHARD WILLIAMS,,"January 29, 2026 at 12:06PM",HOME-BEDDING-7642,LED Floor Lamp,$1309.04,DEBIT CARD - Mastercard,"6037 High Street, Manchester, UK, M1 1AA",Cancelled - 30/01/2026,Arrived damaged 😠
TXN-20250521-001283,CUST-ASIA-0237,,LINDA.GARCIA@SHOP.COM,05/21/2025 08:56 PM,CLOTH-JACKET-6725,Leather Jacket [L],,PayPal,"6125 Park Ave, Chicago, IL 65091",Delivered on 27/05/2025,Amazing! Highly recommend ⭐⭐⭐⭐⭐
TXN-20240212-001284,CUST-CA-0348,Mr. David Williams,david.williams@test.com,12/02/2024 18:23,BOOK-FICTION-8008,Data Science Handbook,$51.67,DEBIT CARD - Mastercard,"5769 High Street, Leeds, UK, M1 1AA",Shipped (est. arrival: February 15),Disappointed 😢
TXN-20250117-001285,CUST-US-0033,Ms. Linda Williams,linda.williams@email.com,17/01/2025 19:54,HOME-BEDDING-8811,Kitchen Mixer,€1053.99,PayPal,"7203 Elm Street, Liverpool, UK, LS1 1AA",Delivered on 2025-01-27,Not worth the price
TXN-20240911-001286,CUST-CA-0277,,mary.wilson@test.com,"September 11, 2024 at 8:24PM",BOOK-TEXTBOOK-4199,Digital Marketing eBook,$39.90,credit_card,"2770 Oak Road, Los Angeles, IL 80995",Processing,Poor quality 😞
TXN-20250825-001287,CUST-UK-0376,MS. JAMES SMITH,user@domain,2025-08-25T17:21:04Z,BOOK-MAGAZINE-4316,Business Magazine,£44.59,credit_card,"1157 Main St, Phoenix, TX 86312",Processing,Disappointed 😢
TXN-20250603-001288,CUST-US-0254,,sarah.miller@mail.com,06/03/2025 12:08 PM,ELEC-AUDIO-7280,Bose Headphones,£1116.88,Credit Card (Visa),,Delivered on 06/06/2025,
TXN-20240411-001289,CUST-EU-0382,,sarah.lopez@mail.com,2024-04-11T12:49:17Z,HOME-LIGHTING-9283,Kitchen Mixer,$1254.00,credit_card,"7071 Oak Road, Leeds, UK, LS1 1AA",Shipped (est. arrival: April 18),Average product
TXN-20240315-001290,CUST-CA-0039,dr. michael brown,michael.brown@mail.com,"March 15, 2024 at 8:07AM",BOOK-MAGAZINE-5283,Data Science Handbook,£12.97,Google Pay,"2722 High Street, London, UK, SW1A 1AA",Shipped (est. arrival: March 21),Disappointed 😢
TXN-20241112-001291,CUST-EU-0068,Mary Davis,,11/12/2024 08:05 AM,HOME-LIGHTING-9920,LED Floor Lamp,1223.51,Debit Card - Visa,,Delivered on 22/11/2024,
TXN-20250811-001292,CUSTUS0050,  Joseph Anderson  ,joseph.anderson@email.com,11/08/2025 18:04,CLOTH-PANTS-4194,Cotton T-Shirt,$287.40,CREDIT CARD,"1491 Park Ave, London, UK, SW1A 1AA",Processing,Perfect! 5/5 stars
TXN-20240325-001293,CUST-UK-0121,lisa davis,lisa.davis@email.com,25/03/2024 19:57,SPORT-WINTER-1117,Diving Gear Set,$446.52,DEBIT CARD - Mastercard,"447 High Street, Los Angeles, TX 62723",Processing,Great product! 5 stars ⭐⭐⭐⭐⭐
TXN-20241115-001294,CUST-US-0194,  John Garcia  ,,"November 15, 2024 at 9:59PM",BOOK-EBOOK-4326,The Great Gatsby [Paperback],,Debit Card - Visa,"1530 High Street, Birmingham, UK, L1 1AA",Cancelled - 16/11/2024,Great product! 5 stars ⭐⭐⭐⭐⭐
TXN-20240815-001295,CUST-CA-0116,DR. EMMA DAVIS,emma.davis@test.com,08/15/2024 02:43 PM,ELEC-PHONE-5889,iPhone 15 Pro Max (256GB),,Credit Card (Mastercard),"4391 Elm Street, New York, CA 10712",Processing,Not worth the price
TXN-20250104-001296,CUST-ASIA-0368,PATRICIA JONES,invalid-email,04/01/2025 23:06,CLOTH-SHIRT-2555,Leather Jacket [L],280.77,Credit Card (Mastercard),"7973 Main St, Leeds, UK, B1 1AA",Delivered on 2025-01-08,Disappointed 😢
TXN-20251011-001297,CUST-UK-0454,Dr. William Williams,william.williams@email.com,"October 11, 2025 at 9:00AM",SPORT-WATER-3697,Yoga Mat Premium,474.21,PayPal,"6283 Park Ave, Manchester, UK, B1 1AA",Cancelled,
TXN-20241025-001298,CUST-UK-0364,  Ms. Joseph Martinez  ,joseph.martinez@email.com,2024-10-25T09:39:57Z,ELEC-AUDIO-1834,iPhone 15 Pro Max (256GB),£881.73,DEBIT CARD - Mastercard,"6959 Park Ave, Manchester, UK, LS1 1AA",Shipped (est. arrival: November 01),Perfect! 5/5 stars
TXN-20251006-001299,CUST-US-0313,MR. ROBERT JONES,robert.jones@email.com,2025-10-06T14:28:18Z,BOOK-FICTION-3471,Data Science Handbook,€15.33,credit_card,"5499 Park Ave, New York, CA 36496",Delivered on 2025-10-15,Good value for money
TXN-20240129-001300,CUST-ASIA-0178,,lisa.garcia@mail.com,2024-01-29T08:12:39Z,SPORT-TEAM-3698,Ski Jacket Waterproof,£383.69,Credit Card (Mastercard),"431 Elm Street, Manchester, UK, L1 1AA",Cancelled,Excellent quality 👍
TXN-20240519-001301,CUST-UK-0483,Mrs. Michael Lopez,michael.lopez@mail.com,19/05/2024 12:22,CLOTH-DRESS-1782,Cotton T-Shirt,$41.77,credit_card,"5836 High Street, Phoenix, AZ 12046",Cancelled - 19/05/2024,Not worth the price
TXN-20240419-001302,CUST-EU-0271,,emma.williams@test.com,"April 19, 2024 at 9:36PM",SPORT-FITNESS-9793,Yoga Mat Premium,$41.78,Credit Card (Visa),"5552 Main St, Houston, CA 66762",Shipped (est. arrival: April 22),Good value for money
TXN-20241023-001303,CUST-UK-0327,David Martinez,david.martinez@example.com,"October 23, 2024 at 5:31PM",BOOK-FICTION-8507,The Great Gatsby [Paperback],$78.36,Apple Pay,"9685 Main St, Birmingham, UK, M1 1AA",Cancelled - 24/10/2024,Amazing! Highly recommend ⭐⭐⭐⭐⭐
TXN-20240908-001304,CUST-ASIA-0325,Ms. Emma Miller,emma.miller@test.com,09/08/2024 11:16 AM,BOOK-NONFICTION-3688,Digital Marketing eBook,,Credit Card (Visa),"5349 Main St, New York, IL 52093",Shipped (est. arrival: September 13),Disappointed 😢
TXN-20250210-001305,CUST-EU-0439,  Ms. Jennifer Wilson  ,jennifer@,02/10/2025 08:10 PM,ELEC-AUDIO-2692,Sony Camera A7,,PayPal,"7578 Main St, New York, CA 15932",Processing,Excellent quality 👍
TXN-20240711-001306,CUST-UK-0346,richard miller,richard.miller@email.com,"July 11, 2024 at 12:34PM",CLOTH-SHIRT-8294,Levis Jeans 32x34,$230.03,DEBIT CARD - Mastercard,"5718 Oak Road, Birmingham, UK, LS1 1AA",Shipped (est. arrival: July 14),Perfect! 5/5 stars
TXN-20250608-001307,CUST-UK-0208,WILLIAM LOPEZ,WILLIAM.LOPEZ@TEST.COM,06/08/2025 12:42 PM,SPORT-OUTDOOR-1742,Yoga Mat Premium,$374.51,Credit Card (Visa),"8505 Main St, Birmingham, UK, SW1A 1AA",Delivered on 2025-06-12,Poor quality 😞
TXN-20250723-001308,CUST-UK-0088,MRS. SARAH JONES,,23/07/2025 17:44,BOOK-NONFICTION-2281,Python Programming,$27.10,PayPal,,Delivered on 2025-07-28,Good value for money
TXN-20260126-001309,CUST-US-0291,Ms. David Jones,,2026-01-26T22:30:41Z,SPORT-FITNESS-4333,Camping Tent 4-Person,,Credit Card (Mastercard),"9147 High Street, Los Angeles, AZ 55266",Processing,Good value for money
TXN-20240912-001310,CUST-US-0090,,lisa.johnson@test.com,09/12/2024 02:32 AM,BOOK-MAGAZINE-8455,Digital Marketing eBook,€99.47,Debit Card - Visa,"8696 Main St, Birmingham, UK, SW1A 1AA",Shipped (est. arrival: September 19),
TXN-20250507-001311,CUST-CA-0089,Sarah Davis,sarah.davis@test.com,2025-05-07T20:41:33Z,ELEC-AUDIO-3543,Samsung Galaxy S24,$880.11,Apple Pay,"9668 High Street, Manchester, UK, M1 1AA",Delivered on 2025-05-16,Good value for money
TXN-20250228-001312,CUST-US-0348,  RICHARD HERNANDEZ  ,RICHARD.HERNANDEZ@MAIL.COM,28/02/2025 05:05,SPORT-TEAM-7319,Diving Gear Set,$61.79,Debit Card - Visa,"4831 High Street, New York, AZ 30769",Cancelled - 28/02/2025,Good value for money
TXN-20241203-001313,CUST-CA-0230,james miller,james.miller@mail.com,03/12/2024 19:26,BOOK-NONFICTION-6436,The Great Gatsby [Paperback],€62.39,Credit Card (Mastercard),"6765 Park Ave, Manchester, UK, LS1 1AA",Cancelled - 05/12/2024,Not worth the price
TXN-20250302-001314,CUST-ASIA-0260,Ms. Emma Davis,emma.davis@test.com,"March 2, 2025 at 7:43AM",HOME-LIGHTING-4829,Queen Bedding Set,$1370.63,credit_card,"3115 Oak Road, London, UK, B1 1AA",Shipped (est. arrival: March 07),Great product! 5 stars ⭐⭐⭐⭐⭐
TXN-20240705-001315,CUST-UK-0434,  John Williams  ,john.williams@email.com,05/07/2024 19:14,SPORT-FITNESS-7520,Yoga Mat Premium,123.95,CREDIT CARD,"508 High Street, Chicago, NY 74336",Cancelled,Great product! 5 stars ⭐⭐⭐⭐⭐
TXN-20250608-001316,CUSTUS0440,David Wilson,david.wilson@example.com,2025-06-08T11:39:19Z,SPORT-OUTDOOR-4385,Yoga Mat Premium,$346.22,Credit Card (Visa),"1081 Oak Road, Birmingham, UK, LS1 1AA",Processing,Disappointed 😢
TXN-20241104-001317,CUST-CA-0077,Ms. John Hernandez,john.hernandez@mail.com,11/04/2024 07:48 PM,HOME-BEDDING-4443,LED Floor Lamp,104.67,Apple Pay,"6219 Oak Road, London, UK, B1 1AA",Shipped (est. arrival: November 07),Perfect! 5/5 stars
TXN-20240122-001318,CUST-ASIA-0085,,emma.miller@shop.com,01/22/2024 03:54 PM,BOOK-MAGAZINE-8398,Python Programming,$45.39,credit_card,"6848 Elm Street, Los Angeles, AZ 35474",Shipped (est. arrival: January 27),Arrived damaged 😠
TXN-20250321-001319,CUST-US-0194,,RICHARD.ANDERSON@EXAMPLE.COM,03/21/2025 10:33 PM,ELEC-LAPTOP-7865,Samsung Galaxy S24,€255.33,PayPal,"7376 High Street, Manchester, UK, L1 1AA",Shipped (est. arrival: March 24),
TXN-20241028-001320,CUST-EU-0352,Mr. Sarah Jones,sarah.jones@example.com,10/28/2024 03:15 PM,HOME-BEDDING-7346,LED Floor Lamp,€338.32,PayPal,,Processing,
TXN-20250212-001321,CUST-UK-0248,  Jennifer Garcia  ,JENNIFER.GARCIA@TEST.COM,12/02/2025 13:49,ELEC-AUDIO-7908,Sony Camera A7,$280.63,DEBIT CARD - Mastercard,"4325 High Street, Liverpool, UK, L1 1AA",Processing,Average product
TXN-20250727-001322,CUST-CA-0194,JENNIFER JONES,jennifer.jones@mail.com,07/27/2025 09:33 PM,BOOK-MAGAZINE-7403,Business Magazine,£48.15,Debit Card - Visa,"2003 High Street, Birmingham, UK, L1 1AA",Delivered on 02/08/2025,Amazing! Highly recommend ⭐⭐⭐⭐⭐
TXN-20240923-001323,CUST-UK-0096,DR. ROBERT GARCIA,ROBERT.GARCIA@MAIL.COM,09/23/2024 08:10 PM,SPORT-TEAM-5137,Diving Gear Set,,PayPal,,Cancelled - 25/09/2024,Great product! 5 stars ⭐⭐⭐⭐⭐
TXN-20240821-001324,CUST-CA-0268,Mary Hernandez,mary.hernandez@mail.com,21/08/2024 10:41,BOOK-TEXTBOOK-1481,The Great Gatsby [Paperback],£85.42,Apple Pay,"7404 Oak Road, Birmingham, UK, LS1 1AA",Shipped (est. arrival: August 24),
TXN-20250508-001325,CUST-EU-0207,MRS. PATRICIA DAVIS,,"May 8, 2025 at 10:09PM",SPORT-FITNESS-4961,Yoga Mat Premium,£86.67,Debit Card - Visa,"6593 Oak Road, Phoenix, TX 46281",Delivered on 2025-05-15,Average product
TXN-20240919-001326,CUST-ASIA-0333,ms. robert johnson,robert.johnson@example.com,2024-09-19T22:10:34Z,SPORT-WINTER-5088,Basketball Official,36.19,PayPal,"6314 Elm Street, Chicago, TX 47858",Cancelled - 21/09/2024,
TXN-20240322-001327,CUST-EU-0449,richard garcia,richard.garcia@example.com,"March 22, 2024 at 3:33PM",HOME-LIGHTING-5372,Wall Art Decoration,$167.00,PayPal,"3957 Park Ave, Houston, AZ 53086",Shipped (est. arrival: March 25),
TXN-20241001-001328,CUST-UK-0202,Linda Anderson,linda.anderson@email.com,01/10/2024 16:04,ELEC-PHONE-4502,iPhone 15 Pro Max (256GB),€1762.42,Apple Pay,"6040 High Street, Birmingham, UK, LS1 1AA",Processing,Not worth the price
TXN-20241015-001329,CUST-US-0419,Dr. Richard Rodriguez,richard.rodriguez@mail.com,15/10/2024 10:32,ELEC-AUDIO-9405,Bose Headphones,,DEBIT CARD - Mastercard,"4296 Park Ave, Leeds, UK, M1 1AA",Cancelled,
TXN-20240327-001330,CUST-CA-0128,mr. patricia davis,PATRICIA.DAVIS@EXAMPLE.COM,"March 27, 2024 at 2:56PM",ELEC-AUDIO-6198,iPhone 15 Pro Max (256GB),$320.18,DEBIT CARD - Mastercard,"4415 Main St, New York, CA 56048",Cancelled - 29/03/2024,
TXN-20240421-001331,CUST-ASIA-0370,MS. LISA BROWN,lisa.brown@example.com,04/21/2024 10:38 PM,HOME-BEDDING-6068,Wall Art Decoration,$1341.30,Debit Card - Visa,"277 Elm Street, Los Angeles, NY 31614",Processing,Great product! 5 stars ⭐⭐⭐⭐⭐
TXN-20250428-001332,CUST-US-0125,Emma Hernandez,emma.hernandez@email.com,28/04/2025 09:57,CLOTH-PANTS-3606,Leather Jacket [L],$235.31,Apple Pay,"2420 Park Ave, Liverpool, UK, LS1 1AA",Processing,Not worth the price
TXN-20260120-001333,CUST-EU-0280,Richard Brown,richard.brown@example.com,20/01/2026 19:35,SPORT-WINTER-9330,Basketball Official,113.73,DEBIT CARD - Mastercard,"7902 Oak Road, Los Angeles, AZ 76812",Shipped (est. arrival: January 23),Excellent quality 👍
TXN-20250728-001334,CUST-ASIA-0222,Dr. Jennifer Anderson,jennifer.anderson@example.com,07/28/2025 06:24 PM,HOME-BEDDING-3578,Kitchen Mixer,$1347.06,CREDIT CARD,"7328 Elm Street, Chicago, NY 69244",Delivered on 2025-08-01,Poor quality 😞
TXN-20240216-001335,CUST-CA-0407,  DR. JOSEPH DAVIS  ,joseph.davis@mail.com,02/16/2024 06:02 PM,HOME-BEDDING-9108,Wall Art Decoration,"$1,197.81",Google Pay,,Delivered on 2024-02-19,
TXN-20240719-001336,CUST-EU-0251,Mrs. William Johnson,william.johnson@mail.com,19/07/2024 15:01,BOOK-EBOOK-7886,Python Programming,$29.79,credit_card,"409 Main St, Manchester, UK, SW1A 1AA",Delivered on 22/07/2024,
TXN-20250621-001337,CUST-CA-0082,MS. JOHN ANDERSON,john.anderson@mail.com,2025-06-21T14:51:18Z,HOME-DECOR-1617,LED Floor Lamp,"$1,290.27",Google Pay,"2299 Park Ave, Houston, IL 49413",Cancelled - 21/06/2025,
TXN-20250206-001338,CUST-EU-0233,,lisa@,"February 6, 2025 at 6:30PM",CLOTH-JACKET-1416,Cotton T-Shirt,$252.88,Google Pay,"999 Oak Road, Birmingham, UK, LS1 1AA",Cancelled - 08/02/2025,Disappointed 😢
TXN-20250108-001339,CUST-EU-0011,,sarah.miller@email.com,"January 8, 2025 at 4:34PM",ELEC-PHONE-4562,Sony Camera A7,$663.25,Debit Card - Visa,,Delivered on 14/01/2025,Great product! 5 stars ⭐⭐⭐⭐⭐
TXN20250419001340,CUST-UK-0079,MR. LISA GARCIA,LISA.GARCIA@TEST.COM,04/19/2025 09:05 AM,ELEC-CAMERA-4454,Bose Headphones,"$1,646.27",DEBIT CARD - Mastercard,"8306 High Street, Los Angeles, TX 72219",Shipped (est. arrival: April 22),Great product! 5 stars ⭐⭐⭐⭐⭐
TXN-20240921-001341,CUST-US-0417,  mrs. patricia rodriguez  ,,"September 21, 2024 at 6:49PM",CLOTH-SHIRT-7517,Summer Dress (M),$55.52,Apple Pay,"8463 Oak Road, Phoenix, NY 84012",Cancelled,Poor quality 😞
TXN-20240328-001342,CUST-UK-0478,  MS. LINDA HERNANDEZ  ,linda.hernandez@example.com,2024-03-28T23:53:19Z,SPORT-WATER-5490,Diving Gear Set,$249.51,Debit Card - Visa,"7008 Park Ave, Manchester, UK, LS1 1AA",Processing,Not worth the price
TXN-20240625-001343,CUST-UK-0228,Ms. Linda Martinez,linda.martinez@test.com,25/06/2024 23:41,BOOK-FICTION-4679,Data Science Handbook,$76.56,Credit Card (Visa),"5783 Main St, Leeds, UK, SW1A 1AA",Processing,Excellent quality 👍
TXN-20250927-001344,CUST-EU-0342,Dr. John Hernandez,john.hernandez@test.com,"September 27, 2025 at 11:49AM",HOME-LIGHTING-6645,Wall Art Decoration,$164.69,Credit Card (Visa),,Cancelled,Average product
TXN-20240128-001345,CUST-ASIA-0030,WILLIAM RODRIGUEZ,WILLIAM.RODRIGUEZ@TEST.COM,"January 28, 2024 at 3:39PM",BOOK-MAGAZINE-2003,Business Magazine,$96.94,Debit Card - Visa,"1542 Oak Road, Leeds, UK, M1 1AA",Delivered on 2024-02-07,
TXN-20250924-001346,CUST-ASIA-0256,william brown,user@domain,24/09/2025 14:10,CLOTH-JACKET-6498,Nike Running Shoes - Size 10,$31.34,credit_card,"6188 Main St, Los Angeles, CA 72492",Shipped (est. arrival: September 29),Poor quality 😞
TXN-20251117-001347,CUST-UK-0467,DR. DAVID BROWN,david.brown@test.com,"November 17, 2025 at 1:11PM",HOME-KITCHEN-8661,Queen Bedding Set,£475.93,Credit Card (Mastercard),"6754 Main St, Leeds, UK, B1 1AA",Delivered on 2025-11-26,Poor quality 😞
TXN-20251006-001348,CUSTUK0329,  MR. WILLIAM ANDERSON  ,william.anderson@mail.com,06/10/2025 14:34,SPORT-FITNESS-8941,Diving Gear Set,£79.64,Google Pay,"7139 Park Ave, Los Angeles, CA 80225",Processing,Poor quality 😞
TXN-20240919-001349,CUST-CA-0147,,,19/09/2024 20:06,HOME-KITCHEN-7674,Modern Sofa Set,880.69,Google Pay,,Shipped (est. arrival: September 24),Amazing! Highly recommend ⭐⭐⭐⭐⭐
TXN-20250727-001350,CUST-US-0346,Lisa Johnson,lisa.johnson@email.com,07/27/2025 08:28 AM,HOME-DECOR-1073,LED Floor Lamp,$867.79,PayPal,"472 Elm Street, Liverpool, UK, M1 1AA",Shipped (est. arrival: August 03),
TXN-20240924-001351,CUST-CA-0310,DR. EMMA RODRIGUEZ,EMMA.RODRIGUEZ@SHOP.COM,2024-09-24T15:08:33Z,CLOTH-SHOES-6226,Cotton T-Shirt,,credit_card,"6784 Park Ave, Phoenix, NY 11753",Delivered on 27/09/2024,Good value for money
TXN-20240114-001352,CUST-ASIA-0001,Lisa Rodriguez,lisa.rodriguez@mail.com,14/01/2024 15:03,CLOTH-SHIRT-4123,Nike Running Shoes - Size 10,€271.90,credit_card,,Cancelled - 14/01/2024,
TXN-20251214-001353,CUST-US-0229,  Ms. William Williams  ,william.williams@test.com,2025-12-14T13:49:54Z,CLOTH-JACKET-7699,Levis Jeans 32x34,€183.45,CREDIT CARD,"7985 Park Ave, Liverpool, UK, B1 1AA",Processing,Great product! 5 stars ⭐⭐⭐⭐⭐
TXN-20250916-001354,CUST-EU-0397,Mr. Emma Garcia,emma.garcia@shop.com,09/16/2025 07:38 AM,SPORT-WINTER-2596,Diving Gear Set,£481.01,credit_card,"9618 Main St, Phoenix, AZ 45635",Processing,
TXN-20250424-001355,CUST-EU-0322,ROBERT DAVIS,,24/04/2025 16:21,SPORT-FITNESS-8753,Camping Tent 4-Person,€279.62,Credit Card (Visa),"9443 Oak Road, Manchester, UK, L1 1AA",Cancelled,Disappointed 😢
TXN20251103001356,CUST-CA-0029,ms. john garcia,john.garcia@email.com,11/03/2025 06:39 PM,HOME-BEDDING-6267,Wall Art Decoration,$1491.85,Credit Card (Visa),"8966 Main St, New York, NY 88615",Processing,Good value for money
TXN-20240423-001357,CUST-UK-0109,MICHAEL LOPEZ,michael.lopez@email.com,"April 23, 2024 at 5:02PM",ELEC-LAPTOP-6651,iPhone 15 Pro Max (256GB),$924.52,Apple Pay,,Shipped (est. arrival: April 28),Disappointed 😢
TXN-20241022-001358,CUST-US-0460,Mr. James Brown,james.brown@test.com,22/10/2024 12:29,ELEC-PHONE-7841,Samsung Galaxy S24,"£1,365.95",Debit Card - Visa,"2206 Main St, Los Angeles, CA 30182",Processing,Arrived damaged 😠
TXN-20250503-001359,CUST-UK-0110,Richard Hernandez,richard.hernandez@mail.com,03/05/2025 17:24,CLOTH-DRESS-9338,Leather Jacket [L],€26.85,CREDIT CARD,"7815 Oak Road, Birmingham, UK, L1 1AA",Cancelled - 03/05/2025,
TXN-20240628-001360,CUST-UK-0134,EMMA ANDERSON,emma.anderson@test.com,28/06/2024 00:52,SPORT-TEAM-5715,Diving Gear Set,$172.90,PayPal,"3209 Main St, Phoenix, IL 66020",Delivered on 2024-07-08,
TXN-20240721-001361,CUST-ASIA-0448,DR. EMMA GARCIA,EMMA.GARCIA@EXAMPLE.COM,"July 21, 2024 at 6:29PM",CLOTH-DRESS-2254,Cotton T-Shirt,149.37,Credit Card (Mastercard),"6184 Oak Road, Chicago, CA 70395",Delivered on 27/07/2024,Arrived damaged 😠
TXN-20250616-001362,CUST-UK-0080,mrs. michael brown,michael.brown@test.com,06/16/2025 05:45 PM,BOOK-EBOOK-9466,Business Magazine,$45.19,Google Pay,"7527 Elm Street, Phoenix, NY 51469",Processing,Arrived damaged 😠
TXN-20250228-001363,CUST-US-0084,lisa anderson,lisa.anderson@example.com,"February 28, 2025 at 6:58AM",HOME-KITCHEN-9029,Kitchen Mixer,$811.34,CREDIT CARD,"7239 Main St, Chicago, AZ 52073",Shipped (est. arrival: March 06),Average product
TXN-20240205-001364,CUST-UK-0124,  Mary Wilson  ,mary.wilson@shop.com,05/02/2024 10:23,HOME-LIGHTING-3825,Wall Art Decoration,$1447.99,Google Pay,,Processing,Not worth the price
TXN-20240415-001365,CUST-CA-0145,LINDA MILLER,linda.miller@shop.com,"April 15, 2024 at 6:24AM",ELEC-LAPTOP-9596,iPhone 15 Pro Max (256GB),€1713.66,PayPal,"3402 Oak Road, New York, CA 64410",Shipped (est. arrival: April 19),Perfect! 5/5 stars
TXN-20241011-001366,CUST-CA-0092,  William Davis  ,william.davis@example.com,10/11/2024 09:12 AM,CLOTH-DRESS-2561,Leather Jacket [L],$162.05,Debit Card - Visa,"8782 High Street, New York, CA 60916",Processing,Disappointed 😢
TXN-20240606-001367,CUST-US-0132,  Mr. Joseph Lopez  ,joseph.lopez@mail.com,"June 6, 2024 at 12:41PM",CLOTH-JACKET-1278,Nike Running Shoes - Size 10,$57.86,Debit Card - Visa,"844 Main St, Birmingham, UK, LS1 1AA",Shipped (est. arrival: June 10),Not worth the price
TXN-20250215-001368,CUST-US-0285,Dr. Robert Rodriguez,robert.rodriguez@email.com,"February 15, 2025 at 7:31PM",SPORT-FITNESS-1717,Basketball Official,417.17,credit_card,"6653 Main St, Liverpool, UK, B1 1AA",Delivered on 2025-02-21,Not worth the price
TXN-20240127-001369,CUST-ASIA-0008,Mr. Linda Miller,,2024-01-27T10:10:18Z,BOOK-MAGAZINE-9140,Data Science Handbook,$32.69,Credit Card (Mastercard),"9407 Oak Road, Houston, AZ 14873",Delivered on 2024-02-01,Arrived damaged 😠
TXN-20240321-001370,CUST-US-0409,patricia williams,PATRICIA.WILLIAMS@SHOP.COM,21/03/2024 00:49,SPORT-WATER-2976,Basketball Official,$466.70,credit_card,"2799 High Street, Los Angeles, CA 12930",Delivered on 2024-03-23,Disappointed 😢
TXN-20250623-001371,CUST-CA-0088,Robert Jones,robert.jones@test.com,23/06/2025 13:24,HOME-DECOR-3650,LED Floor Lamp,€742.50,CREDIT CARD,"4503 Main St, Houston, IL 73988",Cancelled,Perfect! 5/5 stars
TXN-20240311-001372,CUST-CA-0002,William Davis,WILLIAM.DAVIS@SHOP.COM,03/11/2024 03:46 PM,CLOTH-SHIRT-6478,Leather Jacket [L],$157.17,Debit Card - Visa,"5264 Elm Street, Liverpool, UK, LS1 1AA",Cancelled - 12/03/2024,Poor quality 😞
TXN-20251208-001373,CUST-US-0080,ROBERT MARTINEZ,ROBERT.MARTINEZ@TEST.COM,12/08/2025 10:10 AM,ELEC-LAPTOP-9193,"MacBook Pro 14""","€1,989.06",Credit Card (Visa),,Processing,Poor quality 😞
TXN-20241114-001374,CUST-EU-0303,Ms. Emma Miller,,14/11/2024 21:44,HOME-FURNITURE-5580,Queen Bedding Set,€319.03,PayPal,"5604 High Street, Manchester, UK, L1 1AA",Cancelled,Arrived damaged 😠
TXN-20240322-001375,CUSTCA0413,Sarah Wilson,sarah.wilson@mail.com,22/03/2024 09:11,SPORT-OUTDOOR-6658,Diving Gear Set,$115.77,Credit Card (Mastercard),"9135 Oak Road, Phoenix, IL 49780",Cancelled - 23/03/2024,
TXN-20240621-001376,CUST-ASIA-0051,mrs. patricia garcia,patricia.garcia@mail.com,21/06/2024 13:08,CLOTH-SHOES-1011,Levis Jeans 32x34,$244.80,Credit Card (Mastercard),,Shipped (est. arrival: June 26),Poor quality 😞
TXN-20250308-001377,CUSTCA0459,Dr. William Martinez,WILLIAM.MARTINEZ@EMAIL.COM,2025-03-08T20:20:48Z,BOOK-TEXTBOOK-3793,Python Programming,$74.36,PayPal,"2298 Main St, Birmingham, UK, M1 1AA",Processing,Average product
TXN-20250504-001378,CUST-ASIA-0432,Mary Smith,MARY.SMITH@SHOP.COM,04/05/2025 10:23,HOME-DECOR-2278,Wall Art Decoration,$1163.86,CREDIT CARD,"7595 Park Ave, Houston, IL 67451",Shipped (est. arrival: May 11),Average product
TXN-20240207-001379,CUST-US-0338,  Mary Lopez  ,mary.lopez@email.com,2024-02-07T17:19:08Z,SPORT-FITNESS-7093,Diving Gear Set,€375.97,Credit Card (Visa),"419 Main St, New York, NY 86568",Cancelled,Amazing! Highly recommend ⭐⭐⭐⭐⭐
TXN-20250806-001380,CUST-ASIA-0016,MRS. SARAH SMITH,SARAH.SMITH@EXAMPLE.COM,"August 6, 2025 at 4:22AM",ELEC-TABLET-4390,iPhone 15 Pro Max (256GB),$473.20,CREDIT CARD,"5186 Oak Road, New York, TX 64428",Processing,Amazing! Highly recommend ⭐⭐⭐⭐⭐
TXN-20240428-001381,CUST-US-0480,MR. JOHN MARTINEZ,john.martinez@mail.com,2024-04-28T14:06:21Z,ELEC-TABLET-4773,Bose Headphones,€204.58,Credit Card (Mastercard),"4196 Park Ave, Phoenix, CA 58468",Delivered on 2024-04-30,Perfect! 5/5 stars
TXN-20241129-001382,CUST-UK-0358,EMMA GARCIA,emma.garcia@mail.com,29/11/2024 09:46,CLOTH-PANTS-1112,Leather Jacket [L],$296.77,Debit Card - Visa,,Cancelled,
TXN-20240828-001383,CUST-US-0051,Jennifer Lopez,jennifer.lopez@example.com,2024-08-28T18:32:07Z,HOME-FURNITURE-1421,LED Floor Lamp,£1086.71,credit_card,"3027 Oak Road, Birmingham, UK, SW1A 1AA",Processing,Amazing! Highly recommend ⭐⭐⭐⭐⭐
TXN-20250929-001384,CUST-ASIA-0183,mr. michael lopez,michael.lopez@shop.com,"September 29, 2025 at 9:35PM",BOOK-MAGAZINE-7450,Digital Marketing eBook,$13.38,credit_card,"7674 Oak Road, Los Angeles, NY 45532",Cancelled - 30/09/2025,Perfect! 5/5 stars
TXN-20250411-001385,CUST-US-0035,  JAMES LOPEZ  ,james.lopez@test.com,2025-04-11T23:29:36Z,ELEC-LAPTOP-4129,iPhone 15 Pro Max (256GB),$1145.76,Apple Pay,"2687 Park Ave, Los Angeles, AZ 68486",Delivered on 2025-04-15,Perfect! 5/5 stars
TXN-20240229-001386,CUST-UK-0288,  David Wilson  ,invalid-email,"February 29, 2024 at 2:30PM",SPORT-FITNESS-3957,Diving Gear Set,,PayPal,"3581 Elm Street, Birmingham, UK, SW1A 1AA",Cancelled,Disappointed 😢
TXN20250314001387,CUST-ASIA-0367,James Hernandez,JAMES.HERNANDEZ@TEST.COM,"March 14, 2025 at 6:45AM",BOOK-MAGAZINE-4060,Python Programming,$84.65,Apple Pay,"4834 Park Ave, Phoenix, AZ 20201",Delivered on 2025-03-18,Perfect! 5/5 stars
TXN-20240219-001388,CUST-EU-0358,  richard martinez  ,richard.martinez@test.com,19/02/2024 14:33,HOME-LIGHTING-9791,Wall Art Decoration,$378.41,Credit Card (Mastercard),"1949 Oak Road, Leeds, UK, B1 1AA",Processing,
TXN-20251210-001389,CUST-EU-0143,emma hernandez,emma.hernandez@email.com,10/12/2025 19:15,CLOTH-PANTS-6279,Nike Running Shoes - Size 10,30.02,Apple Pay,,Cancelled,Not worth the price
TXN-20240317-001390,CUST-UK-0339,  MS. JENNIFER WILLIAMS  ,JENNIFER.WILLIAMS@EXAMPLE.COM,2024-03-17T08:00:07Z,ELEC-LAPTOP-9070,Bose Headphones,,Debit Card - Visa,"1587 Oak Road, London, UK, L1 1AA",Delivered on 2024-03-26,
TXN-20241228-001391,CUST-UK-0010,,michael.jones@test.com,28/12/2024 09:10,BOOK-FICTION-8113,Data Science Handbook,89.34,Debit Card - Visa,"617 Elm Street, New York, CA 60012",Processing,Perfect! 5/5 stars
TXN-20241230-001392,CUST-US-0463,Mrs. Jennifer Garcia,JENNIFER.GARCIA@TEST.COM,"December 30, 2024 at 1:56PM",CLOTH-JACKET-8369,Summer Dress (M),$169.03,Google Pay,"6728 Park Ave, Chicago, IL 93754",Shipped (est. arrival: January 03),Disappointed 😢
TXN-20240825-001393,CUST-CA-0019,mr. john rodriguez,john.rodriguez@test.com,25/08/2024 18:11,CLOTH-SHIRT-9661,Levis Jeans 32x34,$23.65,Google Pay,"8802 Park Ave, Manchester, UK, M1 1AA",Processing,Excellent quality 👍
TXN-20241120-001394,CUST-EU-0492,ms. linda miller,LINDA.MILLER@TEST.COM,20/11/2024 21:28,BOOK-EBOOK-6199,Business Magazine,$73.51,DEBIT CARD - Mastercard,,Processing,Great product! 5 stars ⭐⭐⭐⭐⭐
TXN-20251005-001395,CUST-EU-0010,James Miller,james.miller@mail.com,05/10/2025 23:18,SPORT-FITNESS-9571,Yoga Mat Premium,$498.31,DEBIT CARD - Mastercard,"3689 Park Ave, Los Angeles, NY 82862",Shipped (est. arrival: October 08),Disappointed 😢
TXN-20250907-001396,CUST-ASIA-0022,  mrs. patricia davis  ,PATRICIA.DAVIS@SHOP.COM,"September 7, 2025 at 5:09PM",HOME-KITCHEN-2154,Wall Art Decoration,1123.49,PayPal,"3266 Elm Street, Liverpool, UK, SW1A 1AA",Processing,Amazing! Highly recommend ⭐⭐⭐⭐⭐
TXN-20240528-001397,CUST-UK-0013,  MICHAEL BROWN  ,MICHAEL.BROWN@EMAIL.COM,05/28/2024 03:55 PM,ELEC-CAMERA-9329,Sony Camera A7,$117.40,Google Pay,"6288 High Street, Leeds, UK, LS1 1AA",Shipped (est. arrival: June 01),Excellent quality 👍
TXN-20241002-001398,CUST-US-0144,  Richard Anderson  ,richard.anderson@email.com,02/10/2024 18:26,HOME-LIGHTING-3560,Kitchen Mixer,£140.53,DEBIT CARD - Mastercard,,Cancelled - 02/10/2024,Excellent quality 👍
TXN-20250901-001399,CUST-US-0014,Patricia Martinez,patricia.martinez@email.com,09/01/2025 11:51 AM,BOOK-NONFICTION-8309,Business Magazine,$53.07,Debit Card - Visa,"7719 Park Ave, Birmingham, UK, SW1A 1AA",Shipped (est. arrival: September 07),Great product! 5 stars ⭐⭐⭐⭐⭐
TXN-20240510-001400,CUST-EU-0401,mrs. emma wilson,emma.wilson@mail.com,2024-05-10T18:16:00Z,BOOK-TEXTBOOK-5125,Python Programming,£37.45,PayPal,"9914 High Street, Chicago, IL 91287",Cancelled - 12/05/2024,Poor quality 😞
TXN-20251203-001401,CUST-US-0225,Ms. Joseph Jones,joseph.jones@shop.com,2025-12-03T19:55:38Z,ELEC-PHONE-8675,Sony Camera A7,$920.24,DEBIT CARD - Mastercard,"2405 Elm Street, Leeds, UK, SW1A 1AA",Processing,Good value for money
TXN-20240826-001402,CUST-ASIA-0498,,ROBERT.ANDERSON@EMAIL.COM,"August 26, 2024 at 9:49PM",HOME-FURNITURE-3553,LED Floor Lamp,$817.36,CREDIT CARD,"6312 Elm Street, Liverpool, UK, L1 1AA",Delivered on 05/09/2024,Amazing! Highly recommend ⭐⭐⭐⭐⭐
TXN-20251103-001403,CUST-UK-0225,MS. EMMA DAVIS,emma.davis@test.com,"November 3, 2025 at 7:13PM",ELEC-CAMERA-3569,iPhone 15 Pro Max (256GB),$1697.25,PayPal,"1034 Elm Street, Los Angeles, NY 93860",Delivered on 2025-11-11,Excellent quality 👍
TXN-20250310-001404,CUST-UK-0383,  Mrs. James Rodriguez  ,JAMES.RODRIGUEZ@EXAMPLE.COM,"March 10, 2025 at 12:25PM",BOOK-MAGAZINE-3971,Data Science Handbook,€93.56,Google Pay,"1680 Elm Street, New York, IL 68080",Processing,
TXN-20241207-001405,CUST-ASIA-0490,jennifer rodriguez,JENNIFER.RODRIGUEZ@EMAIL.COM,"December 7, 2024 at 12:18PM",BOOK-NONFICTION-5114,Python Programming,$83.65,DEBIT CARD - Mastercard,"8486 High Street, London, UK, L1 1AA",Delivered on 2024-12-14,
TXN-20250910-001406,CUST-US-0231,Mrs. Lisa Hernandez,lisa.hernandez@example.com,"September 10, 2025 at 4:12PM",BOOK-TEXTBOOK-6123,Data Science Handbook,$24.52,DEBIT CARD - Mastercard,"4012 Main St, New York, NY 32915",Shipped (est. arrival: September 15),Perfect! 5/5 stars
TXN-20250406-001407,CUST-ASIA-0036,Mr. William Martinez,invalid-email,04/06/2025 04:46 PM,BOOK-FICTION-6904,Digital Marketing eBook,$27.66,PayPal,"5403 Oak Road, Los Angeles, TX 60902",Shipped (est. arrival: April 12),Average product
TXN-20250305-001408,CUST-ASIA-0427,  Dr. Michael Lopez  ,MICHAEL.LOPEZ@MAIL.COM,03/05/2025 05:40 PM,CLOTH-SHOES-8347,Levis Jeans 32x34,$218.72,Debit Card - Visa,"2406 High Street, London, UK, SW1A 1AA",Shipped (est. arrival: March 10),Average product
TXN-20251019-001409,CUST-UK-0309,  robert smith  ,ROBERT.SMITH@SHOP.COM,"October 19, 2025 at 5:52PM",CLOTH-JACKET-9278,Levis Jeans 32x34,276.69,DEBIT CARD - Mastercard,"5725 Oak Road, Leeds, UK, SW1A 1AA",Cancelled,
TXN-20251005-001410,CUST-ASIA-0020,Linda Smith,,2025-10-05T11:15:26Z,ELEC-LAPTOP-2941,"MacBook Pro 14""",$747.57,Credit Card (Mastercard),"1962 Park Ave, Birmingham, UK, L1 1AA",Processing,
TXN-20240513-001411,CUST-UK-0389,Mrs. Mary Martinez,MARY.MARTINEZ@EXAMPLE.COM,13/05/2024 18:20,BOOK-TEXTBOOK-2077,Digital Marketing eBook,$11.63,PayPal,"6520 Oak Road, New York, NY 84713",Delivered on 16/05/2024,Average product
TXN-20260129-001412,CUST-UK-0320,Mr. Jennifer Jones,,01/29/2026 10:23 PM,ELEC-AUDIO-7783,iPhone 15 Pro Max (256GB),,DEBIT CARD - Mastercard,"7079 Park Ave, Liverpool, UK, L1 1AA",Delivered on 04/02/2026,Amazing! Highly recommend ⭐⭐⭐⭐⭐
TXN-20250225-001413,CUST-ASIA-0453,,mary.hernandez@example.com,02/25/2025 09:36 PM,BOOK-TEXTBOOK-2634,The Great Gatsby [Paperback],,Credit Card (Mastercard),"6496 Oak Road, Leeds, UK, LS1 1AA",Delivered on 2025-03-04,Not worth the price
TXN-20251123-001414,CUST-US-0367,  DR. SARAH MARTINEZ  ,sarah.martinez@test.com,23/11/2025 15:50,CLOTH-DRESS-9844,Summer Dress (M),£249.29,PayPal,,Cancelled,Not worth the price
TXN-20240729-001415,CUST-ASIA-0234,  JAMES JOHNSON  ,james.johnson@test.com,2024-07-29T19:35:06Z,HOME-FURNITURE-6233,Modern Sofa Set,"€1,271.41",Credit Card (Visa),"39 Park Ave, Phoenix, IL 46195",Delivered on 02/08/2024,Good value for money
TXN20240416001416,CUST-CA-0372,,emma.williams@shop.com,"April 16, 2024 at 10:42PM",ELEC-TABLET-5406,iPhone 15 Pro Max (256GB),1570.17,Credit Card (Visa),"3126 Main St, Birmingham, UK, M1 1AA",Processing,
TXN-20250317-001417,CUST-ASIA-0050,dr. sarah williams,SARAH.WILLIAMS@EMAIL.COM,"March 17, 2025 at 2:50PM",BOOK-FICTION-3158,The Great Gatsby [Paperback],£60.72,Credit Card (Visa),"31 Main St, Los Angeles, CA 31587",Delivered on 2025-03-25,Not worth the price
TXN-20250112-001418,CUST-EU-0238,James Lopez,james.lopez@email.com,2025-01-12T12:38:41Z,CLOTH-JACKET-1370,Leather Jacket [L],£294.79,Credit Card (Visa),"5616 Park Ave, London, UK, L1 1AA",Processing,Excellent quality 👍
TXN-20250322-001419,CUST-UK-0170,MS. MARY SMITH,mary.smith@example.com,22/03/2025 19:57,HOME-LIGHTING-2303,Kitchen Mixer,$1129.14,CREDIT CARD,"5112 Park Ave, Manchester, UK, L1 1AA",Cancelled - 23/03/2025,Poor quality 😞
TXN-20240408-001420,CUST-CA-0066,Ms. Michael Wilson,MICHAEL.WILSON@EXAMPLE.COM,"April 8, 2024 at 11:24PM",CLOTH-JACKET-2246,Leather Jacket [L],$203.06,Debit Card - Visa,"5499 Elm Street, London, UK, M1 1AA",Delivered on 2024-04-14,Perfect! 5/5 stars
TXN-20240520-001421,CUST-US-0117,  dr. joseph williams  ,JOSEPH.WILLIAMS@EXAMPLE.COM,05/20/2024 12:29 PM,HOME-KITCHEN-4029,Modern Sofa Set,$1026.50,credit_card,,Cancelled,Perfect! 5/5 stars
TXN-20250929-001422,CUST-CA-0243,,JAMES.DAVIS@EMAIL.COM,2025-09-29T18:24:28Z,ELEC-CAMERA-8118,"MacBook Pro 14""",€922.09,CREDIT CARD,"431 Oak Road, London, UK, SW1A 1AA",Processing,
TXN-20251104-001423,CUST-EU-0095,Ms. Mary Williams,mary.williams@shop.com,"November 4, 2025 at 11:35AM",SPORT-OUTDOOR-4857,Camping Tent 4-Person,$135.34,Credit Card (Mastercard),"7068 Elm Street, Leeds, UK, B1 1AA",Processing,Perfect! 5/5 stars
TXN-20250819-001424,CUST-US-0250,  Mr. James Wilson  ,james.wilson@mail.com,08/19/2025 03:20 PM,CLOTH-JACKET-1983,Levis Jeans 32x34,€278.26,credit_card,"3445 Elm Street, Chicago, IL 33297",Processing,Arrived damaged 😠
TXN-20240730-001425,CUST-ASIA-0416,  Mr. James Davis  ,,30/07/2024 12:03,BOOK-MAGAZINE-5229,Python Programming,£84.28,Debit Card - Visa,"3786 Oak Road, Houston, TX 36855",Delivered on 2024-08-05,Disappointed 😢
TXN-20240429-001426,CUST-US-0269,,james.williams@mail.com,2024-04-29T19:29:57Z,BOOK-MAGAZINE-5778,Python Programming,$98.89,CREDIT CARD,"1714 Main St, Chicago, IL 74947",Shipped (est. arrival: May 04),Not worth the price
TXN-20241217-001427,CUST-US-0327,  Jennifer Wilson  ,jennifer.wilson@email.com,"December 17, 2024 at 3:06PM",CLOTH-SHIRT-1322,Nike Running Shoes - Size 10,€49.21,credit_card,"1777 Elm Street, Liverpool, UK, B1 1AA",Cancelled,Not worth the price
TXN-20250109-001428,CUST-EU-0331,Ms. Linda Johnson,linda.johnson@email.com,09/01/2025 15:09,HOME-DECOR-5418,Wall Art Decoration,,Credit Card (Visa),"4509 Oak Road, Chicago, AZ 64839",Delivered on 2025-01-18,Great product! 5 stars ⭐⭐⭐⭐⭐
TXN-20251204-001429,CUST-UK-0237,  David Davis  ,david.davis@shop.com,12/04/2025 10:11 AM,SPORT-TEAM-7385,Ski Jacket Waterproof,$25.51,Apple Pay,"1860 Park Ave, Liverpool, UK, L1 1AA",Processing,Not worth the price
TXN-20240509-001430,CUST-CA-0129,Mary Johnson,mary.johnson@example.com,2024-05-09T22:26:09Z,BOOK-FICTION-5873,The Great Gatsby [Paperback],$26.79,Google Pay,"5162 High Street, Houston, AZ 59323",Cancelled - 09/05/2024,Average product
TXN-20240323-001431,CUST-ASIA-0109,Ms. Robert Smith,robert.smith@example.com,03/23/2024 06:38 PM,CLOTH-PANTS-8647,Summer Dress (M),$161.87,Debit Card - Visa,"2694 Oak Road, London, UK, SW1A 1AA",Cancelled,Disappointed 😢
TXN-20251114-001432,CUST-CA-0110,JAMES SMITH,JAMES.SMITH@EXAMPLE.COM,2025-11-14T11:59:10Z,SPORT-OUTDOOR-4405,Ski Jacket Waterproof,$246.09,CREDIT CARD,"492 Park Ave, Los Angeles, IL 41739",Cancelled - 16/11/2025,
TXN-20240422-001433,CUST-EU-0366,Mr. David Lopez,david.lopez@shop.com,04/22/2024 09:19 PM,BOOK-FICTION-3167,The Great Gatsby [Paperback],£76.71,Debit Card - Visa,"7760 Main St, London, UK, M1 1AA",Cancelled,Not worth the price
TXN-20240926-001434,CUST-US-0301,ms. michael brown,michael.brown@mail.com,2024-09-26T14:52:53Z,HOME-FURNITURE-4368,Kitchen Mixer,$1425.51,Debit Card - Visa,"5333 Oak Road, London, UK, B1 1AA",Processing,Excellent quality 👍
TXN-20250822-001435,CUST-UK-0467,,DAVID.LOPEZ@MAIL.COM,22/08/2025 13:11,ELEC-PHONE-9050,Bose Headphones,€384.16,Credit Card (Mastercard),"6643 High Street, Manchester, UK, M1 1AA",Shipped (est. arrival: August 27),Amazing! Highly recommend ⭐⭐⭐⭐⭐
TXN-20240313-001436,CUST-UK-0170,  Ms. David Johnson  ,david.johnson@email.com,13/03/2024 14:31,SPORT-WINTER-4859,Diving Gear Set,$136.58,PayPal,,Shipped (est. arrival: March 19),Perfect! 5/5 stars
TXN20250126001437,CUST-US-0484,  MR. EMMA MILLER  ,emma.miller@shop.com,01/26/2025 06:01 PM,HOME-FURNITURE-4304,Queen Bedding Set,$38.42,PayPal,"7416 Park Ave, Manchester, UK, SW1A 1AA",Shipped (est. arrival: February 01),Poor quality 😞
TXN-20250525-001438,CUST-EU-0090,  Dr. Patricia Lopez  ,PATRICIA.LOPEZ@MAIL.COM,2025-05-25T21:32:13Z,CLOTH-PANTS-7475,Cotton T-Shirt,€106.63,Credit Card (Mastercard),"5663 Main St, Leeds, UK, SW1A 1AA",Delivered on 04/06/2025,
TXN-20250701-001439,CUSTASIA0032,Mrs. Sarah Brown,SARAH.BROWN@EMAIL.COM,2025-07-01T14:14:51Z,BOOK-TEXTBOOK-5243,Data Science Handbook,€73.34,Credit Card (Mastercard),"5168 High Street, Manchester, UK, B1 1AA",Delivered on 2025-07-04,Average product
TXN-20240709-001440,CUST-UK-0465,Mrs. Mary Johnson,mary.johnson@example.com,07/09/2024 11:37 AM,CLOTH-DRESS-6324,Nike Running Shoes - Size 10,$222.03,credit_card,"9421 Main St, Houston, NY 49954",Delivered on 14/07/2024,
TXN-20240104-001441,CUST-CA-0099,,patricia.johnson@example.com,"January 4, 2024 at 11:50PM",BOOK-MAGAZINE-9332,Python Programming,€51.23,Credit Card (Mastercard),"9781 Oak Road, Phoenix, TX 64061",Delivered on 2024-01-08,
TXN-20250808-001442,CUST-ASIA-0407,linda jones,,08/08/2025 10:31 AM,ELEC-CAMERA-3544,Sony Camera A7,$579.58,credit_card,"4941 Oak Road, New York, AZ 94634",Shipped (est. arrival: August 15),
TXN-20260120-001443,CUSTCA0350,MS. SARAH JONES,invalid-email,20/01/2026 19:20,SPORT-TEAM-9854,Camping Tent 4-Person,122.75,DEBIT CARD - Mastercard,"3396 Park Ave, London, UK, M1 1AA",Processing,
TXN-20251119-001444,CUST-UK-0034,Jennifer Hernandez,JENNIFER.HERNANDEZ@SHOP.COM,19/11/2025 11:40,ELEC-TABLET-5267,Samsung Galaxy S24,$1803.94,Apple Pay,"8922 High Street, Manchester, UK, SW1A 1AA",Cancelled - 21/11/2025,Arrived damaged 😠
TXN-20260113-001445,CUST-CA-0396,dr. robert rodriguez,,13/01/2026 19:23,SPORT-WINTER-2397,Diving Gear Set,$117.85,DEBIT CARD - Mastercard,"1636 High Street, Houston, NY 77802",Cancelled,Excellent quality 👍
TXN-20250317-001446,CUST-US-0423,Ms. Sarah Brown,SARAH.BROWN@SHOP.COM,"March 17, 2025 at 2:48PM",BOOK-TEXTBOOK-8927,The Great Gatsby [Paperback],$96.69,CREDIT CARD,"9746 Oak Road, Houston, AZ 10053",Shipped (est. arrival: March 24),Poor quality 😞
TXN-20240223-001447,CUST-UK-0284,Sarah Johnson,sarah.johnson@mail.com,"February 23, 2024 at 10:00PM",SPORT-WATER-5224,Diving Gear Set,$80.58,Credit Card (Mastercard),"7423 Park Ave, London, UK, B1 1AA",Cancelled - 23/02/2024,Average product
TXN-20250708-001448,CUST-ASIA-0463,MS. JENNIFER ANDERSON,jennifer.anderson@email.com,08/07/2025 12:22,SPORT-FITNESS-5821,Yoga Mat Premium,,Credit Card (Visa),"3573 Park Ave, Manchester, UK, L1 1AA",Shipped (est. arrival: July 12),
TXN-20240803-001449,CUST-UK-0219,DR. JOSEPH ANDERSON,JOSEPH.ANDERSON@EMAIL.COM,"August 3, 2024 at 11:23AM",SPORT-WATER-8637,Diving Gear Set,£359.22,Debit Card - Visa,"3713 Oak Road, Los Angeles, TX 63344",Shipped (est. arrival: August 10),Excellent quality 👍
TXN-20250417-001450,CUST-UK-0495,Mr. Sarah Hernandez,,2025-04-17T13:49:42Z,ELEC-CAMERA-9542,Bose Headphones,€564.16,Google Pay,"2466 Park Ave, Birmingham, UK, SW1A 1AA",Cancelled - 19/04/2025,Arrived damaged 😠
TXN-20241102-001451,CUST-US-0361,MR. JOSEPH JOHNSON,joseph.johnson@example.com,11/02/2024 04:23 PM,BOOK-NONFICTION-6100,Data Science Handbook,$37.83,Google Pay,"7623 Main St, Manchester, UK, B1 1AA",Processing,Perfect! 5/5 stars
TXN-20250124-001452,CUST-EU-0410,Ms. Lisa Wilson,lisa.wilson@example.com,"January 24, 2025 at 3:52PM",HOME-FURNITURE-5635,Modern Sofa Set,,Debit Card - Visa,,Shipped (est. arrival: January 31),Great product! 5 stars ⭐⭐⭐⭐⭐
TXN-20250824-001453,CUST-EU-0388,MR. JOHN WILLIAMS,JOHN.WILLIAMS@EXAMPLE.COM,2025-08-24T23:20:08Z,BOOK-NONFICTION-1898,Python Programming,£55.36,Google Pay,"5652 Elm Street, Chicago, TX 48398",Processing,Perfect! 5/5 stars
TXN-20240825-001454,CUST-CA-0126,,michael.lopez@email.com,"August 25, 2024 at 11:07AM",SPORT-OUTDOOR-5826,Yoga Mat Premium,$217.65,Credit Card (Visa),"3299 Main St, Los Angeles, IL 84182",Cancelled - 27/08/2024,Average product
TXN-20240727-001455,CUST-US-0120,MS. PATRICIA ANDERSON,PATRICIA.ANDERSON@SHOP.COM,27/07/2024 18:56,SPORT-OUTDOOR-2507,Diving Gear Set,$295.26,Google Pay,"8537 Main St, New York, AZ 21135",Shipped (est. arrival: July 31),Good value for money
TXN-20240903-001456,CUST-UK-0296,Richard Hernandez,RICHARD.HERNANDEZ@TEST.COM,03/09/2024 18:57,HOME-BEDDING-6072,Kitchen Mixer,$1031.95,credit_card,"8575 High Street, Phoenix, TX 87572",Processing,Poor quality 😞
TXN-20240825-001457,CUST-EU-0319,  mr. mary davis  ,MARY.DAVIS@EXAMPLE.COM,25/08/2024 09:57,CLOTH-JACKET-6983,Leather Jacket [L],$192.16,Credit Card (Mastercard),"403 High Street, Los Angeles, CA 73023",Shipped (est. arrival: August 31),Not worth the price
TXN-20240809-001458,CUST-CA-0152,Dr. Linda Williams,,"August 9, 2024 at 4:00AM",SPORT-TEAM-6426,Camping Tent 4-Person,$491.45,Debit Card - Visa,"9021 Oak Road, Liverpool, UK, M1 1AA",Delivered on 2024-08-18,
TXN20250422001459,CUST-EU-0097,  Ms. Patricia Hernandez  ,,2025-04-22T07:13:11Z,SPORT-WINTER-4950,Ski Jacket Waterproof,$155.30,CREDIT CARD,"1108 High Street, Phoenix, TX 29684",Processing,Disappointed 😢
TXN-20241130-001460,CUST-EU-0221,Ms. William Smith,WILLIAM.SMITH@SHOP.COM,"November 30, 2024 at 3:27PM",CLOTH-PANTS-6717,Nike Running Shoes - Size 10,$194.44,Debit Card - Visa,"6847 Park Ave, Los Angeles, IL 37250",Processing,Arrived damaged 😠
TXN-20250111-001461,CUST-EU-0204,mr. robert martinez,ROBERT.MARTINEZ@TEST.COM,2025-01-11T19:27:54Z,HOME-BEDDING-6971,Wall Art Decoration,,credit_card,"5716 Park Ave, Liverpool, UK, B1 1AA",Cancelled,Arrived damaged 😠
TXN-20250101-001462,CUST-UK-0166,John Garcia,,01/01/2025 07:23,SPORT-WATER-5588,Basketball Official,$173.68,Apple Pay,"8243 Park Ave, Los Angeles, TX 50685",Cancelled - 03/01/2025,Good value for money
TXN-20240218-001463,CUST-UK-0204,MRS. PATRICIA HERNANDEZ,PATRICIA.HERNANDEZ@SHOP.COM,"February 18, 2024 at 7:21PM",HOME-FURNITURE-7840,Wall Art Decoration,$955.58,credit_card,,Shipped (est. arrival: February 25),Amazing! Highly recommend ⭐⭐⭐⭐⭐
TXN-20240928-001464,CUST-EU-0450,mr. david brown,,09/28/2024 09:38 AM,BOOK-FICTION-6162,The Great Gatsby [Paperback],£77.84,CREDIT CARD,"5131 Elm Street, Los Angeles, IL 92846",Processing,Arrived damaged 😠
TXN-20251129-001465,CUST-EU-0178,,joseph.wilson@mail.com,11/29/2025 04:31 PM,CLOTH-SHIRT-1723,Nike Running Shoes - Size 10,,Debit Card - Visa,"9949 Elm Street, Houston, NY 37518",Delivered on 2025-12-01,
TXN-20251119-001466,CUST-UK-0385,  Ms. Mary Martinez  ,mary.martinez@email.com,2025-11-19T13:47:17Z,SPORT-OUTDOOR-5288,Basketball Official,$32.83,Debit Card - Visa,"1472 High Street, Liverpool, UK, LS1 1AA",Processing,Great product! 5 stars ⭐⭐⭐⭐⭐
TXN-20250421-001467,CUST-ASIA-0090,DR. PATRICIA GARCIA,,04/21/2025 11:53 PM,BOOK-TEXTBOOK-8335,Digital Marketing eBook,80.56,Apple Pay,"1519 Oak Road, Liverpool, UK, B1 1AA",Delivered on 26/04/2025,
TXN-20250708-001468,CUST-CA-0442,Mr. Linda Martinez,LINDA.MARTINEZ@EMAIL.COM,2025-07-08T18:08:56Z,BOOK-FICTION-7704,Business Magazine,$63.91,Debit Card - Visa,"9799 Oak Road, Phoenix, CA 12732",Cancelled - 08/07/2025,Average product
TXN20241228001469,CUST-ASIA-0320,Mrs. Jennifer Lopez,jennifer.lopez@shop.com,28/12/2024 10:30,CLOTH-JACKET-6670,Leather Jacket [L],163.34,CREDIT CARD,,Delivered on 07/01/2025,Excellent quality 👍
TXN-20240502-001470,CUST-UK-0120,  JOSEPH HERNANDEZ  ,JOSEPH.HERNANDEZ@SHOP.COM,"May 2, 2024 at 9:32AM",BOOK-FICTION-8623,The Great Gatsby [Paperback],,Credit Card (Visa),"8400 High Street, Manchester, UK, M1 1AA",Delivered on 12/05/2024,Great product! 5 stars ⭐⭐⭐⭐⭐
TXN-20241108-001471,CUST-EU-0417,Ms. Mary Martinez,mary.martinez@mail.com,11/08/2024 11:42 PM,BOOK-FICTION-1563,Python Programming,$65.99,credit_card,"8376 Oak Road, Chicago, NY 27447",Delivered on 11/11/2024,Average product
TXN-20251003-001472,CUST-ASIA-0253,John Brown,john.brown@shop.com,2025-10-03T11:22:33Z,ELEC-CAMERA-4657,Samsung Galaxy S24,846.59,DEBIT CARD - Mastercard,"2556 Oak Road, Liverpool, UK, LS1 1AA",Processing,Perfect! 5/5 stars
TXN-20240628-001473,CUSTUK0198,  JOHN MILLER  ,JOHN.MILLER@EXAMPLE.COM,28/06/2024 19:40,BOOK-EBOOK-8089,Python Programming,$29.18,PayPal,,Processing,Perfect! 5/5 stars
TXN-20250708-001474,CUST-CA-0452,Jennifer Williams,JENNIFER.WILLIAMS@TEST.COM,07/08/2025 03:22 PM,HOME-LIGHTING-5554,LED Floor Lamp,$245.69,Debit Card - Visa,"2058 Oak Road, Birmingham, UK, LS1 1AA",Shipped (est. arrival: July 15),Great product! 5 stars ⭐⭐⭐⭐⭐
TXN-20240926-001475,CUST-US-0167,Dr. Michael Jones,MICHAEL.JONES@TEST.COM,26/09/2024 19:32,HOME-DECOR-6194,Wall Art Decoration,€1009.52,Credit Card (Visa),"9180 Main St, Birmingham, UK, M1 1AA",Delivered on 05/10/2024,Excellent quality 👍
TXN-20240831-001476,CUST-UK-0398,MR. JENNIFER DAVIS,jennifer.davis@shop.com,08/31/2024 11:09 AM,CLOTH-SHOES-2998,Summer Dress (M),$65.97,Credit Card (Visa),"3336 High Street, Birmingham, UK, SW1A 1AA",Shipped (est. arrival: September 05),Poor quality 😞
TXN-20240823-001477,CUST-UK-0439,Dr. John Davis,user@domain,23/08/2024 11:58,ELEC-CAMERA-4870,Samsung Galaxy S24,£1344.88,PayPal,"3705 High Street, London, UK, SW1A 1AA",Processing,Average product
TXN-20251017-001478,CUST-CA-0476,  mrs. richard williams  ,,17/10/2025 16:48,HOME-FURNITURE-1998,LED Floor Lamp,£1042.94,CREDIT CARD,"2007 Elm Street, Liverpool, UK, B1 1AA",Shipped (est. arrival: October 24),
TXN-20251228-001479,CUST-UK-0002,  Mr. Sarah Hernandez  ,sarah.hernandez@email.com,"December 28, 2025 at 6:17PM",ELEC-AUDIO-8287,Samsung Galaxy S24,"$1,749.80",credit_card,"4539 Main St, London, UK, L1 1AA",Delivered on 2026-01-06,Average product
TXN-20240516-001480,CUST-US-0117,ms. william wilson,william.wilson@test.com,05/16/2024 07:57 AM,ELEC-CAMERA-2946,Samsung Galaxy S24,£1257.88,Credit Card (Mastercard),"817 High Street, Phoenix, AZ 24612",Cancelled,Arrived damaged 😠
TXN-20250103-001481,CUST-UK-0020,Jennifer Hernandez,jennifer.hernandez@example.com,01/03/2025 01:27 PM,BOOK-EBOOK-9302,Business Magazine,92.27,DEBIT CARD - Mastercard,"4523 Oak Road, Los Angeles, TX 12731",Cancelled - 03/01/2025,Average product
TXN-20240409-001482,CUST-UK-0174,JOHN SMITH,john.smith@test.com,04/09/2024 04:54 PM,CLOTH-JACKET-8778,Levis Jeans 32x34,$198.89,DEBIT CARD - Mastercard,"8240 High Street, Los Angeles, NY 60909",Delivered on 13/04/2024,
TXN-20240611-001483,CUST-UK-0100,,emma.anderson@test.com,2024-06-11T14:14:28Z,CLOTH-SHIRT-1863,Levis Jeans 32x34,€30.38,credit_card,"5742 Park Ave, Phoenix, CA 29976",Processing,
TXN-20241210-001484,CUST-ASIA-0345,sarah wilson,SARAH.WILSON@TEST.COM,"December 10, 2024 at 11:59PM",BOOK-TEXTBOOK-4691,Python Programming,$24.27,Debit Card - Visa,,Cancelled - 11/12/2024,Disappointed 😢
TXN20250825001485,CUST-ASIA-0413,EMMA WILLIAMS,emma.williams@example.com,08/25/2025 05:34 PM,HOME-DECOR-7000,Kitchen Mixer,$367.23,Apple Pay,"656 High Street, Birmingham, UK, L1 1AA",Cancelled - 25/08/2025,Excellent quality 👍
TXN-20241222-001486,CUST-CA-0290,Joseph Johnson,,"December 22, 2024 at 6:16PM",ELEC-PHONE-6690,iPhone 15 Pro Max (256GB),$957.36,CREDIT CARD,"439 Elm Street, Manchester, UK, B1 1AA",Processing,Good value for money
TXN-20251022-001487,CUST-ASIA-0134,Mr. James Davis,james.davis@mail.com,"October 22, 2025 at 11:33AM",HOME-DECOR-1947,Kitchen Mixer,£510.13,CREDIT CARD,"5371 Oak Road, Phoenix, TX 69391",Shipped (est. arrival: October 27),Good value for money
TXN-20240419-001488,CUST-CA-0003,dr. lisa rodriguez,lisa.rodriguez@test.com,19/04/2024 07:45,CLOTH-DRESS-7762,Leather Jacket [L],€186.16,Credit Card (Mastercard),"333 High Street, Liverpool, UK, B1 1AA",Cancelled - 19/04/2024,Good value for money
TXN-20250512-001489,CUST-ASIA-0029,robert smith,robert.smith@example.com,05/12/2025 07:53 PM,HOME-FURNITURE-8903,Wall Art Decoration,$996.93,Credit Card (Visa),"6351 High Street, Manchester, UK, L1 1AA",Processing,
TXN-20240403-001490,CUST-EU-0427,MS. RICHARD BROWN,,2024-04-03T20:14:30Z,SPORT-FITNESS-8622,Diving Gear Set,€327.56,Google Pay,"5654 Oak Road, Birmingham, UK, LS1 1AA",Delivered on 2024-04-06,Arrived damaged 😠
TXN-20251029-001491,CUST-US-0027,lisa smith,lisa.smith@mail.com,"October 29, 2025 at 12:58AM",SPORT-FITNESS-7191,Yoga Mat Premium,410.12,Credit Card (Visa),"1643 Main St, Los Angeles, CA 29617",Shipped (est. arrival: November 04),Average product
TXN-20250920-001492,CUST-US-0382,Linda Johnson,linda.johnson@test.com,"September 20, 2025 at 8:02PM",BOOK-EBOOK-9489,Digital Marketing eBook,$35.35,Apple Pay,"3759 Elm Street, Manchester, UK, M1 1AA",Processing,
TXN-20250125-001493,CUST-CA-0497,,,25/01/2025 20:50,ELEC-LAPTOP-6353,"MacBook Pro 14""",$666.48,credit_card,"1371 High Street, Birmingham, UK, B1 1AA",Delivered on 01/02/2025,Arrived damaged 😠
TXN-20241202-001494,CUST-EU-0151,william wilson,william.wilson@shop.com,02/12/2024 15:07,HOME-KITCHEN-9244,Queen Bedding Set,$315.61,PayPal,"2135 Oak Road, Phoenix, TX 23876",Cancelled,Amazing! Highly recommend ⭐⭐⭐⭐⭐
TXN-20250614-001495,CUST-UK-0382,LISA BROWN,LISA.BROWN@EMAIL.COM,06/14/2025 09:48 PM,SPORT-WATER-7838,Diving Gear Set,$294.64,Apple Pay,"5110 Elm Street, London, UK, SW1A 1AA",Processing,Disappointed 😢
TXN-20240505-001496,CUST-ASIA-0305,Dr. Linda Garcia,LINDA.GARCIA@MAIL.COM,05/05/2024 12:29,BOOK-FICTION-6645,Data Science Handbook,,PayPal,"2393 High Street, Leeds, UK, LS1 1AA",Cancelled - 06/05/2024,Amazing! Highly recommend ⭐⭐⭐⭐⭐
TXN-20240511-001497,CUST-ASIA-0305,  Mr. Patricia Jones  ,PATRICIA.JONES@EXAMPLE.COM,"May 11, 2024 at 2:48PM",ELEC-TABLET-4828,Sony Camera A7,$1148.74,CREDIT CARD,"2822 High Street, Manchester, UK, M1 1AA",Processing,
TXN-20260110-001498,CUST-CA-0214,Mrs. Robert Wilson,robert.wilson@email.com,10/01/2026 08:14,ELEC-LAPTOP-9964,iPhone 15 Pro Max (256GB),1295.72,DEBIT CARD - Mastercard,"7487 Main St, New York, IL 11052",Delivered on 2026-01-13,Excellent quality 👍
TXN-20251013-001499,CUST-ASIA-0036,MICHAEL WILLIAMS,michael.williams@mail.com,2025-10-13T15:40:23Z,ELEC-CAMERA-4309,Bose Headphones,£1779.62,Credit Card (Mastercard),"6073 Main St, Phoenix, AZ 95922",Delivered on 15/10/2025,Amazing! Highly recommend ⭐⭐⭐⭐⭐
TXN20240814001500,CUST-UK-0072,Robert Wilson,robert.wilson@shop.com,"August 14, 2024 at 10:55AM",CLOTH-JACKET-1139,Cotton T-Shirt,€263.97,Credit Card (Mastercard),"1438 Park Ave, New York, TX 20375",Shipped (est. arrival: August 21),Disappointed 😢
TXN-20240321-001501,CUST-EU-0137,joseph jones,joseph.jones@email.com,"March 21, 2024 at 8:46PM",HOME-DECOR-9293,Wall Art Decoration,€122.97,CREDIT CARD,"9750 Park Ave, London, UK, B1 1AA",Processing,
TXN-20240909-001502,CUST-ASIA-0299,,emma.williams@test.com,09/09/2024 10:18 PM,SPORT-WINTER-3924,Camping Tent 4-Person,165.17,Credit Card (Mastercard),"4919 Elm Street, Leeds, UK, SW1A 1AA",Delivered on 2024-09-18,Amazing! Highly recommend ⭐⭐⭐⭐⭐
TXN-20250115-001503,CUST-US-0379,mrs. lisa lopez,lisa.lopez@test.com,2025-01-15T22:46:53Z,CLOTH-JACKET-6544,Levis Jeans 32x34,$228.90,PayPal,"9746 Oak Road, Los Angeles, IL 96345",Shipped (est. arrival: January 21),
TXN-20251115-001504,CUST-ASIA-0081,ms. patricia anderson,patricia.anderson@example.com,"November 15, 2025 at 5:26PM",BOOK-NONFICTION-4379,Python Programming,84.91,Apple Pay,"9489 Elm Street, Phoenix, TX 38872",Cancelled - 15/11/2025,
TXN-20241127-001505,CUST-ASIA-0111,William Rodriguez,william.rodriguez@email.com,27/11/2024 19:30,CLOTH-DRESS-8097,Levis Jeans 32x34,$240.09,Credit Card (Mastercard),"7053 Elm Street, New York, AZ 30212",Shipped (est. arrival: December 04),Good value for money
TXN-20251108-001506,CUST-UK-0342,  Mary Garcia  ,mary.garcia@test.com,"November 8, 2025 at 6:06PM",HOME-FURNITURE-7288,Queen Bedding Set,£218.79,Apple Pay,"8487 Oak Road, Chicago, NY 46082",Processing,Average product
TXN-20240729-001507,CUST-US-0464,mr. david wilson,DAVID.WILSON@SHOP.COM,29/07/2024 10:43,ELEC-LAPTOP-7698,Samsung Galaxy S24,"$1,122.23",Credit Card (Mastercard),"7005 Oak Road, London, UK, M1 1AA",Delivered on 07/08/2024,Arrived damaged 😠
TXN-20250611-001508,CUST-ASIA-0041,  Dr. William Garcia  ,william.garcia@mail.com,"June 11, 2025 at 9:56AM",BOOK-EBOOK-8682,Python Programming,$83.96,Credit Card (Mastercard),"6577 High Street, Chicago, CA 32940",Cancelled - 11/06/2025,Not worth the price
TXN-20250419-001509,CUST-US-0207,MR. JOHN WILLIAMS,,2025-04-19T16:23:45Z,BOOK-MAGAZINE-6851,The Great Gatsby [Paperback],$17.37,DEBIT CARD - Mastercard,"5672 High Street, Manchester, UK, LS1 1AA",Processing,Excellent quality 👍
TXN-20251026-001510,CUST-ASIA-0008,dr. david rodriguez,,10/26/2025 09:31 PM,ELEC-AUDIO-3545,iPhone 15 Pro Max (256GB),,credit_card,"7812 Elm Street, Phoenix, AZ 22463",Shipped (est. arrival: November 02),
TXN-20250917-001511,CUST-CA-0449,DAVID GARCIA,david.garcia@example.com,17/09/2025 05:33,BOOK-FICTION-2680,Business Magazine,$71.53,credit_card,"5017 Main St, Birmingham, UK, M1 1AA",Shipped (est. arrival: September 21),Perfect! 5/5 stars
TXN-20250322-001512,CUST-UK-0250,  Ms. Sarah Johnson  ,sarah.johnson@email.com,03/22/2025 01:15 PM,BOOK-EBOOK-3987,Python Programming,$43.29,DEBIT CARD - Mastercard,,Cancelled,Disappointed 😢
TXN-20240407-001513,CUST-EU-0355,,invalid-email,"April 7, 2024 at 1:37PM",HOME-BEDDING-1202,Queen Bedding Set,€1442.97,Debit Card - Visa,,Shipped (est. arrival: April 10),Disappointed 😢
TXN-20240810-001514,CUST-US-0091,Mr. Joseph Garcia,joseph.garcia@email.com,"August 10, 2024 at 1:13PM",HOME-FURNITURE-4570,Modern Sofa Set,$587.49,DEBIT CARD - Mastercard,"6851 Oak Road, Manchester, UK, L1 1AA",Cancelled - 11/08/2024,Excellent quality 👍
TXN-20240821-001515,CUST-ASIA-0085,,william.wilson@example.com,"August 21, 2024 at 8:23PM",CLOTH-JACKET-8299,Leather Jacket [L],$285.79,Credit Card (Visa),,Cancelled - 23/08/2024,Excellent quality 👍
TXN-20240204-001516,CUST-CA-0351,Jennifer Davis,JENNIFER.DAVIS@EXAMPLE.COM,02/04/2024 07:32 PM,HOME-FURNITURE-5022,Kitchen Mixer,"€1,035.74",credit_card,"869 Oak Road, New York, TX 97072",Cancelled,Excellent quality 👍
TXN-20250528-001517,CUST-CA-0244,Ms. Lisa Lopez,lisa.lopez@test.com,"May 28, 2025 at 3:06PM",SPORT-TEAM-8622,Ski Jacket Waterproof,£66.14,Credit Card (Visa),"6154 High Street, Manchester, UK, L1 1AA",Processing,
TXN-20250705-001518,CUST-EU-0371,Mrs. Richard Davis,richard.davis@test.com,2025-07-05T22:51:21Z,ELEC-PHONE-4751,Samsung Galaxy S24,$495.21,Debit Card - Visa,,Processing,Average product
TXN-20240809-001519,CUST-CA-0430,MRS. EMMA DAVIS,emma.davis@test.com,08/09/2024 10:45 AM,ELEC-AUDIO-5431,Bose Headphones,$637.00,CREDIT CARD,"7279 Oak Road, Phoenix, TX 28805",Cancelled - 10/08/2024,Average product
TXN-20241209-001520,CUST-US-0385,,patricia.brown@test.com,"December 9, 2024 at 11:04PM",HOME-LIGHTING-6942,Wall Art Decoration,$1371.01,Credit Card (Visa),"5109 Main St, Los Angeles, IL 13871",Cancelled - 09/12/2024,Poor quality 😞
TXN-20240906-001521,CUST-EU-0371,sarah jones,sarah.jones@example.com,09/06/2024 07:50 PM,BOOK-EBOOK-3661,The Great Gatsby [Paperback],,credit_card,"1615 Oak Road, Houston, CA 23581",Processing,Poor quality 😞
TXN-20240323-001522,CUST-UK-0463,  Ms. John Lopez  ,JOHN.LOPEZ@SHOP.COM,23/03/2024 18:26,HOME-LIGHTING-7381,Modern Sofa Set,$960.72,Google Pay,"1506 Park Ave, New York, TX 73469",Cancelled - 25/03/2024,Average product
TXN-20250328-001523,CUST-UK-0357,WILLIAM DAVIS,william.davis@test.com,28/03/2025 19:30,SPORT-FITNESS-9071,Diving Gear Set,,credit_card,"7186 Oak Road, Manchester, UK, B1 1AA",Processing,Disappointed 😢
TXN-20250601-001524,CUST-US-0101,Ms. John Brown,john.brown@email.com,"June 1, 2025 at 2:41PM",SPORT-TEAM-2436,Ski Jacket Waterproof,£169.41,PayPal,"2924 Oak Road, Los Angeles, CA 86193",Cancelled - 03/06/2025,
TXN-20250426-001525,CUST-UK-0378,Dr. Richard Anderson,richard.anderson@email.com,2025-04-26T02:32:07Z,HOME-BEDDING-5716,Wall Art Decoration,$250.64,Debit Card - Visa,"1246 High Street, Houston, IL 65255",Processing,Great product! 5 stars ⭐⭐⭐⭐⭐
TXN-20250808-001526,CUST-ASIA-0464,MS. PATRICIA HERNANDEZ,patricia.hernandez@test.com,2025-08-08T15:27:00Z,BOOK-NONFICTION-3383,Python Programming,£59.99,Credit Card (Visa),"803 Oak Road, Phoenix, AZ 51435",Processing,
TXN-20250415-001527,CUST-CA-0123,Ms. David Martinez,david.martinez@shop.com,"April 15, 2025 at 7:33PM",CLOTH-PANTS-9281,Levis Jeans 32x34,$175.10,CREDIT CARD,"9517 High Street, Birmingham, UK, L1 1AA",Delivered on 2025-04-24,Perfect! 5/5 stars
TXN-20250705-001528,CUST-EU-0179,Sarah Garcia,sarah.garcia@test.com,2025-07-05T08:38:33Z,BOOK-NONFICTION-6896,Data Science Handbook,$94.78,Credit Card (Visa),"3228 Park Ave, Manchester, UK, L1 1AA",Processing,
TXN-20250208-001529,CUST-UK-0079,David Williams,david.williams@mail.com,"February 8, 2025 at 3:34PM",BOOK-EBOOK-4750,Business Magazine,£14.09,CREDIT CARD,"9408 High Street, Manchester, UK, SW1A 1AA",Processing,Disappointed 😢
TXN-20241014-001530,CUST-ASIA-0499,MARY SMITH,mary.smith@test.com,2024-10-14T16:49:38Z,BOOK-TEXTBOOK-2780,Business Magazine,58.29,credit_card,"9508 Oak Road, Los Angeles, IL 62457",Shipped (est. arrival: October 19),Average product
TXN-20250905-001531,CUST-EU-0244,MR. WILLIAM LOPEZ,william.lopez@test.com,2025-09-05T19:50:00Z,CLOTH-JACKET-6814,Cotton T-Shirt,,credit_card,"4387 Park Ave, London, UK, B1 1AA",Delivered on 11/09/2025,Disappointed 😢
TXN-20240816-001532,CUST-UK-0311,Dr. Sarah Anderson,,2024-08-16T17:28:29Z,ELEC-CAMERA-9183,Bose Headphones,€363.37,Credit Card (Mastercard),"5305 High Street, London, UK, SW1A 1AA",Shipped (est. arrival: August 22),
TXN-20250416-001533,CUST-US-0380,Mrs. Lisa Anderson,LISA.ANDERSON@MAIL.COM,16/04/2025 11:15,SPORT-FITNESS-6229,Yoga Mat Premium,$333.31,Credit Card (Mastercard),"2539 Main St, Leeds, UK, B1 1AA",Delivered on 2025-04-18,
TXN-20251201-001534,CUST-ASIA-0272,Sarah Anderson,sarah.anderson@email.com,12/01/2025 12:34 PM,CLOTH-PANTS-3083,Nike Running Shoes - Size 10,$234.70,DEBIT CARD - Mastercard,"1400 Oak Road, Liverpool, UK, L1 1AA",Shipped (est. arrival: December 05),
TXN-20250718-001535,CUST-CA-0223,MS. JOSEPH SMITH,joseph.smith@mail.com,2025-07-18T21:41:50Z,ELEC-CAMERA-4418,Sony Camera A7,€323.35,CREDIT CARD,"1853 Elm Street, New York, TX 35001",Shipped (est. arrival: July 25),
TXN-20241009-001536,CUST-CA-0456,MRS. RICHARD MARTINEZ,user@domain,10/09/2024 01:04 PM,CLOTH-JACKET-5700,Nike Running Shoes - Size 10,$109.72,Credit Card (Mastercard),"9355 Park Ave, Houston, NY 95539",Processing,Good value for money
TXN-20250803-001537,CUST-CA-0480,michael jones,michael.jones@mail.com,"August 3, 2025 at 6:03PM",ELEC-AUDIO-4059,Sony Camera A7,€544.30,DEBIT CARD - Mastercard,"6540 Park Ave, New York, NY 39496",Cancelled,Amazing! Highly recommend ⭐⭐⭐⭐⭐
TXN-20251003-001538,CUST-US-0006,joseph wilson,joseph.wilson@email.com,"October 3, 2025 at 6:53PM",ELEC-TABLET-1476,"MacBook Pro 14""",€1305.64,PayPal,"7804 High Street, Liverpool, UK, SW1A 1AA",Processing,Average product
TXN-20250417-001539,CUST-CA-0291,SARAH GARCIA,sarah.garcia@test.com,"April 17, 2025 at 9:27AM",ELEC-AUDIO-3043,iPhone 15 Pro Max (256GB),"$1,019.33",PayPal,"2759 High Street, Phoenix, NY 19734",Cancelled - 19/04/2025,Average product
TXN-20250511-001540,CUST-CA-0478,SARAH ANDERSON,sarah.anderson@test.com,2025-05-11T16:49:50Z,HOME-DECOR-5094,Queen Bedding Set,$483.77,credit_card,"8438 Oak Road, Los Angeles, IL 92978",Processing,Good value for money
TXN-20250206-001541,CUST-US-0273,EMMA RODRIGUEZ,emma.rodriguez@test.com,"February 6, 2025 at 3:23PM",CLOTH-JACKET-2897,Summer Dress (M),$275.60,DEBIT CARD - Mastercard,"7440 Elm Street, London, UK, LS1 1AA",Cancelled,Amazing! Highly recommend ⭐⭐⭐⭐⭐
TXN-20250926-001542,CUST-US-0471,Joseph Rodriguez,JOSEPH.RODRIGUEZ@EXAMPLE.COM,2025-09-26T08:05:02Z,BOOK-FICTION-6588,Python Programming,$85.20,Apple Pay,"6405 Park Ave, Chicago, IL 82520",Processing,Perfect! 5/5 stars
TXN-20240813-001543,CUST-UK-0411,mr. emma martinez,emma.martinez@email.com,"August 13, 2024 at 10:24AM",CLOTH-PANTS-2675,Leather Jacket [L],$162.90,Apple Pay,"1585 High Street, Phoenix, AZ 30993",Cancelled,Great product! 5 stars ⭐⭐⭐⭐⭐
TXN-20251106-001544,CUST-ASIA-0045,  sarah johnson  ,SARAH.JOHNSON@MAIL.COM,06/11/2025 12:29,SPORT-TEAM-8779,Camping Tent 4-Person,$115.93,Credit Card (Mastercard),"7907 Main St, Liverpool, UK, LS1 1AA",Shipped (est. arrival: November 10),Good value for money
TXN-20241215-001545,CUST-ASIA-0417,Mr. Mary Brown,mary.brown@test.com,12/15/2024 03:36 PM,ELEC-CAMERA-4199,Bose Headphones,$1504.42,Credit Card (Visa),,Processing,
TXN-20250602-001546,CUST-ASIA-0162,MARY MARTINEZ,mary.martinez@shop.com,"June 2, 2025 at 7:27AM",HOME-LIGHTING-5114,Modern Sofa Set,$1016.14,Apple Pay,"4128 Main St, Birmingham, UK, B1 1AA",Processing,Average product
TXN-20250519-001547,CUSTEU0179,mrs. linda garcia,linda.garcia@example.com,"May 19, 2025 at 10:27AM",ELEC-TABLET-8766,Samsung Galaxy S24,£576.75,Google Pay,"8304 Main St, New York, TX 91087",Processing,Excellent quality 👍
TXN-20251103-001548,CUST-ASIA-0053,,MARY.JONES@SHOP.COM,03/11/2025 19:54,BOOK-NONFICTION-7456,Digital Marketing eBook,$58.16,Credit Card (Mastercard),"6269 Park Ave, Liverpool, UK, M1 1AA",Cancelled - 05/11/2025,Great product! 5 stars ⭐⭐⭐⭐⭐
TXN-20250831-001549,CUST-ASIA-0009,dr. david jones,DAVID.JONES@MAIL.COM,2025-08-31T07:32:30Z,ELEC-AUDIO-1779,Bose Headphones,$152.88,PayPal,"2273 Oak Road, Manchester, UK, M1 1AA",Shipped (est. arrival: September 06),Perfect! 5/5 stars
TXN-20250919-001550,CUST-ASIA-0031,  Mrs. Robert Hernandez  ,ROBERT.HERNANDEZ@MAIL.COM,"September 19, 2025 at 12:13PM",CLOTH-PANTS-7853,Summer Dress (M),$248.53,Google Pay,"3111 Park Ave, London, UK, M1 1AA",Processing,Arrived damaged 😠
TXN-20250320-001551,CUST-US-0216,Linda Smith,LINDA.SMITH@MAIL.COM,03/20/2025 08:54 AM,HOME-FURNITURE-5233,Wall Art Decoration,1192.95,PayPal,"7115 Park Ave, New York, CA 50694",Processing,Poor quality 😞
TXN-20250314-001552,CUST-EU-0212,WILLIAM MARTINEZ,william.martinez@shop.com,03/14/2025 01:36 PM,SPORT-OUTDOOR-9810,Ski Jacket Waterproof,£454.73,Google Pay,,Processing,Disappointed 😢
TXN-20241229-001553,CUST-CA-0434,  mr. jennifer hernandez  ,jennifer.hernandez@mail.com,2024-12-29T19:05:10Z,BOOK-FICTION-4443,The Great Gatsby [Paperback],$16.42,CREDIT CARD,"8078 Main St, Chicago, CA 37553",Processing,
TXN-20240807-001554,CUST-ASIA-0172,MS. RICHARD GARCIA,richard.garcia@shop.com,2024-08-07T09:55:18Z,CLOTH-JACKET-3083,Summer Dress (M),$194.51,DEBIT CARD - Mastercard,"2833 Park Ave, London, UK, LS1 1AA",Shipped (est. arrival: August 12),Perfect! 5/5 stars
TXN-20240122-001555,CUST-CA-0222,  william martinez  ,,"January 22, 2024 at 6:04PM",ELEC-PHONE-9938,iPhone 15 Pro Max (256GB),"$1,647.54",Credit Card (Mastercard),"2292 High Street, Chicago, NY 54335",Delivered on 30/01/2024,Average product
TXN-20240605-001556,CUST-ASIA-0467,Mrs. Robert Williams,ROBERT.WILLIAMS@SHOP.COM,2024-06-05T18:17:20Z,CLOTH-SHOES-2743,Summer Dress (M),€193.00,CREDIT CARD,"8193 Main St, London, UK, B1 1AA",Delivered on 2024-06-10,Poor quality 😞
TXN-20240719-001557,CUST-UK-0362,Dr. Emma Wilson,,2024-07-19T15:36:29Z,CLOTH-SHIRT-1575,Summer Dress (M),£76.07,DEBIT CARD - Mastercard,"2256 High Street, Houston, TX 83293",Cancelled,
TXN-20250315-001558,CUSTEU0299,Mrs. Jennifer Wilson,user@domain,15/03/2025 23:36,SPORT-WATER-9117,Ski Jacket Waterproof,£128.23,Credit Card (Mastercard),"9309 Oak Road, Houston, IL 99389",Delivered on 2025-03-19,Arrived damaged 😠
TXN-20251213-001559,CUST-ASIA-0186,Mrs. Linda Garcia,LINDA.GARCIA@SHOP.COM,12/13/2025 07:37 PM,BOOK-FICTION-3139,Business Magazine,£96.65,CREDIT CARD,"6046 Park Ave, Manchester, UK, SW1A 1AA",Delivered on 2025-12-21,
TXN-20251230-001560,CUST-US-0442,MS. JENNIFER JONES,jennifer.jones@mail.com,2025-12-30T13:28:31Z,HOME-DECOR-2280,Modern Sofa Set,$96.43,credit_card,"7553 Elm Street, New York, AZ 64309",Processing,Arrived damaged 😠
TXN-20250407-001561,CUST-CA-0170,MICHAEL WILLIAMS,MICHAEL.WILLIAMS@EMAIL.COM,2025-04-07T14:41:48Z,HOME-LIGHTING-8098,Modern Sofa Set,948.12,Debit Card - Visa,"783 Elm Street, Liverpool, UK, SW1A 1AA",Processing,
TXN-20241105-001562,CUST-US-0184,John Hernandez,john.hernandez@email.com,"November 5, 2024 at 7:11AM",BOOK-NONFICTION-7793,Python Programming,$37.29,PayPal,"9420 High Street, Birmingham, UK, B1 1AA",Shipped (est. arrival: November 12),Perfect! 5/5 stars
TXN-20240114-001563,CUST-CA-0014,DR. LISA JONES,lisa.jones@test.com,14/01/2024 15:52,BOOK-MAGAZINE-6528,Data Science Handbook,£25.92,Credit Card (Mastercard),"2711 Park Ave, Houston, NY 60354",Shipped (est. arrival: January 21),
TXN20250514001564,CUST-CA-0005,Lisa Martinez,lisa.martinez@example.com,2025-05-14T13:13:15Z,SPORT-FITNESS-2225,Diving Gear Set,$51.07,Google Pay,"28 Main St, Birmingham, UK, M1 1AA",Cancelled,Poor quality 😞
TXN-20250111-001565,CUST-US-0071,  EMMA BROWN  ,emma.brown@shop.com,"January 11, 2025 at 9:04PM",BOOK-TEXTBOOK-8291,Python Programming,$31.23,CREDIT CARD,"3716 Elm Street, Birmingham, UK, M1 1AA",Shipped (est. arrival: January 17),Average product
TXN-20240329-001566,CUSTEU0453,Joseph Anderson,JOSEPH.ANDERSON@EMAIL.COM,03/29/2024 10:52 AM,ELEC-TABLET-7241,"MacBook Pro 14""",,PayPal,"5386 High Street, Chicago, CA 49515",Shipped (est. arrival: April 02),
TXN-20241128-001567,CUST-ASIA-0262,,linda.lopez@test.com,11/28/2024 11:41 AM,BOOK-EBOOK-6165,Business Magazine,£20.74,Apple Pay,"4821 High Street, Chicago, NY 66782",Shipped (est. arrival: December 01),Great product! 5 stars ⭐⭐⭐⭐⭐
TXN-20240608-001568,CUSTEU0258,  LISA GARCIA  ,lisa.garcia@mail.com,06/08/2024 08:01 AM,HOME-LIGHTING-2884,Kitchen Mixer,£589.22,Apple Pay,,Processing,Amazing! Highly recommend ⭐⭐⭐⭐⭐
TXN-20240726-001569,CUST-CA-0215,Mrs. Richard Davis,richard.davis@shop.com,26/07/2024 11:08,CLOTH-SHIRT-2458,Levis Jeans 32x34,£177.06,Google Pay,"20 Elm Street, Houston, NY 64661",Cancelled - 26/07/2024,Arrived damaged 😠
TXN-20240406-001570,CUST-UK-0158,Mary Miller,MARY.MILLER@EMAIL.COM,06/04/2024 20:32,ELEC-CAMERA-9444,Samsung Galaxy S24,1435.85,Credit Card (Visa),"9267 Oak Road, London, UK, B1 1AA",Shipped (est. arrival: April 13),Poor quality 😞
TXN-20260119-001571,CUST-UK-0487,mr. john rodriguez,john.rodriguez@shop.com,01/19/2026 07:03 AM,CLOTH-DRESS-8907,Nike Running Shoes - Size 10,$26.86,DEBIT CARD - Mastercard,"9393 Main St, Manchester, UK, L1 1AA",Shipped (est. arrival: January 22),
TXN-20240720-001572,CUST-CA-0191,MR. SARAH MARTINEZ,sarah.martinez@shop.com,20/07/2024 16:42,SPORT-WATER-8693,Camping Tent 4-Person,,CREDIT CARD,"2563 High Street, Phoenix, IL 11007",Shipped (est. arrival: July 27),
TXN-20241202-001573,CUST-CA-0134,LISA JONES,LISA.JONES@EXAMPLE.COM,2024-12-02T16:28:09Z,SPORT-TEAM-3021,Ski Jacket Waterproof,£425.41,Credit Card (Visa),"8483 Main St, Los Angeles, AZ 94787",Processing,Arrived damaged 😠
TXN-20251223-001574,CUST-UK-0039,Sarah Brown,sarah.brown@email.com,23/12/2025 15:52,HOME-KITCHEN-4916,Wall Art Decoration,$868.46,Debit Card - Visa,"1827 Oak Road, London, UK, LS1 1AA",Shipped (est. arrival: December 29),
TXN-20240229-001575,CUST-ASIA-0270,,MARY.HERNANDEZ@EXAMPLE.COM,"February 29, 2024 at 5:30AM",HOME-BEDDING-5821,Modern Sofa Set,$287.56,DEBIT CARD - Mastercard,"2108 Park Ave, Los Angeles, AZ 80000",Delivered on 2024-03-08,Excellent quality 👍
TXN-20240501-001576,CUST-ASIA-0404,,david.anderson@test.com,"May 1, 2024 at 4:54PM",ELEC-LAPTOP-2654,"MacBook Pro 14""",$1731.01,CREDIT CARD,"1331 Main St, London, UK, B1 1AA",Cancelled - 01/05/2024,Not worth the price
TXN-20240912-001577,CUST-CA-0325,JAMES WILLIAMS,james.williams@example.com,"September 12, 2024 at 8:25PM",CLOTH-DRESS-8025,Levis Jeans 32x34,$130.66,credit_card,"7589 Elm Street, Liverpool, UK, B1 1AA",Cancelled,Excellent quality 👍
TXN-20250712-001578,CUST-CA-0433,  Ms. Lisa Hernandez  ,lisa.hernandez@email.com,2025-07-12T10:06:13Z,SPORT-FITNESS-4027,Ski Jacket Waterproof,$62.35,Credit Card (Mastercard),"4930 Main St, Birmingham, UK, B1 1AA",Processing,Disappointed 😢
TXN-20250629-001579,CUST-ASIA-0408,Sarah Jones,sarah.jones@mail.com,29/06/2025 01:16,CLOTH-PANTS-5534,Summer Dress (M),45.00,Credit Card (Visa),"7263 Oak Road, London, UK, LS1 1AA",Delivered on 07/07/2025,
TXN-20251202-001580,CUST-UK-0138,Patricia Rodriguez,patricia.rodriguez@test.com,01/01/2020 12:00 AM,SPORT-FITNESS-9386,Yoga Mat Premium,$132.50,DEBIT CARD - Mastercard,"6061 High Street, Houston, TX 50512",Delivered on 07/12/2025,Average product
TXN-20251027-001581,CUST-CA-0363,Dr. John Hernandez,JOHN.HERNANDEZ@MAIL.COM,10/27/2025 03:44 PM,CLOTH-SHIRT-1468,Nike Running Shoes - Size 10,£296.82,Google Pay,"2199 Elm Street, Chicago, AZ 81505",Shipped (est. arrival: November 01),Amazing! Highly recommend ⭐⭐⭐⭐⭐
TXN-20260114-001582,CUST-US-0385,Michael Davis,michael.davis@example.com,01/14/2026 02:58 PM,BOOK-TEXTBOOK-7361,Python Programming,$71.25,Credit Card (Mastercard),"5492 High Street, New York, NY 24696",Delivered on 2026-01-23,Great product! 5 stars ⭐⭐⭐⭐⭐
TXN-20251210-001583,CUST-EU-0291,Ms. Jennifer Miller,jennifer.miller@mail.com,10/12/2025 14:22,HOME-DECOR-6655,Queen Bedding Set,"$1,376.02",CREDIT CARD,"4230 Elm Street, Leeds, UK, SW1A 1AA",Cancelled,
TXN-20260128-001584,CUST-US-0385,SARAH JONES,SARAH.JONES@MAIL.COM,28/01/2026 11:37,ELEC-PHONE-2057,Samsung Galaxy S24,473.56,PayPal,"8028 Oak Road, Birmingham, UK, L1 1AA",Processing,Arrived damaged 😠
TXN-20251108-001585,CUST-ASIA-0449,Patricia Smith,,11/08/2025 07:36 PM,SPORT-FITNESS-3343,Diving Gear Set,£116.63,Credit Card (Mastercard),"8460 Elm Street, Leeds, UK, B1 1AA",Shipped (est. arrival: November 14),
TXN-20250823-001586,CUST-EU-0212,Ms. Lisa Hernandez,lisa.hernandez@email.com,08/23/2025 06:22 PM,SPORT-TEAM-3947,Diving Gear Set,£281.62,Credit Card (Mastercard),"4339 High Street, Chicago, IL 28121",Cancelled - 24/08/2025,
TXN-20250630-001587,CUST-ASIA-0242,MRS. JOHN GARCIA,john.garcia@test.com,06/30/2025 04:37 PM,SPORT-WINTER-7315,Diving Gear Set,,PayPal,"8611 Park Ave, Chicago, NY 67440",Shipped (est. arrival: July 03),
TXN-20241010-001588,CUST-CA-0405,  Sarah Rodriguez  ,sarah@,"October 10, 2024 at 3:46PM",CLOTH-DRESS-8778,Cotton T-Shirt,$255.39,Google Pay,"3724 High Street, Phoenix, NY 75739",Processing,Amazing! Highly recommend ⭐⭐⭐⭐⭐
TXN-20241113-001589,CUST-EU-0412,  Robert Anderson  ,,13/11/2024 15:51,BOOK-MAGAZINE-7858,The Great Gatsby [Paperback],15.15,Credit Card (Mastercard),"9358 Elm Street, Birmingham, UK, LS1 1AA",Cancelled - 14/11/2024,
TXN-20250811-001590,CUST-US-0048,mrs. linda garcia,LINDA.GARCIA@MAIL.COM,"August 11, 2025 at 4:29AM",SPORT-FITNESS-3334,Ski Jacket Waterproof,305.41,Credit Card (Visa),"4208 Oak Road, Chicago, TX 19659",Shipped (est. arrival: August 14),Not worth the price
TXN-20260114-001591,CUST-UK-0081,  ROBERT WILSON  ,ROBERT.WILSON@EMAIL.COM,14/01/2026 10:01,SPORT-OUTDOOR-1358,Basketball Official,329.98,Google Pay,,Shipped (est. arrival: January 18),Disappointed 😢
TXN-20250508-001592,CUST-UK-0216,Mrs. Joseph Jones,joseph.jones@shop.com,08/05/2025 14:35,HOME-LIGHTING-5635,Wall Art Decoration,$838.96,Google Pay,"4683 Oak Road, Phoenix, IL 55156",Processing,Amazing! Highly recommend ⭐⭐⭐⭐⭐
TXN-20250110-001593,CUST-CA-0357,ROBERT DAVIS,robert.davis@shop.com,10/01/2025 13:11,SPORT-TEAM-2494,Diving Gear Set,488.30,Google Pay,"7874 High Street, Birmingham, UK, SW1A 1AA",Processing,Disappointed 😢
TXN-20251112-001594,CUST-UK-0482,  Jennifer Davis  ,jennifer.davis@test.com,11/12/2025 10:03 PM,CLOTH-SHOES-8970,Cotton T-Shirt,£171.02,Debit Card - Visa,"2863 Park Ave, London, UK, B1 1AA",Cancelled,Poor quality 😞
TXN-20240312-001595,CUST-UK-0135,Mrs. James Lopez,JAMES.LOPEZ@EXAMPLE.COM,"March 12, 2024 at 6:32PM",ELEC-LAPTOP-9540,Samsung Galaxy S24,£1265.88,CREDIT CARD,"7000 Oak Road, Chicago, TX 24161",Delivered on 2024-03-15,Not worth the price
TXN-20250803-001596,CUST-US-0019,  Mr. Linda Lopez  ,,03/08/2025 19:59,BOOK-TEXTBOOK-6486,Data Science Handbook,£74.64,PayPal,"5197 Main St, Los Angeles, CA 81171",Shipped (est. arrival: August 07),Disappointed 😢
TXN-20260103-001597,CUST-CA-0042,,,03/01/2026 19:15,HOME-KITCHEN-6896,Queen Bedding Set,£348.40,Credit Card (Mastercard),,Cancelled,Amazing! Highly recommend ⭐⭐⭐⭐⭐
TXN-20250930-001598,CUST-CA-0184,,john.rodriguez@shop.com,09/30/2025 07:27 PM,BOOK-TEXTBOOK-9363,Python Programming,$91.06,Debit Card - Visa,"4897 Park Ave, Phoenix, IL 89973",Delivered on 2025-10-02,Great product! 5 stars ⭐⭐⭐⭐⭐
TXN-20250810-001599,CUST-US-0499,MRS. ROBERT ANDERSON,,08/10/2025 11:17 PM,SPORT-WINTER-9187,Camping Tent 4-Person,$456.26,Debit Card - Visa,"2291 Main St, Liverpool, UK, M1 1AA",Cancelled,Great product! 5 stars ⭐⭐⭐⭐⭐
TXN-20250826-001600,CUST-US-0351,  john williams  ,JOHN.WILLIAMS@TEST.COM,08/26/2025 12:06 PM,SPORT-TEAM-1525,Basketball Official,182.66,CREDIT CARD,"7406 Main St, New York, AZ 58731",Delivered on 2025-08-31,Perfect! 5/5 stars
TXN-20240128-001601,CUST-UK-0447,Michael Brown,michael.brown@email.com,"January 28, 2024 at 9:14AM",CLOTH-SHIRT-2013,Levis Jeans 32x34,$246.25,Google Pay,"3869 Elm Street, Phoenix, IL 56599",Shipped (est. arrival: January 31),Amazing! Highly recommend ⭐⭐⭐⭐⭐
TXN-20241215-001602,CUST-ASIA-0071,JOSEPH WILLIAMS,joseph.williams@email.com,12/15/2024 03:34 AM,SPORT-OUTDOOR-3759,Camping Tent 4-Person,$85.61,Google Pay,"959 Park Ave, Los Angeles, IL 91235",Processing,Disappointed 😢
TXN-20241129-001603,CUST-US-0036,Mrs. Mary Garcia,MARY.GARCIA@EXAMPLE.COM,29/11/2024 17:17,HOME-KITCHEN-8032,Wall Art Decoration,$575.64,Credit Card (Visa),"3152 Elm Street, Birmingham, UK, L1 1AA",Cancelled - 29/11/2024,Disappointed 😢
TXN-20241224-001604,CUST-US-0325,,david.jones@shop.com,"December 24, 2024 at 3:27PM",CLOTH-JACKET-9967,Nike Running Shoes - Size 10,$269.44,Apple Pay,"5127 Elm Street, London, UK, SW1A 1AA",Cancelled,Average product
TXN-20241219-001605,CUST-US-0171,Joseph Johnson,JOSEPH.JOHNSON@EXAMPLE.COM,2024-12-19T13:08:47Z,CLOTH-PANTS-3094,Nike Running Shoes - Size 10,$171.70,Credit Card (Visa),"8670 Main St, Birmingham, UK, LS1 1AA",Cancelled,
TXN-20240116-001606,CUST-UK-0147,,robert.jones@example.com,01/16/2024 02:03 PM,CLOTH-JACKET-1720,Leather Jacket [L],£168.64,Credit Card (Visa),"2996 Main St, New York, TX 35802",Shipped (est. arrival: January 21),
TXN20251206001607,CUST-EU-0422,Lisa Wilson,,06/12/2025 14:19,BOOK-MAGAZINE-5213,Python Programming,€44.10,Debit Card - Visa,"6746 Main St, Birmingham, UK, M1 1AA",Processing,
TXN-20240106-001608,CUST-US-0429,lisa jones,LISA.JONES@EXAMPLE.COM,06/01/2024 13:46,CLOTH-PANTS-3956,Levis Jeans 32x34,,credit_card,"2315 High Street, Manchester, UK, B1 1AA",Processing,
TXN-20241216-001609,CUST-ASIA-0208,MRS. DAVID ANDERSON,david@,16/12/2024 21:10,SPORT-FITNESS-3008,Ski Jacket Waterproof,$262.30,PayPal,"4938 Elm Street, London, UK, B1 1AA",Delivered on 2024-12-20,Perfect! 5/5 stars
TXN-20240818-001610,CUST-ASIA-0359,William Rodriguez,WILLIAM.RODRIGUEZ@EMAIL.COM,"August 18, 2024 at 7:35PM",CLOTH-SHIRT-9338,Levis Jeans 32x34,£157.54,CREDIT CARD,"5238 Main St, Los Angeles, AZ 97506",Shipped (est. arrival: August 25),Amazing! Highly recommend ⭐⭐⭐⭐⭐
TXN-20240421-001611,CUST-EU-0316,  Dr. David Lopez  ,david.lopez@mail.com,2024-04-21T14:12:25Z,BOOK-FICTION-2094,The Great Gatsby [Paperback],£36.51,PayPal,"1295 Elm Street, Manchester, UK, LS1 1AA",Shipped (est. arrival: April 27),Perfect! 5/5 stars
TXN-20260114-001612,CUST-CA-0361,David Lopez,,2026-01-14T20:55:35Z,BOOK-EBOOK-2643,The Great Gatsby [Paperback],$61.95,DEBIT CARD - Mastercard,"8236 High Street, Chicago, AZ 38753",Delivered on 2026-01-23,Perfect! 5/5 stars
TXN-20240721-001613,CUST-EU-0443,Jennifer Miller,,07/21/2024 08:24 PM,CLOTH-DRESS-6196,Summer Dress (M),$211.54,credit_card,"5544 Elm Street, Manchester, UK, SW1A 1AA",Delivered on 26/07/2024,
TXN-20251110-001614,CUST-ASIA-0236,Dr. Sarah Jones,sarah.jones@test.com,"November 10, 2025 at 10:57PM",HOME-LIGHTING-9951,Wall Art Decoration,,Google Pay,"7250 High Street, Birmingham, UK, SW1A 1AA",Cancelled,Average product
TXN-20240520-001615,CUST-US-0257,MS. MARY MILLER,MARY.MILLER@MAIL.COM,"May 20, 2024 at 6:58AM",CLOTH-DRESS-1712,Levis Jeans 32x34,€142.29,Debit Card - Visa,"1729 Park Ave, New York, AZ 90392",Delivered on 22/05/2024,
TXN-20240116-001616,CUST-EU-0047,linda anderson,LINDA.ANDERSON@EXAMPLE.COM,"January 16, 2024 at 1:40PM",ELEC-LAPTOP-3648,iPhone 15 Pro Max (256GB),"£1,765.70",Google Pay,"2413 Park Ave, Houston, TX 42742",Processing,Good value for money
TXN-20260118-001617,CUST-UK-0159,Mr. Joseph Johnson,joseph.johnson@shop.com,"January 18, 2026 at 3:02PM",HOME-LIGHTING-8260,Kitchen Mixer,,Credit Card (Mastercard),"9884 Elm Street, Phoenix, NY 98250",Shipped (est. arrival: January 22),Poor quality 😞
TXN-20250119-001618,CUST-CA-0241,mrs. richard martinez,richard.martinez@mail.com,19/01/2025 21:43,BOOK-MAGAZINE-3585,Digital Marketing eBook,€55.21,Google Pay,"4857 Oak Road, Birmingham, UK, L1 1AA",Cancelled,Disappointed 😢
TXN-20250517-001619,CUSTCA0341,MR. JOSEPH DAVIS,joseph.davis@test.com,"May 17, 2025 at 5:17PM",CLOTH-SHOES-4850,Levis Jeans 32x34,$213.54,Apple Pay,"5536 Park Ave, Los Angeles, AZ 68557",Processing,Great product! 5 stars ⭐⭐⭐⭐⭐
TXN-20250103-001620,CUST-UK-0499,  SARAH WILLIAMS  ,sarah.williams@email.com,"January 3, 2025 at 4:00PM",SPORT-WINTER-3743,Ski Jacket Waterproof,$393.47,DEBIT CARD - Mastercard,"8191 Elm Street, New York, AZ 38572",Shipped (est. arrival: January 09),Great product! 5 stars ⭐⭐⭐⭐⭐
TXN-20250325-001621,CUST-US-0299,,WILLIAM.MARTINEZ@EXAMPLE.COM,"March 25, 2025 at 8:19PM",HOME-KITCHEN-2290,LED Floor Lamp,£34.49,Apple Pay,"7996 Elm Street, Los Angeles, IL 67651",Processing,Perfect! 5/5 stars
TXN-20240902-001622,CUST-ASIA-0217,patricia anderson,patricia.anderson@shop.com,2024-09-02T01:38:24Z,BOOK-EBOOK-3924,Python Programming,,credit_card,"1656 Main St, Houston, TX 62184",Delivered on 05/09/2024,
TXN20240423001623,CUST-ASIA-0403,jennifer wilson,jennifer.wilson@test.com,23/04/2024 11:35,ELEC-LAPTOP-3825,iPhone 15 Pro Max (256GB),,Credit Card (Mastercard),"1473 Park Ave, New York, TX 48713",Delivered on 2024-04-29,Not worth the price
TXN-20241103-001624,CUST-EU-0127,Emma Garcia,emma.garcia@test.com,2027-12-31T23:59:59Z,BOOK-NONFICTION-1385,Data Science Handbook,37.70,Debit Card - Visa,"4292 Main St, Chicago, NY 33508",Delivered on 2024-11-11,Disappointed 😢
TXN-20240121-001625,CUST-UK-0315,Ms. William Wilson,william.wilson@shop.com,"January 21, 2024 at 4:27PM",HOME-DECOR-5489,Kitchen Mixer,,Credit Card (Visa),"4350 Park Ave, New York, AZ 56027",Delivered on 29/01/2024,Arrived damaged 😠
TXN-20251229-001626,CUST-US-0187,  MS. SARAH WILLIAMS  ,SARAH.WILLIAMS@TEST.COM,12/29/2025 10:16 PM,CLOTH-SHOES-5591,Levis Jeans 32x34,£27.25,credit_card,"282 High Street, New York, TX 89387",Shipped (est. arrival: January 05),Poor quality 😞
TXN-20251105-001627,CUST-EU-0201,  Mrs. Sarah Williams  ,SARAH.WILLIAMS@TEST.COM,2025-11-05T19:58:49Z,SPORT-FITNESS-3293,Ski Jacket Waterproof,€444.81,CREDIT CARD,"1847 Elm Street, Manchester, UK, B1 1AA",Processing,
TXN-20250520-001628,CUST-UK-0253,,WILLIAM.LOPEZ@EXAMPLE.COM,2025-05-20T17:15:46Z,CLOTH-PANTS-4742,Summer Dress (M),$77.75,CREDIT CARD,"7544 Park Ave, Birmingham, UK, SW1A 1AA",Processing,Great product! 5 stars ⭐⭐⭐⭐⭐
TXN-20250811-001629,CUST-UK-0137,Mrs. Mary Wilson,,08/11/2025 10:58 AM,HOME-KITCHEN-7326,LED Floor Lamp,£581.83,Apple Pay,"4667 Oak Road, Manchester, UK, M1 1AA",Shipped (est. arrival: August 15),Poor quality 😞
TXN-20240915-001630,CUST-CA-0232,DAVID RODRIGUEZ,DAVID.RODRIGUEZ@EMAIL.COM,09/15/2024 03:39 PM,SPORT-WATER-9871,Basketball Official,$246.16,Debit Card - Visa,"4405 Park Ave, Houston, AZ 55112",Delivered on 23/09/2024,Not worth the price
TXN-20240810-001631,CUST-ASIA-0066,MICHAEL HERNANDEZ,michael.hernandez@test.com,08/10/2024 01:51 PM,ELEC-AUDIO-8365,Sony Camera A7,$1448.15,Credit Card (Visa),"7012 Oak Road, New York, NY 55387",Shipped (est. arrival: August 14),
TXN-20240718-001632,CUST-UK-0230,Dr. Michael Martinez,MICHAEL.MARTINEZ@EMAIL.COM,2024-07-18T21:43:43Z,ELEC-TABLET-3816,Bose Headphones,€679.31,CREDIT CARD,"772 Main St, Leeds, UK, L1 1AA",Delivered on 28/07/2024,Great product! 5 stars ⭐⭐⭐⭐⭐
TXN-20250817-001633,CUSTUS0321,dr. patricia wilson,PATRICIA.WILSON@EMAIL.COM,2025-08-17T09:54:37Z,ELEC-LAPTOP-9026,Bose Headphones,$664.54,credit_card,"2776 Oak Road, Los Angeles, IL 83587",Shipped (est. arrival: August 22),Amazing! Highly recommend ⭐⭐⭐⭐⭐
TXN-20240804-001634,CUST-EU-0119,Michael Smith,michael.smith@example.com,08/04/2024 06:24 AM,ELEC-CAMERA-2733,"MacBook Pro 14""",$622.69,CREDIT CARD,"9594 Elm Street, Los Angeles, NY 85484",Processing,
TXN-20250101-001635,CUST-EU-0096,mrs. james miller,,01/01/2025 08:28 AM,HOME-LIGHTING-5598,Modern Sofa Set,$886.58,CREDIT CARD,"8002 Main St, Chicago, AZ 26493",Delivered on 2025-01-05,Good value for money
TXN-20241012-001636,CUST-EU-0358,Ms. Joseph Hernandez,joseph.hernandez@example.com,"October 12, 2024 at 10:38PM",CLOTH-JACKET-6566,Cotton T-Shirt,$244.90,Google Pay,"846 Main St, Phoenix, NY 21573",Shipped (est. arrival: October 17),Perfect! 5/5 stars
TXN-20240816-001637,CUST-EU-0320,  JOSEPH DAVIS  ,JOSEPH.DAVIS@EMAIL.COM,2024-08-16T14:52:59Z,HOME-LIGHTING-9901,Queen Bedding Set,$998.10,Credit Card (Visa),"6151 Main St, Chicago, CA 54937",Delivered on 26/08/2024,Not worth the price
TXN-20250918-001638,CUST-US-0364,  Mrs. Patricia Lopez  ,patricia.lopez@shop.com,"September 18, 2025 at 12:05PM",BOOK-TEXTBOOK-9990,The Great Gatsby [Paperback],$91.11,Credit Card (Mastercard),"9287 Main St, London, UK, SW1A 1AA",Cancelled,
TXN-20240828-001639,CUST-ASIA-0178,MR. JENNIFER ANDERSON,jennifer.anderson@test.com,08/28/2024 11:38 PM,SPORT-TEAM-6336,Yoga Mat Premium,€439.44,Credit Card (Visa),"3499 Elm Street, Chicago, AZ 88964",Shipped (est. arrival: August 31),Amazing! Highly recommend ⭐⭐⭐⭐⭐
TXN-20250923-001640,CUST-US-0269,Mary Smith,mary.smith@example.com,09/23/2025 03:48 PM,CLOTH-PANTS-2405,Leather Jacket [L],$127.74,PayPal,"790 Elm Street, Chicago, AZ 10381",Delivered on 2025-10-01,Great product! 5 stars ⭐⭐⭐⭐⭐
TXN-20250119-001641,CUST-UK-0054,Emma Johnson,emma.johnson@example.com,2025-01-19T19:45:34Z,BOOK-TEXTBOOK-5448,Python Programming,£26.94,Apple Pay,"6312 Park Ave, Birmingham, UK, L1 1AA",Shipped (est. arrival: January 24),Good value for money
TXN-20240418-001642,CUST-UK-0394,JAMES LOPEZ,,"April 18, 2024 at 5:02PM",CLOTH-PANTS-1965,Nike Running Shoes - Size 10,£26.41,credit_card,"4090 High Street, Birmingham, UK, B1 1AA",Delivered on 21/04/2024,Arrived damaged 😠
TXN-20251027-001643,CUST-UK-0238,Emma Anderson,EMMA.ANDERSON@EMAIL.COM,"October 27, 2025 at 12:42PM",BOOK-EBOOK-1318,The Great Gatsby [Paperback],€41.07,Credit Card (Mastercard),"3009 Park Ave, Chicago, AZ 49093",Cancelled,Excellent quality 👍
TXN-20250901-001644,CUST-CA-0131,,jennifer.smith@test.com,2025-09-01T18:59:23Z,HOME-KITCHEN-7926,Wall Art Decoration,$191.00,Google Pay,"3557 Main St, Leeds, UK, LS1 1AA",Cancelled - 03/09/2025,Poor quality 😞
TXN-20240919-001645,CUST-US-0094,  Mr. Sarah Johnson  ,SARAH.JOHNSON@EMAIL.COM,2024-09-19T20:28:35Z,CLOTH-DRESS-7041,Nike Running Shoes - Size 10,$82.65,CREDIT CARD,"800 Elm Street, Manchester, UK, M1 1AA",Cancelled,Poor quality 😞
TXN-20240730-001646,CUST-EU-0311,JOSEPH MILLER,joseph.miller@mail.com,2024-07-30T09:27:06Z,HOME-LIGHTING-2103,Wall Art Decoration,$993.86,Credit Card (Visa),"1348 Elm Street, Manchester, UK, M1 1AA",Shipped (est. arrival: August 03),Great product! 5 stars ⭐⭐⭐⭐⭐
TXN-20240222-001647,CUST-EU-0442,Mrs. Linda Anderson,linda.anderson@example.com,02/22/2024 07:21 PM,HOME-DECOR-4808,Modern Sofa Set,$775.42,CREDIT CARD,"7549 Park Ave, New York, AZ 99972",Shipped (est. arrival: February 26),Arrived damaged 😠
TXN-20240603-001648,CUST-CA-0077,  Ms. Emma Rodriguez  ,EMMA.RODRIGUEZ@TEST.COM,"June 3, 2024 at 7:35PM",CLOTH-PANTS-2574,Leather Jacket [L],,Credit Card (Mastercard),"5479 Park Ave, New York, CA 44453",Delivered on 2024-06-07,Average product
TXN-20241024-001649,CUST-CA-0241,Dr. Jennifer Jones,jennifer.jones@mail.com,2024-10-24T10:28:53Z,SPORT-WATER-3466,Basketball Official,$255.62,DEBIT CARD - Mastercard,"7858 Main St, Leeds, UK, B1 1AA",Cancelled,Poor quality 😞
TXN-20240801-001650,CUST-EU-0025,,robert.williams@mail.com,01/08/2024 18:28,CLOTH-DRESS-2384,Cotton T-Shirt,$277.00,credit_card,"7241 Main St, Liverpool, UK, L1 1AA",Shipped (est. arrival: August 04),
TXN-20250315-001651,CUST-US-0325,  MARY DAVIS  ,,"March 15, 2025 at 8:11PM",HOME-BEDDING-1587,Modern Sofa Set,$487.67,CREDIT CARD,"6562 Main St, London, UK, M1 1AA",Processing,Poor quality 😞
TXN-20240518-001652,CUST-EU-0272,JOSEPH WILLIAMS,joseph.williams@shop.com,05/18/2024 05:46 PM,SPORT-FITNESS-9056,Diving Gear Set,,DEBIT CARD - Mastercard,"9767 Elm Street, Liverpool, UK, SW1A 1AA",Processing,Excellent quality 👍
TXN-20240619-001653,CUST-ASIA-0395,MS. SARAH JONES,sarah.jones@example.com,2024-06-19T18:07:35Z,SPORT-TEAM-8626,Ski Jacket Waterproof,$102.59,Debit Card - Visa,"4562 Park Ave, Chicago, AZ 97510",Processing,Perfect! 5/5 stars
TXN-20250926-001654,CUST-ASIA-0377,,emma.johnson@mail.com,2025-09-26T19:30:04Z,ELEC-TABLET-3170,Sony Camera A7,$1589.13,credit_card,"7221 High Street, Houston, NY 46913",Shipped (est. arrival: October 03),Amazing! Highly recommend ⭐⭐⭐⭐⭐
TXN-20250110-001655,CUST-EU-0487,Patricia Martinez,,2025-01-10T22:29:35Z,BOOK-NONFICTION-1987,Business Magazine,£86.76,CREDIT CARD,"6474 Elm Street, Chicago, CA 72767",Delivered on 13/01/2025,Arrived damaged 😠
TXN-20240713-001656,CUST-CA-0479,  James Anderson  ,james.anderson@shop.com,07/13/2024 05:32 AM,HOME-KITCHEN-1178,Kitchen Mixer,$1036.49,CREDIT CARD,"5467 Main St, Houston, CA 93178",Cancelled,Disappointed 😢
TXN-20260102-001657,CUST-CA-0118,Dr. Joseph Jones,joseph.jones@email.com,01/02/2026 11:02 AM,HOME-LIGHTING-8411,Kitchen Mixer,$595.84,DEBIT CARD - Mastercard,"4652 High Street, New York, CA 10432",Shipped (est. arrival: January 05),Good value for money
TXN-20251024-001658,CUST-EU-0052,JOHN GARCIA,JOHN.GARCIA@TEST.COM,"October 24, 2025 at 7:10PM",SPORT-OUTDOOR-4036,Camping Tent 4-Person,$171.66,Google Pay,"748 Oak Road, Liverpool, UK, M1 1AA",Shipped (est. arrival: October 31),Perfect! 5/5 stars
TXN-20250404-001659,CUST-US-0351,Ms. Jennifer Hernandez,JENNIFER.HERNANDEZ@TEST.COM,04/04/2025 09:13 AM,SPORT-TEAM-1298,Yoga Mat Premium,$114.73,PayPal,"7073 Oak Road, Leeds, UK, L1 1AA",Shipped (est. arrival: April 10),
TXN-20250501-001660,CUST-UK-0469,  JOHN BROWN  ,john.brown@example.com,05/01/2025 09:22 PM,HOME-BEDDING-3958,Modern Sofa Set,$363.83,CREDIT CARD,"5315 Park Ave, Birmingham, UK, SW1A 1AA",Shipped (est. arrival: May 07),Arrived damaged 😠
TXN20241018001661,CUST-CA-0496,patricia miller,,"October 18, 2024 at 7:45PM",SPORT-OUTDOOR-9717,Ski Jacket Waterproof,265.08,DEBIT CARD - Mastercard,"2950 Park Ave, Birmingham, UK, M1 1AA",Delivered on 2024-10-25,Perfect! 5/5 stars
TXN-20240415-001662,CUST-US-0445,MS. RICHARD BROWN,richard.brown@mail.com,"April 15, 2024 at 10:39AM",ELEC-PHONE-6726,iPhone 15 Pro Max (256GB),€59.09,Google Pay,"7761 Elm Street, London, UK, SW1A 1AA",Processing,Arrived damaged 😠
TXN-20240412-001663,CUSTCA0396,DR. EMMA ANDERSON,emma.anderson@test.com,2024-04-12T15:06:16Z,ELEC-TABLET-2716,"MacBook Pro 14""",£1048.85,DEBIT CARD - Mastercard,"1271 High Street, Phoenix, AZ 62505",Shipped (est. arrival: April 19),
TXN-20251023-001664,CUST-US-0299,Dr. David Rodriguez,DAVID.RODRIGUEZ@MAIL.COM,10/23/2025 07:38 PM,SPORT-WINTER-6076,Diving Gear Set,£454.29,CREDIT CARD,"4948 Park Ave, Houston, TX 59814",Delivered on 2025-10-31,Amazing! Highly recommend ⭐⭐⭐⭐⭐
TXN-20250221-001665,CUST-UK-0391,linda miller,linda.miller@mail.com,"February 21, 2025 at 1:51PM",ELEC-PHONE-7632,Bose Headphones,$319.61,CREDIT CARD,"8093 Oak Road, Los Angeles, IL 81780",Shipped (est. arrival: February 26),Average product
TXN-20240626-001666,CUST-US-0006,John Williams,JOHN.WILLIAMS@EXAMPLE.COM,06/26/2024 06:51 PM,ELEC-LAPTOP-1744,iPhone 15 Pro Max (256GB),$1415.52,Apple Pay,"1581 Park Ave, Manchester, UK, M1 1AA",Delivered on 30/06/2024,Not worth the price
TXN-20251211-001667,CUST-UK-0400,  MS. JAMES SMITH  ,,11/12/2025 10:17,HOME-DECOR-7712,Kitchen Mixer,$1028.05,Credit Card (Mastercard),"5217 Park Ave, Leeds, UK, LS1 1AA",Cancelled,Great product! 5 stars ⭐⭐⭐⭐⭐
TXN-20250510-001668,CUST-EU-0236,Richard Wilson,richard.wilson@mail.com,2025-05-10T19:17:22Z,BOOK-NONFICTION-4409,Python Programming,49.55,credit_card,"9332 Main St, Manchester, UK, L1 1AA",Processing,Arrived damaged 😠
TXN-20250528-001669,CUST-CA-0071,  Ms. John Williams  ,,05/28/2025 07:43 PM,HOME-LIGHTING-5850,Modern Sofa Set,,Debit Card - Visa,"7467 Elm Street, Los Angeles, TX 55379",Shipped (est. arrival: June 03),Great product! 5 stars ⭐⭐⭐⭐⭐
TXN20250317001670,CUST-EU-0277,james williams,james.williams@shop.com,2025-03-17T14:40:20Z,BOOK-EBOOK-3276,Python Programming,$64.87,credit_card,"8422 Oak Road, Liverpool, UK, SW1A 1AA",Shipped (est. arrival: March 22),Average product
TXN-20240627-001671,CUST-EU-0077,DR. ROBERT BROWN,robert.brown@mail.com,27/06/2024 19:37,SPORT-WINTER-2334,Basketball Official,$282.42,PayPal,"2080 Main St, Houston, TX 49465",Cancelled - 27/06/2024,Good value for money
TXN-20250213-001672,CUST-US-0480,  Mr. Sarah Davis  ,sarah.davis@email.com,2025-02-13T09:01:45Z,HOME-KITCHEN-8317,Wall Art Decoration,£418.27,Google Pay,,Cancelled - 13/02/2025,Good value for money
TXN-20250108-001673,CUST-EU-0269,  dr. lisa anderson  ,LISA.ANDERSON@EXAMPLE.COM,08/01/2025 15:27,SPORT-OUTDOOR-1032,Diving Gear Set,$254.42,CREDIT CARD,,Shipped (est. arrival: January 12),
TXN-20250528-001674,CUST-CA-0393,dr. robert brown,robert.brown@email.com,2025-05-28T22:56:33Z,ELEC-AUDIO-3765,Sony Camera A7,,credit_card,"4586 Elm Street, Liverpool, UK, B1 1AA",Shipped (est. arrival: June 01),Poor quality 😞
TXN-20250410-001675,CUST-UK-0060,JOSEPH DAVIS,joseph.davis@example.com,2025-04-10T15:18:30Z,HOME-KITCHEN-7413,Queen Bedding Set,€194.47,Debit Card - Visa,"4267 Elm Street, Liverpool, UK, L1 1AA",Delivered on 19/04/2025,Disappointed 😢
TXN-20251004-001676,CUST-US-0264,,RICHARD.WILLIAMS@EXAMPLE.COM,"October 4, 2025 at 9:30PM",CLOTH-PANTS-5958,Nike Running Shoes - Size 10,238.23,PayPal,"3181 High Street, Phoenix, NY 40121",Processing,Excellent quality 👍
TXN-20240912-001677,CUST-US-0113,mr. patricia martinez,patricia.martinez@test.com,"September 12, 2024 at 7:36PM",SPORT-FITNESS-9865,Diving Gear Set,$244.67,credit_card,"7881 Elm Street, Liverpool, UK, M1 1AA",Shipped (est. arrival: September 19),Perfect! 5/5 stars
TXN-20240803-001678,CUST-UK-0020,Ms. Michael Miller,michael.miller@shop.com,03/08/2024 14:02,SPORT-FITNESS-5217,Ski Jacket Waterproof,£356.80,Debit Card - Visa,"4466 Elm Street, London, UK, SW1A 1AA",Processing,
TXN-20240418-001679,CUST-EU-0343,mr. robert garcia,robert.garcia@test.com,2024-04-18T10:14:01Z,CLOTH-DRESS-9243,Summer Dress (M),€199.38,credit_card,,Processing,Poor quality 😞
TXN-20250513-001680,CUST-EU-0374,  DR. LINDA JOHNSON  ,linda.johnson@mail.com,13/05/2025 15:23,SPORT-OUTDOOR-7847,Diving Gear Set,€87.63,CREDIT CARD,"4508 Oak Road, Los Angeles, IL 56207",Processing,Disappointed 😢
TXN-20241020-001681,CUST-CA-0406,Mrs. Patricia Hernandez,patricia.hernandez@mail.com,"October 20, 2024 at 8:31AM",BOOK-NONFICTION-3061,Business Magazine,$45.06,Credit Card (Visa),"8909 Main St, London, UK, SW1A 1AA",Delivered on 29/10/2024,Average product
TXN-20240429-001682,CUST-EU-0266,DR. SARAH DAVIS,SARAH.DAVIS@EXAMPLE.COM,29/04/2024 18:14,HOME-FURNITURE-9441,Modern Sofa Set,$266.52,Debit Card - Visa,"5735 Park Ave, Birmingham, UK, LS1 1AA",Shipped (est. arrival: May 05),Disappointed 😢
TXN-20251227-001683,CUST-UK-0225,DR. MARY DAVIS,mary.davis@test.com,2025-12-27T18:24:07Z,SPORT-TEAM-3058,Yoga Mat Premium,£228.81,Apple Pay,"1400 High Street, Birmingham, UK, L1 1AA",Shipped (est. arrival: December 30),Good value for money
TXN-20250520-001684,CUST-US-0308,Mary Williams,mary.williams@test.com,"May 20, 2025 at 10:45AM",ELEC-PHONE-3834,Sony Camera A7,"£1,485.42",DEBIT CARD - Mastercard,"6870 High Street, Chicago, IL 76517",Cancelled - 22/05/2025,Good value for money
TXN20240917001685,CUST-US-0459,EMMA LOPEZ,invalid-email,17/09/2024 09:30,SPORT-OUTDOOR-9197,Yoga Mat Premium,€337.80,CREDIT CARD,"3379 Elm Street, Houston, CA 22782",Processing,
TXN-20250916-001686,CUST-ASIA-0244,Dr. Lisa Miller,lisa.miller@test.com,16/09/2025 07:09,SPORT-FITNESS-5760,Basketball Official,,CREDIT CARD,"5505 Park Ave, Chicago, NY 84708",Cancelled - 18/09/2025,Arrived damaged 😠
TXN-20240807-001687,CUST-US-0028,Lisa Garcia,LISA.GARCIA@TEST.COM,07/08/2024 09:11,HOME-BEDDING-6257,Modern Sofa Set,$1344.78,credit_card,,Processing,Average product
TXN-20251128-001688,CUST-EU-0280,ms. richard miller,richard.miller@mail.com,28/11/2025 21:26,SPORT-FITNESS-8271,Basketball Official,$215.31,Debit Card - Visa,"214 Elm Street, London, UK, LS1 1AA",Shipped (est. arrival: December 04),Poor quality 😞
TXN-20250924-001689,CUST-UK-0058,james smith,JAMES.SMITH@EMAIL.COM,24/09/2025 13:21,CLOTH-JACKET-2308,Cotton T-Shirt,£110.97,Debit Card - Visa,"9350 Park Ave, Phoenix, CA 26617",Cancelled,
TXN-20250830-001690,CUST-US-0033,MRS. RICHARD JONES,richard.jones@test.com,08/30/2025 12:50 AM,HOME-BEDDING-1545,Queen Bedding Set,$525.80,Credit Card (Mastercard),"7169 Park Ave, New York, AZ 18576",Processing,Excellent quality 👍
TXN-20240913-001691,CUST-UK-0303,MR. ROBERT MILLER,robert.miller@test.com,13/09/2024 21:37,HOME-LIGHTING-6243,Wall Art Decoration,£1491.60,Apple Pay,,Delivered on 16/09/2024,Good value for money
TXN-20250720-001692,CUST-UK-0362,Ms. Robert Johnson,ROBERT.JOHNSON@EMAIL.COM,"July 20, 2025 at 5:49AM",BOOK-EBOOK-1382,Digital Marketing eBook,£76.39,Debit Card - Visa,"8853 Oak Road, Birmingham, UK, M1 1AA",Shipped (est. arrival: July 26),Amazing! Highly recommend ⭐⭐⭐⭐⭐
TXN-20240325-001693,CUST-ASIA-0037,  MS. ROBERT DAVIS  ,robert.davis@email.com,2024-03-25T17:05:34Z,CLOTH-SHOES-7569,Cotton T-Shirt,€122.89,Credit Card (Visa),"739 Park Ave, Leeds, UK, M1 1AA",Delivered on 02/04/2024,Perfect! 5/5 stars
TXN-20240210-001694,CUST-ASIA-0325,SARAH ANDERSON,sarah.anderson@test.com,02/10/2024 05:41 PM,CLOTH-PANTS-2456,Summer Dress (M),$99.98,CREDIT CARD,"2849 Oak Road, Leeds, UK, LS1 1AA",Processing,Disappointed 😢
TXN-20250917-001695,CUST-US-0358,,JOHN.SMITH@EXAMPLE.COM,17/09/2025 15:00,BOOK-EBOOK-7706,The Great Gatsby [Paperback],$84.25,Credit Card (Mastercard),,Cancelled - 18/09/2025,Arrived damaged 😠
TXN-20241029-001696,CUST-US-0032,,,10/29/2024 03:25 PM,CLOTH-SHOES-2196,Cotton T-Shirt,$52.55,PayPal,"3484 Main St, London, UK, LS1 1AA",Delivered on 2024-11-01,Amazing! Highly recommend ⭐⭐⭐⭐⭐
TXN-20241111-001697,CUST-CA-0152,Michael Martinez,MICHAEL.MARTINEZ@SHOP.COM,11/11/2024 20:14,CLOTH-PANTS-2888,Summer Dress (M),$125.65,Credit Card (Visa),"3626 Oak Road, Chicago, NY 23708",Processing,Perfect! 5/5 stars
TXN-20251212-001698,CUST-EU-0287,Ms. Sarah Martinez,sarah.martinez@shop.com,2025-12-12T22:49:26Z,CLOTH-JACKET-5749,Cotton T-Shirt,$120.76,Credit Card (Mastercard),"2313 Park Ave, Phoenix, NY 88673",Processing,
TXN-20240714-001699,CUST-EU-0188,Mrs. Mary Wilson,mary.wilson@email.com,2024-07-14T17:16:20Z,HOME-KITCHEN-6911,LED Floor Lamp,,PayPal,"8264 Oak Road, London, UK, LS1 1AA",Delivered on 19/07/2024,Great product! 5 stars ⭐⭐⭐⭐⭐
TXN-20241021-001700,CUST-US-0490,Dr. John Smith,john.smith@shop.com,"October 21, 2024 at 12:22PM",SPORT-TEAM-8071,Basketball Official,£361.11,credit_card,"904 Park Ave, Birmingham, UK, B1 1AA",Delivered on 2024-10-30,Perfect! 5/5 stars
TXN-20250524-001701,CUST-EU-0318,Mrs. Richard Hernandez,RICHARD.HERNANDEZ@EXAMPLE.COM,"May 24, 2025 at 1:33PM",SPORT-WATER-3321,Camping Tent 4-Person,$385.16,DEBIT CARD - Mastercard,"1354 Park Ave, Los Angeles, NY 57755",Cancelled - 25/05/2025,Average product
TXN-20251215-001702,CUST-EU-0201,Mr. Sarah Williams,SARAH.WILLIAMS@EMAIL.COM,2025-12-15T06:55:50Z,BOOK-NONFICTION-3088,Python Programming,€57.65,credit_card,"3800 Main St, Birmingham, UK, LS1 1AA",Processing,Not worth the price
TXN-20240131-001703,CUST-CA-0029,  Patricia Jones  ,patricia.jones@test.com,"January 31, 2024 at 11:02AM",ELEC-PHONE-5526,"MacBook Pro 14""",$1188.63,PayPal,"4165 Main St, Houston, NY 86008",Cancelled,Perfect! 5/5 stars
TXN-20250117-001704,CUST-ASIA-0344,Ms. Emma Williams,emma.williams@email.com,2025-01-17T10:31:21Z,HOME-KITCHEN-3319,LED Floor Lamp,$916.41,Apple Pay,"7230 High Street, Los Angeles, CA 46610",Delivered on 2025-01-25,Not worth the price
TXN-20240627-001705,CUST-US-0406,MS. JENNIFER RODRIGUEZ,jennifer.rodriguez@example.com,06/27/2024 06:07 PM,HOME-BEDDING-9171,Queen Bedding Set,$456.15,PayPal,,Processing,Disappointed 😢
TXN-20240723-001706,CUST-UK-0468,WILLIAM MILLER,william.miller@mail.com,"July 23, 2024 at 11:19PM",SPORT-OUTDOOR-8438,Diving Gear Set,402.61,CREDIT CARD,"9339 Oak Road, New York, CA 93278",Processing,Excellent quality 👍
TXN-20241001-001707,CUST-ASIA-0449,  Robert Martinez  ,ROBERT.MARTINEZ@EXAMPLE.COM,"October 1, 2024 at 10:22PM",BOOK-FICTION-2624,Python Programming,$13.90,Credit Card (Mastercard),"9215 Elm Street, Leeds, UK, SW1A 1AA",Delivered on 08/10/2024,Excellent quality 👍
TXN-20250514-001708,CUST-UK-0258,Jennifer Davis,,14/05/2025 06:03,BOOK-NONFICTION-5273,Data Science Handbook,$97.96,Google Pay,"6840 Park Ave, Birmingham, UK, M1 1AA",Processing,Perfect! 5/5 stars
TXN-20250718-001709,CUST-US-0377,MS. JOSEPH JONES,,18/07/2025 09:28,ELEC-PHONE-8763,Samsung Galaxy S24,323.18,PayPal,"4904 Elm Street, London, UK, B1 1AA",Cancelled - 20/07/2025,Excellent quality 👍
TXN-20250329-001710,CUST-US-0378,MRS. MICHAEL ANDERSON,michael.anderson@example.com,2025-03-29T16:34:54Z,BOOK-FICTION-2091,Business Magazine,$11.80,PayPal,"1790 High Street, London, UK, M1 1AA",Processing,
TXN-20240104-001711,CUST-CA-0296,,MICHAEL.ANDERSON@EXAMPLE.COM,04/01/2024 19:30,ELEC-CAMERA-7746,"MacBook Pro 14""",€1680.42,Debit Card - Visa,"3144 Park Ave, Los Angeles, NY 24502",Processing,Average product
TXN-20250922-001712,CUST-US-0333,Linda Williams,linda.williams@email.com,2025-09-22T12:11:08Z,SPORT-TEAM-6394,Ski Jacket Waterproof,€366.89,CREDIT CARD,,Shipped (est. arrival: September 28),Amazing! Highly recommend ⭐⭐⭐⭐⭐
TXN-20240917-001713,CUST-US-0180,  mrs. jennifer smith  ,jennifer.smith@example.com,"September 17, 2024 at 7:18PM",CLOTH-SHIRT-7813,Levis Jeans 32x34,$157.19,credit_card,"5435 High Street, Chicago, CA 55332",Cancelled - 17/09/2024,Arrived damaged 😠
TXN-20250412-001714,CUST-UK-0268,,JAMES.ANDERSON@SHOP.COM,2025-04-12T18:40:37Z,CLOTH-SHOES-8306,Summer Dress (M),$84.42,Google Pay,,Shipped (est. arrival: April 16),Poor quality 😞
TXN-20260110-001715,CUST-US-0157,DR. SARAH HERNANDEZ,sarah.hernandez@example.com,"January 10, 2026 at 12:58PM",SPORT-WATER-4453,Ski Jacket Waterproof,$195.48,DEBIT CARD - Mastercard,"6740 Oak Road, Houston, TX 35987",Processing,Average product
TXN-20250220-001716,CUST-UK-0260,,,2025-02-20T19:15:44Z,CLOTH-DRESS-5812,Summer Dress (M),,Debit Card - Visa,"2559 Main St, Liverpool, UK, L1 1AA",Cancelled - 20/02/2025,
TXN-20240906-001717,CUST-CA-0095,Jennifer Johnson,jennifer.johnson@shop.com,"September 6, 2024 at 6:07PM",BOOK-FICTION-6836,Python Programming,$93.88,Apple Pay,"6083 Oak Road, Leeds, UK, B1 1AA",Delivered on 10/09/2024,Amazing! Highly recommend ⭐⭐⭐⭐⭐
TXN-20250903-001718,CUST-ASIA-0235,emma johnson,EMMA.JOHNSON@SHOP.COM,03/09/2025 20:06,HOME-LIGHTING-6328,Queen Bedding Set,$255.69,Debit Card - Visa,"7979 Oak Road, Phoenix, TX 54845",Cancelled,Perfect! 5/5 stars
TXN-20240326-001719,CUST-CA-0290,DR. SARAH WILSON,sarah.wilson@mail.com,"March 26, 2024 at 9:43AM",SPORT-OUTDOOR-9343,Ski Jacket Waterproof,$72.94,Google Pay,"3494 High Street, Liverpool, UK, SW1A 1AA",Shipped (est. arrival: March 29),Excellent quality 👍
TXN-20251219-001720,CUST-UK-0216,Dr. Joseph Anderson,JOSEPH.ANDERSON@TEST.COM,19/12/2025 07:06,ELEC-CAMERA-2037,Bose Headphones,$539.48,Apple Pay,,Delivered on 2025-12-22,Good value for money
TXN-20251120-001721,CUST-ASIA-0011,Mary Martinez,mary.martinez@email.com,11/20/2025 09:18 PM,SPORT-TEAM-2988,Yoga Mat Premium,$172.96,Debit Card - Visa,"5864 Park Ave, Los Angeles, AZ 31997",Shipped (est. arrival: November 26),
TXN-20240428-001722,CUST-ASIA-0232,MARY RODRIGUEZ,MARY.RODRIGUEZ@TEST.COM,28/04/2024 18:16,ELEC-PHONE-3469,Bose Headphones,€1171.10,PayPal,"1642 Main St, Liverpool, UK, SW1A 1AA",Delivered on 2024-05-08,Great product! 5 stars ⭐⭐⭐⭐⭐
TXN-20241001-001723,CUST-CA-0378,William Davis,william.davis@mail.com,"October 1, 2024 at 5:32PM",SPORT-OUTDOOR-4640,Basketball Official,€263.80,Credit Card (Mastercard),"8811 Oak Road, Birmingham, UK, L1 1AA",Processing,
TXN-20240628-001724,CUST-ASIA-0122,john garcia,john.garcia@mail.com,"June 28, 2024 at 8:15AM",BOOK-TEXTBOOK-4436,Digital Marketing eBook,£56.64,Google Pay,"1682 Oak Road, Manchester, UK, L1 1AA",Processing,Not worth the price
TXN-20241105-001725,CUST-US-0379,,michael.miller@email.com,05/11/2024 09:51,SPORT-TEAM-7634,Yoga Mat Premium,€288.10,CREDIT CARD,"9886 Oak Road, Chicago, AZ 27974",Processing,
TXN-20240802-001726,CUST-UK-0329,LINDA MARTINEZ,linda.martinez@shop.com,"August 2, 2024 at 9:50PM",BOOK-FICTION-7080,Digital Marketing eBook,$88.07,Google Pay,"8594 Oak Road, Houston, NY 38651",Delivered on 2024-08-12,Good value for money
TXN-20240122-001727,CUST-UK-0490,PATRICIA WILLIAMS,patricia.williams@email.com,22/01/2024 14:45,BOOK-NONFICTION-7315,Data Science Handbook,£20.20,credit_card,"2884 Main St, Chicago, CA 17617",Delivered on 2024-01-27,
TXN-20250716-001728,CUST-US-0463,james davis,james.davis@shop.com,07/16/2025 06:45 PM,BOOK-MAGAZINE-4567,Digital Marketing eBook,$10.62,credit_card,"2536 Main St, Manchester, UK, M1 1AA",Cancelled,Disappointed 😢
TXN-20240930-001729,CUST-CA-0339,  Ms. John Lopez  ,john.lopez@example.com,30/09/2024 17:47,SPORT-OUTDOOR-4216,Diving Gear Set,$284.37,Credit Card (Mastercard),"3909 Main St, Manchester, UK, M1 1AA",Shipped (est. arrival: October 04),Disappointed 😢
TXN-20240722-001730,CUST-US-0208,ms. john jones,john.jones@email.com,07/22/2024 08:04 AM,HOME-LIGHTING-2764,LED Floor Lamp,£1434.84,credit_card,"2690 Main St, Liverpool, UK, LS1 1AA",Processing,Good value for money
TXN-20250817-001731,CUST-US-0022,John Hernandez,john.hernandez@shop.com,17/08/2025 11:02,BOOK-TEXTBOOK-8205,Business Magazine,$78.50,CREDIT CARD,"3334 Park Ave, Chicago, CA 45313",Shipped (est. arrival: August 23),Amazing! Highly recommend ⭐⭐⭐⭐⭐
TXN-20250904-001732,CUST-UK-0048,ms. james jones,james.jones@shop.com,"September 4, 2025 at 3:04PM",ELEC-PHONE-2077,"MacBook Pro 14""",$70.67,credit_card,"3930 Main St, London, UK, M1 1AA",Processing,
TXN-20240217-001733,CUST-US-0105,David Wilson,david.wilson@example.com,"February 17, 2024 at 2:44PM",BOOK-EBOOK-9847,Business Magazine,€67.04,Apple Pay,"2054 Main St, Birmingham, UK, M1 1AA",Cancelled,Excellent quality 👍
TXN-20240229-001734,CUST-ASIA-0353,  Patricia Smith  ,,2024-02-29T21:20:56Z,BOOK-EBOOK-3638,Python Programming,£81.47,Debit Card - Visa,"9976 Main St, Birmingham, UK, B1 1AA",Cancelled - 02/03/2024,Good value for money
TXN-20241103-001735,CUST-UK-0045,John Jones,john.jones@example.com,2024-11-03T22:24:14Z,SPORT-WINTER-8229,Basketball Official,£439.09,PayPal,"3781 Park Ave, Liverpool, UK, SW1A 1AA",Shipped (est. arrival: November 06),
TXN-20250506-001736,CUST-US-0008,mr. linda brown,,"May 6, 2025 at 9:54PM",ELEC-TABLET-8755,iPhone 15 Pro Max (256GB),£443.28,Debit Card - Visa,,Shipped (est. arrival: May 11),Excellent quality 👍
TXN-20260102-001737,CUST-CA-0362,Mr. Linda Jones,linda.jones@mail.com,"January 2, 2026 at 8:13PM",CLOTH-PANTS-1924,Summer Dress (M),206.58,Credit Card (Mastercard),"5904 Park Ave, Manchester, UK, B1 1AA",Delivered on 2026-01-10,
TXN-20251110-001738,CUST-CA-0412,  Dr. Mary Martinez  ,mary.martinez@shop.com,11/10/2025 07:54 PM,SPORT-OUTDOOR-9689,Diving Gear Set,393.47,credit_card,"2241 High Street, New York, IL 79649",Processing,Arrived damaged 😠
TXN-20251213-001739,CUST-EU-0440,Mrs. Patricia Jones,patricia.jones@test.com,"December 13, 2025 at 5:29AM",CLOTH-SHIRT-2873,Summer Dress (M),$280.12,Google Pay,"1237 Oak Road, London, UK, SW1A 1AA",Delivered on 23/12/2025,Excellent quality 👍
TXN-20250327-001740,CUST-CA-0159,DAVID BROWN,david.brown@shop.com,"March 27, 2025 at 11:08PM",HOME-DECOR-2666,Queen Bedding Set,"€1,242.78",credit_card,"2598 High Street, New York, NY 13017",Processing,Disappointed 😢
TXN-20251226-001741,CUST-EU-0273,WILLIAM SMITH,user@domain,26/12/2025 23:31,SPORT-WINTER-9044,Basketball Official,$149.06,CREDIT CARD,"624 High Street, Leeds, UK, B1 1AA",Shipped (est. arrival: December 29),Arrived damaged 😠
TXN-20240522-001742,CUST-CA-0364,David Lopez,david.lopez@mail.com,"May 22, 2024 at 8:52PM",CLOTH-SHOES-7816,Cotton T-Shirt,$192.95,Credit Card (Mastercard),"6011 Oak Road, London, UK, B1 1AA",Processing,Average product
TXN20260124001743,CUST-ASIA-0113,,james.johnson@shop.com,2026-01-24T18:58:13Z,HOME-KITCHEN-4612,Wall Art Decoration,416.85,Credit Card (Visa),"830 Main St, Manchester, UK, L1 1AA",Delivered on 2026-01-27,Disappointed 😢
TXN-20241218-001744,CUST-UK-0276,LINDA MILLER,LINDA.MILLER@EMAIL.COM,2024-12-18T23:57:22Z,CLOTH-DRESS-5272,Leather Jacket [L],$164.14,CREDIT CARD,"9148 Oak Road, New York, CA 61661",Delivered on 25/12/2024,Great product! 5 stars ⭐⭐⭐⭐⭐
TXN-20250517-001745,CUST-UK-0074,mr. david brown,DAVID.BROWN@TEST.COM,2025-05-17T11:55:10Z,SPORT-WATER-3903,Yoga Mat Premium,$130.89,Debit Card - Visa,"9988 Main St, Houston, IL 28429",Shipped (est. arrival: May 23),Good value for money
TXN-20241127-001746,CUST-US-0287,,PATRICIA.LOPEZ@TEST.COM,27/11/2024 11:42,SPORT-FITNESS-6337,Yoga Mat Premium,,Debit Card - Visa,"9474 Oak Road, Chicago, IL 85131",Delivered on 07/12/2024,Excellent quality 👍
TXN-20260109-001747,CUST-EU-0445,John Miller,john.miller@example.com,01/09/2026 06:55 AM,BOOK-NONFICTION-5050,Digital Marketing eBook,,Credit Card (Mastercard),"4345 Oak Road, Chicago, TX 94752",Delivered on 2026-01-19,
TXN-20250801-001748,CUST-EU-0385,MR. DAVID MILLER,DAVID.MILLER@EXAMPLE.COM,08/01/2025 12:42 PM,ELEC-AUDIO-3957,Sony Camera A7,£852.40,DEBIT CARD - Mastercard,"292 High Street, Los Angeles, TX 34944",Cancelled,Average product
TXN-20250522-001749,CUST-ASIA-0051,john davis,JOHN.DAVIS@TEST.COM,2025-05-22T09:04:03Z,CLOTH-JACKET-7431,Levis Jeans 32x34,$120.51,Google Pay,"4329 Elm Street, Manchester, UK, LS1 1AA",Cancelled - 23/05/2025,Excellent quality 👍
TXN20250213001750,CUST-ASIA-0127,Ms. Joseph Anderson,joseph.anderson@test.com,2025-02-13T20:38:59Z,SPORT-WATER-5581,Diving Gear Set,$129.02,Credit Card (Mastercard),,Delivered on 23/02/2025,Poor quality 😞
TXN-20250223-001751,CUST-UK-0107,  mrs. mary miller  ,,23/02/2025 12:31,HOME-LIGHTING-5537,Modern Sofa Set,$65.46,Google Pay,"6346 Oak Road, Liverpool, UK, SW1A 1AA",Cancelled - 23/02/2025,Amazing! Highly recommend ⭐⭐⭐⭐⭐
TXN-20240907-001752,CUST-UK-0026,,JOHN.DAVIS@TEST.COM,2024-09-07T21:14:39Z,SPORT-WATER-4351,Basketball Official,€76.51,Apple Pay,"2327 Oak Road, Phoenix, TX 85182",Shipped (est. arrival: September 12),Excellent quality 👍
TXN-20240219-001753,CUST-CA-0352,  Mrs. Michael Jones  ,michael.jones@test.com,"February 19, 2024 at 11:41AM",HOME-BEDDING-3681,LED Floor Lamp,$1402.41,credit_card,"9987 Elm Street, Leeds, UK, L1 1AA",Shipped (est. arrival: February 26),
TXN-20240825-001754,CUST-UK-0375,  Mrs. David Brown  ,DAVID.BROWN@SHOP.COM,08/25/2024 12:41 PM,BOOK-TEXTBOOK-7025,The Great Gatsby [Paperback],£73.84,Credit Card (Visa),"1602 High Street, Los Angeles, AZ 51599",Delivered on 03/09/2024,
TXN-20251018-001755,CUST-UK-0275,mr. james williams,james.williams@example.com,10/18/2025 10:11 AM,ELEC-LAPTOP-1428,Samsung Galaxy S24,"€1,689.86",Apple Pay,"5338 Oak Road, Phoenix, TX 57107",Cancelled,Disappointed 😢
TXN-20240223-001756,CUST-CA-0112,SARAH BROWN,sarah.brown@test.com,02/23/2024 07:25 AM,ELEC-LAPTOP-7477,Bose Headphones,€1137.74,credit_card,"7279 Park Ave, Phoenix, AZ 51301",Delivered on 2024-03-03,Not worth the price
TXN-20241103-001757,CUST-ASIA-0222,Mr. David Lopez,david.lopez@test.com,2024-11-03T14:02:31Z,ELEC-AUDIO-2273,Sony Camera A7,"$1,443.93",Credit Card (Mastercard),"7339 Oak Road, Leeds, UK, LS1 1AA",Delivered on 2024-11-05,
TXN-20251025-001758,CUST-EU-0396,  robert williams  ,robert.williams@email.com,2025-10-25T09:56:57Z,HOME-BEDDING-4046,Modern Sofa Set,$560.74,PayPal,"9326 Park Ave, Birmingham, UK, B1 1AA",Shipped (est. arrival: October 30),Excellent quality 👍
TXN-20250331-001759,CUST-UK-0164,Mrs. James Brown,JAMES.BROWN@TEST.COM,2025-03-31T18:31:09Z,CLOTH-JACKET-8898,Summer Dress (M),224.21,PayPal,"165 Elm Street, Los Angeles, CA 49242",Processing,Arrived damaged 😠
TXN-20250928-001760,CUST-CA-0338,john miller,JOHN.MILLER@MAIL.COM,09/28/2025 06:14 PM,SPORT-FITNESS-9109,Yoga Mat Premium,£226.35,CREDIT CARD,"8648 High Street, Phoenix, NY 51171",Delivered on 02/10/2025,Disappointed 😢
TXN-20250924-001761,CUST-EU-0173,Ms. James Lopez,james.lopez@test.com,09/24/2025 11:47 AM,HOME-DECOR-8397,Modern Sofa Set,€1149.59,Credit Card (Visa),"501 High Street, Chicago, CA 21848",Cancelled,Amazing! Highly recommend ⭐⭐⭐⭐⭐
TXN-20251012-001762,CUST-EU-0393,,linda.williams@test.com,2025-10-12T12:31:33Z,BOOK-NONFICTION-4112,Data Science Handbook,30.61,Debit Card - Visa,"7176 Oak Road, Leeds, UK, B1 1AA",Cancelled - 12/10/2025,Amazing! Highly recommend ⭐⭐⭐⭐⭐
TXN-20240421-001763,CUST-EU-0234,ROBERT JONES,ROBERT.JONES@MAIL.COM,21/04/2024 12:14,BOOK-EBOOK-2870,Digital Marketing eBook,$28.39,Apple Pay,"8532 Main St, Leeds, UK, M1 1AA",Cancelled - 21/04/2024,Disappointed 😢
TXN-20241203-001764,CUST-EU-0397,Patricia Lopez,patricia.lopez@email.com,03/12/2024 18:12,SPORT-WINTER-3159,Camping Tent 4-Person,$93.68,Debit Card - Visa,"5275 Main St, Manchester, UK, L1 1AA",Cancelled - 03/12/2024,Average product
TXN-20240205-001765,CUST-UK-0258,MICHAEL GARCIA,michael.garcia@example.com,05/02/2024 16:31,CLOTH-JACKET-6503,Summer Dress (M),$53.45,CREDIT CARD,,Processing,Excellent quality 👍
TXN-20240516-001766,CUST-UK-0029,  mr. joseph garcia  ,joseph.garcia@example.com,"May 16, 2024 at 9:21PM",HOME-DECOR-2295,Queen Bedding Set,£723.75,Credit Card (Mastercard),"3457 High Street, Los Angeles, AZ 24869",Delivered on 2024-05-18,Good value for money
TXN-20251006-001767,CUST-UK-0130,MR. EMMA LOPEZ,,2025-10-06T14:03:19Z,SPORT-TEAM-9425,Yoga Mat Premium,,Debit Card - Visa,"8925 Park Ave, Birmingham, UK, SW1A 1AA",Cancelled - 06/10/2025,Great product! 5 stars ⭐⭐⭐⭐⭐
TXN-20250807-001768,CUST-ASIA-0306,WILLIAM HERNANDEZ,WILLIAM.HERNANDEZ@TEST.COM,07/08/2025 10:34,ELEC-CAMERA-8617,Sony Camera A7,,PayPal,"3388 Main St, Houston, TX 60774",Processing,
TXN-20250520-001769,CUST-EU-0181,Mary Lopez,MARY.LOPEZ@EXAMPLE.COM,"May 20, 2025 at 4:35PM",CLOTH-PANTS-3292,Summer Dress (M),,credit_card,"7967 Main St, New York, CA 27974",Delivered on 2025-05-27,Good value for money
TXN-20241224-001770,CUST-UK-0388,John Hernandez,john.hernandez@mail.com,24/12/2024 02:39,BOOK-MAGAZINE-9023,Data Science Handbook,,Credit Card (Visa),"7322 Park Ave, Los Angeles, NY 74673",Delivered on 29/12/2024,Amazing! Highly recommend ⭐⭐⭐⭐⭐
TXN-20240110-001771,CUST-US-0474,Mr. Mary Davis,mary.davis@shop.com,2024-01-10T13:52:02Z,CLOTH-SHOES-2136,Summer Dress (M),$188.02,CREDIT CARD,"7124 Oak Road, Leeds, UK, LS1 1AA",Cancelled - 11/01/2024,Arrived damaged 😠
TXN-20250528-001772,CUST-UK-0104,  Richard Williams  ,RICHARD.WILLIAMS@TEST.COM,2025-05-28T15:52:02Z,SPORT-WINTER-1027,Ski Jacket Waterproof,$169.55,Credit Card (Visa),"2681 Park Ave, Phoenix, CA 39940",Cancelled,Amazing! Highly recommend ⭐⭐⭐⭐⭐
TXN-20251207-001773,CUST-CA-0015,PATRICIA WILLIAMS,patricia.williams@shop.com,12/07/2025 11:09 AM,BOOK-TEXTBOOK-8336,Digital Marketing eBook,£33.01,credit_card,"1422 Oak Road, Chicago, NY 28119",Delivered on 2025-12-17,Amazing! Highly recommend ⭐⭐⭐⭐⭐
TXN20250217001774,CUST-CA-0203,dr. robert davis,robert.davis@mail.com,02/17/2025 07:06 PM,CLOTH-SHOES-2367,Leather Jacket [L],82.29,DEBIT CARD - Mastercard,"9182 High Street, Birmingham, UK, LS1 1AA",Shipped (est. arrival: February 20),Amazing! Highly recommend ⭐⭐⭐⭐⭐
TXN-20250501-001775,CUST-ASIA-0154,ROBERT JONES,ROBERT.JONES@MAIL.COM,"May 1, 2025 at 2:15PM",ELEC-CAMERA-1897,"MacBook Pro 14""",$102.79,Apple Pay,"168 Park Ave, Manchester, UK, SW1A 1AA",Shipped (est. arrival: May 08),Good value for money
TXN-20240802-001776,CUST-UK-0245,Patricia Martinez,patricia.martinez@shop.com,2024-08-02T13:44:04Z,HOME-DECOR-8908,LED Floor Lamp,€822.05,Credit Card (Mastercard),"2190 Elm Street, Manchester, UK, LS1 1AA",Delivered on 2024-08-06,Arrived damaged 😠
TXN-20250720-001777,CUST-ASIA-0308,  Linda Anderson  ,linda.anderson@test.com,07/20/2025 12:02 PM,HOME-BEDDING-2478,Modern Sofa Set,"$1,254.89",CREDIT CARD,"6435 Park Ave, Liverpool, UK, SW1A 1AA",Delivered on 28/07/2025,Excellent quality 👍
TXN-20250131-001778,CUST-CA-0201,  mrs. linda wilson  ,linda.wilson@email.com,01/31/2025 04:56 PM,CLOTH-JACKET-1431,Leather Jacket [L],$234.55,Apple Pay,,Cancelled - 31/01/2025,
TXN-20250115-001779,CUST-CA-0345,Mr. Richard Davis,RICHARD.DAVIS@EMAIL.COM,"January 15, 2025 at 1:51PM",ELEC-LAPTOP-1313,"MacBook Pro 14""",£477.16,DEBIT CARD - Mastercard,,Processing,
TXN-20240123-001780,CUST-UK-0330,,john.garcia@shop.com,2024-01-23T18:15:10Z,SPORT-FITNESS-6519,Ski Jacket Waterproof,€202.96,Apple Pay,"8895 Oak Road, London, UK, M1 1AA",Shipped (est. arrival: January 30),Excellent quality 👍
TXN-20240920-001781,CUST-UK-0311,  Joseph Miller  ,joseph.miller@email.com,2024-09-20T19:04:20Z,SPORT-OUTDOOR-7290,Yoga Mat Premium,€129.70,Debit Card - Visa,"4668 Park Ave, Leeds, UK, B1 1AA",Shipped (est. arrival: September 23),Poor quality 😞
TXN-20250316-001782,CUST-ASIA-0383,  Mrs. Richard Miller  ,richard.miller@email.com,2025-03-16T23:19:42Z,ELEC-CAMERA-1054,Bose Headphones,€905.53,Credit Card (Mastercard),"7717 High Street, Liverpool, UK, LS1 1AA",Delivered on 22/03/2025,Great product! 5 stars ⭐⭐⭐⭐⭐
TXN-20250408-001783,CUST-US-0278,Jennifer Davis,,"April 8, 2025 at 8:50PM",BOOK-MAGAZINE-5993,Digital Marketing eBook,$19.51,DEBIT CARD - Mastercard,,Shipped (est. arrival: April 15),Amazing! Highly recommend ⭐⭐⭐⭐⭐
TXN-20241106-001784,CUST-UK-0012,Dr. Michael Johnson,michael.johnson@email.com,06/11/2024 18:45,BOOK-NONFICTION-2075,Python Programming,€63.61,DEBIT CARD - Mastercard,"6954 High Street, New York, CA 95054",Shipped (est. arrival: November 12),Perfect! 5/5 stars
TXN-20240808-001785,CUST-UK-0047,Dr. Richard Martinez,richard.martinez@test.com,08/08/2024 23:31,BOOK-TEXTBOOK-7693,Python Programming,€85.70,Credit Card (Visa),"9519 Oak Road, Phoenix, AZ 93047",Processing,
TXN-20250512-001786,CUST-EU-0487,  DR. MICHAEL ANDERSON  ,invalid-email,05/12/2025 02:26 PM,BOOK-NONFICTION-8099,Business Magazine,€79.47,PayPal,"3518 Oak Road, Houston, CA 33296",Shipped (est. arrival: May 15),Good value for money
TXN-20240627-001787,CUST-CA-0216,mary wilson,mary.wilson@test.com,27/06/2024 07:19,ELEC-TABLET-7913,Bose Headphones,"$1,621.24",CREDIT CARD,"3464 Elm Street, Birmingham, UK, B1 1AA",Processing,
TXN20250126001788,CUST-US-0352,,JOHN.MILLER@SHOP.COM,26/01/2025 16:51,HOME-BEDDING-9342,Queen Bedding Set,$250.55,Credit Card (Visa),"6306 Park Ave, Liverpool, UK, LS1 1AA",Cancelled,Poor quality 😞
TXN-20251015-001789,CUST-US-0482,Michael Williams,MICHAEL.WILLIAMS@MAIL.COM,"October 15, 2025 at 2:30PM",BOOK-FICTION-5597,Digital Marketing eBook,£96.32,Apple Pay,"2321 High Street, Houston, NY 66853",Shipped (est. arrival: October 18),Not worth the price
TXN-20250603-001790,CUST-UK-0452,Jennifer Martinez,jennifer.martinez@mail.com,"June 3, 2025 at 7:10PM",ELEC-LAPTOP-7912,Sony Camera A7,$1920.82,Credit Card (Visa),"2284 Elm Street, Chicago, NY 12741",Cancelled,Good value for money
TXN-20240717-001791,CUST-CA-0272,Michael Miller,,2024-07-17T13:18:51Z,BOOK-MAGAZINE-5956,Data Science Handbook,,Credit Card (Mastercard),"9838 High Street, Los Angeles, CA 21476",Shipped (est. arrival: July 24),Excellent quality 👍
TXN-20251122-001792,CUST-US-0043,Robert Wilson,robert.wilson@example.com,22/11/2025 18:46,BOOK-EBOOK-1555,Python Programming,£86.05,Credit Card (Visa),"4434 Oak Road, New York, TX 76923",Shipped (est. arrival: November 29),Arrived damaged 😠
TXN20240905001793,CUST-US-0067,james garcia,james.garcia@example.com,2024-09-05T22:11:17Z,BOOK-TEXTBOOK-7735,Digital Marketing eBook,$55.96,CREDIT CARD,"5116 Elm Street, Phoenix, IL 22574",Shipped (est. arrival: September 09),Arrived damaged 😠
TXN-20240701-001794,CUST-ASIA-0139,,MICHAEL.SMITH@EMAIL.COM,01/07/2024 15:24,CLOTH-PANTS-1863,Cotton T-Shirt,€249.37,CREDIT CARD,"2753 Park Ave, Phoenix, NY 54231",Shipped (est. arrival: July 05),Excellent quality 👍
TXN-20251226-001795,CUST-US-0194,,mary.rodriguez@test.com,12/26/2025 03:07 PM,BOOK-MAGAZINE-1034,Business Magazine,$96.52,Debit Card - Visa,"2540 Park Ave, Leeds, UK, SW1A 1AA",Shipped (est. arrival: January 01),Not worth the price
TXN-20250817-001796,CUST-EU-0253,Lisa Anderson,lisa.anderson@test.com,08/17/2025 09:41 PM,ELEC-PHONE-8168,Samsung Galaxy S24,€403.09,Credit Card (Mastercard),"6329 Oak Road, Manchester, UK, LS1 1AA",Delivered on 2025-08-21,Great product! 5 stars ⭐⭐⭐⭐⭐
TXN-20240618-001797,CUST-US-0050,,john.rodriguez@test.com,"June 18, 2024 at 8:57PM",ELEC-AUDIO-4895,Bose Headphones,$1575.00,CREDIT CARD,"9734 Main St, Houston, CA 17039",Shipped (est. arrival: June 25),Arrived damaged 😠
TXN-20250707-001798,CUST-EU-0419,,joseph.davis@example.com,2025-07-07T21:47:37Z,SPORT-WATER-7539,Ski Jacket Waterproof,€377.09,Apple Pay,"4616 Elm Street, Houston, NY 70368",Cancelled,
TXN-20240908-001799,CUST-US-0317,,JAMES.GARCIA@MAIL.COM,08/09/2024 13:17,SPORT-TEAM-2989,Ski Jacket Waterproof,$122.46,CREDIT CARD,,Shipped (est. arrival: September 11),Great product! 5 stars ⭐⭐⭐⭐⭐
TXN-20250619-001800,CUST-CA-0141,MRS. MARY GARCIA,,2025-06-19T21:31:21Z,CLOTH-DRESS-5110,Leather Jacket [L],£163.20,Apple Pay,"8797 Oak Road, Los Angeles, IL 34887",Delivered on 2025-06-22,
TXN-20250313-001801,CUST-CA-0499,MS. LINDA WILSON,linda.wilson@mail.com,03/13/2025 06:04 PM,ELEC-CAMERA-2455,"MacBook Pro 14""",274.01,Debit Card - Visa,"4558 Elm Street, Houston, IL 88549",Shipped (est. arrival: March 17),Perfect! 5/5 stars
TXN-20251212-001802,CUSTCA0412,Dr. Lisa Hernandez,lisa.hernandez@email.com,12/12/2025 17:03,HOME-BEDDING-8602,Modern Sofa Set,$1456.99,PayPal,"9504 High Street, Houston, IL 79343",Processing,Arrived damaged 😠
TXN-20250727-001803,CUST-EU-0494,  Mr. Jennifer Lopez  ,jennifer.lopez@shop.com,07/27/2025 10:15 AM,BOOK-MAGAZINE-7106,Python Programming,$61.03,Google Pay,"9038 High Street, Leeds, UK, LS1 1AA",Cancelled,Arrived damaged 😠
TXN-20250524-001804,CUST-ASIA-0281,Mrs. Linda Johnson,LINDA.JOHNSON@EMAIL.COM,05/24/2025 02:13 AM,SPORT-OUTDOOR-9535,Basketball Official,€469.37,Debit Card - Visa,"5018 Elm Street, Phoenix, AZ 61518",Processing,
TXN-20240809-001805,CUST-UK-0097,JOHN ANDERSON,,2024-08-09T19:58:10Z,CLOTH-JACKET-9905,Levis Jeans 32x34,$28.17,DEBIT CARD - Mastercard,"7331 High Street, Manchester, UK, L1 1AA",Cancelled - 11/08/2024,Excellent quality 👍
TXN-20250712-001806,CUST-EU-0056,Mrs. Richard Lopez,richard.lopez@test.com,"July 12, 2025 at 6:41AM",HOME-FURNITURE-9389,Kitchen Mixer,$384.73,CREDIT CARD,"4948 Park Ave, London, UK, LS1 1AA",Shipped (est. arrival: July 16),Good value for money
TXN-20241116-001807,CUST-EU-0421,Linda Anderson,linda.anderson@shop.com,"November 16, 2024 at 8:35AM",ELEC-CAMERA-3192,iPhone 15 Pro Max (256GB),,DEBIT CARD - Mastercard,"1216 Main St, New York, AZ 69424",Processing,Good value for money
TXN-20240330-001808,CUST-CA-0321,mr. john lopez,john.lopez@example.com,03/30/2024 01:17 PM,BOOK-EBOOK-9441,Business Magazine,,DEBIT CARD - Mastercard,"4239 High Street, Houston, CA 36975",Shipped (est. arrival: April 02),
TXN20260116001809,CUST-US-0234,,david.wilson@shop.com,16/01/2026 20:51,ELEC-PHONE-3060,Bose Headphones,$73.29,DEBIT CARD - Mastercard,"2199 Elm Street, Phoenix, NY 97003",Cancelled,
TXN-20250130-001810,CUST-UK-0424,MS. LISA SMITH,lisa.smith@shop.com,01/30/2025 11:15 AM,BOOK-TEXTBOOK-2328,Python Programming,€76.79,CREDIT CARD,"4924 Main St, Houston, NY 63024",Cancelled,Arrived damaged 😠
TXN-20240102-001811,CUST-US-0469,  david johnson  ,david.johnson@example.com,"January 2, 2024 at 1:32PM",SPORT-TEAM-1929,Yoga Mat Premium,$184.20,DEBIT CARD - Mastercard,"4438 Elm Street, Birmingham, UK, LS1 1AA",Cancelled - 03/01/2024,
TXN-20240613-001812,CUST-US-0009,MR. RICHARD LOPEZ,invalid-email,06/13/2024 10:45 AM,HOME-FURNITURE-8908,Queen Bedding Set,$64.17,credit_card,"691 High Street, Birmingham, UK, M1 1AA",Shipped (est. arrival: June 16),
TXN-20241031-001813,CUST-CA-0345,,EMMA.DAVIS@SHOP.COM,10/31/2024 03:40 PM,ELEC-CAMERA-4701,"MacBook Pro 14""",€183.95,CREDIT CARD,"9705 Park Ave, Chicago, CA 99487",Processing,Not worth the price
TXN-20241127-001814,CUST-US-0175,,MARY.JONES@MAIL.COM,2024-11-27T17:25:46Z,ELEC-AUDIO-9399,"MacBook Pro 14""",$1709.66,credit_card,"5944 Main St, Liverpool, UK, LS1 1AA",Shipped (est. arrival: December 01),Not worth the price
TXN-20251217-001815,CUST-ASIA-0052,john rodriguez,john.rodriguez@email.com,"December 17, 2025 at 11:02AM",HOME-DECOR-7372,Kitchen Mixer,€403.73,CREDIT CARD,,Processing,
TXN-20240410-001816,CUST-ASIA-0122,ms. john williams,JOHN.WILLIAMS@EXAMPLE.COM,2024-04-10T18:27:36Z,SPORT-TEAM-1336,Camping Tent 4-Person,$283.37,Credit Card (Mastercard),"473 Main St, Phoenix, AZ 49070",Processing,Perfect! 5/5 stars
TXN-20250103-001817,CUST-CA-0157,  Mrs. Jennifer Miller  ,,03/01/2025 15:12,ELEC-TABLET-6295,Sony Camera A7,$127.85,Apple Pay,"3051 High Street, London, UK, L1 1AA",Shipped (est. arrival: January 06),Excellent quality 👍
TXN-20260105-001818,CUST-US-0064,Ms. John Brown,invalid-email,05/01/2026 21:44,BOOK-EBOOK-9462,The Great Gatsby [Paperback],$93.13,Apple Pay,"7043 Elm Street, Birmingham, UK, M1 1AA",Shipped (est. arrival: January 08),Great product! 5 stars ⭐⭐⭐⭐⭐
TXN-20250903-001819,CUST-CA-0116,  Robert Davis  ,robert.davis@email.com,03/09/2025 22:33,SPORT-OUTDOOR-5577,Diving Gear Set,$252.27,DEBIT CARD - Mastercard,"3518 High Street, Birmingham, UK, L1 1AA",Delivered on 06/09/2025,Average product
TXN-20251113-001820,CUST-UK-0293,JOHN SMITH,user@domain,2025-11-13T22:55:25Z,SPORT-OUTDOOR-7219,Ski Jacket Waterproof,$77.48,DEBIT CARD - Mastercard,"5956 Main St, New York, AZ 55300",Cancelled,Excellent quality 👍
TXN-20241104-001821,CUST-ASIA-0071,ms. david davis,david.davis@example.com,11/04/2024 06:12 PM,ELEC-LAPTOP-7439,"MacBook Pro 14""",$1198.60,DEBIT CARD - Mastercard,"6629 Park Ave, Los Angeles, TX 58743",Shipped (est. arrival: November 07),Arrived damaged 😠
TXN20240312001822,CUST-EU-0398,Mr. Emma Miller,emma.miller@email.com,"March 12, 2024 at 6:48AM",SPORT-WINTER-2215,Ski Jacket Waterproof,$39.72,Credit Card (Mastercard),"2172 Oak Road, New York, TX 59217",Shipped (est. arrival: March 17),Not worth the price
TXN-20250427-001823,CUST-US-0057,DR. JAMES JONES,james.jones@shop.com,"April 27, 2025 at 6:56PM",CLOTH-SHIRT-5197,Nike Running Shoes - Size 10,£152.40,PayPal,"7087 Elm Street, New York, TX 67234",Processing,Good value for money
TXN-20251005-001824,CUST-EU-0325,  Sarah Lopez  ,sarah.lopez@email.com,"October 5, 2025 at 9:13PM",ELEC-AUDIO-8628,Samsung Galaxy S24,£1226.69,CREDIT CARD,"2647 High Street, Liverpool, UK, L1 1AA",Processing,Disappointed 😢
TXN-20240301-001825,CUST-EU-0229,Mrs. Joseph Jones,joseph.jones@email.com,"March 1, 2024 at 8:00AM",HOME-LIGHTING-2986,Wall Art Decoration,$577.33,CREDIT CARD,"1529 Elm Street, Chicago, AZ 86662",Delivered on 2024-03-05,Good value for money
TXN-20250623-001826,CUST-CA-0017,,,06/23/2025 05:50 PM,CLOTH-PANTS-6286,Summer Dress (M),$25.40,Credit Card (Mastercard),"917 Main St, Manchester, UK, M1 1AA",Processing,Disappointed 😢
TXN-20240711-001827,CUST-ASIA-0051,Ms. Robert Brown,robert.brown@email.com,11/07/2024 00:26,ELEC-CAMERA-4797,Samsung Galaxy S24,£561.34,CREDIT CARD,"1481 Park Ave, Liverpool, UK, SW1A 1AA",Cancelled,Not worth the price
TXN-20241209-001828,CUST-UK-0405,DR. JAMES MILLER,,09/12/2024 21:11,ELEC-TABLET-8925,Samsung Galaxy S24,$1234.29,Apple Pay,"5200 Elm Street, Chicago, NY 46968",Delivered on 2024-12-16,
TXN-20250615-001829,CUST-US-0377,JENNIFER JONES,jennifer.jones@mail.com,15/06/2025 15:34,ELEC-AUDIO-1611,Bose Headphones,,Credit Card (Mastercard),"9110 Main St, Liverpool, UK, LS1 1AA",Delivered on 2025-06-22,Arrived damaged 😠
TXN-20251128-001830,CUST-UK-0035,David Davis,david.davis@mail.com,"November 28, 2025 at 10:12AM",HOME-FURNITURE-7970,LED Floor Lamp,$1249.37,Debit Card - Visa,"989 Park Ave, Chicago, NY 54193",Delivered on 06/12/2025,Not worth the price
TXN-20240401-001831,CUST-US-0284,  Ms. William Wilson  ,william.wilson@test.com,04/01/2024 09:55 PM,HOME-FURNITURE-5135,LED Floor Lamp,$703.30,DEBIT CARD - Mastercard,"4759 Park Ave, New York, CA 35167",Shipped (est. arrival: April 07),
TXN-20251031-001832,CUST-ASIA-0317,mr. sarah anderson,sarah.anderson@email.com,"October 31, 2025 at 11:48AM",CLOTH-DRESS-2016,Levis Jeans 32x34,$170.09,Debit Card - Visa,"7626 Elm Street, Chicago, NY 16728",Cancelled,Perfect! 5/5 stars
TXN-20240527-001833,CUST-EU-0493,MR. RICHARD MARTINEZ,richard.martinez@example.com,"May 27, 2024 at 7:08PM",SPORT-TEAM-4265,Camping Tent 4-Person,$403.74,Debit Card - Visa,"9535 Park Ave, Liverpool, UK, LS1 1AA",Shipped (est. arrival: May 30),Not worth the price
TXN-20251113-001834,CUST-US-0192,RICHARD LOPEZ,richard.lopez@shop.com,13/11/2025 19:31,BOOK-FICTION-5559,Business Magazine,£22.21,Credit Card (Mastercard),"7030 High Street, Leeds, UK, L1 1AA",Delivered on 2025-11-15,Poor quality 😞
TXN-20240102-001835,CUST-CA-0374,James Lopez,,02/01/2024 13:10,BOOK-EBOOK-1639,The Great Gatsby [Paperback],71.75,credit_card,"9397 High Street, New York, NY 28701",Cancelled,Great product! 5 stars ⭐⭐⭐⭐⭐
TXN-20240206-001836,CUST-ASIA-0374,  DR. WILLIAM LOPEZ  ,WILLIAM.LOPEZ@TEST.COM,2024-02-06T11:17:12Z,SPORT-FITNESS-9931,Yoga Mat Premium,$242.04,PayPal,"687 Park Ave, Birmingham, UK, SW1A 1AA",Shipped (est. arrival: February 12),Arrived damaged 😠
TXN-20250711-001837,CUST-CA-0204,MS. JAMES JOHNSON,james.johnson@email.com,"July 11, 2025 at 10:34AM",SPORT-OUTDOOR-3797,Camping Tent 4-Person,$145.63,Google Pay,"1534 Oak Road, Birmingham, UK, M1 1AA",Cancelled,Amazing! Highly recommend ⭐⭐⭐⭐⭐
TXN-20240224-001838,CUST-US-0407,MICHAEL GARCIA,MICHAEL.GARCIA@EXAMPLE.COM,02/24/2024 07:03 PM,HOME-FURNITURE-2721,Modern Sofa Set,,credit_card,"6697 Main St, Leeds, UK, L1 1AA",Processing,Great product! 5 stars ⭐⭐⭐⭐⭐
TXN-20240609-001839,CUST-ASIA-0402,JOHN MARTINEZ,john.martinez@test.com,06/09/2024 09:44 PM,HOME-FURNITURE-6636,Queen Bedding Set,€1425.54,Google Pay,"2833 Oak Road, Manchester, UK, LS1 1AA",Shipped (est. arrival: June 12),Good value for money
TXN-20250806-001840,CUST-US-0223,DAVID WILLIAMS,david.williams@email.com,06/08/2025 18:12,SPORT-WINTER-2248,Diving Gear Set,,Credit Card (Mastercard),"4562 High Street, Phoenix, NY 95998",Cancelled - 08/08/2025,Poor quality 😞
TXN-20250830-001841,CUST-EU-0266,MS. MICHAEL WILLIAMS,,08/30/2025 08:20 PM,BOOK-TEXTBOOK-3190,Data Science Handbook,$83.26,Credit Card (Visa),"464 High Street, Phoenix, IL 75665",Processing,
TXN-20240815-001842,CUST-ASIA-0403,david miller,david.miller@example.com,15/08/2024 22:31,BOOK-NONFICTION-4948,Python Programming,€65.12,DEBIT CARD - Mastercard,"6632 Oak Road, Chicago, TX 64863",Cancelled - 16/08/2024,Amazing! Highly recommend ⭐⭐⭐⭐⭐
TXN-20250811-001843,CUST-ASIA-0113,dr. mary miller,mary.miller@shop.com,"August 11, 2025 at 9:18PM",HOME-KITCHEN-4270,Wall Art Decoration,"$1,046.04",Apple Pay,"1558 High Street, Phoenix, AZ 47231",Processing,
TXN-20240224-001844,CUST-CA-0392,MR. SARAH MILLER,sarah.miller@test.com,02/24/2024 02:13 PM,ELEC-AUDIO-4717,Sony Camera A7,$1515.90,PayPal,,Delivered on 2024-03-02,Average product
TXN-20241127-001845,CUST-EU-0058,Michael Smith,MICHAEL.SMITH@SHOP.COM,2024-11-27T22:50:06Z,SPORT-TEAM-6264,Yoga Mat Premium,,DEBIT CARD - Mastercard,"9416 Park Ave, Liverpool, UK, M1 1AA",Processing,
TXN-20251212-001846,CUST-ASIA-0174,  SARAH MILLER  ,SARAH.MILLER@MAIL.COM,2025-12-12T19:12:34Z,SPORT-FITNESS-5077,Camping Tent 4-Person,$58.63,Credit Card (Mastercard),"7697 Main St, Leeds, UK, B1 1AA",Delivered on 18/12/2025,Excellent quality 👍
TXN-20240305-001847,CUST-ASIA-0486,  Ms. David Rodriguez  ,DAVID.RODRIGUEZ@SHOP.COM,03/05/2024 01:55 PM,HOME-DECOR-9930,Kitchen Mixer,£951.79,Credit Card (Mastercard),"3258 High Street, London, UK, M1 1AA",Delivered on 2024-03-09,Perfect! 5/5 stars
TXN-20250123-001848,CUST-CA-0066,mrs. sarah lopez,SARAH.LOPEZ@EMAIL.COM,2025-01-23T14:07:44Z,BOOK-FICTION-2259,Python Programming,£40.89,Debit Card - Visa,"7402 Main St, Los Angeles, TX 91144",Delivered on 2025-02-01,
TXN-20240725-001849,CUST-ASIA-0097,mrs. patricia brown,PATRICIA.BROWN@EMAIL.COM,"July 25, 2024 at 1:09PM",ELEC-CAMERA-6731,Sony Camera A7,$558.77,Apple Pay,"1446 Oak Road, Chicago, AZ 99102",Delivered on 2024-08-01,
TXN-20251220-001850,CUST-ASIA-0290,Mr. William Rodriguez,WILLIAM.RODRIGUEZ@MAIL.COM,2025-12-20T19:25:15Z,CLOTH-JACKET-7625,Levis Jeans 32x34,181.66,Credit Card (Mastercard),"2976 High Street, Chicago, AZ 35802",Shipped (est. arrival: December 27),Disappointed 😢
TXN-20240623-001851,CUST-CA-0077,Mr. Mary Wilson,invalid-email,2024-06-23T12:29:58Z,CLOTH-JACKET-8612,Summer Dress (M),$98.56,CREDIT CARD,"2597 Elm Street, Manchester, UK, B1 1AA",Processing,Average product
TXN-20241128-001852,CUST-ASIA-0265,Jennifer Brown,user@domain,2024-11-28T19:14:39Z,CLOTH-SHOES-4216,Cotton T-Shirt,$58.45,CREDIT CARD,"7713 Main St, Chicago, TX 43610",Shipped (est. arrival: December 01),Good value for money
TXN-20250225-001853,CUST-UK-0423,dr. robert davis,ROBERT.DAVIS@TEST.COM,25/02/2025 15:36,HOME-LIGHTING-3129,Queen Bedding Set,$918.30,Credit Card (Mastercard),"3725 High Street, Houston, TX 50660",Delivered on 28/02/2025,Amazing! Highly recommend ⭐⭐⭐⭐⭐
TXN-20240214-001854,CUST-ASIA-0060,patricia smith,patricia.smith@mail.com,14/02/2024 18:33,HOME-LIGHTING-9946,Wall Art Decoration,$1375.25,CREDIT CARD,,Processing,
TXN-20240421-001855,CUST-ASIA-0245,Ms. William Jones,WILLIAM.JONES@SHOP.COM,2024-04-21T12:02:45Z,SPORT-OUTDOOR-8688,Yoga Mat Premium,$435.11,Credit Card (Visa),"6174 High Street, London, UK, M1 1AA",Delivered on 26/04/2024,Good value for money
TXN-20240502-001856,CUST-CA-0499,MR. LISA MARTINEZ,lisa.martinez@mail.com,05/02/2024 01:32 PM,HOME-DECOR-5335,Modern Sofa Set,$372.46,CREDIT CARD,"8478 Park Ave, Manchester, UK, M1 1AA",Shipped (est. arrival: May 09),Great product! 5 stars ⭐⭐⭐⭐⭐
TXN-20240705-001857,CUST-CA-0300,  Mr. James Wilson  ,james.wilson@example.com,05/07/2024 08:38,SPORT-WATER-3912,Ski Jacket Waterproof,£443.18,DEBIT CARD - Mastercard,"3862 High Street, Houston, CA 92821",Shipped (est. arrival: July 08),
TXN-20240317-001858,CUST-ASIA-0441,ms. emma anderson,EMMA.ANDERSON@EMAIL.COM,"March 17, 2024 at 7:40PM",BOOK-NONFICTION-2156,Python Programming,£34.30,Debit Card - Visa,"8051 Oak Road, New York, CA 94272",Cancelled,Great product! 5 stars ⭐⭐⭐⭐⭐
TXN-20240510-001859,CUST-UK-0262,mr. william davis,william.davis@email.com,10/05/2024 16:11,SPORT-WINTER-7661,Basketball Official,€328.39,Google Pay,"4468 Main St, London, UK, M1 1AA",Processing,
TXN-20250117-001860,CUST-CA-0483,James Davis,,01/17/2025 02:01 AM,SPORT-WATER-5227,Basketball Official,$227.94,Google Pay,"1177 Park Ave, Manchester, UK, B1 1AA",Cancelled - 17/01/2025,
TXN-20251002-001861,CUST-US-0134,LISA RODRIGUEZ,lisa.rodriguez@example.com,02/10/2025 08:49,SPORT-OUTDOOR-6746,Camping Tent 4-Person,,PayPal,"4308 Oak Road, Phoenix, AZ 17179",Delivered on 11/10/2025,Average product
TXN-20250514-001862,CUST-UK-0393,  lisa smith  ,LISA.SMITH@EMAIL.COM,2025-05-14T08:34:14Z,BOOK-TEXTBOOK-1458,Python Programming,$75.70,Debit Card - Visa,"4595 High Street, New York, IL 91303",Shipped (est. arrival: May 19),Disappointed 😢
TXN-20240713-001863,CUST-US-0222,WILLIAM GARCIA,william.garcia@example.com,2024-07-13T14:35:36Z,ELEC-TABLET-2703,Samsung Galaxy S24,$1652.78,credit_card,"7729 Elm Street, Phoenix, TX 36824",Processing,
TXN-20250917-001864,CUST-UK-0387,MS. LINDA JONES,linda.jones@shop.com,2025-09-17T17:11:40Z,BOOK-MAGAZINE-8027,Python Programming,$77.27,Debit Card - Visa,"3567 Park Ave, Phoenix, IL 95481",Cancelled - 19/09/2025,Great product! 5 stars ⭐⭐⭐⭐⭐
TXN-20260122-001865,CUST-EU-0415,Linda Davis,LINDA.DAVIS@EMAIL.COM,2026-01-22T20:04:32Z,CLOTH-JACKET-7912,Nike Running Shoes - Size 10,134.40,Credit Card (Mastercard),"8960 Elm Street, London, UK, M1 1AA",Cancelled - 24/01/2026,
TXN-20241018-001866,CUST-ASIA-0330,,,18/10/2024 22:05,ELEC-PHONE-6436,iPhone 15 Pro Max (256GB),,CREDIT CARD,"2176 Park Ave, Chicago, NY 54752",Cancelled,Great product! 5 stars ⭐⭐⭐⭐⭐
TXN-20240108-001867,CUST-CA-0263,MRS. WILLIAM DAVIS,william.davis@email.com,08/01/2024 13:27,CLOTH-PANTS-3928,Cotton T-Shirt,,PayPal,"5817 Oak Road, New York, NY 83209",Shipped (est. arrival: January 12),Excellent quality 👍
TXN-20250828-001868,CUST-US-0312,  LISA DAVIS  ,lisa.davis@shop.com,08/28/2025 11:21 AM,CLOTH-SHOES-6216,Cotton T-Shirt,$214.50,Debit Card - Visa,"645 Oak Road, Birmingham, UK, LS1 1AA",Cancelled - 28/08/2025,Arrived damaged 😠
TXN-20250618-001869,CUST-US-0042,  James Williams  ,james.williams@mail.com,18/06/2025 16:40,ELEC-TABLET-6955,"MacBook Pro 14""",$1988.51,Google Pay,"7676 High Street, Houston, CA 63277",Processing,Arrived damaged 😠
TXN-20250205-001870,CUST-UK-0461,MS. ROBERT RODRIGUEZ,ROBERT.RODRIGUEZ@MAIL.COM,"February 5, 2025 at 11:07PM",ELEC-TABLET-8466,iPhone 15 Pro Max (256GB),"€1,493.28",Apple Pay,"6326 High Street, Leeds, UK, M1 1AA",Processing,Arrived damaged 😠
TXN-20240301-001871,CUST-EU-0136,DR. EMMA LOPEZ,emma.lopez@mail.com,"March 1, 2024 at 7:04AM",HOME-LIGHTING-4919,Wall Art Decoration,$1118.71,Debit Card - Visa,"2073 Park Ave, Chicago, CA 89298",Processing,
TXN-20240115-001872,CUST-EU-0213,Dr. Linda Wilson,,2024-01-15T15:03:03Z,BOOK-EBOOK-5715,The Great Gatsby [Paperback],$49.66,Google Pay,,Cancelled - 17/01/2024,Good value for money
TXN-20240127-001873,CUST-UK-0167,  John Wilson  ,john.wilson@mail.com,01/27/2024 12:03 PM,SPORT-FITNESS-8191,Camping Tent 4-Person,£33.47,Google Pay,"2391 Oak Road, Houston, TX 88456",Shipped (est. arrival: February 01),Good value for money
TXN-20251214-001874,CUST-ASIA-0378,Mr. John Rodriguez,john.rodriguez@example.com,"December 14, 2025 at 8:37PM",HOME-FURNITURE-8154,Queen Bedding Set,$240.18,DEBIT CARD - Mastercard,,Cancelled,Average product
TXN-20251216-001875,CUST-US-0072,Dr. Richard Miller,RICHARD.MILLER@MAIL.COM,16/12/2025 19:13,HOME-LIGHTING-2500,LED Floor Lamp,$162.39,PayPal,"6291 Park Ave, Leeds, UK, L1 1AA",Delivered on 2025-12-23,Arrived damaged 😠
TXN-20251123-001876,CUST-CA-0042,DR. DAVID WILLIAMS,david.williams@mail.com,2025-11-23T13:32:54Z,ELEC-CAMERA-2066,Bose Headphones,£782.70,CREDIT CARD,"7062 Park Ave, Houston, NY 66080",Processing,
TXN-20240319-001877,CUST-UK-0288,Linda Smith,LINDA.SMITH@MAIL.COM,"March 19, 2024 at 9:58PM",ELEC-TABLET-3720,Sony Camera A7,$1369.51,credit_card,"1094 High Street, Phoenix, CA 95519",Cancelled - 19/03/2024,Great product! 5 stars ⭐⭐⭐⭐⭐
TXN-20240828-001878,CUST-CA-0419,mr. jennifer wilson,jennifer.wilson@mail.com,2024-08-28T17:19:23Z,HOME-FURNITURE-1354,LED Floor Lamp,$733.78,Credit Card (Visa),"3163 Main St, Phoenix, IL 44365",Shipped (est. arrival: September 01),Arrived damaged 😠
TXN-20250608-001879,CUST-ASIA-0375,Mr. Patricia Williams,PATRICIA.WILLIAMS@EMAIL.COM,08/06/2025 21:48,HOME-FURNITURE-5247,Modern Sofa Set,$247.42,Credit Card (Mastercard),"3854 Park Ave, Los Angeles, NY 34874",Cancelled,Average product
TXN-20240420-001880,CUST-EU-0359,  Mrs. Sarah Lopez  ,,2027-12-31T23:59:59Z,CLOTH-DRESS-3882,Levis Jeans 32x34,£184.03,Credit Card (Visa),,Delivered on 2024-04-23,Arrived damaged 😠
TXN-20240325-001881,CUST-CA-0311,RICHARD MILLER,,03/25/2024 12:13 PM,SPORT-FITNESS-9939,Yoga Mat Premium,£498.55,PayPal,"6050 Elm Street, London, UK, B1 1AA",Cancelled,Perfect! 5/5 stars
TXN-20250527-001882,CUST-CA-0209,DR. JOHN WILLIAMS,john.williams@shop.com,27/05/2025 16:01,SPORT-WINTER-7251,Basketball Official,$395.79,credit_card,"9451 High Street, Chicago, IL 73513",Shipped (est. arrival: June 01),Good value for money
TXN-20240207-001883,CUST-UK-0238,james wilson,james.wilson@example.com,02/07/2024 06:46 PM,HOME-LIGHTING-7147,Queen Bedding Set,,DEBIT CARD - Mastercard,"4542 High Street, Houston, AZ 65231",Shipped (est. arrival: February 13),Amazing! Highly recommend ⭐⭐⭐⭐⭐
TXN-20241218-001884,CUST-US-0343,mrs. lisa garcia,lisa.garcia@email.com,18/12/2024 19:51,SPORT-TEAM-1960,Ski Jacket Waterproof,$248.53,Credit Card (Mastercard),"4208 High Street, Manchester, UK, M1 1AA",Processing,Arrived damaged 😠
TXN20250303001885,CUST-ASIA-0472,LINDA GARCIA,user@domain,03/03/2025 02:47,HOME-KITCHEN-4513,Queen Bedding Set,$1223.31,Apple Pay,"1087 Oak Road, Birmingham, UK, B1 1AA",Cancelled - 05/03/2025,Poor quality 😞
TXN-20250318-001886,CUST-UK-0408,,WILLIAM.SMITH@SHOP.COM,"March 18, 2025 at 3:27PM",BOOK-TEXTBOOK-1574,Digital Marketing eBook,32.57,Google Pay,"880 High Street, New York, NY 54202",Shipped (est. arrival: March 22),Amazing! Highly recommend ⭐⭐⭐⭐⭐
TXN-20240820-001887,CUST-UK-0393,Dr. William Davis,,2024-08-20T21:52:43Z,HOME-FURNITURE-3380,Queen Bedding Set,£517.58,credit_card,"6245 Main St, Los Angeles, NY 32180",Cancelled,Not worth the price
TXN-20250425-001888,CUST-CA-0353,mr. robert smith,,2025-04-25T14:47:19Z,SPORT-OUTDOOR-8698,Camping Tent 4-Person,£395.72,Google Pay,"4197 Oak Road, Phoenix, CA 19774",Delivered on 02/05/2025,Excellent quality 👍
TXN-20240717-001889,CUST-ASIA-0303,Patricia Rodriguez,,2024-07-17T14:34:48Z,BOOK-FICTION-9716,Business Magazine,€99.17,Debit Card - Visa,"5454 Oak Road, Houston, CA 50793",Processing,Disappointed 😢
TXN-20250901-001890,CUST-CA-0064,,LISA.JOHNSON@TEST.COM,"September 1, 2025 at 10:48PM",ELEC-TABLET-6809,"MacBook Pro 14""",£905.92,Credit Card (Visa),"4442 Park Ave, Birmingham, UK, L1 1AA",Cancelled - 01/09/2025,Poor quality 😞
TXN-20240906-001891,CUST-US-0386,Ms. Robert Rodriguez,robert.rodriguez@test.com,06/09/2024 23:50,HOME-DECOR-2111,Modern Sofa Set,,Credit Card (Visa),"1132 Oak Road, Leeds, UK, LS1 1AA",Cancelled - 08/09/2024,Poor quality 😞
TXN-20250520-001892,CUST-EU-0345,Ms. Patricia Smith,patricia.smith@test.com,20/05/2025 15:57,SPORT-WINTER-3997,Yoga Mat Premium,$494.30,Credit Card (Mastercard),"3101 Elm Street, Chicago, NY 27079",Shipped (est. arrival: May 23),Poor quality 😞
TXN-20260102-001893,CUST-ASIA-0194,Dr. Lisa Jones,,02/01/2026 18:29,HOME-FURNITURE-6987,Kitchen Mixer,$795.31,Credit Card (Visa),"6134 Park Ave, Leeds, UK, B1 1AA",Shipped (est. arrival: January 05),
TXN-20250629-001894,CUST-ASIA-0115,ms. sarah hernandez,SARAH.HERNANDEZ@SHOP.COM,"June 29, 2025 at 11:46AM",SPORT-WINTER-1985,Yoga Mat Premium,$109.61,Debit Card - Visa,"522 Elm Street, Leeds, UK, L1 1AA",Cancelled - 30/06/2025,Not worth the price
TXN-20240827-001895,CUST-US-0162,MS. ROBERT SMITH,robert.smith@email.com,08/27/2024 10:11 AM,ELEC-TABLET-7295,iPhone 15 Pro Max (256GB),"$1,321.27",Credit Card (Mastercard),,Delivered on 2024-08-29,Arrived damaged 😠
TXN-20251204-001896,CUST-CA-0076,mr. james anderson,james.anderson@shop.com,12/04/2025 06:51 PM,ELEC-PHONE-9687,Samsung Galaxy S24,,Credit Card (Visa),,Processing,Disappointed 😢
TXN-20240226-001897,CUST-EU-0297,  MRS. JOHN WILSON  ,,"February 26, 2024 at 8:42AM",CLOTH-PANTS-3787,Summer Dress (M),228.59,credit_card,"4010 Elm Street, New York, CA 30719",Shipped (est. arrival: March 04),
TXN-20240503-001898,CUST-UK-0096,JOHN WILLIAMS,john.williams@test.com,05/03/2024 06:05 PM,ELEC-PHONE-6561,Samsung Galaxy S24,$984.87,CREDIT CARD,"1455 High Street, Birmingham, UK, SW1A 1AA",Processing,Excellent quality 👍
TXN-20251001-001899,CUST-CA-0311,  LISA MILLER  ,LISA.MILLER@EXAMPLE.COM,10/01/2025 11:05 PM,CLOTH-SHIRT-8127,Leather Jacket [L],$284.20,CREDIT CARD,,Cancelled,
TXN-20240127-001900,CUST-UK-0091,Richard Garcia,richard.garcia@test.com,01/27/2024 01:44 PM,CLOTH-SHIRT-6167,Leather Jacket [L],,credit_card,"7601 Elm Street, Birmingham, UK, B1 1AA",Delivered on 2024-01-30,Arrived damaged 😠
TXN-20250406-001901,CUST-EU-0128,,william.martinez@mail.com,2025-04-06T17:59:52Z,SPORT-WATER-8158,Yoga Mat Premium,$344.30,DEBIT CARD - Mastercard,"4734 Main St, Los Angeles, TX 11833",Cancelled,Amazing! Highly recommend ⭐⭐⭐⭐⭐
TXN-20241123-001902,CUST-EU-0384,  Dr. Richard Rodriguez  ,richard.rodriguez@example.com,11/23/2024 04:18 PM,SPORT-WINTER-4044,Diving Gear Set,€41.91,Credit Card (Mastercard),"7926 Elm Street, Los Angeles, TX 26233",Delivered on 30/11/2024,
TXN-20240818-001903,CUST-US-0107,,ROBERT.MILLER@EXAMPLE.COM,08/18/2024 05:23 AM,ELEC-AUDIO-6584,Samsung Galaxy S24,$1248.00,Credit Card (Visa),"5582 Park Ave, Leeds, UK, B1 1AA",Processing,
TXN-20250427-001904,CUST-CA-0398,Dr. John Jones,john.jones@email.com,04/27/2025 01:20 PM,SPORT-OUTDOOR-1286,Ski Jacket Waterproof,$311.23,Credit Card (Mastercard),"7418 Elm Street, Birmingham, UK, L1 1AA",Processing,Poor quality 😞
TXN-20240707-001905,CUST-CA-0320,DR. JAMES DAVIS,james.davis@test.com,07/07/2024 09:52 PM,CLOTH-SHIRT-5558,Cotton T-Shirt,$178.92,Apple Pay,"4671 Elm Street, Los Angeles, AZ 66920",Shipped (est. arrival: July 14),
TXN-20240114-001906,CUST-CA-0369,EMMA JOHNSON,emma.johnson@test.com,01/14/2024 10:27 PM,BOOK-NONFICTION-5008,The Great Gatsby [Paperback],$84.59,Apple Pay,"3647 High Street, Chicago, CA 99123",Processing,Great product! 5 stars ⭐⭐⭐⭐⭐
TXN-20240321-001907,CUSTASIA0421,Mr. William Hernandez,WILLIAM.HERNANDEZ@TEST.COM,21/03/2024 18:09,BOOK-EBOOK-4451,Python Programming,£74.97,Google Pay,"7492 Oak Road, Houston, NY 23298",Processing,Perfect! 5/5 stars
TXN-20241119-001908,CUST-UK-0007,  mr. david garcia  ,david.garcia@example.com,11/19/2024 11:56 AM,BOOK-MAGAZINE-7392,Business Magazine,€62.62,Debit Card - Visa,"3291 Main St, Phoenix, IL 32563",Processing,Good value for money
TXN-20240730-001909,CUST-ASIA-0307,william jones,WILLIAM.JONES@MAIL.COM,2024-07-30T15:49:43Z,ELEC-CAMERA-9810,Sony Camera A7,,CREDIT CARD,"1636 Elm Street, Chicago, IL 96929",Delivered on 2024-08-07,Perfect! 5/5 stars
TXN-20241104-001910,CUST-US-0193,Ms. William Garcia,,2024-11-04T16:27:25Z,CLOTH-PANTS-5638,Levis Jeans 32x34,£159.81,Google Pay,"3666 Oak Road, Houston, TX 54122",Shipped (est. arrival: November 11),
TXN-20251127-001911,CUST-EU-0251,Lisa Wilson,,27/11/2025 19:47,BOOK-EBOOK-7737,Python Programming,$47.50,Credit Card (Mastercard),"2084 Park Ave, Liverpool, UK, B1 1AA",Processing,Poor quality 😞
TXN-20240930-001912,CUST-US-0305,Michael Rodriguez,user@domain,30/09/2024 22:15,HOME-BEDDING-9402,Modern Sofa Set,€1148.77,PayPal,"1899 Park Ave, Houston, NY 64752",Shipped (est. arrival: October 04),Great product! 5 stars ⭐⭐⭐⭐⭐
TXN-20250629-001913,CUST-EU-0275,Mrs. David Smith,david.smith@test.com,"June 29, 2025 at 5:12AM",BOOK-MAGAZINE-2416,The Great Gatsby [Paperback],£84.82,Apple Pay,"3489 Main St, Birmingham, UK, SW1A 1AA",Processing,Excellent quality 👍
TXN-20250202-001914,CUST-US-0329,  John Miller  ,john.miller@mail.com,02/02/2025 04:58 PM,ELEC-TABLET-9436,iPhone 15 Pro Max (256GB),$1322.36,CREDIT CARD,"7943 Park Ave, New York, CA 43172",Shipped (est. arrival: February 09),Average product
TXN-20250705-001915,CUST-CA-0235,Dr. Emma Hernandez,emma.hernandez@email.com,2025-07-05T21:12:41Z,SPORT-FITNESS-6602,Diving Gear Set,£84.29,Debit Card - Visa,,Processing,Perfect! 5/5 stars
TXN-20250310-001916,CUST-US-0110,Robert Rodriguez,ROBERT.RODRIGUEZ@MAIL.COM,03/10/2025 11:35 PM,BOOK-NONFICTION-4224,Data Science Handbook,$59.58,DEBIT CARD - Mastercard,"7331 Park Ave, New York, NY 92932",Delivered on 2025-03-15,
TXN-20250314-001917,CUST-EU-0091,  david williams  ,,2025-03-14T12:08:52Z,CLOTH-SHIRT-6287,Leather Jacket [L],€199.18,CREDIT CARD,"7387 Elm Street, Leeds, UK, SW1A 1AA",Shipped (est. arrival: March 19),Amazing! Highly recommend ⭐⭐⭐⭐⭐
TXN-20251205-001918,CUST-US-0457,Mrs. John Davis,john.davis@example.com,2025-12-05T14:19:16Z,BOOK-FICTION-9997,Business Magazine,£91.92,Google Pay,"1164 Oak Road, New York, IL 98197",Shipped (est. arrival: December 09),Perfect! 5/5 stars
TXN20251126001919,CUST-US-0357,  WILLIAM WILLIAMS  ,william.williams@shop.com,2025-11-26T11:02:34Z,BOOK-MAGAZINE-5638,Digital Marketing eBook,63.52,Debit Card - Visa,"2097 Park Ave, Phoenix, AZ 29110",Delivered on 2025-12-02,Good value for money
TXN-20241204-001920,CUST-US-0322,  james lopez  ,,04/12/2024 15:12,BOOK-MAGAZINE-6671,Business Magazine,€97.82,Google Pay,"7021 Oak Road, Liverpool, UK, M1 1AA",Shipped (est. arrival: December 07),Disappointed 😢
TXN-20240801-001921,CUST-CA-0123,,RICHARD.DAVIS@TEST.COM,01/08/2024 04:17,SPORT-OUTDOOR-7095,Diving Gear Set,$185.10,DEBIT CARD - Mastercard,"8387 Oak Road, Birmingham, UK, M1 1AA",Delivered on 03/08/2024,
TXN-20240215-001922,CUST-UK-0145,Dr. Jennifer Hernandez,jennifer.hernandez@example.com,"February 15, 2024 at 1:45PM",ELEC-AUDIO-1469,Sony Camera A7,,Apple Pay,"7397 Oak Road, London, UK, SW1A 1AA",Processing,Great product! 5 stars ⭐⭐⭐⭐⭐
TXN-20250827-001923,CUST-UK-0309,Dr. Emma Jones,EMMA.JONES@TEST.COM,27/08/2025 11:50,HOME-DECOR-7733,Wall Art Decoration,1405.65,Google Pay,"9079 Park Ave, Chicago, IL 92600",Shipped (est. arrival: September 03),Good value for money
TXN-20240709-001924,CUST-US-0298,MS. JOHN RODRIGUEZ,john.rodriguez@example.com,09/07/2024 21:24,ELEC-PHONE-6678,Bose Headphones,1624.75,Debit Card - Visa,"1357 Main St, New York, IL 75290",Cancelled,Excellent quality 👍
TXN-20240131-001925,CUST-EU-0211,,david.williams@email.com,31/01/2024 20:21,BOOK-MAGAZINE-7791,Python Programming,€47.72,Credit Card (Visa),"3587 Main St, London, UK, M1 1AA",Processing,
TXN-20240325-001926,CUST-UK-0141,  Dr. James Anderson  ,james.anderson@email.com,"March 25, 2024 at 7:09PM",SPORT-OUTDOOR-3599,Diving Gear Set,,credit_card,"3596 Oak Road, Chicago, AZ 13622",Delivered on 2024-03-29,Good value for money
TXN-20240121-001927,CUST-EU-0126,RICHARD WILLIAMS,,21/01/2024 13:24,ELEC-PHONE-7979,Samsung Galaxy S24,,Credit Card (Mastercard),"1950 Main St, Houston, TX 67900",Cancelled - 21/01/2024,Average product
TXN-20250620-001928,CUST-UK-0407,mrs. patricia davis,PATRICIA.DAVIS@TEST.COM,20/06/2025 20:27,CLOTH-DRESS-5398,Nike Running Shoes - Size 10,£32.73,CREDIT CARD,"8884 Oak Road, Birmingham, UK, M1 1AA",Processing,Great product! 5 stars ⭐⭐⭐⭐⭐
TXN-20250605-001929,CUST-CA-0397,,linda.smith@test.com,06/05/2025 01:48 PM,BOOK-TEXTBOOK-8102,Digital Marketing eBook,$60.45,PayPal,"9695 Park Ave, London, UK, M1 1AA",Shipped (est. arrival: June 11),Poor quality 😞
TXN-20250208-001930,CUST-US-0267,Dr. Michael Jones,michael@,"February 8, 2025 at 6:06PM",CLOTH-SHOES-4827,Summer Dress (M),€46.06,Debit Card - Visa,"4524 High Street, Liverpool, UK, LS1 1AA",Delivered on 2025-02-12,Poor quality 😞
TXN-20251122-001931,CUST-US-0295,MR. MICHAEL MILLER,michael.miller@shop.com,"November 22, 2025 at 3:51PM",CLOTH-DRESS-5758,Levis Jeans 32x34,$286.71,Debit Card - Visa,"6015 Oak Road, Leeds, UK, SW1A 1AA",Shipped (est. arrival: November 28),
TXN-20240218-001932,CUST-ASIA-0464,Ms. Joseph Garcia,JOSEPH.GARCIA@TEST.COM,18/02/2024 15:06,HOME-BEDDING-5176,Wall Art Decoration,,Apple Pay,"1752 Oak Road, Liverpool, UK, SW1A 1AA",Cancelled,Excellent quality 👍
TXN-20250103-001933,CUST-US-0404,JOSEPH MILLER,joseph.miller@test.com,"January 3, 2025 at 7:54AM",BOOK-FICTION-6964,Digital Marketing eBook,89.00,Credit Card (Visa),"4233 Main St, Liverpool, UK, B1 1AA",Delivered on 11/01/2025,Good value for money
TXN-20241213-001934,CUST-EU-0029,Mrs. Joseph Smith,,12/13/2024 06:11 PM,ELEC-PHONE-3322,Sony Camera A7,$1931.40,credit_card,"3884 Main St, Houston, NY 46052",Shipped (est. arrival: December 19),Not worth the price
TXN-20250220-001935,CUST-EU-0360,Mrs. Robert Miller,robert.miller@example.com,02/20/2025 11:32 AM,CLOTH-DRESS-3317,Nike Running Shoes - Size 10,$84.18,credit_card,"8230 Main St, New York, CA 82218",Cancelled,Not worth the price
TXN-20250827-001936,CUST-ASIA-0379,MRS. ROBERT HERNANDEZ,robert.hernandez@email.com,27/08/2025 19:57,SPORT-OUTDOOR-5866,Basketball Official,$261.72,Credit Card (Mastercard),"8055 High Street, Phoenix, AZ 27055",Shipped (est. arrival: September 03),Disappointed 😢
TXN-20241123-001937,CUST-US-0242,DR. EMMA JONES,emma.jones@email.com,2024-11-23T14:53:39Z,CLOTH-DRESS-2847,Levis Jeans 32x34,$153.51,Credit Card (Mastercard),"4546 Main St, Leeds, UK, SW1A 1AA",Cancelled - 25/11/2024,Disappointed 😢
TXN-20241230-001938,CUSTUS0469,Mr. Linda Wilson,linda.wilson@email.com,"December 30, 2024 at 11:57AM",CLOTH-SHOES-4516,Leather Jacket [L],,Debit Card - Visa,,Shipped (est. arrival: January 05),Not worth the price
TXN-20240315-001939,CUST-EU-0455,,robert.smith@test.com,2024-03-15T16:36:22Z,ELEC-LAPTOP-8937,iPhone 15 Pro Max (256GB),£1991.04,Debit Card - Visa,"576 Elm Street, Chicago, AZ 74759",Cancelled,
TXN-20240815-001940,CUST-CA-0195,,david.johnson@shop.com,2024-08-15T12:01:20Z,HOME-KITCHEN-8936,LED Floor Lamp,,Debit Card - Visa,"9914 Oak Road, Los Angeles, IL 17955",Shipped (est. arrival: August 21),Perfect! 5/5 stars
TXN20240318001941,CUST-US-0186,richard martinez,RICHARD.MARTINEZ@EMAIL.COM,18/03/2024 00:39,ELEC-CAMERA-8912,"MacBook Pro 14""",€973.21,Credit Card (Mastercard),"5940 Park Ave, Birmingham, UK, SW1A 1AA",Cancelled - 19/03/2024,Arrived damaged 😠
TXN-20250625-001942,CUST-EU-0274,ms. richard anderson,richard.anderson@example.com,06/25/2025 07:45 PM,BOOK-MAGAZINE-3249,Business Magazine,$41.73,CREDIT CARD,"7534 High Street, London, UK, LS1 1AA",Processing,Not worth the price
TXN-20250429-001943,CUST-US-0209,DR. LINDA RODRIGUEZ,user@domain,2025-04-29T14:25:11Z,CLOTH-PANTS-3688,Nike Running Shoes - Size 10,€202.27,PayPal,"6828 Elm Street, Birmingham, UK, SW1A 1AA",Delivered on 03/05/2025,
TXN-20250903-001944,CUST-CA-0370,Dr. Robert Miller,ROBERT.MILLER@TEST.COM,2025-09-03T13:50:33Z,ELEC-LAPTOP-3781,Sony Camera A7,"€1,578.13",credit_card,"5652 Oak Road, Houston, CA 35846",Delivered on 2025-09-07,Average product
TXN-20240601-001945,CUST-US-0025,Mary Rodriguez,mary.rodriguez@example.com,01/06/2024 10:08,SPORT-FITNESS-2252,Camping Tent 4-Person,€379.53,Credit Card (Mastercard),,Delivered on 08/06/2024,
TXN-20250813-001946,CUST-UK-0312,mr. james smith,user@domain,"August 13, 2025 at 7:21PM",HOME-FURNITURE-3712,Wall Art Decoration,$196.89,DEBIT CARD - Mastercard,"983 High Street, Leeds, UK, LS1 1AA",Delivered on 18/08/2025,Average product
TXN20250725001947,CUST-CA-0316,Ms. Jennifer Brown,JENNIFER.BROWN@EXAMPLE.COM,07/25/2025 04:07 PM,ELEC-TABLET-7249,Bose Headphones,"$1,516.11",DEBIT CARD - Mastercard,"9102 Park Ave, Phoenix, CA 48777",Delivered on 2025-07-29,Perfect! 5/5 stars
TXN-20240708-001948,CUST-UK-0445,Jennifer Lopez,JENNIFER.LOPEZ@EMAIL.COM,2024-07-08T10:46:26Z,SPORT-FITNESS-8930,Ski Jacket Waterproof,$332.17,DEBIT CARD - Mastercard,"8642 Elm Street, Liverpool, UK, SW1A 1AA",Delivered on 2024-07-18,Excellent quality 👍
TXN-20250427-001949,CUST-ASIA-0232,  Joseph Miller  ,JOSEPH.MILLER@MAIL.COM,27/04/2025 15:58,CLOTH-SHIRT-5094,Nike Running Shoes - Size 10,€85.53,Credit Card (Mastercard),"5274 Oak Road, Liverpool, UK, SW1A 1AA",Delivered on 06/05/2025,
TXN-20250128-001950,CUST-UK-0471,,john.anderson@email.com,"January 28, 2025 at 12:19PM",HOME-LIGHTING-2629,Kitchen Mixer,€415.37,Apple Pay,"2860 Main St, Phoenix, IL 38399",Delivered on 02/02/2025,Average product
TXN-20241013-001951,CUST-US-0487,Emma Williams,emma.williams@example.com,2024-10-13T03:05:13Z,SPORT-WATER-2923,Diving Gear Set,140.19,CREDIT CARD,"7726 Oak Road, Liverpool, UK, L1 1AA",Shipped (est. arrival: October 20),Great product! 5 stars ⭐⭐⭐⭐⭐
TXN-20250811-001952,CUST-UK-0399,mr. robert anderson,robert.anderson@test.com,11/08/2025 23:17,CLOTH-DRESS-1425,Cotton T-Shirt,,Credit Card (Visa),"6821 Main St, Manchester, UK, B1 1AA",Processing,Good value for money
TXN-20250617-001953,CUST-UK-0306,DR. WILLIAM RODRIGUEZ,william.rodriguez@email.com,06/17/2025 10:49 PM,CLOTH-DRESS-2976,Leather Jacket [L],$299.65,Google Pay,"3754 High Street, Chicago, CA 11951",Delivered on 20/06/2025,
TXN-20250623-001954,CUSTUK0145,MR. JAMES GARCIA,james.garcia@shop.com,06/23/2025 09:58 PM,HOME-KITCHEN-9003,Modern Sofa Set,€350.82,Credit Card (Visa),"175 Elm Street, Phoenix, CA 82710",Shipped (est. arrival: June 29),Great product! 5 stars ⭐⭐⭐⭐⭐
TXN-20240324-001955,CUST-US-0404,mrs. richard williams,,"March 24, 2024 at 7:32PM",BOOK-TEXTBOOK-8576,The Great Gatsby [Paperback],80.67,Credit Card (Visa),"7148 Oak Road, Manchester, UK, LS1 1AA",Processing,Good value for money
TXN-20250404-001956,CUST-CA-0330,PATRICIA WILLIAMS,user@domain,"April 4, 2025 at 10:14AM",SPORT-FITNESS-9085,Ski Jacket Waterproof,£58.69,Apple Pay,"6968 Oak Road, Leeds, UK, B1 1AA",Delivered on 14/04/2025,Average product
TXN-20250421-001957,CUST-UK-0012,PATRICIA DAVIS,patricia.davis@example.com,"April 21, 2025 at 8:42AM",HOME-LIGHTING-4206,LED Floor Lamp,264.56,CREDIT CARD,"3232 High Street, Chicago, IL 96698",Processing,
TXN-20250613-001958,CUST-ASIA-0353,Ms. Mary Smith,MARY.SMITH@MAIL.COM,13/06/2025 20:32,BOOK-MAGAZINE-1016,Data Science Handbook,78.47,PayPal,"9070 Oak Road, Birmingham, UK, B1 1AA",Shipped (est. arrival: June 19),
TXN-20240505-001959,CUST-CA-0305,JENNIFER DAVIS,jennifer.davis@mail.com,2024-05-05T15:43:24Z,CLOTH-DRESS-9764,Leather Jacket [L],$82.11,Apple Pay,"2157 Park Ave, New York, NY 35862",Cancelled,
TXN-20250203-001960,CUST-UK-0093,Dr. John Miller,john.miller@email.com,03/02/2025 18:53,HOME-FURNITURE-5644,Wall Art Decoration,$977.47,Google Pay,"3172 Main St, Houston, TX 57595",Shipped (est. arrival: February 06),Amazing! Highly recommend ⭐⭐⭐⭐⭐
TXN-20250914-001961,CUST-ASIA-0222,EMMA DAVIS,emma.davis@example.com,"September 14, 2025 at 9:51PM",CLOTH-JACKET-7201,Cotton T-Shirt,$268.18,Google Pay,,Delivered on 2025-09-17,Average product
TXN-20240712-001962,CUST-CA-0266,jennifer jones,JENNIFER.JONES@EMAIL.COM,07/12/2024 10:36 PM,HOME-KITCHEN-8398,Modern Sofa Set,$1292.83,CREDIT CARD,"4146 Park Ave, Houston, NY 69849",Delivered on 16/07/2024,
TXN-20250526-001963,CUST-UK-0047,  DR. JENNIFER ANDERSON  ,jennifer.anderson@test.com,26/05/2025 21:19,CLOTH-DRESS-9077,Nike Running Shoes - Size 10,$204.23,Debit Card - Visa,"7691 High Street, London, UK, SW1A 1AA",Cancelled,
TXN-20250722-001964,CUST-UK-0023,ROBERT JONES,robert.jones@mail.com,22/07/2025 22:36,BOOK-TEXTBOOK-4244,Data Science Handbook,£61.98,Credit Card (Visa),"5941 Park Ave, London, UK, L1 1AA",Processing,Amazing! Highly recommend ⭐⭐⭐⭐⭐
TXN-20250303-001965,CUST-US-0350,James Rodriguez,james.rodriguez@example.com,03/03/2025 20:31,BOOK-MAGAZINE-4518,Business Magazine,€12.64,Google Pay,"2754 High Street, New York, AZ 58772",Shipped (est. arrival: March 09),
TXN-20240911-001966,CUST-ASIA-0176,Mr. Jennifer Rodriguez,JENNIFER.RODRIGUEZ@MAIL.COM,09/11/2024 03:23 PM,HOME-FURNITURE-1128,Modern Sofa Set,$1007.90,Credit Card (Mastercard),"2479 Oak Road, London, UK, SW1A 1AA",Processing,Good value for money
TXN-20250521-001967,CUST-CA-0070,Jennifer Williams,JENNIFER.WILLIAMS@EXAMPLE.COM,2025-05-21T06:31:16Z,SPORT-WATER-5554,Yoga Mat Premium,$93.11,Debit Card - Visa,"3473 Main St, Houston, TX 39318",Shipped (est. arrival: May 26),Poor quality 😞
TXN-20250830-001968,CUST-UK-0147,MRS. ROBERT WILLIAMS,robert.williams@test.com,"August 30, 2025 at 6:02PM",CLOTH-DRESS-4867,Levis Jeans 32x34,$212.17,Google Pay,"5412 High Street, Chicago, AZ 75391",Processing,Excellent quality 👍
TXN-20250412-001969,CUST-CA-0413,,patricia.johnson@shop.com,"April 12, 2025 at 5:14PM",CLOTH-DRESS-2793,Levis Jeans 32x34,$157.84,PayPal,"2441 Oak Road, Los Angeles, AZ 91210",Processing,Great product! 5 stars ⭐⭐⭐⭐⭐
TXN-20240128-001970,CUST-EU-0313,,lisa.rodriguez@email.com,28/01/2024 20:38,HOME-KITCHEN-6012,Wall Art Decoration,,CREDIT CARD,"3083 Elm Street, Los Angeles, IL 40295",Shipped (est. arrival: February 01),Not worth the price
TXN-20250115-001971,CUST-EU-0230,emma johnson,emma.johnson@example.com,01/15/2025 09:26 PM,HOME-DECOR-2865,Wall Art Decoration,£590.41,Google Pay,"573 Park Ave, Houston, NY 24034",Delivered on 2025-01-25,Average product
TXN-20240825-001972,CUST-ASIA-0324,Mr. Mary Brown,MARY.BROWN@EXAMPLE.COM,2024-08-25T15:52:42Z,HOME-FURNITURE-2278,Wall Art Decoration,"$1,404.16",Credit Card (Mastercard),"7457 Oak Road, Los Angeles, CA 80787",Delivered on 02/09/2024,
TXN-20251213-001973,CUSTUK0385,Dr. Jennifer Miller,jennifer.miller@test.com,13/12/2025 22:36,BOOK-TEXTBOOK-8032,Business Magazine,78.51,Credit Card (Visa),"2109 Elm Street, Birmingham, UK, L1 1AA",Shipped (est. arrival: December 20),Not worth the price
TXN-20240115-001974,CUST-EU-0126,Emma Brown,EMMA.BROWN@TEST.COM,"January 15, 2024 at 7:48PM",CLOTH-SHIRT-2339,Levis Jeans 32x34,$254.33,Apple Pay,"9980 Oak Road, Phoenix, TX 22810",Processing,Excellent quality 👍
TXN-20240316-001975,CUST-ASIA-0198,Dr. Richard Hernandez,richard.hernandez@shop.com,2024-03-16T09:37:01Z,HOME-LIGHTING-8739,LED Floor Lamp,$51.72,credit_card,"6820 Elm Street, Phoenix, AZ 11680",Processing,Average product
TXN-20250730-001976,CUST-ASIA-0356,sarah johnson,sarah.johnson@test.com,"July 30, 2025 at 10:56AM",SPORT-FITNESS-6095,Basketball Official,138.14,Credit Card (Mastercard),"342 Elm Street, Leeds, UK, M1 1AA",Shipped (est. arrival: August 06),Poor quality 😞
TXN-20251017-001977,CUSTUS0186,Ms. David Smith,david.smith@example.com,"October 17, 2025 at 8:25PM",CLOTH-SHIRT-8169,Leather Jacket [L],207.80,Debit Card - Visa,"5474 High Street, Chicago, CA 88227",Shipped (est. arrival: October 23),Average product
TXN-20240617-001978,CUST-UK-0133,MR. ROBERT HERNANDEZ,robert.hernandez@shop.com,"June 17, 2024 at 6:58PM",BOOK-TEXTBOOK-1647,Business Magazine,£92.84,Debit Card - Visa,"9521 High Street, Leeds, UK, SW1A 1AA",Delivered on 2024-06-25,Disappointed 😢
TXN-20251229-001979,CUST-UK-0475,Mr. Robert Williams,ROBERT.WILLIAMS@MAIL.COM,2025-12-29T18:34:06Z,ELEC-PHONE-4468,Bose Headphones,€1159.53,PayPal,"3803 Park Ave, Liverpool, UK, LS1 1AA",Shipped (est. arrival: January 02),
TXN-20251103-001980,CUST-EU-0466,MICHAEL JOHNSON,MICHAEL.JOHNSON@SHOP.COM,"November 3, 2025 at 3:00PM",BOOK-EBOOK-6529,Digital Marketing eBook,$19.72,Debit Card - Visa,"3902 Park Ave, New York, AZ 26347",Shipped (est. arrival: November 10),Good value for money
TXN-20250730-001981,CUSTCA0358,mrs. patricia johnson,invalid-email,30/07/2025 19:22,BOOK-MAGAZINE-8790,Python Programming,,Apple Pay,"1877 Park Ave, Houston, AZ 74438",Cancelled - 31/07/2025,Arrived damaged 😠
TXN-20240610-001982,CUST-CA-0189,william smith,william.smith@mail.com,06/10/2024 07:51 PM,HOME-LIGHTING-4002,Kitchen Mixer,$387.53,credit_card,"670 Elm Street, Houston, TX 35109",Shipped (est. arrival: June 15),Poor quality 😞
TXN-20260117-001983,CUST-UK-0121,Michael Williams,michael.williams@email.com,17/01/2026 14:31,ELEC-TABLET-8786,Samsung Galaxy S24,426.15,Credit Card (Visa),"3151 Oak Road, Los Angeles, NY 35017",Cancelled,Excellent quality 👍
TXN-20240513-001984,CUST-ASIA-0431,DR. ROBERT BROWN,ROBERT.BROWN@EMAIL.COM,2024-05-13T17:03:24Z,BOOK-NONFICTION-8954,The Great Gatsby [Paperback],$63.62,Credit Card (Visa),"7077 High Street, Chicago, TX 59988",Delivered on 2024-05-21,Excellent quality 👍
TXN-20240515-001985,CUST-ASIA-0164,,LINDA.BROWN@EXAMPLE.COM,05/15/2024 10:48 PM,CLOTH-PANTS-8370,Leather Jacket [L],$36.65,Debit Card - Visa,"5668 Park Ave, Phoenix, CA 93505",Cancelled - 16/05/2024,Excellent quality 👍
TXN-20240709-001986,CUST-ASIA-0166,  Sarah Hernandez  ,,"July 9, 2024 at 3:30PM",CLOTH-SHIRT-9160,Nike Running Shoes - Size 10,137.40,Google Pay,,Cancelled - 09/07/2024,Average product
TXN-20260127-001987,CUST-ASIA-0297,Dr. Sarah Jones,sarah.jones@mail.com,01/27/2026 07:56 PM,CLOTH-JACKET-8187,Cotton T-Shirt,$68.40,Debit Card - Visa,"1759 Park Ave, Birmingham, UK, SW1A 1AA",Delivered on 2026-02-04,Average product
TXN-20240929-001988,CUST-UK-0364,MARY MILLER,MARY.MILLER@SHOP.COM,2024-09-29T12:14:12Z,HOME-DECOR-9750,Modern Sofa Set,$1146.78,CREDIT CARD,,Processing,Good value for money
TXN-20250223-001989,CUST-CA-0479,dr. david davis,DAVID.DAVIS@TEST.COM,2025-02-23T18:34:06Z,SPORT-FITNESS-7940,Yoga Mat Premium,$233.83,CREDIT CARD,"2715 Park Ave, Liverpool, UK, L1 1AA",Cancelled - 23/02/2025,
TXN-20250223-001990,CUST-ASIA-0418,  Richard Wilson  ,richard.wilson@example.com,23/02/2025 20:28,SPORT-WATER-7904,Basketball Official,352.55,DEBIT CARD - Mastercard,"6527 High Street, Houston, TX 50685",Processing,Arrived damaged 😠
TXN-20241221-001991,CUST-EU-0406,william smith,WILLIAM.SMITH@EMAIL.COM,12/21/2024 02:31 PM,SPORT-TEAM-9177,Basketball Official,83.10,Debit Card - Visa,,Processing,Great product! 5 stars ⭐⭐⭐⭐⭐
TXN-20240213-001992,CUST-EU-0333,Lisa Anderson,lisa.anderson@example.com,02/13/2024 04:46 PM,SPORT-FITNESS-6679,Ski Jacket Waterproof,$302.16,credit_card,"6146 High Street, London, UK, M1 1AA",Processing,Perfect! 5/5 stars
TXN-20240129-001993,CUST-CA-0036,Emma Williams,EMMA.WILLIAMS@EMAIL.COM,2024-01-29T13:11:54Z,SPORT-OUTDOOR-2992,Yoga Mat Premium,,Google Pay,"140 Elm Street, Phoenix, AZ 91770",Shipped (est. arrival: February 01),
TXN-20240118-001994,CUST-ASIA-0019,DR. JENNIFER GARCIA,jennifer.garcia@test.com,18/01/2024 15:33,ELEC-LAPTOP-4424,Bose Headphones,$443.64,Credit Card (Mastercard),"4306 Elm Street, Leeds, UK, LS1 1AA",Processing,Average product
TXN-20240105-001995,CUST-EU-0300,MS. RICHARD JOHNSON,richard.johnson@test.com,2024-01-05T06:07:24Z,CLOTH-JACKET-3421,Summer Dress (M),,Credit Card (Visa),"7608 Elm Street, Phoenix, NY 32515",Cancelled,Great product! 5 stars ⭐⭐⭐⭐⭐
TXN-20250410-001996,CUST-CA-0038,James Martinez,james.martinez@example.com,10/04/2025 06:09,HOME-DECOR-5580,Modern Sofa Set,€754.86,Google Pay,"7291 Park Ave, Phoenix, AZ 98501",Processing,Excellent quality 👍
TXN-20251216-001997,CUST-US-0049,,jennifer.rodriguez@example.com,16/12/2025 21:43,SPORT-OUTDOOR-1844,Yoga Mat Premium,£99.47,CREDIT CARD,"7671 Main St, Houston, TX 23362",Delivered on 2025-12-26,
TXN-20240220-001998,CUST-CA-0011,,joseph.anderson@mail.com,2024-02-20T15:36:02Z,BOOK-FICTION-6504,Python Programming,$16.23,Credit Card (Mastercard),"7602 High Street, Los Angeles, TX 75079",Cancelled - 20/02/2024,Great product! 5 stars ⭐⭐⭐⭐⭐
TXN-20250211-001999,CUST-CA-0177,mary williams,mary.williams@example.com,11/02/2025 23:52,ELEC-LAPTOP-9635,Samsung Galaxy S24,1910.19,Credit Card (Visa),"3114 Elm Street, London, UK, LS1 1AA",Cancelled - 13/02/2025,Excellent quality 👍
TXN-20240619-002000,CUST-ASIA-0352,Linda Hernandez,linda.hernandez@mail.com,2024-06-19T21:34:59Z,HOME-DECOR-6336,Kitchen Mixer,$643.50,Credit Card (Visa),"149 High Street, Los Angeles, TX 68156",Cancelled,
TXN-20250614-002001,CUST-US-0276,Ms. Richard Davis,richard.davis@mail.com,"June 14, 2025 at 9:53PM",HOME-KITCHEN-7496,Kitchen Mixer,,credit_card,"6721 Elm Street, Liverpool, UK, LS1 1AA",Processing,Poor quality 😞
TXN-20250430-002002,CUST-US-0479,Jennifer Johnson,jennifer.johnson@mail.com,30/04/2025 15:00,BOOK-MAGAZINE-5098,Python Programming,$74.85,Apple Pay,"8624 Park Ave, Liverpool, UK, M1 1AA",Cancelled - 30/04/2025,Poor quality 😞
TXN-20250626-002003,CUST-EU-0416,LINDA ANDERSON,,2027-12-31T23:59:59Z,CLOTH-PANTS-5621,Levis Jeans 32x34,$295.19,PayPal,"9365 Main St, Los Angeles, AZ 50449",Delivered on 2025-07-02,Disappointed 😢
TXN-20260114-002004,CUST-US-0325,JOSEPH RODRIGUEZ,joseph.rodriguez@example.com,2026-01-14T21:39:04Z,BOOK-EBOOK-1505,Data Science Handbook,£47.27,Google Pay,"9131 Oak Road, Leeds, UK, M1 1AA",Cancelled,Arrived damaged 😠
TXN-20240801-002005,CUST-UK-0356,ms. joseph wilson,joseph.wilson@shop.com,2024-08-01T22:25:18Z,ELEC-CAMERA-9404,"MacBook Pro 14""",$1024.21,Apple Pay,"3126 Park Ave, Liverpool, UK, LS1 1AA",Shipped (est. arrival: August 04),
TXN-20240808-002006,CUST-CA-0373,MS. JAMES MILLER,JAMES.MILLER@EMAIL.COM,08/08/2024 09:23 PM,CLOTH-PANTS-9788,Nike Running Shoes - Size 10,£76.82,credit_card,,Processing,Disappointed 😢
TXN-20241031-002007,CUST-CA-0417,Linda Smith,,31/10/2024 16:20,SPORT-FITNESS-9859,Basketball Official,100.87,credit_card,"8084 Oak Road, Houston, CA 11844",Delivered on 2024-11-05,
TXN-20240912-002008,CUST-EU-0430,,robert.hernandez@mail.com,09/12/2024 04:14 AM,ELEC-PHONE-2344,Samsung Galaxy S24,£1606.24,Credit Card (Mastercard),"9477 Elm Street, Phoenix, TX 66569",Delivered on 2024-09-20,Excellent quality 👍
TXN-20241004-002009,CUST-UK-0089,MS. EMMA MARTINEZ,emma.martinez@shop.com,"October 4, 2024 at 7:22AM",CLOTH-SHOES-2199,Levis Jeans 32x34,$244.12,credit_card,"7516 Park Ave, Houston, CA 66204",Shipped (est. arrival: October 11),Poor quality 😞
TXN-20250317-002010,CUST-US-0213,,james.anderson@email.com,"March 17, 2025 at 9:24AM",CLOTH-SHIRT-7680,Nike Running Shoes - Size 10,€265.37,CREDIT CARD,"7475 High Street, Phoenix, AZ 58104",Cancelled,Poor quality 😞
TXN-20251204-002011,CUST-CA-0111,,mary.martinez@test.com,04/12/2025 07:46,CLOTH-SHIRT-6178,Nike Running Shoes - Size 10,129.43,credit_card,"8642 Oak Road, Leeds, UK, B1 1AA",Cancelled,Arrived damaged 😠
TXN-20250727-002012,CUST-UK-0220,Mrs. Richard Williams,,"July 27, 2025 at 7:59AM",BOOK-EBOOK-4468,The Great Gatsby [Paperback],$40.63,Debit Card - Visa,,Cancelled - 28/07/2025,Amazing! Highly recommend ⭐⭐⭐⭐⭐
TXN-20250618-002013,CUST-ASIA-0329,Mary Brown,mary.brown@example.com,"June 18, 2025 at 8:46AM",BOOK-NONFICTION-5975,Python Programming,£10.58,CREDIT CARD,"233 Park Ave, New York, TX 19401",Processing,Average product
TXN-20251018-002014,CUST-EU-0221,Lisa Garcia,LISA.GARCIA@SHOP.COM,"October 18, 2025 at 5:57PM",BOOK-FICTION-3594,Digital Marketing eBook,$92.96,CREDIT CARD,"3353 Park Ave, Liverpool, UK, B1 1AA",Processing,Great product! 5 stars ⭐⭐⭐⭐⭐
TXN-20240527-002015,CUST-UK-0010,  mr. mary smith  ,MARY.SMITH@MAIL.COM,27/05/2024 13:08,SPORT-WATER-9112,Ski Jacket Waterproof,€325.72,DEBIT CARD - Mastercard,"6059 Main St, Leeds, UK, B1 1AA",Cancelled - 28/05/2024,Average product
TXN-20250809-002016,CUST-US-0409,dr. michael williams,MICHAEL.WILLIAMS@SHOP.COM,09/08/2025 06:40,HOME-FURNITURE-2222,Queen Bedding Set,,credit_card,"6881 Main St, Los Angeles, IL 49627",Cancelled,
TXN-20241105-002017,CUST-CA-0276,MRS. DAVID GARCIA,david.garcia@shop.com,11/05/2024 04:48 PM,ELEC-PHONE-4642,Sony Camera A7,$1973.62,Google Pay,"7024 Park Ave, Chicago, IL 98905",Cancelled,
TXN-20240820-002018,CUST-ASIA-0027,,john.rodriguez@shop.com,"August 20, 2024 at 3:37PM",BOOK-FICTION-5615,Data Science Handbook,63.60,DEBIT CARD - Mastercard,"9550 High Street, Birmingham, UK, M1 1AA",Shipped (est. arrival: August 25),
TXN-20250310-002019,CUST-EU-0357,Mr. John Miller,,2025-03-10T13:19:04Z,ELEC-LAPTOP-9438,Bose Headphones,,DEBIT CARD - Mastercard,"553 Park Ave, New York, IL 59260",Processing,Disappointed 😢
TXN-20251208-002020,CUST-ASIA-0331,MR. JOHN JONES,john.jones@mail.com,"December 8, 2025 at 3:43AM",SPORT-WINTER-1350,Ski Jacket Waterproof,$354.38,Credit Card (Mastercard),"8224 Park Ave, Leeds, UK, B1 1AA",Delivered on 2025-12-13,Good value for money
TXN-20240419-002021,CUST-EU-0086,Mrs. Michael Rodriguez,michael.rodriguez@shop.com,"April 19, 2024 at 8:59PM",SPORT-TEAM-8327,Basketball Official,189.67,Apple Pay,"2286 Park Ave, Birmingham, UK, M1 1AA",Shipped (est. arrival: April 26),Good value for money
TXN-20240331-002022,CUST-CA-0366,Robert Martinez,robert.martinez@mail.com,31/03/2024 11:16,HOME-FURNITURE-1138,Modern Sofa Set,$870.52,Credit Card (Visa),"6872 Elm Street, Leeds, UK, SW1A 1AA",Delivered on 2024-04-09,Disappointed 😢
TXN-20240405-002023,CUST-ASIA-0403,,PATRICIA.BROWN@TEST.COM,01/01/2020 12:00 AM,HOME-BEDDING-9359,Kitchen Mixer,£1105.40,CREDIT CARD,"475 Elm Street, Liverpool, UK, SW1A 1AA",Processing,Average product
TXN-20240511-002024,CUST-EU-0208,  EMMA LOPEZ  ,emma@,05/11/2024 08:10 PM,ELEC-LAPTOP-4717,iPhone 15 Pro Max (256GB),€1853.38,CREDIT CARD,,Processing,
TXN-20250604-002025,CUSTUS0319,mrs. william williams,WILLIAM.WILLIAMS@TEST.COM,04/06/2025 11:18,BOOK-FICTION-4320,Python Programming,,DEBIT CARD - Mastercard,"8067 Main St, Birmingham, UK, L1 1AA",Shipped (est. arrival: June 08),Amazing! Highly recommend ⭐⭐⭐⭐⭐
TXN-20250829-002026,CUST-UK-0126,MRS. EMMA SMITH,emma.smith@email.com,29/08/2025 14:37,CLOTH-JACKET-7536,Levis Jeans 32x34,279.15,Credit Card (Mastercard),"5962 Oak Road, Chicago, NY 64860",Processing,
TXN-20241030-002027,CUST-US-0492,Mrs. John Wilson,john.wilson@shop.com,"October 30, 2024 at 2:53PM",CLOTH-SHOES-3314,Summer Dress (M),$89.36,credit_card,,Cancelled - 30/10/2024,Perfect! 5/5 stars
TXN-20250517-002028,CUST-ASIA-0407,richard johnson,RICHARD.JOHNSON@TEST.COM,2025-05-17T01:37:31Z,BOOK-MAGAZINE-4890,Digital Marketing eBook,£27.12,PayPal,"1536 Oak Road, Phoenix, AZ 41532",Cancelled - 17/05/2025,Poor quality 😞
TXN-20240818-002029,CUST-ASIA-0445,MR. LISA JONES,lisa@,08/18/2024 02:32 PM,HOME-DECOR-3239,Kitchen Mixer,668.99,Credit Card (Mastercard),"4914 Park Ave, Phoenix, NY 35144",Processing,Great product! 5 stars ⭐⭐⭐⭐⭐
TXN-20240907-002030,CUST-ASIA-0053,Michael Williams,michael.williams@mail.com,07/09/2024 07:06,ELEC-CAMERA-5958,"MacBook Pro 14""",£800.52,CREDIT CARD,,Shipped (est. arrival: September 14),
TXN-20240618-002031,CUST-US-0379,David Miller,david.miller@example.com,2027-12-31T23:59:59Z,CLOTH-SHOES-9880,Leather Jacket [L],$122.92,Google Pay,"4638 Park Ave, New York, NY 15465",Processing,Average product
TXN-20251019-002032,CUST-UK-0084,robert brown,robert.brown@email.com,"October 19, 2025 at 3:41PM",CLOTH-JACKET-4420,Summer Dress (M),$183.71,DEBIT CARD - Mastercard,"3265 Oak Road, Birmingham, UK, M1 1AA",Shipped (est. arrival: October 25),Excellent quality 👍
TXN-20250124-002033,CUST-EU-0131,Mr. Mary Jones,mary@,"January 24, 2025 at 1:32PM",CLOTH-JACKET-6951,Summer Dress (M),£185.08,PayPal,"4388 Elm Street, Chicago, IL 99659",Processing,Good value for money
TXN-20241208-002034,CUST-US-0054,  RICHARD ANDERSON  ,RICHARD.ANDERSON@TEST.COM,"December 8, 2024 at 8:58AM",ELEC-LAPTOP-2715,Sony Camera A7,€1923.45,Credit Card (Mastercard),"9416 High Street, New York, NY 98980",Shipped (est. arrival: December 12),Poor quality 😞
TXN-20250323-002035,CUST-CA-0335,Dr. John Davis,john.davis@test.com,"March 23, 2025 at 4:02PM",ELEC-PHONE-6836,"MacBook Pro 14""",1751.31,Apple Pay,"6703 High Street, New York, IL 78034",Shipped (est. arrival: March 29),Average product
TXN-20240903-002036,CUST-EU-0500,MR. RICHARD MILLER,richard.miller@mail.com,09/03/2024 12:35 PM,SPORT-OUTDOOR-1247,Basketball Official,$247.07,Credit Card (Mastercard),"6697 Oak Road, Phoenix, NY 94340",Cancelled - 03/09/2024,
TXN-20240709-002037,CUST-US-0067,MRS. WILLIAM MILLER,WILLIAM.MILLER@SHOP.COM,2024-07-09T01:35:18Z,ELEC-PHONE-3216,iPhone 15 Pro Max (256GB),£762.42,Google Pay,"2082 Elm Street, Birmingham, UK, L1 1AA",Shipped (est. arrival: July 12),Not worth the price
TXN-20250601-002038,CUST-UK-0477,John Garcia,,06/01/2025 05:25 PM,CLOTH-SHOES-4109,Leather Jacket [L],$59.64,Credit Card (Mastercard),,Processing,Excellent quality 👍
TXN-20240709-002039,CUST-UK-0173,Dr. Robert Brown,,2024-07-09T09:23:43Z,ELEC-CAMERA-3486,Sony Camera A7,$659.24,Google Pay,"7212 Park Ave, Birmingham, UK, L1 1AA",Processing,
TXN-20250703-002040,CUST-US-0264,  linda rodriguez  ,LINDA.RODRIGUEZ@TEST.COM,"July 3, 2025 at 10:22PM",SPORT-FITNESS-8795,Basketball Official,421.59,credit_card,"5756 High Street, New York, NY 52068",Delivered on 13/07/2025,Average product
TXN-20260120-002041,CUST-US-0210,  MS. LISA RODRIGUEZ  ,lisa.rodriguez@shop.com,"January 20, 2026 at 11:12AM",HOME-LIGHTING-4430,Queen Bedding Set,$214.62,Google Pay,"4447 Park Ave, Houston, NY 92470",Shipped (est. arrival: January 24),Good value for money
TXN-20251203-002042,CUSTASIA0225,joseph anderson,joseph.anderson@example.com,03/12/2025 20:14,ELEC-CAMERA-6658,iPhone 15 Pro Max (256GB),"$1,777.42",Apple Pay,"7341 Main St, Leeds, UK, B1 1AA",Cancelled,Good value for money
TXN-20250121-002043,CUST-US-0429,PATRICIA DAVIS,PATRICIA.DAVIS@TEST.COM,2025-01-21T21:35:32Z,BOOK-TEXTBOOK-6241,Business Magazine,$90.25,Credit Card (Visa),"4814 Park Ave, London, UK, L1 1AA",Processing,Poor quality 😞
TXN-20240831-002044,CUST-EU-0431,LISA WILLIAMS,lisa.williams@email.com,2024-08-31T23:05:12Z,SPORT-TEAM-2951,Ski Jacket Waterproof,$166.31,Credit Card (Visa),"3245 Oak Road, New York, IL 32156",Delivered on 2024-09-10,Poor quality 😞
TXN-20250301-002045,CUST-EU-0482,james anderson,james.anderson@email.com,"March 1, 2025 at 6:31PM",BOOK-FICTION-3400,Python Programming,,PayPal,"1924 Main St, Manchester, UK, SW1A 1AA",Shipped (est. arrival: March 06),Excellent quality 👍
TXN20240330002046,CUST-US-0088,,,2024-03-30T17:15:08Z,SPORT-FITNESS-3764,Ski Jacket Waterproof,$470.26,PayPal,"1398 Oak Road, Liverpool, UK, SW1A 1AA",Cancelled,Poor quality 😞
TXN-20250501-002047,CUST-UK-0334,ms. linda smith,linda.smith@example.com,05/01/2025 10:58 AM,ELEC-LAPTOP-2051,"MacBook Pro 14""",$284.53,Apple Pay,,Processing,
TXN-20241003-002048,CUST-CA-0050,  david garcia  ,david.garcia@test.com,2024-10-03T10:47:53Z,SPORT-OUTDOOR-3998,Camping Tent 4-Person,205.76,CREDIT CARD,"9311 High Street, Birmingham, UK, M1 1AA",Processing,Excellent quality 👍
TXN-20250523-002049,CUST-ASIA-0099,,LINDA.JOHNSON@EMAIL.COM,2025-05-23T21:32:30Z,SPORT-WINTER-5091,Yoga Mat Premium,$31.24,CREDIT CARD,"438 Main St, New York, CA 19014",Shipped (est. arrival: May 29),
TXN-20250827-002050,CUST-US-0328,Mary Smith,mary.smith@email.com,"August 27, 2025 at 3:18AM",SPORT-WATER-8191,Ski Jacket Waterproof,$74.77,Debit Card - Visa,"8910 Elm Street, Houston, IL 57615",Delivered on 2025-09-06,Disappointed 😢
TXN-20240326-002051,CUST-ASIA-0055,  MRS. MICHAEL RODRIGUEZ  ,,26/03/2024 13:34,CLOTH-SHIRT-9751,Nike Running Shoes - Size 10,£20.55,credit_card,"6357 High Street, New York, AZ 35727",Cancelled - 26/03/2024,Poor quality 😞
TXN-20240914-002052,CUST-EU-0178,RICHARD BROWN,RICHARD.BROWN@TEST.COM,09/14/2024 08:42 AM,CLOTH-PANTS-5664,Leather Jacket [L],£285.60,Apple Pay,"7792 High Street, Liverpool, UK, SW1A 1AA",Shipped (est. arrival: September 17),Arrived damaged 😠
TXN-20250401-002053,CUST-CA-0430,  Mr. James Wilson  ,JAMES.WILSON@SHOP.COM,2025-04-01T13:28:44Z,ELEC-AUDIO-1334,Bose Headphones,£819.25,Google Pay,"5566 Elm Street, Leeds, UK, SW1A 1AA",Delivered on 08/04/2025,Poor quality 😞
TXN-20251112-002054,CUST-US-0253,Mr. Joseph Lopez,invalid-email,12/11/2025 20:46,HOME-DECOR-7799,LED Floor Lamp,€844.42,PayPal,"8926 Oak Road, Phoenix, TX 23413",Cancelled,Arrived damaged 😠
TXN-20241002-002055,CUST-US-0374,emma brown,EMMA.BROWN@EXAMPLE.COM,"October 2, 2024 at 11:26PM",BOOK-EBOOK-3926,The Great Gatsby [Paperback],€89.81,Debit Card - Visa,"7443 Elm Street, Liverpool, UK, LS1 1AA",Cancelled - 03/10/2024,Perfect! 5/5 stars
TXN-20240528-002056,CUST-ASIA-0080,Mr. William Garcia,william.garcia@mail.com,"May 28, 2024 at 5:22AM",ELEC-PHONE-3665,iPhone 15 Pro Max (256GB),1388.46,Debit Card - Visa,"335 High Street, Los Angeles, AZ 46457",Cancelled,Great product! 5 stars ⭐⭐⭐⭐⭐
TXN-20250501-002057,CUST-CA-0186,  SARAH GARCIA  ,sarah.garcia@email.com,05/01/2025 05:06 PM,CLOTH-PANTS-3464,Cotton T-Shirt,$30.27,Credit Card (Mastercard),"8938 High Street, Los Angeles, AZ 87055",Processing,Average product
TXN-20241010-002058,CUST-US-0256,James Jones,james.jones@example.com,2024-10-10T21:47:56Z,SPORT-WATER-1106,Basketball Official,$119.29,credit_card,"3820 Park Ave, London, UK, L1 1AA",Processing,
TXN-20250228-002059,CUST-EU-0097,Mr. John Hernandez,john.hernandez@shop.com,28/02/2025 22:13,SPORT-WINTER-4842,Camping Tent 4-Person,$256.16,DEBIT CARD - Mastercard,"9003 Elm Street, Phoenix, AZ 92445",Processing,Good value for money
TXN-20240310-002060,CUST-ASIA-0007,,emma.johnson@shop.com,03/10/2024 02:25 PM,BOOK-NONFICTION-1857,The Great Gatsby [Paperback],£35.01,credit_card,"8691 Main St, Birmingham, UK, L1 1AA",Delivered on 14/03/2024,Amazing! Highly recommend ⭐⭐⭐⭐⭐
TXN-20250329-002061,CUST-UK-0338,Jennifer Martinez,jennifer.martinez@example.com,29/03/2025 21:37,CLOTH-SHOES-8042,Nike Running Shoes - Size 10,€47.47,DEBIT CARD - Mastercard,,Delivered on 2025-04-08,Excellent quality 👍
TXN-20240821-002062,CUST-EU-0086,DR. EMMA DAVIS,EMMA.DAVIS@SHOP.COM,21/08/2024 14:41,ELEC-LAPTOP-9304,Bose Headphones,€1132.02,Credit Card (Visa),"5055 High Street, Chicago, TX 86241",Processing,
TXN-20250224-002063,CUST-CA-0380,mr. william jones,,02/24/2025 01:14 AM,ELEC-TABLET-4270,"MacBook Pro 14""",$607.51,PayPal,"682 Main St, London, UK, LS1 1AA",Shipped (est. arrival: March 01),Not worth the price
TXN-20240314-002064,CUST-US-0302,,william.williams@email.com,2024-03-14T19:37:36Z,SPORT-WATER-3159,Basketball Official,$438.82,Google Pay,"1613 Oak Road, Houston, CA 28224",Shipped (est. arrival: March 18),Average product
TXN-20250624-002065,CUST-UK-0058,  James Johnson  ,james.johnson@test.com,2025-06-24T12:20:00Z,ELEC-PHONE-6880,Samsung Galaxy S24,£934.61,Credit Card (Mastercard),"1909 High Street, Birmingham, UK, LS1 1AA",Cancelled - 24/06/2025,Great product! 5 stars ⭐⭐⭐⭐⭐
TXN-20240302-002066,CUST-CA-0250,MR. SARAH JOHNSON,SARAH.JOHNSON@TEST.COM,03/02/2024 01:02 PM,BOOK-TEXTBOOK-8124,Python Programming,$84.47,Credit Card (Visa),"418 High Street, Chicago, CA 63100",Shipped (est. arrival: March 05),
TXN-20251019-002067,CUST-US-0462,  MR. JAMES JONES  ,JAMES.JONES@MAIL.COM,19/10/2025 19:54,ELEC-AUDIO-4883,Samsung Galaxy S24,£1795.03,DEBIT CARD - Mastercard,"2373 Oak Road, Los Angeles, CA 84644",Processing,Perfect! 5/5 stars
TXN-20241109-002068,CUSTEU0379,mr. lisa miller,lisa.miller@example.com,2024-11-09T02:47:38Z,BOOK-MAGAZINE-7937,Data Science Handbook,€62.09,PayPal,"2856 Elm Street, London, UK, LS1 1AA",Processing,
TXN-20250529-002069,CUST-UK-0062,Ms. Mary Davis,mary.davis@shop.com,29/05/2025 10:27,SPORT-FITNESS-6860,Diving Gear Set,£342.99,Credit Card (Mastercard),"2877 Elm Street, Phoenix, NY 37564",Delivered on 07/06/2025,Disappointed 😢
TXN-20250219-002070,CUST-ASIA-0319,mr. michael smith,michael.smith@example.com,02/19/2025 08:33 PM,ELEC-TABLET-2505,Bose Headphones,€308.42,Apple Pay,"2569 Elm Street, Houston, CA 82140",Processing,Poor quality 😞
TXN-20240412-002071,CUST-EU-0201,Ms. Michael Brown,michael.brown@shop.com,"April 12, 2024 at 9:45PM",HOME-KITCHEN-8754,Kitchen Mixer,$921.87,DEBIT CARD - Mastercard,"5127 Main St, Los Angeles, IL 79367",Cancelled,Average product
TXN-20250811-002072,CUST-UK-0460,DR. MICHAEL ANDERSON,michael.anderson@test.com,11/08/2025 19:15,CLOTH-PANTS-4040,Nike Running Shoes - Size 10,$269.94,credit_card,,Delivered on 15/08/2025,Great product! 5 stars ⭐⭐⭐⭐⭐
TXN-20240229-002073,CUST-US-0072,  Richard Johnson  ,richard.johnson@example.com,2024-02-29T13:57:08Z,SPORT-WATER-8764,Diving Gear Set,€211.61,Debit Card - Visa,,Shipped (est. arrival: March 07),
TXN-20260110-002074,CUST-CA-0203,  Patricia Jones  ,patricia.jones@test.com,"January 10, 2026 at 5:34PM",SPORT-FITNESS-9560,Yoga Mat Premium,$167.22,DEBIT CARD - Mastercard,"3260 Main St, New York, IL 11279",Delivered on 14/01/2026,Perfect! 5/5 stars
TXN-20240612-002075,CUST-US-0147,Joseph Martinez,joseph.martinez@test.com,06/12/2024 05:51 PM,ELEC-LAPTOP-8002,"MacBook Pro 14""",$688.37,Google Pay,"2420 High Street, London, UK, L1 1AA",Delivered on 2024-06-15,
TXN-20241223-002076,CUST-UK-0192,Ms. Michael Rodriguez,michael.rodriguez@example.com,"December 23, 2024 at 5:58PM",BOOK-TEXTBOOK-8922,Python Programming,£79.32,DEBIT CARD - Mastercard,"3324 High Street, Los Angeles, TX 73374",Shipped (est. arrival: December 26),Disappointed 😢
TXN-20250214-002077,CUST-US-0474,Mrs. Lisa Williams,lisa.williams@example.com,02/14/2025 10:27 PM,SPORT-TEAM-3837,Yoga Mat Premium,€310.72,CREDIT CARD,"8061 Park Ave, Chicago, CA 27533",Delivered on 19/02/2025,
TXN-20250821-002078,CUST-EU-0210,  dr. michael jones  ,michael.jones@example.com,08/21/2025 07:14 AM,HOME-LIGHTING-7387,Modern Sofa Set,,DEBIT CARD - Mastercard,,Processing,Disappointed 😢
TXN20240507002079,CUST-UK-0054,mr. david garcia,DAVID.GARCIA@SHOP.COM,05/07/2024 09:58 AM,BOOK-TEXTBOOK-3527,The Great Gatsby [Paperback],£99.05,Google Pay,"5719 High Street, Birmingham, UK, M1 1AA",Processing,Disappointed 😢
TXN-20250328-002080,CUST-EU-0195,,patricia.lopez@mail.com,03/28/2025 03:49 PM,ELEC-TABLET-6791,Bose Headphones,"$1,456.86",DEBIT CARD - Mastercard,"500 Park Ave, Phoenix, CA 94227",Delivered on 2025-03-31,Perfect! 5/5 stars
TXN-20241217-002081,CUST-CA-0091,,user@domain,2024-12-17T22:14:57Z,HOME-BEDDING-8886,Queen Bedding Set,377.96,Google Pay,"9182 High Street, Los Angeles, TX 96706",Delivered on 23/12/2024,Great product! 5 stars ⭐⭐⭐⭐⭐
TXN-20240716-002082,CUST-UK-0311,  LINDA GARCIA  ,LINDA.GARCIA@EXAMPLE.COM,07/16/2024 10:14 PM,SPORT-FITNESS-7305,Diving Gear Set,,Debit Card - Visa,"7606 Elm Street, Chicago, IL 25151",Processing,Disappointed 😢
TXN-20240714-002083,CUST-CA-0002,mr. linda smith,linda.smith@mail.com,07/14/2024 04:48 PM,SPORT-WATER-2661,Ski Jacket Waterproof,£120.77,Credit Card (Mastercard),"749 Park Ave, Leeds, UK, LS1 1AA",Delivered on 2024-07-19,Disappointed 😢
TXN-20240714-002084,CUST-UK-0296,MICHAEL JONES,michael.jones@email.com,14/07/2024 15:08,SPORT-WINTER-1226,Camping Tent 4-Person,,Credit Card (Mastercard),"2532 Park Ave, Phoenix, TX 91023",Processing,Perfect! 5/5 stars
TXN-20250525-002085,CUST-UK-0147,  james davis  ,user@domain,05/25/2025 08:56 AM,BOOK-FICTION-4139,Python Programming,58.49,PayPal,"879 Oak Road, Chicago, CA 35416",Delivered on 27/05/2025,
TXN-20250605-002086,CUST-CA-0099,Richard Jones,richard.jones@email.com,06/05/2025 02:01 PM,HOME-KITCHEN-8185,Kitchen Mixer,$881.61,CREDIT CARD,"3241 Oak Road, Leeds, UK, L1 1AA",Processing,Arrived damaged 😠
TXN-20240825-002087,CUST-ASIA-0359,Ms. Emma Johnson,emma.johnson@test.com,08/25/2024 07:41 PM,BOOK-MAGAZINE-7226,Business Magazine,£52.20,PayPal,"7622 Elm Street, Birmingham, UK, LS1 1AA",Delivered on 2024-09-04,Perfect! 5/5 stars
TXN-20250322-002088,CUST-EU-0196,Dr. William Hernandez,william.hernandez@email.com,2025-03-22T13:07:41Z,SPORT-FITNESS-3047,Yoga Mat Premium,$160.16,Debit Card - Visa,"2027 High Street, Manchester, UK, SW1A 1AA",Processing,Not worth the price
TXN-20250815-002089,CUST-UK-0166,  James Smith  ,james.smith@mail.com,15/08/2025 23:01,SPORT-OUTDOOR-8239,Diving Gear Set,€241.54,Credit Card (Mastercard),"7724 Elm Street, Manchester, UK, LS1 1AA",Delivered on 18/08/2025,
TXN-20250915-002090,CUST-UK-0467,richard miller,richard.miller@mail.com,09/15/2025 07:36 AM,BOOK-TEXTBOOK-5187,The Great Gatsby [Paperback],20.74,credit_card,"7606 Main St, Houston, CA 24883",Cancelled,
TXN-20250831-002091,CUST-EU-0292,dr. sarah brown,sarah.brown@test.com,"August 31, 2025 at 8:24PM",BOOK-MAGAZINE-4034,Data Science Handbook,$48.64,Apple Pay,"6168 Elm Street, London, UK, LS1 1AA",Processing,
TXN-20250129-002092,CUST-CA-0108,JENNIFER JOHNSON,invalid-email,29/01/2025 18:56,BOOK-FICTION-7718,The Great Gatsby [Paperback],$16.42,PayPal,"6383 High Street, Phoenix, CA 40700",Delivered on 08/02/2025,Amazing! Highly recommend ⭐⭐⭐⭐⭐
TXN-20251114-002093,CUST-ASIA-0227,MR. PATRICIA WILSON,patricia.wilson@email.com,2025-11-14T19:14:09Z,HOME-FURNITURE-7267,Queen Bedding Set,$1032.43,Credit Card (Visa),"9493 Park Ave, New York, CA 41223",Cancelled - 15/11/2025,Great product! 5 stars ⭐⭐⭐⭐⭐
TXN-20251220-002094,CUST-ASIA-0296,  Linda Brown  ,invalid-email,2025-12-20T18:34:39Z,SPORT-FITNESS-9278,Basketball Official,$209.06,PayPal,"856 Oak Road, Leeds, UK, L1 1AA",Delivered on 2025-12-25,Great product! 5 stars ⭐⭐⭐⭐⭐
TXN20250125002095,CUST-UK-0178,Ms. Mary Hernandez,mary.hernandez@mail.com,2025-01-25T22:28:31Z,ELEC-CAMERA-9838,Bose Headphones,$1560.97,CREDIT CARD,"6844 Oak Road, Houston, NY 88013",Shipped (est. arrival: January 30),Poor quality 😞
TXN-20240414-002096,CUST-CA-0373,Joseph Brown,joseph.brown@shop.com,2024-04-14T09:40:58Z,SPORT-TEAM-5004,Basketball Official,£220.12,DEBIT CARD - Mastercard,"2816 High Street, Houston, IL 51572",Delivered on 2024-04-21,Great product! 5 stars ⭐⭐⭐⭐⭐
TXN-20240718-002097,CUST-US-0005,  William Miller  ,william.miller@example.com,18/07/2024 18:50,SPORT-TEAM-1053,Yoga Mat Premium,$105.56,Credit Card (Mastercard),"6844 Park Ave, Manchester, UK, SW1A 1AA",Processing,
TXN-20240926-002098,CUST-UK-0432,MS. SARAH MARTINEZ,SARAH.MARTINEZ@MAIL.COM,26/09/2024 21:45,HOME-LIGHTING-2571,LED Floor Lamp,$1326.35,CREDIT CARD,"4857 Main St, Houston, CA 59064",Cancelled,Good value for money
TXN-20251108-002099,CUST-CA-0274,DR. LINDA MARTINEZ,linda.martinez@mail.com,2025-11-08T09:58:32Z,HOME-DECOR-9504,LED Floor Lamp,1037.74,PayPal,"625 High Street, Birmingham, UK, M1 1AA",Delivered on 10/11/2025,Arrived damaged 😠
TXN-20251208-002100,CUST-EU-0149,Jennifer Lopez,jennifer.lopez@shop.com,"December 8, 2025 at 7:41PM",ELEC-AUDIO-8267,Bose Headphones,$187.88,Credit Card (Mastercard),,Delivered on 16/12/2025,
TXN-20250918-002101,CUST-EU-0138,Sarah Anderson,sarah.anderson@email.com,18/09/2025 19:20,ELEC-PHONE-8544,Bose Headphones,€767.62,Credit Card (Mastercard),"7227 Park Ave, Liverpool, UK, B1 1AA",Processing,Excellent quality 👍
TXN-20250107-002102,CUST-US-0198,LINDA JOHNSON,linda.johnson@shop.com,"January 7, 2025 at 12:37PM",ELEC-CAMERA-8753,iPhone 15 Pro Max (256GB),816.69,Google Pay,"2096 Park Ave, Houston, AZ 71125",Delivered on 15/01/2025,Great product! 5 stars ⭐⭐⭐⭐⭐
TXN-20251018-002103,CUST-ASIA-0027,Dr. Joseph Lopez,JOSEPH.LOPEZ@SHOP.COM,2025-10-18T21:39:34Z,BOOK-NONFICTION-5285,Data Science Handbook,€86.02,Google Pay,,Processing,Not worth the price
TXN-20250522-002104,CUST-ASIA-0283,Richard Brown,richard.brown@shop.com,2025-05-22T16:32:31Z,SPORT-OUTDOOR-4394,Ski Jacket Waterproof,€305.74,Apple Pay,"9207 Elm Street, Manchester, UK, L1 1AA",Shipped (est. arrival: May 27),Disappointed 😢
TXN-20250220-002105,CUST-EU-0242,  Ms. William Martinez  ,william.martinez@email.com,"February 20, 2025 at 8:43AM",BOOK-EBOOK-7918,Data Science Handbook,£49.00,Debit Card - Visa,"4368 Park Ave, Houston, CA 34013",Processing,
TXN-20250203-002106,CUST-CA-0300,LISA GARCIA,lisa.garcia@test.com,"February 3, 2025 at 5:55PM",CLOTH-SHOES-4432,Cotton T-Shirt,$295.17,DEBIT CARD - Mastercard,"9468 Oak Road, Leeds, UK, SW1A 1AA",Processing,
TXN-20241202-002107,CUST-UK-0316,Ms. John Martinez,john.martinez@email.com,2024-12-02T20:15:23Z,BOOK-TEXTBOOK-1472,Python Programming,$63.81,Google Pay,"3121 Main St, Birmingham, UK, LS1 1AA",Shipped (est. arrival: December 05),Amazing! Highly recommend ⭐⭐⭐⭐⭐
TXN-20241211-002108,CUST-EU-0114,Mrs. Mary Anderson,mary.anderson@test.com,"December 11, 2024 at 10:45AM",SPORT-TEAM-6655,Camping Tent 4-Person,$270.70,Google Pay,"833 Oak Road, Phoenix, AZ 64526",Shipped (est. arrival: December 14),Arrived damaged 😠
TXN-20250303-002109,CUST-ASIA-0013,  William Brown  ,WILLIAM.BROWN@TEST.COM,"March 3, 2025 at 10:10PM",SPORT-OUTDOOR-8262,Yoga Mat Premium,286.12,Apple Pay,"8947 Main St, Chicago, IL 32598",Cancelled,Good value for money
TXN-20260109-002110,CUST-UK-0038,DR. ROBERT SMITH,robert.smith@example.com,"January 9, 2026 at 12:56PM",CLOTH-SHIRT-8459,Leather Jacket [L],€67.13,Debit Card - Visa,"3102 High Street, Phoenix, TX 99239",Processing,
TXN-20241223-002111,CUST-UK-0013,Mr. John Lopez,,23/12/2024 18:40,HOME-BEDDING-1777,Kitchen Mixer,€846.19,Credit Card (Visa),"7913 High Street, Manchester, UK, L1 1AA",Processing,Good value for money
TXN-20250607-002112,CUST-CA-0071,Joseph Davis,joseph.davis@shop.com,07/06/2025 11:16,ELEC-AUDIO-5389,iPhone 15 Pro Max (256GB),£942.06,Apple Pay,"7254 High Street, Birmingham, UK, L1 1AA",Processing,Arrived damaged 😠
TXN-20240203-002113,CUST-CA-0325,  James Hernandez  ,james.hernandez@example.com,"February 3, 2024 at 1:33PM",BOOK-EBOOK-5606,Digital Marketing eBook,$32.44,CREDIT CARD,"8449 High Street, Liverpool, UK, M1 1AA",Shipped (est. arrival: February 09),
TXN-20250212-002114,CUST-CA-0453,MS. LISA DAVIS,lisa.davis@email.com,2025-02-12T20:02:40Z,SPORT-TEAM-1990,Diving Gear Set,$230.42,Debit Card - Visa,"6927 Oak Road, Manchester, UK, M1 1AA",Delivered on 15/02/2025,Amazing! Highly recommend ⭐⭐⭐⭐⭐
TXN-20250119-002115,CUST-CA-0375,Linda Johnson,LINDA.JOHNSON@MAIL.COM,"January 19, 2025 at 9:52PM",SPORT-TEAM-2977,Ski Jacket Waterproof,,DEBIT CARD - Mastercard,"8257 High Street, New York, CA 33209",Delivered on 26/01/2025,Excellent quality 👍
TXN-20251114-002116,CUST-CA-0007,dr. mary williams,mary.williams@test.com,2025-11-14T01:39:33Z,CLOTH-DRESS-8775,Levis Jeans 32x34,$109.42,Credit Card (Visa),"1695 Park Ave, Phoenix, IL 54341",Cancelled - 14/11/2025,Not worth the price
TXN-20241022-002117,CUSTUK0116,  emma miller  ,emma.miller@test.com,10/22/2024 10:54 AM,CLOTH-SHIRT-8376,Leather Jacket [L],£280.03,Debit Card - Visa,"6753 Oak Road, Chicago, IL 80696",Delivered on 2024-10-31,
TXN-20240126-002118,CUST-UK-0202,,william.jones@email.com,01/26/2024 01:24 PM,BOOK-EBOOK-6991,Data Science Handbook,$17.87,Credit Card (Visa),"9012 Oak Road, Leeds, UK, B1 1AA",Shipped (est. arrival: January 29),Not worth the price
TXN-20250125-002119,CUST-UK-0390,John Brown,JOHN.BROWN@SHOP.COM,25/01/2025 14:37,HOME-KITCHEN-9569,Wall Art Decoration,$1316.67,Google Pay,"9469 Oak Road, Los Angeles, NY 28994",Delivered on 2025-02-02,Amazing! Highly recommend ⭐⭐⭐⭐⭐
TXN-20250527-002120,CUSTEU0297,MRS. WILLIAM JOHNSON,william.johnson@mail.com,27/05/2025 15:35,CLOTH-SHOES-4955,Levis Jeans 32x34,$292.89,Apple Pay,"5961 Oak Road, Los Angeles, AZ 70997",Delivered on 06/06/2025,Excellent quality 👍
TXN-20260111-002121,CUST-EU-0095,MS. ROBERT MILLER,robert.miller@email.com,11/01/2026 21:17,BOOK-EBOOK-2436,Digital Marketing eBook,€33.65,Credit Card (Mastercard),,Shipped (est. arrival: January 15),Poor quality 😞
TXN-20250913-002122,CUST-US-0003,michael davis,michael.davis@mail.com,2025-09-13T07:27:23Z,BOOK-EBOOK-8910,Python Programming,€83.52,credit_card,"7881 High Street, New York, IL 88049",Shipped (est. arrival: September 20),Not worth the price
TXN-20240101-002123,CUST-US-0113,William Brown,WILLIAM.BROWN@EXAMPLE.COM,01/01/2024 07:40,BOOK-FICTION-6741,The Great Gatsby [Paperback],56.46,credit_card,"2781 High Street, Phoenix, NY 76287",Cancelled - 01/01/2024,Amazing! Highly recommend ⭐⭐⭐⭐⭐
TXN-20241218-002124,CUST-EU-0224,michael smith,MICHAEL.SMITH@TEST.COM,"December 18, 2024 at 1:19PM",SPORT-OUTDOOR-9006,Diving Gear Set,$311.70,Credit Card (Visa),"1362 High Street, Birmingham, UK, LS1 1AA",Cancelled,Arrived damaged 😠
TXN-20251007-002125,CUST-US-0062,MS. EMMA JOHNSON,EMMA.JOHNSON@EXAMPLE.COM,2025-10-07T20:28:25Z,ELEC-CAMERA-1811,Samsung Galaxy S24,$687.94,Apple Pay,"9508 Park Ave, Manchester, UK, L1 1AA",Processing,Amazing! Highly recommend ⭐⭐⭐⭐⭐
TXN-20240615-002126,CUST-EU-0238,ms. william anderson,william.anderson@test.com,"June 15, 2024 at 9:33PM",CLOTH-SHIRT-2471,Summer Dress (M),$191.33,credit_card,"6016 Elm Street, Leeds, UK, L1 1AA",Cancelled - 17/06/2024,
TXN-20240503-002127,CUST-UK-0044,MR. JAMES MILLER,james.miller@example.com,"May 3, 2024 at 6:43PM",SPORT-FITNESS-9910,Yoga Mat Premium,$222.60,Google Pay,"7866 High Street, London, UK, M1 1AA",Cancelled - 03/05/2024,Average product
TXN20250706002128,CUST-UK-0376,patricia martinez,patricia.martinez@shop.com,2025-07-06T15:53:56Z,ELEC-PHONE-9183,Bose Headphones,244.11,Credit Card (Mastercard),,Processing,Poor quality 😞
TXN-20240414-002129,CUSTUS0456,  Ms. Sarah Garcia  ,user@domain,14/04/2024 18:06,HOME-KITCHEN-6977,Modern Sofa Set,"£1,415.79",Credit Card (Visa),"5323 Elm Street, Liverpool, UK, B1 1AA",Shipped (est. arrival: April 18),
TXN-20241220-002130,CUST-EU-0104,ROBERT HERNANDEZ,ROBERT.HERNANDEZ@SHOP.COM,2024-12-20T18:58:12Z,ELEC-LAPTOP-6423,Bose Headphones,€82.36,credit_card,"8050 Elm Street, London, UK, B1 1AA",Cancelled - 22/12/2024,Average product
TXN-20240113-002131,CUST-US-0053,,linda.lopez@test.com,01/13/2024 11:59 AM,BOOK-MAGAZINE-5996,Python Programming,$68.56,CREDIT CARD,"4869 Elm Street, New York, NY 15163",Delivered on 2024-01-18,Excellent quality 👍
TXN-20240728-002132,CUST-US-0168,EMMA SMITH,emma.smith@email.com,07/28/2024 04:57 PM,ELEC-CAMERA-4871,Sony Camera A7,€1741.27,credit_card,"5754 High Street, London, UK, M1 1AA",Processing,Poor quality 😞
TXN-20250319-002133,CUST-EU-0002,  Sarah Williams  ,sarah.williams@mail.com,19/03/2025 12:00,ELEC-LAPTOP-4021,Bose Headphones,1004.00,credit_card,"9316 Elm Street, Chicago, NY 92625",Cancelled - 20/03/2025,Good value for money
TXN-20250804-002134,CUST-UK-0324,Patricia Garcia,patricia.garcia@example.com,2025-08-04T10:10:06Z,CLOTH-JACKET-5781,Summer Dress (M),101.87,PayPal,"3774 Main St, London, UK, B1 1AA",Shipped (est. arrival: August 11),Great product! 5 stars ⭐⭐⭐⭐⭐
TXN-20240713-002135,CUST-US-0102,  ms. linda rodriguez  ,LINDA.RODRIGUEZ@MAIL.COM,"July 13, 2024 at 5:05PM",CLOTH-DRESS-6852,Leather Jacket [L],$21.98,Credit Card (Mastercard),"4353 High Street, Chicago, IL 72896",Cancelled - 13/07/2024,Not worth the price
TXN-20250922-002136,CUST-UK-0484,,john.smith@shop.com,22/09/2025 15:49,CLOTH-JACKET-8207,Leather Jacket [L],£44.83,Credit Card (Visa),"3785 Park Ave, Leeds, UK, L1 1AA",Processing,
TXN-20241112-002137,CUST-US-0015,Ms. James Rodriguez,james.rodriguez@email.com,12/11/2024 12:48,BOOK-FICTION-9428,Business Magazine,£35.38,CREDIT CARD,,Processing,
TXN-20240604-002138,CUST-ASIA-0026,Mr. David Jones,DAVID.JONES@TEST.COM,2024-06-04T22:33:29Z,BOOK-FICTION-4085,Data Science Handbook,$65.22,CREDIT CARD,"8971 High Street, Manchester, UK, B1 1AA",Processing,
TXN-20260121-002139,CUST-CA-0211,JOHN MILLER,john.miller@shop.com,01/21/2026 02:11 PM,CLOTH-PANTS-5428,Summer Dress (M),$135.23,credit_card,,Cancelled,Disappointed 😢
TXN-20250901-002140,CUST-US-0240,Dr. Jennifer Martinez,JENNIFER.MARTINEZ@MAIL.COM,01/09/2025 22:31,ELEC-CAMERA-9198,"MacBook Pro 14""",€873.37,Credit Card (Mastercard),"2571 Main St, Phoenix, TX 30117",Delivered on 10/09/2025,
TXN-20250315-002141,CUST-EU-0457,Mrs. Robert Garcia,robert.garcia@example.com,03/15/2025 04:38 PM,ELEC-TABLET-9603,"MacBook Pro 14""",$1880.57,credit_card,"4544 High Street, Manchester, UK, L1 1AA",Cancelled - 15/03/2025,Average product
TXN-20250723-002142,CUST-US-0375,Mr. Robert Lopez,robert.lopez@mail.com,07/23/2025 01:46 PM,CLOTH-JACKET-7661,Leather Jacket [L],$123.84,PayPal,"7372 Elm Street, Birmingham, UK, B1 1AA",Cancelled,Good value for money
TXN-20250927-002143,CUST-CA-0145,MS. JAMES LOPEZ,james.lopez@shop.com,09/27/2025 07:49 PM,BOOK-TEXTBOOK-8287,Data Science Handbook,€29.05,Apple Pay,"1076 Oak Road, Phoenix, CA 96182",Processing,
TXN-20251209-002144,CUST-EU-0500,James Williams,james.williams@email.com,09/12/2025 12:38,HOME-FURNITURE-5029,Wall Art Decoration,1096.52,Credit Card (Mastercard),"4417 Park Ave, Phoenix, CA 56070",Processing,Not worth the price
TXN-20260123-002145,CUST-US-0412,michael brown,michael.brown@mail.com,23/01/2026 07:12,SPORT-OUTDOOR-1584,Basketball Official,£60.57,credit_card,"8904 Elm Street, Chicago, CA 86003",Shipped (est. arrival: January 28),Poor quality 😞
TXN20250329002146,CUST-US-0247,MRS. LINDA DAVIS,linda.davis@test.com,2025-03-29T10:14:18Z,ELEC-LAPTOP-3157,"MacBook Pro 14""",,credit_card,"1308 Main St, Leeds, UK, SW1A 1AA",Delivered on 2025-04-05,Arrived damaged 😠
TXN20250206002147,CUST-US-0013,Lisa Anderson,LISA.ANDERSON@TEST.COM,2025-02-06T23:22:10Z,BOOK-FICTION-5441,Data Science Handbook,,Google Pay,"2011 Park Ave, Houston, CA 78541",Cancelled,Average product
TXN-20250308-002148,CUST-UK-0140,EMMA HERNANDEZ,emma.hernandez@test.com,08/03/2025 11:52,BOOK-NONFICTION-9483,Python Programming,$74.96,Credit Card (Mastercard),"8661 Oak Road, London, UK, SW1A 1AA",Shipped (est. arrival: March 14),Amazing! Highly recommend ⭐⭐⭐⭐⭐
TXN-20240714-002149,CUST-US-0487,Ms. Robert Hernandez,robert.hernandez@email.com,14/07/2024 20:30,SPORT-OUTDOOR-1320,Basketball Official,$33.60,Google Pay,"9632 Oak Road, London, UK, L1 1AA",Processing,Poor quality 😞
TXN-20250922-002150,CUST-US-0225,Michael Jones,,2025-09-22T17:09:25Z,ELEC-TABLET-1201,Sony Camera A7,$721.26,Google Pay,"4601 Main St, Phoenix, IL 83071",Cancelled - 23/09/2025,Excellent quality 👍
TXN-20240906-002151,CUST-CA-0270,Emma Rodriguez,emma.rodriguez@shop.com,06/09/2024 19:31,CLOTH-JACKET-1967,Leather Jacket [L],$163.49,CREDIT CARD,"1417 Main St, Leeds, UK, M1 1AA",Delivered on 2024-09-08,Not worth the price
TXN-20240129-002152,CUST-US-0207,mrs. william jones,william.jones@test.com,2024-01-29T06:11:03Z,CLOTH-PANTS-3395,Nike Running Shoes - Size 10,$50.13,credit_card,"1918 Elm Street, Birmingham, UK, SW1A 1AA",Processing,Average product
TXN-20250920-002153,CUST-UK-0344,  Michael Miller  ,MICHAEL.MILLER@TEST.COM,20/09/2025 18:13,CLOTH-JACKET-3543,Levis Jeans 32x34,$66.43,DEBIT CARD - Mastercard,"8140 Oak Road, London, UK, B1 1AA",Shipped (est. arrival: September 25),
TXN-20240307-002154,CUST-CA-0437,Mrs. John Miller,john.miller@mail.com,07/03/2024 09:54,BOOK-MAGAZINE-9264,Digital Marketing eBook,£32.88,Credit Card (Visa),"646 Elm Street, Los Angeles, CA 65725",Processing,Arrived damaged 😠
TXN-20250707-002155,CUST-UK-0182,Richard Martinez,richard.martinez@mail.com,07/07/2025 11:04,BOOK-TEXTBOOK-1134,The Great Gatsby [Paperback],$36.89,CREDIT CARD,"41 Main St, New York, IL 36806",Delivered on 14/07/2025,Average product
TXN-20241105-002156,CUST-CA-0457,mr. robert garcia,robert.garcia@example.com,05/11/2024 14:06,SPORT-TEAM-4580,Diving Gear Set,,CREDIT CARD,"1927 Oak Road, Liverpool, UK, B1 1AA",Shipped (est. arrival: November 10),
TXN-20251121-002157,CUST-EU-0304,dr. david smith,user@domain,21/11/2025 20:46,ELEC-PHONE-4961,Bose Headphones,,credit_card,"4579 Park Ave, Birmingham, UK, LS1 1AA",Processing,Amazing! Highly recommend ⭐⭐⭐⭐⭐
TXN-20251026-002158,CUST-EU-0081,MR. RICHARD MARTINEZ,richard.martinez@shop.com,26/10/2025 14:34,SPORT-OUTDOOR-2688,Yoga Mat Premium,189.48,Google Pay,"3671 High Street, New York, CA 14255",Processing,Disappointed 😢
TXN-20240124-002159,CUST-ASIA-0156,dr. mary wilson,mary.wilson@example.com,01/24/2024 01:58 PM,HOME-LIGHTING-9555,LED Floor Lamp,£682.31,Debit Card - Visa,"2757 Oak Road, London, UK, L1 1AA",Processing,Poor quality 😞
TXN-20251110-002160,CUST-CA-0192,Michael Wilson,michael.wilson@email.com,2025-11-10T23:00:30Z,BOOK-MAGAZINE-2993,Digital Marketing eBook,€49.18,CREDIT CARD,"9830 Oak Road, Manchester, UK, LS1 1AA",Shipped (est. arrival: November 13),
TXN-20251029-002161,CUST-UK-0103,JAMES WILSON,james.wilson@test.com,10/29/2025 08:54 AM,ELEC-TABLET-3459,Bose Headphones,$1159.96,DEBIT CARD - Mastercard,"8453 High Street, Chicago, TX 29992",Delivered on 2025-11-03,Great product! 5 stars ⭐⭐⭐⭐⭐
TXN-20240825-002162,CUST-ASIA-0477,mr. linda wilson,LINDA.WILSON@EXAMPLE.COM,08/25/2024 06:52 PM,HOME-BEDDING-9898,Kitchen Mixer,76.05,CREDIT CARD,"6235 High Street, New York, NY 51881",Delivered on 2024-08-31,Excellent quality 👍
TXN-20250731-002163,CUST-EU-0342,Richard Williams,richard.williams@email.com,31/07/2025 15:59,ELEC-PHONE-2294,Sony Camera A7,$1149.99,Credit Card (Visa),,Processing,Great product! 5 stars ⭐⭐⭐⭐⭐
TXN-20240318-002164,CUST-UK-0417,  Dr. Mary Davis  ,MARY.DAVIS@TEST.COM,03/18/2024 07:41 PM,SPORT-OUTDOOR-7697,Yoga Mat Premium,245.43,DEBIT CARD - Mastercard,"8078 Park Ave, Manchester, UK, LS1 1AA",Shipped (est. arrival: March 25),Good value for money
TXN-20240909-002165,CUST-US-0375,LINDA GARCIA,linda.garcia@test.com,09/09/2024 06:43 PM,ELEC-PHONE-8075,Samsung Galaxy S24,187.51,Google Pay,"238 Elm Street, Phoenix, IL 13878",Cancelled - 11/09/2024,
TXN-20251231-002166,CUST-UK-0500,  Sarah Martinez  ,sarah.martinez@test.com,12/31/2025 12:34 PM,HOME-KITCHEN-6161,LED Floor Lamp,$110.53,Google Pay,,Shipped (est. arrival: January 05),
TXN-20250901-002167,CUST-EU-0326,  John Williams  ,invalid-email,01/09/2025 16:13,SPORT-TEAM-6517,Camping Tent 4-Person,€269.38,PayPal,"2373 Elm Street, New York, CA 21248",Shipped (est. arrival: September 04),
TXN-20250226-002168,CUST-ASIA-0392,  John Hernandez  ,john.hernandez@example.com,"February 26, 2025 at 6:11PM",SPORT-WINTER-7425,Camping Tent 4-Person,$497.16,Google Pay,"272 Oak Road, Chicago, IL 38671",Shipped (est. arrival: March 01),Not worth the price
TXN-20240519-002169,CUST-US-0490,Mr. Joseph Johnson,joseph.johnson@email.com,05/19/2024 08:03 PM,ELEC-TABLET-6287,"MacBook Pro 14""",€1451.73,credit_card,"4928 Oak Road, Phoenix, AZ 90587",Cancelled - 20/05/2024,Excellent quality 👍
TXN-20250624-002170,CUST-US-0228,  LISA JONES  ,LISA.JONES@EXAMPLE.COM,"June 24, 2025 at 2:29PM",CLOTH-SHIRT-7120,Summer Dress (M),$108.75,DEBIT CARD - Mastercard,"2578 Park Ave, Birmingham, UK, B1 1AA",Delivered on 2025-07-03,Disappointed 😢
TXN-20250624-002171,CUST-CA-0263,,emma.wilson@mail.com,06/24/2025 10:32 PM,ELEC-TABLET-3184,"MacBook Pro 14""",626.75,PayPal,"7685 Oak Road, London, UK, SW1A 1AA",Delivered on 2025-06-30,Poor quality 😞
TXN-20240907-002172,CUST-ASIA-0389,Dr. Joseph Smith,joseph.smith@test.com,09/07/2024 07:19 PM,CLOTH-SHIRT-8920,Nike Running Shoes - Size 10,,Debit Card - Visa,"9788 Main St, Los Angeles, CA 37300",Shipped (est. arrival: September 14),Perfect! 5/5 stars
TXN-20260127-002173,CUST-ASIA-0412,  robert lopez  ,robert.lopez@mail.com,2026-01-27T13:08:25Z,CLOTH-PANTS-9238,Leather Jacket [L],$27.32,CREDIT CARD,"928 Oak Road, Los Angeles, AZ 98005",Processing,Average product
TXN20251121002174,CUST-ASIA-0182,Emma Garcia,emma.garcia@test.com,"November 21, 2025 at 9:10PM",CLOTH-JACKET-2183,Cotton T-Shirt,$21.92,Credit Card (Mastercard),"7674 Elm Street, New York, AZ 13766",Shipped (est. arrival: November 27),
TXN-20250412-002175,CUST-ASIA-0266,mrs. james davis,james.davis@mail.com,04/12/2025 08:23 PM,HOME-KITCHEN-2775,Kitchen Mixer,€1422.84,CREDIT CARD,"3010 High Street, New York, CA 79851",Delivered on 22/04/2025,Poor quality 😞
TXN-20250922-002176,CUST-CA-0181,Ms. Michael Garcia,,"September 22, 2025 at 8:16AM",HOME-LIGHTING-2373,Wall Art Decoration,,Debit Card - Visa,"5830 Main St, Chicago, CA 52069",Shipped (est. arrival: September 29),
TXN-20250624-002177,CUST-ASIA-0217,  Dr. Richard Martinez  ,RICHARD.MARTINEZ@SHOP.COM,24/06/2025 07:52,ELEC-AUDIO-6714,iPhone 15 Pro Max (256GB),$1644.35,credit_card,,Processing,Not worth the price
TXN-20251215-002178,CUST-UK-0278,JOSEPH WILLIAMS,JOSEPH.WILLIAMS@TEST.COM,"December 15, 2025 at 3:12PM",CLOTH-PANTS-8906,Summer Dress (M),€28.06,CREDIT CARD,"1532 High Street, Chicago, IL 80099",Cancelled,Amazing! Highly recommend ⭐⭐⭐⭐⭐
TXN-20250617-002179,CUST-US-0374,Ms. Sarah Johnson,SARAH.JOHNSON@TEST.COM,06/17/2025 01:37 PM,SPORT-TEAM-7393,Ski Jacket Waterproof,$256.54,Apple Pay,"9835 Main St, Los Angeles, AZ 47136",Delivered on 22/06/2025,
TXN-20240504-002180,CUST-US-0056,DR. LISA SMITH,lisa.smith@mail.com,2024-05-04T16:23:08Z,BOOK-NONFICTION-8799,Python Programming,$71.82,PayPal,"9259 Main St, London, UK, LS1 1AA",Shipped (est. arrival: May 07),Arrived damaged 😠
TXN-20241119-002181,CUST-UK-0027,Ms. Jennifer Miller,jennifer.miller@example.com,"November 19, 2024 at 1:35PM",ELEC-CAMERA-5366,Bose Headphones,£1536.36,Debit Card - Visa,,Processing,Good value for money
TXN-20250607-002182,CUST-CA-0114,,patricia.jones@shop.com,06/07/2025 01:20 PM,BOOK-NONFICTION-2779,Python Programming,£72.57,Credit Card (Mastercard),"1289 Oak Road, New York, AZ 80631",Processing,
TXN-20250204-002183,CUST-CA-0167,ms. david lopez,david.lopez@mail.com,2025-02-04T12:52:19Z,SPORT-OUTDOOR-8115,Camping Tent 4-Person,$195.79,Google Pay,"190 Park Ave, Manchester, UK, B1 1AA",Delivered on 2025-02-09,Poor quality 😞
TXN-20241201-002184,CUST-US-0095,Dr. Michael Smith,michael.smith@shop.com,"December 1, 2024 at 7:46AM",HOME-BEDDING-2913,Wall Art Decoration,,credit_card,"543 High Street, New York, AZ 22473",Cancelled,Arrived damaged 😠
TXN-20251212-002185,CUSTCA0146,LINDA LOPEZ,linda.lopez@shop.com,12/12/2025 20:13,HOME-KITCHEN-8097,Wall Art Decoration,$482.79,Credit Card (Mastercard),"6441 Elm Street, Liverpool, UK, SW1A 1AA",Processing,Perfect! 5/5 stars
TXN-20240414-002186,CUST-US-0386,mr. michael davis,michael.davis@email.com,2024-04-14T14:37:37Z,HOME-LIGHTING-5256,Queen Bedding Set,$389.04,Apple Pay,"8962 Park Ave, Manchester, UK, L1 1AA",Processing,Amazing! Highly recommend ⭐⭐⭐⭐⭐
TXN-20240123-002187,CUST-ASIA-0442,Ms. Lisa Williams,,01/23/2024 11:54 PM,BOOK-FICTION-5865,The Great Gatsby [Paperback],$43.92,CREDIT CARD,"1641 High Street, Leeds, UK, SW1A 1AA",Processing,Not worth the price
TXN-20240601-002188,CUST-US-0467,  Joseph Williams  ,JOSEPH.WILLIAMS@TEST.COM,2024-06-01T22:20:08Z,SPORT-TEAM-5128,Ski Jacket Waterproof,$472.26,DEBIT CARD - Mastercard,"9447 Oak Road, Manchester, UK, M1 1AA",Shipped (est. arrival: June 08),
TXN-20250429-002189,CUST-CA-0344,LISA MILLER,LISA.MILLER@MAIL.COM,29/04/2025 06:07,HOME-DECOR-4221,Queen Bedding Set,£587.37,Apple Pay,"5558 Park Ave, Manchester, UK, LS1 1AA",Processing,Arrived damaged 😠
TXN-20250125-002190,CUST-ASIA-0177,robert johnson,robert.johnson@shop.com,"January 25, 2025 at 2:03PM",HOME-FURNITURE-5835,Queen Bedding Set,$393.75,Debit Card - Visa,"6887 Park Ave, Phoenix, TX 73938",Delivered on 03/02/2025,Not worth the price
TXN-20250126-002191,CUST-EU-0305,EMMA MARTINEZ,emma.martinez@test.com,26/01/2025 09:00,BOOK-MAGAZINE-1988,The Great Gatsby [Paperback],47.97,Google Pay,"6125 Elm Street, Birmingham, UK, L1 1AA",Cancelled,Amazing! Highly recommend ⭐⭐⭐⭐⭐
TXN-20240510-002192,CUST-ASIA-0119,mary anderson,mary.anderson@shop.com,05/10/2024 02:39 PM,CLOTH-SHOES-6580,Levis Jeans 32x34,$124.84,Apple Pay,"9975 Elm Street, Chicago, TX 91473",Shipped (est. arrival: May 14),
TXN-20250204-002193,CUST-US-0419,Dr. Sarah Martinez,SARAH.MARTINEZ@SHOP.COM,2025-02-04T08:22:50Z,HOME-BEDDING-5995,LED Floor Lamp,$482.25,CREDIT CARD,"1766 Main St, Liverpool, UK, B1 1AA",Processing,Great product! 5 stars ⭐⭐⭐⭐⭐
TXN20250204002194,CUST-CA-0322,MRS. JENNIFER WILSON,JENNIFER.WILSON@TEST.COM,2025-02-04T08:31:29Z,CLOTH-DRESS-1107,Leather Jacket [L],£77.37,Credit Card (Mastercard),"1854 Oak Road, Houston, IL 83333",Cancelled,
TXN-20240906-002195,CUST-EU-0071,Mary Davis,mary.davis@email.com,2024-09-06T15:00:44Z,ELEC-LAPTOP-5258,Sony Camera A7,$1254.97,CREDIT CARD,"1655 Main St, London, UK, L1 1AA",Processing,Average product
TXN-20250305-002196,CUST-UK-0450,Sarah Jones,sarah@,"March 5, 2025 at 2:11PM",BOOK-NONFICTION-4817,Business Magazine,$20.27,Apple Pay,"7967 Oak Road, Phoenix, AZ 27957",Delivered on 14/03/2025,Excellent quality 👍
TXN-20241021-002197,CUST-EU-0367,linda williams,linda.williams@shop.com,2024-10-21T22:30:36Z,BOOK-TEXTBOOK-7494,Business Magazine,£54.44,PayPal,"7654 Elm Street, Phoenix, TX 56066",Cancelled,Good value for money
TXN-20250521-002198,CUST-ASIA-0450,Ms. James Miller,JAMES.MILLER@SHOP.COM,2025-05-21T10:08:03Z,HOME-LIGHTING-6395,Queen Bedding Set,$495.16,Credit Card (Mastercard),"1944 Park Ave, Leeds, UK, L1 1AA",Delivered on 26/05/2025,Arrived damaged 😠
TXN-20260113-002199,CUST-US-0125,dr. david brown,david.brown@shop.com,"January 13, 2026 at 8:25AM",BOOK-FICTION-1727,Python Programming,$60.03,Credit Card (Mastercard),"106 Park Ave, New York, TX 10887",Delivered on 2026-01-19,Disappointed 😢
TXN-20251104-002200,CUSTCA0271,DR. JENNIFER SMITH,jennifer.smith@test.com,2025-11-04T21:51:07Z,SPORT-OUTDOOR-2145,Ski Jacket Waterproof,203.49,DEBIT CARD - Mastercard,"343 Main St, Houston, IL 64615",Processing,Great product! 5 stars ⭐⭐⭐⭐⭐
TXN-20250911-002201,CUST-UK-0483,mrs. joseph garcia,,2025-09-11T12:14:38Z,CLOTH-JACKET-4640,Nike Running Shoes - Size 10,$225.88,Apple Pay,"3969 High Street, Los Angeles, TX 72690",Processing,Excellent quality 👍
TXN-20250831-002202,CUST-UK-0049,  Ms. Robert Davis  ,robert.davis@mail.com,2025-08-31T16:57:02Z,ELEC-LAPTOP-7488,"MacBook Pro 14""",$1392.01,Credit Card (Visa),"7070 Oak Road, Leeds, UK, LS1 1AA",Processing,Disappointed 😢
TXN-20240529-002203,CUST-ASIA-0256,,ROBERT.MARTINEZ@EMAIL.COM,05/29/2024 04:47 AM,HOME-LIGHTING-4213,Modern Sofa Set,£31.70,PayPal,"774 High Street, Liverpool, UK, M1 1AA",Processing,Amazing! Highly recommend ⭐⭐⭐⭐⭐
TXN20241103002204,CUST-US-0407,jennifer garcia,jennifer.garcia@example.com,11/03/2024 07:29 AM,HOME-KITCHEN-7685,Kitchen Mixer,,credit_card,"8614 Park Ave, Liverpool, UK, M1 1AA",Processing,Not worth the price
TXN-20241201-002205,CUST-EU-0431,william rodriguez,WILLIAM.RODRIGUEZ@TEST.COM,01/12/2024 21:21,ELEC-PHONE-2061,iPhone 15 Pro Max (256GB),,Apple Pay,"4218 Elm Street, Leeds, UK, B1 1AA",Processing,
TXN-20251116-002206,CUST-UK-0299,James Martinez,james.martinez@mail.com,"November 16, 2025 at 2:56PM",HOME-LIGHTING-6238,LED Floor Lamp,$726.34,Credit Card (Mastercard),,Cancelled - 18/11/2025,
TXN-20250413-002207,CUST-US-0013,dr. emma jones,emma.jones@email.com,2025-04-13T20:45:03Z,SPORT-WINTER-5394,Ski Jacket Waterproof,$26.96,Google Pay,"845 Main St, Phoenix, TX 78475",Cancelled,Poor quality 😞
TXN-20251109-002208,CUST-US-0307,mr. patricia anderson,PATRICIA.ANDERSON@SHOP.COM,"November 9, 2025 at 12:25PM",ELEC-PHONE-8429,"MacBook Pro 14""",£1433.16,Credit Card (Visa),"9413 Main St, Manchester, UK, B1 1AA",Shipped (est. arrival: November 13),Average product
TXN-20251031-002209,CUST-UK-0020,  Mr. James Jones  ,JAMES.JONES@TEST.COM,2025-10-31T12:44:28Z,CLOTH-PANTS-5766,Cotton T-Shirt,$130.31,Credit Card (Visa),"2522 Elm Street, New York, NY 67993",Shipped (est. arrival: November 04),Great product! 5 stars ⭐⭐⭐⭐⭐
TXN-20240717-002210,CUST-CA-0224,  ms. linda lopez  ,linda.lopez@test.com,2024-07-17T23:23:57Z,HOME-BEDDING-8025,Kitchen Mixer,€172.24,CREDIT CARD,"2275 Main St, New York, IL 49694",Cancelled,Perfect! 5/5 stars
TXN-20240331-002211,CUST-ASIA-0281,john hernandez,john.hernandez@shop.com,"March 31, 2024 at 3:00PM",SPORT-TEAM-4209,Ski Jacket Waterproof,360.53,Apple Pay,"4815 Main St, Liverpool, UK, M1 1AA",Shipped (est. arrival: April 05),Average product
TXN-20250924-002212,CUST-US-0238,,joseph.anderson@example.com,2025-09-24T09:13:42Z,ELEC-LAPTOP-1070,Samsung Galaxy S24,$741.88,Debit Card - Visa,"5221 Main St, Chicago, TX 66322",Shipped (est. arrival: September 30),Amazing! Highly recommend ⭐⭐⭐⭐⭐
TXN-20240412-002213,CUST-UK-0042,Dr. James Williams,JAMES.WILLIAMS@SHOP.COM,04/12/2024 07:34 PM,SPORT-WATER-3344,Basketball Official,$296.77,Credit Card (Visa),"7515 Elm Street, London, UK, SW1A 1AA",Processing,Not worth the price
TXN-20251007-002214,CUST-US-0322,James Anderson,james.anderson@email.com,07/10/2025 18:09,HOME-FURNITURE-6983,Wall Art Decoration,$280.85,credit_card,"4508 Park Ave, London, UK, SW1A 1AA",Processing,Poor quality 😞
TXN-20260103-002215,CUST-US-0008,MRS. DAVID JONES,david.jones@mail.com,01/03/2026 02:39 PM,SPORT-OUTDOOR-4030,Basketball Official,$151.30,Apple Pay,"3296 Elm Street, Liverpool, UK, L1 1AA",Cancelled - 05/01/2026,Perfect! 5/5 stars
TXN-20250121-002216,CUST-EU-0314,dr. john garcia,john.garcia@shop.com,2025-01-21T08:32:57Z,HOME-DECOR-3921,LED Floor Lamp,$525.80,Credit Card (Mastercard),"7936 High Street, Leeds, UK, M1 1AA",Cancelled - 21/01/2025,Great product! 5 stars ⭐⭐⭐⭐⭐
TXN-20250724-002217,CUST-EU-0010,JENNIFER MILLER,JENNIFER.MILLER@EXAMPLE.COM,"July 24, 2025 at 1:57PM",ELEC-TABLET-1162,Samsung Galaxy S24,£864.56,Google Pay,"7821 Oak Road, Los Angeles, AZ 91714",Processing,
TXN-20250421-002218,CUST-EU-0140,Mrs. James Anderson,james.anderson@test.com,2025-04-21T19:04:50Z,SPORT-TEAM-5083,Yoga Mat Premium,$209.13,DEBIT CARD - Mastercard,"4120 Main St, Liverpool, UK, LS1 1AA",Delivered on 28/04/2025,Poor quality 😞
TXN-20240530-002219,CUST-EU-0209,  JOSEPH MARTINEZ  ,joseph.martinez@example.com,2024-05-30T12:12:33Z,SPORT-TEAM-1269,Diving Gear Set,€446.86,credit_card,"5249 High Street, Liverpool, UK, LS1 1AA",Processing,Great product! 5 stars ⭐⭐⭐⭐⭐
TXN-20240523-002220,CUST-EU-0486,Mrs. Robert Davis,robert.davis@shop.com,23/05/2024 14:13,BOOK-TEXTBOOK-9200,The Great Gatsby [Paperback],,CREDIT CARD,"6952 Main St, New York, AZ 40937",Processing,Average product
TXN-20240109-002221,CUSTCA0201,MRS. WILLIAM JONES,,01/09/2024 09:15 PM,ELEC-AUDIO-9787,"MacBook Pro 14""",,Debit Card - Visa,"730 Park Ave, Manchester, UK, M1 1AA",Shipped (est. arrival: January 14),Average product
TXN-20240720-002222,CUST-UK-0010,,james@,"July 20, 2024 at 3:34PM",HOME-BEDDING-2465,Wall Art Decoration,$608.67,Apple Pay,"7911 Oak Road, Liverpool, UK, L1 1AA",Shipped (est. arrival: July 26),Good value for money
TXN-20241231-002223,CUST-US-0246,Mary Rodriguez,mary.rodriguez@shop.com,12/31/2024 12:26 PM,BOOK-FICTION-6250,Python Programming,$40.09,PayPal,"8817 Elm Street, Chicago, NY 50100",Processing,
TXN-20251015-002224,CUST-ASIA-0410,,mary.jones@example.com,2025-10-15T19:42:34Z,HOME-FURNITURE-5959,Kitchen Mixer,$478.42,Credit Card (Visa),"8648 Park Ave, Houston, CA 92956",Processing,
TXN-20250517-002225,CUST-ASIA-0150,DAVID GARCIA,,05/17/2025 03:09 PM,SPORT-TEAM-6849,Ski Jacket Waterproof,82.51,credit_card,"7011 Elm Street, Leeds, UK, LS1 1AA",Cancelled - 18/05/2025,
TXN-20240630-002226,CUST-UK-0239,Mr. Lisa Garcia,LISA.GARCIA@EMAIL.COM,06/30/2024 03:05 PM,SPORT-OUTDOOR-7274,Diving Gear Set,$409.16,PayPal,"9156 Oak Road, New York, AZ 85289",Shipped (est. arrival: July 06),Average product
TXN-20251002-002227,CUST-US-0182,Mr. Richard Anderson,RICHARD.ANDERSON@MAIL.COM,10/02/2025 06:42 PM,SPORT-WINTER-5127,Diving Gear Set,,DEBIT CARD - Mastercard,"4033 Park Ave, London, UK, SW1A 1AA",Shipped (est. arrival: October 06),Amazing! Highly recommend ⭐⭐⭐⭐⭐
TXN-20250220-002228,CUST-CA-0332,mrs. david martinez,david.martinez@mail.com,02/20/2025 01:01 PM,BOOK-TEXTBOOK-1088,Python Programming,€11.12,Credit Card (Visa),"4549 Elm Street, Leeds, UK, SW1A 1AA",Shipped (est. arrival: February 24),Poor quality 😞
TXN-20250723-002229,CUST-ASIA-0122,mr. linda anderson,linda.anderson@shop.com,07/23/2025 01:30 PM,SPORT-WINTER-2006,Ski Jacket Waterproof,233.29,CREDIT CARD,"6922 Elm Street, Phoenix, AZ 46406",Cancelled,Excellent quality 👍
TXN20251104002230,CUST-US-0285,Sarah Garcia,user@domain,04/11/2025 03:57,BOOK-FICTION-8315,Digital Marketing eBook,78.28,Google Pay,"3102 Park Ave, Los Angeles, TX 57139",Shipped (est. arrival: November 07),
TXN-20240504-002231,CUST-ASIA-0312,,,05/04/2024 09:11 PM,CLOTH-SHOES-5870,Nike Running Shoes - Size 10,$26.88,Google Pay,"4367 Elm Street, Houston, NY 77233",Processing,
TXN-20240131-002232,CUST-ASIA-0443,Lisa Rodriguez,lisa.rodriguez@test.com,"January 31, 2024 at 9:20AM",BOOK-TEXTBOOK-6209,Data Science Handbook,35.84,DEBIT CARD - Mastercard,"1678 Elm Street, Houston, NY 25148",Processing,
TXN-20250413-002233,CUST-ASIA-0390,Mr. Mary Rodriguez,mary.rodriguez@example.com,04/13/2025 11:18 AM,HOME-FURNITURE-5263,Queen Bedding Set,£817.70,DEBIT CARD - Mastercard,"4897 Oak Road, Leeds, UK, M1 1AA",Delivered on 21/04/2025,Amazing! Highly recommend ⭐⭐⭐⭐⭐
TXN-20250606-002234,CUST-UK-0479,JOHN HERNANDEZ,john.hernandez@mail.com,06/06/2025 12:58 PM,HOME-DECOR-3268,Queen Bedding Set,$1206.36,DEBIT CARD - Mastercard,"9069 Elm Street, Birmingham, UK, SW1A 1AA",Delivered on 2025-06-16,Great product! 5 stars ⭐⭐⭐⭐⭐
TXN-20250918-002235,CUST-US-0477,DAVID BROWN,DAVID.BROWN@EXAMPLE.COM,2025-09-18T19:15:19Z,CLOTH-JACKET-5458,Cotton T-Shirt,79.47,Google Pay,"1076 Oak Road, Manchester, UK, L1 1AA",Cancelled - 18/09/2025,Not worth the price
TXN-20250712-002236,CUST-EU-0258,Dr. Robert Jones,robert.jones@shop.com,"July 12, 2025 at 1:31PM",BOOK-TEXTBOOK-3959,Data Science Handbook,$55.95,Credit Card (Mastercard),"4497 High Street, Los Angeles, CA 76607",Shipped (est. arrival: July 15),Great product! 5 stars ⭐⭐⭐⭐⭐
TXN-20240311-002237,CUST-CA-0112,JOSEPH HERNANDEZ,joseph.hernandez@shop.com,"March 11, 2024 at 2:18PM",ELEC-AUDIO-5714,Samsung Galaxy S24,£806.78,PayPal,,Processing,Perfect! 5/5 stars
TXN-20250906-002238,CUST-ASIA-0103,,michael.davis@example.com,09/06/2025 07:38 PM,BOOK-FICTION-1949,Business Magazine,13.57,PayPal,"6061 Main St, New York, IL 49707",Cancelled - 07/09/2025,Poor quality 😞
TXN20240324002239,CUST-EU-0158,  RICHARD ANDERSON  ,richard.anderson@shop.com,"March 24, 2024 at 6:03PM",SPORT-WATER-3446,Camping Tent 4-Person,€439.82,CREDIT CARD,"5301 Elm Street, London, UK, L1 1AA",Shipped (est. arrival: March 31),Poor quality 😞
TXN-20240430-002240,CUST-UK-0237,Mrs. Jennifer Anderson,JENNIFER.ANDERSON@TEST.COM,30/04/2024 12:50,SPORT-WATER-3441,Diving Gear Set,$81.56,DEBIT CARD - Mastercard,,Cancelled,
TXN20240918002241,CUST-UK-0238,,sarah.jones@mail.com,2024-09-18T09:42:22Z,HOME-BEDDING-5631,Queen Bedding Set,,CREDIT CARD,,Shipped (est. arrival: September 21),
TXN-20250603-002242,CUST-UK-0290,  Mary Martinez  ,,"June 3, 2025 at 4:29PM",ELEC-LAPTOP-5676,Samsung Galaxy S24,$839.02,Credit Card (Mastercard),"775 High Street, Houston, NY 60354",Cancelled - 05/06/2025,
TXN-20250228-002243,CUST-US-0142,  Mr. James Hernandez  ,JAMES.HERNANDEZ@TEST.COM,2025-02-28T10:40:21Z,ELEC-PHONE-1966,Samsung Galaxy S24,$1169.52,credit_card,"2367 Main St, Phoenix, AZ 57448",Delivered on 07/03/2025,Arrived damaged 😠
TXN-20240402-002244,CUST-UK-0199,MR. JAMES HERNANDEZ,james.hernandez@mail.com,2024-04-02T21:42:34Z,ELEC-CAMERA-4938,Bose Headphones,,credit_card,"8074 Elm Street, New York, IL 18878",Shipped (est. arrival: April 07),
TXN-20241025-002245,CUST-US-0095,Mary Williams,,2024-10-25T13:53:29Z,SPORT-FITNESS-5249,Basketball Official,$338.96,Credit Card (Mastercard),"2521 High Street, Chicago, CA 56984",Processing,
TXN-20260127-002246,CUST-US-0090,,james.hernandez@test.com,27/01/2026 19:05,SPORT-TEAM-1862,Ski Jacket Waterproof,,Apple Pay,"9583 High Street, New York, TX 23088",Processing,
TXN-20240811-002247,CUST-UK-0218,  Jennifer Jones  ,,"August 11, 2024 at 10:31AM",HOME-KITCHEN-6228,Queen Bedding Set,€207.03,Credit Card (Mastercard),"3720 Main St, London, UK, LS1 1AA",Shipped (est. arrival: August 16),
TXN-20250304-002248,CUST-EU-0050,joseph martinez,joseph.martinez@shop.com,"March 4, 2025 at 5:28PM",SPORT-FITNESS-6993,Diving Gear Set,$464.73,DEBIT CARD - Mastercard,,Processing,Average product
TXN-20240110-002249,CUST-EU-0428,EMMA HERNANDEZ,invalid-email,10/01/2024 18:17,ELEC-PHONE-3661,"MacBook Pro 14""",£741.55,credit_card,"1372 Main St, Birmingham, UK, SW1A 1AA",Delivered on 12/01/2024,Great product! 5 stars ⭐⭐⭐⭐⭐
TXN-20251218-002250,CUST-US-0475,,user@domain,18/12/2025 21:56,ELEC-TABLET-6738,Samsung Galaxy S24,£71.91,Google Pay,"5029 Elm Street, Houston, IL 12144",Processing,Amazing! Highly recommend ⭐⭐⭐⭐⭐
TXN-20250913-002251,CUST-CA-0311,david brown,david.brown@email.com,09/13/2025 01:59 PM,SPORT-WATER-1433,Yoga Mat Premium,€384.65,Debit Card - Visa,"1806 Oak Road, Leeds, UK, L1 1AA",Processing,Amazing! Highly recommend ⭐⭐⭐⭐⭐
TXN-20241107-002252,CUST-ASIA-0453,James Hernandez,james.hernandez@shop.com,"November 7, 2024 at 10:59PM",CLOTH-PANTS-6220,Nike Running Shoes - Size 10,$45.14,CREDIT CARD,"1640 Park Ave, Phoenix, AZ 65107",Shipped (est. arrival: November 10),Perfect! 5/5 stars
TXN-20240108-002253,CUST-CA-0295,Patricia Brown,patricia.brown@email.com,"January 8, 2024 at 2:02PM",CLOTH-JACKET-3424,Summer Dress (M),€144.28,Google Pay,"6769 Main St, Manchester, UK, L1 1AA",Delivered on 2024-01-10,
TXN-20250526-002254,CUST-EU-0017,Jennifer Martinez,jennifer.martinez@example.com,"May 26, 2025 at 1:35PM",CLOTH-SHIRT-1344,Cotton T-Shirt,£64.56,Credit Card (Visa),"8395 Oak Road, Birmingham, UK, M1 1AA",Delivered on 2025-06-04,Perfect! 5/5 stars
TXN-20240219-002255,CUST-UK-0385,LISA ANDERSON,LISA.ANDERSON@MAIL.COM,02/19/2024 11:41 AM,SPORT-WATER-3439,Diving Gear Set,€425.17,Google Pay,"4371 Park Ave, London, UK, L1 1AA",Processing,Poor quality 😞
TXN-20250620-002256,CUST-CA-0497,Mrs. Lisa Williams,,"June 20, 2025 at 9:11AM",SPORT-WINTER-8148,Diving Gear Set,£74.67,Apple Pay,"8299 Park Ave, Manchester, UK, L1 1AA",Cancelled,
TXN-20250621-002257,CUST-ASIA-0080,Dr. Jennifer Garcia,jennifer.garcia@mail.com,06/21/2025 11:08 PM,BOOK-EBOOK-3878,Business Magazine,$81.24,Credit Card (Mastercard),"4314 Elm Street, Phoenix, AZ 57313",Shipped (est. arrival: June 24),
TXN-20250831-002258,CUST-EU-0118,JENNIFER ANDERSON,JENNIFER.ANDERSON@EMAIL.COM,2025-08-31T12:13:52Z,HOME-LIGHTING-7235,Kitchen Mixer,$769.68,Credit Card (Mastercard),"8075 Oak Road, New York, AZ 57668",Cancelled - 02/09/2025,Disappointed 😢
TXN-20240413-002259,CUST-ASIA-0336,Robert Jones,ROBERT.JONES@EXAMPLE.COM,04/13/2024 12:42 PM,SPORT-OUTDOOR-5482,Diving Gear Set,$447.78,CREDIT CARD,"5866 Main St, Leeds, UK, SW1A 1AA",Shipped (est. arrival: April 16),Arrived damaged 😠
TXN-20250615-002260,CUST-ASIA-0120,Mrs. Mary Garcia,MARY.GARCIA@SHOP.COM,15/06/2025 22:15,HOME-LIGHTING-7447,LED Floor Lamp,€135.03,Credit Card (Visa),"3751 High Street, London, UK, SW1A 1AA",Processing,
TXN-20250602-002261,CUST-US-0199,Mrs. John Wilson,john.wilson@mail.com,06/02/2025 07:21 PM,HOME-BEDDING-9188,Modern Sofa Set,468.66,Credit Card (Visa),"8734 Elm Street, New York, NY 11215",Shipped (est. arrival: June 08),Perfect! 5/5 stars
TXN-20240708-002262,CUST-US-0061,Mrs. John Wilson,invalid-email,"July 8, 2024 at 10:47PM",HOME-DECOR-5029,Wall Art Decoration,$358.38,Credit Card (Visa),"4345 Oak Road, Liverpool, UK, B1 1AA",Shipped (est. arrival: July 13),Poor quality 😞
TXN20240508002263,CUST-EU-0033,LINDA GARCIA,linda.garcia@email.com,"May 8, 2024 at 1:59PM",HOME-LIGHTING-4542,Wall Art Decoration,,Credit Card (Mastercard),"5616 Main St, Chicago, IL 72968",Cancelled - 09/05/2024,
TXN-20260114-002264,CUST-CA-0157,Ms. William Jones,william.jones@test.com,"January 14, 2026 at 4:10PM",ELEC-CAMERA-6275,Sony Camera A7,$829.03,Credit Card (Mastercard),"5997 Park Ave, New York, IL 13869",Cancelled - 14/01/2026,Excellent quality 👍
TXN-20250511-002265,CUST-ASIA-0235,  Mary Johnson  ,mary.johnson@example.com,2025-05-11T15:05:26Z,CLOTH-JACKET-6556,Summer Dress (M),£139.60,DEBIT CARD - Mastercard,"9393 Park Ave, Chicago, CA 32204",Shipped (est. arrival: May 16),
TXN-20250919-002266,CUST-UK-0015,mr. linda martinez,linda.martinez@test.com,09/19/2025 09:07 AM,SPORT-TEAM-3550,Ski Jacket Waterproof,,Apple Pay,"3098 Elm Street, Manchester, UK, L1 1AA",Cancelled - 20/09/2025,Excellent quality 👍
TXN-20250708-002267,CUST-EU-0118,MR. WILLIAM MARTINEZ,,07/08/2025 12:14 PM,BOOK-NONFICTION-9938,Digital Marketing eBook,€63.39,DEBIT CARD - Mastercard,"4758 High Street, Phoenix, CA 79908",Shipped (est. arrival: July 13),
TXN-20240503-002268,CUST-CA-0397,Ms. Jennifer Garcia,jennifer.garcia@test.com,05/03/2024 01:33 PM,CLOTH-JACKET-3605,Leather Jacket [L],$166.84,Credit Card (Mastercard),"744 Main St, Manchester, UK, SW1A 1AA",Processing,Poor quality 😞
TXN-20250818-002269,CUST-EU-0113,JAMES MILLER,james.miller@shop.com,"August 18, 2025 at 7:32PM",BOOK-NONFICTION-9603,Python Programming,£81.68,Debit Card - Visa,"6102 Elm Street, Houston, CA 79219",Cancelled,Disappointed 😢
TXN-20241104-002270,CUST-ASIA-0092,  Ms. Mary Rodriguez  ,,11/04/2024 06:54 PM,ELEC-PHONE-5020,"MacBook Pro 14""",€1943.69,PayPal,"2112 Elm Street, Phoenix, TX 50091",Shipped (est. arrival: November 10),Great product! 5 stars ⭐⭐⭐⭐⭐
TXN-20260104-002271,CUST-CA-0312,  Mr. William Lopez  ,william.lopez@test.com,2026-01-04T04:35:36Z,ELEC-CAMERA-3744,Sony Camera A7,,Google Pay,"2148 High Street, Leeds, UK, SW1A 1AA",Cancelled - 06/01/2026,Good value for money
TXN-20241006-002272,CUST-EU-0313,SARAH BROWN,sarah.brown@shop.com,06/10/2024 12:21,ELEC-CAMERA-3626,Sony Camera A7,£758.54,credit_card,"8236 Park Ave, Manchester, UK, B1 1AA",Shipped (est. arrival: October 09),Not worth the price
TXN-20240118-002273,CUST-CA-0029,Emma Smith,emma.smith@example.com,01/18/2024 10:56 AM,CLOTH-DRESS-1202,Cotton T-Shirt,$237.92,credit_card,"6978 Park Ave, New York, IL 58694",Delivered on 28/01/2024,
TXN-20251204-002274,CUST-US-0074,DAVID WILSON,david.wilson@shop.com,12/04/2025 11:43 PM,SPORT-WINTER-8278,Basketball Official,$70.06,Credit Card (Visa),"7386 Oak Road, Leeds, UK, SW1A 1AA",Cancelled - 06/12/2025,Poor quality 😞
TXN-20240104-002275,CUST-UK-0020,Mr. Sarah Hernandez,sarah.hernandez@shop.com,04/01/2024 08:47,SPORT-WINTER-6182,Yoga Mat Premium,$486.40,Credit Card (Mastercard),"1657 Oak Road, Manchester, UK, B1 1AA",Cancelled,Amazing! Highly recommend ⭐⭐⭐⭐⭐
TXN-20250208-002276,CUST-ASIA-0198,Mr. Emma Davis,,02/08/2025 07:04 PM,HOME-FURNITURE-9777,Kitchen Mixer,$1196.34,DEBIT CARD - Mastercard,"139 Oak Road, Birmingham, UK, M1 1AA",Processing,Not worth the price
TXN-20241103-002277,CUST-US-0288,MRS. PATRICIA WILLIAMS,PATRICIA.WILLIAMS@EMAIL.COM,"November 3, 2024 at 3:52PM",HOME-BEDDING-7948,LED Floor Lamp,"$1,145.15",CREDIT CARD,"9022 Oak Road, London, UK, SW1A 1AA",Delivered on 12/11/2024,
TXN-20240616-002278,CUST-UK-0217,MR. PATRICIA ANDERSON,patricia.anderson@test.com,06/16/2024 06:06 PM,SPORT-WINTER-6803,Diving Gear Set,£63.23,PayPal,"9119 Park Ave, Birmingham, UK, SW1A 1AA",Processing,
TXN-20251116-002279,CUST-UK-0217,,james.anderson@test.com,2025-11-16T02:05:48Z,CLOTH-SHOES-5548,Leather Jacket [L],€122.38,Credit Card (Mastercard),"432 Elm Street, Birmingham, UK, L1 1AA",Processing,Arrived damaged 😠
TXN-20251024-002280,CUST-EU-0352,  JAMES JOHNSON  ,,24/10/2025 14:53,BOOK-TEXTBOOK-9981,Python Programming,$12.45,Google Pay,"1678 High Street, New York, IL 36590",Delivered on 2025-10-27,Not worth the price
TXN-20240108-002281,CUST-US-0098,patricia miller,PATRICIA.MILLER@TEST.COM,"January 8, 2024 at 9:27PM",BOOK-EBOOK-8236,Data Science Handbook,$15.32,DEBIT CARD - Mastercard,"9237 Oak Road, Chicago, IL 43476",Cancelled,
TXN-20250528-002282,CUST-EU-0388,Mr. Emma Martinez,emma.martinez@test.com,2025-05-28T08:35:59Z,CLOTH-SHOES-6173,Nike Running Shoes - Size 10,$208.60,PayPal,"6507 Oak Road, Birmingham, UK, LS1 1AA",Cancelled,Not worth the price
TXN-20240523-002283,CUST-EU-0089,,lisa.anderson@mail.com,05/23/2024 02:42 PM,ELEC-PHONE-6229,Samsung Galaxy S24,£1090.22,CREDIT CARD,"8553 Oak Road, Phoenix, IL 73546",Delivered on 31/05/2024,Arrived damaged 😠
TXN-20251019-002284,CUST-EU-0439,SARAH JOHNSON,sarah.johnson@test.com,19/10/2025 21:21,CLOTH-SHOES-5332,Levis Jeans 32x34,£120.76,CREDIT CARD,"2468 High Street, Leeds, UK, M1 1AA",Delivered on 2025-10-25,Arrived damaged 😠
TXN-20240724-002285,CUST-EU-0137,mr. james anderson,invalid-email,07/24/2024 07:25 PM,BOOK-EBOOK-1214,Business Magazine,$55.75,PayPal,"859 High Street, Los Angeles, TX 85758",Shipped (est. arrival: July 31),Good value for money
TXN-20250907-002286,CUST-US-0253,MS. PATRICIA MILLER,patricia.miller@email.com,2025-09-07T19:30:21Z,HOME-BEDDING-9047,Wall Art Decoration,£626.81,Credit Card (Visa),,Cancelled - 09/09/2025,Good value for money
TXN-20251101-002287,CUST-ASIA-0301,LISA RODRIGUEZ,lisa.rodriguez@example.com,"November 1, 2025 at 5:35PM",HOME-FURNITURE-6269,LED Floor Lamp,$743.18,CREDIT CARD,"7429 High Street, Phoenix, CA 94399",Delivered on 11/11/2025,Arrived damaged 😠
TXN-20240119-002288,CUST-US-0067,lisa brown,lisa.brown@mail.com,2024-01-19T15:18:30Z,BOOK-NONFICTION-3327,Business Magazine,,credit_card,"961 Elm Street, London, UK, LS1 1AA",Delivered on 2024-01-22,Poor quality 😞
TXN-20250724-002289,CUST-ASIA-0418,William Smith,william.smith@mail.com,24/07/2025 20:00,HOME-DECOR-8091,Wall Art Decoration,,PayPal,,Cancelled - 25/07/2025,Arrived damaged 😠
TXN-20240310-002290,CUST-EU-0035,Sarah Lopez,sarah.lopez@mail.com,10/03/2024 19:00,ELEC-AUDIO-3865,Samsung Galaxy S24,"$1,013.09",credit_card,"4313 Main St, Leeds, UK, B1 1AA",Shipped (est. arrival: March 15),
TXN-20250714-002291,CUST-EU-0329,  Lisa Williams  ,lisa@,2025-07-14T15:59:56Z,BOOK-NONFICTION-5533,Data Science Handbook,56.44,Credit Card (Visa),"1726 Elm Street, Houston, IL 19807",Cancelled - 14/07/2025,
TXN-20250305-002292,CUST-ASIA-0210,DR. JAMES MARTINEZ,,05/03/2025 18:04,CLOTH-SHIRT-3213,Cotton T-Shirt,$132.14,Google Pay,,Shipped (est. arrival: March 11),Perfect! 5/5 stars
TXN-20241016-002293,CUST-ASIA-0405,JOSEPH GARCIA,joseph.garcia@email.com,2024-10-16T15:25:22Z,ELEC-PHONE-6255,Samsung Galaxy S24,$1610.81,DEBIT CARD - Mastercard,"8211 Oak Road, Los Angeles, AZ 89730",Shipped (est. arrival: October 20),Poor quality 😞
TXN-20250825-002294,CUST-CA-0063,,PATRICIA.HERNANDEZ@EMAIL.COM,08/25/2025 11:14 AM,SPORT-WATER-2136,Camping Tent 4-Person,€313.31,Google Pay,"1011 Elm Street, Phoenix, TX 90446",Delivered on 28/08/2025,Excellent quality 👍
TXN-20250225-002295,CUST-CA-0336,,sarah.jones@email.com,"February 25, 2025 at 8:08PM",CLOTH-DRESS-3098,Leather Jacket [L],£202.10,Google Pay,"1942 Main St, Manchester, UK, LS1 1AA",Processing,Perfect! 5/5 stars
TXN-20241108-002296,CUST-US-0226,Dr. Sarah Miller,sarah.miller@mail.com,"November 8, 2024 at 6:30PM",SPORT-FITNESS-9200,Ski Jacket Waterproof,$31.20,CREDIT CARD,"2804 Oak Road, London, UK, M1 1AA",Processing,Average product
TXN-20240925-002297,CUST-US-0436,,robert.williams@example.com,2024-09-25T21:39:59Z,SPORT-OUTDOOR-3437,Ski Jacket Waterproof,£25.83,credit_card,"6859 High Street, Phoenix, CA 29466",Delivered on 2024-09-27,Good value for money
TXN-20251212-002298,CUST-US-0138,LINDA WILLIAMS,linda.williams@email.com,2025-12-12T19:32:47Z,ELEC-CAMERA-5404,Bose Headphones,,credit_card,"9698 Elm Street, Houston, TX 32923",Delivered on 18/12/2025,
TXN-20250725-002299,CUST-EU-0429,richard miller,richard.miller@mail.com,07/25/2025 07:31 PM,HOME-DECOR-9615,Wall Art Decoration,$682.46,CREDIT CARD,"4369 Main St, Liverpool, UK, B1 1AA",Cancelled - 26/07/2025,Perfect! 5/5 stars
TXN-20241205-002300,CUST-US-0117,Michael Rodriguez,michael.rodriguez@mail.com,05/12/2024 11:42,HOME-KITCHEN-6523,Queen Bedding Set,$430.52,Apple Pay,"6245 Main St, Leeds, UK, M1 1AA",Processing,Great product! 5 stars ⭐⭐⭐⭐⭐
TXN-20251108-002301,CUST-UK-0343,Dr. Patricia Brown,,08/11/2025 14:31,CLOTH-SHIRT-6802,Levis Jeans 32x34,£236.16,Apple Pay,"1863 Oak Road, Phoenix, TX 92881",Shipped (est. arrival: November 15),Great product! 5 stars ⭐⭐⭐⭐⭐
TXN-20240125-002302,CUST-EU-0462,John Lopez,john.lopez@test.com,"January 25, 2024 at 3:55PM",SPORT-TEAM-2680,Camping Tent 4-Person,$257.30,PayPal,"8511 Main St, London, UK, SW1A 1AA",Delivered on 30/01/2024,Excellent quality 👍
TXN-20240303-002303,CUST-EU-0487,  Joseph Williams  ,joseph.williams@test.com,03/03/2024 21:06,SPORT-FITNESS-6476,Yoga Mat Premium,€425.24,Credit Card (Mastercard),"6455 Park Ave, Los Angeles, AZ 46879",Processing,Average product
TXN-20250606-002304,CUST-UK-0293,DR. MARY GARCIA,mary.garcia@example.com,06/06/2025 06:23,CLOTH-JACKET-4715,Leather Jacket [L],$154.98,PayPal,"2975 Oak Road, Chicago, TX 29731",Delivered on 2025-06-12,
TXN-20240930-002305,CUST-US-0460,john smith,john.smith@example.com,2024-09-30T19:29:41Z,ELEC-AUDIO-8232,iPhone 15 Pro Max (256GB),"$1,452.29",Credit Card (Mastercard),"3529 Main St, Liverpool, UK, SW1A 1AA",Processing,Poor quality 😞
TXN-20240728-002306,CUST-US-0146,,,28/07/2024 15:55,ELEC-TABLET-2373,"MacBook Pro 14""",$1762.33,Credit Card (Mastercard),"5664 Park Ave, Leeds, UK, M1 1AA",Cancelled,Excellent quality 👍
TXN-20250618-002307,CUST-EU-0217,robert miller,ROBERT.MILLER@EMAIL.COM,2025-06-18T23:42:40Z,ELEC-AUDIO-2386,Sony Camera A7,$1541.98,DEBIT CARD - Mastercard,"5007 Park Ave, Chicago, IL 13704",Cancelled,
TXN-20240705-002308,CUST-UK-0006,  Linda Lopez  ,linda.lopez@example.com,"July 5, 2024 at 10:40PM",HOME-KITCHEN-8732,Queen Bedding Set,£913.85,credit_card,"8530 High Street, Los Angeles, CA 48204",Processing,Poor quality 😞
TXN-20241123-002309,CUST-UK-0293,Mr. Emma Williams,emma.williams@shop.com,2024-11-23T07:46:12Z,CLOTH-JACKET-6490,Levis Jeans 32x34,$119.70,DEBIT CARD - Mastercard,"7925 Main St, Leeds, UK, B1 1AA",Shipped (est. arrival: November 26),
TXN-20251007-002310,CUST-UK-0301,JOSEPH BROWN,joseph.brown@mail.com,07/10/2025 00:07,HOME-LIGHTING-7951,Queen Bedding Set,$1477.13,Credit Card (Mastercard),"1979 Oak Road, New York, NY 80569",Processing,Poor quality 😞
TXN-20241229-002311,CUST-US-0207,MR. LINDA WILSON,LINDA.WILSON@EMAIL.COM,12/29/2024 02:07 PM,SPORT-FITNESS-4189,Yoga Mat Premium,$69.43,Credit Card (Visa),"4061 Main St, Manchester, UK, SW1A 1AA",Delivered on 04/01/2025,Disappointed 😢
TXN-20240319-002312,CUST-UK-0102,MRS. DAVID SMITH,,03/19/2024 02:47 PM,HOME-LIGHTING-5471,Kitchen Mixer,$963.28,Credit Card (Mastercard),"5413 Park Ave, Los Angeles, TX 44898",Delivered on 2024-03-21,Excellent quality 👍
TXN-20241210-002313,CUST-UK-0453,richard brown,richard@,2024-12-10T19:12:20Z,HOME-DECOR-1707,LED Floor Lamp,€1251.03,CREDIT CARD,"8978 High Street, London, UK, SW1A 1AA",Processing,Average product
TXN-20251206-002314,CUST-ASIA-0467,WILLIAM WILSON,WILLIAM.WILSON@EXAMPLE.COM,01/01/2020 12:00 AM,CLOTH-PANTS-2818,Leather Jacket [L],234.34,PayPal,"9350 Park Ave, New York, IL 91783",Shipped (est. arrival: December 11),
TXN-20250603-002315,CUST-CA-0300,  Robert Johnson  ,ROBERT.JOHNSON@EXAMPLE.COM,06/03/2025 01:09 AM,HOME-DECOR-4235,Queen Bedding Set,$375.87,Google Pay,"1695 Park Ave, New York, AZ 34471",Processing,Great product! 5 stars ⭐⭐⭐⭐⭐
TXN-20250927-002316,CUST-CA-0193,  JAMES MILLER  ,james.miller@example.com,27/09/2025 19:46,BOOK-MAGAZINE-4260,The Great Gatsby [Paperback],€32.29,Google Pay,"6299 High Street, Birmingham, UK, M1 1AA",Shipped (est. arrival: October 01),
TXN20241003002317,CUST-UK-0129,  robert davis  ,robert.davis@shop.com,2024-10-03T23:41:46Z,ELEC-TABLET-2816,Sony Camera A7,$341.95,Apple Pay,"1474 Oak Road, Manchester, UK, M1 1AA",Shipped (est. arrival: October 09),Perfect! 5/5 stars
TXN-20240525-002318,CUST-UK-0240,  David Hernandez  ,david.hernandez@test.com,2024-05-25T12:38:17Z,ELEC-PHONE-4546,"MacBook Pro 14""",,CREDIT CARD,"2852 Main St, Houston, AZ 72180",Shipped (est. arrival: May 31),Good value for money
TXN-20251228-002319,CUST-EU-0035,MR. JOSEPH MARTINEZ,joseph.martinez@example.com,2025-12-28T04:11:57Z,SPORT-TEAM-5953,Camping Tent 4-Person,€120.46,Credit Card (Mastercard),"2376 Park Ave, Manchester, UK, M1 1AA",Processing,Good value for money
TXN-20240120-002320,CUST-US-0410,Dr. Michael Anderson,MICHAEL.ANDERSON@SHOP.COM,2027-12-31T23:59:59Z,HOME-LIGHTING-3974,Queen Bedding Set,€462.60,credit_card,"9257 Oak Road, Phoenix, IL 56699",Delivered on 29/01/2024,
TXN-20250313-002321,CUST-CA-0479,emma martinez,EMMA.MARTINEZ@SHOP.COM,13/03/2025 14:56,SPORT-WATER-5920,Yoga Mat Premium,£319.42,Credit Card (Visa),"687 Park Ave, London, UK, LS1 1AA",Shipped (est. arrival: March 17),Disappointed 😢
TXN-20240810-002322,CUSTCA0013,Linda Martinez,linda.martinez@test.com,"August 10, 2024 at 7:39PM",SPORT-TEAM-2079,Basketball Official,203.77,CREDIT CARD,"9416 Main St, New York, AZ 86354",Cancelled,Good value for money
TXN-20250828-002323,CUST-ASIA-0321,ms. william johnson,user@domain,2025-08-28T12:49:50Z,ELEC-CAMERA-8975,"MacBook Pro 14""",$1292.66,Apple Pay,"8989 Main St, Houston, AZ 74229",Delivered on 31/08/2025,Good value for money
TXN-20251212-002324,CUST-CA-0345,  MARY MARTINEZ  ,MARY.MARTINEZ@EXAMPLE.COM,"December 12, 2025 at 2:24PM",HOME-LIGHTING-5810,Queen Bedding Set,€410.03,PayPal,"8355 Oak Road, Liverpool, UK, B1 1AA",Delivered on 17/12/2025,
TXN-20250826-002325,CUST-ASIA-0378,william hernandez,WILLIAM.HERNANDEZ@EMAIL.COM,2027-12-31T23:59:59Z,CLOTH-SHIRT-7856,Leather Jacket [L],£184.12,Debit Card - Visa,"738 Elm Street, New York, TX 80909",Cancelled,Perfect! 5/5 stars
TXN-20240610-002326,CUST-EU-0012,Dr. James Garcia,james.garcia@email.com,"June 10, 2024 at 2:09PM",ELEC-AUDIO-9669,Samsung Galaxy S24,$104.24,Apple Pay,"287 Oak Road, Leeds, UK, SW1A 1AA",Shipped (est. arrival: June 15),
TXN-20240221-002327,CUST-ASIA-0039,,william.williams@test.com,21/02/2024 20:48,HOME-LIGHTING-5556,Modern Sofa Set,£938.67,Apple Pay,"2976 Elm Street, Manchester, UK, LS1 1AA",Cancelled - 22/02/2024,Not worth the price
TXN-20250223-002328,CUST-EU-0407,Mr. Robert Martinez,robert.martinez@shop.com,2025-02-23T12:30:24Z,CLOTH-DRESS-7143,Levis Jeans 32x34,£187.74,PayPal,"6864 Elm Street, London, UK, L1 1AA",Processing,Arrived damaged 😠
TXN-20250626-002329,CUST-EU-0358,,lisa.davis@email.com,2025-06-26T22:07:39Z,CLOTH-PANTS-5956,Summer Dress (M),$69.55,Debit Card - Visa,"3293 Park Ave, Manchester, UK, SW1A 1AA",Cancelled,
TXN-20250103-002330,CUST-US-0085,  emma williams  ,EMMA.WILLIAMS@MAIL.COM,03/01/2025 23:29,HOME-FURNITURE-1880,LED Floor Lamp,£1342.57,CREDIT CARD,"152 Elm Street, Los Angeles, CA 70263",Shipped (est. arrival: January 10),Arrived damaged 😠
TXN-20251015-002331,CUST-UK-0351,,EMMA.WILLIAMS@TEST.COM,15/10/2025 10:54,BOOK-FICTION-1406,The Great Gatsby [Paperback],€52.40,Credit Card (Mastercard),"3403 High Street, New York, TX 58625",Shipped (est. arrival: October 19),Arrived damaged 😠
TXN-20250328-002332,CUST-US-0371,  Dr. Lisa Garcia  ,LISA.GARCIA@EXAMPLE.COM,28/03/2025 20:56,SPORT-FITNESS-7709,Diving Gear Set,£284.18,Credit Card (Mastercard),"1928 Main St, Chicago, TX 24598",Processing,Amazing! Highly recommend ⭐⭐⭐⭐⭐
TXN-20240203-002333,CUSTASIA0174,WILLIAM WILSON,WILLIAM.WILSON@MAIL.COM,"February 3, 2024 at 11:39AM",BOOK-FICTION-6379,Python Programming,€75.72,CREDIT CARD,"6723 High Street, London, UK, SW1A 1AA",Cancelled - 04/02/2024,Arrived damaged 😠
TXN-20251120-002334,CUST-UK-0456,Ms. Emma Brown,emma.brown@mail.com,2025-11-20T20:01:19Z,ELEC-CAMERA-3366,Bose Headphones,$1253.49,PayPal,"685 High Street, New York, NY 54764",Cancelled - 21/11/2025,
TXN-20250615-002335,CUST-CA-0107,ms. michael hernandez,,"June 15, 2025 at 11:28AM",BOOK-NONFICTION-2218,Digital Marketing eBook,92.74,Credit Card (Mastercard),,Processing,Average product
TXN-20240201-002336,CUST-UK-0006,Linda Rodriguez,linda@,02/01/2024 10:51 PM,ELEC-LAPTOP-8577,Samsung Galaxy S24,€904.81,Credit Card (Mastercard),"9905 Main St, Los Angeles, TX 50545",Shipped (est. arrival: February 07),
TXN-20250728-002337,CUST-EU-0279,MICHAEL RODRIGUEZ,michael.rodriguez@example.com,2025-07-28T14:15:36Z,BOOK-EBOOK-3761,Data Science Handbook,$74.44,Credit Card (Visa),"2340 High Street, Chicago, IL 96852",Processing,Good value for money
TXN-20250401-002338,CUST-US-0410,John Miller,,2025-04-01T20:19:05Z,SPORT-WINTER-3410,Yoga Mat Premium,$467.42,Credit Card (Mastercard),"2898 Main St, Chicago, CA 62363",Cancelled - 03/04/2025,Good value for money
TXN-20240301-002339,CUST-CA-0211,Richard Hernandez,richard.hernandez@example.com,"March 1, 2024 at 7:22PM",ELEC-LAPTOP-3372,iPhone 15 Pro Max (256GB),€1577.36,Google Pay,"5103 Park Ave, Liverpool, UK, L1 1AA",Shipped (est. arrival: March 07),Good value for money
TXN-20240116-002340,CUST-ASIA-0086,Jennifer Johnson,JENNIFER.JOHNSON@TEST.COM,01/16/2024 08:20 PM,HOME-DECOR-2737,Kitchen Mixer,$864.45,Debit Card - Visa,"6612 Park Ave, Liverpool, UK, L1 1AA",Shipped (est. arrival: January 22),
TXN-20240125-002341,CUST-ASIA-0425,,LISA.LOPEZ@EMAIL.COM,"January 25, 2024 at 7:52AM",HOME-FURNITURE-6690,Modern Sofa Set,£640.50,DEBIT CARD - Mastercard,"7446 Park Ave, Birmingham, UK, M1 1AA",Shipped (est. arrival: January 30),Good value for money
TXN-20250908-002342,CUST-ASIA-0299,,emma.anderson@test.com,"September 8, 2025 at 5:11PM",HOME-KITCHEN-1170,LED Floor Lamp,$1018.40,Google Pay,"2615 Park Ave, Phoenix, CA 48610",Processing,Arrived damaged 😠
TXN-20250829-002343,CUST-UK-0096,Mr. James Lopez,,08/29/2025 05:24 PM,ELEC-AUDIO-8562,Samsung Galaxy S24,$1100.29,CREDIT CARD,"2242 Park Ave, Liverpool, UK, SW1A 1AA",Processing,
TXN-20240510-002344,CUST-ASIA-0328,DR. SARAH WILSON,sarah.wilson@shop.com,2024-05-10T19:50:04Z,ELEC-PHONE-4211,iPhone 15 Pro Max (256GB),$808.46,Apple Pay,"8436 Elm Street, Houston, TX 63476",Cancelled - 11/05/2024,Good value for money
TXN-20240507-002345,CUST-EU-0351,RICHARD WILSON,RICHARD.WILSON@EXAMPLE.COM,2024-05-07T17:17:48Z,BOOK-FICTION-6188,Digital Marketing eBook,$81.01,Apple Pay,"4266 Main St, New York, NY 94980",Cancelled - 08/05/2024,Great product! 5 stars ⭐⭐⭐⭐⭐
TXN-20250103-002346,CUST-US-0443,david wilson,DAVID.WILSON@MAIL.COM,01/03/2025 07:57 PM,HOME-KITCHEN-8012,Kitchen Mixer,£810.97,Debit Card - Visa,"631 Park Ave, Birmingham, UK, L1 1AA",Cancelled - 05/01/2025,Not worth the price
TXN-20251011-002347,CUST-ASIA-0032,MRS. MICHAEL JOHNSON,michael.johnson@shop.com,"October 11, 2025 at 6:36PM",HOME-FURNITURE-1027,Queen Bedding Set,$1443.34,Credit Card (Visa),"244 Main St, Leeds, UK, LS1 1AA",Processing,Excellent quality 👍
TXN-20250401-002348,CUST-CA-0387,John Brown,john.brown@shop.com,2025-04-01T19:53:08Z,SPORT-FITNESS-4520,Yoga Mat Premium,,DEBIT CARD - Mastercard,"7581 Main St, Los Angeles, IL 18569",Delivered on 05/04/2025,
TXN-20240430-002349,CUST-US-0291,,JAMES.WILSON@EXAMPLE.COM,30/04/2024 23:11,BOOK-MAGAZINE-7187,Digital Marketing eBook,$65.98,Google Pay,"3976 High Street, Leeds, UK, L1 1AA",Processing,Disappointed 😢
TXN-20250701-002350,CUST-US-0037,DR. PATRICIA WILLIAMS,patricia.williams@test.com,07/01/2025 09:20 AM,ELEC-AUDIO-6824,"MacBook Pro 14""",£1422.92,Credit Card (Visa),"5265 Park Ave, London, UK, SW1A 1AA",Cancelled,Excellent quality 👍
TXN-20240329-002351,CUSTASIA0107,william garcia,william.garcia@test.com,29/03/2024 16:39,SPORT-WATER-8308,Diving Gear Set,€29.83,Credit Card (Mastercard),"6558 Main St, Birmingham, UK, SW1A 1AA",Shipped (est. arrival: April 04),
TXN-20241004-002352,CUST-UK-0290,DR. JAMES BROWN,james.brown@example.com,04/10/2024 11:59,BOOK-FICTION-2139,Business Magazine,£55.70,Debit Card - Visa,,Shipped (est. arrival: October 07),
TXN-20240720-002353,CUST-EU-0422,richard hernandez,richard.hernandez@mail.com,2024-07-20T10:29:35Z,SPORT-TEAM-5127,Diving Gear Set,£403.30,DEBIT CARD - Mastercard,"7869 Park Ave, New York, IL 58479",Cancelled,Disappointed 😢
TXN-20251222-002354,CUST-US-0249,Mrs. Sarah Jones,sarah.jones@test.com,2025-12-22T17:53:02Z,HOME-FURNITURE-6382,Queen Bedding Set,"$1,268.16",Google Pay,"3903 Main St, Los Angeles, NY 66902",Cancelled,Excellent quality 👍
TXN-20240211-002355,CUST-CA-0256,JOSEPH LOPEZ,JOSEPH.LOPEZ@MAIL.COM,11/02/2024 14:44,HOME-KITCHEN-2904,Modern Sofa Set,€1473.43,Credit Card (Mastercard),"3551 High Street, Manchester, UK, LS1 1AA",Shipped (est. arrival: February 18),Perfect! 5/5 stars
TXN-20241213-002356,CUST-CA-0141,David Anderson,DAVID.ANDERSON@EMAIL.COM,2024-12-13T18:04:47Z,HOME-DECOR-7226,Queen Bedding Set,$773.35,Debit Card - Visa,,Shipped (est. arrival: December 20),Disappointed 😢
TXN20250630002357,CUST-UK-0393,,david.johnson@example.com,06/30/2025 06:05 AM,BOOK-FICTION-9527,Digital Marketing eBook,$16.16,DEBIT CARD - Mastercard,"7301 Park Ave, Los Angeles, TX 23777",Cancelled,Arrived damaged 😠
TXN-20250714-002358,CUST-CA-0196,RICHARD JOHNSON,RICHARD.JOHNSON@TEST.COM,"July 14, 2025 at 11:06AM",HOME-KITCHEN-2672,Kitchen Mixer,$876.77,PayPal,"6546 Park Ave, Chicago, NY 29516",Shipped (est. arrival: July 17),
TXN-20251227-002359,CUST-ASIA-0150,JOHN WILSON,JOHN.WILSON@EMAIL.COM,27/12/2025 08:14,BOOK-EBOOK-2438,Digital Marketing eBook,£16.07,Credit Card (Mastercard),"7755 High Street, Houston, NY 49487",Cancelled,Disappointed 😢
TXN-20240624-002360,CUST-CA-0044,,patricia.davis@email.com,2024-06-24T13:08:45Z,BOOK-EBOOK-2137,Data Science Handbook,$72.81,Google Pay,"7115 Main St, Houston, NY 74214",Delivered on 28/06/2024,Not worth the price
TXN-20251208-002361,CUST-ASIA-0303,PATRICIA MARTINEZ,patricia.martinez@example.com,12/08/2025 05:08 AM,SPORT-OUTDOOR-6938,Basketball Official,$213.39,Credit Card (Visa),"5597 Main St, Los Angeles, AZ 37297",Delivered on 18/12/2025,Great product! 5 stars ⭐⭐⭐⭐⭐
TXN-20250812-002362,CUST-EU-0256,Mrs. Emma Smith,,"August 12, 2025 at 11:25AM",CLOTH-DRESS-1199,Summer Dress (M),$46.15,Debit Card - Visa,"2521 Elm Street, Birmingham, UK, SW1A 1AA",Processing,Perfect! 5/5 stars
TXN-20251229-002363,CUST-ASIA-0023,Mr. Robert Jones,ROBERT.JONES@MAIL.COM,29/12/2025 08:32,ELEC-LAPTOP-3662,iPhone 15 Pro Max (256GB),,CREDIT CARD,"592 Oak Road, Phoenix, IL 38101",Shipped (est. arrival: January 05),
TXN-20240519-002364,CUST-US-0172,Mrs. Emma Garcia,EMMA.GARCIA@SHOP.COM,19/05/2024 18:35,BOOK-NONFICTION-8198,Digital Marketing eBook,€53.62,Google Pay,"3851 Oak Road, New York, IL 65004",Delivered on 2024-05-26,
TXN-20240402-002365,CUSTASIA0071,,RICHARD.GARCIA@EXAMPLE.COM,04/02/2024 06:50 PM,CLOTH-DRESS-6787,Summer Dress (M),$147.13,PayPal,,Shipped (est. arrival: April 09),Poor quality 😞
TXN20240317002366,CUST-UK-0345,  Robert Wilson  ,robert@,"March 17, 2024 at 2:59PM",CLOTH-DRESS-5732,Summer Dress (M),£160.00,Google Pay,"2516 Park Ave, Los Angeles, CA 46181",Cancelled - 18/03/2024,
TXN-20250629-002367,CUST-UK-0123,Joseph Wilson,joseph.wilson@email.com,06/29/2025 01:24 PM,SPORT-TEAM-3666,Diving Gear Set,€286.86,Debit Card - Visa,"1743 Main St, London, UK, L1 1AA",Cancelled - 29/06/2025,
TXN-20241209-002368,CUST-CA-0202,mary rodriguez,mary.rodriguez@email.com,09/12/2024 21:24,HOME-LIGHTING-6279,Queen Bedding Set,€520.91,Google Pay,"6988 Park Ave, Birmingham, UK, SW1A 1AA",Shipped (est. arrival: December 12),Excellent quality 👍
TXN-20240524-002369,CUST-ASIA-0116,Ms. Linda Garcia,linda.garcia@test.com,24/05/2024 13:17,HOME-KITCHEN-3717,Queen Bedding Set,$357.65,DEBIT CARD - Mastercard,"4453 Main St, Birmingham, UK, L1 1AA",Cancelled - 25/05/2024,
TXN-20251113-002370,CUST-CA-0375,Mr. Patricia Rodriguez,PATRICIA.RODRIGUEZ@MAIL.COM,2025-11-13T17:19:38Z,HOME-KITCHEN-1089,LED Floor Lamp,,DEBIT CARD - Mastercard,"7622 Elm Street, New York, IL 13916",Cancelled - 15/11/2025,Poor quality 😞
TXN-20250120-002371,CUST-CA-0373,Michael Martinez,michael.martinez@email.com,2025-01-20T12:20:10Z,HOME-LIGHTING-8367,LED Floor Lamp,$1190.99,credit_card,"4888 High Street, Leeds, UK, M1 1AA",Processing,Poor quality 😞
TXN-20240205-002372,CUST-US-0018,Mrs. Michael Williams,michael.williams@test.com,02/05/2024 02:33 PM,BOOK-NONFICTION-9298,Python Programming,$82.70,DEBIT CARD - Mastercard,"285 Park Ave, Leeds, UK, B1 1AA",Cancelled,
TXN-20250805-002373,CUST-CA-0043,william hernandez,william.hernandez@email.com,05/08/2025 17:12,CLOTH-JACKET-2328,Cotton T-Shirt,$122.28,CREDIT CARD,"2242 Main St, Birmingham, UK, B1 1AA",Shipped (est. arrival: August 11),
TXN-20241012-002374,CUST-EU-0368,MRS. JAMES JONES,james.jones@shop.com,2024-10-12T05:01:04Z,SPORT-TEAM-9874,Basketball Official,$357.68,DEBIT CARD - Mastercard,"385 Main St, Chicago, TX 13320",Delivered on 2024-10-20,Great product! 5 stars ⭐⭐⭐⭐⭐
TXN20240605002375,CUST-US-0333,Michael Johnson,MICHAEL.JOHNSON@MAIL.COM,"June 5, 2024 at 1:39PM",BOOK-FICTION-3234,Data Science Handbook,$12.81,DEBIT CARD - Mastercard,,Cancelled - 05/06/2024,
TXN-20240512-002376,CUST-CA-0226,DR. DAVID SMITH,david.smith@test.com,01/01/2020 12:00 AM,ELEC-PHONE-1181,iPhone 15 Pro Max (256GB),,PayPal,,Shipped (est. arrival: May 17),Disappointed 😢
TXN-20250128-002377,CUST-CA-0146,Ms. James Hernandez,JAMES.HERNANDEZ@TEST.COM,2025-01-28T14:42:40Z,ELEC-CAMERA-5229,Sony Camera A7,$899.16,CREDIT CARD,"8895 Oak Road, Phoenix, TX 67686",Shipped (est. arrival: February 02),Amazing! Highly recommend ⭐⭐⭐⭐⭐
TXN-20250602-002378,CUST-UK-0045,Robert Miller,robert.miller@test.com,2025-06-02T20:26:34Z,HOME-FURNITURE-6670,Kitchen Mixer,$322.98,Debit Card - Visa,"7658 High Street, Phoenix, NY 41113",Shipped (est. arrival: June 08),
TXN-20241129-002379,CUST-UK-0087,  JOSEPH JOHNSON  ,joseph.johnson@example.com,"November 29, 2024 at 7:30PM",SPORT-WINTER-3609,Yoga Mat Premium,$331.57,Apple Pay,"1583 High Street, Leeds, UK, LS1 1AA",Cancelled - 29/11/2024,
TXN-20240515-002380,CUST-EU-0167,EMMA ANDERSON,invalid-email,"May 15, 2024 at 1:49PM",CLOTH-SHOES-7514,Cotton T-Shirt,110.22,Google Pay,"9031 Main St, Manchester, UK, L1 1AA",Delivered on 2024-05-17,Average product
TXN20250911002381,CUST-US-0126,  Richard Lopez  ,RICHARD.LOPEZ@EXAMPLE.COM,2025-09-11T21:17:00Z,SPORT-FITNESS-8657,Ski Jacket Waterproof,244.36,Credit Card (Mastercard),"743 Park Ave, Liverpool, UK, M1 1AA",Delivered on 19/09/2025,Amazing! Highly recommend ⭐⭐⭐⭐⭐
TXN-20240720-002382,CUST-US-0318,dr. joseph brown,joseph.brown@example.com,2024-07-20T10:38:12Z,BOOK-NONFICTION-8663,Python Programming,17.44,Apple Pay,"3246 Main St, Birmingham, UK, L1 1AA",Cancelled,Not worth the price
TXN-20241107-002383,CUST-UK-0377,Mr. James Rodriguez,james.rodriguez@example.com,07/11/2024 12:41,HOME-DECOR-2822,Queen Bedding Set,£692.71,Debit Card - Visa,"6029 Oak Road, Birmingham, UK, SW1A 1AA",Shipped (est. arrival: November 14),Good value for money
TXN20250314002384,CUST-EU-0339,joseph martinez,joseph.martinez@shop.com,"March 14, 2025 at 9:11PM",ELEC-LAPTOP-9083,Sony Camera A7,€1277.34,Google Pay,,Cancelled - 15/03/2025,Average product
TXN-20240321-002385,CUST-EU-0478,michael rodriguez,michael.rodriguez@mail.com,2024-03-21T13:00:09Z,CLOTH-PANTS-4528,Cotton T-Shirt,$114.25,PayPal,"1731 Park Ave, New York, NY 96801",Delivered on 31/03/2024,Disappointed 😢
TXN-20250803-002386,CUST-US-0261,  James Martinez  ,james.martinez@test.com,2025-08-03T16:40:39Z,ELEC-PHONE-4615,Bose Headphones,"$1,501.31",Credit Card (Visa),"3794 High Street, Houston, NY 83752",Shipped (est. arrival: August 09),
TXN-20240314-002387,CUST-CA-0206,Lisa Williams,lisa.williams@email.com,2024-03-14T08:10:13Z,BOOK-MAGAZINE-1036,Business Magazine,€78.66,CREDIT CARD,"1017 Oak Road, New York, NY 62863",Delivered on 20/03/2024,Arrived damaged 😠
TXN-20251209-002388,CUST-UK-0091,William Wilson,,2025-12-09T12:57:17Z,HOME-KITCHEN-1764,Modern Sofa Set,$174.62,Credit Card (Visa),"5656 High Street, London, UK, SW1A 1AA",Cancelled - 10/12/2025,Not worth the price
TXN-20251126-002389,CUST-EU-0086,Ms. William Brown,WILLIAM.BROWN@SHOP.COM,11/26/2025 07:49 AM,HOME-DECOR-6002,LED Floor Lamp,$941.76,Apple Pay,"5282 Elm Street, Birmingham, UK, B1 1AA",Cancelled,Arrived damaged 😠
TXN-20240904-002390,CUST-UK-0043,ROBERT DAVIS,ROBERT.DAVIS@TEST.COM,2024-09-04T14:36:52Z,HOME-FURNITURE-8359,Modern Sofa Set,$333.82,Debit Card - Visa,"6208 Park Ave, Manchester, UK, SW1A 1AA",Delivered on 11/09/2024,
TXN-20241229-002391,CUST-US-0126,Mrs. Lisa Anderson,,12/29/2024 07:14 PM,HOME-FURNITURE-5595,Wall Art Decoration,$1479.79,Credit Card (Visa),,Cancelled,
TXN-20240522-002392,CUST-EU-0370,  Mary Brown  ,MARY.BROWN@SHOP.COM,"May 22, 2024 at 8:58AM",HOME-FURNITURE-6447,Kitchen Mixer,€1127.45,Credit Card (Mastercard),"6632 Park Ave, Phoenix, CA 65150",Cancelled - 22/05/2024,Amazing! Highly recommend ⭐⭐⭐⭐⭐
TXN-20250714-002393,CUST-CA-0366,Mr. Lisa Anderson,LISA.ANDERSON@MAIL.COM,"July 14, 2025 at 9:58PM",BOOK-TEXTBOOK-9722,Data Science Handbook,17.23,Google Pay,"6846 Elm Street, Houston, IL 24706",Delivered on 2025-07-22,Poor quality 😞
TXN-20240504-002394,CUST-ASIA-0078,David Davis,david.davis@shop.com,"May 4, 2024 at 6:16PM",SPORT-TEAM-2337,Diving Gear Set,€185.76,Credit Card (Mastercard),"5415 Park Ave, Chicago, NY 58178",Cancelled - 06/05/2024,Poor quality 😞
TXN-20250726-002395,CUST-CA-0071,Mrs. Jennifer Davis,,26/07/2025 21:09,CLOTH-PANTS-2954,Levis Jeans 32x34,€278.39,Google Pay,"3581 Oak Road, Phoenix, AZ 84453",Delivered on 31/07/2025,
TXN-20241231-002396,CUST-CA-0493,michael brown,michael.brown@example.com,31/12/2024 15:37,SPORT-TEAM-6985,Yoga Mat Premium,$257.42,Debit Card - Visa,"9280 Park Ave, London, UK, B1 1AA",Shipped (est. arrival: January 06),
TXN20240901002397,CUST-UK-0418,,linda.miller@test.com,"September 1, 2024 at 1:08PM",SPORT-WATER-5102,Diving Gear Set,€181.05,DEBIT CARD - Mastercard,"6241 Park Ave, Birmingham, UK, LS1 1AA",Processing,Good value for money
TXN-20250801-002398,CUST-CA-0352,patricia davis,,"August 1, 2025 at 7:53PM",HOME-DECOR-3185,Queen Bedding Set,"€1,219.23",Credit Card (Visa),"5414 Elm Street, Chicago, NY 61759",Delivered on 04/08/2025,Great product! 5 stars ⭐⭐⭐⭐⭐
TXN-20250211-002399,CUST-ASIA-0118,  james martinez  ,JAMES.MARTINEZ@EXAMPLE.COM,02/11/2025 01:34 PM,ELEC-AUDIO-2411,"MacBook Pro 14""",£1808.95,Google Pay,,Shipped (est. arrival: February 16),Average product
TXN-20240707-002400,CUST-US-0208,Jennifer Brown,,07/07/2024 01:42 PM,BOOK-EBOOK-9918,Digital Marketing eBook,£32.48,Google Pay,,Delivered on 2024-07-10,
TXN-20251215-002401,CUST-UK-0088,,JOSEPH.WILSON@TEST.COM,15/12/2025 17:03,CLOTH-SHOES-6981,Summer Dress (M),$114.19,Credit Card (Mastercard),"170 Oak Road, Phoenix, AZ 82401",Shipped (est. arrival: December 21),Great product! 5 stars ⭐⭐⭐⭐⭐
TXN-20241225-002402,CUST-US-0231,Sarah Martinez,sarah.martinez@test.com,2024-12-25T10:30:45Z,SPORT-WINTER-2166,Ski Jacket Waterproof,€300.30,credit_card,"5395 Elm Street, Leeds, UK, SW1A 1AA",Cancelled - 26/12/2024,Disappointed 😢
TXN-20250305-002403,CUST-US-0031,  MS. JAMES MILLER  ,JAMES.MILLER@EXAMPLE.COM,"March 5, 2025 at 6:17AM",ELEC-AUDIO-9568,"MacBook Pro 14""",$1086.63,Apple Pay,"1718 Main St, Los Angeles, IL 80856",Shipped (est. arrival: March 12),Disappointed 😢
TXN-20260119-002404,CUST-UK-0068,  Mrs. Michael Smith  ,MICHAEL.SMITH@TEST.COM,2026-01-19T18:30:44Z,HOME-LIGHTING-2337,Queen Bedding Set,$55.55,CREDIT CARD,"8142 High Street, Manchester, UK, SW1A 1AA",Processing,
TXN-20240209-002405,CUST-ASIA-0305,Mrs. David Garcia,david.garcia@email.com,02/09/2024 11:27 AM,HOME-DECOR-3846,Wall Art Decoration,,Google Pay,"2194 Oak Road, Liverpool, UK, M1 1AA",Shipped (est. arrival: February 12),Poor quality 😞
TXN-20250810-002406,CUST-UK-0446,Richard Davis,RICHARD.DAVIS@TEST.COM,10/08/2025 17:42,SPORT-OUTDOOR-8080,Basketball Official,,DEBIT CARD - Mastercard,"5034 High Street, Houston, CA 49068",Delivered on 2025-08-15,Amazing! Highly recommend ⭐⭐⭐⭐⭐
TXN-20240105-002407,CUST-ASIA-0378,DR. JAMES MARTINEZ,JAMES.MARTINEZ@MAIL.COM,01/05/2024 08:37 AM,ELEC-TABLET-6072,Sony Camera A7,$488.54,Credit Card (Visa),,Cancelled - 07/01/2024,Poor quality 😞
TXN-20260111-002408,CUST-UK-0431,Sarah Garcia,SARAH.GARCIA@TEST.COM,2026-01-11T11:46:04Z,CLOTH-SHIRT-8270,Levis Jeans 32x34,268.78,Credit Card (Visa),"1719 Elm Street, Birmingham, UK, SW1A 1AA",Cancelled,
TXN-20240727-002409,CUST-UK-0189,DR. SARAH MILLER,sarah.miller@shop.com,07/27/2024 12:32 PM,BOOK-NONFICTION-1078,Business Magazine,$67.67,credit_card,,Processing,Disappointed 😢
TXN-20240508-002410,CUST-CA-0038,Joseph Hernandez,JOSEPH.HERNANDEZ@MAIL.COM,05/08/2024 12:45 PM,SPORT-WATER-3712,Yoga Mat Premium,£423.04,Debit Card - Visa,"1161 Main St, Los Angeles, IL 88117",Cancelled,Poor quality 😞
TXN-20240306-002411,CUST-ASIA-0415,Mr. Patricia Jones,patricia.jones@test.com,"March 6, 2024 at 10:54PM",CLOTH-SHIRT-6071,Leather Jacket [L],$21.71,Apple Pay,"6863 Park Ave, Manchester, UK, L1 1AA",Shipped (est. arrival: March 09),Excellent quality 👍
TXN-20251126-002412,CUST-ASIA-0202,William Rodriguez,invalid-email,26/11/2025 17:59,BOOK-EBOOK-4846,The Great Gatsby [Paperback],$93.52,Credit Card (Visa),,Processing,Disappointed 😢
TXN-20251228-002413,CUST-EU-0452,,mary.davis@email.com,12/28/2025 11:00 AM,BOOK-NONFICTION-3137,The Great Gatsby [Paperback],$91.21,Google Pay,"619 Oak Road, Liverpool, UK, B1 1AA",Processing,Perfect! 5/5 stars
TXN-20251111-002414,CUST-EU-0347,Michael Johnson,MICHAEL.JOHNSON@TEST.COM,"November 11, 2025 at 8:34PM",CLOTH-PANTS-5911,Leather Jacket [L],$31.50,Google Pay,"1886 Oak Road, Houston, CA 59222",Processing,Good value for money
TXN-20251111-002415,CUST-CA-0297,JENNIFER DAVIS,jennifer@,11/11/2025 11:47,HOME-FURNITURE-6907,Queen Bedding Set,$321.79,Google Pay,"2422 Elm Street, Houston, NY 36720",Delivered on 2025-11-17,Good value for money
TXN-20250612-002416,CUST-CA-0173,MRS. MARY HERNANDEZ,MARY.HERNANDEZ@EXAMPLE.COM,12/06/2025 21:47,ELEC-CAMERA-8575,Samsung Galaxy S24,"$1,035.35",Debit Card - Visa,"5866 High Street, Los Angeles, AZ 99881",Processing,Not worth the price
TXN-20251123-002417,CUST-UK-0168,,jennifer.lopez@shop.com,23/11/2025 12:29,SPORT-WINTER-7896,Diving Gear Set,$485.10,CREDIT CARD,"9249 Park Ave, Los Angeles, AZ 52892",Processing,Not worth the price
TXN-20240621-002418,CUST-CA-0451,,robert.johnson@example.com,2024-06-21T19:17:11Z,HOME-LIGHTING-8575,LED Floor Lamp,$1426.65,credit_card,,Shipped (est. arrival: June 27),
TXN-20241223-002419,CUST-UK-0183,  Mrs. Sarah Garcia  ,sarah.garcia@test.com,12/23/2024 03:00 PM,ELEC-CAMERA-7474,"MacBook Pro 14""",$1953.22,Credit Card (Visa),"3117 High Street, Houston, TX 77139",Cancelled - 23/12/2024,Arrived damaged 😠
TXN-20260105-002420,CUST-CA-0015,Mrs. Joseph Williams,JOSEPH.WILLIAMS@MAIL.COM,"January 5, 2026 at 11:01AM",CLOTH-SHOES-9040,Nike Running Shoes - Size 10,€64.69,PayPal,"3570 Elm Street, New York, NY 86783",Cancelled - 07/01/2026,Disappointed 😢
TXN-20250119-002421,CUST-EU-0153,,patricia.miller@example.com,"January 19, 2025 at 11:29PM",ELEC-CAMERA-5661,"MacBook Pro 14""","£1,737.35",CREDIT CARD,"9834 Park Ave, New York, TX 35801",Processing,Disappointed 😢
TXN-20260108-002422,CUST-EU-0192,Richard Brown,richard.brown@test.com,08/01/2026 15:32,BOOK-FICTION-8716,Python Programming,£80.56,PayPal,"4663 Oak Road, Phoenix, IL 90205",Processing,Not worth the price
TXN-20250110-002423,CUST-UK-0419,mr. patricia wilson,PATRICIA.WILSON@TEST.COM,10/01/2025 08:57,SPORT-WINTER-3264,Basketball Official,$436.82,PayPal,"1685 High Street, Liverpool, UK, M1 1AA",Processing,
TXN-20240918-002424,CUST-ASIA-0099,Lisa Lopez,,"September 18, 2024 at 9:58PM",SPORT-WATER-3979,Yoga Mat Premium,€32.05,PayPal,"2863 Main St, London, UK, SW1A 1AA",Delivered on 28/09/2024,Disappointed 😢
TXN-20250912-002425,CUST-US-0156,MS. JAMES WILLIAMS,james.williams@test.com,"September 12, 2025 at 11:47PM",BOOK-TEXTBOOK-9991,Business Magazine,$62.52,CREDIT CARD,,Delivered on 20/09/2025,Disappointed 😢
TXN-20260107-002426,CUST-ASIA-0107,Mr. Jennifer Rodriguez,jennifer.rodriguez@shop.com,07/01/2026 14:37,CLOTH-DRESS-4317,Leather Jacket [L],£166.25,Credit Card (Mastercard),"1016 High Street, London, UK, LS1 1AA",Delivered on 2026-01-09,Not worth the price
TXN-20250304-002427,CUST-US-0298,Ms. John Hernandez,JOHN.HERNANDEZ@EMAIL.COM,"March 4, 2025 at 5:59AM",CLOTH-PANTS-4211,Levis Jeans 32x34,$65.49,Credit Card (Mastercard),"643 Oak Road, Phoenix, NY 83537",Processing,Perfect! 5/5 stars
TXN-20240725-002428,CUST-US-0071,Mrs. Sarah Miller,sarah.miller@email.com,07/25/2024 02:33 PM,CLOTH-PANTS-5441,Cotton T-Shirt,€125.67,Credit Card (Mastercard),"7430 Park Ave, Birmingham, UK, SW1A 1AA",Shipped (est. arrival: July 29),
TXN-20240420-002429,CUST-EU-0333,Mr. Mary Smith,mary.smith@example.com,2024-04-20T11:42:17Z,HOME-DECOR-5902,Wall Art Decoration,€525.81,Debit Card - Visa,"6297 High Street, New York, TX 83736",Cancelled - 21/04/2024,Excellent quality 👍
TXN-20250731-002430,CUST-EU-0048,  MICHAEL HERNANDEZ  ,michael.hernandez@shop.com,"July 31, 2025 at 4:32AM",HOME-FURNITURE-9092,Kitchen Mixer,$702.57,DEBIT CARD - Mastercard,"4983 Park Ave, Leeds, UK, M1 1AA",Cancelled - 01/08/2025,Disappointed 😢
TXN-20250720-002431,CUST-CA-0037,lisa brown,LISA.BROWN@MAIL.COM,"July 20, 2025 at 1:51PM",CLOTH-SHIRT-1997,Summer Dress (M),,CREDIT CARD,"2390 High Street, Chicago, NY 38672",Delivered on 2025-07-26,Excellent quality 👍
TXN-20250923-002432,CUST-CA-0467,MS. ROBERT BROWN,robert.brown@test.com,2025-09-23T09:09:46Z,HOME-DECOR-1933,Queen Bedding Set,260.95,Credit Card (Visa),"7689 High Street, Manchester, UK, B1 1AA",Processing,Amazing! Highly recommend ⭐⭐⭐⭐⭐
TXN-20241011-002433,CUST-UK-0102,MS. WILLIAM RODRIGUEZ,william@,10/11/2024 08:41 PM,BOOK-NONFICTION-6391,Data Science Handbook,$65.43,CREDIT CARD,,Processing,Poor quality 😞
TXN-20250614-002434,CUST-EU-0402,Richard Smith,richard.smith@mail.com,06/14/2025 04:29 PM,HOME-BEDDING-1889,LED Floor Lamp,$987.25,CREDIT CARD,"4959 High Street, Chicago, NY 18051",Shipped (est. arrival: June 20),
TXN-20240720-002435,CUST-EU-0028,mr. robert wilson,robert.wilson@example.com,20/07/2024 22:35,BOOK-NONFICTION-8470,The Great Gatsby [Paperback],$50.58,PayPal,"3520 High Street, New York, TX 59371",Processing,Arrived damaged 😠
TXN20250911002436,CUST-UK-0197,John Williams,JOHN.WILLIAMS@EXAMPLE.COM,2025-09-11T21:27:11Z,HOME-DECOR-6414,Wall Art Decoration,$877.38,Credit Card (Mastercard),"9404 Oak Road, Birmingham, UK, B1 1AA",Cancelled - 11/09/2025,Excellent quality 👍
TXN-20250615-002437,CUST-UK-0359,MRS. DAVID SMITH,DAVID.SMITH@MAIL.COM,"June 15, 2025 at 12:28PM",CLOTH-JACKET-2569,Cotton T-Shirt,126.35,Credit Card (Visa),"9594 Oak Road, Los Angeles, NY 36016",Cancelled - 15/06/2025,Excellent quality 👍
TXN-20250130-002438,CUST-EU-0221,  Jennifer Hernandez  ,jennifer.hernandez@test.com,01/30/2025 11:27 AM,SPORT-FITNESS-1276,Yoga Mat Premium,£180.50,Google Pay,"3764 Oak Road, Phoenix, AZ 69704",Shipped (est. arrival: February 02),Good value for money
TXN-20250923-002439,CUST-ASIA-0208,Mr. William Rodriguez,william.rodriguez@mail.com,09/23/2025 11:34 AM,HOME-BEDDING-5836,Kitchen Mixer,$1306.78,Debit Card - Visa,"2409 Elm Street, Liverpool, UK, SW1A 1AA",Delivered on 01/10/2025,Good value for money
TXN-20260101-002440,CUST-US-0450,Ms. Joseph Brown,JOSEPH.BROWN@MAIL.COM,01/01/2026 10:18,BOOK-MAGAZINE-8627,Data Science Handbook,$17.31,DEBIT CARD - Mastercard,"4735 Main St, London, UK, SW1A 1AA",Delivered on 06/01/2026,Excellent quality 👍
TXN-20240702-002441,CUST-CA-0409,  dr. michael hernandez  ,michael.hernandez@test.com,2024-07-02T19:02:58Z,SPORT-TEAM-3519,Diving Gear Set,$404.86,CREDIT CARD,,Processing,
TXN-20241122-002442,CUST-EU-0293,LINDA BROWN,LINDA.BROWN@TEST.COM,2024-11-22T11:19:09Z,ELEC-LAPTOP-4083,iPhone 15 Pro Max (256GB),1168.74,credit_card,,Processing,Amazing! Highly recommend ⭐⭐⭐⭐⭐
TXN-20250223-002443,CUST-ASIA-0450,  JENNIFER MARTINEZ  ,JENNIFER.MARTINEZ@EMAIL.COM,02/23/2025 12:37 PM,HOME-BEDDING-6029,Wall Art Decoration,$462.47,credit_card,"9567 Oak Road, London, UK, B1 1AA",Shipped (est. arrival: February 27),
TXN-20250309-002444,CUST-UK-0062,Michael Wilson,MICHAEL.WILSON@TEST.COM,09/03/2025 18:28,BOOK-NONFICTION-5103,The Great Gatsby [Paperback],€65.21,CREDIT CARD,"1631 Main St, Leeds, UK, B1 1AA",Shipped (est. arrival: March 12),Disappointed 😢
TXN-20240915-002445,CUST-US-0162,Ms. Richard Wilson,RICHARD.WILSON@SHOP.COM,15/09/2024 18:34,SPORT-FITNESS-8090,Basketball Official,,Google Pay,"4258 Oak Road, Birmingham, UK, M1 1AA",Delivered on 2024-09-23,Disappointed 😢
TXN-20250920-002446,CUST-CA-0195,MR. PATRICIA GARCIA,patricia.garcia@example.com,2025-09-20T09:29:21Z,SPORT-WINTER-3440,Diving Gear Set,€218.02,Credit Card (Visa),"2667 Elm Street, Birmingham, UK, LS1 1AA",Delivered on 26/09/2025,Not worth the price
TXN-20240316-002447,CUST-ASIA-0250,Jennifer Garcia,jennifer.garcia@example.com,16/03/2024 14:08,SPORT-TEAM-7899,Basketball Official,€486.20,CREDIT CARD,"5369 Oak Road, Chicago, CA 94730",Processing,Arrived damaged 😠
TXN-20240819-002448,CUST-UK-0391,,patricia.rodriguez@mail.com,08/19/2024 05:07 PM,SPORT-TEAM-2609,Diving Gear Set,€358.53,CREDIT CARD,"9670 High Street, Houston, CA 13860",Processing,Excellent quality 👍
TXN-20250621-002449,CUST-ASIA-0402,lisa anderson,lisa.anderson@mail.com,2025-06-21T06:40:01Z,ELEC-CAMERA-8484,Samsung Galaxy S24,$1396.68,credit_card,"816 Main St, Chicago, IL 21926",Delivered on 2025-06-29,Amazing! Highly recommend ⭐⭐⭐⭐⭐
TXN-20240101-002450,CUST-CA-0014,  lisa williams  ,lisa.williams@email.com,2024-01-01T18:03:35Z,SPORT-WATER-1323,Basketball Official,$120.83,credit_card,"8235 Park Ave, Phoenix, IL 36284",Processing,Poor quality 😞
TXN-20240528-002451,CUST-CA-0484,  Mr. Linda Davis  ,,"May 28, 2024 at 8:58PM",SPORT-FITNESS-9279,Yoga Mat Premium,$309.94,DEBIT CARD - Mastercard,"1429 Elm Street, Birmingham, UK, L1 1AA",Shipped (est. arrival: June 02),Excellent quality 👍
TXN-20240708-002452,CUST-EU-0030,robert garcia,robert.garcia@test.com,08/07/2024 21:14,BOOK-TEXTBOOK-8254,Data Science Handbook,,credit_card,"8526 Elm Street, Houston, NY 72287",Delivered on 2024-07-12,Perfect! 5/5 stars
TXN-20250727-002453,CUST-CA-0229,MS. JOHN RODRIGUEZ,john.rodriguez@email.com,27/07/2025 15:41,HOME-DECOR-2463,Queen Bedding Set,£368.22,Apple Pay,"9671 Elm Street, Birmingham, UK, M1 1AA",Delivered on 2025-07-30,Arrived damaged 😠
TXN-20251103-002454,CUST-UK-0278,DR. WILLIAM SMITH,william.smith@test.com,11/03/2025 01:20 PM,HOME-FURNITURE-2727,LED Floor Lamp,€365.69,Credit Card (Mastercard),"7143 Main St, Houston, NY 50123",Cancelled,Great product! 5 stars ⭐⭐⭐⭐⭐
TXN-20250401-002455,CUST-UK-0476,  JAMES WILSON  ,james.wilson@mail.com,01/04/2025 09:58,SPORT-OUTDOOR-7317,Ski Jacket Waterproof,£363.62,Credit Card (Mastercard),"6516 High Street, Chicago, NY 18622",Processing,
TXN20251130002456,CUST-ASIA-0243,  dr. emma williams  ,emma.williams@example.com,"November 30, 2025 at 11:19AM",ELEC-CAMERA-6074,"MacBook Pro 14""",$1694.33,Debit Card - Visa,"211 Elm Street, Chicago, AZ 77766",Cancelled - 01/12/2025,Amazing! Highly recommend ⭐⭐⭐⭐⭐
TXN-20250617-002457,CUST-CA-0007,emma hernandez,EMMA.HERNANDEZ@EMAIL.COM,17/06/2025 21:41,CLOTH-PANTS-4671,Leather Jacket [L],£66.28,Credit Card (Mastercard),"1579 Park Ave, London, UK, LS1 1AA",Processing,Great product! 5 stars ⭐⭐⭐⭐⭐
TXN-20240115-002458,CUST-UK-0003,michael davis,michael.davis@example.com,15/01/2024 20:11,ELEC-PHONE-8132,Samsung Galaxy S24,$1484.19,Credit Card (Visa),"3794 Oak Road, London, UK, L1 1AA",Cancelled,Amazing! Highly recommend ⭐⭐⭐⭐⭐
TXN-20250918-002459,CUST-US-0049,  Mr. Joseph Wilson  ,joseph.wilson@test.com,18/09/2025 18:28,CLOTH-DRESS-5107,Leather Jacket [L],£121.96,Google Pay,"2093 Main St, Manchester, UK, SW1A 1AA",Shipped (est. arrival: September 21),Perfect! 5/5 stars
TXN-20251004-002460,CUSTCA0299,DR. JOHN JOHNSON,JOHN.JOHNSON@TEST.COM,"October 4, 2025 at 1:54PM",CLOTH-DRESS-5233,Nike Running Shoes - Size 10,$244.06,Credit Card (Visa),"3316 Oak Road, New York, CA 13418",Shipped (est. arrival: October 10),
TXN-20240415-002461,CUST-EU-0024,DR. WILLIAM ANDERSON,william.anderson@shop.com,04/15/2024 05:50 PM,BOOK-MAGAZINE-9908,Digital Marketing eBook,$61.68,credit_card,"9792 Oak Road, Liverpool, UK, LS1 1AA",Cancelled,
TXN-20240823-002462,CUST-EU-0284,john rodriguez,JOHN.RODRIGUEZ@EXAMPLE.COM,23/08/2024 01:55,BOOK-EBOOK-5701,The Great Gatsby [Paperback],€43.80,Credit Card (Mastercard),"3068 Park Ave, Los Angeles, TX 35508",Processing,Good value for money
TXN-20250806-002463,CUST-EU-0260,  MS. SARAH JONES  ,sarah.jones@email.com,"August 6, 2025 at 4:27PM",SPORT-WINTER-9063,Ski Jacket Waterproof,$87.39,Credit Card (Visa),"6199 Oak Road, Los Angeles, CA 76887",Delivered on 2025-08-16,Poor quality 😞
TXN-20240713-002464,CUST-CA-0305,MRS. RICHARD RODRIGUEZ,richard.rodriguez@mail.com,"July 13, 2024 at 11:57PM",ELEC-LAPTOP-9112,"MacBook Pro 14""",$1611.89,Credit Card (Mastercard),"3129 Elm Street, Phoenix, TX 98478",Delivered on 2024-07-17,Not worth the price
TXN-20260102-002465,CUST-EU-0099,Dr. Lisa Anderson,lisa.anderson@test.com,"January 2, 2026 at 9:19PM",ELEC-AUDIO-5668,Sony Camera A7,£1335.30,Apple Pay,"1901 Oak Road, Manchester, UK, B1 1AA",Delivered on 2026-01-09,Disappointed 😢
TXN-20240529-002466,CUST-US-0430,patricia wilson,patricia.wilson@email.com,29/05/2024 13:37,BOOK-EBOOK-2254,The Great Gatsby [Paperback],$96.10,Credit Card (Mastercard),"6240 Main St, Los Angeles, AZ 60663",Cancelled,Excellent quality 👍
TXN-20241011-002467,CUST-EU-0329,,emma.jones@example.com,"October 11, 2024 at 11:38PM",CLOTH-SHOES-5071,Levis Jeans 32x34,$195.83,Google Pay,"1418 Elm Street, Houston, AZ 65637",Delivered on 17/10/2024,
TXN-20240228-002468,CUST-UK-0041,mary brown,mary.brown@mail.com,28/02/2024 17:03,BOOK-NONFICTION-1245,Digital Marketing eBook,€89.03,credit_card,"1875 Elm Street, Liverpool, UK, L1 1AA",Cancelled - 29/02/2024,Good value for money
TXN-20240830-002469,CUST-UK-0380,PATRICIA WILSON,PATRICIA.WILSON@EXAMPLE.COM,30/08/2024 17:27,CLOTH-PANTS-4146,Nike Running Shoes - Size 10,$292.02,Credit Card (Visa),"106 Park Ave, Leeds, UK, M1 1AA",Processing,Excellent quality 👍
TXN-20250720-002470,CUST-CA-0163,David Anderson,DAVID.ANDERSON@TEST.COM,2025-07-20T17:49:08Z,SPORT-FITNESS-9996,Ski Jacket Waterproof,424.92,credit_card,,Cancelled,Perfect! 5/5 stars
TXN-20241227-002471,CUST-ASIA-0304,Ms. Robert Williams,robert.williams@email.com,27/12/2024 19:49,BOOK-EBOOK-1550,The Great Gatsby [Paperback],£86.07,DEBIT CARD - Mastercard,"8928 Park Ave, New York, TX 97455",Processing,
TXN-20241024-002472,CUSTUK0463,MS. ROBERT GARCIA,robert.garcia@test.com,2024-10-24T16:32:39Z,HOME-FURNITURE-4531,Modern Sofa Set,£426.00,Credit Card (Visa),"137 Main St, Birmingham, UK, B1 1AA",Shipped (est. arrival: October 28),
TXN-20250726-002473,CUST-EU-0428,Dr. John Davis,john.davis@email.com,"July 26, 2025 at 6:36PM",ELEC-PHONE-1904,Sony Camera A7,$336.75,DEBIT CARD - Mastercard,,Cancelled - 27/07/2025,Amazing! Highly recommend ⭐⭐⭐⭐⭐
TXN-20250911-002474,CUST-ASIA-0069,MS. MICHAEL WILSON,michael.wilson@example.com,"September 11, 2025 at 9:52PM",SPORT-WATER-3569,Camping Tent 4-Person,£350.13,Credit Card (Visa),"6574 Park Ave, Chicago, CA 56816",Processing,Great product! 5 stars ⭐⭐⭐⭐⭐
TXN-20240909-002475,CUST-UK-0283,LISA BROWN,lisa.brown@example.com,"September 9, 2024 at 10:11AM",BOOK-TEXTBOOK-8149,Digital Marketing eBook,€47.19,credit_card,"8438 Elm Street, Birmingham, UK, B1 1AA",Delivered on 2024-09-15,Average product
TXN20250306002476,CUST-CA-0087,Ms. Jennifer Smith,jennifer.smith@mail.com,2025-03-06T14:15:17Z,HOME-LIGHTING-5431,Kitchen Mixer,$1012.44,Apple Pay,"2559 Oak Road, Leeds, UK, B1 1AA",Shipped (est. arrival: March 12),Arrived damaged 😠
TXN-20251026-002477,CUST-US-0261,Mrs. Mary Davis,mary.davis@mail.com,10/26/2025 09:40 PM,ELEC-TABLET-7708,Samsung Galaxy S24,"£1,489.88",Google Pay,"7517 Main St, Houston, AZ 60199",Delivered on 2025-10-28,
TXN-20240901-002478,CUST-ASIA-0386,Mr. Robert Garcia,,09/01/2024 05:59 PM,ELEC-LAPTOP-2385,iPhone 15 Pro Max (256GB),€460.30,Google Pay,"9471 Elm Street, Houston, IL 69640",Shipped (est. arrival: September 04),Great product! 5 stars ⭐⭐⭐⭐⭐
TXN-20240807-002479,CUST-EU-0389,SARAH MILLER,,"August 7, 2024 at 2:53PM",BOOK-FICTION-1486,Business Magazine,,Credit Card (Visa),"2092 Elm Street, Manchester, UK, LS1 1AA",Delivered on 16/08/2024,Poor quality 😞
TXN-20250428-002480,CUSTCA0222,sarah smith,sarah.smith@mail.com,"April 28, 2025 at 2:15PM",ELEC-CAMERA-8513,iPhone 15 Pro Max (256GB),£125.05,Credit Card (Mastercard),"1600 Park Ave, Los Angeles, IL 68217",Shipped (est. arrival: May 04),Not worth the price
TXN-20251228-002481,CUST-ASIA-0002,Patricia Brown,patricia.brown@mail.com,28/12/2025 15:28,HOME-FURNITURE-6685,Queen Bedding Set,£790.90,Apple Pay,"2058 Oak Road, Phoenix, TX 85539",Shipped (est. arrival: January 01),Perfect! 5/5 stars
TXN-20251027-002482,CUST-US-0292,  Lisa Johnson  ,LISA.JOHNSON@MAIL.COM,27/10/2025 12:04,ELEC-AUDIO-5835,Sony Camera A7,£439.32,Google Pay,"8824 Park Ave, Phoenix, CA 42469",Cancelled,
TXN-20250224-002483,CUST-ASIA-0392,Sarah Johnson,SARAH.JOHNSON@EMAIL.COM,2025-02-24T22:17:53Z,SPORT-FITNESS-6867,Ski Jacket Waterproof,,Credit Card (Mastercard),"5341 Oak Road, Manchester, UK, L1 1AA",Processing,Poor quality 😞
TXN-20250712-002484,CUST-EU-0039,James Martinez,james.martinez@example.com,12/07/2025 09:16,HOME-LIGHTING-9367,Queen Bedding Set,$455.00,Google Pay,"4862 High Street, New York, CA 74079",Delivered on 17/07/2025,Arrived damaged 😠
TXN-20250525-002485,CUST-CA-0247,lisa wilson,lisa.wilson@email.com,05/25/2025 09:46 AM,CLOTH-SHOES-8647,Summer Dress (M),$244.09,CREDIT CARD,"9240 Oak Road, Manchester, UK, M1 1AA",Processing,Excellent quality 👍
TXN-20240717-002486,CUST-US-0341,MS. ROBERT JONES,ROBERT.JONES@SHOP.COM,17/07/2024 16:06,BOOK-EBOOK-3128,The Great Gatsby [Paperback],€36.29,Debit Card - Visa,"8412 Main St, Houston, IL 84342",Shipped (est. arrival: July 22),Poor quality 😞
TXN-20240712-002487,CUST-UK-0134,Ms. Robert Lopez,ROBERT.LOPEZ@EXAMPLE.COM,2024-07-12T06:14:32Z,BOOK-FICTION-1978,The Great Gatsby [Paperback],,Google Pay,"9944 High Street, Chicago, IL 43261",Cancelled,Perfect! 5/5 stars
TXN-20250126-002488,CUST-EU-0156,Mrs. Sarah Davis,SARAH.DAVIS@SHOP.COM,01/26/2025 09:13 AM,BOOK-EBOOK-8929,The Great Gatsby [Paperback],£46.91,PayPal,,Processing,Good value for money
TXN-20240603-002489,CUST-CA-0324,james anderson,JAMES.ANDERSON@MAIL.COM,2024-06-03T22:09:39Z,SPORT-OUTDOOR-8097,Ski Jacket Waterproof,$333.18,Google Pay,"2434 High Street, Chicago, TX 54914",Shipped (est. arrival: June 08),
TXN-20250605-002490,CUST-CA-0257,  James Williams  ,JAMES.WILLIAMS@SHOP.COM,2025-06-05T16:15:05Z,HOME-LIGHTING-1772,LED Floor Lamp,$188.46,Apple Pay,"9058 Elm Street, Los Angeles, IL 60406",Shipped (est. arrival: June 11),Arrived damaged 😠
TXN-20241026-002491,CUST-US-0241,MS. PATRICIA WILSON,patricia.wilson@email.com,"October 26, 2024 at 7:31PM",SPORT-WATER-5291,Basketball Official,$229.78,Apple Pay,"4613 Main St, Liverpool, UK, SW1A 1AA",Delivered on 29/10/2024,Great product! 5 stars ⭐⭐⭐⭐⭐
TXN-20240708-002492,CUSTUS0381,  Jennifer Miller  ,invalid-email,2024-07-08T19:51:10Z,ELEC-AUDIO-4211,Samsung Galaxy S24,$1426.57,Credit Card (Visa),"2124 Elm Street, London, UK, M1 1AA",Processing,Good value for money
TXN-20251028-002493,CUST-CA-0070,Ms. Emma Hernandez,EMMA.HERNANDEZ@SHOP.COM,2025-10-28T18:25:00Z,CLOTH-DRESS-9510,Cotton T-Shirt,$21.47,PayPal,"5885 Park Ave, London, UK, B1 1AA",Delivered on 2025-11-06,Average product
TXN-20260128-002494,CUST-US-0248,Mrs. Jennifer Johnson,,28/01/2026 23:02,ELEC-TABLET-3187,Sony Camera A7,,Credit Card (Mastercard),"2374 Oak Road, Leeds, UK, LS1 1AA",Processing,
TXN-20250904-002495,CUST-ASIA-0163,  David Davis  ,david.davis@email.com,04/09/2025 19:22,CLOTH-PANTS-2943,Levis Jeans 32x34,€27.03,credit_card,"7830 Oak Road, Chicago, CA 97136",Cancelled - 04/09/2025,
TXN-20240520-002496,CUST-CA-0237,LINDA ANDERSON,linda.anderson@example.com,05/20/2024 07:29 PM,SPORT-WINTER-4225,Basketball Official,$385.42,Credit Card (Visa),"4587 Elm Street, Los Angeles, AZ 43945",Shipped (est. arrival: May 24),
TXN-20240323-002497,CUST-UK-0088,MR. ROBERT JONES,ROBERT.JONES@SHOP.COM,03/23/2024 07:39 AM,CLOTH-PANTS-3810,Nike Running Shoes - Size 10,$29.25,PayPal,"9316 Main St, New York, AZ 93619",Delivered on 2024-03-25,Average product
TXN-20250518-002498,CUST-UK-0219,SARAH HERNANDEZ,sarah.hernandez@email.com,05/18/2025 11:53 PM,ELEC-LAPTOP-2702,Samsung Galaxy S24,€381.91,DEBIT CARD - Mastercard,"8531 Elm Street, Manchester, UK, M1 1AA",Cancelled,Excellent quality 👍
TXN-20240508-002499,CUST-US-0128,David Rodriguez,david.rodriguez@shop.com,"May 8, 2024 at 7:41PM",BOOK-NONFICTION-8079,Python Programming,$31.36,CREDIT CARD,"1423 Elm Street, Chicago, TX 54990",Processing,Good value for money
