datetime,spot_price,gen_ccgt,gen_coal,gen_hydro,gen_nuclear,gen_solar_pv,gen_solar_th,gen_total,gen_wind,demand_total
2025-01-01 00:00:00+00:00,134.49,2888.0,243.6,3436.6,7089.9,61.6,350.0,20742.6,3877.6,20825.2
2025-01-01 01:00:00+00:00,131.59,1853.5,243.2,3243.3,7087.9,59.6,378.3,19705.7,4049.7,19783.0
2025-01-01 02:00:00+00:00,131.49,710.0,180.0,2958.8,7088.9,67.8,378.3,18387.9,4211.4,18502.5
2025-01-01 03:00:00+00:00,131.42,,,2667.0,7088.9,67.8,378.3,17309.5,4311.8,17497.5
2025-01-01 04:00:00+00:00,120.49,,,2104.4,7088.9,57.6,378.4,16573.1,4383.0,16798.5
2025-01-01 05:00:00+00:00,112.3,,,1939.7,7088.9,59.6,378.4,16393.0,4476.5,16617.3
2025-01-01 06:00:00+00:00,112.3,,,1942.0,7087.9,59.6,349.9,16422.8,4535.9,16866.0
2025-01-01 07:00:00+00:00,111.88,,,2002.3,7088.9,224.6,207.1,16188.0,4247.7,17513.7
2025-01-01 08:00:00+00:00,112.09,,,1987.6,7089.9,675.4,142.3,16375.8,4060.5,17679.3
2025-01-01 09:00:00+00:00,94.99,,,1878.8,7087.9,4111.7,82.7,19385.6,3787.4,18735.0
2025-01-01 10:00:00+00:00,35.0,,,1705.8,7088.9,9662.4,183.0,24826.4,3800.0,20898.7
2025-01-01 11:00:00+00:00,20.59,,,1661.5,7088.9,12719.5,536.7,28201.8,3820.8,22009.5
2025-01-01 12:00:00+00:00,28.11,,,1660.2,7088.9,13619.1,754.3,29104.7,3596.6,22518.4
2025-01-01 13:00:00+00:00,30.0,,,1452.5,7088.9,13753.7,780.3,29006.6,3530.5,23002.0
2025-01-01 14:00:00+00:00,21.5,,,1475.4,7089.9,13745.7,840.7,29257.8,3731.7,23087.9
2025-01-01 15:00:00+00:00,10.68,,,1549.9,7088.9,12675.1,941.9,28348.5,3761.8,22059.8
2025-01-01 16:00:00+00:00,72.0,,,1582.4,7089.9,9117.3,1116.4,25399.1,4056.5,20914.8
2025-01-01 17:00:00+00:00,125.49,,,2518.8,7088.9,3186.0,896.9,21100.6,4716.1,21167.9
2025-01-01 18:00:00+00:00,149.72,1312.2,,4878.7,7089.9,438.1,377.2,22067.3,5089.7,23221.7
2025-01-01 19:00:00+00:00,150.67,1814.9,,5368.0,7089.9,89.4,259.1,23054.5,5480.3,24285.2
2025-01-01 20:00:00+00:00,152.99,1882.2,,5920.7,7089.9,65.3,219.4,23830.5,5693.6,25153.7
2025-01-01 21:00:00+00:00,151.69,1887.2,,5739.6,7089.9,65.0,217.4,23848.9,5878.6,25101.7
2025-01-01 22:00:00+00:00,147.75,1143.4,,4718.3,7090.9,65.0,212.4,22155.7,6014.3,23679.4
2025-01-01 23:00:00+00:00,133.06,675.4,,3335.6,7088.9,65.0,202.4,20346.6,6151.4,21302.3
2025-01-02 00:00:00+00:00,137.12,435.0,366.7,3008.8,7089.5,69.8,407.7,20341.8,6100.4,21155.2
2025-01-02 01:00:00+00:00,123.03,,243.2,2136.2,7089.5,57.6,407.7,19047.0,6205.0,19538.8
2025-01-02 02:00:00+00:00,100.2,,243.0,1843.6,7089.5,50.3,407.7,18498.6,6281.7,18777.7
2025-01-02 03:00:00+00:00,99.82,,243.0,1792.8,7089.5,55.6,407.7,18544.7,6367.4,18280.3
2025-01-02 04:00:00+00:00,99.82,,243.0,1785.6,7089.5,55.6,407.7,18681.4,6501.2,18291.9
2025-01-02 05:00:00+00:00,100.08,,243.0,1832.7,7089.5,50.3,407.7,18995.8,6722.9,19081.5
2025-01-02 06:00:00+00:00,128.44,,260.0,2315.4,7089.5,57.7,407.7,20032.8,6886.9,21624.1
2025-01-02 07:00:00+00:00,143.96,764.0,380.0,3997.5,7089.5,354.2,320.9,22988.9,6892.5,25189.8
2025-01-02 08:00:00+00:00,152.92,1137.2,500.0,4662.7,7089.5,797.5,183.7,25033.6,6810.1,27709.7
2025-01-02 09:00:00+00:00,152.16,1108.6,500.0,4367.0,7089.5,4476.4,145.5,27964.9,6847.5,29464.9
2025-01-02 10:00:00+00:00,129.04,,320.0,2517.3,7089.5,10462.3,201.9,30400.6,6529.7,30422.8
2025-01-02 11:00:00+00:00,125.7,,243.0,2059.0,7089.5,13589.1,489.6,32945.3,6147.1,30156.7
2025-01-02 12:00:00+00:00,125.72,,243.0,1867.3,7089.5,14690.4,684.0,33971.7,6034.3,29823.1
2025-01-02 13:00:00+00:00,119.3,,243.0,1836.5,7089.5,14871.0,710.3,34161.2,6357.8,29996.5
2025-01-02 14:00:00+00:00,124.65,,243.0,1991.4,7089.5,15000.1,754.8,35122.5,6669.1,29964.8
2025-01-02 15:00:00+00:00,130.11,,260.0,2233.5,7089.5,14080.4,912.7,34760.8,6829.0,29131.1
2025-01-02 16:00:00+00:00,139.5,366.0,380.0,3198.8,7089.5,9727.9,1033.4,32015.1,6907.6,29106.8
2025-01-02 17:00:00+00:00,153.4,2057.6,500.0,4773.8,7089.5,3250.5,948.0,30378.7,7431.9,29767.3
2025-01-02 18:00:00+00:00,159.18,2658.9,500.0,6125.6,7089.5,369.9,517.3,29803.9,7962.7,31254.6
2025-01-02 19:00:00+00:00,160.99,2663.2,500.0,6366.9,7089.5,66.7,469.6,30301.8,8546.4,31394.5
2025-01-02 20:00:00+00:00,161.1,2666.2,500.0,6276.0,7089.5,49.5,461.4,30659.7,8985.0,32056.9
2025-01-02 21:00:00+00:00,157.88,2672.6,500.0,5832.9,7090.5,56.8,416.4,30550.8,9316.3,31541.9
2025-01-02 22:00:00+00:00,152.44,1925.2,500.0,4654.4,7090.5,65.0,411.3,27945.3,9489.8,29128.8
2025-01-02 23:00:00+00:00,140.0,756.0,433.4,3669.1,7089.5,65.0,401.2,25535.4,9727.5,26159.2
2025-01-03 00:00:00+00:00,121.52,892.0,243.6,2556.4,7078.2,54.3,403.8,24554.7,10079.9,24292.6
2025-01-03 01:00:00+00:00,104.9,135.0,243.2,1948.4,7078.2,52.3,403.8,23074.8,10322.9,22930.8
2025-01-03 02:00:00+00:00,93.94,,180.0,1809.5,7078.2,48.3,414.1,22941.4,10502.8,22242.0
2025-01-03 03:00:00+00:00,91.1,,,1766.4,7078.2,48.3,414.2,22924.6,10706.5,21674.5
2025-01-03 04:00:00+00:00,88.46,,,1749.5,7078.2,46.3,414.3,23122.5,10978.7,21610.2
2025-01-03 05:00:00+00:00,92.25,,,1756.3,7078.2,48.3,414.5,23429.8,11262.1,22099.9
2025-01-03 06:00:00+00:00,100.14,,,1906.0,7079.2,52.3,414.6,23909.1,11563.6,24052.9
2025-01-03 07:00:00+00:00,126.0,,,3002.2,7078.2,264.3,147.2,25313.5,11570.0,26811.6
2025-01-03 08:00:00+00:00,141.2,767.0,,4437.5,7078.2,683.9,60.1,27796.5,11461.4,29399.0
2025-01-03 09:00:00+00:00,138.0,384.0,,4349.7,7078.2,3858.6,60.0,30404.7,11382.8,31029.8
2025-01-03 10:00:00+00:00,130.52,,,3044.6,7078.2,8852.7,114.8,33229.5,10790.9,31878.7
2025-01-03 11:00:00+00:00,123.2,,,2004.3,7079.2,11399.1,399.1,34695.3,10528.5,31552.0
2025-01-03 12:00:00+00:00,113.51,,,1842.9,7077.2,12152.5,600.1,35210.3,10499.8,31217.3
2025-01-03 13:00:00+00:00,107.6,,,1749.0,7079.2,12135.1,598.7,35329.3,10750.3,31309.9
2025-01-03 14:00:00+00:00,105.88,,,1748.7,7077.2,11669.8,625.3,35069.2,10929.4,31083.8
2025-01-03 15:00:00+00:00,110.22,,,1779.1,7078.2,10323.6,693.7,33741.4,10847.3,30056.4
2025-01-03 16:00:00+00:00,123.2,,,2234.1,7077.2,6726.2,699.8,30772.1,10686.4,29591.6
2025-01-03 17:00:00+00:00,141.2,750.0,,4673.7,7078.2,2262.6,690.7,29850.9,11023.9,30088.1
2025-01-03 18:00:00+00:00,149.62,1065.6,,5223.8,7078.2,307.4,438.7,29845.6,11336.5,31748.4
2025-01-03 19:00:00+00:00,151.25,1253.6,,5664.1,7078.2,66.9,408.9,30639.2,11709.7,31930.1
2025-01-03 20:00:00+00:00,151.25,1241.9,,5804.0,7078.2,49.7,396.0,30821.2,11786.9,32128.5
2025-01-03 21:00:00+00:00,149.12,832.9,,5363.5,7078.2,49.7,383.9,29839.0,11749.3,31471.3
2025-01-03 22:00:00+00:00,145.58,759.0,,4823.4,7079.2,57.0,375.3,28212.3,11685.5,29032.8
2025-01-03 23:00:00+00:00,136.42,255.6,,3668.3,7078.2,57.0,122.4,25969.3,11551.1,26499.8
2025-01-04 00:00:00+00:00,109.06,264.0,243.6,2553.1,7079.4,54.4,403.8,26841.7,13070.9,25259.8
2025-01-04 01:00:00+00:00,101.0,,243.2,2099.8,7079.4,50.3,403.8,25628.1,12893.8,23294.8
2025-01-04 02:00:00+00:00,95.53,,180.0,1936.5,7078.4,55.6,415.7,25134.6,12647.0,21912.5
2025-01-04 03:00:00+00:00,94.33,,,1929.4,7079.4,55.6,415.4,24432.3,12163.1,21094.5
2025-01-04 04:00:00+00:00,96.62,,,1933.5,7079.4,61.9,415.2,24220.8,11943.1,20709.3
2025-01-04 05:00:00+00:00,102.63,,,1943.3,7079.4,65.9,415.3,24059.1,11740.4,20593.2
2025-01-04 06:00:00+00:00,110.89,,,1986.7,7079.4,65.9,415.2,23956.2,11575.3,21293.4
2025-01-04 07:00:00+00:00,120.25,,,2435.9,7079.4,241.9,332.6,25433.4,11186.5,22813.6
2025-01-04 08:00:00+00:00,128.39,,,3097.4,7079.4,726.2,244.5,26246.7,10940.5,24564.9
2025-01-04 09:00:00+00:00,128.41,,,3216.3,7079.4,3698.9,256.4,29179.7,10750.4,26554.9
2025-01-04 10:00:00+00:00,118.99,,,2524.3,7079.4,8665.8,286.1,32445.4,10170.7,28145.5
2025-01-04 11:00:00+00:00,99.0,,,1951.2,7079.4,11359.6,448.5,33378.0,9645.3,28636.6
2025-01-04 12:00:00+00:00,82.52,,,1744.6,7078.4,12172.4,623.3,33948.4,9437.7,28504.6
2025-01-04 13:00:00+00:00,82.27,,,1742.4,7080.4,12283.3,650.3,34146.2,9489.4,28550.6
2025-01-04 14:00:00+00:00,88.22,,,1752.9,7078.4,11731.0,677.1,33726.6,9591.4,28429.8
2025-01-04 15:00:00+00:00,97.35,,,1890.8,7078.4,10514.4,723.6,32683.7,9579.2,27776.1
2025-01-04 16:00:00+00:00,119.47,,,2489.1,7079.4,6923.9,693.8,31011.4,9634.3,26581.0
2025-01-04 17:00:00+00:00,134.63,,,4435.5,7079.4,2336.2,710.2,28880.4,10055.5,26912.6
2025-01-04 18:00:00+00:00,145.0,747.0,,5272.2,7078.4,424.6,552.0,29052.7,10670.0,28711.8
2025-01-04 19:00:00+00:00,139.73,373.0,,5507.8,7079.4,80.1,569.3,29208.3,11283.7,29225.0
2025-01-04 20:00:00+00:00,130.49,,,5231.0,7079.4,56.7,560.9,28918.0,11741.1,29862.6
2025-01-04 21:00:00+00:00,123.82,,,4589.7,7079.4,56.7,494.9,28370.2,11974.0,29936.2
2025-01-04 22:00:00+00:00,119.23,,,4031.8,7080.4,56.7,544.8,27708.2,12025.5,28073.6
2025-01-04 23:00:00+00:00,109.9,,,2875.7,7079.4,56.7,424.8,25365.0,12028.8,25934.7
2025-01-05 00:00:00+00:00,101.77,,243.6,2715.4,7078.7,61.7,402.2,25542.8,11863.8,23980.8
2025-01-05 01:00:00+00:00,70.5,,243.2,2451.5,7078.7,48.3,422.5,24775.6,11815.3,22602.0
2025-01-05 02:00:00+00:00,64.81,,180.0,1996.1,7077.7,56.5,424.0,24473.8,11982.6,21447.3
2025-01-05 03:00:00+00:00,46.7,,,1779.3,7078.7,48.4,425.4,24267.9,12226.8,20705.6
2025-01-05 04:00:00+00:00,43.87,,,1705.7,7078.7,46.3,426.7,24286.5,12326.2,20373.4
2025-01-05 05:00:00+00:00,36.61,,,1716.9,7078.7,48.4,429.9,24539.9,12606.8,20440.7
2025-01-05 06:00:00+00:00,34.04,,,1701.3,7078.7,48.4,433.7,24806.8,12870.2,21022.1
2025-01-05 07:00:00+00:00,44.0,,,1623.2,7078.7,279.1,207.0,24936.0,13060.4,22067.0
2025-01-05 08:00:00+00:00,51.27,,,1712.7,7079.7,525.5,185.4,25485.7,13294.0,22981.0
2025-01-05 09:00:00+00:00,50.0,,,1788.8,7078.7,2139.4,85.4,27361.8,13558.7,24944.6
2025-01-05 10:00:00+00:00,49.81,,,1776.9,7078.7,4949.5,108.4,29808.0,13225.9,26875.9
2025-01-05 11:00:00+00:00,43.05,,,1661.4,7078.7,7112.5,172.1,32246.6,13533.6,27284.2
2025-01-05 12:00:00+00:00,45.74,,,1650.0,7077.7,7876.5,287.1,33786.3,14198.6,27129.6
2025-01-05 13:00:00+00:00,35.19,,,1588.4,7078.7,7741.2,294.0,34455.2,15046.7,27689.8
2025-01-05 14:00:00+00:00,30.0,,,1593.6,7078.7,7037.2,307.9,34427.6,15703.6,27854.2
2025-01-05 15:00:00+00:00,28.0,,,1595.2,7077.7,5602.2,306.5,33240.1,15952.5,27118.4
2025-01-05 16:00:00+00:00,35.22,,,1665.6,7077.7,3245.4,264.6,30892.3,15949.8,26603.4
2025-01-05 17:00:00+00:00,57.72,,,2113.0,7077.7,1103.4,241.1,29641.5,16198.4,26989.9
2025-01-05 18:00:00+00:00,64.81,,,2611.7,7077.7,238.8,413.9,29613.5,16348.2,28972.1
2025-01-05 19:00:00+00:00,64.81,,,2854.8,7078.7,46.6,379.0,30003.1,16684.6,29594.4
2025-01-05 20:00:00+00:00,65.2,,,2863.2,7078.7,46.4,378.8,30096.9,16767.1,30200.1
2025-01-05 21:00:00+00:00,68.5,,,2764.2,7078.7,46.4,461.4,30131.7,16803.1,30325.8
2025-01-05 22:00:00+00:00,60.0,,,2596.2,7078.7,46.4,249.1,29610.2,16716.8,28752.9
2025-01-05 23:00:00+00:00,43.01,,,2287.2,7078.7,46.4,249.1,29206.1,16709.6,26145.3
2025-01-06 00:00:00+00:00,13.28,,243.6,2040.5,7079.2,50.3,409.2,29085.1,16744.2,23573.2
2025-01-06 01:00:00+00:00,8.35,,243.2,1906.7,7078.2,48.3,408.6,29050.9,16853.3,21604.4
2025-01-06 02:00:00+00:00,5.23,,180.0,1782.2,7079.2,48.3,433.0,28402.9,16385.0,20264.7
2025-01-06 03:00:00+00:00,3.52,,,1823.9,7078.2,48.4,432.6,25340.6,13539.3,19441.6
2025-01-06 04:00:00+00:00,3.52,,,1823.9,7079.2,46.3,431.7,24432.5,12642.7,19132.8
2025-01-06 05:00:00+00:00,5.61,,,1799.1,7079.2,48.4,429.5,26862.3,15027.2,19206.3
2025-01-06 06:00:00+00:00,11.27,,,1805.7,7079.2,48.4,426.4,26542.9,14689.0,19625.1
2025-01-06 07:00:00+00:00,37.0,,,1876.5,7079.2,273.8,314.8,25425.8,13345.0,20515.3
2025-01-06 08:00:00+00:00,58.15,,,2128.3,7079.2,525.3,250.2,25273.7,12606.6,21360.9
2025-01-06 09:00:00+00:00,51.15,,,2281.5,7079.2,2354.9,211.0,26707.5,12090.2,23253.2
2025-01-06 10:00:00+00:00,40.81,,,2158.8,7078.2,5970.5,178.4,29811.4,11858.5,24747.5
2025-01-06 11:00:00+00:00,32.83,,,1838.3,7079.2,8818.8,243.1,32646.7,12146.0,25287.4
2025-01-06 12:00:00+00:00,31.28,,,1723.4,7078.2,10333.7,311.2,34950.8,12958.9,25336.7
2025-01-06 13:00:00+00:00,22.99,,,1684.0,7079.2,11046.4,360.4,36486.7,13764.2,25807.6
2025-01-06 14:00:00+00:00,14.0,,,1684.3,7079.2,11126.5,383.9,37066.4,14255.6,26069.4
2025-01-06 15:00:00+00:00,14.0,,,1685.1,7078.2,10337.3,421.1,36300.1,14250.0,25342.1
2025-01-06 16:00:00+00:00,38.49,,,2039.8,7079.2,7367.0,514.8,33655.4,14068.2,24944.0
2025-01-06 17:00:00+00:00,67.5,,,2609.6,7079.2,2733.1,466.3,29488.8,13618.2,25398.0
2025-01-06 18:00:00+00:00,91.4,,,2986.9,7079.2,330.9,274.6,28359.4,13782.5,27335.0
2025-01-06 19:00:00+00:00,110.0,,,3309.8,7080.2,68.8,201.1,28512.1,13748.4,28019.7
2025-01-06 20:00:00+00:00,116.2,,,3385.1,7079.2,65.0,201.2,28670.1,13756.5,28872.6
2025-01-06 21:00:00+00:00,117.78,,,3413.0,7079.2,65.0,151.2,28451.0,13563.7,28995.0
2025-01-06 22:00:00+00:00,105.93,,,3116.5,7080.2,65.0,151.2,27927.9,13447.2,27562.7
2025-01-06 23:00:00+00:00,90.0,,,2666.4,7079.2,53.8,151.2,26245.8,13251.2,25457.7
2025-01-07 00:00:00+00:00,64.07,,243.6,2038.2,7079.2,50.3,414.1,25625.0,13167.9,24080.3
2025-01-07 01:00:00+00:00,60.0,,243.2,2042.9,7079.2,63.8,414.2,25717.1,13203.2,22116.9
2025-01-07 02:00:00+00:00,49.9,,180.0,1974.6,7079.2,63.8,414.4,25522.0,13101.9,21278.2
2025-01-07 03:00:00+00:00,38.41,,,1914.7,7079.2,63.9,394.6,25148.8,13013.6,21027.5
2025-01-07 04:00:00+00:00,19.2,,,1889.6,7078.2,46.3,394.7,25021.1,13012.0,21294.5
2025-01-07 05:00:00+00:00,38.7,,,1973.2,7079.2,48.4,414.8,25353.7,13191.2,22096.2
2025-01-07 06:00:00+00:00,60.08,,,1999.8,7080.2,48.4,414.8,25765.0,13445.9,25085.9
2025-01-07 07:00:00+00:00,97.56,,,2695.0,7079.2,231.2,341.2,28233.6,13647.7,28908.9
2025-01-07 08:00:00+00:00,115.0,,,3844.7,7079.2,716.8,273.2,30110.7,13804.0,31629.3
2025-01-07 09:00:00+00:00,105.18,,,3612.7,7079.2,4164.6,140.4,33028.7,13752.1,32953.5
2025-01-07 10:00:00+00:00,93.49,,,3075.2,7079.2,9411.8,177.1,36368.1,13103.0,33579.7
2025-01-07 11:00:00+00:00,74.93,,,2359.0,7079.2,12008.3,337.2,38215.0,13419.6,33686.6
2025-01-07 12:00:00+00:00,71.25,,,2155.5,7078.2,12655.8,464.4,39412.7,14038.9,33394.9
2025-01-07 13:00:00+00:00,71.62,,,2148.1,7080.2,12435.9,527.2,39778.7,14560.9,33354.1
2025-01-07 14:00:00+00:00,72.57,,,2149.1,7079.2,11530.8,568.3,39087.8,14727.9,33195.6
2025-01-07 15:00:00+00:00,85.0,,,2259.9,7078.2,10031.8,583.7,37645.8,14629.8,32295.3
2025-01-07 16:00:00+00:00,100.64,,,2676.4,7080.2,6750.5,467.4,35094.7,14684.0,31647.1
2025-01-07 17:00:00+00:00,118.34,,,4963.4,7079.2,2350.6,368.4,34494.0,15213.5,32332.4
2025-01-07 18:00:00+00:00,128.87,,,5504.1,7079.2,444.3,401.6,33793.0,15654.2,33685.0
2025-01-07 19:00:00+00:00,125.0,,,5913.7,7080.2,57.1,465.5,33959.0,15836.3,34522.1
2025-01-07 20:00:00+00:00,113.97,,,6008.1,7079.2,56.9,465.3,33980.5,15928.8,35432.1
2025-01-07 21:00:00+00:00,110.76,,,5385.5,7080.2,56.9,465.2,33060.4,15949.3,34625.1
2025-01-07 22:00:00+00:00,98.53,,,3792.1,7080.2,53.9,465.1,30291.1,15642.7,31552.3
2025-01-07 23:00:00+00:00,89.27,,,2963.1,7079.2,53.9,265.1,28872.7,15428.0,28039.0
2025-01-08 00:00:00+00:00,74.23,160.0,243.6,2704.6,7079.8,57.6,327.8,28459.7,15025.4,27023.1
2025-01-08 01:00:00+00:00,69.5,,243.2,2228.3,7078.8,63.8,319.8,27361.2,14621.0,25215.3
2025-01-08 02:00:00+00:00,59.97,,180.0,2196.6,7079.8,63.8,312.7,26980.3,14364.3,24031.0
2025-01-08 03:00:00+00:00,53.0,,,2138.9,7078.8,55.7,312.4,26492.2,14139.0,23614.7
2025-01-08 04:00:00+00:00,59.52,,,2177.8,7079.8,53.6,311.8,26260.9,13864.7,23450.9
2025-01-08 05:00:00+00:00,70.2,,,2293.7,7079.8,63.9,312.7,26082.9,13549.8,23985.6
2025-01-08 06:00:00+00:00,97.41,,,3210.5,7079.8,63.9,312.7,26607.4,13081.5,26244.6
2025-01-08 07:00:00+00:00,124.39,,,5082.5,7079.8,259.0,50.0,29947.3,12860.4,30125.5
2025-01-08 08:00:00+00:00,135.01,,,6175.0,7079.8,715.3,72.4,31583.4,12828.0,32719.6
2025-01-08 09:00:00+00:00,130.01,,,5886.3,7080.8,3678.2,76.9,34424.6,12983.3,33605.6
2025-01-08 10:00:00+00:00,108.8,,,4744.8,7078.8,8103.0,136.4,36490.9,12947.2,34082.5
2025-01-08 11:00:00+00:00,104.46,,,3364.9,7079.8,10201.8,225.3,37308.7,13017.3,33726.8
2025-01-08 12:00:00+00:00,97.57,,,2556.1,7079.8,10565.6,273.0,37411.6,13487.3,33204.0
2025-01-08 13:00:00+00:00,90.79,,,2306.4,7078.8,10192.2,280.3,37772.6,14389.1,33281.0
2025-01-08 14:00:00+00:00,88.81,,,2319.7,7079.8,9278.1,267.6,37915.6,15453.6,33040.2
2025-01-08 15:00:00+00:00,90.01,,,2342.1,7077.8,7955.2,251.1,37484.2,16354.9,32599.3
2025-01-08 16:00:00+00:00,105.48,,,3076.1,7078.8,5163.5,231.9,36303.8,17238.5,32425.0
2025-01-08 17:00:00+00:00,113.75,,,4108.9,7078.8,1778.1,206.6,35671.3,17799.6,32955.6
2025-01-08 18:00:00+00:00,122.0,,,5302.1,7078.8,189.4,268.1,36033.5,18355.7,34241.3
2025-01-08 19:00:00+00:00,131.0,,,5537.0,7078.8,57.1,233.5,36477.6,18653.0,34543.6
2025-01-08 20:00:00+00:00,124.81,,,5379.0,7078.8,56.9,229.5,36248.4,18671.6,35159.5
2025-01-08 21:00:00+00:00,112.66,,,4690.6,7079.8,56.9,209.5,35413.8,18735.6,34516.3
2025-01-08 22:00:00+00:00,111.9,,,3598.5,7079.8,65.1,209.5,34143.0,18726.8,31225.7
2025-01-08 23:00:00+00:00,98.77,,,2768.7,7079.8,62.1,209.5,31899.3,18716.2,28240.4
2025-01-09 00:00:00+00:00,60.38,60.0,243.6,2448.2,7076.7,48.3,289.9,32074.2,18928.6,27008.0
2025-01-09 01:00:00+00:00,49.9,,243.2,2432.1,7075.7,48.3,289.0,32231.5,19179.3,25228.8
2025-01-09 02:00:00+00:00,40.52,,180.0,2408.8,7076.7,48.4,313.5,32320.7,19347.1,24092.8
2025-01-09 03:00:00+00:00,25.61,,,2410.9,7075.7,48.3,313.0,32108.1,19352.5,23696.5
2025-01-09 04:00:00+00:00,13.01,,,2361.2,6210.0,46.3,312.8,30864.0,19073.7,23623.7
2025-01-09 05:00:00+00:00,30.29,,,2431.4,7076.7,48.4,312.0,31920.0,19134.6,24339.1
2025-01-09 06:00:00+00:00,60.08,,,2635.2,7076.7,56.6,310.3,31805.4,18680.6,26595.9
2025-01-09 07:00:00+00:00,90.79,,,3569.9,7076.7,98.6,99.8,32439.1,18074.3,29655.4
2025-01-09 08:00:00+00:00,100.99,,,5000.9,7076.7,537.9,99.8,33518.1,17240.3,32007.4
2025-01-09 09:00:00+00:00,102.44,,,5089.2,7076.7,2668.0,99.8,35266.6,16744.6,33530.8
2025-01-09 10:00:00+00:00,97.45,,,4762.6,7076.7,6456.9,142.3,38198.6,16166.1,33545.0
2025-01-09 11:00:00+00:00,90.41,,,4337.4,7076.7,9076.5,224.3,40100.0,15873.9,33470.1
2025-01-09 12:00:00+00:00,88.34,,,2856.0,7075.7,10545.7,293.8,40074.2,15786.1,32874.2
2025-01-09 13:00:00+00:00,79.9,,,2749.1,7076.7,11188.0,303.9,40406.2,15649.3,33300.5
2025-01-09 14:00:00+00:00,79.05,,,2461.8,7076.7,11415.2,324.8,40060.2,15330.2,32739.0
2025-01-09 15:00:00+00:00,85.09,,,2540.3,7075.7,10741.7,391.6,38932.5,14642.6,32269.2
2025-01-09 16:00:00+00:00,109.4,,,3204.0,7076.7,7992.1,562.3,36224.5,13762.3,31363.6
2025-01-09 17:00:00+00:00,131.62,,,5764.9,7076.7,2988.7,479.6,34035.5,12784.7,31648.8
2025-01-09 18:00:00+00:00,135.73,,,6755.0,7076.7,425.8,361.1,32232.0,12644.3,32666.3
2025-01-09 19:00:00+00:00,135.01,,,6751.1,7076.7,49.6,352.3,31754.2,12554.4,33460.5
2025-01-09 20:00:00+00:00,141.27,,,6690.9,7076.7,56.7,348.4,31700.0,12495.5,33748.3
2025-01-09 21:00:00+00:00,135.01,,,6337.7,7076.7,56.7,328.3,31233.2,12526.8,33056.9
2025-01-09 22:00:00+00:00,114.38,,,5019.0,7076.7,49.4,230.3,28623.9,12507.7,30543.5
2025-01-09 23:00:00+00:00,101.0,,,3417.8,7076.7,49.4,132.3,26642.8,12473.2,27509.3
2025-01-10 00:00:00+00:00,98.11,60.0,243.6,2977.9,6450.6,48.3,255.6,26148.4,12672.7,26572.4
2025-01-10 01:00:00+00:00,80.25,,243.2,2663.7,6479.6,48.3,255.6,25463.0,12662.3,25042.4
2025-01-10 02:00:00+00:00,72.09,,180.0,2605.8,6511.6,48.4,296.8,25339.5,12637.2,24089.5
2025-01-10 03:00:00+00:00,69.94,,,2571.3,6540.6,48.3,296.8,24889.1,12367.2,23469.8
2025-01-10 04:00:00+00:00,70.07,,,2636.3,6570.6,46.3,296.9,24934.7,12320.0,23347.6
2025-01-10 05:00:00+00:00,85.06,,,2652.7,6601.6,46.3,296.9,24807.1,12051.4,23894.4
2025-01-10 06:00:00+00:00,101.8,,,3298.6,6629.6,50.3,296.5,25614.9,11880.7,25800.3
2025-01-10 07:00:00+00:00,126.12,,,5480.3,6661.6,277.4,108.8,28864.5,11611.0,29145.3
2025-01-10 08:00:00+00:00,140.33,,,6890.9,6690.6,665.7,108.8,30508.5,11249.0,31492.0
2025-01-10 09:00:00+00:00,137.22,,,6678.0,6720.6,3183.8,108.8,32838.9,11223.7,32573.8
2025-01-10 10:00:00+00:00,123.57,,,5803.5,6750.6,7343.8,131.0,35870.9,11025.1,32807.3
2025-01-10 11:00:00+00:00,113.59,,,4894.2,6779.6,9904.9,226.3,36760.1,11150.6,32904.6
2025-01-10 12:00:00+00:00,107.43,,,3084.0,6810.6,11197.2,277.9,36280.4,11303.9,32681.0
2025-01-10 13:00:00+00:00,105.01,,,2919.0,6838.6,11593.5,301.6,37073.6,11839.9,32440.6
2025-01-10 14:00:00+00:00,108.18,,,3031.3,6869.6,11494.0,382.0,37407.0,12055.8,31969.5
2025-01-10 15:00:00+00:00,111.61,,,3347.6,6900.6,10703.7,435.7,36989.7,11984.4,31463.4
2025-01-10 16:00:00+00:00,118.76,,,3996.0,6928.6,7557.1,434.1,35462.6,12145.9,31106.3
2025-01-10 17:00:00+00:00,132.58,,,6046.0,6960.6,2612.1,336.0,33383.4,12529.8,30927.4
2025-01-10 18:00:00+00:00,144.28,,,7852.3,6989.6,312.1,174.5,33672.5,13332.8,32471.9
2025-01-10 19:00:00+00:00,141.27,,,7748.2,7019.6,65.1,157.0,33868.0,13858.5,33044.4
2025-01-10 20:00:00+00:00,134.83,,,7094.2,7050.6,56.7,151.4,33382.9,14103.1,33353.9
2025-01-10 21:00:00+00:00,122.51,,,6306.4,7075.0,56.7,131.4,32350.6,14174.4,32716.9
2025-01-10 22:00:00+00:00,119.79,,,5542.8,7075.0,56.7,131.3,31654.6,14178.8,30080.4
2025-01-10 23:00:00+00:00,112.0,,,4124.0,7075.0,64.9,131.3,29279.4,14195.9,27253.6
2025-01-11 00:00:00+00:00,112.0,,243.6,3623.1,6833.5,66.9,300.3,29787.8,15265.9,25550.4
2025-01-11 01:00:00+00:00,100.61,,243.2,2802.5,6863.9,64.8,299.8,29006.8,15386.5,24029.1
2025-01-11 02:00:00+00:00,96.32,,180.0,2449.0,6895.3,61.9,299.3,28679.6,15538.4,22783.9
2025-01-11 03:00:00+00:00,84.49,,,2365.6,6925.7,61.8,297.8,28040.4,15373.5,22302.4
2025-01-11 04:00:00+00:00,79.78,,,2366.0,6956.1,53.6,296.5,27839.9,15157.7,21990.3
2025-01-11 05:00:00+00:00,84.1,,,2378.1,6986.5,61.8,294.9,27498.1,14766.0,21961.7
2025-01-11 06:00:00+00:00,95.46,,,2613.6,7016.9,61.8,294.1,27661.2,14509.0,22469.6
2025-01-11 07:00:00+00:00,84.9,,,4293.2,7047.3,217.5,195.4,29110.8,14125.4,24571.2
2025-01-11 08:00:00+00:00,97.0,,,5003.6,7077.7,495.2,122.2,30231.3,14041.4,25902.0
2025-01-11 09:00:00+00:00,105.53,,,5101.2,7077.7,2117.0,122.2,32002.6,14123.8,27432.4
2025-01-11 10:00:00+00:00,109.71,,,3482.9,7076.7,5553.8,133.2,33875.8,14145.6,28613.5
2025-01-11 11:00:00+00:00,87.14,,,2479.4,7076.7,8162.9,209.3,35262.4,14130.2,29048.2
2025-01-11 12:00:00+00:00,78.78,,,2316.9,7077.7,9868.6,280.1,36678.7,14075.7,28654.7
2025-01-11 13:00:00+00:00,70.0,,,2294.1,7074.7,10660.7,324.9,37463.6,14145.7,28702.7
2025-01-11 14:00:00+00:00,64.75,,,2273.3,7074.7,10817.5,363.4,37608.9,14142.6,28774.1
2025-01-11 15:00:00+00:00,60.3,,,2275.2,7074.7,10232.8,409.3,37043.6,14125.3,28211.4
2025-01-11 16:00:00+00:00,78.91,,,2359.4,7073.7,7493.5,410.2,34272.3,13976.0,27673.0
2025-01-11 17:00:00+00:00,113.3,,,3734.8,7074.7,2820.4,324.9,31850.3,14009.3,26783.6
2025-01-11 18:00:00+00:00,118.87,,,5894.4,7074.7,366.9,170.4,32231.6,14018.9,28470.1
2025-01-11 19:00:00+00:00,123.55,,,6390.4,7074.7,48.5,320.4,32638.8,13952.3,28940.1
2025-01-11 20:00:00+00:00,119.95,,,6433.1,7074.7,48.3,306.4,32579.5,13921.0,29421.6
2025-01-11 21:00:00+00:00,116.2,,,5391.0,7075.7,48.3,296.4,30603.3,13836.0,29259.9
2025-01-11 22:00:00+00:00,113.27,,,4713.5,7075.7,48.3,296.3,29886.3,13817.8,27407.3
2025-01-11 23:00:00+00:00,106.1,,,4168.9,7076.7,55.6,296.3,28723.0,13681.8,25303.4
2025-01-12 00:00:00+00:00,110.36,,243.6,3402.8,7078.1,66.9,314.4,28316.5,13839.2,23870.7
2025-01-12 01:00:00+00:00,97.57,,243.2,2893.0,7079.1,53.6,314.4,27270.6,13593.4,22158.1
2025-01-12 02:00:00+00:00,90.0,,180.0,2761.1,7079.1,53.6,314.4,26862.4,13456.6,20830.1
2025-01-12 03:00:00+00:00,85.91,,,2717.3,7079.1,53.6,314.3,26468.3,13293.5,20005.1
2025-01-12 04:00:00+00:00,85.0,,,2596.5,7079.1,53.6,314.4,26337.3,13290.1,19669.7
2025-01-12 05:00:00+00:00,85.2,,,2615.0,7079.1,53.7,314.4,26486.4,13423.4,19678.9
2025-01-12 06:00:00+00:00,85.65,,,2623.1,7078.1,61.8,314.5,26656.2,13575.3,20216.6
2025-01-12 07:00:00+00:00,79.63,,,2594.5,7079.1,169.7,159.0,26477.2,13496.6,21612.0
2025-01-12 08:00:00+00:00,85.2,,,2579.0,7079.1,666.6,31.1,26845.3,13474.6,22688.1
2025-01-12 09:00:00+00:00,77.24,,,2410.3,7079.1,3872.7,31.1,29858.2,13496.7,24822.5
2025-01-12 10:00:00+00:00,40.0,,,2427.6,7078.1,8929.0,81.1,34444.7,13054.0,27064.9
2025-01-12 11:00:00+00:00,12.17,,,2317.4,7078.1,12298.5,302.3,37118.8,12279.8,27746.3
2025-01-12 12:00:00+00:00,3.6,,,2295.8,7078.1,13786.8,478.7,37754.0,11312.0,27541.7
2025-01-12 13:00:00+00:00,3.52,,,2294.0,7078.1,14265.2,616.8,38263.4,11182.9,27999.4
2025-01-12 14:00:00+00:00,3.52,,,2289.7,7077.1,14388.5,722.8,38391.7,11102.8,28129.7
2025-01-12 15:00:00+00:00,2.4,,,2289.2,7079.1,13957.9,884.3,37429.4,10431.5,27434.4
2025-01-12 16:00:00+00:00,10.96,,,2399.3,7076.1,10532.9,988.4,37275.0,13464.6,27315.6
2025-01-12 17:00:00+00:00,89.07,,,2836.6,7078.1,4144.1,705.3,32115.2,14256.2,27146.1
2025-01-12 18:00:00+00:00,116.28,,,4945.5,7078.1,474.4,379.6,31954.8,14663.3,27609.3
2025-01-12 19:00:00+00:00,126.8,,,5505.4,7078.1,81.7,282.2,32665.5,14819.3,28425.7
2025-01-12 20:00:00+00:00,124.0,,,5552.1,7078.1,55.7,274.1,32486.0,14622.3,29482.8
2025-01-12 21:00:00+00:00,123.67,,,5332.6,7078.1,55.7,246.6,31717.7,14125.1,29514.6
2025-01-12 22:00:00+00:00,116.73,,,4859.9,7079.1,55.7,246.5,30641.0,13836.2,27835.1
2025-01-12 23:00:00+00:00,114.9,,,3754.0,7079.1,55.7,196.7,28202.4,13466.2,25442.6
2025-01-13 00:00:00+00:00,112.39,,243.6,3776.5,7077.7,66.8,322.9,27916.3,13019.2,24347.7
2025-01-13 01:00:00+00:00,105.07,,243.2,3573.8,7077.7,64.8,322.5,26778.4,12434.9,22594.0
2025-01-13 02:00:00+00:00,104.46,,180.0,2542.3,7077.7,64.8,322.2,25221.3,11991.7,21618.2
2025-01-13 03:00:00+00:00,100.37,,,2461.2,7077.7,64.8,322.5,24522.4,11560.1,21207.1
2025-01-13 04:00:00+00:00,100.0,,,2462.2,7077.7,63.6,322.7,24290.2,11313.6,21353.2
2025-01-13 05:00:00+00:00,109.13,,,3047.2,7078.7,64.9,323.0,24950.0,11115.2,21928.3
2025-01-13 06:00:00+00:00,127.14,,,4652.4,7076.7,56.6,323.0,26484.3,10857.1,24751.4
2025-01-13 07:00:00+00:00,141.29,380.0,,6760.3,7077.7,229.4,141.6,30179.4,10662.2,29162.1
2025-01-13 08:00:00+00:00,180.0,379.0,,7880.4,7077.7,906.3,20.0,31602.6,10251.2,31579.0
2025-01-13 09:00:00+00:00,145.67,379.0,,7124.9,7077.7,5875.6,28.4,35409.3,9901.5,33204.9
2025-01-13 10:00:00+00:00,128.38,,,4266.8,7076.7,13179.3,145.6,38012.3,9193.3,34024.0
2025-01-13 11:00:00+00:00,111.92,,,3128.7,7076.7,16150.6,612.4,38827.0,8455.9,33775.2
2025-01-13 12:00:00+00:00,105.22,,,2825.6,7077.7,16636.9,758.4,38600.7,7930.5,33434.2
2025-01-13 13:00:00+00:00,100.81,,,2649.9,7076.7,16624.8,768.1,38316.4,7817.1,33350.3
2025-01-13 14:00:00+00:00,104.91,,,2722.6,7076.7,16509.5,814.3,38532.9,8017.5,33247.3
2025-01-13 15:00:00+00:00,110.72,,,3085.4,7077.7,15841.3,949.1,38864.4,8264.8,32867.1
2025-01-13 16:00:00+00:00,126.64,50.0,,4435.1,7076.7,11909.7,1063.8,36804.5,8567.9,32337.5
2025-01-13 17:00:00+00:00,145.37,1738.1,,6965.2,7077.7,4687.6,905.7,35425.3,9056.3,32463.0
2025-01-13 18:00:00+00:00,157.07,2326.8,,8282.3,7076.7,535.4,507.4,33392.7,9567.7,33979.0
2025-01-13 19:00:00+00:00,158.39,2338.9,,8467.2,7077.7,100.1,396.6,33347.8,9866.2,34849.3
2025-01-13 20:00:00+00:00,146.39,2193.4,,8360.2,7077.7,55.7,364.5,32896.3,9896.2,35746.9
2025-01-13 21:00:00+00:00,143.02,1579.1,,8199.4,7077.7,55.7,341.9,31829.7,9650.2,34822.1
2025-01-13 22:00:00+00:00,135.01,1496.8,,6647.6,7078.7,55.7,341.8,29312.0,9063.9,31633.2
2025-01-13 23:00:00+00:00,120.1,1136.4,,5778.8,7077.7,63.9,312.0,26602.3,8570.4,28241.4
2025-01-14 00:00:00+00:00,122.19,1504.4,535.6,5017.0,7078.7,56.6,220.6,25280.8,7374.6,26569.8
2025-01-14 01:00:00+00:00,117.67,1565.4,414.2,4484.2,7078.7,56.6,220.6,23962.7,6752.3,24662.2
2025-01-14 02:00:00+00:00,114.53,1233.2,413.0,4436.9,7078.7,56.6,220.8,23034.9,6300.5,23633.7
2025-01-14 03:00:00+00:00,112.2,1175.0,413.0,4429.8,7078.7,49.3,221.0,22620.5,6008.5,23076.2
2025-01-14 04:00:00+00:00,112.2,1225.0,413.0,3785.3,7078.7,49.3,221.5,21733.6,5723.3,22930.6
2025-01-14 05:00:00+00:00,114.34,1822.0,413.0,4226.5,7079.7,49.4,222.3,22577.7,5548.8,23717.6
2025-01-14 06:00:00+00:00,138.52,3855.2,313.4,5313.5,7077.7,56.6,221.6,25882.1,5539.6,26332.5
2025-01-14 07:00:00+00:00,156.0,6203.9,433.4,7826.5,7078.7,215.7,109.8,30937.4,5366.0,30729.6
2025-01-14 08:00:00+00:00,186.54,6293.1,500.0,8188.5,7078.7,806.0,109.8,31703.0,4966.7,33365.4
2025-01-14 09:00:00+00:00,152.47,6628.6,603.0,8003.6,7078.7,5570.7,116.0,36125.6,4365.3,34678.6
2025-01-14 10:00:00+00:00,133.76,5678.5,413.0,5615.6,7077.7,12791.6,252.6,38872.4,3456.8,35176.0
2025-01-14 11:00:00+00:00,114.53,4016.6,413.0,4466.6,7077.7,15730.1,689.9,38679.1,2930.6,34946.6
2025-01-14 12:00:00+00:00,112.37,3889.3,413.0,4434.9,7078.7,16259.4,863.5,38854.7,2555.3,34292.5
2025-01-14 13:00:00+00:00,111.63,3753.1,413.0,4359.7,7077.7,16342.8,892.1,38614.4,2405.0,34305.8
2025-01-14 14:00:00+00:00,114.53,4079.3,413.0,4444.2,7078.7,16276.5,954.6,39024.3,2411.7,34014.3
2025-01-14 15:00:00+00:00,115.03,4961.4,413.0,4580.4,7077.7,15591.1,1082.1,39489.8,2414.4,33734.4
2025-01-14 16:00:00+00:00,132.53,7024.8,523.4,5709.4,7077.7,11662.2,1149.2,39375.6,2604.0,33379.3
2025-01-14 17:00:00+00:00,160.87,8366.4,823.4,8232.4,7077.7,4479.5,867.4,36809.4,2817.9,33568.1
2025-01-14 18:00:00+00:00,188.31,8395.4,890.0,8533.3,7077.7,447.2,396.8,33277.1,3286.9,34719.6
2025-01-14 19:00:00+00:00,189.54,8413.0,890.0,8563.1,7078.7,83.1,258.3,33410.6,3862.5,35576.9
2025-01-14 20:00:00+00:00,165.57,8420.0,890.0,8598.0,7078.7,57.7,201.6,33793.5,4276.7,36692.1
2025-01-14 21:00:00+00:00,152.0,8056.4,836.0,8492.5,7078.7,57.7,200.9,33412.3,4585.4,35634.5
2025-01-14 22:00:00+00:00,148.68,7522.3,759.0,8035.9,7078.7,57.7,178.3,32076.9,4844.8,32208.7
2025-01-14 23:00:00+00:00,141.98,5531.9,579.0,6722.6,7079.7,57.7,137.3,28371.4,4700.2,28516.0
2025-01-15 00:00:00+00:00,132.4,4314.1,595.6,5785.0,7076.3,64.8,212.1,25618.2,4114.0,26354.4
2025-01-15 01:00:00+00:00,122.4,3868.7,594.2,5258.3,7075.3,56.6,212.1,24299.2,3927.7,24629.0
2025-01-15 02:00:00+00:00,118.6,3231.0,593.0,4728.6,7076.3,53.6,212.0,22793.3,3680.9,23461.1
2025-01-15 03:00:00+00:00,118.42,3210.3,593.0,3824.8,7076.3,56.6,211.9,21729.9,3539.4,22911.8
2025-01-15 04:00:00+00:00,118.13,3077.3,593.0,3818.9,7075.3,64.8,211.9,21490.8,3428.7,22813.9
2025-01-15 05:00:00+00:00,118.13,3145.5,593.0,5094.7,7075.3,51.3,261.8,22874.3,3439.3,23582.1
2025-01-15 06:00:00+00:00,135.56,4741.8,793.0,7372.1,7075.3,56.6,411.7,27740.6,3819.3,26444.7
2025-01-15 07:00:00+00:00,167.32,5453.8,1143.0,8305.7,7076.3,218.3,299.4,31401.8,4023.4,30870.0
2025-01-15 08:00:00+00:00,225.0,5969.1,1160.0,8413.0,7075.3,854.6,299.4,32836.9,4020.8,32722.9
2025-01-15 09:00:00+00:00,160.0,5821.2,1160.0,8170.2,7075.3,5784.8,300.9,36969.4,4063.3,34870.3
2025-01-15 10:00:00+00:00,138.92,5085.4,826.3,5967.1,7075.3,13143.3,298.0,39900.2,3798.8,34641.7
2025-01-15 11:00:00+00:00,132.7,2933.9,593.0,4455.7,7076.3,16291.4,667.5,39239.5,3486.4,34047.4
2025-01-15 12:00:00+00:00,126.0,2662.7,593.0,3866.2,7076.3,16656.9,906.6,38957.9,3535.3,33486.2
2025-01-15 13:00:00+00:00,122.4,2419.4,593.0,3635.1,7075.3,16628.9,910.4,38786.8,3964.3,33471.2
2025-01-15 14:00:00+00:00,115.58,1723.5,593.0,3577.3,7076.3,16525.2,947.3,38583.0,4713.8,33285.5
2025-01-15 15:00:00+00:00,117.81,2042.8,593.0,3589.8,7075.3,15876.6,1060.6,39097.9,5446.4,33033.8
2025-01-15 16:00:00+00:00,135.0,2503.9,690.0,4466.3,7077.3,12186.4,1156.9,38331.7,6528.0,32718.1
2025-01-15 17:00:00+00:00,143.2,3236.3,986.0,7957.4,7075.3,4751.1,949.4,37352.1,7769.0,33281.1
2025-01-15 18:00:00+00:00,167.32,4570.0,1160.0,8660.2,7075.3,567.7,586.3,37080.0,9494.2,34745.8
2025-01-15 19:00:00+00:00,178.97,4591.8,1160.0,8836.8,7077.3,99.3,386.5,37973.8,10727.4,35583.7
2025-01-15 20:00:00+00:00,168.78,4596.5,1160.0,8509.2,7077.3,65.9,353.7,38227.8,11461.2,36433.4
2025-01-15 21:00:00+00:00,150.97,3903.1,1029.0,8175.4,7077.3,50.4,353.1,37237.1,11926.4,35679.8
2025-01-15 22:00:00+00:00,138.77,3505.9,749.3,7808.9,7077.3,57.7,303.0,35361.1,12159.1,32200.7
2025-01-15 23:00:00+00:00,123.9,2792.2,593.0,6007.9,7076.3,57.7,173.2,32187.6,11993.9,28695.2
2025-01-16 00:00:00+00:00,124.33,1435.2,535.6,5508.5,7078.5,57.5,213.4,31070.7,12844.2,26799.2
2025-01-16 01:00:00+00:00,118.41,1083.5,414.2,4913.5,7077.5,57.5,213.7,29574.7,12421.3,24893.0
2025-01-16 02:00:00+00:00,114.0,640.0,413.0,4015.1,7078.5,57.5,214.1,27657.3,11855.8,23765.4
2025-01-16 03:00:00+00:00,108.58,640.0,413.0,3586.9,7078.5,49.3,214.4,26602.5,11278.1,23407.6
2025-01-16 04:00:00+00:00,108.59,640.0,413.0,3587.5,7077.5,49.3,214.6,26030.1,10709.3,23330.2
2025-01-16 05:00:00+00:00,118.1,944.4,413.0,3696.8,7078.5,59.5,214.5,25996.0,10219.0,23791.7
2025-01-16 06:00:00+00:00,130.8,1410.6,430.0,5945.5,7077.5,51.3,264.3,28703.6,9804.5,26880.9
2025-01-16 07:00:00+00:00,148.04,1890.4,730.0,7835.5,7077.5,216.8,158.7,31904.3,9208.6,31496.8
2025-01-16 08:00:00+00:00,199.94,2386.8,890.0,8326.7,7077.5,743.6,158.7,33076.4,8442.0,33702.5
2025-01-16 09:00:00+00:00,155.11,2621.9,773.0,8015.3,7078.5,5260.1,159.7,36699.8,7869.7,34938.8
2025-01-16 10:00:00+00:00,129.9,1708.7,413.0,7127.8,7077.5,12185.7,258.8,39626.1,6973.3,34706.0
2025-01-16 11:00:00+00:00,114.0,1392.1,413.0,5179.9,7077.5,15003.5,690.5,39710.0,6190.6,34346.2
2025-01-16 12:00:00+00:00,116.0,1436.5,413.0,4517.2,7078.5,15441.9,882.7,38951.2,5483.2,33357.6
2025-01-16 13:00:00+00:00,120.5,1569.0,413.0,4580.2,7078.5,15471.9,887.0,38793.1,5074.9,33268.3
2025-01-16 14:00:00+00:00,115.14,1247.1,413.0,4521.7,7078.5,15304.3,915.3,38186.5,4856.8,33164.4
2025-01-16 15:00:00+00:00,119.64,1991.6,413.0,4575.7,7077.5,14528.8,1036.0,38418.8,4979.3,32745.1
2025-01-16 16:00:00+00:00,120.34,3312.4,430.0,5537.6,7079.5,10755.0,1156.6,38314.3,5347.5,32885.1
2025-01-16 17:00:00+00:00,148.04,4946.4,730.0,8119.7,7078.5,4188.7,1023.7,36918.2,6096.1,32846.3
2025-01-16 18:00:00+00:00,184.32,5779.8,890.0,8805.1,7078.5,559.4,569.2,35832.9,7135.3,34184.3
2025-01-16 19:00:00+00:00,179.97,5791.2,890.0,8886.1,7079.5,90.9,401.4,36192.9,8050.6,35559.7
2025-01-16 20:00:00+00:00,159.6,5800.6,890.0,8556.8,7080.5,50.4,378.6,35878.3,8212.9,36536.1
2025-01-16 21:00:00+00:00,148.33,5044.1,656.0,8104.4,7080.5,50.4,376.1,34588.5,8498.5,35842.0
2025-01-16 22:00:00+00:00,136.02,3578.2,473.0,7655.3,7078.5,50.4,376.0,32563.5,8587.2,32580.6
2025-01-16 23:00:00+00:00,124.44,1894.5,413.0,6052.1,7079.5,50.4,305.9,28822.4,8456.1,28971.0
2025-01-17 00:00:00+00:00,124.83,2593.4,423.6,5300.7,7079.9,49.3,218.4,27562.4,8614.4,26914.1
2025-01-17 01:00:00+00:00,121.32,2409.4,423.2,5155.6,7078.9,49.3,218.2,26828.4,8221.7,25046.3
2025-01-17 02:00:00+00:00,118.2,2212.4,360.0,4637.0,7078.9,49.3,217.9,25629.8,7804.4,23901.1
2025-01-17 03:00:00+00:00,117.49,2185.0,180.0,4315.2,7079.9,49.3,217.8,24696.2,7395.2,23301.2
2025-01-17 04:00:00+00:00,117.26,2067.6,180.0,4183.1,7078.9,49.3,217.6,24065.9,7014.3,23233.8
2025-01-17 05:00:00+00:00,119.99,2301.4,180.0,5043.0,7078.9,51.3,217.5,24783.6,6626.0,23939.4
2025-01-17 06:00:00+00:00,137.1,3573.4,223.3,6220.5,7079.9,51.3,217.5,27551.1,6443.6,26602.8
2025-01-17 07:00:00+00:00,150.84,4625.9,270.0,7634.7,7078.9,213.4,118.8,30829.4,6179.3,31186.4
2025-01-17 08:00:00+00:00,200.0,5003.5,270.0,8522.7,7078.9,634.1,118.8,32815.7,5909.5,33744.9
2025-01-17 09:00:00+00:00,155.1,4794.2,270.0,8084.5,7078.9,4381.3,122.0,35277.1,5711.0,34533.2
2025-01-17 10:00:00+00:00,129.87,4207.2,180.0,5620.8,7078.9,10739.3,195.8,37282.2,5442.2,33945.0
2025-01-17 11:00:00+00:00,116.44,3519.0,180.0,4257.9,7078.9,13749.8,619.7,38022.5,5032.0,33487.8
2025-01-17 12:00:00+00:00,115.2,3078.3,180.0,4245.3,7079.9,14471.1,806.3,38179.9,4875.8,32990.6
2025-01-17 13:00:00+00:00,108.5,2695.7,180.0,4829.8,7078.9,14580.3,828.6,38148.3,4533.3,32979.7
2025-01-17 14:00:00+00:00,106.5,2666.5,180.0,4922.8,7080.9,14367.3,864.6,37773.4,4169.4,32549.6
2025-01-17 15:00:00+00:00,115.0,3136.9,180.0,5286.8,7078.9,13534.4,977.7,37672.0,3852.5,31849.7
2025-01-17 16:00:00+00:00,118.38,3881.0,180.0,5631.0,7081.9,10291.1,1114.0,36382.7,3624.4,31705.7
2025-01-17 17:00:00+00:00,145.12,6327.1,270.0,7172.4,7079.9,4054.3,975.1,33967.9,3387.3,32206.4
2025-01-17 18:00:00+00:00,175.0,7312.7,270.0,8923.1,7079.9,518.8,561.3,33238.2,3655.4,33906.7
2025-01-17 19:00:00+00:00,174.22,7325.9,270.0,8652.6,7081.9,86.8,403.4,32522.1,3777.2,34809.3
2025-01-17 20:00:00+00:00,157.91,7330.3,270.0,8479.1,7081.9,50.4,377.9,32107.7,3652.9,35339.0
2025-01-17 21:00:00+00:00,153.27,6967.4,270.0,8239.2,7081.9,50.4,377.5,31291.3,3564.4,34308.6
2025-01-17 22:00:00+00:00,139.97,6489.6,246.6,6862.4,7079.9,50.4,371.9,29241.2,3456.2,31565.3
2025-01-17 23:00:00+00:00,137.34,5770.7,223.3,6681.1,7080.9,50.4,359.4,27046.0,3163.3,28669.7
2025-01-18 00:00:00+00:00,135.56,3277.4,243.6,6274.0,7081.0,49.4,221.5,23876.9,3288.4,26308.9
2025-01-18 01:00:00+00:00,130.01,1500.4,243.2,5835.1,7080.0,57.5,221.5,21577.8,3195.3,24275.1
2025-01-18 02:00:00+00:00,129.73,1110.4,180.0,5344.0,7081.0,57.5,221.5,20518.6,3243.1,22814.3
2025-01-18 03:00:00+00:00,124.9,1110.4,,5125.7,7081.0,57.5,221.5,20050.0,3278.6,21941.0
2025-01-18 04:00:00+00:00,117.0,1110.4,,5031.6,7080.0,49.3,221.5,19954.3,3345.7,21645.5
2025-01-18 05:00:00+00:00,119.78,1110.4,,5320.3,7080.0,51.3,221.5,20378.3,3483.1,21548.0
2025-01-18 06:00:00+00:00,120.0,1110.4,,5895.6,7081.0,51.3,221.5,21116.2,3645.4,22485.8
2025-01-18 07:00:00+00:00,133.8,1493.4,,6533.3,7080.0,223.6,201.5,22472.2,3512.0,23728.2
2025-01-18 08:00:00+00:00,145.69,1746.4,,7100.7,7080.0,755.2,118.8,23642.4,3394.3,25634.4
2025-01-18 09:00:00+00:00,144.1,1576.4,,6747.5,7080.0,5422.2,128.6,27739.0,3278.1,27784.6
2025-01-18 10:00:00+00:00,131.7,1492.4,,5379.1,7081.0,12824.1,208.8,33321.6,2786.8,29353.2
2025-01-18 11:00:00+00:00,110.2,640.0,,4774.5,7080.0,15880.0,612.9,34401.4,2159.5,29453.9
2025-01-18 12:00:00+00:00,113.97,900.2,,3431.2,7081.0,16451.6,838.6,33773.1,1815.3,28716.2
2025-01-18 13:00:00+00:00,114.17,954.4,,3488.9,7080.0,16444.5,872.1,33814.2,1716.6,28637.6
2025-01-18 14:00:00+00:00,114.17,954.4,,3496.3,7082.0,16298.0,938.8,33775.8,1758.2,28633.5
2025-01-18 15:00:00+00:00,113.97,942.7,,3623.0,7079.0,15680.1,1062.8,33429.5,1818.8,27974.0
2025-01-18 16:00:00+00:00,120.9,1327.5,,4876.3,7081.0,12154.2,1195.8,32122.3,2061.7,27376.7
2025-01-18 17:00:00+00:00,145.65,3533.3,,7002.2,7080.0,5036.6,1045.9,29513.9,2379.1,27533.2
2025-01-18 18:00:00+00:00,167.57,5776.1,,8457.6,7080.0,578.6,566.9,29771.7,2703.4,29260.6
2025-01-18 19:00:00+00:00,167.85,5799.3,,8495.4,7081.0,67.6,374.5,29371.3,2941.3,30269.4
2025-01-18 20:00:00+00:00,156.12,5806.6,,8348.9,7083.0,50.4,339.9,29277.8,3052.3,30876.0
2025-01-18 21:00:00+00:00,149.61,5683.0,,7916.8,7082.0,50.4,338.0,28569.0,3097.6,30604.6
2025-01-18 22:00:00+00:00,147.25,5084.6,,7517.4,7081.0,50.4,332.9,26500.7,3029.8,28495.4
2025-01-18 23:00:00+00:00,142.19,3639.4,,6801.4,7081.0,50.4,322.9,24321.9,3030.8,26161.4
2025-01-19 00:00:00+00:00,134.46,1462.5,243.6,6202.9,7095.6,57.6,340.1,22379.6,3524.1,24450.3
2025-01-19 01:00:00+00:00,125.51,488.5,243.2,5551.6,7094.6,57.5,340.5,20970.5,3738.9,22526.2
2025-01-19 02:00:00+00:00,123.17,488.8,180.0,5103.3,7095.6,49.3,340.9,20437.1,4053.5,21287.0
2025-01-19 03:00:00+00:00,121.24,488.8,,5177.4,7095.6,57.5,341.3,20564.5,4277.0,20446.9
2025-01-19 04:00:00+00:00,120.18,489.0,,5151.6,7094.6,57.5,341.5,20669.6,4408.8,20104.1
2025-01-19 05:00:00+00:00,120.0,489.0,,5391.1,7094.6,59.5,341.6,21029.6,4527.3,20124.5
2025-01-19 06:00:00+00:00,121.59,489.0,,5725.6,7095.6,51.4,341.6,21355.3,4522.1,20677.0
2025-01-19 07:00:00+00:00,123.47,489.0,,5920.8,7094.6,213.5,259.4,21829.9,4384.9,21819.3
2025-01-19 08:00:00+00:00,123.61,489.0,,5829.6,7094.6,876.9,159.5,22031.1,4096.3,22949.4
2025-01-19 09:00:00+00:00,125.33,489.0,,5900.0,7094.6,5628.4,153.3,26833.1,4017.1,24719.3
2025-01-19 10:00:00+00:00,103.0,488.6,,4803.9,7095.6,12169.1,215.6,31992.1,3631.6,26891.4
2025-01-19 11:00:00+00:00,102.35,488.6,,4598.2,7094.6,14878.2,585.0,34391.1,3302.6,27177.3
2025-01-19 12:00:00+00:00,103.0,486.3,,3182.8,7095.6,15194.8,708.3,33291.8,3330.0,26994.3
2025-01-19 13:00:00+00:00,105.1,485.4,,3182.8,7094.6,14872.9,697.9,33294.5,3656.6,27177.1
2025-01-19 14:00:00+00:00,105.5,484.6,,3188.0,7096.6,14141.8,693.6,32913.7,4010.4,27327.4
2025-01-19 15:00:00+00:00,108.53,484.1,,3219.7,7093.6,12451.9,702.4,31793.9,4243.4,26612.6
2025-01-19 16:00:00+00:00,115.79,483.9,,4831.5,7095.6,8865.1,603.2,30179.1,4671.9,26087.7
2025-01-19 17:00:00+00:00,140.0,1587.1,,6585.9,7094.6,3179.3,378.8,27104.5,4745.0,26391.8
2025-01-19 18:00:00+00:00,159.68,2305.3,,8090.6,7094.6,372.7,201.3,27781.3,5135.3,28606.9
2025-01-19 19:00:00+00:00,157.33,2316.5,,8171.9,7095.6,62.0,164.2,27957.8,5569.7,30258.5
2025-01-19 20:00:00+00:00,151.47,1850.7,,7606.1,7097.6,58.6,161.0,26125.8,5794.2,31294.1
2025-01-19 21:00:00+00:00,150.86,1683.8,,7277.8,7096.6,58.6,161.0,25879.0,6042.1,31085.8
2025-01-19 22:00:00+00:00,138.43,1616.3,,6830.1,7095.6,50.4,155.9,25316.0,6071.7,29142.7
2025-01-19 23:00:00+00:00,123.12,1238.1,,6243.5,7095.6,50.4,145.8,24334.1,6071.2,26647.3
2025-01-20 00:00:00+00:00,122.3,2815.9,415.6,4447.6,7095.7,49.3,244.6,25229.8,7003.7,24209.6
2025-01-20 01:00:00+00:00,119.5,2425.1,414.2,4276.1,7093.7,49.3,244.6,24706.9,7045.2,22438.8
2025-01-20 02:00:00+00:00,116.57,1689.1,413.0,4234.3,7095.7,49.3,244.7,23860.3,6970.4,21698.5
2025-01-20 03:00:00+00:00,114.41,1596.2,413.0,3901.2,7095.7,49.3,244.7,23335.7,6901.2,21299.8
2025-01-20 04:00:00+00:00,115.45,1616.2,413.0,3895.4,7094.7,49.3,244.7,23362.3,6918.2,21322.8
2025-01-20 05:00:00+00:00,116.1,1773.8,413.0,4226.1,7095.7,51.3,244.5,23777.6,6807.2,22274.8
2025-01-20 06:00:00+00:00,137.33,3659.6,526.0,5359.9,7094.7,59.5,224.2,26573.7,6464.6,25302.2
2025-01-20 07:00:00+00:00,151.06,5629.6,753.0,6595.4,7094.7,240.3,224.2,29864.3,5883.2,30190.0
2025-01-20 08:00:00+00:00,154.06,6195.7,873.0,7272.2,7094.7,649.1,108.8,31710.3,5433.8,33635.8
2025-01-20 09:00:00+00:00,154.15,6249.8,890.0,7293.3,7095.7,2122.6,108.8,33554.9,5250.8,34353.0
2025-01-20 10:00:00+00:00,153.1,5965.1,823.4,6808.8,7094.7,4254.4,126.8,33732.8,4863.2,34048.2
2025-01-20 11:00:00+00:00,154.73,6616.5,890.0,6214.0,7094.7,5498.3,194.9,35610.4,4385.4,33464.6
2025-01-20 12:00:00+00:00,155.0,6691.7,890.0,5829.1,7095.7,5982.5,235.6,35503.8,4254.7,33049.9
2025-01-20 13:00:00+00:00,155.0,6674.8,890.0,5818.2,7094.7,5879.9,237.1,35301.8,4227.9,32934.8
2025-01-20 14:00:00+00:00,155.01,6660.8,890.0,5820.2,7095.7,5307.8,233.3,34808.5,4242.1,32591.3
2025-01-20 15:00:00+00:00,155.13,6771.9,890.0,5855.4,7094.7,4237.1,227.8,33972.4,4151.9,32297.8
2025-01-20 16:00:00+00:00,153.58,6144.8,823.4,6129.2,7095.7,2619.7,204.1,31627.5,4426.2,31886.1
2025-01-20 17:00:00+00:00,153.34,6798.7,823.4,7036.0,7094.7,1004.2,179.0,31536.6,4575.8,32650.0
2025-01-20 18:00:00+00:00,154.93,7453.7,890.0,7607.6,7094.7,275.4,135.7,33044.4,4930.9,34611.0
2025-01-20 19:00:00+00:00,159.15,7594.8,890.0,7912.2,7095.7,67.6,111.3,33820.5,5367.0,36043.7
2025-01-20 20:00:00+00:00,165.6,7602.1,890.0,7778.7,7096.7,50.4,108.8,34462.2,6000.1,36569.1
2025-01-20 21:00:00+00:00,170.0,7610.8,890.0,7186.7,7096.7,50.4,108.8,34275.5,6408.1,35563.2
2025-01-20 22:00:00+00:00,153.58,6492.9,813.0,6178.8,7095.7,50.4,118.8,31374.5,6813.8,31968.0
2025-01-20 23:00:00+00:00,139.0,4451.5,526.0,5384.2,7095.7,50.4,108.8,28046.7,7190.9,28433.4
2025-01-21 00:00:00+00:00,136.0,2429.5,473.6,4598.9,7095.7,61.5,191.7,25170.6,7046.7,26267.2
2025-01-21 01:00:00+00:00,130.65,1387.8,414.2,4095.4,7095.7,59.5,191.8,23859.5,7344.5,24572.5
2025-01-21 02:00:00+00:00,124.35,1388.8,413.0,3423.4,7096.7,59.5,191.9,23506.4,7670.7,23551.4
2025-01-21 03:00:00+00:00,117.05,1388.6,413.0,2966.0,7096.7,51.3,192.0,23271.4,7929.5,23205.0
2025-01-21 04:00:00+00:00,115.3,1180.4,413.0,2748.9,7095.7,51.3,192.1,23004.0,8082.4,23200.7
2025-01-21 05:00:00+00:00,123.83,1388.3,413.0,3378.2,7096.7,59.5,192.3,24092.4,8306.8,23612.4
2025-01-21 06:00:00+00:00,138.86,2391.1,526.0,4975.6,7095.7,59.5,91.7,26918.1,8457.8,26313.3
2025-01-21 07:00:00+00:00,147.08,3483.6,753.0,6098.0,7095.7,150.2,9.0,30131.0,8846.3,31340.2
2025-01-21 08:00:00+00:00,160.0,4175.6,873.0,7094.8,7095.7,325.4,9.0,33164.5,8873.9,34339.6
2025-01-21 09:00:00+00:00,155.1,4172.4,890.0,7004.9,7096.7,1723.7,9.0,33925.0,9175.3,35061.1
2025-01-21 10:00:00+00:00,147.78,4099.3,656.0,5961.4,7095.7,4180.8,117.1,34935.2,9139.0,34661.4
2025-01-21 11:00:00+00:00,146.69,3241.0,579.0,5244.9,7095.7,5913.9,167.8,34833.1,8955.8,33983.3
2025-01-21 12:00:00+00:00,144.57,3299.3,579.0,4483.7,7096.7,6718.1,222.3,35021.8,9037.1,33518.4
2025-01-21 13:00:00+00:00,140.34,3242.2,526.0,4091.2,7095.7,7090.7,249.5,35187.8,9301.5,33250.9
2025-01-21 14:00:00+00:00,135.25,2850.7,473.0,4085.5,7096.7,6862.8,252.6,34868.0,9670.2,32948.6
2025-01-21 15:00:00+00:00,135.53,3205.7,473.0,4377.2,7094.7,6017.7,250.3,34704.6,9740.0,32521.6
2025-01-21 16:00:00+00:00,145.1,3440.9,633.0,4623.8,7095.7,4384.2,241.3,33811.2,9778.2,32399.4
2025-01-21 17:00:00+00:00,147.29,4109.0,690.0,5922.5,7094.7,1870.2,194.4,33268.5,9733.7,32999.3
2025-01-21 18:00:00+00:00,150.19,4508.7,770.0,6901.2,7095.7,331.5,120.8,33767.6,10204.7,34726.2
2025-01-21 19:00:00+00:00,164.22,4513.3,890.0,7361.0,7095.7,113.4,90.0,35337.8,10361.3,35886.1
2025-01-21 20:00:00+00:00,159.5,4516.0,890.0,7329.0,7097.7,58.6,89.0,35650.5,10792.2,36458.7
2025-01-21 21:00:00+00:00,147.08,3747.5,656.0,6314.8,7096.7,52.4,89.0,32712.3,11087.1,35279.1
2025-01-21 22:00:00+00:00,137.0,3173.4,509.6,5375.7,7096.7,50.5,89.0,30976.9,11142.8,31999.2
2025-01-21 23:00:00+00:00,125.75,1503.9,413.0,4505.3,7096.7,50.4,89.0,28340.1,11251.8,28688.1
2025-01-22 00:00:00+00:00,123.53,1433.0,415.6,3459.9,7094.3,61.5,118.2,27145.3,11261.5,26010.5
2025-01-22 01:00:00+00:00,116.3,640.0,414.2,2715.8,7095.3,61.5,118.0,25736.6,11399.1,24350.7
2025-01-22 02:00:00+00:00,106.78,640.0,350.0,2686.3,7095.3,48.3,118.0,25527.0,11379.7,23733.1
2025-01-22 03:00:00+00:00,104.45,640.0,170.0,2684.7,7095.3,48.3,118.0,25416.5,11488.9,23272.5
2025-01-22 04:00:00+00:00,103.6,640.0,170.0,2685.4,7095.3,46.3,118.1,25472.7,11545.5,23252.8
2025-01-22 05:00:00+00:00,107.0,640.0,170.0,2885.8,7095.3,48.3,118.3,25788.4,11639.4,23754.5
2025-01-22 06:00:00+00:00,120.57,780.0,170.0,3516.1,7095.3,51.3,118.6,26911.0,11853.2,26228.0
2025-01-22 07:00:00+00:00,140.33,1846.5,283.0,5716.3,7096.3,202.6,79.0,30729.3,12021.1,30535.9
2025-01-22 08:00:00+00:00,153.0,2527.0,390.0,6186.2,7096.3,463.4,79.0,32365.1,11838.2,33220.2
2025-01-22 09:00:00+00:00,152.19,2124.7,336.0,6136.4,7096.3,2346.0,79.0,33884.4,12019.6,33716.8
2025-01-22 10:00:00+00:00,144.38,1875.5,336.0,5599.7,7094.3,5300.1,94.9,35839.7,11928.5,34094.4
2025-01-22 11:00:00+00:00,137.0,1458.4,244.2,5190.8,7096.3,7168.9,156.8,36601.5,11705.3,33497.1
2025-01-22 12:00:00+00:00,132.61,1086.0,170.0,4044.8,7093.3,8401.4,238.4,36606.9,11987.1,33075.8
2025-01-22 13:00:00+00:00,127.14,1079.8,170.0,3553.7,7094.3,8581.7,261.8,36643.2,12313.2,33016.8
2025-01-22 14:00:00+00:00,126.99,1073.6,170.0,3404.7,7092.3,8255.1,261.6,36290.0,12462.8,32612.6
2025-01-22 15:00:00+00:00,131.35,1080.6,170.0,4094.9,7093.3,7357.3,276.7,35882.1,12232.1,31919.4
2025-01-22 16:00:00+00:00,139.57,2006.2,283.0,4822.0,7091.3,5234.4,286.8,35163.8,11795.2,31696.5
2025-01-22 17:00:00+00:00,149.03,2990.0,390.0,5652.9,7091.3,2213.1,236.4,33466.1,11092.3,31667.4
2025-01-22 18:00:00+00:00,159.6,4145.0,390.0,7058.7,7091.3,406.8,137.8,34845.4,10829.2,33433.0
2025-01-22 19:00:00+00:00,167.72,4165.7,390.0,7380.0,7092.3,58.8,82.4,34467.9,10392.3,34376.2
2025-01-22 20:00:00+00:00,155.82,4178.3,390.0,6976.2,7093.3,50.4,79.1,33205.4,9988.2,35236.9
2025-01-22 21:00:00+00:00,155.1,4186.9,390.0,6752.1,7092.3,60.6,79.0,32254.7,9861.9,34052.6
2025-01-22 22:00:00+00:00,145.0,2987.3,336.0,5695.4,7094.3,58.6,79.0,29499.2,9670.2,30864.4
2025-01-22 23:00:00+00:00,139.87,1734.0,283.0,4713.6,7093.3,59.8,79.0,26557.7,9147.2,27464.2
2025-01-23 00:00:00+00:00,125.01,1953.5,415.6,4501.5,7093.6,53.3,129.1,26155.5,8767.8,25551.2
2025-01-23 01:00:00+00:00,120.53,1330.4,414.2,4178.6,7092.6,51.3,129.1,24777.1,8402.8,23977.9
2025-01-23 02:00:00+00:00,118.7,1090.0,413.0,3727.3,7094.6,51.3,129.2,23671.2,8001.2,22925.3
2025-01-23 03:00:00+00:00,113.1,1090.0,413.0,3662.3,7093.6,51.3,129.1,23298.7,7688.3,22618.0
2025-01-23 04:00:00+00:00,112.97,1050.0,413.0,3662.5,7094.6,51.3,129.0,23084.7,7520.1,22618.6
2025-01-23 05:00:00+00:00,118.08,1090.0,413.0,3941.4,7093.6,51.3,128.9,23317.8,7424.9,23167.4
2025-01-23 06:00:00+00:00,130.01,1790.9,413.0,4636.6,7093.6,59.5,128.8,24684.0,7351.3,25912.8
2025-01-23 07:00:00+00:00,142.28,2418.8,699.0,7153.0,7094.6,118.1,108.8,28444.3,7289.0,30636.7
2025-01-23 08:00:00+00:00,160.34,3838.8,873.0,7342.8,7094.6,528.2,108.8,30440.0,6710.3,33310.3
2025-01-23 09:00:00+00:00,157.26,2949.3,890.0,7348.2,7094.6,2916.4,108.9,31270.5,6319.2,33775.8
2025-01-23 10:00:00+00:00,147.32,2639.6,656.0,6727.9,7093.6,6657.9,141.1,33126.2,5535.2,33861.6
2025-01-23 11:00:00+00:00,142.28,2266.8,579.0,5146.6,7093.6,9090.8,261.4,33199.4,5232.3,33065.7
2025-01-23 12:00:00+00:00,135.72,1784.5,473.0,4495.5,7092.6,10232.9,315.5,33427.8,5491.2,32595.9
2025-01-23 13:00:00+00:00,125.1,1780.1,413.0,4121.0,7093.6,10961.6,322.4,33641.2,5554.6,32609.3
2025-01-23 14:00:00+00:00,121.2,1586.0,413.0,3859.7,7090.6,11469.5,323.5,33289.8,5228.1,32262.9
2025-01-23 15:00:00+00:00,123.54,1728.3,413.0,4249.1,7092.6,11258.2,341.9,33030.7,4666.7,31777.0
2025-01-23 16:00:00+00:00,135.72,1808.2,490.0,6277.9,7090.6,8701.0,373.5,32358.1,4183.7,31480.4
2025-01-23 17:00:00+00:00,152.4,3179.4,770.0,7349.4,7091.6,3831.2,337.8,29962.1,3862.9,31755.1
2025-01-23 18:00:00+00:00,165.0,4593.9,890.0,7919.3,7090.6,604.9,188.8,29767.6,4030.3,33386.4
2025-01-23 19:00:00+00:00,196.51,4606.7,890.0,8241.9,7091.6,117.1,135.2,30642.3,4707.1,34247.0
2025-01-23 20:00:00+00:00,187.92,4612.5,890.0,8214.3,7091.6,58.6,131.6,31380.4,5500.7,34888.9
2025-01-23 21:00:00+00:00,162.27,4613.8,890.0,7920.3,7091.6,60.6,131.5,31615.5,6414.3,34306.5
2025-01-23 22:00:00+00:00,150.1,3418.7,702.7,7493.6,7093.6,58.6,131.4,29569.1,7101.5,30731.4
2025-01-23 23:00:00+00:00,129.9,2231.4,413.0,6405.5,7092.6,50.4,131.3,27357.9,7738.5,27481.7
2025-01-24 00:00:00+00:00,94.0,500.0,415.6,5807.3,7092.9,48.3,214.1,26569.8,9216.3,27079.5
2025-01-24 01:00:00+00:00,88.74,,414.2,3881.2,7092.9,50.3,215.0,24774.1,9852.5,25250.6
2025-01-24 02:00:00+00:00,82.03,,350.0,3090.2,7092.9,46.3,215.9,24282.8,10229.9,24582.7
2025-01-24 03:00:00+00:00,77.65,,,2797.9,7092.9,46.3,216.8,23802.3,10387.7,24116.2
2025-01-24 04:00:00+00:00,77.39,,,2804.0,7093.9,46.3,217.0,23783.5,10359.1,24092.4
2025-01-24 05:00:00+00:00,78.2,,,2796.1,7092.9,46.3,216.9,23753.6,10328.9,24772.3
2025-01-24 06:00:00+00:00,88.74,,,3929.5,7092.9,48.3,217.3,24956.5,10354.5,27038.2
2025-01-24 07:00:00+00:00,105.0,,,6414.3,7093.9,162.2,108.8,27615.9,10498.3,31121.4
2025-01-24 08:00:00+00:00,122.0,,,6936.8,7093.9,491.0,108.8,28768.7,10442.6,33120.5
2025-01-24 09:00:00+00:00,114.78,,,6705.4,7092.9,3057.7,108.8,31048.9,10590.3,33904.1
2025-01-24 10:00:00+00:00,94.17,,,6090.3,7092.9,6603.8,147.3,33920.5,10627.3,34331.4
2025-01-24 11:00:00+00:00,81.93,,,4949.2,7093.9,9055.8,333.6,35328.0,10524.3,34025.0
2025-01-24 12:00:00+00:00,79.68,,,3647.4,7091.9,10384.6,401.5,35765.3,10839.8,33545.8
2025-01-24 13:00:00+00:00,77.26,,,3346.4,7091.9,10735.5,407.7,36148.3,11160.7,33514.1
2025-01-24 14:00:00+00:00,75.07,,,2910.9,7090.9,10561.7,423.7,35793.9,11397.4,32984.4
2025-01-24 15:00:00+00:00,77.26,,,2915.9,7092.9,9945.2,455.0,35396.9,11576.9,32272.2
2025-01-24 16:00:00+00:00,77.13,,,2971.6,7090.9,7771.2,489.5,33346.0,11616.5,31845.9
2025-01-24 17:00:00+00:00,92.7,,,4903.9,7090.9,3349.8,342.4,30736.8,11650.0,31825.3
2025-01-24 18:00:00+00:00,102.0,,,6688.1,7090.9,396.1,214.5,29918.3,12149.7,33173.8
2025-01-24 19:00:00+00:00,111.9,,,7080.0,7091.9,53.0,168.1,30509.1,12596.9,33832.6
2025-01-24 20:00:00+00:00,112.45,,,7074.9,7092.9,52.4,165.4,30808.5,12836.9,34153.9
2025-01-24 21:00:00+00:00,103.35,,,6708.3,7090.9,48.4,165.3,30467.1,13014.0,33400.6
2025-01-24 22:00:00+00:00,97.78,,,4425.4,7092.9,48.4,146.3,28148.7,12997.6,30732.3
2025-01-24 23:00:00+00:00,90.7,,,3521.2,7092.9,48.4,135.3,27124.4,12948.0,28031.9
2025-01-25 00:00:00+00:00,57.03,60.0,243.6,3658.1,8158.6,55.7,323.7,28574.0,13067.5,26498.2
2025-01-25 01:00:00+00:00,35.0,,243.2,3223.2,8159.6,48.3,323.7,27947.9,13015.1,24851.9
2025-01-25 02:00:00+00:00,25.2,,180.0,2706.9,8159.6,46.3,323.7,27423.3,13101.5,23458.3
2025-01-25 03:00:00+00:00,19.71,,,2706.5,8160.6,46.3,323.7,27215.0,13094.8,22628.2
2025-01-25 04:00:00+00:00,16.8,,,2687.9,8158.6,46.3,323.7,27252.6,13166.5,22327.2
2025-01-25 05:00:00+00:00,17.72,,,2688.4,8159.6,48.3,323.7,27571.5,13490.3,22346.8
2025-01-25 06:00:00+00:00,25.0,,,3054.5,8160.6,50.3,323.7,28149.2,13675.8,22846.3
2025-01-25 07:00:00+00:00,49.29,,,3355.3,8160.6,183.9,253.9,28510.7,13556.6,24092.6
2025-01-25 08:00:00+00:00,37.7,,,4550.0,8159.6,445.1,223.3,30333.9,13241.3,26084.3
2025-01-25 09:00:00+00:00,33.01,,,5308.8,8160.6,1906.8,223.3,32596.3,13266.5,28102.2
2025-01-25 10:00:00+00:00,24.08,,,5004.8,7545.6,4419.9,249.3,34466.5,13517.1,29376.1
2025-01-25 11:00:00+00:00,45.08,,,3840.0,8159.6,6422.8,327.0,35603.1,13880.2,29142.5
2025-01-25 12:00:00+00:00,35.0,,,3358.5,8158.6,7917.3,384.4,36922.5,14219.1,28747.1
2025-01-25 13:00:00+00:00,19.71,,,3202.1,8158.6,8606.3,407.8,37870.1,14663.5,28814.3
2025-01-25 14:00:00+00:00,10.94,,,2981.3,7832.0,9030.5,422.2,37958.6,14904.6,28590.5
2025-01-25 15:00:00+00:00,3.6,,,2994.0,8156.6,8977.8,424.8,37636.9,14331.8,27674.8
2025-01-25 16:00:00+00:00,20.2,,,3095.7,8156.6,7365.7,400.1,36698.3,14840.5,27198.5
2025-01-25 17:00:00+00:00,30.0,,,4421.4,8156.6,3537.7,351.6,34388.9,14213.9,27450.9
2025-01-25 18:00:00+00:00,76.8,,,6069.2,8157.6,631.2,236.2,33246.8,14047.8,28569.1
2025-01-25 19:00:00+00:00,91.0,,,6253.3,8157.6,48.6,243.7,32936.6,13895.0,29596.6
2025-01-25 20:00:00+00:00,96.37,,,6311.6,8157.6,48.4,240.3,32808.2,13619.0,29965.6
2025-01-25 21:00:00+00:00,87.38,,,6166.4,8159.6,50.4,239.6,32214.6,13277.4,29880.9
2025-01-25 22:00:00+00:00,86.5,,,5878.9,8158.6,57.7,237.9,31191.8,12753.2,27910.6
2025-01-25 23:00:00+00:00,77.35,,,5071.8,8158.6,57.7,236.4,29637.5,12107.8,25825.1
2025-01-26 00:00:00+00:00,41.18,,243.6,4180.4,7095.2,48.4,296.6,28731.3,13176.6,24352.1
2025-01-26 01:00:00+00:00,35.2,,243.2,4142.7,7096.2,54.5,296.6,27610.1,12432.4,22594.2
2025-01-26 02:00:00+00:00,29.7,,180.0,3949.5,7095.2,46.3,297.0,25756.6,11802.9,21246.2
2025-01-26 03:00:00+00:00,29.03,,,3685.8,7097.2,46.3,300.7,24984.2,11455.9,20431.1
2025-01-26 04:00:00+00:00,26.21,,,3607.9,7096.2,48.3,304.9,25235.4,11763.8,20097.0
2025-01-26 05:00:00+00:00,25.95,,,3256.5,7074.2,48.3,307.4,25583.0,12465.2,20133.4
2025-01-26 06:00:00+00:00,26.21,,,3042.0,6925.2,48.3,309.0,25767.3,12982.8,20669.5
2025-01-26 07:00:00+00:00,29.03,,,3031.2,6754.2,95.8,273.8,25858.6,13237.0,21760.6
2025-01-26 08:00:00+00:00,29.54,,,3034.0,6639.5,564.3,173.4,26387.1,13506.7,22922.7
2025-01-26 09:00:00+00:00,26.21,,,3049.4,6639.5,2308.7,184.2,28685.7,14011.0,24777.4
2025-01-26 10:00:00+00:00,25.95,,,2787.9,6638.5,4686.0,212.8,31256.7,14415.9,26339.5
2025-01-26 11:00:00+00:00,24.99,,,2679.7,6639.5,5996.7,271.7,33283.2,15178.2,26658.2
2025-01-26 12:00:00+00:00,9.89,,,2675.4,6637.5,6679.2,334.8,34428.5,15628.0,26761.1
2025-01-26 13:00:00+00:00,7.19,,,2671.4,6637.5,6775.9,352.7,34871.2,15960.4,27091.0
2025-01-26 14:00:00+00:00,6.99,,,2672.4,6636.5,6422.7,337.8,34651.7,16123.5,27121.9
2025-01-26 15:00:00+00:00,6.93,,,2708.0,6642.5,5564.8,337.8,33869.5,16145.8,26254.7
2025-01-26 16:00:00+00:00,13.45,,,2776.7,6678.2,3698.3,323.5,32571.5,16579.0,25544.8
2025-01-26 17:00:00+00:00,25.2,,,3412.2,6690.2,1594.6,279.7,31249.6,16736.4,26097.6
2025-01-26 18:00:00+00:00,39.4,,,4175.4,6699.2,429.9,214.7,32323.1,17053.3,28408.7
2025-01-26 19:00:00+00:00,44.38,,,4596.0,6711.2,50.6,286.1,32910.1,17350.1,30229.1
2025-01-26 20:00:00+00:00,39.06,,,4620.5,6721.2,50.4,284.0,33104.8,17619.0,31361.3
2025-01-26 21:00:00+00:00,33.78,,,4567.5,6731.2,50.4,284.1,32633.7,18025.2,31047.7
2025-01-26 22:00:00+00:00,32.35,,,4229.9,6742.2,50.4,284.1,32245.3,18402.6,28927.4
2025-01-26 23:00:00+00:00,26.32,,,3546.5,6753.2,50.4,284.1,31977.0,18810.7,26205.3
2025-01-27 00:00:00+00:00,12.0,,243.6,2576.8,6763.6,48.3,310.4,31186.4,18868.6,24711.0
2025-01-27 01:00:00+00:00,3.52,,243.2,2466.7,6746.9,46.3,314.0,29572.1,17401.8,23155.2
2025-01-27 02:00:00+00:00,3.52,,180.0,2462.9,6756.9,48.3,315.1,28097.5,15981.3,22120.5
2025-01-27 03:00:00+00:00,3.52,,,2454.5,6767.9,46.3,315.8,27129.8,15188.9,21736.8
2025-01-27 04:00:00+00:00,0.65,,,2448.6,6777.9,48.3,317.1,25754.6,13810.4,21844.3
2025-01-27 05:00:00+00:00,3.52,,,2472.8,6787.9,48.3,317.6,27804.3,15821.8,22932.4
2025-01-27 06:00:00+00:00,6.99,,,2575.6,6825.6,48.3,317.4,31231.4,19076.1,26392.8
2025-01-27 07:00:00+00:00,31.84,,,3481.9,6837.6,95.8,224.0,32512.1,19408.8,31051.8
2025-01-27 08:00:00+00:00,48.01,,,4076.1,6847.6,443.7,123.6,34527.4,19391.4,33937.2
2025-01-27 09:00:00+00:00,43.06,,,3945.6,6857.6,2008.8,123.6,35926.4,19491.4,34555.2
2025-01-27 10:00:00+00:00,35.72,,,3585.1,6867.6,4917.5,145.8,37679.0,19600.3,34737.7
2025-01-27 11:00:00+00:00,26.23,,,3179.6,6876.6,7172.4,275.4,39878.7,19798.9,34322.7
2025-01-27 12:00:00+00:00,14.53,,,2794.7,6886.6,8400.0,346.9,40975.5,20039.7,34326.5
2025-01-27 13:00:00+00:00,4.31,,,2755.1,6896.6,9079.5,361.7,40939.7,19362.4,34261.6
2025-01-27 14:00:00+00:00,3.6,,,2752.5,6904.6,9273.3,369.5,41043.3,19273.0,33976.7
2025-01-27 15:00:00+00:00,5.0,,,2792.2,6916.6,9072.2,378.8,41494.3,19830.8,33498.9
2025-01-27 16:00:00+00:00,14.0,,,2816.2,6924.6,7372.4,378.9,40980.1,20941.3,33194.0
2025-01-27 17:00:00+00:00,32.0,,,3714.3,6937.6,3559.3,318.0,38330.0,21216.9,33274.9
2025-01-27 18:00:00+00:00,40.78,,,4654.3,6946.6,707.5,231.3,37430.8,21850.2,34866.0
2025-01-27 19:00:00+00:00,53.37,,,4825.9,6957.6,50.6,245.2,37967.4,21962.2,35760.6
2025-01-27 20:00:00+00:00,40.9,,,4678.2,6967.6,48.4,242.3,37223.7,22037.6,36658.0
2025-01-27 21:00:00+00:00,37.68,,,4239.4,6978.6,48.4,242.3,36283.1,22123.7,35350.3
2025-01-27 22:00:00+00:00,32.0,,,3784.7,6989.6,48.4,242.3,35618.5,21986.4,31906.2
2025-01-27 23:00:00+00:00,26.23,,,3244.3,6998.6,50.4,242.3,34908.0,21829.9,28502.0
2025-01-28 00:00:00+00:00,3.52,60.0,243.6,3679.3,6737.5,48.4,323.7,31650.5,18053.0,26902.3
2025-01-28 01:00:00+00:00,2.0,,243.2,3642.8,6727.0,46.3,323.7,29293.4,15814.9,25074.8
2025-01-28 02:00:00+00:00,0.65,,180.0,3623.0,6737.0,48.3,323.7,28408.2,15009.2,23776.1
2025-01-28 03:00:00+00:00,0.66,,,3574.7,6747.0,46.3,323.7,28259.2,15083.1,23252.7
2025-01-28 04:00:00+00:00,0.65,,,3579.6,6758.0,48.3,323.7,27774.1,14583.7,23218.0
2025-01-28 05:00:00+00:00,0.65,,,3650.7,6767.0,48.3,323.7,27813.9,14542.7,24172.1
2025-01-28 06:00:00+00:00,3.52,,,4506.2,6778.0,46.3,323.7,30336.8,16180.6,27162.2
2025-01-28 07:00:00+00:00,14.0,,,4840.3,6789.0,208.5,244.8,35196.4,20522.2,31858.0
2025-01-28 08:00:00+00:00,30.54,,,5093.1,6799.0,672.8,244.8,36197.7,20439.2,34302.7
2025-01-28 09:00:00+00:00,23.54,,,4780.0,6810.0,3422.9,244.8,38452.1,20539.2,34755.1
2025-01-28 10:00:00+00:00,3.52,,,4084.5,6819.0,8102.4,284.3,40138.4,18286.0,34874.4
2025-01-28 11:00:00+00:00,2.0,,,3455.1,6830.0,11195.4,245.1,39719.7,15453.1,34456.2
2025-01-28 12:00:00+00:00,0.65,,,3381.3,6839.0,12419.9,307.1,40584.5,15078.1,34198.2
2025-01-28 13:00:00+00:00,0.65,,,3393.2,6849.0,12754.4,368.3,41004.5,15035.8,34170.0
2025-01-28 14:00:00+00:00,0.65,,,3341.7,6858.0,12533.7,460.0,40890.8,15095.7,33743.6
2025-01-28 15:00:00+00:00,0.65,,,3373.1,6871.0,12257.5,572.1,40691.9,15026.5,33121.6
2025-01-28 16:00:00+00:00,3.52,,,3443.4,6901.5,10140.1,618.7,39471.4,15784.5,33092.9
2025-01-28 17:00:00+00:00,14.0,,,4093.7,6911.5,5069.7,577.3,39226.1,19965.4,33571.3
2025-01-28 18:00:00+00:00,51.32,,,5547.2,6922.5,1040.7,292.7,37255.1,19692.4,34828.7
2025-01-28 19:00:00+00:00,69.5,,,5761.7,6932.5,108.9,105.1,36003.7,19197.3,35840.5
2025-01-28 20:00:00+00:00,60.0,,,5798.3,6943.5,46.4,100.4,35724.4,18788.8,36720.8
2025-01-28 21:00:00+00:00,48.03,,,5716.8,6953.5,54.6,93.6,35310.6,18481.1,35484.6
2025-01-28 22:00:00+00:00,34.22,,,5588.1,6963.5,46.4,81.4,34590.2,18088.4,32129.5
2025-01-28 23:00:00+00:00,26.28,,,4974.7,6973.5,48.4,81.4,32560.4,17802.2,28773.7
2025-01-29 00:00:00+00:00,17.47,60.0,243.6,4256.9,6860.6,58.6,301.6,32501.0,17962.0,27296.1
2025-01-29 01:00:00+00:00,7.4,,243.2,4210.9,6849.1,54.5,303.0,31381.2,16993.6,25517.6
2025-01-29 02:00:00+00:00,3.52,,180.0,4111.8,6860.1,50.3,304.6,29520.6,15299.3,24314.6
2025-01-29 03:00:00+00:00,3.52,,,4108.1,6871.1,48.3,306.6,27888.2,13853.4,23686.7
2025-01-29 04:00:00+00:00,3.52,,,4109.1,6880.1,50.3,308.5,27091.9,13049.5,23786.5
2025-01-29 05:00:00+00:00,3.52,,,4189.2,6890.1,50.3,309.9,27832.5,13678.3,24656.1
2025-01-29 06:00:00+00:00,38.16,,,4827.1,6900.1,48.3,235.6,29164.1,14279.4,27476.5
2025-01-29 07:00:00+00:00,76.46,,,5487.6,6912.1,210.1,156.6,30643.0,13962.0,31749.2
2025-01-29 08:00:00+00:00,103.61,,,6158.5,6921.1,660.9,128.7,31980.7,14038.0,33888.6
2025-01-29 09:00:00+00:00,69.2,,,5949.6,6932.1,2405.7,128.9,34232.8,14715.0,35169.4
2025-01-29 10:00:00+00:00,45.0,,,5463.1,6941.1,4660.4,192.0,36611.5,15368.9,35178.5
2025-01-29 11:00:00+00:00,46.02,,,4477.8,6952.1,5741.4,277.0,37263.6,16238.9,34494.4
2025-01-29 12:00:00+00:00,29.9,,,4368.4,6960.1,6215.7,334.5,38253.5,17281.2,34487.3
2025-01-29 13:00:00+00:00,10.21,,,4309.2,6971.1,6029.1,368.4,38784.8,18060.4,34515.7
2025-01-29 14:00:00+00:00,9.23,,,4300.1,6980.1,5743.3,376.3,38605.5,18175.0,34396.4
2025-01-29 15:00:00+00:00,12.18,,,4293.7,6991.1,5325.0,374.3,37959.3,17951.6,33559.2
2025-01-29 16:00:00+00:00,36.66,,,4695.4,7021.6,4443.1,362.7,36876.1,17272.9,33033.9
2025-01-29 17:00:00+00:00,50.1,,,5264.5,7033.6,2445.8,345.8,35749.1,16643.4,33274.9
2025-01-29 18:00:00+00:00,83.06,,,6322.7,7042.6,652.4,221.2,34688.2,16060.4,34679.6
2025-01-29 19:00:00+00:00,123.99,,,7592.7,7053.6,262.2,207.0,35180.0,15493.3,35281.7
2025-01-29 20:00:00+00:00,133.85,366.4,,8571.0,7063.6,58.6,301.3,35885.0,14963.3,36006.3
2025-01-29 21:00:00+00:00,118.57,,,7584.9,7073.6,58.6,301.3,34055.2,14534.9,34763.2
2025-01-29 22:00:00+00:00,94.67,,,6384.2,7083.6,54.6,301.3,32065.2,13888.8,31787.8
2025-01-29 23:00:00+00:00,51.08,,,5645.1,7088.6,54.6,301.3,30832.1,13555.9,28675.9
2025-01-30 00:00:00+00:00,60.08,120.0,243.6,4604.7,7100.6,48.3,296.5,29645.4,14636.1,26938.3
2025-01-30 01:00:00+00:00,45.7,,243.2,4240.2,7100.6,46.3,296.6,29204.5,14703.0,25383.5
2025-01-30 02:00:00+00:00,38.34,,180.0,4084.2,7100.6,48.3,297.3,29075.1,14812.3,24474.9
2025-01-30 03:00:00+00:00,14.0,,,4098.4,7100.6,48.3,298.4,29130.3,15072.1,24213.0
2025-01-30 04:00:00+00:00,7.44,,,4085.1,7100.6,48.3,299.4,29269.7,15239.4,24291.5
2025-01-30 05:00:00+00:00,7.4,,,4174.2,7100.6,48.3,300.5,29933.1,15797.3,25043.7
2025-01-30 06:00:00+00:00,38.34,,,4822.9,7100.6,46.3,301.6,31644.1,16776.9,27897.8
2025-01-30 07:00:00+00:00,60.3,,,5700.5,7100.6,213.9,163.1,33293.3,17274.4,32481.8
2025-01-30 08:00:00+00:00,90.35,,,5839.6,7100.6,819.2,141.6,34502.2,17518.1,34362.3
2025-01-30 09:00:00+00:00,50.24,,,5689.7,7100.6,5027.8,164.8,38815.6,17936.0,35499.9
2025-01-30 10:00:00+00:00,5.0,,,4655.4,7074.9,10684.8,237.2,42514.4,17213.7,35715.7
2025-01-30 11:00:00+00:00,2.4,,,4138.5,7074.9,13209.9,474.9,40801.0,13248.7,34857.1
2025-01-30 12:00:00+00:00,0.1,,,4024.9,7074.9,12982.7,762.2,40550.2,13039.9,34547.6
2025-01-30 13:00:00+00:00,0.01,,,4014.3,7074.9,12830.3,949.2,40854.6,13309.3,34466.9
2025-01-30 14:00:00+00:00,0.0,,,4015.4,7074.9,12470.8,1076.6,40469.4,13216.4,33961.4
2025-01-30 15:00:00+00:00,0.13,,,4050.8,7074.9,11946.0,1135.5,40299.0,13416.3,33689.5
2025-01-30 16:00:00+00:00,3.52,,,4404.8,7074.9,10181.5,1174.7,40566.6,15053.0,33710.4
2025-01-30 17:00:00+00:00,25.17,,,5121.2,7100.6,5227.9,1023.9,39674.6,18450.5,33624.2
2025-01-30 18:00:00+00:00,80.3,,,6939.0,7100.6,1024.2,479.5,37084.4,18300.5,34280.4
2025-01-30 19:00:00+00:00,91.66,,,8381.8,7100.6,61.0,192.7,37631.2,18011.5,35322.4
2025-01-30 20:00:00+00:00,114.0,,,8659.7,7100.6,50.4,168.7,37529.8,17633.9,35700.5
2025-01-30 21:00:00+00:00,108.04,,,8399.7,7100.6,46.4,148.1,36648.1,17046.1,34656.6
2025-01-30 22:00:00+00:00,96.02,,,6474.0,7100.6,46.4,127.0,34002.7,16444.2,31586.2
2025-01-30 23:00:00+00:00,79.0,,,5770.0,7100.6,54.6,106.6,31696.5,15577.4,28484.2
2025-01-31 00:00:00+00:00,61.0,180.0,243.6,7901.7,7091.0,46.4,299.4,33163.2,14678.2,27041.0
2025-03-01 00:00:00+00:00,105.36,529.0,185.8,6036.8,7101.2,54.5,335.1,28091.8,10489.8,25448.5
2025-03-01 01:00:00+00:00,85.2,,185.4,5626.3,7101.2,54.5,335.1,26935.0,10367.8,24149.4
2025-03-01 02:00:00+00:00,82.49,,120.0,5304.7,7101.2,54.5,335.3,26274.3,10327.6,22827.1
2025-03-01 03:00:00+00:00,79.17,,,4857.0,7101.2,54.5,335.6,25846.8,10505.4,22132.4
2025-03-01 04:00:00+00:00,74.21,,,4627.1,7101.2,54.6,335.9,25775.4,10677.2,21911.5
2025-03-01 05:00:00+00:00,70.75,,,4604.9,7101.2,54.5,336.5,26046.3,11000.0,21999.5
2025-03-01 06:00:00+00:00,78.52,,,4106.7,7101.2,76.9,337.3,25944.4,11374.2,22451.2
2025-03-01 07:00:00+00:00,83.5,,,3528.3,7101.2,230.4,69.0,25936.3,11670.7,23840.6
2025-03-01 08:00:00+00:00,82.92,,,3563.6,7101.2,1374.9,69.2,27688.0,12172.6,25131.0
2025-03-01 09:00:00+00:00,72.0,,,3376.2,7101.2,4556.9,70.1,30973.1,12519.9,27450.9
2025-03-01 10:00:00+00:00,54.63,,,2864.6,7101.2,7678.7,147.8,33515.7,12792.1,28972.4
2025-03-01 11:00:00+00:00,45.0,,,2715.5,7101.2,9152.3,211.9,34929.8,12884.3,28775.1
2025-03-01 12:00:00+00:00,40.1,,,2670.7,7101.2,9858.9,225.9,35928.1,13219.3,28570.6
2025-03-01 13:00:00+00:00,39.68,,,2671.1,7101.2,10075.7,245.9,36531.4,13594.9,28716.8
2025-03-01 14:00:00+00:00,35.3,,,2724.3,7101.2,9533.5,278.6,36392.7,13918.2,28282.4
2025-03-01 15:00:00+00:00,31.73,,,2720.1,7101.2,8766.4,317.3,36157.0,14425.8,27133.7
2025-03-01 16:00:00+00:00,34.75,,,2755.2,7101.2,7355.6,319.2,35204.5,14854.6,26560.9
2025-03-01 17:00:00+00:00,39.68,,,3202.9,7101.2,5073.1,265.7,34100.5,15560.8,26466.1
2025-03-01 18:00:00+00:00,66.52,,,3946.4,7101.2,1883.2,168.3,32787.2,16088.6,27297.7
2025-03-01 19:00:00+00:00,70.8,,,5770.7,7101.2,282.7,103.0,34001.6,16676.4,29082.0
2025-03-01 20:00:00+00:00,80.36,,,5843.3,7101.2,46.5,170.9,34466.9,17016.4,29938.0
2025-03-01 21:00:00+00:00,78.54,,,5767.6,7101.2,46.5,156.8,34257.2,16922.5,29561.8
2025-03-01 22:00:00+00:00,82.49,,,4157.1,7101.2,46.5,141.7,31840.1,16436.7,27464.6
2025-03-01 23:00:00+00:00,66.28,,,3863.7,7101.2,46.5,141.7,30319.8,15763.1,25685.4
2025-03-02 00:00:00+00:00,62.0,3.0,185.8,3279.1,7089.2,46.4,294.0,29432.3,15692.6,24907.4
2025-03-02 01:00:00+00:00,51.58,,185.4,3189.2,7089.2,46.3,293.4,28741.3,15132.9,23277.8
2025-03-02 02:00:00+00:00,50.03,,120.0,2856.1,7089.2,46.3,292.6,27653.6,14449.7,21971.6
2025-03-02 03:00:00+00:00,49.2,,,2822.5,7089.2,46.3,291.7,26850.0,13807.7,21233.3
2025-03-02 04:00:00+00:00,50.68,,,2787.4,7089.2,46.3,291.0,26046.7,13086.4,20830.1
2025-03-02 05:00:00+00:00,51.58,,,2735.1,7089.2,47.3,290.6,25361.3,12457.7,20898.9
2025-03-02 06:00:00+00:00,51.97,,,2925.3,7089.2,90.9,240.7,24959.2,11837.9,21482.9
2025-03-02 07:00:00+00:00,51.9,,,3926.3,7089.2,257.9,124.7,25516.0,11297.4,22231.5
2025-03-02 08:00:00+00:00,51.9,,,4166.0,7089.2,1218.6,124.6,26290.7,10921.4,22942.0
2025-03-02 09:00:00+00:00,52.5,,,3824.7,7089.2,3619.9,124.5,28002.0,10587.3,24980.9
2025-03-02 10:00:00+00:00,60.5,,,3090.2,7089.2,5952.8,170.3,29419.0,10332.1,26254.2
2025-03-02 11:00:00+00:00,49.0,,,2685.4,7088.2,6937.7,256.5,29682.4,10096.3,26601.5
2025-03-02 12:00:00+00:00,27.5,,,2594.6,7088.2,7566.1,258.8,30054.0,9974.5,26714.9
2025-03-02 13:00:00+00:00,40.0,,,2613.6,7088.2,7642.3,260.1,29993.6,9776.5,27286.7
2025-03-02 14:00:00+00:00,42.19,,,2623.6,7086.5,7396.4,275.0,29683.6,9687.4,27315.1
2025-03-02 15:00:00+00:00,51.9,,,2655.5,7086.5,7033.5,279.3,29260.6,9586.8,25959.8
2025-03-02 16:00:00+00:00,76.04,,,2641.8,7086.5,6189.3,282.7,29016.2,9573.8,24820.6
2025-03-02 17:00:00+00:00,82.49,,,3422.2,7086.5,3894.6,253.2,28185.5,9658.0,24721.3
2025-03-02 18:00:00+00:00,89.5,,,5988.3,7086.5,1310.5,307.2,29152.9,10324.9,25641.1
2025-03-02 19:00:00+00:00,113.95,,,7064.7,7088.2,206.1,253.1,30002.4,11119.2,27886.9
2025-03-02 20:00:00+00:00,124.87,375.0,,7229.8,7088.2,46.5,219.2,30842.5,11577.3,29355.1
2025-03-02 21:00:00+00:00,121.69,,,7099.9,7088.2,54.7,204.1,30497.5,11760.8,29106.1
2025-03-02 22:00:00+00:00,91.5,,,6736.0,7088.2,46.5,204.0,29976.2,11759.0,27591.0
2025-03-02 23:00:00+00:00,79.0,,,5959.5,7088.2,54.7,203.9,28982.0,11598.8,25355.1
2025-03-03 00:00:00+00:00,78.8,623.0,185.8,4148.0,7089.2,46.4,260.7,27801.2,12532.5,24083.9
2025-03-03 01:00:00+00:00,73.0,170.0,185.4,3189.2,7089.2,46.3,261.0,26165.2,12321.5,22771.5
2025-03-03 02:00:00+00:00,68.5,,120.0,3078.4,7089.2,46.3,261.6,25636.0,12123.1,21906.4
2025-03-03 03:00:00+00:00,69.0,,,3093.9,7089.2,46.3,262.0,25088.8,11681.5,21470.5
2025-03-03 04:00:00+00:00,68.57,,,3169.0,7089.2,46.3,262.3,24922.0,11431.1,21402.0
2025-03-03 05:00:00+00:00,78.61,,,3503.7,7089.2,47.3,262.4,25139.8,11241.3,22207.1
2025-03-03 06:00:00+00:00,93.0,,,4764.0,7089.2,46.3,262.2,27220.4,10978.8,25005.9
2025-03-03 07:00:00+00:00,104.58,,,7068.2,7089.2,184.3,137.9,29628.0,10815.2,29319.7
2025-03-03 08:00:00+00:00,115.0,,,8063.1,7089.2,1174.2,136.9,31218.4,10390.7,31212.8
2025-03-03 09:00:00+00:00,104.58,,,7744.8,7089.2,3670.9,135.2,33396.8,10352.0,31629.0
2025-03-03 10:00:00+00:00,105.63,,,6285.9,7089.2,6110.3,185.6,33943.7,9888.7,31637.3
2025-03-03 11:00:00+00:00,103.96,,,4841.7,7088.2,7687.9,252.1,33673.7,9485.2,31378.4
2025-03-03 12:00:00+00:00,90.48,,,4150.0,7088.2,8459.3,277.3,32974.6,9488.8,31235.9
2025-03-03 13:00:00+00:00,90.24,,,4019.6,7088.2,8834.8,280.8,33198.3,9665.8,31137.6
2025-03-03 14:00:00+00:00,66.91,,,3668.4,7086.5,8728.3,282.0,32370.9,9573.6,31567.9
2025-03-03 15:00:00+00:00,86.44,,,3968.8,7086.5,8556.5,342.0,32547.7,9515.4,30324.0
2025-03-03 16:00:00+00:00,98.5,,,5415.4,7086.5,7512.6,468.2,34181.2,9546.4,29666.9
2025-03-03 17:00:00+00:00,100.13,,,6743.7,7086.5,5165.7,441.7,33665.4,9942.5,29670.4
2025-03-03 18:00:00+00:00,111.5,,,8159.3,7086.5,1879.7,411.4,32511.1,10661.6,30328.2
2025-03-03 19:00:00+00:00,135.0,378.0,,8787.0,7088.2,467.7,353.2,33526.4,11545.5,31808.5
2025-03-03 20:00:00+00:00,149.0,760.8,,8935.1,7088.2,54.6,342.1,34453.5,12316.4,32940.8
2025-03-03 21:00:00+00:00,122.91,,,8482.3,7088.2,46.4,213.4,33306.1,12595.1,32177.8
2025-03-03 22:00:00+00:00,115.0,,,7260.2,7088.2,46.4,135.8,31609.4,12578.6,29261.1
2025-03-03 23:00:00+00:00,98.41,,,6729.7,7088.2,46.4,134.5,30417.9,12174.6,26677.5
2025-03-04 00:00:00+00:00,100.13,415.0,367.8,5551.2,7102.2,54.5,225.3,29237.9,11996.3,25437.3
2025-03-04 01:00:00+00:00,104.0,,366.4,4396.8,7102.2,54.5,222.2,27361.1,11698.1,23772.1
2025-03-04 02:00:00+00:00,101.05,,240.0,4168.6,7102.2,57.5,220.7,26696.0,11415.1,22778.6
2025-03-04 03:00:00+00:00,100.13,,,4013.2,7102.2,54.5,219.8,25775.0,10921.1,22319.8
2025-03-04 04:00:00+00:00,99.0,,,4030.7,7102.2,54.5,218.9,25405.8,10544.3,22287.8
2025-03-04 05:00:00+00:00,102.61,,,4092.4,7102.2,57.5,218.6,25511.0,10536.2,22912.9
2025-03-04 06:00:00+00:00,96.78,,,6139.3,7102.2,96.5,152.1,27553.7,10519.3,25841.4
2025-03-04 07:00:00+00:00,106.6,,,6851.4,7102.2,194.0,117.2,29632.7,10608.4,29442.9
2025-03-04 08:00:00+00:00,109.24,,,6896.6,7102.2,2210.2,117.1,31486.8,10441.3,31247.5
2025-03-04 09:00:00+00:00,102.7,,,4544.9,7102.2,7378.3,117.1,34261.0,10596.7,31693.9
2025-03-04 10:00:00+00:00,95.5,,,3344.7,7102.2,10987.2,219.7,35220.6,10096.9,31719.7
2025-03-04 11:00:00+00:00,77.85,,,2984.3,7102.2,12620.2,417.8,36187.4,9899.3,31463.1
2025-03-04 12:00:00+00:00,63.84,,,2945.8,7102.2,13564.9,544.7,36977.3,9738.7,31348.3
2025-03-04 13:00:00+00:00,50.24,,,2936.3,7102.2,13569.7,748.9,36795.1,9459.6,31469.3
2025-03-04 14:00:00+00:00,55.1,,,2951.1,7102.2,13517.2,780.5,36353.1,9031.9,30955.6
2025-03-04 15:00:00+00:00,66.75,,,3000.4,7102.2,12749.7,758.6,35633.2,9000.9,30144.1
2025-03-04 16:00:00+00:00,80.0,,,3044.3,7102.2,11053.3,741.5,34419.8,9122.9,29885.4
2025-03-04 17:00:00+00:00,101.0,,,4361.2,7102.2,7579.8,608.5,32515.6,9357.6,28980.4
2025-03-04 18:00:00+00:00,102.58,,,7775.0,7102.2,2440.2,444.3,32241.9,9986.7,29803.8
2025-03-04 19:00:00+00:00,144.28,392.6,,8612.7,7102.2,340.6,340.7,32864.7,10962.2,31296.5
2025-03-04 20:00:00+00:00,132.0,376.0,,8513.3,7102.2,220.4,305.2,33312.8,11684.0,32785.7
2025-03-04 21:00:00+00:00,117.62,377.0,,8192.9,7102.2,46.4,270.6,33123.4,12054.8,31818.5
2025-03-04 22:00:00+00:00,102.97,157.0,,7721.7,7102.2,46.4,232.4,31875.7,12048.2,29339.5
2025-03-04 23:00:00+00:00,102.7,,,6657.1,7102.2,46.4,199.7,29972.2,11464.9,26551.7
2025-03-05 00:00:00+00:00,86.0,806.0,182.0,5404.7,7110.2,,191.6,27812.7,10887.6,25367.3
2025-03-05 01:00:00+00:00,84.0,240.0,181.0,4350.8,7110.2,,191.5,25973.2,10871.0,23678.1
2025-03-05 02:00:00+00:00,83.66,240.0,120.0,4041.5,7110.2,8.2,191.5,25313.4,10576.1,22712.4
2025-03-05 03:00:00+00:00,80.0,240.0,,3905.4,7110.2,,191.5,24864.8,10397.1,22293.4
2025-03-05 04:00:00+00:00,79.19,240.0,,4086.2,7110.2,8.2,191.5,24953.5,10303.9,22313.3
2025-03-05 05:00:00+00:00,76.0,240.0,,5115.0,7110.2,3.0,191.5,26108.7,10425.4,23102.1
2025-03-05 06:00:00+00:00,83.66,240.0,,6287.9,7110.2,35.2,141.9,27395.3,10462.9,25762.2
2025-03-05 07:00:00+00:00,109.14,240.0,,6959.2,7110.2,217.2,108.8,28794.7,10555.2,29063.9
2025-03-05 08:00:00+00:00,99.69,240.0,,7861.8,7110.2,1577.5,108.9,30935.1,10586.4,31432.5
2025-03-05 09:00:00+00:00,82.0,240.0,,7385.9,7110.2,5315.1,109.2,34240.1,10892.3,32261.3
2025-03-05 10:00:00+00:00,70.2,240.0,,5545.2,7109.2,8423.8,155.8,35277.4,10711.7,32331.9
2025-03-05 11:00:00+00:00,50.0,240.0,,3368.1,7109.2,9580.8,219.8,34672.2,11179.1,31971.1
2025-03-05 12:00:00+00:00,41.89,240.0,,3072.6,7109.2,10020.7,226.0,35414.9,11856.3,31444.7
2025-03-05 13:00:00+00:00,35.19,240.0,,2960.4,7109.2,9818.5,240.6,35713.2,12457.6,31414.2
2025-03-05 14:00:00+00:00,35.3,240.0,,2965.5,7109.2,9254.5,264.9,35244.1,12518.4,31041.8
2025-03-05 15:00:00+00:00,50.53,240.0,,3040.1,7109.2,8593.7,294.5,34759.1,12511.9,30546.5
2025-03-05 16:00:00+00:00,69.37,240.0,,3371.0,7109.2,7215.6,341.0,33811.8,12463.0,29638.1
2025-03-05 17:00:00+00:00,80.0,240.0,,5780.2,7110.2,4477.5,364.8,33707.6,12530.7,29917.9
2025-03-05 18:00:00+00:00,89.0,240.0,,7360.0,7110.2,1462.0,351.6,32881.1,12801.7,30436.8
2025-03-05 19:00:00+00:00,111.31,240.0,,8461.8,7110.2,201.7,305.2,33884.8,13465.2,31826.4
2025-03-05 20:00:00+00:00,112.82,240.0,,8548.7,7110.2,97.6,294.9,34838.0,13906.2,32973.1
2025-03-05 21:00:00+00:00,106.71,240.0,,8355.1,7110.2,0.1,229.7,34177.2,14177.5,32086.3
2025-03-05 22:00:00+00:00,96.96,240.0,,6950.6,7110.2,0.1,191.6,32188.6,14167.9,29526.0
2025-03-05 23:00:00+00:00,80.46,240.0,,6524.2,7110.2,0.1,191.6,30935.5,13707.7,27106.7
2025-03-06 00:00:00+00:00,61.0,526.0,182.0,6893.3,7096.8,,158.6,30913.9,12860.9,26220.3
2025-03-06 01:00:00+00:00,56.0,,181.0,6728.1,7096.8,,158.5,29907.1,12567.4,24702.9
2025-03-06 02:00:00+00:00,62.0,,120.0,5593.9,7096.8,,158.5,28160.2,12007.3,23714.1
2025-03-06 03:00:00+00:00,67.75,,,4515.8,7096.8,,158.4,26447.1,11493.2,23157.8
2025-03-06 04:00:00+00:00,68.9,,,4570.8,7096.8,,158.5,26069.2,11066.4,22974.6
2025-03-06 05:00:00+00:00,70.84,,,5784.4,7096.8,3.3,158.4,26947.9,10721.2,23689.8
2025-03-06 06:00:00+00:00,75.95,,,7153.5,7097.8,0.1,158.4,28078.6,10438.7,26535.2
2025-03-06 07:00:00+00:00,97.49,,,7932.3,7096.8,156.2,108.9,29302.8,10453.2,29747.3
2025-03-06 08:00:00+00:00,101.58,,,8070.4,7097.8,1404.2,109.0,30792.4,10154.8,31071.2
2025-03-06 09:00:00+00:00,78.85,,,7152.3,7095.8,4879.0,109.7,32645.1,10119.7,32437.3
2025-03-06 10:00:00+00:00,71.0,,,4476.0,7095.8,7932.4,181.8,32608.9,9678.4,32525.1
2025-03-06 11:00:00+00:00,70.2,,,3572.3,7096.8,9592.4,259.8,33401.4,9682.0,31946.5
2025-03-06 12:00:00+00:00,67.7,,,3369.7,7095.8,10330.8,283.6,34121.7,9945.5,31637.3
2025-03-06 13:00:00+00:00,59.99,,,3223.3,7094.8,10710.8,285.3,34453.1,10101.3,31587.7
2025-03-06 14:00:00+00:00,54.19,,,3299.6,7095.8,10601.4,288.6,34315.1,10006.7,31404.6
2025-03-06 15:00:00+00:00,54.97,,,3374.4,7094.8,10499.3,309.9,34257.6,9906.3,31003.7
2025-03-06 16:00:00+00:00,60.01,,,3640.2,7095.8,9413.4,306.6,33247.3,9654.5,30772.9
2025-03-06 17:00:00+00:00,76.99,,,5159.3,7096.8,6622.0,281.8,31782.8,9424.6,30412.4
2025-03-06 18:00:00+00:00,101.0,,,7854.5,7096.8,2398.8,235.6,30677.9,9544.5,29671.4
2025-03-06 19:00:00+00:00,126.02,,,9170.5,7095.8,344.7,243.9,31679.5,9821.9,31293.4
2025-03-06 20:00:00+00:00,117.01,,,9102.1,7097.8,161.3,197.4,31190.3,9649.9,32664.7
2025-03-06 21:00:00+00:00,105.51,,,8916.5,7096.8,2.0,192.3,30720.6,9630.0,32090.5
2025-03-06 22:00:00+00:00,91.96,,,8492.5,7095.8,,192.2,28849.3,9503.6,29597.8
2025-03-06 23:00:00+00:00,76.6,,,7617.5,7096.8,,192.2,27221.5,9093.5,26955.3
2025-03-07 00:00:00+00:00,77.33,333.0,367.8,5470.9,7108.7,,120.0,25105.0,8050.8,26163.0
2025-03-07 01:00:00+00:00,69.99,,366.4,4556.8,7108.7,,120.0,23515.8,7878.4,24777.9
2025-03-07 02:00:00+00:00,63.93,,240.0,4552.2,7108.7,,120.2,22793.3,7617.4,23646.7
2025-03-07 03:00:00+00:00,60.01,,,4397.1,7108.7,,120.0,22231.2,7453.8,23183.0
2025-03-07 04:00:00+00:00,60.2,,,4269.1,7108.7,,120.0,22042.9,7391.9,23081.1
2025-03-07 05:00:00+00:00,64.01,,,4491.6,7108.7,0.3,119.8,22424.6,7543.4,23722.2
2025-03-07 06:00:00+00:00,67.98,,,7401.2,7108.7,0.1,119.6,26059.0,7883.6,26472.6
2025-03-07 07:00:00+00:00,77.1,,,8032.1,7108.7,156.1,119.2,27651.1,8563.9,29566.0
2025-03-07 08:00:00+00:00,77.14,,,8058.8,7108.7,1876.5,119.0,29923.7,9008.4,31495.3
2025-03-07 09:00:00+00:00,62.27,,,7915.2,7108.7,5405.4,119.2,33527.1,9689.6,32770.3
2025-03-07 10:00:00+00:00,60.32,,,4499.4,7108.7,8051.3,175.2,33578.7,10453.7,32827.7
2025-03-07 11:00:00+00:00,35.0,,,3242.3,7108.7,8813.6,239.5,34006.5,11484.6,32627.4
2025-03-07 12:00:00+00:00,20.47,,,3165.1,7108.7,9515.8,232.0,35895.3,12779.7,32436.1
2025-03-07 13:00:00+00:00,7.82,,,3100.7,7108.7,9790.7,248.6,37056.9,13769.2,32486.7
2025-03-07 14:00:00+00:00,23.9,,,3213.2,7108.7,9559.6,260.9,38199.1,14943.3,31719.7
2025-03-07 15:00:00+00:00,14.68,,,3120.7,7108.7,9055.2,274.6,38357.0,15733.5,31162.0
2025-03-07 16:00:00+00:00,22.34,,,3233.6,7108.7,7630.9,289.9,37705.7,16362.9,30809.0
2025-03-07 17:00:00+00:00,29.75,,,4756.3,7108.7,4738.2,234.9,36755.0,16813.6,30562.4
2025-03-07 18:00:00+00:00,43.33,,,5699.3,7108.7,1412.3,273.1,35255.2,17532.4,31076.3
2025-03-07 19:00:00+00:00,44.1,,,7313.2,7108.7,36.4,226.3,36169.7,18160.2,32771.5
2025-03-07 20:00:00+00:00,52.2,,,7359.9,7108.7,0.1,213.2,36322.2,18301.0,33369.8
2025-03-07 21:00:00+00:00,50.0,,,5919.8,7108.7,2.1,208.3,34829.5,18237.5,32415.9
2025-03-07 22:00:00+00:00,50.0,,,4621.5,7108.7,0.1,208.0,33252.3,18013.7,30055.8
2025-03-07 23:00:00+00:00,43.84,,,4488.8,7108.7,0.1,208.0,32252.0,17259.5,27745.4
2025-03-08 00:00:00+00:00,29.0,192.0,185.8,4768.0,4879.8,10.2,194.3,30039.3,16373.0,26108.7
2025-03-08 01:00:00+00:00,13.2,,185.4,4559.0,4879.8,10.2,194.1,28906.1,15938.9,24647.5
2025-03-08 02:00:00+00:00,13.2,,120.0,3953.8,4879.8,10.2,194.1,27784.3,15581.2,23325.2
2025-03-08 03:00:00+00:00,12.2,,,3776.2,4879.8,2.0,193.9,27078.6,15203.0,22604.1
2025-03-08 04:00:00+00:00,7.19,,,3631.4,4879.8,2.0,193.9,26610.5,14905.2,22239.9
2025-03-08 05:00:00+00:00,5.0,,,3598.1,4879.8,2.3,193.9,26379.7,14708.1,22261.8
2025-03-08 06:00:00+00:00,8.9,,,3532.7,4879.8,54.8,152.6,26802.0,15183.3,22935.0
2025-03-08 07:00:00+00:00,10.96,,,3836.0,4879.8,214.3,9.0,27711.5,15784.3,24139.3
2025-03-08 08:00:00+00:00,5.0,,,3738.8,4879.8,1052.7,9.0,28654.1,16010.4,25644.1
2025-03-08 09:00:00+00:00,6.99,,,3449.8,4925.8,2947.0,9.3,31336.4,17320.7,27548.8
2025-03-08 10:00:00+00:00,3.52,,,2924.0,4924.8,5067.0,30.6,32711.7,17092.1,28626.6
2025-03-08 11:00:00+00:00,3.52,,,2767.2,4925.8,6673.5,79.7,32030.4,14938.9,28439.9
2025-03-08 12:00:00+00:00,2.99,,,2747.8,4930.8,7689.7,76.3,33049.2,14954.5,28275.5
2025-03-08 13:00:00+00:00,1.0,,,2751.0,4940.8,8196.4,92.8,33263.8,14654.5,28546.4
2025-03-08 14:00:00+00:00,0.07,,,2803.7,4950.8,7822.7,107.7,32901.4,14597.4,28209.1
2025-03-08 15:00:00+00:00,0.02,,,2827.8,4959.8,7413.8,130.2,32628.1,14689.9,27176.0
2025-03-08 16:00:00+00:00,0.65,,,2853.0,4970.8,6724.9,119.3,31867.5,14598.5,26660.2
2025-03-08 17:00:00+00:00,3.52,,,2897.7,4980.8,4870.5,71.7,31890.1,16441.2,26679.3
2025-03-08 18:00:00+00:00,35.0,,,3788.4,5542.6,1719.4,51.7,32819.8,18624.7,27706.3
2025-03-08 19:00:00+00:00,43.38,,,5252.4,6798.8,156.7,19.1,33002.8,17588.2,29706.7
2025-03-08 20:00:00+00:00,41.23,,,5519.0,6809.8,10.3,87.5,31852.5,16143.9,30856.9
2025-03-08 21:00:00+00:00,40.65,,,5503.8,6819.8,2.1,87.4,30641.9,14948.4,30418.0
2025-03-08 22:00:00+00:00,40.0,,,5461.0,6829.8,10.3,87.4,29564.8,13904.2,28366.3
2025-03-08 23:00:00+00:00,38.1,,,4947.8,6840.8,10.3,87.4,28080.4,13021.0,26124.3
2025-03-09 00:00:00+00:00,35.4,131.0,185.8,4484.6,6940.8,18.2,301.2,26988.5,12115.8,23590.5
2025-03-09 01:00:00+00:00,35.01,,185.4,4174.6,6491.2,18.2,301.2,25422.0,11456.4,21901.6
2025-03-09 02:00:00+00:00,35.01,,120.0,4073.9,6589.6,18.2,301.2,25014.9,11104.9,20671.3
2025-03-09 03:00:00+00:00,33.29,,,3947.4,5234.8,18.2,301.0,22898.5,10917.6,20003.4
2025-03-09 04:00:00+00:00,29.97,,,3797.4,5264.8,10.0,301.0,22537.7,10709.3,19768.5
2025-03-09 05:00:00+00:00,31.4,,,3709.4,5294.8,18.2,300.9,22423.3,10649.1,19830.8
2025-03-09 06:00:00+00:00,31.81,,,3777.9,5313.7,62.8,266.0,22637.6,10446.7,20393.3
2025-03-09 07:00:00+00:00,35.0,,,3847.3,5540.1,333.0,109.1,22601.1,10016.2,20957.1
2025-03-09 08:00:00+00:00,35.0,,,3753.5,5781.1,2820.9,115.0,24970.8,9737.7,21525.3
2025-03-09 09:00:00+00:00,29.27,,,3257.2,5313.7,7195.8,127.4,28232.0,9631.2,23620.9
2025-03-09 10:00:00+00:00,10.1,,,2889.3,5313.7,10368.5,176.6,30900.7,9788.1,25359.2
2025-03-09 11:00:00+00:00,9.13,,,2818.6,5313.7,11709.0,126.3,32551.3,10192.7,25613.0
2025-03-09 12:00:00+00:00,13.2,,,2816.4,5313.7,12265.4,123.0,33332.1,10383.7,25637.5
2025-03-09 13:00:00+00:00,7.1,,,2815.3,5313.7,12390.4,138.2,33182.9,10135.2,26261.4
2025-03-09 14:00:00+00:00,3.52,,,2809.4,5313.7,11972.6,164.5,30980.5,8360.3,26387.9
2025-03-09 15:00:00+00:00,17.39,,,2813.6,5313.7,11506.8,186.8,31342.1,9108.7,25166.6
2025-03-09 16:00:00+00:00,35.01,,,2990.8,6216.0,10039.3,164.5,30317.0,8459.6,24597.1
2025-03-09 17:00:00+00:00,47.68,,,3378.3,7109.7,6883.4,113.9,27583.3,7381.3,24685.9
2025-03-09 18:00:00+00:00,89.02,,,5667.8,7109.7,2323.2,71.9,25205.1,6546.9,25507.4
2025-03-09 19:00:00+00:00,124.5,,,8038.9,7109.7,396.4,274.9,26209.0,6412.0,27331.3
2025-03-09 20:00:00+00:00,127.6,,,8717.5,7109.7,249.1,301.8,26791.3,6411.6,28638.4
2025-03-09 21:00:00+00:00,115.66,,,8097.6,7109.7,18.3,301.6,26083.7,6560.3,28762.0
2025-03-09 22:00:00+00:00,97.04,,,7748.3,7109.7,18.3,283.5,25614.7,6550.3,26955.6
2025-03-09 23:00:00+00:00,88.06,,,7407.0,7109.7,18.3,301.4,24112.3,6296.7,24648.3
2025-03-10 00:00:00+00:00,85.51,493.0,185.8,6380.9,7014.9,3.0,342.4,22893.6,5495.8,23418.4
2025-03-10 01:00:00+00:00,78.03,,185.4,5161.4,7024.9,3.0,342.3,20802.3,5401.5,22056.5
2025-03-10 02:00:00+00:00,73.01,,120.0,5089.1,7034.9,3.0,342.2,20577.6,5293.0,21371.3
2025-03-10 03:00:00+00:00,71.31,,,5085.4,7044.9,3.0,342.2,20381.8,5212.6,20985.9
2025-03-10 04:00:00+00:00,66.7,,,5038.6,7054.9,3.0,342.0,20420.2,5286.0,21065.0
2025-03-10 05:00:00+00:00,73.43,,,5405.9,7064.9,3.0,342.0,20949.1,5415.3,21915.8
2025-03-10 06:00:00+00:00,99.58,,,6197.5,7074.9,202.7,298.4,23291.2,5619.6,24550.1
2025-03-10 07:00:00+00:00,123.06,,,8534.2,7084.9,601.0,167.9,26073.1,5551.7,28003.2
2025-03-10 08:00:00+00:00,130.01,386.1,,8621.1,7094.9,2757.5,167.7,28757.2,5543.5,30137.7
2025-03-10 09:00:00+00:00,95.0,,,8074.3,7097.9,6376.3,152.8,31354.1,5574.9,31458.8
2025-03-10 10:00:00+00:00,82.99,,,6630.8,7098.9,9014.3,194.1,32013.2,5780.9,31785.8
2025-03-10 11:00:00+00:00,78.0,,,6061.2,7098.9,10167.6,233.5,32515.0,5994.8,31450.0
2025-03-10 12:00:00+00:00,76.02,,,5100.7,7098.9,10605.4,242.3,32570.8,6569.2,31468.6
2025-03-10 13:00:00+00:00,77.32,,,5091.6,7096.9,10593.6,261.7,33068.8,7058.6,31662.3
2025-03-10 14:00:00+00:00,75.51,,,4922.0,7095.9,10341.1,268.6,33064.5,7420.9,31270.1
2025-03-10 15:00:00+00:00,69.11,92.0,,5981.9,7095.9,9767.0,271.3,33533.9,7317.8,30836.2
2025-03-10 16:00:00+00:00,77.86,130.0,,6267.5,7096.9,8101.2,270.2,32233.8,7341.9,30359.6
2025-03-10 17:00:00+00:00,95.92,267.0,,7532.1,7096.9,5264.2,224.0,31846.6,7246.3,30172.0
2025-03-10 18:00:00+00:00,117.84,359.5,,8538.8,7096.9,1995.1,204.4,30501.2,7684.3,30315.8
2025-03-10 19:00:00+00:00,152.05,743.2,,9410.6,7097.9,463.3,339.4,31107.5,8308.5,31788.0
2025-03-10 20:00:00+00:00,131.6,746.7,,9339.2,7097.9,124.8,313.8,31055.3,8670.9,33188.9
2025-03-10 21:00:00+00:00,110.0,362.5,,9021.4,7097.9,3.1,301.7,30503.6,9035.1,32391.8
2025-03-10 22:00:00+00:00,100.0,335.3,,8655.9,7097.9,3.1,301.7,30175.7,9188.1,29953.9
2025-03-10 23:00:00+00:00,92.0,281.2,,7226.8,7097.9,3.1,301.7,27579.3,9176.0,26916.5
2025-03-11 00:00:00+00:00,91.0,354.0,185.8,7298.0,7095.4,,293.9,27595.4,9008.2,25096.7
2025-03-11 01:00:00+00:00,87.45,,185.4,6840.2,7096.4,,293.8,26759.7,9012.4,23467.8
2025-03-11 02:00:00+00:00,84.47,,120.0,6626.9,7097.2,,293.8,25912.0,8769.2,22475.1
2025-03-11 03:00:00+00:00,82.36,,,6541.7,7096.2,,293.8,25456.4,8558.2,22034.6
2025-03-11 04:00:00+00:00,82.36,,,6582.4,7097.2,11.2,293.8,25251.3,8307.3,21926.3
2025-03-11 05:00:00+00:00,91.92,,,6696.8,7097.2,8.2,293.8,25194.9,8116.8,22478.0
2025-03-11 06:00:00+00:00,92.8,,,7582.6,7097.2,164.0,119.8,26107.6,7792.0,25037.0
2025-03-11 07:00:00+00:00,114.57,,,8996.7,7097.2,464.6,99.8,28547.1,7615.1,28495.7
2025-03-11 08:00:00+00:00,126.96,,,9022.9,7097.2,2443.8,99.8,30313.6,7298.3,30176.1
2025-03-11 09:00:00+00:00,100.93,,,8062.6,7097.2,6430.6,100.6,33001.5,7338.6,31038.2
2025-03-11 10:00:00+00:00,92.22,,,7066.1,7096.2,9400.1,160.1,34279.6,7176.7,31721.1
2025-03-11 11:00:00+00:00,80.0,,,6332.8,7097.2,11004.0,243.9,35419.7,7439.6,32061.2
2025-03-11 12:00:00+00:00,82.92,,,5703.6,7097.2,11826.3,293.5,35774.6,7606.8,31798.1
2025-03-11 13:00:00+00:00,77.87,,,5704.9,7096.2,12169.5,301.1,36352.7,7813.7,32062.9
2025-03-11 14:00:00+00:00,75.0,,,5679.9,7096.2,12281.1,315.5,36533.5,7901.1,31923.7
2025-03-11 15:00:00+00:00,69.1,,,5821.0,7096.2,11871.5,335.9,36114.0,7895.4,31488.5
2025-03-11 16:00:00+00:00,69.1,,,6633.0,7096.2,10589.8,369.7,35642.8,7871.7,31135.7
2025-03-11 17:00:00+00:00,82.5,,,7001.7,7096.2,7654.5,318.0,33349.9,7974.2,30892.2
2025-03-11 18:00:00+00:00,114.5,,,8577.5,7097.2,3108.5,236.9,31861.8,8344.4,30189.7
2025-03-11 19:00:00+00:00,157.5,775.9,,9565.2,7096.2,493.1,139.6,31395.9,8694.7,31823.9
2025-03-11 20:00:00+00:00,137.84,778.6,,9526.4,7097.2,235.6,105.3,31345.4,9000.7,32843.2
2025-03-11 21:00:00+00:00,119.33,,,9226.9,7096.2,6.1,100.0,30480.5,9449.6,32073.1
2025-03-11 22:00:00+00:00,108.78,,,8876.1,7096.2,3.1,100.0,30628.0,10044.5,29217.7
2025-03-11 23:00:00+00:00,105.16,,,7917.8,7097.2,11.3,100.0,28728.3,10198.2,26402.0
2025-03-12 00:00:00+00:00,84.99,496.0,185.8,6808.3,7099.0,,371.8,28650.4,10143.5,25390.9
2025-03-12 01:00:00+00:00,71.97,220.0,185.4,6819.3,7100.0,,371.9,28915.0,10880.5,24097.8
2025-03-12 02:00:00+00:00,69.1,220.0,120.0,6646.1,7100.0,,371.8,28726.2,11165.4,23093.0
2025-03-12 03:00:00+00:00,71.58,220.0,,6078.1,7099.0,,371.7,28445.2,11426.2,22366.0
2025-03-12 04:00:00+00:00,71.14,220.0,,6093.4,7100.0,,371.7,28330.2,11293.7,22261.6
2025-03-12 05:00:00+00:00,70.01,220.0,,6671.0,7100.0,,372.0,28688.4,11154.5,23187.3
2025-03-12 06:00:00+00:00,78.5,220.0,,7082.1,7100.0,164.0,198.3,29153.2,10957.5,25898.0
2025-03-12 07:00:00+00:00,103.08,350.0,,7725.2,7100.0,541.4,118.3,30222.6,10813.8,28785.6
2025-03-12 08:00:00+00:00,104.44,350.0,,7742.8,7100.0,3486.1,118.1,32750.0,10384.7,30792.3
2025-03-12 09:00:00+00:00,85.0,90.0,,7263.3,7100.0,7821.7,108.9,35948.6,9962.3,31924.3
2025-03-12 10:00:00+00:00,75.85,,,6537.7,7099.0,10489.5,156.8,37213.5,9449.0,32002.6
2025-03-12 11:00:00+00:00,71.97,,,5729.0,7100.0,11620.7,199.7,37540.9,9414.8,31616.7
2025-03-12 12:00:00+00:00,70.39,,,5629.3,7100.0,12149.3,220.4,38044.7,9464.7,31339.8
2025-03-12 13:00:00+00:00,70.01,,,5639.0,7099.0,12139.4,242.8,38091.7,9508.8,31294.9
2025-03-12 14:00:00+00:00,70.01,,,5708.1,7099.0,11683.4,300.3,37756.9,9499.8,31133.3
2025-03-12 15:00:00+00:00,71.83,,,5704.3,7099.0,10384.7,328.7,36420.7,9457.7,30342.3
2025-03-12 16:00:00+00:00,75.01,,,6480.4,7099.0,8352.1,291.2,34954.9,9282.8,30068.0
2025-03-12 17:00:00+00:00,103.08,,,6963.3,7099.0,5427.1,198.1,32097.3,8800.8,29425.7
2025-03-12 18:00:00+00:00,130.41,,,8623.7,7100.0,2195.7,174.0,31640.5,8907.5,29442.1
2025-03-12 19:00:00+00:00,176.69,1052.9,,9773.7,7099.0,386.1,179.6,31902.6,8738.0,31424.8
2025-03-12 20:00:00+00:00,146.37,1053.4,,9774.6,7100.0,236.3,161.9,31631.1,8665.3,32682.9
2025-03-12 21:00:00+00:00,132.2,672.0,,9111.9,7099.0,14.3,161.6,30137.5,8448.9,31730.6
2025-03-12 22:00:00+00:00,120.0,673.0,,8259.8,7099.0,6.1,161.4,28734.4,8118.1,28713.3
2025-03-12 23:00:00+00:00,109.91,,,7707.4,7100.0,3.1,161.4,25959.6,7449.0,26005.2
2025-03-13 00:00:00+00:00,108.58,724.0,185.8,7916.6,7099.8,3.0,333.2,25966.1,6611.4,24826.5
2025-03-13 01:00:00+00:00,103.46,350.0,185.4,7332.0,7099.8,3.0,332.9,24682.3,6358.4,23144.0
2025-03-13 02:00:00+00:00,101.25,220.0,120.0,6969.5,7099.8,3.0,332.3,23910.2,6151.5,22121.3
2025-03-13 03:00:00+00:00,95.12,220.0,,6688.6,7099.8,3.0,332.2,23398.3,6047.8,21731.6
2025-03-13 04:00:00+00:00,90.8,220.0,,6686.0,7099.8,3.0,332.1,23245.1,5903.9,21869.1
2025-03-13 05:00:00+00:00,99.0,220.0,,6795.9,7099.8,3.0,332.0,23483.7,6038.5,22386.2
2025-03-13 06:00:00+00:00,110.01,350.0,,7970.4,7100.8,261.4,210.2,25735.2,5951.4,25217.5
2025-03-13 07:00:00+00:00,152.28,350.0,,9707.2,7098.8,465.3,147.9,28271.8,6010.6,28583.9
2025-03-13 08:00:00+00:00,156.41,350.0,,9677.7,7100.8,2052.0,147.8,29673.4,5844.8,30479.1
2025-03-13 09:00:00+00:00,140.0,350.0,,9399.1,7098.8,4611.2,144.1,31907.8,5812.7,30838.0
2025-03-13 10:00:00+00:00,117.56,90.0,,8787.6,7099.8,6857.8,193.1,32955.5,5598.4,30985.0
2025-03-13 11:00:00+00:00,110.54,,,7794.5,7099.8,8285.4,220.0,33142.0,6001.3,30843.4
2025-03-13 12:00:00+00:00,102.75,,,7017.1,7100.8,9194.1,221.5,33189.5,6427.2,30713.6
2025-03-13 13:00:00+00:00,95.12,,,6664.7,7099.8,9535.8,254.5,33409.4,6794.0,30931.9
2025-03-13 14:00:00+00:00,92.38,,,6646.6,7098.8,9411.2,263.8,33854.0,7388.0,30857.8
2025-03-13 15:00:00+00:00,92.47,,,6654.5,7099.8,8840.2,272.3,34073.4,8161.1,30261.3
2025-03-13 16:00:00+00:00,92.38,,,6797.1,7099.8,7472.0,272.1,34011.5,9165.5,29912.8
2025-03-13 17:00:00+00:00,92.47,,,7272.5,7100.8,4837.0,226.3,33131.6,10315.7,30384.5
2025-03-13 18:00:00+00:00,107.1,,,8448.9,7099.8,1894.2,204.3,33787.5,11904.7,31106.3
2025-03-13 19:00:00+00:00,160.86,,,9871.8,7099.8,413.7,185.8,35226.3,12990.7,32163.3
2025-03-13 20:00:00+00:00,149.0,,,9870.9,7100.8,238.6,211.6,35836.3,13783.1,33461.3
2025-03-13 21:00:00+00:00,126.51,,,9401.4,7099.8,6.1,211.4,35368.3,14056.4,32633.7
2025-03-13 22:00:00+00:00,103.5,,,8096.2,7099.8,3.1,211.4,32873.4,14001.2,29955.1
2025-03-13 23:00:00+00:00,81.9,,,7073.0,7099.8,3.1,193.4,31188.6,13574.7,27566.1
2025-03-14 00:00:00+00:00,49.75,271.0,185.8,6735.6,7102.6,,322.8,31376.9,13764.9,26660.9
2025-03-14 01:00:00+00:00,39.0,,185.4,6645.4,7103.6,,321.6,30250.7,13092.0,25032.0
2025-03-14 02:00:00+00:00,35.1,,120.0,6502.1,7102.6,,321.0,29292.9,12345.9,23872.4
2025-03-14 03:00:00+00:00,35.01,,,6505.4,7102.6,,320.4,28659.8,11773.8,23236.5
2025-03-14 04:00:00+00:00,37.0,,,6506.8,7103.6,,319.9,28193.6,11388.3,23199.7
2025-03-14 05:00:00+00:00,42.28,,,6522.9,7101.6,,319.3,28089.7,11209.8,23908.2
2025-03-14 06:00:00+00:00,62.84,,,7565.0,7103.6,155.7,174.4,29147.4,11064.5,26580.9
2025-03-14 07:00:00+00:00,95.8,,,7932.7,7102.6,417.0,164.7,30030.7,10990.0,29670.0
2025-03-14 08:00:00+00:00,96.3,,,8111.1,7103.6,2806.6,164.5,32541.9,10820.0,31767.0
2025-03-14 09:00:00+00:00,63.1,,,7594.4,7102.6,7433.7,153.9,36302.8,10907.6,32798.4
2025-03-14 10:00:00+00:00,38.0,,,6947.9,7102.6,10740.2,182.2,38736.3,10798.9,32792.4
2025-03-14 11:00:00+00:00,25.0,,,6595.4,7103.6,12594.6,295.0,39973.0,10490.9,32854.8
2025-03-14 12:00:00+00:00,24.7,,,6399.5,7102.6,13476.7,340.2,40584.8,10371.7,32481.3
2025-03-14 13:00:00+00:00,18.82,,,6245.7,7102.6,13770.7,486.8,40801.8,10316.9,32555.4
2025-03-14 14:00:00+00:00,5.76,,,6228.6,7102.6,13751.7,539.6,40522.5,10067.1,32260.5
2025-03-14 15:00:00+00:00,5.0,,,6224.1,7101.6,13437.1,585.1,40229.2,10051.0,31572.7
2025-03-14 16:00:00+00:00,14.0,,,6470.3,7102.6,12136.9,620.6,40082.0,10904.8,31297.0
2025-03-14 17:00:00+00:00,37.0,,,6845.1,7102.6,9091.9,630.1,37895.3,11276.5,31314.7
2025-03-14 18:00:00+00:00,83.35,,,7862.1,7102.6,3776.0,488.3,34373.4,11667.6,31395.4
2025-03-14 19:00:00+00:00,134.5,,,10187.1,7102.6,481.4,331.3,34522.1,11724.5,32028.1
2025-03-14 20:00:00+00:00,130.01,,,10017.8,7103.6,191.7,237.6,34016.8,11764.9,32334.1
2025-03-14 21:00:00+00:00,111.39,,,9566.3,7102.6,6.1,220.6,32883.4,11399.1,31658.6
2025-03-14 22:00:00+00:00,104.14,,,9500.6,7102.6,3.1,220.6,32248.9,10954.5,29006.8
2025-03-14 23:00:00+00:00,96.54,,,8550.1,7102.6,3.1,190.8,30060.9,10397.6,26777.8
2025-03-15 00:00:00+00:00,82.26,338.0,185.8,8323.9,7103.0,8.2,352.5,29678.1,9618.0,25626.1
2025-03-15 01:00:00+00:00,66.79,,185.4,7871.0,7104.0,,352.3,27922.8,9419.1,24228.5
2025-03-15 02:00:00+00:00,59.43,,120.0,7703.0,7104.0,,292.4,27407.6,9254.5,22976.9
2025-03-15 03:00:00+00:00,49.71,,,7597.6,7103.0,3.0,292.4,26995.8,9176.5,22362.2
2025-03-15 04:00:00+00:00,44.72,,,7589.6,7104.0,,292.3,27016.5,9215.7,21945.7
2025-03-15 05:00:00+00:00,44.72,,,7557.9,7103.0,,292.3,27015.4,9264.7,21919.5
2025-03-15 06:00:00+00:00,49.58,,,7602.9,7104.0,0.1,292.3,27093.8,9292.8,22454.1
2025-03-15 07:00:00+00:00,59.68,,,7059.5,7103.0,910.3,108.5,27118.0,9078.5,23403.0
2025-03-15 08:00:00+00:00,34.22,,,6799.9,7104.0,6544.5,112.4,31792.9,8550.7,25426.3
2025-03-15 09:00:00+00:00,3.52,,,6088.6,7103.0,13932.4,191.4,36538.7,6583.2,27602.2
2025-03-15 10:00:00+00:00,0.0,,,5240.9,7103.0,16641.6,866.1,38405.2,6111.5,28267.2
2025-03-15 11:00:00+00:00,0.0,,,5056.9,7104.0,16845.7,1230.5,38425.6,5870.7,28160.6
2025-03-15 12:00:00+00:00,0.0,,,4983.5,7104.0,16640.3,1262.5,38413.2,6089.3,27994.2
2025-03-15 13:00:00+00:00,0.0,,,5112.1,7103.0,16420.0,1201.0,38686.5,6426.0,28293.5
2025-03-15 14:00:00+00:00,0.0,,,5234.3,7103.0,15664.1,1046.5,38241.0,6688.7,27884.2
2025-03-15 15:00:00+00:00,0.02,,,5228.2,7102.0,14562.0,917.8,36980.3,6687.7,26937.3
2025-03-15 16:00:00+00:00,1.0,,,5297.9,7103.0,12814.7,779.3,35297.4,6664.2,26588.0
2025-03-15 17:00:00+00:00,29.52,,,5760.9,7103.0,9196.9,614.9,33356.5,8025.7,26934.9
2025-03-15 18:00:00+00:00,85.0,,,7739.1,7103.0,3573.8,468.9,29905.3,7350.8,27054.8
2025-03-15 19:00:00+00:00,132.96,,,9934.0,7103.0,333.9,377.5,29095.1,7168.7,28167.5
2025-03-15 20:00:00+00:00,121.46,,,9616.9,7104.0,64.4,296.3,28226.7,6960.6,29370.6
2025-03-15 21:00:00+00:00,108.5,,,9593.2,7103.0,3.1,342.5,27763.4,6658.5,29222.0
2025-03-15 22:00:00+00:00,105.02,,,9438.4,7103.0,3.1,342.4,27561.5,6611.8,27478.7
2025-03-15 23:00:00+00:00,95.25,,,8917.4,7103.0,3.1,312.4,26431.2,6208.1,25341.4
2025-03-16 00:00:00+00:00,82.93,274.0,185.8,8513.3,7101.1,,371.8,25865.2,5964.0,23615.4
2025-03-16 01:00:00+00:00,70.0,,185.4,8038.8,7101.1,,371.8,24719.0,5590.5,22142.9
2025-03-16 02:00:00+00:00,65.0,,120.0,7514.6,7102.1,,372.1,23196.7,5470.5,20854.7
2025-03-16 03:00:00+00:00,65.0,,,6753.1,7100.1,3.0,372.2,22232.3,5406.1,20142.0
2025-03-16 04:00:00+00:00,63.02,,,6691.6,7102.1,,372.2,22081.0,5315.5,19823.2
2025-03-16 05:00:00+00:00,65.0,,,6716.9,7101.1,,372.1,21975.2,5185.0,19824.3
2025-03-16 06:00:00+00:00,65.0,,,6729.8,7102.1,0.3,372.1,22238.1,5109.0,20385.6
2025-03-16 07:00:00+00:00,67.8,,,6529.1,7101.1,406.3,344.1,22633.6,4872.3,20889.5
2025-03-16 08:00:00+00:00,60.35,,,6150.8,7101.1,3188.9,170.1,24134.6,4614.1,21975.7
2025-03-16 09:00:00+00:00,40.5,,,5787.9,7101.1,7518.6,157.5,27491.1,4453.1,23693.0
2025-03-16 10:00:00+00:00,25.3,,,5538.9,7101.1,10614.7,315.9,30494.2,4411.8,24991.4
2025-03-16 11:00:00+00:00,11.06,,,5409.9,7101.1,12234.5,437.4,32243.7,4573.0,25448.7
2025-03-16 12:00:00+00:00,10.52,,,5023.9,7102.1,13124.1,462.8,33262.2,5037.4,25960.9
2025-03-16 13:00:00+00:00,11.37,,,5024.3,7101.1,13280.6,506.6,33945.1,5516.4,26630.1
2025-03-16 14:00:00+00:00,9.94,,,5016.0,7101.1,13246.7,539.8,34289.9,5879.6,26519.5
2025-03-16 15:00:00+00:00,6.99,,,5044.9,7100.1,12746.4,575.5,33973.2,6006.6,25318.4
2025-03-16 16:00:00+00:00,25.3,,,5131.1,7102.1,10970.4,576.8,32303.3,6060.7,24941.4
2025-03-16 17:00:00+00:00,46.0,,,5957.1,7101.1,7588.8,589.6,29757.2,5812.1,25353.9
2025-03-16 18:00:00+00:00,82.93,,,8715.0,7101.1,2937.5,442.6,28350.8,5683.3,26237.1
2025-03-16 19:00:00+00:00,140.0,,,9853.9,7101.1,359.4,480.1,27420.9,5563.7,27746.2
2025-03-16 20:00:00+00:00,130.43,,,9797.7,7102.1,183.5,357.0,27094.3,5683.4,29349.4
2025-03-16 21:00:00+00:00,113.31,,,9437.3,7101.1,3.0,340.4,26439.8,5719.2,29551.8
2025-03-16 22:00:00+00:00,107.05,,,9262.0,7101.1,3.0,340.3,26046.3,5529.3,27581.2
2025-03-16 23:00:00+00:00,89.0,,,8832.0,7101.1,3.0,290.1,25272.8,5462.5,25297.5
2025-03-17 00:00:00+00:00,83.55,275.0,185.8,7418.5,7100.8,,337.4,24048.6,5188.6,23822.2
2025-03-17 01:00:00+00:00,71.26,,185.4,6649.6,7099.8,,337.2,22885.7,5124.4,22347.1
2025-03-17 02:00:00+00:00,74.66,,120.0,5929.8,7100.8,,337.1,22064.4,5084.8,21445.5
2025-03-17 03:00:00+00:00,71.26,,,5921.8,7099.8,3.0,337.1,21867.5,5015.9,21033.3
2025-03-17 04:00:00+00:00,71.26,,,5925.2,7100.8,,337.0,21983.3,5125.4,21102.6
2025-03-17 05:00:00+00:00,69.6,,,6182.1,7099.8,3.0,337.1,22289.7,5424.3,22151.7
2025-03-17 06:00:00+00:00,79.99,,,7972.8,7099.8,0.3,337.1,24625.4,5680.0,25332.8
2025-03-17 07:00:00+00:00,136.01,,,9579.9,7099.8,496.0,279.4,27576.1,6045.4,28218.6
2025-03-17 08:00:00+00:00,137.01,,,9600.6,7100.8,2461.0,140.4,29630.7,6204.7,30363.2
2025-03-17 09:00:00+00:00,99.0,,,8664.4,7099.8,5520.9,115.3,31366.0,6171.4,31440.6
2025-03-17 10:00:00+00:00,81.1,,,8028.2,7099.8,8066.3,154.9,32821.3,5823.6,32044.4
2025-03-17 11:00:00+00:00,70.07,,,6903.1,7100.8,9564.2,177.1,32972.7,5934.5,32024.4
2025-03-17 12:00:00+00:00,58.9,,,6355.8,7100.8,10140.1,188.3,33081.0,6497.8,32182.4
2025-03-17 13:00:00+00:00,50.24,,,6093.3,7099.8,10138.4,210.8,33276.9,6972.4,32497.5
2025-03-17 14:00:00+00:00,50.24,,,6088.8,7100.8,9476.7,219.7,33213.4,7529.9,32053.2
2025-03-17 15:00:00+00:00,60.34,,,6104.6,7099.8,8562.9,239.9,32792.9,7662.7,31404.5
2025-03-17 16:00:00+00:00,68.1,,,6533.4,7100.8,6777.3,229.6,31680.1,7740.7,30946.4
2025-03-17 17:00:00+00:00,80.67,,,8014.1,7101.8,4347.0,227.7,31309.5,7942.5,30712.4
2025-03-17 18:00:00+00:00,111.93,,,9374.9,7100.8,1598.1,226.9,31085.0,8719.4,30392.1
2025-03-17 19:00:00+00:00,170.0,,,10224.3,7100.8,267.3,311.7,31587.1,9318.2,32338.3
2025-03-17 20:00:00+00:00,141.5,,,10214.5,7100.8,92.3,276.2,31953.8,9882.2,33589.6
2025-03-17 21:00:00+00:00,110.96,,,9680.4,7101.8,3.2,276.1,31379.7,10205.6,33075.5
2025-03-17 22:00:00+00:00,104.18,,,9376.5,7099.8,3.2,246.2,31169.2,10448.0,30110.5
2025-03-17 23:00:00+00:00,75.85,,,8550.6,7100.8,3.2,168.3,29943.6,10466.2,27809.4
2025-03-18 00:00:00+00:00,70.79,274.0,185.8,7674.6,7097.0,,251.9,29105.4,10515.8,25810.7
2025-03-18 01:00:00+00:00,40.3,,185.4,7573.9,7098.0,,191.9,28601.8,10686.2,24521.4
2025-03-18 02:00:00+00:00,37.84,,120.0,7151.7,7098.0,,191.9,28064.9,10707.2,23534.5
2025-03-18 03:00:00+00:00,40.0,,,6405.8,7097.0,,191.9,27315.0,10798.1,23060.0
2025-03-18 04:00:00+00:00,39.8,,,6385.9,7098.0,,191.9,27233.6,10736.9,22928.5
2025-03-18 05:00:00+00:00,38.31,,,7160.3,7098.0,3.0,191.9,28111.0,10844.3,23677.3
2025-03-18 06:00:00+00:00,54.23,,,7919.3,7098.0,200.4,48.0,29106.3,10933.4,26282.5
2025-03-18 07:00:00+00:00,78.87,,,8667.3,7098.0,409.6,,30902.4,10813.8,29591.4
2025-03-18 08:00:00+00:00,94.14,,,8964.5,7098.0,1984.6,,32671.0,10630.8,31295.5
2025-03-18 09:00:00+00:00,72.65,,,8531.6,7098.0,4952.0,44.0,34709.1,10649.5,32310.8
2025-03-18 10:00:00+00:00,37.84,,,7680.5,7097.0,7654.9,108.7,36058.5,10746.8,32932.0
2025-03-18 11:00:00+00:00,12.84,,,6224.4,7099.0,9294.7,158.5,36469.1,10989.3,32825.9
2025-03-18 12:00:00+00:00,20.2,,,5925.6,7097.0,10511.9,251.8,38342.6,11835.1,32656.4
2025-03-18 13:00:00+00:00,5.19,,,5914.5,7098.0,10698.9,290.2,38242.4,11541.7,32706.6
2025-03-18 14:00:00+00:00,6.03,,,5853.3,7096.0,10778.3,265.0,38390.0,11701.1,32417.4
2025-03-18 15:00:00+00:00,24.59,,,5858.9,7097.0,10548.7,240.2,38414.5,11921.3,31781.0
2025-03-18 16:00:00+00:00,33.0,,,5997.8,7096.0,9444.0,229.5,37102.7,11597.5,31479.8
2025-03-18 17:00:00+00:00,41.89,,,7016.8,7097.0,6989.2,201.8,35436.0,11311.9,31474.7
2025-03-18 18:00:00+00:00,72.0,,,8648.1,7097.0,2891.9,178.7,34033.7,11147.6,31546.9
2025-03-18 19:00:00+00:00,150.79,,,10024.5,7097.0,564.0,163.4,33037.1,10984.1,32153.0
2025-03-18 20:00:00+00:00,136.97,,,9912.5,7097.0,109.6,251.4,32412.6,10835.6,33561.7
2025-03-18 21:00:00+00:00,105.69,,,9429.6,7097.0,3.1,242.7,31452.2,10482.3,32835.8
2025-03-18 22:00:00+00:00,90.95,,,8944.2,7097.0,3.1,212.5,30651.3,10241.1,30159.5
2025-03-18 23:00:00+00:00,79.43,,,7957.9,7097.0,3.1,174.5,28697.8,10029.9,27352.7
2025-03-19 00:00:00+00:00,46.68,140.0,,7380.8,6832.4,0.1,222.6,26963.1,9096.7,25721.8
2025-03-19 01:00:00+00:00,44.02,,,5972.9,6568.3,0.1,223.4,25116.4,9066.5,23961.8
2025-03-19 02:00:00+00:00,39.92,,,5735.8,6304.0,0.1,193.5,24088.2,9043.8,23000.4
2025-03-19 03:00:00+00:00,35.01,,,5602.6,5759.0,0.1,193.6,23296.7,8960.0,22517.0
2025-03-19 04:00:00+00:00,35.01,,,5618.4,5223.4,0.1,193.5,22796.4,8978.6,22403.2
2025-03-19 05:00:00+00:00,35.0,,,5535.4,4948.1,3.1,193.4,22588.6,9124.5,23009.9
2025-03-19 06:00:00+00:00,75.0,,,6292.1,6039.7,57.5,183.5,25505.5,9377.0,25571.3
2025-03-19 07:00:00+00:00,117.38,,,8462.8,6039.7,713.0,78.8,28759.3,9740.7,28791.3
2025-03-19 08:00:00+00:00,35.01,,,7059.7,6024.7,4924.2,11.6,31602.6,10153.7,30900.6
2025-03-19 09:00:00+00:00,20.19,,,5689.1,3988.7,10745.2,208.6,34084.5,10641.8,31235.4
2025-03-19 10:00:00+00:00,6.0,,,4615.9,3988.7,14292.6,512.1,37252.4,11126.3,30956.9
2025-03-19 11:00:00+00:00,0.22,,,4338.9,3988.7,15457.3,685.5,36506.2,9566.0,30583.3
2025-03-19 12:00:00+00:00,0.0,,,3785.8,3988.7,15194.0,724.5,35906.5,9835.5,30400.9
2025-03-19 13:00:00+00:00,0.0,,,3339.6,3988.7,15066.2,717.8,35365.1,9959.6,30448.3
2025-03-19 14:00:00+00:00,0.0,,,4175.9,3988.7,15618.8,698.7,38289.8,11348.1,30267.7
2025-03-19 15:00:00+00:00,0.0,,,4192.5,3988.7,14653.3,690.1,37758.3,11791.6,29651.0
2025-03-19 16:00:00+00:00,0.1,,,4337.4,3988.7,13049.8,716.3,36794.3,12251.2,29238.4
2025-03-19 17:00:00+00:00,3.6,,,4569.4,3988.7,9428.4,583.6,36924.3,15683.8,29953.3
2025-03-19 18:00:00+00:00,31.1,,,5588.6,3988.7,3384.7,349.7,32731.8,16407.9,30707.6
2025-03-19 19:00:00+00:00,36.68,,,7795.3,6039.7,256.3,282.5,34703.6,16680.8,32819.2
2025-03-19 20:00:00+00:00,52.96,,,8202.2,6039.7,4.1,215.2,35492.8,17142.1,34149.6
2025-03-19 21:00:00+00:00,38.26,,,7835.5,6039.7,4.1,195.9,35494.5,17688.2,33265.6
2025-03-19 22:00:00+00:00,30.34,,,7617.0,3988.7,4.1,207.7,33111.1,18280.9,30456.5
2025-03-19 23:00:00+00:00,16.09,,,5865.1,3988.7,12.3,204.3,31498.6,18809.6,27587.6
2025-03-20 00:00:00+00:00,7.89,,,5178.9,3591.7,0.1,208.3,30836.4,19682.8,25215.7
2025-03-20 01:00:00+00:00,6.0,,,3493.0,3591.7,0.1,208.2,29444.0,19976.1,23632.2
2025-03-20 02:00:00+00:00,3.52,,,3445.8,3591.7,0.1,208.1,27932.7,18517.3,22668.1
2025-03-20 03:00:00+00:00,3.52,,,3403.8,3591.7,0.1,208.0,26907.8,17540.8,22168.1
2025-03-20 04:00:00+00:00,3.52,,,3365.2,3592.7,0.1,208.0,26716.0,17389.2,22168.9
2025-03-20 05:00:00+00:00,3.52,,,3364.1,3591.7,0.1,208.0,27806.8,18476.7,23106.9
2025-03-20 06:00:00+00:00,6.0,,,3519.6,3592.7,224.5,34.1,29592.0,20046.7,26087.6
2025-03-20 07:00:00+00:00,9.7,,,5921.2,3591.7,562.2,34.0,32061.1,19845.6,29706.2
2025-03-20 08:00:00+00:00,14.0,,,6014.6,3592.7,2708.3,34.0,34259.2,19757.0,31567.5
2025-03-20 09:00:00+00:00,5.0,,,5570.2,3591.7,6209.8,71.6,36467.7,18867.1,31773.9
2025-03-20 10:00:00+00:00,3.52,,,4970.5,3592.7,9041.2,199.8,36728.7,16766.7,31214.1
2025-03-20 11:00:00+00:00,3.42,,,3663.0,3591.7,10900.6,272.1,35414.0,14849.2,30877.8
2025-03-20 12:00:00+00:00,0.43,,,3442.4,3591.7,11586.6,304.4,35002.2,13952.1,30832.7
2025-03-20 13:00:00+00:00,0.65,,,3457.6,3590.7,12062.7,337.5,35202.9,13637.0,30900.0
2025-03-20 14:00:00+00:00,3.52,,,3442.2,3589.7,12004.0,350.9,37392.0,15880.8,30703.3
2025-03-20 15:00:00+00:00,6.09,,,3471.2,3589.7,10918.2,351.1,36832.7,16391.0,30237.6
2025-03-20 16:00:00+00:00,15.47,,,3927.9,3590.7,8762.4,294.6,34637.8,15944.0,29811.2
2025-03-20 17:00:00+00:00,35.0,,,5532.5,4105.4,5744.5,227.0,32930.1,14961.7,30444.5
2025-03-20 18:00:00+00:00,62.96,,,6879.1,5640.7,2150.0,177.7,32529.2,14332.2,31012.2
2025-03-20 19:00:00+00:00,101.6,,,8614.9,5640.7,379.3,181.3,32719.6,14363.0,32200.7
2025-03-20 20:00:00+00:00,93.74,,,8020.7,5641.7,12.3,290.5,32195.9,14646.3,33759.0
2025-03-20 21:00:00+00:00,63.99,,,7802.8,5641.7,4.1,208.1,32055.0,15022.3,33015.5
2025-03-20 22:00:00+00:00,50.21,,,7380.9,5640.7,4.1,208.1,31519.7,15109.1,30323.9
2025-03-20 23:00:00+00:00,41.34,,,6495.3,5641.7,4.1,208.1,30155.0,15024.3,27184.9
2025-03-21 00:00:00+00:00,16.74,100.0,,6064.0,3592.7,,315.3,29077.9,16180.7,25281.4
2025-03-21 01:00:00+00:00,9.2,,,5804.2,3592.7,,310.9,27995.4,15713.1,23679.9
2025-03-21 02:00:00+00:00,5.7,,,5212.7,3592.7,,260.8,26872.0,15228.0,22395.6
2025-03-21 03:00:00+00:00,4.2,,,5012.0,3592.7,,260.7,26168.9,14715.2,21964.5
2025-03-21 04:00:00+00:00,3.52,,,4993.6,3592.7,,260.7,25977.1,14544.9,21942.4
2025-03-21 05:00:00+00:00,4.2,,,4977.4,3592.7,,260.9,26551.6,15140.2,22708.4
2025-03-21 06:00:00+00:00,8.85,,,5238.3,3593.7,246.1,117.0,28068.8,16280.1,25542.5
2025-03-21 07:00:00+00:00,17.0,,,6058.9,3591.7,678.7,101.0,30396.3,17106.6,29288.3
2025-03-21 08:00:00+00:00,10.6,,,5896.2,3593.7,3652.1,103.2,33495.9,17675.2,31074.5
2025-03-21 09:00:00+00:00,3.52,,,5547.8,3592.7,7768.1,140.5,36283.0,16667.4,31151.8
2025-03-21 10:00:00+00:00,3.52,,,4885.8,3591.7,10479.7,314.8,36940.3,15410.7,31090.9
2025-03-21 11:00:00+00:00,0.74,,,4834.9,3593.7,11177.9,328.6,37162.9,14982.9,30620.9
2025-03-21 12:00:00+00:00,0.65,,,4660.1,3591.7,11275.1,358.8,37436.6,15308.1,30388.3
2025-03-21 13:00:00+00:00,0.18,,,4718.7,3592.7,10853.9,363.1,37251.1,15514.0,30383.8
2025-03-21 14:00:00+00:00,0.18,,,4704.3,3591.7,10128.7,363.9,36632.5,15633.5,30019.8
2025-03-21 15:00:00+00:00,0.65,,,4712.7,3590.7,9277.0,371.0,35784.6,15630.9,29458.1
2025-03-21 16:00:00+00:00,1.1,,,4823.1,3591.7,7783.3,322.7,34342.4,15562.0,29072.0
2025-03-21 17:00:00+00:00,3.52,,,5260.7,3592.7,5644.0,253.0,34827.6,17862.7,29276.7
2025-03-21 18:00:00+00:00,9.5,,,6168.9,3591.7,2355.0,213.0,33593.8,18724.5,30215.5
2025-03-21 19:00:00+00:00,35.0,,,7255.0,3911.0,436.6,180.6,32954.3,18147.4,31863.9
2025-03-21 20:00:00+00:00,40.0,,,7311.3,5643.7,12.9,289.2,33933.7,17579.9,32473.8
2025-03-21 21:00:00+00:00,35.01,,,7319.4,5222.2,4.7,280.7,32942.7,17069.7,31578.9
2025-03-21 22:00:00+00:00,29.42,,,7208.0,3591.7,4.7,260.7,30807.2,16701.1,28957.2
2025-03-21 23:00:00+00:00,15.0,,,6530.0,3592.7,4.7,260.7,29751.1,16673.3,26579.1
2025-03-22 00:00:00+00:00,3.52,,,6833.8,3584.2,,341.1,28532.6,15225.2,24490.6
2025-03-22 01:00:00+00:00,3.52,,,6182.9,3585.2,,341.2,26238.8,13600.0,22852.2
2025-03-22 02:00:00+00:00,1.0,,,6067.0,3584.2,,323.8,25558.8,13087.6,21587.8
2025-03-22 03:00:00+00:00,0.5,,,5609.6,3584.2,,323.8,24712.9,12772.0,20910.5
2025-03-22 04:00:00+00:00,0.5,,,5543.6,3585.2,,323.8,24524.6,12660.2,20519.7
2025-03-22 05:00:00+00:00,1.0,,,5451.9,3583.2,,323.8,24551.1,12769.7,20541.7
2025-03-22 06:00:00+00:00,0.65,,,6098.4,3585.2,337.3,149.8,25158.2,12571.7,21445.8
2025-03-22 07:00:00+00:00,0.5,,,6513.4,3584.2,994.7,149.7,26073.0,12417.4,22496.0
2025-03-22 08:00:00+00:00,0.1,,,5978.6,3585.2,4327.4,164.7,28597.8,12339.8,23977.1
2025-03-22 09:00:00+00:00,0.0,,,5372.9,3584.2,7846.6,247.3,31779.8,12696.7,25845.9
2025-03-22 10:00:00+00:00,0.0,,,5061.9,3584.2,9648.8,391.6,32539.4,11984.1,26452.8
2025-03-22 11:00:00+00:00,0.0,,,4976.0,3584.2,10208.2,440.6,32490.7,11497.8,26446.0
2025-03-22 12:00:00+00:00,0.0,,,4949.0,3584.2,10515.0,461.5,32459.4,11210.1,26301.8
2025-03-22 13:00:00+00:00,0.0,,,4947.8,3584.2,10909.1,494.3,32817.2,11134.2,26576.0
2025-03-22 14:00:00+00:00,0.0,,,4945.7,3584.2,10889.5,497.9,32348.6,10710.4,26306.7
2025-03-22 15:00:00+00:00,-0.01,,,4937.3,3583.2,10531.5,469.6,31508.7,10289.1,25538.6
2025-03-22 16:00:00+00:00,0.0,,,5028.3,3584.2,9880.1,459.8,31177.3,10395.1,25066.4
2025-03-22 17:00:00+00:00,0.65,,,5226.5,3584.2,7969.2,472.6,30353.5,11082.8,25299.5
2025-03-22 18:00:00+00:00,10.5,,,6121.7,3584.2,3540.7,408.0,29647.9,13411.1,26618.8
2025-03-22 19:00:00+00:00,40.0,,,7572.7,5636.2,688.3,142.8,29846.9,12699.0,28520.7
2025-03-22 20:00:00+00:00,76.01,,,8237.7,5635.2,37.4,233.7,29508.9,12150.1,28786.1
2025-03-22 21:00:00+00:00,52.05,,,7902.9,5636.2,15.2,225.2,28817.0,11889.9,28733.2
2025-03-22 22:00:00+00:00,43.9,,,7643.8,5634.2,12.2,225.1,28361.3,11775.9,26820.9
2025-03-22 23:00:00+00:00,35.01,,,6647.4,5579.1,12.2,225.1,26903.0,11617.5,24850.7
2025-03-23 00:00:00+00:00,35.01,,,7292.0,5399.6,12.2,418.8,27153.6,11679.6,22915.7
2025-03-23 01:00:00+00:00,33.55,,,7009.7,3594.2,9.2,418.8,25021.3,11714.6,21179.6
2025-03-23 02:00:00+00:00,19.97,,,6788.3,3599.2,9.2,418.7,24738.3,11853.6,19975.4
2025-03-23 03:00:00+00:00,10.1,,,6704.1,3604.2,9.2,418.7,24667.8,11953.2,19487.7
2025-03-23 04:00:00+00:00,8.5,,,6408.2,3609.2,8.2,418.8,24508.6,12089.1,19234.9
2025-03-23 05:00:00+00:00,8.74,,,6140.8,3614.2,8.2,418.9,24243.6,12091.1,19279.4
2025-03-23 06:00:00+00:00,10.1,,,6177.9,3619.2,254.8,244.9,24355.9,11858.3,19930.8
2025-03-23 07:00:00+00:00,15.0,,,5898.0,3624.2,850.0,239.1,24328.4,11433.5,20453.3
2025-03-23 08:00:00+00:00,7.4,,,5718.7,3629.2,3891.2,239.6,26366.4,10740.3,21074.9
2025-03-23 09:00:00+00:00,3.52,,,5561.9,3634.2,8349.1,268.4,27922.0,8182.0,22550.2
2025-03-23 10:00:00+00:00,0.65,,,5387.5,3639.2,11359.0,246.8,30114.4,7540.4,23827.8
2025-03-23 11:00:00+00:00,0.54,,,5334.2,3644.2,12582.4,291.8,30989.1,7229.1,24254.3
2025-03-23 12:00:00+00:00,0.1,,,5304.2,3649.2,13597.3,406.6,31758.7,6871.1,24405.7
2025-03-23 13:00:00+00:00,0.5,,,5283.7,3654.2,13981.4,548.5,32179.4,6796.2,24948.6
2025-03-23 14:00:00+00:00,0.06,,,5264.4,3759.2,14068.0,701.2,32449.3,6745.8,25046.8
2025-03-23 15:00:00+00:00,0.0,,,5220.4,3864.2,13315.1,835.6,31595.5,6500.7,23977.5
2025-03-23 16:00:00+00:00,0.02,,,5297.2,3969.2,12276.8,845.2,30984.9,6696.7,23585.0
2025-03-23 17:00:00+00:00,3.52,,,5474.8,4074.2,9662.8,819.9,29004.9,7083.4,23965.2
2025-03-23 18:00:00+00:00,35.01,,,6683.6,5397.1,4309.1,733.1,27115.8,7628.8,25385.3
2025-03-23 19:00:00+00:00,108.0,,,8941.8,6334.2,613.5,385.2,27322.1,7897.5,27120.7
2025-03-23 20:00:00+00:00,125.92,,,9504.2,6439.2,126.6,367.6,27837.6,8155.6,28631.7
2025-03-23 21:00:00+00:00,111.0,,,9090.5,6462.2,19.3,335.3,27463.3,8341.6,28502.8
2025-03-23 22:00:00+00:00,98.84,,,8670.6,6467.2,16.3,329.8,27175.7,8505.9,26734.4
2025-03-23 23:00:00+00:00,63.11,,,7930.8,6472.2,8.1,329.6,25947.4,8163.2,24863.2
2025-03-24 00:00:00+00:00,40.03,110.0,,6950.3,6545.3,11.2,372.8,25388.4,8865.7,23102.8
2025-03-24 01:00:00+00:00,28.0,,,6750.6,6377.1,,372.8,24695.4,8804.0,21811.2
2025-03-24 02:00:00+00:00,24.0,,,6756.0,6208.9,3.0,372.8,24517.1,8809.1,21010.4
2025-03-24 03:00:00+00:00,21.96,,,6730.4,6139.7,,372.8,24291.9,8692.1,20537.0
2025-03-24 04:00:00+00:00,21.87,,,6851.1,6150.7,,372.8,24447.0,8719.6,20603.4
2025-03-24 05:00:00+00:00,25.0,,,6918.3,6061.7,0.1,372.9,24496.3,8758.6,21643.9
2025-03-24 06:00:00+00:00,40.38,,,7285.9,6071.7,227.6,198.9,25640.3,8750.3,24954.6
2025-03-24 07:00:00+00:00,61.51,,,8077.9,6080.7,1449.8,193.9,27778.4,8754.2,28848.6
2025-03-24 08:00:00+00:00,37.93,,,7900.6,6092.7,7465.0,210.9,32785.9,8075.2,31354.6
2025-03-24 09:00:00+00:00,20.19,,,6884.6,6100.7,13984.7,509.9,37509.9,7565.6,32004.4
2025-03-24 10:00:00+00:00,3.52,,,6491.7,6106.7,17255.8,1015.2,39647.6,6447.1,32250.8
2025-03-24 11:00:00+00:00,0.65,,,6228.2,6106.7,18114.1,1243.1,39557.7,5527.1,31949.8
2025-03-24 12:00:00+00:00,0.65,,,6172.3,6105.7,17903.2,1261.1,39508.4,5724.5,31839.4
2025-03-24 13:00:00+00:00,2.0,,,6152.7,6106.7,17620.2,1211.4,39622.5,6198.9,31773.5
2025-03-24 14:00:00+00:00,3.52,,,6129.4,6105.7,16646.0,1182.4,39039.5,6652.8,31390.3
2025-03-24 15:00:00+00:00,3.52,,,6172.2,6104.7,15388.9,1081.3,38796.0,7724.5,30888.7
2025-03-24 16:00:00+00:00,7.4,,,6211.7,6106.7,13389.0,1001.6,38339.3,9312.9,30669.7
2025-03-24 17:00:00+00:00,23.79,,,6875.2,6105.7,10050.4,912.5,35710.0,9376.4,30900.6
2025-03-24 18:00:00+00:00,59.99,,,8079.5,6105.7,4295.0,650.8,32282.8,9666.0,31264.7
2025-03-24 19:00:00+00:00,179.1,,,10733.8,6106.7,727.7,394.3,31679.1,10048.0,31669.8
2025-03-24 20:00:00+00:00,158.3,,,10732.9,6105.7,126.5,431.7,31377.4,10296.6,33124.7
2025-03-24 21:00:00+00:00,120.96,,,9637.8,6106.7,8.4,423.0,30366.6,10510.0,32254.2
2025-03-24 22:00:00+00:00,107.92,,,9222.9,6105.7,8.4,416.9,29924.5,10498.0,29399.2
2025-03-24 23:00:00+00:00,74.73,,,8198.7,6105.7,8.4,375.7,28131.4,9922.2,26926.7
2025-03-25 00:00:00+00:00,40.51,,,8033.5,6107.6,3.0,419.6,27250.7,9451.2,25614.2
2025-03-25 01:00:00+00:00,20.26,,,7870.3,6108.7,,435.2,26594.8,9427.3,24247.0
2025-03-25 02:00:00+00:00,13.13,,,7848.4,6108.7,,390.0,26333.7,9409.9,23440.2
2025-03-25 03:00:00+00:00,12.2,,,7849.8,6108.7,,390.3,26332.1,9401.2,22927.2
2025-03-25 04:00:00+00:00,12.73,,,7799.3,6108.7,0.1,390.2,26209.7,9330.3,22940.6
2025-03-25 05:00:00+00:00,17.87,,,7838.6,6108.7,0.5,435.3,26349.9,9296.8,23498.6
2025-03-25 06:00:00+00:00,32.38,,,8520.0,6109.7,49.3,380.3,27119.3,9015.5,26046.4
2025-03-25 07:00:00+00:00,90.99,,,9021.1,6108.7,1290.3,122.4,28963.8,9084.3,29371.9
2025-03-25 08:00:00+00:00,37.93,,,8360.3,6109.7,7299.1,149.6,33681.3,8644.6,31955.1
2025-03-25 09:00:00+00:00,4.96,,,7727.0,6108.7,13990.8,410.4,38419.6,7677.6,32721.5
2025-03-25 10:00:00+00:00,1.06,,,7075.9,6108.7,17272.0,1061.2,40662.4,6855.7,32679.4
2025-03-25 11:00:00+00:00,0.0,,,7012.4,6108.7,17576.3,1340.9,40767.0,6503.8,32223.7
2025-03-25 12:00:00+00:00,0.01,,,6962.8,6108.7,17835.7,1347.9,40660.4,6193.2,32083.0
2025-03-25 13:00:00+00:00,0.1,,,6972.4,6108.7,17707.5,1283.1,40296.6,6019.4,32023.6
2025-03-25 14:00:00+00:00,0.42,,,6967.8,6106.7,17080.3,1256.0,39746.3,6096.8,31702.8
2025-03-25 15:00:00+00:00,1.03,,,6969.2,6106.7,16438.1,1256.6,39393.8,6349.9,31158.3
2025-03-25 16:00:00+00:00,3.6,,,6963.1,6107.7,14834.3,1232.9,38979.4,7486.2,31001.3
2025-03-25 17:00:00+00:00,12.2,,,7160.5,6106.7,11662.6,1164.7,36868.6,8297.6,31273.7
2025-03-25 18:00:00+00:00,65.0,,,8728.7,6106.7,5238.7,971.1,33805.8,9212.3,31551.5
2025-03-25 19:00:00+00:00,160.86,,,10522.1,6107.7,1215.6,695.2,32258.4,9986.5,32466.0
2025-03-25 20:00:00+00:00,158.84,,,10578.2,6107.7,488.1,521.9,31976.8,10534.2,33901.6
2025-03-25 21:00:00+00:00,128.4,,,10244.3,6107.7,15.3,488.2,31364.0,10763.7,32549.6
2025-03-25 22:00:00+00:00,104.25,,,9431.5,6106.7,12.3,441.3,30409.6,10692.4,29906.0
2025-03-25 23:00:00+00:00,99.0,,,8941.7,6108.7,12.3,361.0,29256.2,10228.4,27121.5
2025-03-26 00:00:00+00:00,47.39,100.0,,8649.4,6108.7,4.0,375.0,27622.6,9105.8,25547.6
2025-03-26 01:00:00+00:00,30.0,,,7871.7,6109.7,,399.8,26523.6,8996.8,24246.5
2025-03-26 02:00:00+00:00,15.85,,,7814.0,6109.7,4.0,399.7,25921.4,8756.8,23182.4
2025-03-26 03:00:00+00:00,15.8,,,7801.3,6108.7,,399.8,25531.8,8386.4,22899.8
2025-03-26 04:00:00+00:00,20.08,,,7834.4,6109.7,,399.8,25624.0,8326.6,22540.5
2025-03-26 05:00:00+00:00,28.6,,,7987.9,6109.7,,399.7,25977.5,8319.4,23342.1
2025-03-26 06:00:00+00:00,60.0,,,9188.5,6109.7,102.5,282.7,27531.2,8491.6,25990.8
2025-03-26 07:00:00+00:00,95.79,,,9495.1,6109.7,1789.3,192.8,29535.3,8527.5,29143.2
2025-03-26 08:00:00+00:00,21.7,,,8129.4,6110.7,9186.8,225.3,35478.2,8804.9,32043.2
2025-03-26 09:00:00+00:00,0.2,,,7841.8,6108.7,16143.8,862.4,40208.3,6832.2,31675.8
2025-03-26 10:00:00+00:00,-0.01,,,7185.3,6109.7,16986.2,1595.5,39908.5,6021.4,30815.5
2025-03-26 11:00:00+00:00,-0.45,,,6877.0,6109.7,16319.5,1853.3,38138.2,5000.5,30351.2
2025-03-26 12:00:00+00:00,-0.5,,,6857.1,6109.7,16312.3,1884.1,38077.8,4948.2,30130.8
2025-03-26 13:00:00+00:00,-0.45,,,6880.0,6108.7,16135.5,1885.2,38163.3,5189.0,30167.3
2025-03-26 14:00:00+00:00,-0.45,,,6840.5,6107.7,15543.2,1851.3,37891.3,5588.1,29876.3
2025-03-26 15:00:00+00:00,-0.45,,,6861.4,6107.7,14629.3,1856.2,37494.2,6084.4,29359.2
2025-03-26 16:00:00+00:00,-0.01,,,6901.4,6107.7,13868.1,1832.7,37304.9,6657.5,29202.9
2025-03-26 17:00:00+00:00,0.0,,,7419.9,6106.7,12788.1,1677.5,38066.8,7754.7,29853.8
2025-03-26 18:00:00+00:00,27.0,,,8136.7,6107.7,5951.7,1262.0,35283.0,10835.2,30601.9
2025-03-26 19:00:00+00:00,125.22,,,10714.5,6107.7,808.0,844.8,33573.2,11338.3,31616.5
2025-03-26 20:00:00+00:00,126.66,,,10779.0,6108.7,31.1,644.9,32921.3,11578.6,32830.7
2025-03-26 21:00:00+00:00,104.94,,,9759.6,6107.7,5.1,619.0,31805.0,11538.4,32116.1
2025-03-26 22:00:00+00:00,97.33,,,9760.9,6108.7,13.3,618.4,31509.7,11281.3,29433.4
2025-03-26 23:00:00+00:00,54.68,,,9563.7,6107.7,5.1,585.3,30733.3,10865.1,27514.6
2025-03-27 00:00:00+00:00,93.52,100.0,,8917.5,5105.2,12.2,503.1,27193.2,9371.1,25029.3
2025-03-27 01:00:00+00:00,63.09,,,8443.8,5106.2,12.2,480.1,26095.0,8951.3,23702.9
2025-03-27 02:00:00+00:00,60.0,,,8033.2,5106.2,12.2,470.2,25289.2,8570.4,22733.5
2025-03-27 03:00:00+00:00,52.98,,,7866.5,5105.2,12.2,470.2,24788.4,8259.8,22354.4
2025-03-27 04:00:00+00:00,52.98,,,7887.8,5107.2,12.2,424.3,24558.3,8051.8,22236.8
2025-03-27 05:00:00+00:00,63.09,,,8152.1,5106.2,8.2,414.4,24767.2,7951.1,22942.7
2025-03-27 06:00:00+00:00,85.92,,,9256.5,6112.2,152.6,267.6,26919.9,7887.3,25744.6
2025-03-27 07:00:00+00:00,125.03,,,10290.1,6112.2,1723.1,187.4,29502.5,7852.3,29021.0
2025-03-27 08:00:00+00:00,59.0,,,8536.3,6113.2,8536.0,208.2,34247.9,7636.7,31303.5
2025-03-27 09:00:00+00:00,3.52,,,7815.5,5106.2,15664.4,827.7,38373.7,6635.7,31809.1
2025-03-27 10:00:00+00:00,0.0,,,7191.0,5105.2,18367.7,1597.9,40070.2,5493.6,31508.4
2025-03-27 11:00:00+00:00,-0.01,,,6857.7,5107.2,17898.4,1759.6,38636.1,4986.5,30881.3
2025-03-27 12:00:00+00:00,-0.01,,,6789.5,5106.2,17903.6,1715.6,38568.7,5038.5,30693.9
2025-03-27 13:00:00+00:00,-0.01,,,6799.2,5105.2,17711.3,1668.5,38565.2,5252.3,30621.4
2025-03-27 14:00:00+00:00,-0.01,,,6780.2,5104.2,17226.3,1647.5,38293.4,5517.4,30339.6
2025-03-27 15:00:00+00:00,-0.01,,,6798.2,5104.2,16024.1,1673.3,37419.4,5817.7,29736.6
2025-03-27 16:00:00+00:00,0.0,,,6813.6,5104.2,14738.7,1692.1,36935.9,6568.8,29457.1
2025-03-27 17:00:00+00:00,0.65,,,7289.8,5103.2,12657.2,1604.8,36497.8,7584.2,30130.9
2025-03-27 18:00:00+00:00,47.81,,,8468.2,5104.2,6002.4,1288.6,33877.0,9610.0,30396.4
2025-03-27 19:00:00+00:00,150.0,,,10789.7,6110.2,1002.4,899.4,32601.8,10110.1,30758.5
2025-03-27 20:00:00+00:00,135.57,,,10710.1,6111.2,296.8,657.5,31870.9,10376.8,32234.6
2025-03-27 21:00:00+00:00,117.75,,,9693.6,6111.2,102.6,594.6,30536.5,10322.0,31585.1
2025-03-27 22:00:00+00:00,106.1,,,9546.5,6110.2,13.3,584.1,30023.8,10063.5,29068.4
2025-03-27 23:00:00+00:00,93.2,,,9248.2,6111.2,13.3,583.8,29376.7,9788.8,26602.0
2025-03-28 00:00:00+00:00,51.4,100.0,,8328.0,6107.3,12.2,464.2,28647.1,10280.1,24937.2
2025-03-28 01:00:00+00:00,37.0,,,7373.8,6107.3,4.0,469.2,27178.0,10003.2,23382.7
2025-03-28 02:00:00+00:00,21.61,,,7192.6,6108.3,4.0,423.7,26264.8,9557.3,22540.3
2025-03-28 03:00:00+00:00,20.8,,,7179.3,6107.3,4.0,404.4,25906.9,9234.1,22136.5
2025-03-28 04:00:00+00:00,20.8,,,7214.0,6109.3,4.1,404.5,25727.2,9017.3,22091.5
2025-03-28 05:00:00+00:00,29.5,,,7327.9,6107.3,0.2,414.4,25964.5,9114.4,22735.6
2025-03-28 06:00:00+00:00,51.4,,,8291.9,6109.3,141.9,419.6,27638.1,9271.0,25774.8
2025-03-28 07:00:00+00:00,86.9,,,9062.9,6108.3,2074.5,334.1,30289.0,9291.0,29344.7
2025-03-28 08:00:00+00:00,20.08,,,7470.2,6108.3,9820.9,332.1,35996.3,9411.1,31282.1
2025-03-28 09:00:00+00:00,0.02,,,6932.5,6108.3,16882.1,1000.3,40390.3,7278.0,31094.3
2025-03-28 10:00:00+00:00,-0.4,,,6465.0,6108.3,17259.5,1850.7,40159.8,6570.9,30155.8
2025-03-28 11:00:00+00:00,-1.0,,,6378.2,6108.3,17053.9,1985.3,39152.4,5728.7,29423.4
2025-03-28 12:00:00+00:00,-1.02,,,6267.9,6107.3,16840.3,2039.2,38806.3,5680.7,29053.3
2025-03-28 13:00:00+00:00,-1.04,,,6267.6,6107.3,16747.3,2030.1,38780.7,5746.6,29027.7
2025-03-28 14:00:00+00:00,-1.2,,,6239.1,6106.3,16534.0,2041.0,38562.4,5759.8,28749.3
2025-03-28 15:00:00+00:00,-1.24,,,6280.2,6105.3,15574.8,2051.6,36979.4,5108.1,28386.4
2025-03-28 16:00:00+00:00,-1.24,,,6294.0,6104.3,14646.3,2055.6,36826.8,5882.4,28270.8
2025-03-28 17:00:00+00:00,-0.62,,,6495.4,6105.3,12826.4,2024.0,37233.8,7990.2,28696.8
2025-03-28 18:00:00+00:00,3.52,,,7516.6,6105.3,7468.2,1693.6,37643.9,12397.4,30178.9
2025-03-28 19:00:00+00:00,62.0,,,9169.7,6105.3,1153.4,1015.3,35446.5,14515.8,31611.0
2025-03-28 20:00:00+00:00,85.36,,,9400.0,6105.3,0.1,735.0,34651.4,14763.3,32380.9
2025-03-28 21:00:00+00:00,63.53,,,9058.9,6107.3,5.1,693.4,34297.5,14788.1,31728.1
2025-03-28 22:00:00+00:00,50.0,,,8980.3,6105.3,5.1,705.8,33663.5,14424.2,28942.8
2025-03-28 23:00:00+00:00,20.8,,,8497.8,6107.3,5.1,682.8,32137.9,14172.9,26893.6
2025-03-29 00:00:00+00:00,13.29,100.0,,7611.4,4103.3,,606.4,29436.7,14417.2,24504.7
2025-03-29 01:00:00+00:00,10.63,,,7322.4,3789.1,,581.3,28618.8,14267.8,22968.6
2025-03-29 02:00:00+00:00,7.0,,,7068.2,3593.7,4.0,535.1,27563.5,14009.9,21743.5
2025-03-29 03:00:00+00:00,5.0,,,6990.7,3592.7,1.7,450.8,26984.8,13676.6,21086.7
2025-03-29 04:00:00+00:00,4.96,,,6970.2,3593.7,,370.4,26715.1,13509.5,20732.9
2025-03-29 05:00:00+00:00,4.96,,,6983.8,3593.7,,365.1,26841.1,13479.4,20687.5
2025-03-29 06:00:00+00:00,5.0,,,7049.4,3593.7,247.7,183.2,27333.6,13822.1,21322.4
2025-03-29 07:00:00+00:00,3.52,,,6803.5,3593.7,2495.0,113.6,27683.7,12523.5,22086.8
2025-03-29 08:00:00+00:00,0.0,,,6392.3,3594.7,9759.9,130.8,31876.5,10101.6,23544.9
2025-03-29 09:00:00+00:00,-1.01,,,6176.6,3592.7,13420.8,1113.2,34282.8,8183.5,25082.0
2025-03-29 10:00:00+00:00,-2.0,,,5965.7,2423.9,15057.5,1966.0,33173.9,6021.6,25597.9
2025-03-29 11:00:00+00:00,-2.0,,,5935.1,3239.7,14145.0,2012.1,33042.0,5956.6,25566.0
2025-03-29 12:00:00+00:00,-2.0,,,5862.1,1678.9,15619.8,2090.6,33010.3,6030.4,25281.3
2025-03-29 13:00:00+00:00,-2.0,,,5793.2,1298.1,16196.3,2101.4,33277.0,6167.8,25488.0
2025-03-29 14:00:00+00:00,-2.2,,,5781.1,1246.7,15764.0,1981.0,32900.7,6407.9,25112.7
2025-03-29 15:00:00+00:00,-2.2,,,5778.6,1246.7,15117.1,1531.6,31846.8,6497.0,24189.8
2025-03-29 16:00:00+00:00,-2.2,,,5780.1,1246.7,14045.5,1868.7,31274.6,6658.5,23698.6
2025-03-29 17:00:00+00:00,-2.0,,,5944.7,3080.9,11983.8,2052.1,31906.8,7119.6,23974.8
2025-03-29 18:00:00+00:00,0.0,,,6571.1,3590.7,7368.6,1728.8,33341.7,12059.1,25123.7
2025-03-29 19:00:00+00:00,11.13,,,7119.8,3591.7,1320.8,1013.3,33247.1,17643.2,27147.7
2025-03-29 20:00:00+00:00,20.16,,,8013.8,3591.7,2.3,755.0,33607.4,18246.7,28807.2
2025-03-29 21:00:00+00:00,18.58,,,8015.7,3591.7,5.1,707.0,33502.8,18292.8,28688.5
2025-03-29 22:00:00+00:00,11.13,,,7352.7,3591.7,5.1,706.3,31871.5,17676.7,26646.2
2025-03-29 23:00:00+00:00,6.0,,,7065.5,3591.7,5.1,688.2,30120.2,16327.2,24544.3
2025-03-30 00:00:00+00:00,3.6,,,6440.4,3593.7,,628.1,27983.5,14999.1,22414.9
2025-03-30 01:00:00+00:00,3.2,,,5945.8,3593.7,,611.0,25071.7,12706.2,20567.4
2025-03-30 02:00:00+00:00,0.65,,,5908.4,3593.7,,595.9,23936.2,11744.9,19168.5
2025-03-30 03:00:00+00:00,0.1,,,5892.8,3593.7,,519.7,23586.9,11499.8,18880.9
2025-03-30 04:00:00+00:00,0.09,,,5875.4,3594.7,,444.4,23513.0,11514.2,18956.7
2025-03-30 05:00:00+00:00,0.17,,,5914.1,3593.7,6.1,444.4,23599.9,11560.3,19339.2
2025-03-30 06:00:00+00:00,0.13,,,5913.8,3594.7,488.4,345.7,23886.1,11497.7,19809.6
2025-03-30 07:00:00+00:00,0.0,,,5687.9,3593.7,2870.6,361.7,25226.8,10751.5,20173.9
2025-03-30 08:00:00+00:00,-1.53,,,4802.5,3594.7,8471.1,550.5,27066.8,8033.0,21207.4
2025-03-30 09:00:00+00:00,-2.31,,,4518.2,2300.7,13201.7,950.5,28454.9,6022.7,22162.6
2025-03-30 10:00:00+00:00,-3.8,,,3821.8,2300.7,14986.3,1265.9,29139.3,5419.6,22682.3
2025-03-30 11:00:00+00:00,-4.0,,,3815.1,2273.1,15635.2,1427.2,29814.8,5304.2,22782.3
2025-03-30 12:00:00+00:00,-4.0,,,3778.8,2179.7,14895.5,1451.9,28457.2,4783.5,23212.4
2025-03-30 13:00:00+00:00,-5.0,,,3747.8,2293.2,14420.6,1452.4,27449.2,4198.0,23530.2
2025-03-30 14:00:00+00:00,-5.21,,,3652.1,2029.5,12977.3,1447.7,24408.1,3041.1,22568.5
2025-03-30 15:00:00+00:00,-4.0,,,3760.2,1987.4,14526.8,1443.3,27810.6,4738.3,21984.7
2025-03-30 16:00:00+00:00,-3.0,,,3791.7,2260.0,14303.6,1455.8,28268.0,5099.8,22437.1
2025-03-30 17:00:00+00:00,-2.2,,,4304.1,3577.3,12226.9,2018.4,29222.9,5634.7,23168.2
2025-03-30 18:00:00+00:00,0.02,,,6609.9,3591.7,8398.6,1913.9,32400.9,10110.6,25127.8
2025-03-30 19:00:00+00:00,25.46,,,7354.2,3590.7,1520.6,1547.5,30338.2,13614.8,27209.2
2025-03-30 20:00:00+00:00,35.01,,,7472.0,5060.0,8.3,998.9,30471.9,14222.3,28242.2
2025-03-30 21:00:00+00:00,25.63,,,7433.5,3591.7,5.1,740.4,28932.3,14456.5,26538.2
2025-03-30 22:00:00+00:00,10.63,,,7325.6,3592.7,5.1,716.0,27958.4,14147.9,24194.9
2025-03-30 23:00:00+00:00,0.65,,,6639.7,5387.7,0.1,705.2,26130.9,11142.4,22998.1
2025-04-30 23:00:00+00:00,29.2,,,7122.5,,12.2,343.8,22845.3,11320.1,21185.9
2025-05-01 00:00:00+00:00,22.66,,,7120.6,,12.2,343.9,21067.6,10043.6,19773.2
2025-05-01 01:00:00+00:00,22.59,,,7114.1,,17.2,323.9,20012.9,9048.6,18652.6
2025-05-01 02:00:00+00:00,23.22,,,7030.9,,13.2,323.8,19401.1,8251.6,17940.7
2025-05-01 03:00:00+00:00,22.59,,,7053.5,,12.2,323.7,18488.5,7618.2,17592.1
2025-05-01 04:00:00+00:00,27.2,,,7056.7,,17.2,323.7,18474.2,7205.6,17433.6
2025-05-01 05:00:00+00:00,28.16,,,6851.5,,108.9,323.7,18082.8,6923.3,17940.7
2025-05-01 06:00:00+00:00,23.02,,,6027.3,,984.0,203.3,17146.7,6285.5,18391.5
2025-05-01 07:00:00+00:00,18.39,,,5564.3,,4944.3,235.9,20162.1,5951.7,19131.1
2025-05-01 08:00:00+00:00,0.0,,,4947.6,,11144.6,386.1,23493.7,4262.6,20207.4
2025-05-01 09:00:00+00:00,-3.0,,,4285.8,,12650.8,1032.3,22887.8,2465.6,20958.2
2025-05-01 10:00:00+00:00,-6.0,,,2321.4,,13194.3,1089.4,20835.1,2017.8,20892.1
2025-05-01 11:00:00+00:00,-7.02,,,2293.9,,13254.3,1136.2,20955.5,2106.7,20915.5
2025-05-01 12:00:00+00:00,-7.81,,,2292.6,,13391.1,1143.2,21168.9,2185.4,21157.9
2025-05-01 13:00:00+00:00,-7.81,,,2293.7,,13050.4,1117.2,20968.7,2349.6,20960.7
2025-05-01 14:00:00+00:00,-10.0,,,2286.4,,12516.0,1052.3,20407.1,2417.2,19963.1
2025-05-01 15:00:00+00:00,-5.17,,,2318.4,,13686.9,1637.7,23077.9,3200.0,19006.8
2025-05-01 16:00:00+00:00,-4.0,,,3321.9,,13332.4,1699.0,24639.1,3931.8,19137.1
2025-05-01 17:00:00+00:00,-1.54,,,4168.6,,12270.2,1671.7,25228.0,4622.1,19841.0
2025-05-01 18:00:00+00:00,0.0,,,4981.7,,9294.4,1456.8,25968.9,7490.2,20912.9
2025-05-01 19:00:00+00:00,30.0,,,6783.6,,2974.3,1020.4,26010.2,11043.3,22404.4
2025-05-01 20:00:00+00:00,55.0,,,7613.7,2040.0,234.7,657.7,26767.3,11689.5,24077.9
2025-05-01 21:00:00+00:00,35.5,,,7104.6,2040.0,18.5,609.6,26370.9,12119.4,23045.7
2025-05-01 22:00:00+00:00,33.87,,,7039.0,,12.4,608.0,23887.4,11971.5,21156.3
2025-05-01 23:00:00+00:00,13.04,,,6530.2,,5.0,541.2,23501.8,12684.0,19871.6
2025-05-02 00:00:00+00:00,5.11,,,6522.8,,4.0,517.3,22548.6,12111.8,18837.9
2025-05-02 01:00:00+00:00,2.8,,,6013.6,,4.0,459.9,21220.1,11429.0,17938.2
2025-05-02 02:00:00+00:00,2.5,,,5982.3,,5.0,392.2,20835.4,11142.3,17545.5
2025-05-02 03:00:00+00:00,2.5,,,5995.4,,4.0,373.7,20574.3,10862.3,17474.3
2025-05-02 04:00:00+00:00,3.17,,,6062.1,,5.0,353.7,20500.0,10725.4,17996.1
2025-05-02 05:00:00+00:00,7.96,,,6369.3,,61.5,353.7,22097.5,11799.5,20156.1
2025-05-02 06:00:00+00:00,7.96,,,6867.4,,748.1,265.6,23146.4,11721.9,22198.4
2025-05-02 07:00:00+00:00,14.0,,,6915.8,,2844.4,280.4,25568.2,11741.1,23786.0
2025-05-02 08:00:00+00:00,12.41,,,6274.0,,7092.0,319.8,28543.1,11619.0,24330.7
2025-05-02 09:00:00+00:00,0.85,,,4825.7,,10536.9,505.1,27602.8,8792.0,24512.0
2025-05-02 10:00:00+00:00,-0.01,,,4529.1,,11548.8,635.3,27547.9,8125.8,24441.5
2025-05-02 11:00:00+00:00,-0.99,,,4340.7,,12464.0,728.3,27588.8,7328.3,24093.1
2025-05-02 12:00:00+00:00,-3.0,,,3887.6,,12988.2,876.5,25873.9,5571.5,24041.6
2025-05-02 13:00:00+00:00,-4.0,,,3838.6,,13506.7,951.5,25924.3,5081.4,23518.2
2025-05-02 14:00:00+00:00,-4.0,,,3845.9,,13393.3,1040.3,25855.9,4989.1,22529.2
2025-05-02 15:00:00+00:00,-4.0,,,3881.4,,13125.8,1073.0,25560.3,4898.9,22044.6
2025-05-02 16:00:00+00:00,-2.0,,,4485.1,,12669.3,1166.6,25814.6,4816.7,22281.1
2025-05-02 17:00:00+00:00,0.0,,,4782.5,,12051.2,1187.0,27825.5,7020.4,22759.1
2025-05-02 18:00:00+00:00,13.04,,,5285.9,,8504.7,1096.0,27805.2,9553.8,23834.5
2025-05-02 19:00:00+00:00,35.01,,,7088.8,1489.0,2595.5,719.6,25636.4,9117.2,25259.4
2025-05-02 20:00:00+00:00,67.05,,,7781.4,2040.0,83.9,548.2,23841.9,8699.2,26101.9
2025-05-02 21:00:00+00:00,52.05,,,7690.2,2040.0,18.3,459.3,23275.6,8386.0,24443.7
2025-05-02 22:00:00+00:00,41.05,,,7104.0,2040.0,13.3,457.3,22399.2,8101.7,22442.2
2025-05-02 23:00:00+00:00,36.13,,,6949.1,2042.6,13.2,379.2,21286.5,7285.8,20890.9
2025-05-03 00:00:00+00:00,26.0,,,6804.9,,12.2,379.3,18876.8,7076.9,19640.7
2025-05-03 01:00:00+00:00,16.16,,,6261.1,,9.0,359.3,18093.8,6977.2,18583.1
2025-05-03 02:00:00+00:00,13.89,,,6105.7,,5.0,359.3,17305.7,6778.6,18002.9
2025-05-03 03:00:00+00:00,13.37,,,6128.6,,4.0,359.4,16838.9,6502.3,17718.1
2025-05-03 04:00:00+00:00,15.17,,,6181.8,,10.0,359.4,17128.9,6185.3,17821.5
2025-05-03 05:00:00+00:00,16.91,,,6370.9,,67.9,359.4,17016.4,5770.3,18595.2
2025-05-03 06:00:00+00:00,14.13,,,6392.6,,1189.5,335.3,17346.0,5325.8,19137.7
2025-05-03 07:00:00+00:00,12.67,,,6154.7,,5532.9,361.1,20751.9,4939.9,20285.2
2025-05-03 08:00:00+00:00,5.7,,,5079.8,,12113.7,478.6,25213.4,4534.7,21719.8
2025-05-03 09:00:00+00:00,0.0,,,4703.6,,15727.3,728.0,26670.5,3195.0,22571.5
2025-05-03 10:00:00+00:00,-0.05,,,4414.9,,16466.1,872.5,27016.2,3086.6,22556.2
2025-05-03 11:00:00+00:00,-1.16,,,4246.5,,16416.4,936.0,26449.7,2694.9,22254.6
2025-05-03 12:00:00+00:00,-3.04,,,3715.9,,16220.4,971.0,25151.7,2237.4,22395.5
2025-05-03 13:00:00+00:00,-2.69,,,4171.1,,16105.0,986.8,25668.6,2318.8,21950.0
2025-05-03 14:00:00+00:00,-3.0,,,3870.3,,15846.6,1006.5,25171.0,2365.2,20832.0
2025-05-03 15:00:00+00:00,-3.0,,,4013.7,,14967.8,999.7,24495.5,2438.4,20158.5
2025-05-03 16:00:00+00:00,-1.0,,,4311.8,,13999.2,1019.3,24616.7,3101.1,20275.7
2025-05-03 17:00:00+00:00,2.2,,,4714.0,,13956.5,1013.1,26449.1,4215.7,20924.1
2025-05-03 18:00:00+00:00,19.01,,,5643.8,,8348.2,905.8,23994.1,5163.1,21685.3
2025-05-03 19:00:00+00:00,35.24,,,6609.6,2042.6,2424.9,711.4,21203.9,4795.5,22543.8
2025-05-03 20:00:00+00:00,63.8,,,7251.9,2042.6,143.8,544.6,19453.0,4805.2,23920.7
2025-05-03 21:00:00+00:00,63.7,,,7225.5,2042.6,13.5,469.2,19291.9,4869.0,22936.1
2025-05-03 22:00:00+00:00,47.97,,,6726.4,2042.6,13.4,417.3,18911.6,5047.1,21148.5
2025-05-03 23:00:00+00:00,36.13,,,7243.0,2042.6,13.2,439.4,20256.5,6010.4,19911.7
2025-05-04 00:00:00+00:00,32.35,,,7000.9,,12.2,439.4,17954.6,6062.7,18787.1
2025-05-04 01:00:00+00:00,24.01,,,6702.9,,17.2,402.6,17547.8,6041.7,17695.9
2025-05-04 02:00:00+00:00,19.31,,,6507.9,,5.0,386.4,17179.4,5934.4,17128.4
2025-05-04 03:00:00+00:00,16.54,,,6315.5,,4.0,386.5,16802.3,5785.2,16824.8
2025-05-04 04:00:00+00:00,15.58,,,6288.5,,10.0,386.4,16313.3,5627.7,16773.8
2025-05-04 05:00:00+00:00,13.62,,,6251.3,,5.5,386.4,15940.1,5530.4,17215.3
2025-05-04 06:00:00+00:00,7.83,,,5886.7,,1037.5,346.8,16413.3,5378.8,17549.3
2025-05-04 07:00:00+00:00,3.5,,,5639.1,,4922.4,372.1,17992.9,4427.5,18445.3
2025-05-04 08:00:00+00:00,0.0,,,5101.8,,9813.5,465.3,21838.0,4140.3,19637.0
2025-05-04 09:00:00+00:00,-0.01,,,4884.8,,12902.1,574.0,24717.8,4084.2,20515.3
2025-05-04 10:00:00+00:00,-0.62,,,4637.8,,13402.5,732.5,24937.5,3864.4,20657.3
2025-05-04 11:00:00+00:00,-1.01,,,4473.8,,13676.8,831.0,24902.3,3631.5,20566.6
2025-05-04 12:00:00+00:00,-2.0,,,4450.5,,13584.9,895.1,24223.8,3065.1,20873.8
2025-05-04 13:00:00+00:00,-5.01,,,3862.4,,13129.4,834.2,22499.2,2688.0,20801.0
2025-05-04 14:00:00+00:00,-4.0,,,3895.2,,13295.6,905.7,23807.2,3602.6,19699.1
2025-05-04 15:00:00+00:00,-4.99,,,3928.3,,12614.4,947.2,23095.2,3516.8,19108.8
2025-05-04 16:00:00+00:00,-4.0,,,4022.0,,11924.9,932.7,23206.4,4225.1,19360.6
2025-05-04 17:00:00+00:00,-0.05,,,4856.9,,11115.6,957.5,25500.0,6276.5,20225.4
2025-05-04 18:00:00+00:00,3.52,,,5657.8,,7884.4,839.1,26360.4,9132.6,21141.9
2025-05-04 19:00:00+00:00,19.74,,,6882.1,,2425.3,626.4,23822.2,9454.6,22580.0
2025-05-04 20:00:00+00:00,35.0,,,7147.2,839.0,51.8,510.7,22435.0,9292.9,24675.1
2025-05-04 21:00:00+00:00,35.0,,,7235.3,842.3,5.3,454.0,22450.0,9315.7,23818.6
2025-05-04 22:00:00+00:00,23.51,,,7054.9,,10.2,410.2,21629.4,9595.0,21895.9
2025-05-04 23:00:00+00:00,28.1,,,6543.3,114.0,12.2,436.3,20100.3,9866.4,20157.1
2025-05-05 00:00:00+00:00,20.37,,,6360.7,192.0,12.2,419.3,19788.1,9821.6,18947.2
2025-05-05 01:00:00+00:00,15.78,,,6213.7,250.0,17.2,386.3,19643.7,9810.2,18262.3
2025-05-05 02:00:00+00:00,12.2,,,6196.0,374.0,10.0,386.3,19518.5,9602.6,17995.5
2025-05-05 03:00:00+00:00,9.49,,,6196.2,406.0,9.0,386.3,19513.6,9565.4,18016.6
2025-05-05 04:00:00+00:00,14.94,,,6254.5,435.0,10.0,386.4,19893.2,9822.3,18767.3
2025-05-05 05:00:00+00:00,22.89,,,6738.3,493.0,18.9,386.4,20511.6,9804.8,21278.8
2025-05-05 06:00:00+00:00,35.0,,,6991.9,780.6,1051.1,303.7,23276.9,9719.3,24276.6
2025-05-05 07:00:00+00:00,35.0,,,6739.4,979.2,4295.5,329.2,26344.8,9690.8,26171.5
2025-05-05 08:00:00+00:00,16.3,,,5405.3,742.0,9442.0,461.2,29252.5,10086.4,26790.1
2025-05-05 09:00:00+00:00,1.0,,,4893.6,779.0,13463.3,574.7,30147.5,7843.3,26470.9
2025-05-05 10:00:00+00:00,-0.01,,,4643.2,817.0,14063.3,687.5,29874.9,7372.8,26176.2
2025-05-05 11:00:00+00:00,-0.99,,,4369.1,892.0,14467.4,773.0,29678.6,6891.9,26004.8
2025-05-05 12:00:00+00:00,-1.54,,,4339.5,976.0,15043.3,915.4,29488.0,5980.3,25835.2
2025-05-05 13:00:00+00:00,-3.0,19.0,,4299.2,1058.0,14860.7,1041.8,29111.6,5619.7,25457.8
2025-05-05 14:00:00+00:00,-4.0,48.0,,3872.1,1141.0,14367.1,1174.0,28360.6,5623.6,24717.8
2025-05-05 15:00:00+00:00,-4.0,65.0,,3905.2,1226.0,13664.0,1339.5,27666.6,5352.4,24215.8
2025-05-05 16:00:00+00:00,-4.0,84.0,,4095.4,1293.0,12796.6,1398.8,27923.9,6126.9,24542.3
2025-05-05 17:00:00+00:00,-0.99,140.0,,4688.7,1344.0,11434.8,1354.7,29889.0,8630.6,24960.5
2025-05-05 18:00:00+00:00,0.0,,,5560.2,1417.5,8225.9,1145.1,30485.4,11610.6,26157.1
2025-05-05 19:00:00+00:00,10.0,365.0,,6323.3,1499.5,2825.4,811.6,30827.2,15822.2,27412.1
2025-05-05 20:00:00+00:00,28.1,340.0,,6783.3,1581.5,114.2,547.1,28933.7,16075.3,28145.7
2025-05-05 21:00:00+00:00,18.56,315.0,,6751.4,1661.5,5.2,444.9,28472.1,15923.1,26272.1
2025-05-05 22:00:00+00:00,12.2,260.0,,6456.2,1744.5,5.1,412.8,27348.0,15146.8,23819.5
2025-05-05 23:00:00+00:00,5.0,,,7240.3,1594.5,4.0,453.6,25693.1,13677.6,22260.0
2025-05-06 00:00:00+00:00,2.95,,,7035.3,1654.5,4.0,419.3,23927.3,12192.1,21091.2
2025-05-06 01:00:00+00:00,3.52,,,7021.0,1714.5,4.0,386.3,23551.9,11819.8,20301.3
2025-05-06 02:00:00+00:00,1.72,,,6896.9,1774.5,4.0,386.3,22646.2,11003.6,19853.2
2025-05-06 03:00:00+00:00,1.97,,,6892.1,1834.5,4.0,386.3,22296.8,10615.5,19822.9
2025-05-06 04:00:00+00:00,3.6,,,7320.1,1894.5,5.0,386.4,23097.3,10866.4,20462.4
2025-05-06 05:00:00+00:00,16.5,,,7540.8,1954.5,14.1,386.4,24789.0,11588.0,22831.8
2025-05-06 06:00:00+00:00,30.34,,,8277.2,2014.5,1419.7,340.9,27380.7,11032.0,26113.3
2025-05-06 07:00:00+00:00,13.72,,,8023.5,2074.5,6388.8,366.1,30481.4,10283.1,28366.5
2025-05-06 08:00:00+00:00,2.99,,,5591.6,2134.5,12973.1,506.8,31996.4,8226.5,28244.4
2025-05-06 09:00:00+00:00,-0.5,,,4710.9,2194.5,14032.3,787.7,30302.8,6399.9,27650.8
2025-05-06 10:00:00+00:00,-1.54,,,4439.9,2254.5,15153.7,1037.1,30019.2,4995.2,27151.2
2025-05-06 11:00:00+00:00,-1.81,,,4168.5,2284.5,15799.1,1133.8,29822.3,4305.3,26579.3
2025-05-06 12:00:00+00:00,-3.0,,,3955.0,2314.5,16140.9,1205.3,29914.8,4203.4,26487.8
2025-05-06 13:00:00+00:00,-4.0,18.0,,3700.5,2374.5,16049.1,1341.1,29618.8,4068.2,26138.8
2025-05-06 14:00:00+00:00,-4.0,44.0,,3677.2,2434.5,15436.8,1405.4,28713.8,3641.5,25235.8
2025-05-06 15:00:00+00:00,-4.21,56.0,,3677.2,2494.5,14881.5,1517.9,28266.1,3567.2,24789.1
2025-05-06 16:00:00+00:00,-3.0,138.0,,3889.1,2554.5,14163.4,1592.9,28611.5,4211.9,25167.5
2025-05-06 17:00:00+00:00,-0.99,172.0,,4678.6,2614.5,12551.8,1596.4,29779.7,5954.1,25605.7
2025-05-06 18:00:00+00:00,0.65,351.0,,5525.1,2674.5,9727.0,1435.6,30359.3,8123.6,26681.3
2025-05-06 19:00:00+00:00,39.99,453.0,,7859.1,3416.6,3150.7,987.0,30606.9,10316.9,27976.7
2025-05-06 20:00:00+00:00,65.12,375.0,,8401.7,3476.6,75.3,651.5,28124.5,10691.0,29098.8
2025-05-06 21:00:00+00:00,48.23,334.0,,8242.2,3536.6,5.3,493.8,27971.9,10923.7,27038.7
2025-05-06 22:00:00+00:00,32.55,340.0,,7854.9,2914.5,18.4,461.1,26802.6,10877.5,24441.2
2025-05-06 23:00:00+00:00,11.3,60.0,,8685.7,3984.0,5.2,578.0,26952.7,10731.4,22734.7
2025-05-07 00:00:00+00:00,6.99,40.0,,8607.1,4036.0,5.2,498.7,26156.6,10130.8,21355.6
2025-05-07 01:00:00+00:00,6.0,,,8549.9,4086.0,11.2,426.7,25340.4,9418.1,20541.4
2025-05-07 02:00:00+00:00,5.1,,,8496.3,4126.0,10.2,426.7,24369.4,8469.0,20202.6
2025-05-07 03:00:00+00:00,9.1,,,8513.7,4157.0,11.1,426.7,23941.2,8001.0,20077.7
2025-05-07 04:00:00+00:00,15.91,,,8252.5,4186.0,5.1,415.7,23379.7,7525.2,20590.5
2025-05-07 05:00:00+00:00,32.4,,,8568.1,4218.0,94.1,393.2,24260.7,7000.8,23098.7
2025-05-07 06:00:00+00:00,49.1,,,9643.3,4909.1,1405.4,305.3,26824.1,6478.8,26278.7
2025-05-07 07:00:00+00:00,43.23,,,9384.2,4941.1,6018.4,363.0,30586.7,5770.0,28163.0
2025-05-07 08:00:00+00:00,12.48,,,7887.1,4307.0,11988.7,575.0,32831.3,4928.2,28343.7
2025-05-07 09:00:00+00:00,0.0,,,5083.0,4336.0,15758.1,836.1,31974.4,3286.9,27843.4
2025-05-07 10:00:00+00:00,0.0,,,4167.9,4367.0,16926.9,1064.3,31703.7,2708.6,27198.4
2025-05-07 11:00:00+00:00,-0.12,,,4039.5,4396.0,16798.2,1121.8,31308.4,2497.1,26777.4
2025-05-07 12:00:00+00:00,-0.13,,,4027.1,4424.0,16758.4,1124.1,31179.1,2390.5,26669.1
2025-05-07 13:00:00+00:00,-0.13,,,4016.2,4453.0,16433.2,1204.2,30903.8,2348.9,26394.8
2025-05-07 14:00:00+00:00,-0.62,,,4027.5,4476.0,15597.2,1267.6,30127.0,2316.3,25618.0
2025-05-07 15:00:00+00:00,-0.4,,,4057.9,4477.0,15051.6,1344.3,29848.4,2486.0,25341.4
2025-05-07 16:00:00+00:00,0.0,,,4152.5,4477.0,15658.3,1346.8,31203.8,2980.9,25529.8
2025-05-07 17:00:00+00:00,3.52,120.0,,4607.0,4477.0,13842.7,1298.9,30932.6,3861.6,25857.6
2025-05-07 18:00:00+00:00,39.53,120.0,,5544.5,5141.1,9138.7,1121.5,29616.4,4689.2,26711.6
2025-05-07 19:00:00+00:00,50.4,120.0,,9673.6,5142.1,2956.7,787.9,28148.9,5333.3,27868.8
2025-05-07 20:00:00+00:00,80.0,120.0,,10088.6,5142.1,163.7,575.5,26354.1,6135.4,28473.5
2025-05-07 21:00:00+00:00,57.1,190.0,,9991.8,5141.1,11.2,508.7,26516.2,6534.2,26552.4
2025-05-07 22:00:00+00:00,35.4,200.0,,9427.4,5142.1,12.2,506.7,25826.8,6509.7,24447.6
2025-05-07 23:00:00+00:00,15.91,150.0,,9167.3,4478.0,12.1,435.7,24462.5,6632.3,22560.5
2025-05-08 00:00:00+00:00,15.78,160.0,,8828.6,4478.0,11.1,418.7,23623.5,6299.1,21249.2
2025-05-08 01:00:00+00:00,15.63,160.0,,8775.3,4480.0,11.1,385.7,23238.9,6005.8,20358.4
2025-05-08 02:00:00+00:00,3.55,220.0,,8794.5,4479.0,5.1,385.7,22480.6,5196.3,20279.8
2025-05-08 03:00:00+00:00,6.65,160.0,,8779.7,4480.0,11.1,385.7,22106.6,4890.3,20217.6
2025-05-08 04:00:00+00:00,15.02,,,9023.5,4479.0,5.1,385.7,21844.6,4396.5,20653.2
2025-05-08 05:00:00+00:00,30.09,,,9295.8,4481.0,21.4,385.7,21658.8,3906.8,23078.2
2025-05-08 06:00:00+00:00,45.29,,,9512.2,5142.1,879.1,350.1,23553.8,3463.0,25967.4
2025-05-08 07:00:00+00:00,36.0,,,9408.5,5144.1,4690.8,309.4,26857.2,3113.8,28006.5
2025-05-08 08:00:00+00:00,7.26,,,8521.9,4480.0,10198.6,358.8,29570.1,2569.6,28842.5
2025-05-08 09:00:00+00:00,0.1,,,5482.5,4479.0,13545.4,506.2,28700.3,1968.2,28193.5
2025-05-08 10:00:00+00:00,0.0,,,4737.0,4480.0,14601.2,674.6,29020.0,1884.5,27884.0
2025-05-08 11:00:00+00:00,0.0,,,4734.1,4479.0,15009.3,774.4,29420.6,1908.1,27662.1
2025-05-08 12:00:00+00:00,-0.01,,,4509.3,4479.0,15102.1,786.4,29386.2,2068.3,27532.6
2025-05-08 13:00:00+00:00,-0.01,,,4401.0,4478.0,14278.7,749.5,28615.8,2276.4,27090.5
2025-05-08 14:00:00+00:00,-0.01,,,4532.3,4477.0,13547.7,745.4,28268.9,2517.9,26101.4
2025-05-08 15:00:00+00:00,-0.02,,,4527.3,4477.0,12978.2,965.9,28198.0,2800.1,25637.9
2025-05-08 16:00:00+00:00,-0.01,,,4712.5,4477.0,12544.0,1121.6,28382.3,3098.7,25792.0
2025-05-08 17:00:00+00:00,0.1,,,5365.0,4477.0,11525.7,1116.0,29108.4,3932.3,26476.3
2025-05-08 18:00:00+00:00,16.04,110.0,,7446.6,4477.0,7434.8,1005.4,29140.3,5196.1,27127.8
2025-05-08 19:00:00+00:00,35.1,160.0,,9555.6,4825.4,2351.6,657.7,27361.3,5556.2,28617.3
2025-05-08 20:00:00+00:00,79.59,120.0,,10012.2,5141.1,86.5,457.5,26093.6,5910.7,28664.5
2025-05-08 21:00:00+00:00,50.0,150.0,,9947.0,5141.1,11.2,426.4,25871.9,5836.9,26863.9
2025-05-08 22:00:00+00:00,30.1,160.0,,9388.2,4479.0,12.2,398.7,23899.5,5715.3,24583.1
2025-05-08 23:00:00+00:00,21.61,100.0,,8817.9,4248.0,11.1,435.7,22786.1,5255.0,23452.9
2025-05-09 00:00:00+00:00,12.15,,,8708.8,4248.0,5.1,418.7,22043.1,5011.2,22285.1
2025-05-09 01:00:00+00:00,13.0,,,8660.9,4248.0,5.1,385.7,21820.1,4869.4,21332.6
2025-05-09 02:00:00+00:00,9.58,,,8678.7,4248.0,5.1,385.7,21686.3,4731.3,20904.1
2025-05-09 03:00:00+00:00,7.52,,,8654.5,4248.0,5.1,385.7,21330.9,4404.2,20875.4
2025-05-09 04:00:00+00:00,11.13,,,8773.2,4248.0,5.1,385.7,21355.4,4224.4,21488.2
2025-05-09 05:00:00+00:00,30.26,,,9289.9,4248.0,19.5,385.7,21795.3,3905.5,23702.7
2025-05-09 06:00:00+00:00,39.37,,,9549.4,4911.1,1108.6,325.1,23604.9,3463.9,26561.0
2025-05-09 07:00:00+00:00,30.58,,,9415.6,4248.0,6014.0,271.9,26982.5,2950.1,28326.8
2025-05-09 08:00:00+00:00,12.86,,,8478.3,4248.0,12174.9,449.6,31737.0,2448.7,28813.3
2025-05-09 09:00:00+00:00,7.17,,,5095.7,4247.0,15349.6,796.9,30438.6,2063.7,28502.5
2025-05-09 10:00:00+00:00,0.22,,,4805.1,4247.0,16198.2,893.7,30544.9,1708.9,28048.8
2025-05-09 11:00:00+00:00,0.0,,,4693.1,4244.0,16613.4,916.0,30998.1,1829.2,28005.4
2025-05-09 12:00:00+00:00,0.0,,,4494.6,4242.0,15501.4,915.5,29607.8,1961.8,27801.5
2025-05-09 13:00:00+00:00,-0.01,,,4522.6,4243.0,15668.2,908.4,30102.5,2272.6,27308.6
2025-05-09 14:00:00+00:00,-0.01,,,4494.1,4471.0,15609.5,949.0,30605.5,2586.7,26314.2
2025-05-09 15:00:00+00:00,-0.01,,,4486.4,4471.0,15119.9,1001.7,30430.2,2860.3,25851.0
2025-05-09 16:00:00+00:00,0.0,,,4675.6,4469.0,14769.8,1057.2,30740.9,3166.0,26277.3
2025-05-09 17:00:00+00:00,7.04,,,5185.4,4470.0,13690.0,1004.7,31689.6,4502.8,26421.7
2025-05-09 18:00:00+00:00,15.63,,,9072.2,4472.0,8805.1,873.3,31947.8,4748.3,27309.8
2025-05-09 19:00:00+00:00,41.92,,,9819.3,5140.1,2669.7,690.2,27498.9,4884.7,27936.0
2025-05-09 20:00:00+00:00,80.27,,,10188.1,5141.1,104.3,455.4,25255.5,5014.4,28136.6
2025-05-09 21:00:00+00:00,57.64,,,10068.9,5141.1,6.3,391.4,24862.2,4909.8,26330.7
2025-05-09 22:00:00+00:00,39.76,,,9558.0,5141.1,13.3,321.1,24113.1,4815.6,24387.5
2025-05-09 23:00:00+00:00,29.22,,,8753.4,4248.0,4.1,443.6,22750.8,5202.8,23020.1
2025-05-10 00:00:00+00:00,15.46,,,8610.2,4248.0,5.1,426.6,21952.2,5225.8,21756.8
2025-05-10 01:00:00+00:00,13.52,,,8518.4,4248.0,4.1,393.6,21578.6,5129.9,20651.5
2025-05-10 02:00:00+00:00,14.94,,,7031.1,4248.0,4.1,393.6,20129.1,5215.5,19985.5
2025-05-10 03:00:00+00:00,11.12,,,6994.0,4248.0,4.1,393.6,19955.7,5075.4,19725.4
2025-05-10 04:00:00+00:00,13.34,,,6996.9,4248.0,4.1,393.6,20136.5,5161.9,19609.1
2025-05-10 05:00:00+00:00,16.1,,,7043.3,4248.0,17.7,393.6,20641.5,5441.2,20324.3
2025-05-10 06:00:00+00:00,15.81,,,7074.6,4248.0,960.1,332.9,21434.6,5335.4,20911.2
2025-05-10 07:00:00+00:00,10.0,,,6357.5,4248.0,5251.2,364.4,24957.8,5254.7,22251.4
2025-05-10 08:00:00+00:00,3.42,,,5527.7,4248.0,11286.3,482.4,28514.9,4320.3,23984.7
2025-05-10 09:00:00+00:00,-0.06,,,4270.1,4247.0,12017.8,676.7,27442.5,3853.7,24345.6
2025-05-10 10:00:00+00:00,-4.0,,,3565.3,4247.0,12578.5,917.2,26019.5,2489.8,24247.5
2025-05-10 11:00:00+00:00,-5.21,,,3429.1,4244.0,12811.8,1050.4,25923.6,2296.3,24065.6
2025-05-10 12:00:00+00:00,-6.01,,,3415.4,4242.0,12807.4,978.3,25977.6,2468.3,24140.6
2025-05-10 13:00:00+00:00,-7.5,,,3395.5,4243.0,12445.9,991.0,25698.9,2584.9,23773.9
2025-05-10 14:00:00+00:00,-10.0,,,3194.8,4243.0,11765.6,931.7,24586.7,2470.5,22800.7
2025-05-10 15:00:00+00:00,-5.8,,,3388.0,4242.0,11918.8,1203.7,25561.4,2743.6,21848.8
2025-05-10 16:00:00+00:00,-1.2,,,4033.2,4241.0,11761.8,1479.4,28194.9,4315.4,21831.9
2025-05-10 17:00:00+00:00,-0.01,,,4578.7,4242.0,11022.6,1416.3,28937.6,5289.2,22645.6
2025-05-10 18:00:00+00:00,0.01,,,6584.8,4243.0,8262.6,1275.3,29098.0,5753.1,23806.0
2025-05-10 19:00:00+00:00,21.02,80.0,,9267.5,4247.0,2744.9,911.9,27722.7,6993.8,24677.5
2025-05-10 20:00:00+00:00,36.88,110.0,,9488.4,4911.1,83.5,556.0,25849.8,6557.3,26401.5
2025-05-10 21:00:00+00:00,31.46,150.0,,9412.2,4248.0,5.2,470.1,24653.5,6240.4,24992.7
2025-05-10 22:00:00+00:00,25.37,130.0,,9255.4,4248.0,6.2,406.8,24119.4,6023.6,23024.1
2025-05-10 23:00:00+00:00,8.79,120.0,,8889.7,3557.4,4.1,465.8,23144.8,6865.5,21015.8
2025-05-11 00:00:00+00:00,6.12,160.0,,8559.7,3557.4,4.1,443.7,22691.7,6791.3,19674.7
2025-05-11 01:00:00+00:00,6.89,160.0,,7200.6,3557.4,4.1,410.7,21300.9,6799.5,18592.7
2025-05-11 02:00:00+00:00,3.96,140.0,,7038.6,3557.4,4.1,400.7,20896.4,6596.4,18012.8
2025-05-11 03:00:00+00:00,3.6,140.0,,6920.7,3557.4,4.1,385.7,20579.0,6415.3,17695.6
2025-05-11 04:00:00+00:00,4.0,115.0,,7022.3,3557.4,4.1,385.7,20580.8,6343.6,17688.9
2025-05-11 05:00:00+00:00,6.0,,,7006.3,3557.4,41.3,385.7,20441.9,6297.1,18003.6
2025-05-11 06:00:00+00:00,5.88,,,6922.5,3455.4,1799.5,233.6,21452.2,5911.4,18181.7
2025-05-11 07:00:00+00:00,1.03,,,5379.7,3443.4,7803.0,393.5,24357.8,4648.3,18946.0
2025-05-11 08:00:00+00:00,-0.62,,,4153.5,3442.4,12393.3,814.0,26354.4,3322.0,20209.8
2025-05-11 09:00:00+00:00,-12.0,,,3214.6,3442.4,11783.8,1107.8,22612.6,1411.1,21279.0
2025-05-11 10:00:00+00:00,-12.0,,,3134.9,3442.4,11778.8,1268.9,22733.1,1473.4,21477.3
2025-05-11 11:00:00+00:00,-10.01,,,3100.2,3452.4,13985.0,1294.5,25334.9,1736.6,21358.8
2025-05-11 12:00:00+00:00,-12.0,,,3066.5,3471.4,12169.5,1273.5,23262.3,1644.1,21885.5
2025-05-11 13:00:00+00:00,-12.0,,,3062.5,3491.4,11824.0,1308.0,23017.3,1697.5,21683.5
2025-05-11 14:00:00+00:00,-14.0,,,3070.3,3512.4,11022.5,1218.5,22053.3,1627.1,20571.3
2025-05-11 15:00:00+00:00,-15.0,,,3010.7,3478.0,10398.5,1165.9,21326.4,1694.0,20093.6
2025-05-11 16:00:00+00:00,-7.5,,,3677.1,3552.4,13467.8,1309.7,26674.1,2630.5,20116.3
2025-05-11 17:00:00+00:00,-3.0,,,4019.4,3573.4,12503.3,1939.0,27574.7,3403.0,20960.9
2025-05-11 18:00:00+00:00,0.0,,,4810.3,3594.4,10172.6,1826.6,28700.9,5867.5,22256.5
2025-05-11 19:00:00+00:00,4.5,,,9214.9,3614.4,3498.9,1238.8,27792.9,7022.0,23951.1
2025-05-11 20:00:00+00:00,35.01,,,9370.8,4762.6,182.1,796.3,26098.2,6922.8,25714.1
2025-05-11 21:00:00+00:00,35.01,,,9392.6,5010.9,5.2,651.5,25778.9,6650.1,24547.7
2025-05-11 22:00:00+00:00,30.28,,,9255.8,3677.4,14.4,649.3,24168.1,6527.5,22545.2
2025-05-11 23:00:00+00:00,15.3,,,8890.7,4010.9,0.1,620.4,23838.8,6970.3,21394.9
2025-05-12 00:00:00+00:00,14.88,,,8544.3,4032.9,4.1,603.3,23335.9,6838.1,20171.1
2025-05-12 01:00:00+00:00,17.7,,,7248.3,4052.9,10.1,569.5,21756.0,6545.7,19298.4
2025-05-12 02:00:00+00:00,15.3,,,7274.1,4071.9,6.1,569.3,21557.5,6309.9,18953.9
2025-05-12 03:00:00+00:00,14.0,,,8500.7,4093.9,0.1,531.2,22530.4,6078.6,19003.4
2025-05-12 04:00:00+00:00,15.3,,,8730.2,4102.9,0.1,490.0,22662.2,5973.0,19725.1
2025-05-12 05:00:00+00:00,22.34,,,9179.0,4104.9,18.9,443.6,23244.7,5803.0,22966.4
2025-05-12 06:00:00+00:00,35.01,,,9219.0,4861.7,1869.6,446.7,26128.6,5591.4,25732.6
2025-05-12 07:00:00+00:00,22.1,,,8901.6,4104.9,8944.2,461.2,30895.5,5209.0,27720.0
2025-05-12 08:00:00+00:00,6.0,,,5169.5,4102.9,16867.4,928.3,34184.5,4469.3,27978.1
2025-05-12 09:00:00+00:00,-0.89,,,4171.1,4102.9,16448.1,1665.7,31531.7,2770.3,27274.1
2025-05-12 10:00:00+00:00,-3.0,,,3965.7,4103.9,16662.2,1929.0,30976.6,2009.7,26770.9
2025-05-12 11:00:00+00:00,-4.0,,,3886.8,4102.9,16601.7,1949.5,30861.7,2086.9,26644.0
2025-05-12 12:00:00+00:00,-4.0,,,3843.3,4100.9,16484.4,1906.8,30783.3,2191.6,26564.6
2025-05-12 13:00:00+00:00,-4.0,,,3806.9,4100.9,16074.4,1902.4,30339.7,2204.5,26203.5
2025-05-12 14:00:00+00:00,-4.21,,,3791.0,4098.9,15547.2,1880.8,29742.1,2173.6,25522.4
2025-05-12 15:00:00+00:00,-4.0,15.0,,3825.3,4098.9,14917.3,1891.8,29407.8,2415.4,25190.1
2025-05-12 16:00:00+00:00,-1.54,110.0,,4531.1,4097.9,14388.5,1924.0,29844.9,2455.3,25659.3
2025-05-12 17:00:00+00:00,0.0,270.0,,4814.2,4098.9,14920.8,1923.1,32810.1,4215.9,26824.7
2025-05-12 18:00:00+00:00,10.3,312.5,,8104.8,4098.9,10215.2,1821.6,32572.5,5301.7,27551.5
2025-05-12 19:00:00+00:00,61.81,415.5,,9652.1,5104.9,3311.4,1325.6,29148.2,5025.0,28514.2
2025-05-12 20:00:00+00:00,122.03,520.3,,10158.4,5104.9,178.6,776.1,25919.4,4862.7,28803.7
2025-05-12 21:00:00+00:00,103.75,360.8,,10044.2,5105.9,14.5,651.3,25160.6,4673.5,26653.6
2025-05-12 22:00:00+00:00,70.44,203.3,,9621.9,5105.9,12.5,649.1,24359.0,4472.2,24348.6
2025-05-12 23:00:00+00:00,67.0,,,7700.8,5098.4,17.3,634.7,21657.7,4449.1,22733.3
2025-05-13 00:00:00+00:00,45.01,,,7265.8,5099.4,13.1,617.1,20868.3,4103.5,21606.6
2025-05-13 01:00:00+00:00,37.83,,,7078.4,5099.4,17.3,597.4,20499.4,3935.1,20706.7
2025-05-13 02:00:00+00:00,35.01,,,7123.7,4628.9,9.1,547.0,19691.7,3614.6,20311.1
2025-05-13 03:00:00+00:00,35.01,,,7092.1,4402.8,9.1,512.5,19173.8,3390.6,20300.9
2025-05-13 04:00:00+00:00,39.79,,,7165.7,5099.4,9.0,481.6,19690.4,3165.6,20901.1
2025-05-13 05:00:00+00:00,70.0,,,7887.1,5100.4,73.1,420.4,20206.6,2961.3,23481.6
2025-05-13 06:00:00+00:00,108.09,,,9547.0,5099.4,1789.4,396.0,23306.5,2610.8,25846.6
2025-05-13 07:00:00+00:00,68.25,,,9238.5,5101.4,7776.7,448.3,28650.9,2278.8,28056.8
2025-05-13 08:00:00+00:00,25.58,,,7892.1,4093.4,14854.4,670.3,32360.8,1993.0,28751.3
2025-05-13 09:00:00+00:00,1.2,,,4740.2,4092.4,18468.1,1082.9,32343.1,1554.2,28336.5
2025-05-13 10:00:00+00:00,0.0,,,4122.6,4094.4,17741.7,1370.8,30973.4,1452.3,27860.1
2025-05-13 11:00:00+00:00,-0.5,,,4102.3,4093.4,16702.5,1504.3,30111.2,1529.8,27767.6
2025-05-13 12:00:00+00:00,-2.51,,,3994.1,4091.4,15563.6,1525.2,28508.0,1205.8,27690.8
2025-05-13 13:00:00+00:00,-2.08,,,3962.6,4091.4,15214.8,1546.9,28271.5,1303.7,27272.3
2025-05-13 14:00:00+00:00,-0.01,,,4035.0,4090.4,16348.9,1546.7,30163.8,1925.9,26514.5
2025-05-13 15:00:00+00:00,0.0,,,4049.2,4090.4,16333.0,1541.5,30312.8,2066.8,26150.8
2025-05-13 16:00:00+00:00,0.65,,,4177.6,4090.4,16093.5,1529.4,30594.0,2320.5,26463.0
2025-05-13 17:00:00+00:00,24.7,,,5189.7,4091.4,14160.4,1500.0,30573.1,3133.6,26437.1
2025-05-13 18:00:00+00:00,33.56,,,8551.5,4090.4,8967.6,1305.2,30123.3,3417.1,27473.2
2025-05-13 19:00:00+00:00,92.67,,,9689.0,5096.4,2778.1,985.0,26228.2,3531.7,27989.3
2025-05-13 20:00:00+00:00,128.07,,,10139.7,5096.4,307.8,701.3,24189.4,3743.4,28022.4
2025-05-13 21:00:00+00:00,112.3,,,10016.8,5096.4,14.6,610.7,23665.6,3731.2,26189.1
2025-05-13 22:00:00+00:00,74.55,,,9502.6,5096.4,12.6,565.3,22761.6,3497.8,24257.1
2025-05-13 23:00:00+00:00,64.93,,,7636.6,5094.2,8.3,440.9,20563.4,3295.2,22773.6
2025-05-14 00:00:00+00:00,45.33,,,7166.1,5095.2,4.1,440.9,19668.1,3057.7,21610.7
2025-05-14 01:00:00+00:00,41.2,,,7064.2,5095.2,17.3,440.9,19358.6,2981.8,20790.7
2025-05-14 02:00:00+00:00,37.41,,,7004.5,5095.2,12.3,440.7,19101.0,2821.9,20369.9
2025-05-14 03:00:00+00:00,36.0,,,7002.3,5097.2,8.3,440.6,19028.3,2752.2,20384.8
2025-05-14 04:00:00+00:00,40.05,,,7055.3,5095.2,13.3,440.5,19031.4,2600.6,20907.9
2025-05-14 05:00:00+00:00,53.08,,,8863.9,5097.2,15.3,430.3,21017.4,2453.0,23735.0
2025-05-14 06:00:00+00:00,91.53,,,9450.8,5096.2,1334.7,384.7,22733.2,2245.5,25823.4
2025-05-14 07:00:00+00:00,57.64,,,9138.4,5097.2,6646.8,403.4,27603.8,1993.7,28299.5
2025-05-14 08:00:00+00:00,37.8,,,6528.4,5096.2,13692.8,629.9,31745.7,1668.2,28153.7
2025-05-14 09:00:00+00:00,0.28,,,4819.0,5095.2,17715.8,1154.0,32946.3,1223.8,28453.6
2025-05-14 10:00:00+00:00,-0.02,,,4185.2,5097.2,17247.8,1376.6,31707.8,1335.9,27927.5
2025-05-14 11:00:00+00:00,-1.13,,,4131.4,5094.2,16678.2,1489.2,31197.2,1354.6,27783.4
2025-05-14 12:00:00+00:00,-4.0,,,4052.1,5095.2,15858.1,1542.5,30024.4,1249.2,27770.3
2025-05-14 13:00:00+00:00,-3.0,,,4061.1,5093.2,15723.7,1540.0,30170.8,1478.9,27347.3
2025-05-14 14:00:00+00:00,-1.54,,,4093.5,5093.2,15486.7,1537.8,30365.6,1768.1,26463.5
2025-05-14 15:00:00+00:00,-0.89,,,4097.4,5093.2,14805.2,1545.0,30340.9,2401.5,25964.9
2025-05-14 16:00:00+00:00,-0.01,,,4155.5,5094.2,14267.7,1604.0,30482.5,2933.6,26271.5
2025-05-14 17:00:00+00:00,0.17,,,5305.8,5093.2,13351.7,1608.6,32471.8,4416.4,26938.2
2025-05-14 18:00:00+00:00,26.09,,,7165.9,5094.2,8645.0,1426.9,30398.7,5076.9,27258.4
2025-05-14 19:00:00+00:00,46.5,,,9232.7,5093.2,2917.8,1025.0,27956.0,5379.2,28452.0
2025-05-14 20:00:00+00:00,64.03,,,9698.5,5095.2,100.2,672.7,25602.6,5701.7,28923.0
2025-05-14 21:00:00+00:00,61.51,,,9581.7,5093.2,0.2,586.8,25375.5,5716.7,26977.1
2025-05-14 22:00:00+00:00,40.14,,,9102.6,5094.2,4.2,583.6,24740.5,5651.4,24567.2
2025-05-14 23:00:00+00:00,32.95,,,7270.0,3735.3,,554.6,20369.9,5342.7,22996.6
2025-05-15 00:00:00+00:00,19.71,,,7604.8,3736.3,4.0,554.6,20558.4,5111.6,21659.5
2025-05-15 01:00:00+00:00,18.47,,,7475.7,3736.3,9.0,554.5,20258.3,4996.2,20783.6
2025-05-15 02:00:00+00:00,10.55,,,7324.4,3735.3,4.0,551.4,19874.6,4945.0,20442.2
2025-05-15 03:00:00+00:00,10.63,,,7314.8,3736.3,,486.3,19904.6,5052.5,20441.7
2025-05-15 04:00:00+00:00,16.26,,,7431.9,3736.3,0.1,467.1,20399.5,5270.1,20925.1
2025-05-15 05:00:00+00:00,20.0,,,9219.4,3737.3,128.8,403.6,22478.8,5540.6,23498.7
2025-05-15 06:00:00+00:00,35.01,,,9354.8,4021.1,1301.3,430.1,24278.7,5702.8,25947.7
2025-05-15 07:00:00+00:00,34.11,,,7574.3,3738.3,6933.5,448.7,28081.7,5912.6,27777.5
2025-05-15 08:00:00+00:00,3.52,,,5764.0,3736.3,14339.3,817.2,32795.2,5439.5,28076.2
2025-05-15 09:00:00+00:00,-0.5,,,4954.7,3735.3,15129.6,1578.8,31872.0,4054.9,27491.0
2025-05-15 10:00:00+00:00,-1.54,,,4683.3,3737.3,15898.0,1771.5,31747.7,3254.8,27071.7
2025-05-15 11:00:00+00:00,-3.0,,,4626.1,3736.3,16115.7,1745.5,31639.2,3066.0,27018.2
2025-05-15 12:00:00+00:00,-3.0,,,4587.9,3734.3,16223.2,1692.4,31726.4,3138.9,27131.4
2025-05-15 13:00:00+00:00,-4.0,,,4540.0,3734.3,15837.0,1676.6,31319.3,3204.7,26692.7
2025-05-15 14:00:00+00:00,-5.0,,,4496.6,3733.3,15298.2,1706.5,30606.1,3085.6,26049.5
2025-05-15 15:00:00+00:00,-5.0,,,4484.4,3733.3,14573.0,1762.7,30043.5,3260.6,25516.9
2025-05-15 16:00:00+00:00,-3.99,,,4597.7,3733.3,13763.1,1802.0,30189.4,3999.0,25795.4
2025-05-15 17:00:00+00:00,-0.5,,,5139.2,3734.3,12727.2,1820.2,32286.1,6400.1,26767.1
2025-05-15 18:00:00+00:00,0.0,,,7100.4,3733.3,9437.1,1630.5,34193.8,9574.0,27778.8
2025-05-15 19:00:00+00:00,18.57,,,8976.6,3734.3,3285.4,1154.3,32231.4,11417.6,28694.8
2025-05-15 20:00:00+00:00,35.01,,,9137.0,3920.3,154.8,744.0,29365.2,11731.7,29405.4
2025-05-15 21:00:00+00:00,30.64,,,9131.5,3734.3,0.1,588.6,29222.7,12094.7,27133.3
2025-05-15 22:00:00+00:00,19.98,,,7407.6,3734.3,4.1,587.7,27608.6,12224.9,24615.2
2025-05-15 23:00:00+00:00,5.11,,,7407.5,3745.4,4.1,621.2,27002.9,12325.9,23001.7
2025-05-16 00:00:00+00:00,5.0,,,7329.6,3745.4,4.1,616.9,26658.1,11868.4,21657.8
2025-05-16 01:00:00+00:00,6.0,,,6433.5,3745.4,4.1,589.0,25744.5,11928.6,20804.8
2025-05-16 02:00:00+00:00,3.6,,,6435.7,3745.4,4.1,588.5,24499.9,10863.6,20354.2
2025-05-16 03:00:00+00:00,3.28,,,6467.8,3745.4,0.1,588.4,24266.5,10603.9,20340.6
2025-05-16 04:00:00+00:00,4.75,,,7243.1,3745.4,0.1,559.2,25318.1,10908.6,20882.5
2025-05-16 05:00:00+00:00,6.0,,,8061.4,3745.4,67.3,449.8,27124.1,11166.1,23338.9
2025-05-16 06:00:00+00:00,10.0,,,8100.7,3745.4,2199.6,431.0,29135.0,10951.6,25806.7
2025-05-16 07:00:00+00:00,0.01,,,7808.3,3745.4,9264.5,445.1,33433.8,8958.7,27739.0
2025-05-16 08:00:00+00:00,-0.01,,,5144.5,3745.4,15492.5,1031.0,34303.2,6542.0,28153.0
2025-05-16 09:00:00+00:00,-5.0,,,4566.9,3745.4,16624.4,1878.0,32584.4,3620.4,27790.4
2025-05-16 10:00:00+00:00,-5.8,,,4324.7,3745.4,17564.6,1472.1,32533.7,3262.6,27394.7
2025-05-16 11:00:00+00:00,-8.01,,,4267.5,3745.4,17770.8,1447.7,32355.5,2952.7,27282.5
2025-05-16 12:00:00+00:00,-8.01,,,4257.7,3745.4,17868.0,1457.2,32418.2,2933.6,27228.2
2025-05-16 13:00:00+00:00,-9.0,,,4190.9,3745.4,17563.4,1452.2,31890.4,2795.5,26612.4
2025-05-16 14:00:00+00:00,-10.0,,,4072.4,3745.4,17154.9,1432.1,31189.0,2677.4,25881.0
2025-05-16 15:00:00+00:00,-10.0,,,4168.9,3745.4,16573.8,1441.2,30783.6,2732.8,25474.6
2025-05-16 16:00:00+00:00,-5.5,,,4378.9,3745.4,15908.8,2039.3,31358.0,3155.4,25406.8
2025-05-16 17:00:00+00:00,-1.54,,,4709.4,3745.4,14789.3,2047.8,32782.7,5161.7,26029.7
2025-05-16 18:00:00+00:00,2.0,,,5320.8,3745.4,12681.4,1889.5,33920.8,7661.2,26790.8
2025-05-16 19:00:00+00:00,18.04,,,8788.3,3745.4,4411.5,1393.2,31527.1,9642.4,27157.5
2025-05-16 20:00:00+00:00,35.09,,,9077.5,4750.4,355.6,861.6,29003.0,9920.4,27920.6
2025-05-16 21:00:00+00:00,41.21,,,9125.8,4750.4,0.3,730.5,28847.2,9941.0,26027.8
2025-05-16 22:00:00+00:00,35.01,,,8875.2,4217.2,4.3,730.2,27330.6,9507.6,23767.4
2025-05-16 23:00:00+00:00,21.23,180.0,,7447.0,3736.5,12.3,688.3,24242.0,8449.9,22364.3
2025-05-17 00:00:00+00:00,13.53,155.0,,7683.5,3738.5,4.1,683.1,23731.5,7619.2,21064.5
2025-05-17 01:00:00+00:00,12.68,161.2,,7367.5,3738.5,4.1,682.6,22016.7,6694.8,20000.5
2025-05-17 02:00:00+00:00,14.26,161.2,,7328.8,3737.5,4.1,619.5,21472.4,5792.0,19405.6
2025-05-17 03:00:00+00:00,12.82,138.2,,7357.8,3740.5,4.1,604.4,20250.0,4980.5,19075.3
2025-05-17 04:00:00+00:00,19.0,,,7551.3,3738.5,12.3,568.1,20216.7,4452.5,18952.7
2025-05-17 05:00:00+00:00,21.79,,,7697.8,3740.5,36.9,471.6,19887.2,4048.5,19625.1
2025-05-17 06:00:00+00:00,20.23,,,7652.6,3739.5,2113.7,398.8,21399.0,3604.4,20295.0
2025-05-17 07:00:00+00:00,6.09,,,6692.6,3740.5,9551.4,446.3,26562.8,3287.9,21812.8
2025-05-17 08:00:00+00:00,-0.01,,,5052.2,3738.5,15493.1,866.7,29557.1,2234.7,23359.1
2025-05-17 09:00:00+00:00,-3.0,,,4646.0,3739.5,16448.4,1530.2,30000.3,1532.9,23758.3
2025-05-17 10:00:00+00:00,-5.7,,,4355.7,3738.5,17138.4,1820.4,30173.8,1095.4,23523.4
2025-05-17 11:00:00+00:00,-9.7,,,4285.9,3738.5,17508.7,1444.7,30039.3,1048.5,23177.6
2025-05-17 12:00:00+00:00,-10.01,,,3808.1,3736.5,17249.4,1431.8,28936.4,784.9,23308.6
2025-05-17 13:00:00+00:00,-11.26,,,3767.1,3734.5,17063.0,1371.4,28622.3,766.7,22862.2
2025-05-17 14:00:00+00:00,-10.0,,,3898.6,3733.5,16789.0,1455.6,28750.2,894.0,21690.2
2025-05-17 15:00:00+00:00,-10.0,,,3964.8,3732.5,16059.9,1455.4,28154.8,953.2,21094.8
2025-05-17 16:00:00+00:00,-5.8,,,4284.8,3732.5,15315.6,1592.5,28170.1,1201.9,21180.1
2025-05-17 17:00:00+00:00,-1.81,,,4793.8,3732.5,14017.3,2018.6,28474.8,1728.2,22135.8
2025-05-17 18:00:00+00:00,3.52,91.8,,5451.1,3733.5,12581.6,1864.5,29734.1,3590.1,23255.1
2025-05-17 19:00:00+00:00,26.56,155.0,,8851.0,3733.5,4639.8,1406.0,26869.6,4306.8,23568.5
2025-05-17 20:00:00+00:00,52.5,155.0,,9406.4,4739.5,267.1,874.1,24499.9,4644.9,24863.0
2025-05-17 21:00:00+00:00,57.12,155.0,,9511.1,4738.5,12.5,734.5,24468.7,4898.8,23711.9
2025-05-17 22:00:00+00:00,41.28,155.0,,9068.4,4739.5,12.5,731.3,23973.1,4918.7,21870.5
2025-05-17 23:00:00+00:00,37.0,155.0,,7482.3,4580.5,12.3,696.5,22569.2,5354.3,20327.9
2025-05-18 00:00:00+00:00,21.73,,,7810.2,3352.5,12.3,696.3,21383.1,5351.9,19061.8
2025-05-18 01:00:00+00:00,15.49,,,7652.3,3353.5,9.1,689.3,20840.6,5449.7,18219.8
2025-05-18 02:00:00+00:00,15.0,,,7612.2,3352.5,7.4,659.4,20227.0,5504.8,17694.1
2025-05-18 03:00:00+00:00,13.9,,,7007.9,3354.5,12.3,607.8,19568.2,5500.1,17406.2
2025-05-18 04:00:00+00:00,15.79,,,6902.1,3353.5,12.3,580.6,19498.5,5544.6,17344.4
2025-05-18 05:00:00+00:00,14.5,,,6838.1,3355.5,16.4,499.6,19255.9,5441.4,17820.8
2025-05-18 06:00:00+00:00,8.99,,,6721.9,3354.5,2091.5,467.1,20997.6,5253.5,17940.6
2025-05-18 07:00:00+00:00,0.01,,,5830.6,3355.5,9257.0,487.7,25135.8,3788.0,19268.5
2025-05-18 08:00:00+00:00,-1.54,,,4668.1,3353.5,13254.3,908.9,26411.8,2030.6,20329.0
2025-05-18 09:00:00+00:00,-10.0,,,4346.6,3354.5,15183.2,1169.2,27576.9,1491.5,21080.5
2025-05-18 10:00:00+00:00,-10.04,,,3814.5,3353.5,15856.6,1294.0,27505.2,1235.3,21268.1
2025-05-18 11:00:00+00:00,-12.0,,,3698.3,3352.5,16252.6,1273.8,27714.3,1234.2,21312.2
2025-05-18 12:00:00+00:00,-11.0,,,3751.3,3350.5,16600.1,1269.2,28295.0,1373.9,21623.9
2025-05-18 13:00:00+00:00,-15.0,,,3664.7,3348.5,16261.4,1112.6,27710.3,1450.5,21669.2
2025-05-18 14:00:00+00:00,-14.05,,,3662.0,3345.5,15640.8,1103.2,27184.1,1575.3,20539.0
2025-05-18 15:00:00+00:00,-13.0,,,3667.4,3344.5,14755.4,1217.2,26544.3,1702.8,19910.2
2025-05-18 16:00:00+00:00,-10.0,,,4006.6,3344.5,13835.3,1289.2,26613.0,2153.3,20181.3
2025-05-18 17:00:00+00:00,-3.0,,,4534.5,3344.5,12167.0,1656.1,26775.4,2940.6,20830.0
2025-05-18 18:00:00+00:00,0.28,,,5155.4,3345.5,10290.3,1543.9,28350.2,5625.9,21936.2
2025-05-18 19:00:00+00:00,7.44,,,8941.6,3345.5,3701.2,1208.3,27211.9,7466.1,23309.0
2025-05-18 20:00:00+00:00,37.0,,,8880.9,4342.5,237.5,826.5,26477.2,7717.7,25091.1
2025-05-18 21:00:00+00:00,40.7,,,8951.2,4343.5,4.3,731.6,26101.9,7592.3,24199.2
2025-05-18 22:00:00+00:00,33.96,,,8863.8,3349.5,4.3,709.8,23973.4,7158.4,22094.9
2025-05-18 23:00:00+00:00,20.82,,,7712.9,3350.5,12.3,656.8,23143.3,7750.3,20880.6
2025-05-19 00:00:00+00:00,18.02,,,6910.6,3352.5,12.3,656.7,21599.0,7294.7,19642.7
2025-05-19 01:00:00+00:00,13.83,,,6794.6,3352.5,4.1,656.6,21043.0,6876.3,19103.8
2025-05-19 02:00:00+00:00,14.0,,,6789.6,3353.5,4.1,653.7,21114.9,6966.0,18740.4
2025-05-19 03:00:00+00:00,10.63,,,6842.2,3353.5,4.1,591.3,20850.1,6704.4,18830.8
2025-05-19 04:00:00+00:00,19.94,,,6844.5,3353.5,4.1,518.6,20621.8,6511.9,19579.4
2025-05-19 05:00:00+00:00,25.95,,,7377.6,3355.5,66.4,450.6,21444.6,6205.9,22348.1
2025-05-19 06:00:00+00:00,42.99,,,8334.0,4348.5,1864.8,452.6,25311.8,5983.2,25439.7
2025-05-19 07:00:00+00:00,22.0,,,8628.2,3355.5,8683.4,484.3,30714.4,5705.1,27288.3
2025-05-19 08:00:00+00:00,3.52,,,5418.9,3354.5,15696.7,876.1,33248.4,4790.4,27619.0
2025-05-19 09:00:00+00:00,0.0,,,4483.0,3353.5,18188.9,1496.5,33805.7,3858.8,27339.1
2025-05-19 10:00:00+00:00,-0.5,,,4327.6,3353.5,18247.8,1827.3,34041.8,3884.3,26964.2
2025-05-19 11:00:00+00:00,-1.01,,,4217.4,3352.5,18369.7,1848.3,33919.9,3728.4,26947.3
2025-05-19 12:00:00+00:00,-1.5,,,4250.8,3350.5,18389.9,1824.3,34252.3,4025.7,27214.7
2025-05-19 13:00:00+00:00,-1.54,,,4231.0,3348.5,18189.6,1832.7,33649.1,3702.5,26799.5
2025-05-19 14:00:00+00:00,-2.0,,,4193.1,3346.5,17382.0,1859.3,33315.4,4212.7,26065.8
2025-05-19 15:00:00+00:00,-2.5,,,4191.7,3345.5,16713.8,1909.4,33044.7,4577.0,25640.1
2025-05-19 16:00:00+00:00,-1.54,,,4220.9,3345.5,16053.0,1953.7,32704.0,4814.9,25811.5
2025-05-19 17:00:00+00:00,-0.62,80.0,,4349.5,3345.5,14360.8,1986.6,33069.9,6566.2,26197.4
2025-05-19 18:00:00+00:00,0.66,100.0,,5085.8,3346.5,12103.7,1913.7,33392.9,8219.8,27292.6
2025-05-19 19:00:00+00:00,22.2,180.0,,7452.3,3346.5,4498.1,1486.9,31229.2,10336.2,27941.7
2025-05-19 20:00:00+00:00,37.94,180.0,,8679.1,4343.5,456.0,927.2,28654.3,9486.5,28857.7
2025-05-19 21:00:00+00:00,37.22,180.0,,8697.6,4343.5,4.2,737.2,27344.5,8801.4,26824.7
2025-05-19 22:00:00+00:00,29.86,180.0,,8629.3,3349.5,4.2,735.1,24967.6,8089.5,23962.7
2025-05-19 23:00:00+00:00,20.53,180.0,,7159.1,3349.5,43.1,583.5,23970.4,8735.2,22525.0
2025-05-20 00:00:00+00:00,16.93,180.0,,7539.2,3351.5,42.1,560.4,23751.3,8394.5,21085.5
2025-05-20 01:00:00+00:00,13.58,155.0,,7258.7,3351.5,42.1,547.6,22861.8,7834.8,20330.4
2025-05-20 02:00:00+00:00,7.74,70.0,,6969.3,3350.5,42.1,544.8,22151.2,7512.0,20207.4
2025-05-20 03:00:00+00:00,7.0,,,6969.3,3352.5,42.1,517.1,22053.8,7510.7,20104.0
2025-05-20 04:00:00+00:00,18.26,,,6979.7,3351.5,44.6,493.6,22520.0,7971.8,20428.7
2025-05-20 05:00:00+00:00,25.66,,,7549.4,3353.5,132.1,440.6,23300.2,8003.5,22759.7
2025-05-20 06:00:00+00:00,35.09,,,7547.5,4355.5,2440.1,332.8,26444.6,7785.5,25615.6
2025-05-20 07:00:00+00:00,20.2,,,6094.2,3353.5,10348.6,391.6,31639.7,7644.3,27929.9
2025-05-20 08:00:00+00:00,0.0,,,5020.7,3351.5,17416.7,1103.8,35070.0,5634.2,28633.1
2025-05-20 09:00:00+00:00,-0.3,,,4382.8,3352.5,18500.1,1800.8,35161.0,4759.5,27705.0
2025-05-20 10:00:00+00:00,-1.1,,,4275.2,3351.5,18814.4,1993.6,35143.2,4337.0,27372.2
2025-05-20 11:00:00+00:00,-1.54,,,4229.6,3351.5,19209.1,2024.3,35076.0,3917.9,27316.0
2025-05-20 12:00:00+00:00,-1.81,,,4227.2,3349.5,19357.1,2019.3,35140.4,3849.0,27359.4
2025-05-20 13:00:00+00:00,-2.1,,,4212.1,3347.5,18928.2,2030.7,34651.2,3815.4,26914.7
2025-05-20 14:00:00+00:00,-3.75,,,4142.4,3347.5,18554.8,2030.1,34005.7,3732.1,26205.7
2025-05-20 15:00:00+00:00,-3.4,,,4146.2,3346.5,17946.8,2024.2,33497.1,3849.9,25848.1
2025-05-20 16:00:00+00:00,-1.54,,,4228.6,3346.5,17169.5,2020.4,33406.9,4348.2,26033.9
2025-05-20 17:00:00+00:00,-0.04,,,4457.9,3346.5,16057.9,2027.3,33664.5,5446.9,26590.5
2025-05-20 18:00:00+00:00,3.52,50.0,,4907.3,3346.5,13056.0,1969.7,33508.9,7513.0,27785.7
2025-05-20 19:00:00+00:00,25.96,100.0,,7776.6,3347.5,4935.2,1540.1,30372.1,8783.1,27880.2
2025-05-20 20:00:00+00:00,53.91,155.0,,8620.5,4351.5,581.7,942.4,28011.4,8695.0,28507.8
2025-05-20 21:00:00+00:00,54.0,180.0,,8682.2,4351.5,51.4,747.0,27233.6,8541.0,26466.8
2025-05-20 22:00:00+00:00,35.01,50.0,,8283.9,4213.9,43.2,744.8,25468.6,8215.1,24074.3
2025-05-20 23:00:00+00:00,35.0,,,7511.8,3348.5,6.1,654.7,23403.8,7543.1,22522.2
2025-05-21 00:00:00+00:00,30.2,,,7302.6,3349.5,4.1,654.7,22847.0,7201.0,21246.1
2025-05-21 01:00:00+00:00,28.65,,,7233.0,3351.5,10.1,654.4,22480.1,6907.1,20380.2
2025-05-21 02:00:00+00:00,22.03,,,7210.9,3350.5,5.1,651.4,21967.1,6449.4,19998.8
2025-05-21 03:00:00+00:00,26.72,,,7241.0,3351.5,4.1,623.5,21518.2,5993.1,19997.1
2025-05-21 04:00:00+00:00,30.2,,,7269.3,3351.5,9.1,606.8,20998.3,5481.2,20514.0
2025-05-21 05:00:00+00:00,35.09,,,7512.1,4357.5,137.1,497.9,21611.3,5002.4,22970.5
2025-05-21 06:00:00+00:00,58.87,,,7930.6,4355.5,2588.8,348.2,23984.5,4390.1,25342.5
2025-05-21 07:00:00+00:00,35.01,,,7220.8,4104.3,10280.7,399.3,29850.1,3812.0,27671.1
2025-05-21 08:00:00+00:00,10.0,,,5055.7,3352.5,18106.4,1098.4,33870.1,3301.9,28319.1
2025-05-21 09:00:00+00:00,0.0,,,4613.4,3351.5,20243.5,1778.4,34650.2,2347.9,27830.5
2025-05-21 10:00:00+00:00,-0.3,,,4388.0,3351.5,19878.4,1986.6,34039.9,2136.2,27522.9
2025-05-21 11:00:00+00:00,-0.6,,,4300.7,3349.5,20012.7,2012.4,34064.3,2095.4,27331.3
2025-05-21 12:00:00+00:00,-0.6,,,4298.1,3348.5,20078.0,2020.4,34186.0,2148.4,27453.0
2025-05-21 13:00:00+00:00,-1.0,,,4354.8,3345.5,19643.5,2022.3,33848.3,2191.4,26990.0
2025-05-21 14:00:00+00:00,-1.1,,,4340.3,3343.5,19212.9,2014.6,33562.9,2377.8,26172.7
2025-05-21 15:00:00+00:00,-1.1,,,4327.2,3343.5,18495.6,2002.5,33118.2,2684.0,25741.6
2025-05-21 16:00:00+00:00,-0.6,,,4393.7,3341.5,17717.1,1995.9,33137.3,3433.4,26015.3
2025-05-21 17:00:00+00:00,0.0,,,4571.2,3342.5,17050.9,1983.4,33800.7,4478.7,26635.7
2025-05-21 18:00:00+00:00,5.79,,,5016.6,3343.5,12391.5,1901.9,32599.9,7143.0,27463.9
2025-05-21 19:00:00+00:00,34.94,,,7670.5,3344.5,4584.5,1420.4,29364.3,8122.8,27567.0
2025-05-21 20:00:00+00:00,68.21,,,8762.1,4348.5,627.9,863.1,28543.3,9253.6,28268.6
2025-05-21 21:00:00+00:00,41.93,,,8511.2,4348.5,5.3,698.9,28096.6,9919.4,26431.9
2025-05-21 22:00:00+00:00,27.23,,,8664.5,3347.5,13.5,696.8,27258.8,9962.3,24104.3
2025-05-21 23:00:00+00:00,13.06,,,8079.1,3349.5,0.1,774.0,26960.4,10416.9,22654.4
2025-05-22 00:00:00+00:00,11.0,,,6934.7,3350.5,0.1,773.9,25272.5,10252.4,21234.7
2025-05-22 01:00:00+00:00,7.0,,,6434.4,3351.5,0.1,773.8,24555.2,10025.0,20494.8
2025-05-22 02:00:00+00:00,5.11,,,6219.7,3350.5,0.1,773.4,24166.5,9853.5,20179.7
2025-05-22 03:00:00+00:00,5.11,,,6260.4,3352.5,0.1,773.4,24127.3,9759.7,20136.3
2025-05-22 04:00:00+00:00,5.11,,,6998.6,3350.5,0.1,762.4,24842.0,9730.6,20678.1
2025-05-22 05:00:00+00:00,6.0,,,7941.0,3353.5,13.6,618.6,26140.1,10203.7,23142.6
2025-05-22 06:00:00+00:00,12.1,,,8109.1,3351.5,2311.2,502.9,27936.8,10213.4,25479.5
2025-05-22 07:00:00+00:00,0.65,,,6919.4,3352.5,9228.4,557.2,32110.3,8938.8,27478.0
2025-05-22 08:00:00+00:00,0.0,,,4732.9,3352.5,15767.4,1127.2,34566.7,7179.5,28065.7
2025-05-22 09:00:00+00:00,-0.6,,,4171.2,3350.5,16809.9,1748.7,34579.2,6166.4,27340.2
2025-05-22 10:00:00+00:00,-4.0,,,3998.1,3352.5,17345.9,1985.5,33365.4,4518.7,27083.4
2025-05-22 11:00:00+00:00,-5.0,,,3988.8,3350.5,17825.6,2029.6,33295.4,3942.6,26961.4
2025-05-22 12:00:00+00:00,-5.0,,,3980.4,3349.5,17983.6,2045.7,33484.6,3964.7,27151.6
2025-05-22 13:00:00+00:00,-5.0,,,3939.3,3347.5,17683.4,2012.3,33031.4,3925.0,26694.4
2025-05-22 14:00:00+00:00,-5.0,,,3939.6,3346.5,17193.7,1981.1,32556.2,3983.4,25951.2
2025-05-22 15:00:00+00:00,-5.0,,,3991.8,3347.5,16430.2,1990.4,32129.7,4241.6,25525.7
2025-05-22 16:00:00+00:00,-3.0,,,4125.4,3346.5,15214.1,1978.9,32207.5,5401.8,25934.5
2025-05-22 17:00:00+00:00,-0.04,,,4425.6,3346.5,14060.5,1890.9,33786.0,7741.8,26465.0
2025-05-22 18:00:00+00:00,2.0,,,5073.0,3346.5,10952.7,1695.8,34182.6,10464.1,27342.6
2025-05-22 19:00:00+00:00,3.6,,,7982.0,3347.5,4246.8,1290.9,32804.5,12683.0,27897.3
2025-05-22 20:00:00+00:00,24.42,,,8537.8,3348.5,302.0,879.0,31404.0,14226.6,28557.6
2025-05-22 21:00:00+00:00,12.82,,,8621.9,3347.5,0.2,749.0,31540.4,14414.8,26686.3
2025-05-22 22:00:00+00:00,5.0,,,7852.3,3348.5,0.2,738.9,29468.6,13614.0,24370.9
2025-05-22 23:00:00+00:00,9.22,,,7002.9,3353.5,0.1,726.5,27823.6,13368.7,23810.8
2025-05-23 00:00:00+00:00,7.69,,,6331.4,3354.5,0.1,725.8,26206.5,12833.8,22538.8
2025-05-23 01:00:00+00:00,9.37,,,5983.0,3354.5,0.1,698.9,25443.2,12451.9,21567.8
2025-05-23 02:00:00+00:00,5.8,,,5973.9,3353.5,0.1,696.7,24850.3,11880.2,21263.3
2025-05-23 03:00:00+00:00,5.11,,,5992.0,3355.5,0.1,696.6,24587.5,11600.5,21230.3
2025-05-23 04:00:00+00:00,4.9,,,6569.3,3353.5,0.1,652.6,24832.9,11382.2,21733.4
2025-05-23 05:00:00+00:00,5.66,,,7965.5,3355.5,23.9,554.6,26771.5,11519.1,24086.6
2025-05-23 06:00:00+00:00,12.34,,,7983.4,3354.5,2087.9,512.9,28908.4,11254.6,26397.4
2025-05-23 07:00:00+00:00,4.23,,,6911.9,3355.5,8425.4,539.4,32687.8,10167.6,28429.9
2025-05-23 08:00:00+00:00,1.72,,,4226.2,3354.5,15655.0,1006.1,34687.7,8004.7,28313.7
2025-05-23 09:00:00+00:00,0.0,,,3751.5,3353.5,17857.4,1486.1,34904.2,6271.7,27726.2
2025-05-23 10:00:00+00:00,-0.5,,,3614.3,3355.5,17672.6,1677.2,33574.5,5109.8,27604.5
2025-05-23 11:00:00+00:00,-0.6,,,3560.5,3353.5,17981.5,1763.4,33657.4,4861.2,27710.4
2025-05-23 12:00:00+00:00,-0.6,,,3552.8,3354.5,18050.4,1789.3,33603.8,4721.8,27656.8
2025-05-23 13:00:00+00:00,-1.54,,,3536.1,3352.5,17685.5,1816.6,32745.6,4233.6,26949.6
2025-05-23 14:00:00+00:00,-3.0,,,3635.5,3352.5,17242.8,1852.1,31817.8,3695.0,26225.6
2025-05-23 15:00:00+00:00,-3.0,,,3621.3,3352.5,16762.1,1876.5,31591.2,3937.0,25655.2
2025-05-23 16:00:00+00:00,-1.54,,,3722.8,3353.5,16011.5,1878.1,31452.7,4429.5,25872.7
2025-05-23 17:00:00+00:00,-0.45,,,3911.9,3352.5,15222.7,1861.4,32944.8,6426.2,26408.8
2025-05-23 18:00:00+00:00,0.65,,,4576.9,3353.5,12369.6,1719.0,33255.9,8839.3,27361.9
2025-05-23 19:00:00+00:00,5.76,,,7436.7,3352.5,5104.2,1321.9,32749.7,12076.4,27744.0
2025-05-23 20:00:00+00:00,31.0,,,8426.2,3354.5,342.4,830.0,30168.3,13196.9,27935.7
2025-05-23 21:00:00+00:00,17.94,,,8795.4,3352.5,0.2,675.8,30764.0,13505.2,26562.5
2025-05-23 22:00:00+00:00,12.58,,,8515.6,3353.5,0.2,666.6,29458.1,12988.9,24440.7
2025-05-23 23:00:00+00:00,14.0,,,6457.1,3353.5,0.1,729.7,26768.6,12696.2,22590.5
2025-05-24 00:00:00+00:00,12.0,,,5682.1,3353.5,0.1,729.7,25061.0,11950.5,21325.3
2025-05-24 01:00:00+00:00,10.93,,,5712.2,3355.5,0.1,729.6,24309.8,11181.8,20251.0
2025-05-24 02:00:00+00:00,10.34,,,5693.1,3354.5,0.1,729.5,23503.1,10401.0,19759.9
2025-05-24 03:00:00+00:00,9.56,,,5583.5,3355.5,0.1,728.9,22534.4,9638.2,19496.9
2025-05-24 04:00:00+00:00,9.99,,,6191.0,3355.5,0.1,728.8,22463.0,8958.1,19467.8
2025-05-24 05:00:00+00:00,13.32,,,6189.6,3356.5,162.2,651.1,22033.5,8363.4,19824.4
2025-05-24 06:00:00+00:00,6.0,,,6024.0,3356.5,2926.6,598.2,23499.0,7330.5,20529.3
2025-05-24 07:00:00+00:00,3.28,,,4449.8,3356.5,10691.3,621.3,27839.2,5749.0,22087.8
2025-05-24 08:00:00+00:00,-1.0,,,3949.2,3355.5,14406.3,1238.2,29088.7,3695.4,23253.7
2025-05-24 09:00:00+00:00,-5.0,,,3553.2,3355.5,16473.9,1865.3,30018.7,2421.8,23670.7
2025-05-24 10:00:00+00:00,-6.0,,,3377.4,3355.5,16911.1,1485.2,29723.2,2243.0,23661.2
2025-05-24 11:00:00+00:00,-6.0,,,3337.4,3354.5,16852.5,1507.0,29542.6,2134.9,23296.6
2025-05-24 12:00:00+00:00,-6.0,,,3345.4,3352.5,17002.3,1507.5,29618.0,2050.9,23371.0
2025-05-24 13:00:00+00:00,-6.0,,,3309.5,3351.5,16611.0,1505.9,29154.4,2021.7,22932.4
2025-05-24 14:00:00+00:00,-8.01,,,3242.6,3348.5,15582.9,1486.9,27939.5,1935.6,21850.5
2025-05-24 15:00:00+00:00,-9.7,,,3246.0,3347.5,15027.7,1487.0,27449.0,2015.9,21353.0
2025-05-24 16:00:00+00:00,-6.01,,,3417.5,3347.5,14577.3,1505.8,27372.6,2198.0,21522.6
2025-05-24 17:00:00+00:00,-5.8,,,3602.1,3347.5,14521.4,1615.4,27673.4,2264.2,22183.4
2025-05-24 18:00:00+00:00,-0.02,,,4234.5,3348.5,12173.2,1994.7,28233.5,4101.8,23099.5
2025-05-24 19:00:00+00:00,17.72,,,5980.6,3349.5,5584.3,1550.8,26093.8,5901.1,23615.2
2025-05-24 20:00:00+00:00,36.1,,,7994.1,4351.5,511.7,924.5,23780.2,5785.1,24496.5
2025-05-24 21:00:00+00:00,52.0,,,8020.7,4351.5,8.6,736.0,22976.8,5545.1,23527.8
2025-05-24 22:00:00+00:00,37.0,,,7923.0,4352.5,8.6,726.3,22269.5,5052.3,21870.5
2025-05-24 23:00:00+00:00,30.0,,,6056.5,3531.5,8.3,762.4,18658.4,4549.6,20929.5
2025-05-25 00:00:00+00:00,21.0,,,5172.0,3563.5,0.1,762.1,17400.0,4207.9,19684.1
2025-05-25 01:00:00+00:00,18.66,,,4606.9,3594.5,8.3,761.9,16501.3,3842.2,18734.0
2025-05-25 02:00:00+00:00,17.08,,,4398.9,3624.5,8.3,761.6,15829.1,3453.7,18168.0
2025-05-25 03:00:00+00:00,16.01,,,4348.0,3655.5,8.3,761.3,15440.8,3116.7,17900.3
2025-05-25 04:00:00+00:00,15.1,,,4586.2,3685.5,8.2,760.2,15439.9,2844.0,18006.9
2025-05-25 05:00:00+00:00,15.5,,,4811.0,3716.5,161.2,681.0,15548.8,2621.1,18243.6
2025-05-25 06:00:00+00:00,5.71,,,4552.4,3730.5,2893.3,612.6,17091.9,2278.8,18791.8
2025-05-25 07:00:00+00:00,0.01,,,3646.9,3742.5,10403.7,628.2,22427.3,1881.6,19909.5
2025-05-25 08:00:00+00:00,-1.0,,,3097.5,3740.5,14424.9,1299.7,25912.9,1391.6,21033.3
2025-05-25 09:00:00+00:00,-5.0,,,2775.4,3740.5,15871.8,1938.3,27330.4,1156.8,21537.8
2025-05-25 10:00:00+00:00,-6.0,,,2715.2,3739.5,16525.3,1496.1,27505.8,1170.2,21559.4
2025-05-25 11:00:00+00:00,-7.71,,,2693.5,3738.5,15660.5,1507.5,26651.2,1190.3,21592.6
2025-05-25 12:00:00+00:00,-15.0,,,2205.5,3725.7,15019.5,1252.9,24736.9,876.5,22374.0
2025-05-25 13:00:00+00:00,-15.0,,,2104.6,3627.5,14857.5,1240.4,24428.7,960.9,22288.6
2025-05-25 14:00:00+00:00,-14.0,,,2178.5,3729.5,14723.3,1308.0,24639.9,1054.1,21030.1
2025-05-25 15:00:00+00:00,-9.02,,,2606.6,3728.5,14914.4,1504.0,26126.9,1540.8,20360.8
2025-05-25 16:00:00+00:00,-6.0,,,2628.7,3728.5,14767.8,1519.5,26386.1,1911.5,20644.3
2025-05-25 17:00:00+00:00,-3.99,,,2880.0,3727.5,14049.4,2103.2,27308.7,2697.9,21795.1
2025-05-25 18:00:00+00:00,0.0,,,3536.8,3729.5,12902.2,1987.5,29755.8,5491.4,22647.5
2025-05-25 19:00:00+00:00,17.03,,,4523.0,3730.5,5318.6,1487.7,26756.4,7961.9,23793.2
2025-05-25 20:00:00+00:00,26.71,,,7342.9,3731.5,500.3,971.6,25370.8,8988.0,25035.6
2025-05-25 21:00:00+00:00,35.01,,,7520.6,3820.3,0.2,745.1,25399.8,9459.7,24339.8
2025-05-25 22:00:00+00:00,20.17,,,7088.4,3735.5,0.2,734.9,24882.1,9461.6,22366.6
2025-05-25 23:00:00+00:00,26.25,,,4116.1,3736.5,8.3,694.1,21026.4,8641.9,20847.5
2025-05-26 00:00:00+00:00,18.04,,,4029.3,3737.5,8.3,694.1,19854.9,8405.4,19731.3
2025-05-26 01:00:00+00:00,16.64,,,3983.8,3738.5,8.3,694.1,19582.5,8228.6,19044.6
2025-05-26 02:00:00+00:00,14.43,,,3965.6,3738.5,8.3,694.1,19229.5,7969.8,18646.7
2025-05-26 03:00:00+00:00,16.4,,,3968.7,3740.5,8.3,694.1,18946.0,7620.7,18755.8
2025-05-26 04:00:00+00:00,20.0,,,4110.7,3739.5,8.2,694.1,18697.9,7165.5,19409.6
2025-05-26 05:00:00+00:00,25.78,,,5573.2,3740.5,163.3,605.6,20386.1,6774.7,21992.8
2025-05-26 06:00:00+00:00,35.01,,,6502.5,3896.0,2874.2,589.9,24198.3,6298.3,24612.3
2025-05-26 07:00:00+00:00,25.3,,,6091.4,3740.5,10689.2,630.2,29421.1,5513.0,26942.6
2025-05-26 08:00:00+00:00,0.01,,,4329.6,3740.5,17746.5,1320.9,33129.3,3771.6,27622.8
2025-05-26 09:00:00+00:00,0.0,,,2691.4,3738.5,20647.9,1906.6,33885.7,2741.2,27413.1
2025-05-26 10:00:00+00:00,-0.01,,,2638.9,3739.5,20978.7,2002.1,33671.7,2171.3,27092.0
2025-05-26 11:00:00+00:00,-0.01,,,2628.1,3738.5,21122.0,2005.6,33544.8,1900.6,26926.0
2025-05-26 12:00:00+00:00,-0.01,,,2620.0,3735.5,21339.5,2003.8,33703.8,1837.1,27059.0
2025-05-26 13:00:00+00:00,-0.02,,,2591.1,3734.5,20879.0,2005.9,33373.2,1964.8,26637.4
2025-05-26 14:00:00+00:00,-0.5,,,2564.0,3732.5,19938.6,2009.9,32573.9,2129.9,25839.1
2025-05-26 15:00:00+00:00,-0.3,,,2560.9,3731.5,19456.8,2003.8,32403.8,2450.2,25618.1
2025-05-26 16:00:00+00:00,-0.01,,,2625.2,3731.5,19136.2,1984.0,32589.7,2925.7,25937.2
2025-05-26 17:00:00+00:00,3.52,,,2897.3,3731.5,18422.0,1977.4,33489.8,4022.8,26646.4
2025-05-26 18:00:00+00:00,5.11,,,5800.3,3732.5,12897.0,1869.8,32801.5,5372.5,27403.1
2025-05-26 19:00:00+00:00,35.09,,,7439.8,4729.5,5159.5,1474.3,29564.0,6665.5,27854.6
2025-05-26 20:00:00+00:00,76.06,,,7923.4,4731.5,630.3,954.9,26576.7,7881.1,28272.5
2025-05-26 21:00:00+00:00,60.14,,,7917.4,4731.5,8.4,680.9,26726.2,8921.8,26579.7
2025-05-26 22:00:00+00:00,35.33,,,6584.3,4732.5,8.4,666.1,25573.9,9251.9,24102.1
2025-05-26 23:00:00+00:00,35.01,,,4139.0,4362.0,8.3,769.8,22656.3,9577.8,22913.3
2025-05-27 00:00:00+00:00,30.5,,,3952.2,3735.5,8.3,769.8,21604.1,9542.3,21550.4
2025-05-27 01:00:00+00:00,22.46,,,3858.7,3736.5,0.1,769.6,21196.7,9252.3,20820.3
2025-05-27 02:00:00+00:00,20.0,,,3839.0,3735.5,0.1,769.5,20709.8,8811.0,20422.6
2025-05-27 03:00:00+00:00,21.03,,,3846.8,3738.5,0.1,769.4,20208.5,8296.1,20337.0
2025-05-27 04:00:00+00:00,26.01,,,3921.3,3737.5,0.1,769.3,19712.2,7725.1,20889.7
2025-05-27 05:00:00+00:00,33.44,,,4657.9,3738.5,230.1,666.2,19972.3,7120.0,23233.0
2025-05-27 06:00:00+00:00,36.26,,,7177.3,4735.5,2982.6,571.8,25642.4,6130.6,26127.1
2025-05-27 07:00:00+00:00,33.0,,,6899.8,3738.5,10869.9,668.7,30537.5,5028.5,28030.2
2025-05-27 08:00:00+00:00,18.0,,,3995.3,3737.5,18303.1,1391.1,34085.3,3913.2,28048.3
2025-05-27 09:00:00+00:00,0.03,,,3055.0,3737.5,21393.7,1961.5,35237.1,2673.7,27884.7
2025-05-27 10:00:00+00:00,-0.01,,,2711.0,3737.5,22000.0,2074.1,34735.7,2001.7,27659.7
2025-05-27 11:00:00+00:00,-0.01,,,2704.4,3735.5,21987.0,2091.0,34573.4,1838.7,27522.4
2025-05-27 12:00:00+00:00,-0.01,,,2707.3,3734.5,22176.7,2095.0,34806.6,1873.5,27666.6
2025-05-27 13:00:00+00:00,-0.01,,,2689.5,3731.5,21652.8,2092.5,34411.4,2027.1,27267.4
2025-05-27 14:00:00+00:00,-0.01,,,2666.0,3729.5,21101.0,2089.2,34000.0,2200.9,26539.0
2025-05-27 15:00:00+00:00,-0.01,,,2664.1,3728.5,20771.0,2091.1,33853.1,2402.1,26373.1
2025-05-27 16:00:00+00:00,-0.01,,,2844.1,3728.5,20181.7,2098.0,33621.1,2581.9,26714.1
2025-05-27 17:00:00+00:00,0.0,,,4210.9,3728.5,18749.6,2091.3,34729.6,3564.9,27422.6
2025-05-27 18:00:00+00:00,32.5,,,5267.8,3728.5,14015.4,1993.0,32628.6,4154.1,27970.6
2025-05-27 19:00:00+00:00,49.56,,,7998.0,4727.5,5812.3,1579.1,28851.2,4430.3,28563.8
2025-05-27 20:00:00+00:00,111.16,,,8344.0,4727.5,726.5,1022.0,24120.4,4881.2,28008.8
2025-05-27 21:00:00+00:00,100.0,,,8290.7,4729.5,8.4,760.9,23406.7,5197.1,26698.3
2025-05-27 22:00:00+00:00,75.31,,,6628.4,4729.5,8.4,744.3,21844.8,5329.4,24065.5
2025-05-27 23:00:00+00:00,35.01,,,6798.8,4538.7,0.1,769.7,21819.0,5398.5,23814.8
2025-05-28 00:00:00+00:00,30.5,,,6381.8,4060.3,0.1,769.7,20349.8,5336.8,22395.1
2025-05-28 01:00:00+00:00,33.27,,,4947.0,4060.3,0.1,769.5,19367.3,5275.9,21401.3
2025-05-28 02:00:00+00:00,32.02,,,4923.9,4061.3,0.1,769.4,18871.1,5100.6,20967.5
2025-05-28 03:00:00+00:00,32.0,,,5126.3,4062.3,0.1,769.3,18856.6,4921.2,20800.7
2025-05-28 04:00:00+00:00,31.08,,,6312.0,4062.3,0.1,768.9,19666.1,4734.9,21395.3
2025-05-28 05:00:00+00:00,35.01,,,6497.1,4963.3,68.9,695.1,21045.5,4459.6,23829.8
2025-05-28 06:00:00+00:00,54.88,,,6412.5,5060.3,2833.4,595.4,23098.3,3777.7,26395.1
2025-05-28 07:00:00+00:00,35.01,,,5137.4,5027.5,10778.8,587.7,29188.7,3290.1,28146.7
2025-05-28 08:00:00+00:00,17.2,,,4134.3,4377.1,18194.5,1354.3,33652.8,2885.6,28735.3
2025-05-28 09:00:00+00:00,0.85,,,3187.6,4377.1,21512.2,1957.6,36027.4,2353.1,28528.9
2025-05-28 10:00:00+00:00,-0.01,,,2875.3,4377.1,20846.4,2064.8,34577.4,2052.3,28588.4
2025-05-28 11:00:00+00:00,-0.01,,,2611.0,4374.1,20853.1,2084.4,34482.5,2187.5,28518.5
2025-05-28 12:00:00+00:00,-0.01,,,2599.8,4372.1,20852.3,2089.4,34705.9,2408.1,28741.9
2025-05-28 13:00:00+00:00,-0.5,,,2625.3,4369.1,20409.5,2091.2,34491.2,2620.7,28278.2
2025-05-28 14:00:00+00:00,-0.6,,,2615.1,4364.1,19349.0,2092.9,33695.1,2928.3,27682.1
2025-05-28 15:00:00+00:00,-0.62,,,2658.3,4622.5,18593.2,2088.7,33436.9,3151.2,27454.9
2025-05-28 16:00:00+00:00,-0.01,,,2771.6,4693.8,18440.4,2087.1,34080.9,3757.1,28280.9
2025-05-28 17:00:00+00:00,1.72,,,3056.4,4693.8,18950.2,2071.3,36417.0,4979.3,28798.0
2025-05-28 18:00:00+00:00,23.0,,,4611.8,4693.8,13591.6,1943.5,34856.2,6604.8,28900.2
2025-05-28 19:00:00+00:00,55.18,,,7238.7,5690.8,5586.9,1500.3,32052.8,7422.2,28803.6
2025-05-28 20:00:00+00:00,96.0,,,7722.9,5692.8,619.3,989.1,28161.3,8462.8,28618.3
2025-05-28 21:00:00+00:00,100.86,,,7716.6,5764.1,8.4,760.8,28110.2,9166.1,26856.0
2025-05-28 22:00:00+00:00,54.88,,,7441.4,5829.5,8.4,743.7,27954.3,9293.8,24776.8
2025-05-28 23:00:00+00:00,49.63,,,6462.4,4999.0,0.1,764.1,25531.0,8759.8,24104.6
2025-05-29 00:00:00+00:00,39.0,,,5926.9,5000.0,0.1,764.1,24464.0,8311.3,22824.6
2025-05-29 01:00:00+00:00,43.81,,,4309.7,5003.0,8.3,763.8,22267.1,7637.8,21895.8
2025-05-29 02:00:00+00:00,39.22,,,4284.6,5003.0,0.1,763.8,21404.7,6908.7,21302.9
2025-05-29 03:00:00+00:00,38.24,,,4279.7,5006.0,0.1,763.7,20709.2,6239.0,21180.0
2025-05-29 04:00:00+00:00,40.01,,,5022.3,5005.0,,763.6,20860.9,5611.3,21744.4
2025-05-29 05:00:00+00:00,37.95,,,6399.3,5007.0,86.2,664.0,21661.4,5066.0,23941.9
2025-05-29 06:00:00+00:00,45.0,,,6314.9,5006.0,2774.2,593.2,23684.5,4453.8,26931.1
2025-05-29 07:00:00+00:00,38.24,,,4569.4,5008.0,10200.2,561.9,28800.2,4022.5,28496.3
2025-05-29 08:00:00+00:00,16.06,,,3514.7,5007.0,17366.7,1286.7,33737.7,3580.2,28796.1
2025-05-29 09:00:00+00:00,3.52,,,2867.1,5006.0,21220.7,1835.3,36662.6,2998.0,29138.6
2025-05-29 10:00:00+00:00,0.65,,,2773.4,5004.0,22282.7,1984.3,37250.7,2551.6,29231.7
2025-05-29 11:00:00+00:00,-0.01,,,2675.4,5002.0,21531.6,2021.2,35991.6,2309.3,29422.5
2025-05-29 12:00:00+00:00,-0.48,,,2637.6,5000.0,20011.8,2024.9,34491.8,2370.4,29233.5
2025-05-29 13:00:00+00:00,-0.9,,,2640.0,4995.0,18973.3,2012.3,33283.4,2236.1,28730.3
2025-05-29 14:00:00+00:00,-0.12,,,2651.6,4993.0,19576.0,1999.4,34215.8,2564.8,28259.8
2025-05-29 15:00:00+00:00,-0.01,,,2656.9,4992.0,20400.3,2017.3,35234.7,2750.1,28161.9
2025-05-29 16:00:00+00:00,0.07,,,2806.8,4993.0,19851.5,2034.9,35526.4,3184.4,28752.0
2025-05-29 17:00:00+00:00,17.77,,,3187.9,4993.0,17185.8,2010.9,34579.6,4186.2,29287.7
2025-05-29 18:00:00+00:00,36.13,,,5306.1,4993.0,11829.4,1857.1,32669.3,4394.2,29340.1
2025-05-29 19:00:00+00:00,71.63,,,7187.5,4993.0,4594.8,1404.5,27639.6,4780.5,29460.6
2025-05-29 20:00:00+00:00,134.99,,,8748.9,4992.0,499.8,943.4,25122.6,5216.6,28510.4
2025-05-29 21:00:00+00:00,119.02,,,8447.0,4994.0,8.5,751.1,24196.6,5267.9,27263.5
2025-05-29 22:00:00+00:00,70.9,,,7358.9,4997.0,8.5,734.8,22685.4,4920.3,25372.7
2025-05-29 23:00:00+00:00,55.0,,,6271.8,5964.3,0.1,765.6,22628.6,5071.5,24856.2
2025-05-30 00:00:00+00:00,53.1,,,4587.8,5967.3,0.1,765.6,20862.7,4980.0,23404.5
2025-05-30 01:00:00+00:00,47.7,,,4452.8,5968.3,0.1,765.3,20564.3,4894.1,22354.6
2025-05-30 02:00:00+00:00,45.78,,,4384.2,5969.3,0.1,765.3,19816.6,4723.0,21755.7
2025-05-30 03:00:00+00:00,45.54,,,4371.7,5971.3,0.1,765.2,19511.9,4547.4,21628.4
2025-05-30 04:00:00+00:00,46.08,,,4518.1,5971.3,0.1,765.1,19688.0,4262.9,22096.3
2025-05-30 05:00:00+00:00,49.55,,,6422.6,5982.2,102.0,668.5,21724.7,4062.2,24455.1
2025-05-30 06:00:00+00:00,68.38,,,6914.5,5983.2,2376.8,362.5,23826.8,3589.1,26851.9
2025-05-30 07:00:00+00:00,53.01,,,5417.2,5993.1,8620.5,304.4,27622.5,2999.0,28668.0
2025-05-30 08:00:00+00:00,29.13,,,2982.9,5993.1,14805.4,906.8,30282.5,2639.3,29393.2
2025-05-30 09:00:00+00:00,1.83,,,2535.7,5991.1,18177.6,1523.2,32720.6,1889.5,30303.7
2025-05-30 10:00:00+00:00,0.0,,,2421.5,5991.1,18840.7,1675.3,32954.5,1559.2,30396.5
2025-05-30 11:00:00+00:00,-0.01,,,2265.3,5988.1,19023.8,1764.5,33008.3,1596.4,30459.3
2025-05-30 12:00:00+00:00,-0.01,,,2257.2,6015.1,18542.1,1807.0,32835.2,1851.9,30287.2
2025-05-30 13:00:00+00:00,-0.07,,,2247.7,6020.4,17582.9,1787.7,32065.9,2069.5,29518.9
2025-05-30 14:00:00+00:00,-0.07,,,2247.1,6048.1,16678.4,1799.7,31421.5,2302.4,28827.2
2025-05-30 15:00:00+00:00,-0.01,,,2252.4,6050.1,16920.5,1804.8,32026.3,2661.6,28325.6
2025-05-30 16:00:00+00:00,5.0,,,2436.7,6050.1,16872.4,1776.6,34286.9,4514.4,28759.7
2025-05-30 17:00:00+00:00,45.36,,,3077.1,6050.1,13779.8,1667.3,33111.1,5381.1,28433.3
2025-05-30 18:00:00+00:00,55.28,,,4283.4,6050.1,9676.1,1511.7,31732.6,5548.8,28816.8
2025-05-30 19:00:00+00:00,100.29,,,7073.3,6050.1,3950.3,1183.9,28221.4,5252.6,28507.2
2025-05-30 20:00:00+00:00,120.59,,,8582.1,6050.1,556.4,877.5,26213.9,5412.5,27743.9
2025-05-30 21:00:00+00:00,130.19,,,8820.0,6049.1,8.5,746.2,25440.2,5091.8,26168.3
2025-05-30 22:00:00+00:00,103.35,,,8042.4,6051.1,8.5,734.9,23943.7,4416.6,24487.0
2025-05-30 23:00:00+00:00,107.0,,,7547.3,5981.8,8.3,719.0,22541.3,3871.3,24138.8
2025-02-01 00:00:00+00:00,137.18,223.0,243.6,8079.3,7093.5,57.6,263.7,28383.6,8247.8,26339.4
2025-02-01 01:00:00+00:00,129.61,,243.2,6939.3,7094.5,57.5,225.2,26811.5,8186.6,24423.2
2025-02-01 02:00:00+00:00,124.38,,180.0,5742.8,7094.5,49.3,239.1,25658.8,8418.1,23013.8
2025-02-01 03:00:00+00:00,116.96,,,5322.7,7093.5,57.5,239.0,25240.5,8626.8,22242.9
2025-02-01 04:00:00+00:00,104.73,,,5295.9,7095.5,54.5,245.0,25074.5,8574.7,22214.4
2025-02-01 05:00:00+00:00,108.17,,,5405.8,7093.5,54.5,255.0,25267.6,8656.6,22264.2
2025-02-01 06:00:00+00:00,107.49,,,5441.4,7093.5,136.0,221.9,25458.2,8757.1,22996.3
2025-02-01 07:00:00+00:00,100.85,,,6708.2,7094.5,264.3,96.5,26535.7,8864.9,24704.5
2025-02-01 08:00:00+00:00,115.28,,,6534.7,7094.5,1197.3,96.5,27983.7,9122.7,26240.2
2025-02-01 09:00:00+00:00,109.93,,,4866.5,7094.5,6393.3,102.8,30777.4,9239.2,28435.0
2025-02-01 10:00:00+00:00,65.27,,,4349.4,7094.5,13123.5,264.7,36696.1,8967.8,30277.4
2025-02-01 11:00:00+00:00,20.1,,,4034.9,7093.5,15587.2,718.9,39225.4,9092.9,30990.8
2025-02-01 12:00:00+00:00,5.3,,,4007.2,7093.5,16219.2,925.5,39798.4,8890.3,30294.4
2025-02-01 13:00:00+00:00,5.2,,,3962.5,7093.5,16289.1,995.5,40218.7,9206.8,30314.5
2025-02-01 14:00:00+00:00,5.06,,,3930.6,7092.5,16185.3,1069.1,40421.5,9472.1,30072.4
2025-02-01 15:00:00+00:00,5.2,,,3966.5,7093.5,15508.5,1149.0,39870.0,9485.0,29191.5
2025-02-01 16:00:00+00:00,41.88,,,3967.7,7091.5,12691.7,1318.7,37390.0,9579.4,28443.8
2025-02-01 17:00:00+00:00,105.0,,,4867.3,7092.5,6793.7,1181.7,31923.1,8923.0,27631.7
2025-02-01 18:00:00+00:00,140.34,,,8239.6,7092.5,1361.9,738.3,30294.5,8536.5,28247.3
2025-02-01 19:00:00+00:00,162.98,981.0,,8978.3,7092.5,173.8,502.2,30284.6,8004.2,29177.2
2025-02-01 20:00:00+00:00,156.6,378.0,,8926.3,7093.5,50.4,375.9,28861.2,7482.6,30059.1
2025-02-01 21:00:00+00:00,145.24,378.0,,8671.1,7092.5,50.4,222.6,27804.1,6898.1,30097.7
2025-02-01 22:00:00+00:00,141.73,,,8492.7,7094.5,50.4,164.3,26205.2,6238.9,28088.4
2025-02-01 23:00:00+00:00,131.74,,,8068.8,7093.5,50.4,149.3,25018.0,5522.9,25951.4
2025-02-02 00:00:00+00:00,133.26,122.0,243.6,8653.2,7094.5,57.6,298.8,24932.4,5330.9,24067.8
2025-02-02 01:00:00+00:00,126.91,,243.2,8566.9,7093.5,57.5,300.8,23888.1,4820.8,22259.4
2025-02-02 02:00:00+00:00,116.91,,180.0,8506.7,7094.5,57.5,293.8,23594.0,4662.9,21032.1
2025-02-02 03:00:00+00:00,113.64,,,8020.2,7095.5,57.5,293.8,22893.5,4667.0,20269.6
2025-02-02 04:00:00+00:00,108.0,,,7955.2,7094.5,54.5,293.8,22854.7,4727.9,20086.9
2025-02-02 05:00:00+00:00,116.91,,,6991.2,7093.5,57.5,293.8,22204.8,5046.2,19892.4
2025-02-02 06:00:00+00:00,113.5,,,6737.1,7093.5,137.8,252.5,22120.9,5128.6,20509.1
2025-02-02 07:00:00+00:00,120.42,,,6576.0,7094.5,355.0,161.1,22269.4,5097.2,21634.1
2025-02-02 08:00:00+00:00,133.56,,,6347.9,7095.5,1222.5,141.1,22696.6,4663.6,22674.5
2025-02-02 09:00:00+00:00,133.38,,,5462.9,7094.5,5528.4,145.4,25740.9,4324.7,24532.6
2025-02-02 10:00:00+00:00,121.75,,,4326.2,7093.5,10225.9,243.0,28603.8,3794.3,26649.1
2025-02-02 11:00:00+00:00,100.08,,,4053.2,7094.5,12188.6,465.1,30276.6,3697.2,27397.2
2025-02-02 12:00:00+00:00,92.88,,,4056.7,7093.5,12498.9,601.2,30742.6,3822.9,27529.7
2025-02-02 13:00:00+00:00,95.0,,,4054.9,7094.5,12222.9,625.4,30759.0,4063.9,27934.1
2025-02-02 14:00:00+00:00,95.0,,,4039.8,7092.5,11498.8,625.3,30282.3,4309.5,28072.7
2025-02-02 15:00:00+00:00,99.45,,,4067.3,7093.5,10693.1,661.2,29704.5,4460.1,27118.6
2025-02-02 16:00:00+00:00,101.26,,,4067.4,7092.5,8449.4,713.6,27709.6,4460.3,26616.2
2025-02-02 17:00:00+00:00,130.78,,,6661.8,7093.5,4024.5,570.4,26144.1,4771.3,26218.7
2025-02-02 18:00:00+00:00,164.14,639.6,,8953.5,7093.5,849.8,393.0,27239.0,4958.2,28014.0
2025-02-02 19:00:00+00:00,173.95,1127.2,,9317.7,7093.5,165.7,268.1,27518.9,5133.9,30011.0
2025-02-02 20:00:00+00:00,165.5,922.3,,9263.4,7093.5,50.4,221.7,27310.3,5331.9,31105.3
2025-02-02 21:00:00+00:00,155.77,345.0,,9143.9,7093.5,50.4,181.6,26502.8,5387.2,30792.9
2025-02-02 22:00:00+00:00,148.44,344.0,,9018.3,7094.5,50.4,151.4,26168.2,5387.6,28576.4
2025-02-02 23:00:00+00:00,133.24,,,8813.0,7093.5,50.4,151.5,24770.2,5339.1,25689.7
2025-02-03 00:00:00+00:00,116.41,120.0,415.6,8224.8,7095.8,49.3,250.4,25679.9,6524.3,24034.9
2025-02-03 01:00:00+00:00,102.53,,414.2,8167.7,7094.8,46.3,250.3,25203.3,6281.6,22695.4
2025-02-03 02:00:00+00:00,102.19,,350.0,8139.2,7095.8,46.3,250.3,25067.4,6234.7,21778.5
2025-02-03 03:00:00+00:00,102.53,,,7313.2,7095.8,46.3,250.2,23888.5,6233.0,21286.0
2025-02-03 04:00:00+00:00,102.45,,,7367.7,7095.8,46.3,250.3,24142.2,6432.7,21383.2
2025-02-03 05:00:00+00:00,106.87,,,7410.8,7095.8,54.5,250.3,24387.3,6622.2,22299.0
2025-02-03 06:00:00+00:00,102.19,151.0,,8254.3,7094.8,55.7,241.7,25601.5,6722.5,25816.5
2025-02-03 07:00:00+00:00,144.3,507.5,,8861.3,7095.8,229.9,120.2,27398.7,6729.8,30043.2
2025-02-03 08:00:00+00:00,165.0,1838.0,,9010.1,7095.8,1147.6,120.2,30278.9,6469.3,32735.3
2025-02-03 09:00:00+00:00,145.1,763.8,,8503.8,7096.8,5716.4,125.2,32610.2,6018.6,33419.3
2025-02-03 10:00:00+00:00,111.0,106.0,,7893.4,7094.8,11345.3,184.3,35394.6,5388.9,34050.8
2025-02-03 11:00:00+00:00,102.6,,,6628.8,7095.8,13953.4,422.0,36360.3,4996.2,33935.1
2025-02-03 12:00:00+00:00,102.49,,,6173.3,7094.8,14810.3,572.0,36532.4,4627.1,33607.1
2025-02-03 13:00:00+00:00,102.45,9.0,,6182.7,7094.8,14970.3,637.6,36241.0,4165.8,33473.2
2025-02-03 14:00:00+00:00,102.45,19.0,,6285.0,7093.8,14998.8,721.0,36037.2,3747.8,32884.2
2025-02-03 15:00:00+00:00,112.0,73.0,,6414.4,7095.8,14507.7,848.6,35584.4,3399.9,32340.6
2025-02-03 16:00:00+00:00,123.52,702.0,,7722.4,7093.8,12087.5,917.7,34951.8,3112.9,31910.7
2025-02-03 17:00:00+00:00,145.05,2829.4,,8984.4,7094.8,6278.6,843.0,33210.2,3193.4,31965.5
2025-02-03 18:00:00+00:00,200.73,6075.8,,9807.3,7093.8,1269.1,548.4,33309.3,3545.6,32881.3
2025-02-03 19:00:00+00:00,201.1,6109.1,,9918.9,7094.8,227.4,350.2,32412.5,3732.5,34634.4
2025-02-03 20:00:00+00:00,227.51,6127.5,,9971.8,7094.8,58.7,259.2,32411.4,3843.5,35264.0
2025-02-03 21:00:00+00:00,186.0,6140.1,,9836.1,7094.8,58.7,200.5,31947.0,3690.7,34714.7
2025-02-03 22:00:00+00:00,150.92,4527.6,,9561.0,7095.8,50.5,170.3,29075.0,3167.9,31548.6
2025-02-03 23:00:00+00:00,135.81,3085.8,,9101.7,7094.8,50.5,170.3,26039.3,2851.5,28133.3
2025-02-04 00:00:00+00:00,132.4,2571.8,597.6,8374.3,7095.5,49.3,303.9,24828.0,2389.3,25822.1
2025-02-04 01:00:00+00:00,125.54,1627.1,595.2,8380.3,7096.5,49.3,293.8,23369.1,2194.2,24114.2
2025-02-04 02:00:00+00:00,123.18,1593.1,533.0,8286.7,7096.5,49.3,293.8,23180.0,2201.2,23236.4
2025-02-04 03:00:00+00:00,123.99,1611.6,413.0,8159.9,7096.5,57.5,293.8,23010.0,2267.2,22663.3
2025-02-04 04:00:00+00:00,123.25,1538.0,413.0,8141.7,7096.5,57.5,293.8,23053.7,2400.6,22631.2
2025-02-04 05:00:00+00:00,127.63,2143.7,430.0,8184.2,7095.5,57.5,293.8,23978.5,2642.8,23253.0
2025-02-04 06:00:00+00:00,146.18,3521.2,610.0,8881.5,7095.5,158.6,252.5,27540.8,2775.4,26179.2
2025-02-04 07:00:00+00:00,187.5,5744.0,890.0,9263.0,7096.5,289.7,108.8,30623.2,2888.9,30876.6
2025-02-04 08:00:00+00:00,211.99,5747.2,890.0,9389.8,7097.5,1600.9,108.8,32138.6,2788.9,33124.6
2025-02-04 09:00:00+00:00,162.11,4991.2,836.0,9173.9,7096.5,7819.7,117.1,37184.9,2804.2,33891.6
2025-02-04 10:00:00+00:00,133.32,1576.4,490.0,7978.2,7095.5,14831.9,360.1,38336.8,2331.7,33981.0
2025-02-04 11:00:00+00:00,113.99,640.0,413.0,6482.1,7096.5,17505.1,928.5,38500.1,2139.0,33618.9
2025-02-04 12:00:00+00:00,103.77,430.0,413.0,6292.2,7095.5,17912.2,1127.0,38321.5,1826.7,33079.3
2025-02-04 13:00:00+00:00,102.5,264.9,413.0,6284.9,7095.5,17978.3,1169.4,38043.4,1686.3,32891.3
2025-02-04 14:00:00+00:00,100.39,220.0,413.0,6276.4,7093.5,17827.4,1205.2,37826.0,1647.2,32576.0
2025-02-04 15:00:00+00:00,100.52,340.0,413.0,6329.2,7095.5,17298.0,1290.1,37469.6,1577.4,32134.2
2025-02-04 16:00:00+00:00,106.5,1696.6,413.0,6529.2,7093.5,14823.5,1368.5,37030.0,1767.6,32178.3
2025-02-04 17:00:00+00:00,134.32,3994.4,573.0,8609.3,7094.5,8008.0,1212.5,35145.5,2035.6,32033.1
2025-02-04 18:00:00+00:00,175.0,7190.1,873.0,9568.9,7092.5,1595.2,637.7,34114.6,2583.0,33421.3
2025-02-04 19:00:00+00:00,216.38,7221.0,890.0,10056.5,7095.5,242.5,261.0,33584.4,3162.6,34273.4
2025-02-04 20:00:00+00:00,240.0,7243.9,890.0,10089.5,7094.5,58.6,205.7,34174.5,3923.6,34795.5
2025-02-04 21:00:00+00:00,164.07,7257.1,890.0,9664.2,7094.5,50.4,138.7,34231.1,4631.4,34608.7
2025-02-04 22:00:00+00:00,146.18,4715.4,653.0,9140.5,7095.5,50.4,131.3,31089.5,5039.0,31148.4
2025-02-04 23:00:00+00:00,140.56,1723.5,413.0,8956.6,7095.5,50.4,131.3,27033.1,5061.0,27695.4
2025-02-05 00:00:00+00:00,128.44,471.0,597.6,8202.2,7095.3,49.3,293.8,25613.6,5758.5,25771.0
2025-02-05 01:00:00+00:00,119.39,156.9,595.2,8074.6,7096.3,49.3,293.8,25279.3,5954.1,24214.6
2025-02-05 02:00:00+00:00,116.59,,470.0,8018.5,7096.3,49.3,293.8,25048.4,6064.6,22990.1
2025-02-05 03:00:00+00:00,115.64,,,8066.7,7096.3,49.3,293.8,24815.0,6255.0,22593.2
2025-02-05 04:00:00+00:00,117.33,,,8063.3,7096.3,49.3,293.9,24934.6,6376.8,22483.7
2025-02-05 05:00:00+00:00,123.05,5.3,,8090.6,7095.3,57.5,293.9,25301.6,6701.4,23154.4
2025-02-05 06:00:00+00:00,140.34,242.7,,8479.8,7096.3,151.3,285.7,26958.4,6944.2,26061.8
2025-02-05 07:00:00+00:00,168.48,1980.1,,9147.4,7096.3,262.6,108.8,30375.6,7289.5,30597.0
2025-02-05 08:00:00+00:00,180.81,1978.1,,9337.6,7096.3,1823.8,108.8,31771.6,7030.1,32989.5
2025-02-05 09:00:00+00:00,146.13,450.9,,8756.2,7097.3,8536.2,121.3,36260.7,6959.5,33485.7
2025-02-05 10:00:00+00:00,100.21,,,6850.2,7095.3,15850.2,528.9,40128.5,6473.8,34064.7
2025-02-05 11:00:00+00:00,48.0,,,5444.1,7096.3,17992.9,1163.5,40709.3,6103.0,34612.7
2025-02-05 12:00:00+00:00,30.3,,,5299.7,7095.3,18487.5,1359.2,40622.4,5499.9,34322.4
2025-02-05 13:00:00+00:00,35.2,,,5301.0,7095.3,18511.8,1365.8,40366.6,5209.2,34040.3
2025-02-05 14:00:00+00:00,30.0,,,5315.7,7093.3,18448.3,1413.1,40322.6,5151.9,33724.8
2025-02-05 15:00:00+00:00,40.0,,,5956.4,7095.3,18004.1,1519.4,40657.1,5171.0,33018.5
2025-02-05 16:00:00+00:00,69.99,11.0,,6190.9,7093.3,15869.9,1598.8,39301.7,5549.3,32738.3
2025-02-05 17:00:00+00:00,124.71,537.0,,7416.2,7094.3,9053.7,1428.5,35046.8,6115.1,31623.9
2025-02-05 18:00:00+00:00,189.9,2839.5,,9422.1,7093.3,1914.5,789.6,33800.0,6922.2,32444.1
2025-02-05 19:00:00+00:00,189.63,3085.2,,9727.8,7094.3,218.0,377.6,32981.3,7651.7,34216.8
2025-02-05 20:00:00+00:00,170.0,3095.7,,9407.7,7095.3,50.4,323.0,33004.5,8299.5,35434.9
2025-02-05 21:00:00+00:00,155.42,2696.0,,9292.2,7094.3,50.4,230.2,32509.5,8536.6,34232.0
2025-02-05 22:00:00+00:00,143.7,1342.6,,8868.9,7095.3,50.4,195.3,30377.0,8334.4,30843.1
2025-02-05 23:00:00+00:00,136.95,207.0,,8633.6,7095.3,51.4,186.3,27326.1,7486.1,27484.5
2025-02-06 00:00:00+00:00,133.67,1730.1,597.6,8245.1,7094.9,49.3,352.7,27800.8,6210.5,25598.9
2025-02-06 01:00:00+00:00,131.51,1040.1,595.2,8125.5,7094.9,49.3,324.5,25724.2,5296.3,23872.1
2025-02-06 02:00:00+00:00,126.48,560.0,533.0,8133.5,7094.9,49.3,324.3,24323.0,4435.7,22672.1
2025-02-06 03:00:00+00:00,125.01,560.0,413.0,8071.8,7095.9,49.3,324.1,23424.5,3823.6,22335.2
2025-02-06 04:00:00+00:00,125.01,560.3,413.0,8070.7,7095.9,49.3,324.0,23020.3,3423.2,22300.4
2025-02-06 05:00:00+00:00,131.33,963.7,413.0,8107.2,7093.9,51.3,323.9,23380.7,3240.5,22913.4
2025-02-06 06:00:00+00:00,144.92,2240.1,593.0,8839.9,7094.9,160.0,323.8,26650.5,2952.1,26131.5
2025-02-06 07:00:00+00:00,180.09,4221.0,873.0,9142.8,7095.9,303.9,203.8,29490.1,2886.3,31119.3
2025-02-06 08:00:00+00:00,210.56,5078.4,890.0,9130.2,7095.9,1877.8,278.8,31670.6,2542.1,33272.9
2025-02-06 09:00:00+00:00,157.59,3034.4,759.0,8916.9,7095.9,8745.3,273.0,35724.3,2448.5,33465.0
2025-02-06 10:00:00+00:00,115.97,489.0,413.0,7859.9,7093.9,16051.4,558.8,37860.4,1977.1,33146.7
2025-02-06 11:00:00+00:00,93.49,220.0,413.0,7544.7,7095.9,18443.9,1175.6,39846.7,1810.7,32981.3
2025-02-06 12:00:00+00:00,91.5,220.0,413.0,6592.6,7093.9,18928.4,1349.7,39013.1,1371.1,32245.4
2025-02-06 13:00:00+00:00,89.99,220.0,413.0,6157.2,7094.9,19012.8,1350.3,38620.0,1324.1,32030.4
2025-02-06 14:00:00+00:00,85.3,220.0,413.0,6191.9,7092.9,18930.9,1384.7,38619.2,1368.4,31687.1
2025-02-06 15:00:00+00:00,87.0,220.0,413.0,6240.0,7094.9,18384.6,1473.6,38371.7,1533.6,31351.4
2025-02-06 16:00:00+00:00,108.56,255.0,413.0,6446.3,7092.9,16134.6,1558.7,37093.0,1804.9,31347.2
2025-02-06 17:00:00+00:00,141.02,1124.0,573.0,8459.1,7092.9,9010.4,1415.6,33888.2,2045.0,30572.5
2025-02-06 18:00:00+00:00,170.78,5697.5,873.0,9163.0,7092.9,1879.6,897.1,32631.7,2318.3,32141.8
2025-02-06 19:00:00+00:00,191.81,5712.3,890.0,9648.2,7093.9,203.7,504.4,31522.9,2611.7,34458.9
2025-02-06 20:00:00+00:00,231.0,5724.4,890.0,9698.0,7094.9,49.4,388.1,31886.3,3079.1,34806.3
2025-02-06 21:00:00+00:00,163.0,5731.2,881.3,9158.1,7092.9,49.4,291.8,31348.9,3397.7,34007.4
2025-02-06 22:00:00+00:00,149.86,3000.5,603.0,9040.6,7095.9,47.4,206.5,28184.7,3634.2,30819.3
2025-02-06 23:00:00+00:00,141.02,667.0,413.0,8886.1,7093.9,48.4,206.3,25192.2,3653.6,27553.9
2025-02-07 00:00:00+00:00,126.05,290.0,415.6,7818.5,7095.7,51.3,343.6,23835.5,4734.3,26235.3
2025-02-07 01:00:00+00:00,112.7,,414.2,7711.8,7095.7,48.3,297.3,23921.7,5263.2,24792.1
2025-02-07 02:00:00+00:00,108.82,,350.0,6968.2,7096.7,48.3,289.2,23667.0,5818.8,23717.6
2025-02-07 03:00:00+00:00,105.0,,,6959.8,7095.7,48.3,289.4,23784.7,6287.7,23223.3
2025-02-07 04:00:00+00:00,105.85,,,7022.9,7096.7,48.3,289.7,24234.0,6724.3,23096.2
2025-02-07 05:00:00+00:00,107.23,,,7187.6,7095.7,48.3,290.9,24826.1,7086.5,23859.6
2025-02-07 06:00:00+00:00,118.01,,,8075.5,7095.7,159.0,292.5,26053.3,7227.6,26425.4
2025-02-07 07:00:00+00:00,145.68,,,8706.0,7095.7,169.8,52.1,28075.8,7500.9,30948.5
2025-02-07 08:00:00+00:00,164.3,906.1,,8727.0,7096.7,1382.9,2.1,30272.0,7531.1,33481.0
2025-02-07 09:00:00+00:00,143.28,,,8656.1,7096.7,6284.4,5.1,34455.8,7875.5,33792.7
2025-02-07 10:00:00+00:00,107.0,,,7641.0,7095.7,10686.4,113.3,36926.1,7905.8,34177.9
2025-02-07 11:00:00+00:00,99.0,,,6778.3,7096.7,12293.4,392.6,38211.3,8241.9,33760.1
2025-02-07 12:00:00+00:00,93.49,,,5338.5,7094.7,12421.4,498.5,37569.7,8978.8,33125.0
2025-02-07 13:00:00+00:00,90.34,,,5106.8,7095.7,11968.8,507.9,37715.8,9833.8,32867.1
2025-02-07 14:00:00+00:00,87.89,,,5088.8,7093.7,10937.9,444.0,37175.5,10414.3,32350.1
2025-02-07 15:00:00+00:00,90.34,,,5096.7,7095.7,9681.4,407.1,36354.4,10846.1,31570.5
2025-02-07 16:00:00+00:00,91.0,,,6606.0,7093.7,7237.3,351.2,35556.2,10971.7,31332.6
2025-02-07 17:00:00+00:00,107.94,,,8129.7,7093.7,3930.4,284.7,34139.0,11175.7,31207.4
2025-02-07 18:00:00+00:00,141.26,,,9012.9,7093.7,924.7,125.8,32943.9,11002.6,31625.9
2025-02-07 19:00:00+00:00,150.93,375.0,,9219.8,7094.7,177.8,188.7,32837.8,10857.3,33346.3
2025-02-07 20:00:00+00:00,145.36,,,9349.4,7095.7,46.4,220.6,32571.9,10928.8,34015.5
2025-02-07 21:00:00+00:00,133.8,,,9242.3,7093.7,46.4,214.7,31065.1,10634.0,33178.0
2025-02-07 22:00:00+00:00,133.06,,,9045.4,7096.7,47.4,214.7,30419.4,10197.4,30314.5
2025-02-07 23:00:00+00:00,120.55,,,8181.1,7094.7,48.4,134.8,28817.8,9821.2,27582.1
2025-02-08 00:00:00+00:00,106.74,420.0,243.6,8063.8,7095.1,47.3,299.1,29782.7,10558.6,26569.3
2025-02-08 01:00:00+00:00,97.67,,243.2,7985.9,7095.1,47.3,298.8,28876.3,10202.1,24902.2
2025-02-08 02:00:00+00:00,89.5,,180.0,7805.8,7095.1,47.3,298.6,28048.2,9637.9,23443.6
2025-02-08 03:00:00+00:00,94.34,,,6265.8,7096.1,47.3,298.5,26002.1,9308.7,22608.7
2025-02-08 04:00:00+00:00,89.69,,,6256.2,7096.1,47.3,298.5,25413.0,8755.0,22303.0
2025-02-08 05:00:00+00:00,90.99,,,6214.2,7094.1,47.3,298.5,25199.5,8585.8,22310.6
2025-02-08 06:00:00+00:00,97.15,,,7956.1,7095.1,103.6,298.5,26711.3,8304.6,22853.9
2025-02-08 07:00:00+00:00,115.0,,,8097.5,7096.1,256.3,104.9,26558.9,7743.4,24127.4
2025-02-08 08:00:00+00:00,119.08,,,8111.2,7096.1,1437.2,86.3,27691.0,7597.1,25989.1
2025-02-08 09:00:00+00:00,108.0,,,7944.1,7065.1,6342.9,91.6,32239.4,7456.8,28141.5
2025-02-08 10:00:00+00:00,82.0,,,7517.3,7065.1,11971.1,223.1,36951.6,7057.7,30217.0
2025-02-08 11:00:00+00:00,93.49,,,4509.5,7065.1,14839.4,430.4,37425.7,7222.1,29809.4
2025-02-08 12:00:00+00:00,64.0,,,4118.6,7065.1,15960.5,578.4,38177.6,7506.4,29768.9
2025-02-08 13:00:00+00:00,55.0,,,4070.3,7095.1,16395.2,645.4,38893.8,7716.0,29676.1
2025-02-08 14:00:00+00:00,50.0,,,4053.8,7093.1,16097.9,792.6,38650.4,7658.2,29427.7
2025-02-08 15:00:00+00:00,45.04,,,4066.6,7095.1,15854.5,1022.0,38265.9,7300.7,28613.0
2025-02-08 16:00:00+00:00,68.71,,,4134.4,7093.1,14330.7,1160.0,36396.5,6742.8,27774.6
2025-02-08 17:00:00+00:00,119.0,,,4588.5,7094.1,8107.5,1087.1,30742.1,6548.4,26794.4
2025-02-08 18:00:00+00:00,160.49,750.0,,8670.1,7093.1,1783.2,538.9,29726.6,6431.8,27296.1
2025-02-08 19:00:00+00:00,166.9,752.0,,9237.5,7095.1,223.1,253.5,28474.7,6434.7,28895.3
2025-02-08 20:00:00+00:00,164.04,754.0,,9240.3,7094.1,49.4,278.8,28347.8,6442.4,29743.1
2025-02-08 21:00:00+00:00,151.09,376.0,,8902.2,7094.1,49.4,258.9,27234.2,6364.0,29419.8
2025-02-08 22:00:00+00:00,149.1,377.0,,8537.2,7096.1,55.6,251.9,26124.5,6162.4,27623.2
2025-02-08 23:00:00+00:00,145.31,,,8389.3,7094.1,55.6,251.8,25509.9,6132.9,25426.2
2025-02-09 00:00:00+00:00,129.97,400.0,243.6,8127.4,7094.4,58.5,305.0,26366.9,7073.7,23592.1
2025-02-09 01:00:00+00:00,110.82,,243.2,7850.5,7094.4,47.3,310.0,25668.8,7144.7,22032.8
2025-02-09 02:00:00+00:00,101.86,,180.0,7731.3,7094.4,47.3,359.3,25468.6,7173.2,21046.7
2025-02-09 03:00:00+00:00,97.0,,,7639.7,7095.4,55.5,264.3,25105.3,7158.3,20333.4
2025-02-09 04:00:00+00:00,90.0,,,7626.6,7095.4,47.3,264.3,24842.6,6951.3,20060.7
2025-02-09 05:00:00+00:00,90.2,,,7626.7,7093.4,47.3,264.3,24690.0,6801.3,20216.9
2025-02-09 06:00:00+00:00,99.0,,,7785.8,7094.4,162.6,229.4,24715.2,6545.8,20439.5
2025-02-09 07:00:00+00:00,110.21,,,7927.9,7095.4,256.5,135.0,24752.8,6094.5,21164.0
2025-02-09 08:00:00+00:00,110.47,,,7932.1,7095.4,1632.9,75.0,25644.7,5658.8,22312.3
2025-02-09 09:00:00+00:00,94.47,,,6744.8,7095.4,7376.5,54.4,29386.8,5166.9,24315.6
2025-02-09 10:00:00+00:00,74.85,,,5110.6,7093.4,13194.5,258.9,32868.8,4347.2,26238.5
2025-02-09 11:00:00+00:00,66.7,,,4120.8,7095.4,15614.8,641.1,34413.9,4087.0,26754.1
2025-02-09 12:00:00+00:00,64.0,,,4097.2,7093.4,16371.1,954.6,35026.4,3664.3,26758.5
2025-02-09 13:00:00+00:00,70.0,,,4087.3,7094.4,16558.2,1026.6,35099.2,3485.8,26973.3
2025-02-09 14:00:00+00:00,70.0,,,4089.3,7092.4,16525.1,1005.0,34914.7,3359.6,26980.0
2025-02-09 15:00:00+00:00,70.0,,,4103.1,7093.4,15765.3,1060.0,33915.8,3058.4,26092.8
2025-02-09 16:00:00+00:00,94.31,,,4779.2,7091.4,13421.4,1095.2,32438.7,2854.5,25727.1
2025-02-09 17:00:00+00:00,111.14,,,7854.5,7092.4,7692.7,1017.5,29965.9,3181.9,25465.0
2025-02-09 18:00:00+00:00,162.96,749.0,,9045.7,7091.4,1860.1,607.7,27034.4,3217.4,26524.1
2025-02-09 19:00:00+00:00,169.86,1323.4,,9277.4,7092.4,314.4,465.4,26316.0,3282.6,28640.2
2025-02-09 20:00:00+00:00,187.99,1498.9,,9370.6,7093.4,57.5,373.8,26488.5,3450.2,29791.6
2025-02-09 21:00:00+00:00,170.14,1381.5,,9278.6,7092.4,57.5,320.6,26198.9,3494.6,29579.7
2025-02-09 22:00:00+00:00,150.3,376.0,,8875.4,7094.4,58.5,284.4,23978.1,3548.5,27656.8
2025-02-09 23:00:00+00:00,134.04,,,8523.0,7093.4,47.3,269.2,22860.4,3492.3,25339.9
2025-02-10 00:00:00+00:00,124.35,620.0,243.6,8071.7,7094.6,50.3,368.9,23878.8,4148.7,23763.8
2025-02-10 01:00:00+00:00,125.05,,243.2,7805.2,7094.6,49.3,383.9,22724.7,4188.7,21695.2
2025-02-10 02:00:00+00:00,122.01,,243.0,7515.1,7094.6,50.3,393.8,22532.6,4297.1,20999.2
2025-02-10 03:00:00+00:00,114.75,,243.0,7471.9,7094.6,47.3,393.8,22477.0,4307.2,20637.7
2025-02-10 04:00:00+00:00,114.48,,243.0,7434.0,7095.6,47.3,393.8,22610.0,4482.0,20716.3
2025-02-10 05:00:00+00:00,119.98,,243.0,7414.6,7093.6,58.5,393.8,22881.3,4701.2,21444.9
2025-02-10 06:00:00+00:00,145.78,,363.0,8138.3,7094.6,206.8,393.8,24542.7,4761.1,24783.5
2025-02-10 07:00:00+00:00,166.14,982.8,483.0,8799.6,7095.6,435.7,247.8,27213.9,4682.3,29534.3
2025-02-10 08:00:00+00:00,181.36,1510.3,500.0,8709.5,7094.6,1456.9,287.8,28788.2,4674.3,32003.7
2025-02-10 09:00:00+00:00,163.18,756.0,480.0,8675.7,7095.6,5696.7,233.1,32267.5,4869.2,32434.2
2025-02-10 10:00:00+00:00,146.02,,300.0,8061.6,7094.6,10773.2,271.0,34879.1,4544.6,32310.7
2025-02-10 11:00:00+00:00,117.44,,243.0,7083.0,7094.6,13480.2,461.8,36024.1,4292.3,32235.1
2025-02-10 12:00:00+00:00,115.61,,243.0,6046.6,7093.6,14766.1,543.6,36348.3,4365.7,31921.9
2025-02-10 13:00:00+00:00,116.52,,243.0,5075.8,7093.6,15155.2,639.3,36029.3,4522.5,31711.6
2025-02-10 14:00:00+00:00,112.5,,243.0,5012.8,7092.6,14896.5,708.9,35788.6,4489.3,31220.4
2025-02-10 15:00:00+00:00,116.8,,243.0,5072.3,7093.6,14052.8,845.4,35012.3,4376.1,30564.8
2025-02-10 16:00:00+00:00,116.79,42.0,243.0,7088.3,7092.6,11811.2,982.7,35117.4,4443.9,30359.3
2025-02-10 17:00:00+00:00,140.83,305.0,300.0,8207.6,7092.6,6681.8,1041.5,31965.2,4875.8,30240.1
2025-02-10 18:00:00+00:00,166.34,2149.6,420.0,8883.8,7092.6,1824.7,697.4,31049.3,5164.3,31249.5
2025-02-10 19:00:00+00:00,183.73,2620.4,500.0,9236.3,7092.6,285.1,420.1,30479.6,5416.5,33545.7
2025-02-10 20:00:00+00:00,200.0,2627.3,500.0,9339.7,7093.6,58.6,421.3,30869.0,5868.2,34547.2
2025-02-10 21:00:00+00:00,160.89,1881.5,500.0,9177.3,7093.6,50.4,344.1,30010.2,6206.2,33780.7
2025-02-10 22:00:00+00:00,151.69,172.0,320.0,8703.4,7093.6,58.6,324.0,27598.7,6429.5,30549.3
2025-02-10 23:00:00+00:00,131.51,,243.0,8157.9,7094.6,47.4,319.0,25778.1,6459.0,27347.6
2025-02-11 00:00:00+00:00,120.0,1395.0,243.6,8092.7,7095.2,50.3,269.1,27134.5,6727.6,26162.9
2025-02-11 01:00:00+00:00,120.0,150.0,243.2,7788.6,7094.2,57.5,269.1,25600.9,6973.5,24355.6
2025-02-11 02:00:00+00:00,114.65,15.0,180.0,7342.5,7096.2,55.5,269.0,25096.6,7171.5,23478.7
2025-02-11 03:00:00+00:00,109.91,,,6735.4,7095.2,47.3,269.0,24477.1,7403.5,22953.0
2025-02-11 04:00:00+00:00,106.01,,,6816.5,7096.2,47.3,269.0,24674.7,7522.7,22965.9
2025-02-11 05:00:00+00:00,107.0,,,7342.6,7095.2,47.3,269.0,25370.6,7635.4,23666.2
2025-02-11 06:00:00+00:00,120.13,,,7908.0,7094.2,193.8,95.0,26280.2,7728.7,26147.9
2025-02-11 07:00:00+00:00,150.79,,,8779.8,7096.2,237.7,75.0,27884.7,7762.1,30201.5
2025-02-11 08:00:00+00:00,159.06,751.0,,8717.6,7096.2,1517.2,75.3,29826.2,7735.2,32657.7
2025-02-11 09:00:00+00:00,146.54,,,8618.6,7096.2,5912.3,77.4,33374.0,7855.1,32854.4
2025-02-11 10:00:00+00:00,120.62,,,7537.4,7094.2,10625.0,157.9,36195.2,7487.7,33206.0
2025-02-11 11:00:00+00:00,120.62,,,5201.3,7096.2,12841.3,386.0,36076.4,7299.3,32968.1
2025-02-11 12:00:00+00:00,109.99,,,5123.3,7094.2,13159.5,456.8,36662.8,7578.0,32677.8
2025-02-11 13:00:00+00:00,107.5,,,5085.2,7094.2,12942.4,467.4,36857.7,8008.8,32461.7
2025-02-11 14:00:00+00:00,110.0,,,5117.8,7093.2,12137.1,433.0,36423.3,8395.7,31957.4
2025-02-11 15:00:00+00:00,111.7,,,6359.2,7093.2,10652.1,406.7,36306.9,8531.1,31473.7
2025-02-11 16:00:00+00:00,120.62,,,7083.8,7092.2,8439.6,424.8,35223.7,8816.1,30922.7
2025-02-11 17:00:00+00:00,146.54,,,8090.4,7092.2,4477.5,371.6,32855.0,8836.8,30241.3
2025-02-11 18:00:00+00:00,174.57,746.0,,9123.7,7092.2,1255.5,237.1,31814.0,8952.9,31288.3
2025-02-11 19:00:00+00:00,190.0,747.0,,9351.8,7093.2,292.2,175.4,31084.6,8959.8,33378.7
2025-02-11 20:00:00+00:00,194.5,749.0,,9356.9,7093.2,50.5,209.3,31021.9,9084.5,34362.2
2025-02-11 21:00:00+00:00,158.02,633.0,,9138.0,7093.2,50.5,209.3,30426.9,9232.9,33681.8
2025-02-11 22:00:00+00:00,146.38,,,8856.9,7094.2,47.5,209.2,29583.5,9471.4,30316.9
2025-02-11 23:00:00+00:00,130.58,,,8171.8,7094.2,47.5,209.2,28208.7,9319.4,27056.5
2025-02-12 00:00:00+00:00,121.06,1105.0,243.6,7511.3,7093.6,49.3,273.9,27579.3,8198.5,25394.2
2025-02-12 01:00:00+00:00,110.0,100.0,243.2,7481.7,7093.6,46.3,293.9,26553.3,8261.8,23925.5
2025-02-12 02:00:00+00:00,105.0,10.0,180.0,7063.0,7093.6,46.3,293.8,25867.5,8192.1,22927.1
2025-02-12 03:00:00+00:00,107.35,,,6338.1,7094.6,46.3,293.8,24949.8,8188.5,22205.1
2025-02-12 04:00:00+00:00,104.5,,,6366.6,7094.6,47.3,293.8,25033.9,8215.5,22285.2
2025-02-12 05:00:00+00:00,108.56,,,6378.5,7092.6,47.3,293.8,25142.7,8310.4,22797.7
2025-02-12 06:00:00+00:00,115.0,,,7694.0,7093.6,188.3,119.8,26675.7,8399.2,25855.4
2025-02-12 07:00:00+00:00,157.55,511.2,,8625.4,7094.6,348.7,99.8,29465.4,8372.4,29816.5
2025-02-12 08:00:00+00:00,180.0,1880.7,,8737.4,7094.6,1341.4,99.8,31823.5,8081.2,32054.0
2025-02-12 09:00:00+00:00,148.82,,,8347.6,7094.6,6179.2,100.9,34107.4,8172.8,32597.3
2025-02-12 10:00:00+00:00,107.35,,,7572.2,7093.6,11537.2,215.1,37907.3,8043.9,32890.0
2025-02-12 11:00:00+00:00,82.5,,,7220.1,7094.6,14258.9,466.3,40485.7,8413.1,33263.6
2025-02-12 12:00:00+00:00,70.0,,,6628.2,7092.6,15033.4,711.1,41574.7,9077.8,33178.9
2025-02-12 13:00:00+00:00,78.0,,,5136.5,7092.6,15154.2,878.3,41181.0,9899.8,32947.8
2025-02-12 14:00:00+00:00,63.74,,,4999.4,7091.6,14790.9,963.9,41548.1,10696.0,32752.8
2025-02-12 15:00:00+00:00,62.0,,,5017.7,7093.6,14173.5,1024.7,41461.7,11161.4,32176.2
2025-02-12 16:00:00+00:00,81.5,,,5126.9,7091.6,12144.3,1132.1,39864.6,11370.7,31654.6
2025-02-12 17:00:00+00:00,104.37,,,7546.8,7092.6,7212.8,989.6,37474.2,11455.3,31482.3
2025-02-12 18:00:00+00:00,148.34,,,9098.5,7091.6,1835.5,525.8,34255.0,11830.5,31461.4
2025-02-12 19:00:00+00:00,194.44,1125.0,,9429.6,7092.6,289.8,249.6,35142.0,12124.5,33188.1
2025-02-12 20:00:00+00:00,177.52,1126.0,,9322.4,7092.6,49.4,266.4,34863.8,12212.7,34271.4
2025-02-12 21:00:00+00:00,157.55,416.2,,9060.3,7092.6,49.4,243.7,33328.7,11906.2,33145.3
2025-02-12 22:00:00+00:00,152.08,,,8749.7,7093.6,50.4,223.0,32109.0,11496.0,29865.0
2025-02-12 23:00:00+00:00,139.41,,,8212.3,7092.6,50.4,213.0,30144.7,11064.6,26670.1
2025-02-13 00:00:00+00:00,129.0,882.0,243.6,7932.3,6102.5,49.3,323.8,28742.8,9945.2,25407.2
2025-02-13 01:00:00+00:00,121.06,60.0,243.2,7703.5,6102.5,57.5,323.8,27240.7,9545.0,23794.7
2025-02-13 02:00:00+00:00,126.09,,180.0,6274.7,6103.5,57.5,333.8,25605.8,9456.9,22567.5
2025-02-13 03:00:00+00:00,118.59,,,6201.3,6102.5,57.5,333.8,25203.6,9313.9,22151.8
2025-02-13 04:00:00+00:00,114.3,,,6347.1,6103.5,55.5,333.8,25230.4,9202.1,22240.6
2025-02-13 05:00:00+00:00,105.67,,,7492.1,6102.5,50.3,333.8,26380.7,9203.6,23019.2
2025-02-13 06:00:00+00:00,131.34,,,7831.1,6102.5,119.7,159.8,26973.9,9149.7,25259.7
2025-02-13 07:00:00+00:00,160.05,1136.0,,8581.0,6104.5,405.0,99.8,29759.2,8929.4,29750.0
2025-02-13 08:00:00+00:00,195.2,1512.2,,8947.1,6103.5,2151.8,99.8,31488.0,8135.2,32219.3
2025-02-13 09:00:00+00:00,148.5,,,8527.2,6138.5,8861.6,102.2,35574.8,7581.4,32429.4
2025-02-13 10:00:00+00:00,100.0,,,7566.4,6202.5,15028.9,217.4,38508.8,6167.2,32788.0
2025-02-13 11:00:00+00:00,92.24,,,5416.1,6303.5,17501.5,616.3,38373.8,5553.9,32193.1
2025-02-13 12:00:00+00:00,90.86,,,5119.7,6301.5,18101.3,963.1,38860.4,5405.1,31869.6
2025-02-13 13:00:00+00:00,83.5,,,5109.0,6322.5,18126.3,1035.2,39030.2,5493.9,31663.4
2025-02-13 14:00:00+00:00,80.0,,,5108.9,6364.1,17870.1,1059.3,39002.0,5665.7,31275.4
2025-02-13 15:00:00+00:00,83.5,,,5131.5,6444.5,17025.4,1141.9,38499.2,5837.6,30707.2
2025-02-13 16:00:00+00:00,92.5,50.0,,5458.5,6472.2,14367.5,1196.3,36196.0,5679.8,30413.3
2025-02-13 17:00:00+00:00,127.5,278.0,,7963.6,6560.5,8573.1,1074.4,33710.5,5919.9,30008.8
2025-02-13 18:00:00+00:00,186.96,2982.8,,9102.5,6600.5,2163.8,622.6,32408.2,6237.0,30654.1
2025-02-13 19:00:00+00:00,196.52,2994.6,,9473.7,6681.5,328.1,327.3,31131.5,6637.6,32949.6
2025-02-13 20:00:00+00:00,200.0,3000.6,,9480.3,6551.5,49.4,379.1,31135.0,6973.6,33762.7
2025-02-13 21:00:00+00:00,168.0,2353.4,,9036.4,6601.5,50.4,318.1,30123.6,7105.5,33021.2
2025-02-13 22:00:00+00:00,153.12,849.9,,8890.0,6702.5,58.6,299.9,28564.5,7284.6,29791.1
2025-02-13 23:00:00+00:00,139.0,112.0,,8619.5,6789.5,50.4,299.8,27168.7,7041.6,26661.1
2025-02-14 00:00:00+00:00,128.76,1247.0,243.6,8285.9,6467.2,57.5,339.9,27780.8,7041.1,25365.1
2025-02-14 01:00:00+00:00,127.0,54.0,243.2,8182.8,6468.2,58.5,339.9,25742.4,7092.4,23536.3
2025-02-14 02:00:00+00:00,117.56,,180.0,7677.7,6498.2,49.3,339.8,25074.9,7058.4,22553.2
2025-02-14 03:00:00+00:00,111.58,,,7550.3,6531.2,47.3,339.8,24746.8,7007.0,22228.8
2025-02-14 04:00:00+00:00,107.0,,,7549.8,6562.2,46.3,339.9,24682.8,6924.5,22230.2
2025-02-14 05:00:00+00:00,117.47,,,7680.1,6581.2,50.3,339.9,24867.0,6941.9,22667.1
2025-02-14 06:00:00+00:00,131.21,,,8465.7,6582.2,102.0,296.3,26368.4,6796.8,25272.0
2025-02-14 07:00:00+00:00,158.73,1514.2,,8991.3,6646.2,251.7,99.8,28426.0,6603.3,29581.6
2025-02-14 08:00:00+00:00,189.79,1511.2,,9144.8,6709.2,2215.1,99.8,30550.6,6206.4,31756.3
2025-02-14 09:00:00+00:00,131.21,,,8838.6,6771.2,9526.0,112.5,35408.5,5885.1,32563.6
2025-02-14 10:00:00+00:00,92.9,,,7603.0,6798.2,15583.5,408.5,38414.6,4964.4,32750.8
2025-02-14 11:00:00+00:00,70.0,,,6938.4,6832.2,18036.1,987.2,39716.4,3981.0,32230.9
2025-02-14 12:00:00+00:00,60.3,,,6002.8,6861.2,18904.1,1274.8,39731.4,3746.0,31819.1
2025-02-14 13:00:00+00:00,65.0,,,5100.5,6892.2,19015.6,1326.6,38975.4,3702.6,31596.7
2025-02-14 14:00:00+00:00,55.0,,,5091.5,6922.2,18878.0,1353.6,38898.9,3716.4,31070.5
2025-02-14 15:00:00+00:00,55.0,,,5031.7,6954.2,18468.6,1410.6,38576.3,3747.8,30366.9
2025-02-14 16:00:00+00:00,65.0,28.0,,6423.4,6983.2,16078.0,1446.4,37630.1,3697.5,30013.6
2025-02-14 17:00:00+00:00,114.0,395.0,,7954.8,7015.2,9909.6,1279.4,33722.9,3809.7,29284.2
2025-02-14 18:00:00+00:00,169.84,4315.0,,9371.5,7046.2,2445.1,737.7,32577.0,3977.3,30204.8
2025-02-14 19:00:00+00:00,201.66,4563.9,,9708.2,7078.2,275.8,451.7,30940.8,4117.2,31711.5
2025-02-14 20:00:00+00:00,183.55,4574.8,,9679.3,7091.9,49.4,412.6,30681.0,4142.0,32468.9
2025-02-14 21:00:00+00:00,160.06,3556.0,,9365.1,7092.9,49.4,390.3,29186.6,4032.1,31420.4
2025-02-14 22:00:00+00:00,153.0,2415.8,,9116.9,7093.9,58.6,387.3,27479.2,4013.7,28509.9
2025-02-14 23:00:00+00:00,140.03,727.4,,8633.8,7092.9,50.4,353.3,24827.9,3699.8,25939.4
2025-02-15 00:00:00+00:00,122.58,1097.0,243.6,8519.0,6951.0,50.3,348.5,25312.8,4184.5,24976.7
2025-02-15 01:00:00+00:00,117.99,75.0,243.2,8191.0,6982.0,50.3,348.5,23714.5,4271.6,23288.0
2025-02-15 02:00:00+00:00,105.67,,180.0,7513.3,7013.0,47.3,348.5,23088.3,4434.8,22039.8
2025-02-15 03:00:00+00:00,100.11,,,7322.2,7046.0,47.3,348.6,22873.6,4556.4,21404.9
2025-02-15 04:00:00+00:00,100.11,,,6625.6,7077.0,47.3,348.6,22283.2,4628.1,20980.5
2025-02-15 05:00:00+00:00,100.11,,,6692.4,7093.7,55.5,348.6,22363.5,4622.4,21029.8
2025-02-15 06:00:00+00:00,100.11,,,7102.4,7093.7,90.5,348.6,22694.2,4583.4,21505.3
2025-02-15 07:00:00+00:00,106.64,,,7505.0,7094.7,249.3,40.2,23252.0,4784.0,23131.3
2025-02-15 08:00:00+00:00,104.99,,,7572.6,7094.7,2007.0,40.3,25287.0,4981.1,24717.7
2025-02-15 09:00:00+00:00,90.61,,,6060.1,7095.7,7489.4,56.9,28791.7,5078.8,26689.4
2025-02-15 10:00:00+00:00,71.0,,,4682.8,7093.7,12289.1,281.4,32332.2,5040.2,27568.9
2025-02-15 11:00:00+00:00,55.44,,,4255.4,7093.7,14534.1,530.2,34482.2,5179.7,27952.6
2025-02-15 12:00:00+00:00,40.08,,,4113.3,7093.7,15052.3,618.7,35265.4,5524.0,27938.5
2025-02-15 13:00:00+00:00,33.0,,,4097.5,7092.7,15097.8,644.9,35997.5,6217.6,27900.5
2025-02-15 14:00:00+00:00,25.46,,,4106.0,7091.7,14570.3,621.6,36029.1,6796.5,27468.5
2025-02-15 15:00:00+00:00,33.0,,,4107.5,7092.7,13472.0,575.7,35158.7,7083.4,26450.4
2025-02-15 16:00:00+00:00,50.24,,,4585.6,7090.7,10762.7,480.8,32762.0,6989.5,25533.1
2025-02-15 17:00:00+00:00,75.0,,,5885.3,7091.7,6121.0,347.4,29301.0,6955.1,24929.3
2025-02-15 18:00:00+00:00,110.0,,,8488.5,7090.7,1525.4,219.7,28219.8,7460.5,25938.9
2025-02-15 19:00:00+00:00,131.51,,,9072.0,7091.7,251.8,160.7,28913.1,7688.4,27673.9
2025-02-15 20:00:00+00:00,131.51,,,9241.5,7092.7,49.3,149.5,28920.8,7732.8,28445.7
2025-02-15 21:00:00+00:00,125.0,,,9191.0,7091.7,49.3,149.4,28521.0,7617.7,27992.9
2025-02-15 22:00:00+00:00,123.06,,,8900.9,7092.7,49.3,149.4,27720.1,7401.4,26098.8
2025-02-15 23:00:00+00:00,117.14,,,8739.5,7093.7,46.3,129.5,26008.6,6675.1,24089.1
2025-02-16 00:00:00+00:00,99.0,806.3,243.6,7588.6,7091.7,46.3,386.4,26163.7,6642.8,23344.3
2025-02-16 01:00:00+00:00,89.76,52.0,243.2,7447.3,7092.7,47.3,306.3,24581.9,6140.1,21874.2
2025-02-16 02:00:00+00:00,91.78,,180.0,6751.4,7093.7,47.3,386.2,23227.2,5424.4,20459.2
2025-02-16 03:00:00+00:00,93.29,,,6719.2,7093.7,47.3,386.0,22357.7,4769.1,19762.8
2025-02-16 04:00:00+00:00,89.5,,,7307.4,7092.7,47.3,305.9,22250.5,4248.0,19608.5
2025-02-16 05:00:00+00:00,90.3,,,7367.3,7094.7,47.3,385.9,22094.2,3916.0,19581.3
2025-02-16 06:00:00+00:00,98.05,,,7445.3,7092.7,159.1,342.2,21902.6,3512.3,19608.0
2025-02-16 07:00:00+00:00,106.64,,,7657.4,7093.7,343.0,179.8,21625.9,3025.8,20237.0
2025-02-16 08:00:00+00:00,105.59,,,7624.2,7094.7,1873.6,105.8,22763.1,2718.2,21044.2
2025-02-16 09:00:00+00:00,74.5,,,6062.3,7093.7,8114.6,116.1,26998.4,2680.7,23297.1
2025-02-16 10:00:00+00:00,61.4,,,4586.4,7093.7,13950.5,284.9,30853.5,2085.9,24682.9
2025-02-16 11:00:00+00:00,50.24,,,4246.4,7092.7,16186.5,807.5,33209.7,2052.1,25105.6
2025-02-16 12:00:00+00:00,39.75,,,4115.0,7092.7,17024.7,1105.3,34319.8,2158.4,25107.9
2025-02-16 13:00:00+00:00,33.9,,,4113.7,7091.7,17156.8,1165.3,34818.7,2462.0,25376.7
2025-02-16 14:00:00+00:00,20.0,,,4128.5,7091.7,16909.9,1217.6,34921.5,2781.0,25495.0
2025-02-16 15:00:00+00:00,12.0,,,4126.4,7089.7,16178.3,1292.9,34290.4,2882.5,24677.7
2025-02-16 16:00:00+00:00,40.3,,,4178.9,7089.7,13893.8,1325.5,32098.9,2852.7,23893.7
2025-02-16 17:00:00+00:00,74.37,,,5753.7,7088.7,8567.3,1219.7,28426.0,2934.7,23564.8
2025-02-16 18:00:00+00:00,122.99,,,8637.5,7089.7,2344.0,756.5,26377.6,3285.4,24313.4
2025-02-16 19:00:00+00:00,161.56,369.0,,9289.0,7089.7,411.5,392.4,25965.1,3614.6,26486.9
2025-02-16 20:00:00+00:00,154.95,371.0,,9317.3,7090.7,49.4,396.9,25756.0,3812.8,27925.5
2025-02-16 21:00:00+00:00,138.77,,,9003.1,7090.7,50.4,369.3,24919.4,3841.9,27681.1
2025-02-16 22:00:00+00:00,137.12,,,8787.4,7090.7,50.4,365.8,24706.5,3860.7,25709.0
2025-02-16 23:00:00+00:00,131.51,,,8647.5,7093.7,49.4,365.8,24332.0,3786.6,23380.8
2025-02-17 00:00:00+00:00,127.87,1111.3,243.6,7208.6,7093.3,58.5,403.7,24108.1,3848.6,22569.8
2025-02-17 01:00:00+00:00,121.06,412.0,243.2,6765.2,7094.3,58.5,393.6,23055.7,4033.5,21158.3
2025-02-17 02:00:00+00:00,120.34,220.0,180.0,6695.8,7094.3,58.5,393.5,22373.0,4253.1,20395.6
2025-02-17 03:00:00+00:00,115.97,220.0,,6470.7,7094.3,58.5,393.4,21847.8,4328.1,20003.1
2025-02-17 04:00:00+00:00,116.23,220.0,,6558.0,7094.3,58.5,393.3,21985.4,4380.5,20012.0
2025-02-17 05:00:00+00:00,121.21,360.0,,6873.3,7095.3,58.5,393.2,23222.8,4355.7,20868.6
2025-02-17 06:00:00+00:00,130.0,360.0,,8550.5,7093.3,171.7,393.2,24923.8,4089.1,23767.9
2025-02-17 07:00:00+00:00,204.74,1493.4,,9148.9,7094.3,431.2,30.0,26604.4,3495.5,27784.4
2025-02-17 08:00:00+00:00,209.79,1701.9,,9057.2,7095.3,2213.6,36.0,28167.9,3121.4,30240.9
2025-02-17 09:00:00+00:00,139.36,360.0,,8489.5,7094.3,8233.0,45.0,31669.1,2830.1,31062.4
2025-02-17 10:00:00+00:00,120.58,90.0,,6842.7,7095.3,13599.7,195.0,33734.9,1982.2,31242.4
2025-02-17 11:00:00+00:00,117.26,,,5087.3,7094.3,15955.6,454.4,33274.3,1362.7,30888.6
2025-02-17 12:00:00+00:00,109.9,,,4630.9,7093.3,16984.9,674.8,33855.9,1319.5,30450.7
2025-02-17 13:00:00+00:00,100.0,,,4509.0,7093.3,17150.5,692.3,33959.9,1433.0,30628.6
2025-02-17 14:00:00+00:00,98.97,,,4509.6,7093.3,16845.4,711.2,33735.4,1479.7,30278.5
2025-02-17 15:00:00+00:00,100.0,,,4636.2,7091.3,16096.7,819.7,33226.6,1505.1,29802.1
2025-02-17 16:00:00+00:00,110.97,42.0,,5705.8,7091.3,13471.2,847.3,32098.5,1576.3,29118.2
2025-02-17 17:00:00+00:00,130.0,520.0,,7797.1,7091.3,7636.8,678.1,29900.2,1858.3,28784.6
2025-02-17 18:00:00+00:00,180.0,3872.6,,9005.8,7092.3,1947.8,388.4,29639.4,2467.4,29683.7
2025-02-17 19:00:00+00:00,215.52,4612.0,,9227.3,7091.3,277.0,357.2,29499.7,2878.2,31820.2
2025-02-17 20:00:00+00:00,200.0,4573.6,,9249.2,7092.3,50.5,353.7,29704.3,3351.5,33067.0
2025-02-17 21:00:00+00:00,155.62,3833.6,,9011.4,7092.3,50.5,326.0,29030.5,3966.5,32376.1
2025-02-17 22:00:00+00:00,140.0,2060.5,,8694.6,7093.3,50.5,325.8,27465.2,4628.8,28785.7
2025-02-17 23:00:00+00:00,130.6,200.0,,8213.7,7094.3,50.5,325.8,25420.9,5098.8,25714.1
2025-02-18 00:00:00+00:00,103.84,896.5,243.6,7150.8,7091.4,47.3,318.5,24789.4,5706.5,25414.6
2025-02-18 01:00:00+00:00,87.5,52.0,243.2,6831.8,7091.4,47.3,318.6,24161.8,6584.8,24040.1
2025-02-18 02:00:00+00:00,75.2,,180.0,6127.8,7091.4,47.3,278.7,24170.4,7517.1,23254.2
2025-02-18 03:00:00+00:00,64.98,,,5851.4,7092.4,47.3,278.9,24439.4,8260.9,22819.1
2025-02-18 04:00:00+00:00,59.4,,,5810.6,7091.4,47.3,279.0,24889.8,8803.0,22772.8
2025-02-18 05:00:00+00:00,60.01,,,5893.9,7092.4,47.3,279.0,25409.8,9240.5,23501.3
2025-02-18 06:00:00+00:00,65.24,,,6993.7,7091.4,47.3,279.0,26945.7,9564.0,26384.6
2025-02-18 07:00:00+00:00,101.0,,,8130.7,7092.4,263.4,78.0,28442.3,9607.0,30361.5
2025-02-18 08:00:00+00:00,109.11,,,8114.9,7092.4,1636.8,78.1,30052.2,9605.8,31975.3
2025-02-18 09:00:00+00:00,80.0,,,7561.2,7076.4,6278.8,78.6,33755.5,9622.5,32565.8
2025-02-18 10:00:00+00:00,65.37,,,4503.5,7051.2,10937.6,123.5,34811.0,9225.3,32584.8
2025-02-18 11:00:00+00:00,49.6,,,4076.9,7046.4,13069.9,288.4,36548.1,9100.4,31943.1
2025-02-18 12:00:00+00:00,15.36,,,3836.7,7046.4,13820.3,405.0,37743.8,9731.6,32041.3
2025-02-18 13:00:00+00:00,7.03,,,3829.9,7046.4,13791.0,413.4,37958.9,9998.4,31926.6
2025-02-18 14:00:00+00:00,9.99,,,3882.8,7046.4,13101.9,459.4,37779.3,10399.6,31567.6
2025-02-18 15:00:00+00:00,26.1,,,4066.5,7045.4,11687.3,465.7,36741.7,10538.6,30972.7
2025-02-18 16:00:00+00:00,60.01,,,4387.1,7049.7,9605.0,440.1,34495.1,10042.3,30329.5
2025-02-18 17:00:00+00:00,80.82,,,7265.3,7056.4,5250.2,381.0,32481.4,9476.7,30242.1
2025-02-18 18:00:00+00:00,115.0,,,8426.5,7056.4,1445.2,218.0,30533.2,9423.8,30330.7
2025-02-18 19:00:00+00:00,159.88,741.2,,9258.7,7056.4,276.9,224.5,31782.6,9137.5,32197.5
2025-02-18 20:00:00+00:00,144.4,369.0,,9219.9,7057.4,51.3,274.0,30786.6,8758.8,33608.3
2025-02-18 21:00:00+00:00,133.54,,,8888.9,7055.4,51.4,274.0,29530.8,8279.4,32406.9
2025-02-18 22:00:00+00:00,124.02,,,8640.9,7056.4,51.4,273.9,28340.0,7461.5,29065.6
2025-02-18 23:00:00+00:00,116.23,,,7609.4,7058.4,48.3,254.1,25627.3,6935.3,26117.5
2025-02-19 00:00:00+00:00,106.48,977.8,243.6,7382.7,7054.9,47.3,339.0,24703.6,5457.1,24890.7
2025-02-19 01:00:00+00:00,101.18,272.0,243.2,6960.3,7054.9,47.3,338.9,23001.8,4897.2,23631.9
2025-02-19 02:00:00+00:00,101.3,220.0,180.0,6668.3,7055.9,47.3,338.5,22009.7,4289.8,22628.2
2025-02-19 03:00:00+00:00,99.0,220.0,,6205.7,7055.9,47.3,338.3,20744.3,3806.2,22134.5
2025-02-19 04:00:00+00:00,96.06,220.0,,6246.5,7054.9,47.3,338.3,20406.6,3463.2,22235.7
2025-02-19 05:00:00+00:00,101.83,220.0,,6720.7,7056.9,50.3,338.2,20848.7,3284.8,22720.1
2025-02-19 06:00:00+00:00,120.18,350.0,,7825.4,7054.9,102.9,338.2,22281.3,3063.7,24979.2
2025-02-19 07:00:00+00:00,149.5,777.0,,8599.9,7055.9,320.4,39.0,24730.9,3165.3,29311.5
2025-02-19 08:00:00+00:00,167.39,777.0,,8772.7,7056.9,1929.1,39.0,26302.8,2886.3,30776.7
2025-02-19 09:00:00+00:00,133.73,350.0,,8285.6,7055.9,6929.2,45.1,30247.6,2975.5,31019.4
2025-02-19 10:00:00+00:00,114.37,90.0,,6451.8,7055.9,11979.1,130.5,31965.6,2534.9,31017.7
2025-02-19 11:00:00+00:00,105.57,,,4827.4,7054.9,14476.8,358.7,32178.3,2126.4,30894.6
2025-02-19 12:00:00+00:00,104.24,,,4425.0,7055.9,15457.4,503.9,32974.8,2281.5,30495.0
2025-02-19 13:00:00+00:00,97.23,,,4182.3,7053.9,15803.6,602.0,33281.5,2535.3,30218.9
2025-02-19 14:00:00+00:00,90.01,,,4164.5,7054.9,15761.1,703.2,33421.9,2641.7,30239.5
2025-02-19 15:00:00+00:00,90.01,,,4164.7,7060.9,15233.8,805.1,33038.6,2704.2,29591.5
2025-02-19 16:00:00+00:00,105.0,20.0,,4332.7,7072.9,13261.2,1013.4,32055.5,2808.7,28784.6
2025-02-19 17:00:00+00:00,121.14,292.0,,6688.8,7084.5,8469.2,997.0,30239.3,3071.6,28719.3
2025-02-19 18:00:00+00:00,150.0,2106.0,,8711.4,7087.9,2480.7,735.2,29482.0,3477.6,29564.3
2025-02-19 19:00:00+00:00,183.5,2675.0,,9274.0,7088.9,356.3,516.2,28694.2,3815.7,31691.0
2025-02-19 20:00:00+00:00,203.2,3274.4,,9360.9,7088.9,46.4,447.6,29436.3,4203.7,32444.1
2025-02-19 21:00:00+00:00,169.37,2683.8,,9180.4,7087.9,55.6,316.8,28630.9,4359.7,31398.5
2025-02-19 22:00:00+00:00,139.21,1232.8,,8600.3,7089.9,50.4,191.6,26080.3,4136.9,28693.9
2025-02-19 23:00:00+00:00,115.82,333.1,,7883.6,7090.9,47.4,191.5,23968.6,4195.1,25789.5
2025-02-20 00:00:00+00:00,100.05,892.0,243.6,7018.8,7093.1,46.3,202.9,23532.1,4807.2,25746.6
2025-02-20 01:00:00+00:00,94.5,77.0,243.2,6911.4,7093.1,46.3,202.8,22574.4,4981.5,24062.0
2025-02-20 02:00:00+00:00,94.0,,180.0,6186.1,7094.1,46.3,202.8,21760.3,5030.3,23181.9
2025-02-20 03:00:00+00:00,87.03,,,6041.6,7094.1,46.3,202.8,21496.8,5090.9,22879.8
2025-02-20 04:00:00+00:00,85.89,,,6287.5,7094.1,47.3,202.8,21784.8,5130.2,22819.1
2025-02-20 05:00:00+00:00,87.98,,,6279.2,7095.1,50.3,202.8,21930.1,5272.9,23478.3
2025-02-20 06:00:00+00:00,98.19,,,6866.6,7093.1,94.4,161.8,22975.2,5234.9,26233.8
2025-02-20 07:00:00+00:00,113.87,,,8289.5,7094.1,92.0,65.0,25497.2,5547.0,30001.6
2025-02-20 08:00:00+00:00,131.1,,,8620.1,7095.1,2396.6,65.0,28006.5,5282.2,31396.3
2025-02-20 09:00:00+00:00,103.53,,,7982.5,7094.1,9578.9,71.0,33656.0,5283.0,32080.6
2025-02-20 10:00:00+00:00,77.0,,,4630.6,7095.1,15349.7,359.9,35335.0,4724.6,31863.3
2025-02-20 11:00:00+00:00,53.5,,,4110.4,7093.1,17611.9,1012.1,37155.6,4253.8,31564.9
2025-02-20 12:00:00+00:00,34.97,,,4065.3,7094.1,17987.9,1253.3,37846.9,4383.3,31082.9
2025-02-20 13:00:00+00:00,28.3,,,4059.1,7092.1,17983.8,1382.2,38103.1,4533.6,30925.5
2025-02-20 14:00:00+00:00,20.33,,,4049.4,7093.1,17578.2,1421.3,37765.5,4609.1,30473.7
2025-02-20 15:00:00+00:00,28.3,,,4061.6,7091.1,16935.5,1489.2,37230.4,4660.7,29986.9
2025-02-20 16:00:00+00:00,50.0,,,4024.9,7091.1,14659.1,1643.6,35097.5,4690.9,29745.8
2025-02-20 17:00:00+00:00,78.0,,,5928.2,7091.1,9546.9,1514.0,32268.6,5069.9,29282.3
2025-02-20 18:00:00+00:00,125.0,,,8578.0,7091.1,2559.6,989.8,29398.1,5584.4,29044.5
2025-02-20 19:00:00+00:00,141.5,427.0,,9326.3,7092.1,211.1,612.5,28608.1,6139.6,31463.0
2025-02-20 20:00:00+00:00,150.56,800.2,,9451.6,7092.1,46.4,543.7,29645.2,6893.4,32457.0
2025-02-20 21:00:00+00:00,130.0,,,9124.0,7092.1,47.4,327.6,28884.4,7574.1,31691.6
2025-02-20 22:00:00+00:00,100.05,,,8449.5,7092.1,50.4,139.7,27549.4,8181.2,29485.7
2025-02-20 23:00:00+00:00,88.0,,,7454.5,7094.1,47.4,138.8,26198.7,8378.8,26741.6
2025-02-21 00:00:00+00:00,72.88,352.0,243.6,5069.9,7097.2,46.3,336.5,26067.5,9211.0,25962.5
2025-02-21 01:00:00+00:00,70.0,,243.2,3994.1,7097.2,54.5,319.7,24581.8,9972.7,24408.8
2025-02-21 02:00:00+00:00,52.5,,180.0,3863.3,7097.2,46.3,320.6,24770.6,10473.9,23632.3
2025-02-21 03:00:00+00:00,51.98,,,3863.3,7098.2,46.3,321.1,25022.8,10855.1,23039.6
2025-02-21 04:00:00+00:00,40.7,,,3834.6,7097.2,47.3,323.5,25254.5,11169.0,23064.7
2025-02-21 05:00:00+00:00,38.71,,,3858.8,7099.2,47.3,323.7,25665.3,11570.5,23836.0
2025-02-21 06:00:00+00:00,52.5,,,4568.6,7097.2,91.4,282.4,26870.1,12027.0,26550.0
2025-02-21 07:00:00+00:00,69.96,,,6434.3,7098.2,118.8,54.0,29277.4,12245.0,30629.0
2025-02-21 08:00:00+00:00,72.88,,,6664.9,7098.2,1487.5,54.0,31689.5,12220.9,32671.0
2025-02-21 09:00:00+00:00,67.52,,,5124.4,7098.2,5581.5,54.6,33654.6,12436.2,33087.1
2025-02-21 10:00:00+00:00,45.2,,,3786.4,7098.2,9476.1,112.3,35876.2,12426.8,33040.5
2025-02-21 11:00:00+00:00,13.48,,,3487.0,7097.2,11753.8,286.7,38083.5,12597.1,32687.2
2025-02-21 12:00:00+00:00,3.52,,,3267.5,7097.2,12668.1,387.4,38556.2,12281.1,32009.7
2025-02-21 13:00:00+00:00,3.52,,,3269.3,7097.2,12522.6,426.9,38263.7,12104.5,31975.9
2025-02-21 14:00:00+00:00,3.52,,,3274.8,7096.2,11765.2,444.7,37792.0,12373.1,31348.7
2025-02-21 15:00:00+00:00,3.52,,,3282.5,7096.2,10875.8,464.6,37366.3,12815.4,30625.7
2025-02-21 16:00:00+00:00,5.0,,,3377.4,7096.2,8971.8,514.7,37209.7,14361.1,30349.1
2025-02-21 17:00:00+00:00,42.2,,,3989.6,7095.2,5502.1,491.7,35027.3,14970.3,30047.1
2025-02-21 18:00:00+00:00,52.37,,,6537.0,7096.2,1553.8,345.3,33421.6,14732.0,30998.5
2025-02-21 19:00:00+00:00,93.83,,,7520.8,7096.2,186.8,204.3,34044.6,14398.8,32358.0
2025-02-21 20:00:00+00:00,84.97,,,7538.2,7096.2,46.4,214.9,33818.7,14259.9,33291.9
2025-02-21 21:00:00+00:00,70.94,,,7093.0,7096.2,47.4,196.6,33013.0,14461.7,32253.2
2025-02-21 22:00:00+00:00,69.96,,,6430.6,7097.2,47.4,191.5,31723.4,14518.9,29464.9
2025-02-21 23:00:00+00:00,70.17,,,4491.1,7098.2,47.4,191.5,29352.9,14028.8,26917.3
2025-02-22 00:00:00+00:00,59.05,,243.6,4016.2,7107.1,46.3,283.8,28530.4,14085.0,26129.7
2025-02-22 01:00:00+00:00,53.92,,243.2,3896.7,7107.1,46.3,283.8,27423.9,13158.3,24349.8
2025-02-22 02:00:00+00:00,52.12,,180.0,3816.1,7107.1,46.3,296.0,26120.7,11980.0,22975.0
2025-02-22 03:00:00+00:00,45.5,,,3635.5,7107.1,46.3,295.1,24189.7,10498.4,22278.2
2025-02-22 04:00:00+00:00,44.72,,,3637.3,7107.1,55.5,294.9,22882.7,9213.4,21847.2
2025-02-22 05:00:00+00:00,55.54,,,3660.1,7107.1,55.5,294.7,21871.6,8146.2,21674.1
2025-02-22 06:00:00+00:00,61.03,,,4247.6,7107.1,91.4,220.1,21431.9,7137.9,22372.3
2025-02-22 07:00:00+00:00,70.83,,,5484.5,7107.1,155.9,120.8,22034.0,6198.8,23680.6
2025-02-22 08:00:00+00:00,73.33,,,6462.3,7107.1,1350.6,121.0,24602.5,5785.7,25121.0
2025-02-22 09:00:00+00:00,72.86,,,5749.4,7107.1,5763.7,126.4,27961.8,5432.6,27018.9
2025-02-22 10:00:00+00:00,64.48,,,5305.0,7107.1,10523.7,262.1,31072.8,5187.6,27996.2
2025-02-22 11:00:00+00:00,63.0,,,3348.5,7107.1,13494.7,551.9,32179.9,5046.4,27914.0
2025-02-22 12:00:00+00:00,50.24,,,3204.1,7107.1,14800.5,694.9,33366.5,4951.6,27469.5
2025-02-22 13:00:00+00:00,43.2,,,3208.6,7107.1,15171.8,769.4,33840.6,4960.9,27557.1
2025-02-22 14:00:00+00:00,39.94,,,3209.3,7107.1,15086.0,779.2,33958.1,5166.7,27063.5
2025-02-22 15:00:00+00:00,39.68,,,3202.6,7107.1,14403.9,825.0,33497.7,5366.4,26186.2
2025-02-22 16:00:00+00:00,43.2,,,3225.3,7107.1,12557.6,848.8,31960.5,5632.7,25640.2
2025-02-22 17:00:00+00:00,72.38,,,4069.1,7107.1,8397.7,716.9,29743.6,6052.7,25432.2
2025-02-22 18:00:00+00:00,122.94,,,6552.1,7107.1,2653.9,454.2,27751.9,6672.0,25896.5
2025-02-22 19:00:00+00:00,130.72,373.0,,7696.1,7107.1,244.2,290.4,27857.9,7640.8,27337.0
2025-02-22 20:00:00+00:00,121.47,,,7782.8,7107.1,54.5,333.0,28156.4,8357.7,28346.3
2025-02-22 21:00:00+00:00,110.79,,,7574.1,7107.1,55.5,291.0,28363.3,8800.4,28166.7
2025-02-22 22:00:00+00:00,107.11,,,7500.3,7107.1,58.5,285.8,28290.3,8996.6,26161.0
2025-02-22 23:00:00+00:00,102.2,,,7059.1,7107.1,55.5,285.8,27654.4,8860.8,24219.7
2025-02-23 00:00:00+00:00,90.2,330.0,243.6,6446.7,7096.2,46.3,313.9,26296.0,8861.8,23051.3
2025-02-23 01:00:00+00:00,81.0,,243.2,6195.8,7096.2,46.3,313.9,25279.5,8616.7,21593.1
2025-02-23 02:00:00+00:00,80.82,,180.0,6085.0,7095.2,46.3,313.8,24708.7,8266.1,20367.2
2025-02-23 03:00:00+00:00,77.83,,,5498.5,7096.2,47.3,313.8,23540.0,7883.0,19664.1
2025-02-23 04:00:00+00:00,75.54,,,4897.3,7096.2,47.3,313.8,22542.4,7512.0,19452.5
2025-02-23 05:00:00+00:00,76.45,,,4183.2,7096.2,47.3,313.8,21568.1,7241.2,19531.0
2025-02-23 06:00:00+00:00,79.98,,,4251.4,7096.2,90.4,255.9,21260.5,6866.0,19884.7
2025-02-23 07:00:00+00:00,80.1,,,4382.9,7095.2,235.3,148.8,21331.5,6534.6,20870.8
2025-02-23 08:00:00+00:00,76.74,,,4183.5,7096.2,3041.0,148.8,22960.6,5743.4,21707.0
2025-02-23 09:00:00+00:00,61.58,,,3556.4,7095.2,10889.2,121.3,29349.9,5036.3,24175.0
2025-02-23 10:00:00+00:00,29.5,,,3254.2,7095.2,16428.4,667.6,34351.7,4351.1,25464.7
2025-02-23 11:00:00+00:00,15.0,,,2908.8,7095.2,18310.8,1324.4,36073.8,3926.3,25654.2
2025-02-23 12:00:00+00:00,5.93,,,2883.5,7096.2,18840.9,1469.0,36459.0,3654.2,25343.5
2025-02-23 13:00:00+00:00,10.95,,,2895.1,7095.2,18775.5,1465.1,36390.9,3642.0,25522.5
2025-02-23 14:00:00+00:00,10.95,,,2895.4,7095.2,18613.0,1462.8,36209.7,3633.5,25436.5
2025-02-23 15:00:00+00:00,3.52,,,2909.6,7095.2,18079.0,1530.2,35566.1,3465.3,24533.6
2025-02-23 16:00:00+00:00,10.96,,,2948.8,7095.2,16372.2,1586.5,34117.2,3657.3,24013.3
2025-02-23 17:00:00+00:00,50.0,,,3577.9,7096.2,11243.1,1489.7,29795.4,3724.6,24105.0
2025-02-23 18:00:00+00:00,100.9,,,7160.4,7095.2,3322.7,976.4,26242.9,4242.7,25108.4
2025-02-23 19:00:00+00:00,122.94,,,7596.7,7096.2,333.5,577.7,24654.3,4768.7,27239.1
2025-02-23 20:00:00+00:00,134.7,377.0,,7981.1,7096.2,46.4,493.6,25357.5,5074.4,28744.2
2025-02-23 21:00:00+00:00,123.25,,,7721.4,7095.2,47.4,480.3,24996.2,5355.0,28429.5
2025-02-23 22:00:00+00:00,100.9,,,7439.0,7096.2,50.4,463.5,23988.4,5457.5,26856.2
2025-02-23 23:00:00+00:00,79.7,,,6982.0,7096.2,47.4,395.1,23165.2,5623.4,24680.9
2025-02-24 00:00:00+00:00,79.21,240.0,243.6,4505.8,7092.2,46.3,358.2,21379.8,6015.7,23575.4
2025-02-24 01:00:00+00:00,67.94,,243.2,3948.8,7092.2,46.3,355.9,21116.9,6512.0,22245.6
2025-02-24 02:00:00+00:00,56.2,,180.0,3896.0,7092.2,46.3,305.2,21262.5,6852.5,21645.1
2025-02-24 03:00:00+00:00,49.0,,,3776.7,7091.2,46.3,283.8,21124.4,7079.2,21366.2
2025-02-24 04:00:00+00:00,46.25,,,3892.1,7092.2,47.3,283.8,21411.2,7301.8,21387.8
2025-02-24 05:00:00+00:00,56.03,,,3764.3,7092.2,47.3,283.8,21522.7,7441.9,22253.9
2025-02-24 06:00:00+00:00,74.78,,,4785.5,7093.2,90.4,257.7,22715.4,7523.4,25399.4
2025-02-24 07:00:00+00:00,103.33,,,5630.3,7090.2,216.8,158.8,23915.3,7513.9,29208.0
2025-02-24 08:00:00+00:00,116.86,,,6807.2,7091.2,2259.2,158.8,28027.7,7575.3,30947.8
2025-02-24 09:00:00+00:00,100.0,,,6649.5,7075.2,7893.1,163.5,32870.2,7698.5,31807.4
2025-02-24 10:00:00+00:00,88.64,,,4716.4,7074.2,12644.3,244.3,35571.6,7545.6,31567.2
2025-02-24 11:00:00+00:00,74.78,,,3531.3,7073.2,14845.0,441.6,36332.6,7372.3,30990.7
2025-02-24 12:00:00+00:00,56.2,,,3454.3,7075.2,15829.9,616.9,37608.0,7881.0,30778.6
2025-02-24 13:00:00+00:00,40.56,,,3403.1,7076.2,15946.1,694.1,38277.8,8416.4,30893.3
2025-02-24 14:00:00+00:00,32.64,,,3406.3,7084.2,15962.4,760.9,38642.4,8688.0,30612.0
2025-02-24 15:00:00+00:00,34.0,,,3413.8,7090.2,15490.2,992.3,38491.8,8782.6,30046.6
2025-02-24 16:00:00+00:00,43.76,,,3469.7,7091.2,13746.8,1171.7,37365.9,9140.0,29689.6
2025-02-24 17:00:00+00:00,67.94,,,5987.4,7090.2,9557.1,1128.9,36091.0,9161.6,29782.9
2025-02-24 18:00:00+00:00,107.59,,,7311.1,7090.2,2894.9,825.2,31751.7,10075.6,29901.0
2025-02-24 19:00:00+00:00,159.17,373.0,,9142.6,7091.2,394.1,407.5,32717.6,10835.8,31705.9
2025-02-24 20:00:00+00:00,134.91,375.0,,7996.2,7091.2,54.6,390.1,32048.9,11661.5,32995.4
2025-02-24 21:00:00+00:00,115.28,,,7704.3,7091.2,46.4,376.9,31470.6,12675.2,32113.0
2025-02-24 22:00:00+00:00,100.54,,,7397.1,7092.2,47.4,377.0,31711.0,13231.8,29312.2
2025-02-24 23:00:00+00:00,79.98,,,6735.0,7092.2,47.4,377.1,30723.2,13256.9,27042.7
2025-02-25 00:00:00+00:00,71.98,240.0,243.6,6161.6,7089.6,46.3,249.5,30983.7,13984.5,26185.3
2025-02-25 01:00:00+00:00,72.11,,243.2,4126.5,7090.6,54.5,261.4,28831.8,14079.6,24496.8
2025-02-25 02:00:00+00:00,71.0,,180.0,3968.5,7089.6,54.5,259.4,28430.6,13918.3,23703.2
2025-02-25 03:00:00+00:00,71.98,,,3979.3,7089.6,54.5,255.8,27910.4,13575.9,23163.7
2025-02-25 04:00:00+00:00,79.98,,,3993.6,7089.6,55.5,250.9,27580.5,13253.9,22938.6
2025-02-25 05:00:00+00:00,89.26,,,4405.0,7090.6,55.5,246.0,27533.9,12763.6,23193.7
2025-02-25 06:00:00+00:00,101.0,,,6334.5,7089.6,181.0,129.8,29023.9,12223.7,26003.0
2025-02-25 07:00:00+00:00,123.75,,,7582.6,7088.6,196.5,116.8,31335.3,12051.3,29641.0
2025-02-25 08:00:00+00:00,136.97,376.0,,7613.5,7089.6,1439.8,116.9,32787.0,11545.6,31508.8
2025-02-25 09:00:00+00:00,125.48,312.6,,7477.0,7088.6,4791.4,117.2,35425.1,11366.9,31832.3
2025-02-25 10:00:00+00:00,106.0,,,6802.8,7088.6,7887.1,183.1,36307.8,10972.7,31789.6
2025-02-25 11:00:00+00:00,88.0,,,6243.7,7088.6,9730.2,345.3,37565.8,11144.6,31551.6
2025-02-25 12:00:00+00:00,76.0,,,4834.1,7090.6,10978.0,382.0,38304.7,11999.4,31522.8
2025-02-25 13:00:00+00:00,72.24,,,3643.5,7088.6,11546.1,393.8,38358.5,12677.6,31560.0
2025-02-25 14:00:00+00:00,60.17,,,3636.4,7088.6,11464.1,425.3,38842.7,13272.0,31344.8
2025-02-25 15:00:00+00:00,57.56,,,3582.8,7088.6,11316.3,447.0,39119.8,13708.2,30762.0
2025-02-25 16:00:00+00:00,60.0,,,4000.6,7089.6,10351.5,567.7,38565.2,13584.8,30419.7
2025-02-25 17:00:00+00:00,79.98,,,4762.1,7088.6,7365.9,686.5,36350.7,13091.1,30232.6
2025-02-25 18:00:00+00:00,110.0,,,6988.7,7088.6,2506.2,495.9,33552.4,13006.7,30372.2
2025-02-25 19:00:00+00:00,140.99,374.0,,8666.4,7089.6,285.7,233.5,33962.5,12620.6,32084.9
2025-02-25 20:00:00+00:00,137.99,374.0,,8664.4,7089.6,46.4,255.3,33476.6,12338.1,33077.4
2025-02-25 21:00:00+00:00,128.97,375.0,,8016.1,7088.6,46.4,229.6,32159.5,11853.0,31986.7
2025-02-25 22:00:00+00:00,114.28,,,7692.0,7089.6,46.4,199.5,30318.2,11285.3,29006.4
2025-02-25 23:00:00+00:00,100.41,,,7130.5,7090.6,46.4,199.5,28294.7,10382.5,26319.6
2025-02-26 00:00:00+00:00,102.48,510.0,243.6,6423.3,7091.8,46.3,242.8,27100.5,9435.8,25339.6
2025-02-26 01:00:00+00:00,86.87,220.0,243.2,6344.7,7091.8,46.3,243.1,26149.3,8929.3,24313.0
2025-02-26 02:00:00+00:00,92.98,220.0,180.0,6257.8,7091.8,46.3,248.0,25682.6,8633.4,23112.2
2025-02-26 03:00:00+00:00,86.38,220.0,,6175.2,7091.8,46.3,248.0,25160.2,8378.3,22749.2
2025-02-26 04:00:00+00:00,88.59,220.0,,6181.7,7091.8,54.5,248.0,24833.9,8038.8,22705.1
2025-02-26 05:00:00+00:00,97.82,220.0,,6239.6,7091.8,55.5,248.0,24638.1,7736.3,22944.9
2025-02-26 06:00:00+00:00,111.76,220.0,,7096.7,7091.8,186.2,190.1,26107.2,7415.1,25781.4
2025-02-26 07:00:00+00:00,136.2,732.0,,7710.8,7090.8,273.3,123.7,27994.5,7475.4,29389.1
2025-02-26 08:00:00+00:00,139.08,734.0,,8208.5,7091.8,3699.1,127.9,31558.3,7078.1,31090.8
2025-02-26 09:00:00+00:00,106.46,350.0,,6951.8,7090.8,12330.7,189.6,37329.9,6887.2,32132.1
2025-02-26 10:00:00+00:00,65.0,90.0,,5768.7,7090.8,17922.5,754.2,40554.1,5806.2,32774.6
2025-02-26 11:00:00+00:00,70.0,,,4030.3,7090.8,19405.5,1385.4,40358.4,5291.3,31723.1
2025-02-26 12:00:00+00:00,59.3,,,3853.2,7092.8,19866.9,1576.0,40551.4,5058.2,31366.1
2025-02-26 13:00:00+00:00,58.0,,,3877.8,7090.8,19834.0,1606.1,40449.6,4934.0,31282.4
2025-02-26 14:00:00+00:00,54.59,,,3846.7,7090.8,19465.9,1556.9,39866.2,4857.0,30788.0
2025-02-26 15:00:00+00:00,58.28,,,3883.4,7090.8,18446.8,1528.5,38718.3,4677.1,30145.3
2025-02-26 16:00:00+00:00,71.98,16.0,,4715.9,7091.8,16148.1,1452.8,36898.3,4378.2,29644.5
2025-02-26 17:00:00+00:00,97.0,134.9,,6083.3,7091.8,10456.5,1160.9,32778.6,4366.2,29441.6
2025-02-26 18:00:00+00:00,126.37,1851.8,,7740.0,7091.8,3007.2,814.5,29287.5,4186.6,29860.7
2025-02-26 19:00:00+00:00,161.95,4631.2,,9223.1,7091.8,224.2,599.6,30476.1,4013.0,31747.4
2025-02-26 20:00:00+00:00,225.0,4958.0,,9566.8,7092.8,55.6,494.3,30783.9,3877.2,32461.4
2025-02-26 21:00:00+00:00,181.02,4664.3,,9524.8,7090.8,55.6,320.3,29947.5,3588.6,31668.5
2025-02-26 22:00:00+00:00,126.16,3510.9,,8807.1,7092.8,49.4,204.2,27584.5,3345.2,28940.6
2025-02-26 23:00:00+00:00,125.0,1389.2,,8376.7,7091.8,54.6,120.3,24410.6,2855.8,26105.3
2025-02-27 00:00:00+00:00,116.52,1439.2,243.6,7765.4,7101.2,46.3,211.5,23991.2,3393.9,24934.1
2025-02-27 01:00:00+00:00,114.51,1121.4,243.2,6924.6,7101.2,46.3,191.0,22075.6,3194.5,23416.4
2025-02-27 02:00:00+00:00,106.0,1121.2,180.0,6534.8,7101.2,46.3,189.7,21495.4,3066.1,22467.6
2025-02-27 03:00:00+00:00,103.44,1120.9,,6294.3,7101.2,46.3,189.6,20935.7,2929.9,22073.5
2025-02-27 04:00:00+00:00,101.0,1119.8,,6300.6,7101.2,46.4,189.4,20856.9,2846.2,22124.5
2025-02-27 05:00:00+00:00,104.35,1118.7,,6407.3,7101.2,47.3,189.3,20992.5,2871.4,22589.1
2025-02-27 06:00:00+00:00,117.14,1118.2,,7147.6,7101.2,133.0,189.2,22880.7,2790.4,25370.7
2025-02-27 07:00:00+00:00,145.0,1500.1,,8730.6,7101.2,212.7,108.9,25402.4,2866.9,29589.4
2025-02-27 08:00:00+00:00,168.77,1499.1,,8909.8,7101.2,1755.5,108.8,27013.4,2754.4,31397.0
2025-02-27 09:00:00+00:00,129.18,1495.8,,8287.8,7101.2,6926.0,109.1,31282.8,2945.7,31733.4
2025-02-27 10:00:00+00:00,109.49,447.0,,6667.9,7101.2,11879.0,245.7,32473.0,2586.0,31517.5
2025-02-27 11:00:00+00:00,100.19,350.0,,5506.9,7101.2,14269.5,618.9,33539.6,2154.8,31099.4
2025-02-27 12:00:00+00:00,93.0,220.0,,5367.7,7101.2,15197.3,806.2,34414.9,2208.7,30799.3
2025-02-27 13:00:00+00:00,89.0,220.0,,5241.3,7101.2,15448.7,835.5,34692.2,2301.2,30755.8
2025-02-27 14:00:00+00:00,86.8,220.0,,5334.5,7101.2,15077.2,807.6,34466.0,2371.5,30253.7
2025-02-27 15:00:00+00:00,89.0,220.0,,5468.0,7101.2,13811.4,808.1,33454.8,2506.4,29639.2
2025-02-27 16:00:00+00:00,100.0,370.0,,5767.3,7101.2,11383.0,746.4,31778.1,2871.3,29033.2
2025-02-27 17:00:00+00:00,113.95,721.0,,6871.7,7101.2,6960.7,586.3,29033.5,3218.5,28840.6
2025-02-27 18:00:00+00:00,136.13,2019.0,,8663.0,7101.2,1994.1,330.5,28700.3,3714.4,30146.2
2025-02-27 19:00:00+00:00,165.0,3007.1,,9382.2,7101.2,218.8,178.3,28946.4,4126.7,32192.3
2025-02-27 20:00:00+00:00,219.08,3054.9,,9620.1,7101.2,47.4,164.7,29567.6,4591.4,32687.9
2025-02-27 21:00:00+00:00,147.01,3025.7,,9229.0,7101.2,47.4,139.7,29410.3,4907.1,32538.2
2025-02-27 22:00:00+00:00,122.31,1664.6,,8415.0,7101.2,46.4,109.6,26930.4,5135.5,28972.4
2025-02-27 23:00:00+00:00,113.5,1665.5,,8177.7,7101.2,46.4,109.9,25907.1,5199.7,26347.6
2025-02-28 00:00:00+00:00,115.59,285.0,243.6,7729.8,7101.7,46.3,189.7,22890.5,3912.9,25367.5
2025-05-31 23:00:00+00:00,60.0,,,6090.9,5932.1,9.3,743.1,21714.7,5568.9,22262.5
2025-06-01 00:00:00+00:00,36.07,,,5526.1,5934.1,0.1,715.1,20879.3,5349.5,21132.3
2025-06-01 01:00:00+00:00,35.01,,,5276.6,5778.5,0.1,700.1,19913.6,5321.4,20040.2
2025-06-01 02:00:00+00:00,34.95,,,5160.8,4939.1,9.3,675.1,18986.2,5370.7,19515.8
2025-06-01 03:00:00+00:00,34.43,,,4911.5,4941.1,9.3,655.1,18489.6,5327.3,19113.9
2025-06-01 04:00:00+00:00,35.0,,,4793.1,4940.1,9.3,623.1,18404.5,5232.5,19030.2
2025-06-01 05:00:00+00:00,35.01,,,4653.9,5085.1,305.5,556.6,18502.0,5120.2,19156.9
2025-06-01 06:00:00+00:00,32.22,,,3744.8,4941.1,2024.6,526.0,18876.2,4841.4,19186.2
2025-06-01 07:00:00+00:00,2.4,,,3288.8,4942.1,8094.4,565.6,23858.2,4430.9,20355.9
2025-06-01 08:00:00+00:00,-0.01,,,2526.1,4915.1,13197.0,977.4,26608.4,2744.8,21612.5
2025-06-01 09:00:00+00:00,-0.6,,,2339.6,4723.1,15039.0,1341.9,28206.8,2536.4,22335.4
2025-06-01 10:00:00+00:00,-2.11,,,2292.7,4614.1,16234.9,1562.5,28826.2,1961.4,22653.8
2025-06-01 11:00:00+00:00,-5.48,,,2200.7,4631.1,15960.2,1581.5,28170.3,1778.5,22924.4
2025-06-01 12:00:00+00:00,-6.0,,,2181.3,4666.1,15106.9,1269.4,27135.0,1890.7,23523.2
2025-06-01 13:00:00+00:00,-6.0,,,2161.6,4702.1,14958.7,1275.9,27124.5,2021.8,23514.7
2025-06-01 14:00:00+00:00,-6.01,,,2162.5,4738.1,13674.1,1294.7,26010.0,2144.9,22399.2
2025-06-01 15:00:00+00:00,-6.0,,,2171.5,4770.1,13857.8,1297.5,26398.3,2339.5,21961.1
2025-06-01 16:00:00+00:00,-0.62,,,2322.2,4791.1,13623.2,1794.2,28851.4,4116.4,22204.2
2025-06-01 17:00:00+00:00,2.94,,,2823.5,4813.1,14194.7,1766.3,31857.1,5764.1,23176.5
2025-06-01 18:00:00+00:00,22.82,,,3071.3,4834.1,9162.7,1524.6,28757.5,7404.8,24395.7
2025-06-01 19:00:00+00:00,35.01,,,4947.5,5096.6,3508.7,1221.5,26026.9,7801.5,25684.3
2025-06-01 20:00:00+00:00,40.55,,,6047.0,5874.1,579.3,881.2,25787.2,8118.3,26772.5
2025-06-01 21:00:00+00:00,53.96,,,6174.3,5896.1,6.2,706.7,25674.2,8478.1,26202.1
2025-06-01 22:00:00+00:00,40.41,,,5741.5,5919.1,0.2,676.1,25276.2,8625.1,24478.5
2025-06-01 23:00:00+00:00,30.24,,,5097.0,4937.8,0.1,672.9,23081.7,9257.3,22580.7
2025-06-02 00:00:00+00:00,27.25,,,4030.2,4937.8,0.1,623.6,21956.8,9470.4,21323.4
2025-06-02 01:00:00+00:00,26.66,,,3971.6,4939.8,0.1,614.2,21882.7,9474.2,20545.9
2025-06-02 02:00:00+00:00,19.1,,,3981.6,4938.8,0.1,614.1,21674.2,9271.4,20238.8
2025-06-02 03:00:00+00:00,20.01,,,3953.8,4940.8,0.1,589.1,21503.2,9149.4,20163.1
2025-06-02 04:00:00+00:00,18.89,,,4008.0,4939.8,0.1,574.1,21496.0,9104.7,20971.9
2025-06-02 05:00:00+00:00,35.01,,,5271.0,5103.5,292.5,502.6,23422.8,9108.8,23423.2
2025-06-02 06:00:00+00:00,45.59,,,5567.2,5626.8,1669.3,478.1,26219.3,8540.3,26307.6
2025-06-02 07:00:00+00:00,52.96,,,5389.3,5628.8,6793.5,504.5,30214.5,7573.2,27874.7
2025-06-02 08:00:00+00:00,40.01,,,3211.0,5626.8,12443.6,815.2,31856.7,6946.3,28233.6
2025-06-02 09:00:00+00:00,17.55,,,2524.6,4940.8,16541.8,1172.1,34025.5,6248.8,28328.2
2025-06-02 10:00:00+00:00,2.95,,,2468.5,4939.8,19096.9,1426.6,35414.1,4949.3,28455.5
2025-06-02 11:00:00+00:00,0.85,,,2431.3,4936.8,20242.4,1568.3,36141.8,4497.9,28824.2
2025-06-02 12:00:00+00:00,0.46,,,2432.3,4963.8,20407.0,1665.8,36347.2,4440.0,29029.6
2025-06-02 13:00:00+00:00,0.0,,,2429.4,4990.8,20150.1,1746.2,36086.2,4362.1,28769.6
2025-06-02 14:00:00+00:00,0.0,,,2404.0,4998.8,19416.4,1805.4,35396.4,4402.2,28080.8
2025-06-02 15:00:00+00:00,0.0,,,2407.4,5000.8,18688.9,1865.0,35003.3,4652.2,27657.7
2025-06-02 16:00:00+00:00,1.72,,,2472.7,4999.8,18320.6,1914.1,35338.8,5108.5,28137.4
2025-06-02 17:00:00+00:00,14.9,,,2952.0,5001.8,15875.2,1928.5,34992.5,6614.8,28668.2
2025-06-02 18:00:00+00:00,40.3,,,3780.6,5999.8,11601.7,1804.2,33210.1,6988.6,29275.6
2025-06-02 19:00:00+00:00,88.05,,,6391.5,5999.8,4642.0,1433.5,29742.1,7188.4,28949.8
2025-06-02 20:00:00+00:00,100.0,,,7624.2,6001.8,796.6,938.9,27172.6,7222.8,29016.0
2025-06-02 21:00:00+00:00,98.21,,,7189.4,6001.8,9.4,703.8,25898.1,7418.2,27593.7
2025-06-02 22:00:00+00:00,66.5,,,6311.8,6003.8,9.4,678.2,24593.1,7016.1,25742.3
2025-06-02 23:00:00+00:00,80.0,,,4852.9,5030.3,9.3,630.9,22266.4,7217.0,24406.0
2025-06-03 00:00:00+00:00,69.76,,,4283.9,4852.1,9.3,630.9,21015.4,6718.4,23213.9
2025-06-03 01:00:00+00:00,69.76,,,4207.3,4654.1,0.1,630.6,20360.2,6352.0,22321.5
2025-06-03 02:00:00+00:00,69.76,,,4226.6,4653.1,0.1,630.5,19879.1,5865.9,21859.5
2025-06-03 03:00:00+00:00,69.76,,,4202.5,4655.1,0.1,608.5,19328.0,5360.1,21731.2
2025-06-03 04:00:00+00:00,80.95,,,4615.7,4655.1,9.3,588.3,19318.5,4955.7,22101.2
2025-06-03 05:00:00+00:00,95.94,,,5183.1,4657.1,408.2,526.4,19783.6,4503.6,23869.8
2025-06-03 06:00:00+00:00,107.61,,,6283.6,4655.1,2139.6,405.9,21968.0,3904.5,26254.7
2025-06-03 07:00:00+00:00,82.0,,,4977.2,4657.1,7322.9,418.2,25205.5,3273.8,27883.3
2025-06-03 08:00:00+00:00,52.0,,,3224.8,4655.1,13052.7,699.2,28341.2,2803.4,28668.5
2025-06-03 09:00:00+00:00,31.45,,,2539.3,4655.1,16938.4,1001.2,30134.1,2392.4,28548.2
2025-06-03 10:00:00+00:00,5.0,,,2333.8,4655.1,19324.3,1317.8,32566.3,2370.8,29016.3
2025-06-03 11:00:00+00:00,1.03,,,2247.6,4652.1,20360.8,1562.8,33393.0,2049.0,29104.0
2025-06-03 12:00:00+00:00,0.0,,,2213.7,4650.1,20258.9,1736.6,33611.1,2266.5,29236.0
2025-06-03 13:00:00+00:00,0.0,,,2225.8,4646.1,19957.2,1797.7,33687.0,2604.9,29000.0
2025-06-03 14:00:00+00:00,0.0,,,2203.1,4644.1,18971.0,1819.7,33004.2,2979.1,28308.2
2025-06-03 15:00:00+00:00,0.0,,,2217.3,4644.1,17962.3,1794.2,32580.1,3526.1,28046.4
2025-06-03 16:00:00+00:00,3.17,,,2279.9,4644.1,16764.2,1804.3,32622.6,4598.0,28689.0
2025-06-03 17:00:00+00:00,17.71,,,2784.7,4644.1,14103.9,1816.6,32246.0,6292.5,29114.3
2025-06-03 18:00:00+00:00,38.57,135.6,,3554.9,4643.1,9712.5,1667.4,29582.5,7009.7,29364.7
2025-06-03 19:00:00+00:00,53.1,157.0,,5020.2,4644.1,3993.0,1292.8,27438.5,7774.6,29796.3
2025-06-03 20:00:00+00:00,108.27,,,6913.7,4646.1,764.3,858.8,25688.0,7907.8,28942.5
2025-06-03 21:00:00+00:00,108.78,,,7155.6,4647.1,9.4,651.8,24600.1,7535.1,27457.1
2025-06-03 22:00:00+00:00,96.05,,,5529.9,4648.1,9.4,625.6,22310.1,6971.8,25229.9
2025-06-03 23:00:00+00:00,89.6,,,5050.9,4648.8,9.3,570.2,21382.0,6772.5,23799.2
2025-06-04 00:00:00+00:00,80.71,,,4769.8,4648.8,9.3,554.9,20839.1,6602.5,22558.8
2025-06-04 01:00:00+00:00,75.14,,,4663.4,4649.8,9.3,543.1,20522.7,6418.5,21864.6
2025-06-04 02:00:00+00:00,75.0,,,4604.6,4650.8,9.3,512.1,20208.1,6198.9,21421.5
2025-06-04 03:00:00+00:00,74.52,,,4711.3,4651.5,9.3,512.1,20153.1,6037.9,21360.7
2025-06-04 04:00:00+00:00,82.13,,,5034.8,4651.8,9.3,512.1,20236.5,5765.3,21769.5
2025-06-04 05:00:00+00:00,98.22,,,5813.0,4652.5,136.4,461.6,20771.2,5373.1,23748.0
2025-06-04 06:00:00+00:00,105.0,,,6377.9,4652.8,2184.7,455.8,22662.5,4647.2,25860.5
2025-06-04 07:00:00+00:00,78.1,,,4371.4,4652.8,8493.1,462.0,26291.6,4014.5,27808.3
2025-06-04 08:00:00+00:00,48.37,,,3064.8,4654.3,14659.7,1003.8,30239.7,3539.1,28392.7
2025-06-04 09:00:00+00:00,32.35,,,2609.3,4652.8,18617.0,1678.2,33365.4,3150.0,28662.0
2025-06-04 10:00:00+00:00,4.83,,,2364.7,4652.8,20604.5,1926.4,35229.9,3066.2,29366.8
2025-06-04 11:00:00+00:00,3.6,,,2328.9,4651.8,21542.2,1985.5,36387.7,3234.8,29418.7
2025-06-04 12:00:00+00:00,3.52,,,2298.8,4650.8,21804.3,2005.6,36571.9,3157.0,29603.9
2025-06-04 13:00:00+00:00,1.72,,,2298.0,4649.0,21570.4,2005.6,36353.8,3201.0,29233.3
2025-06-04 14:00:00+00:00,0.09,,,2299.9,4646.3,20380.1,1960.2,34991.4,3143.8,28650.4
2025-06-04 15:00:00+00:00,0.0,,,2295.2,4643.8,19189.0,1861.2,33906.4,3369.5,28567.2
2025-06-04 16:00:00+00:00,6.2,,,2413.7,4642.8,18085.8,1772.8,34195.5,4637.7,28870.0
2025-06-04 17:00:00+00:00,28.04,,,2776.3,4643.5,15365.7,1751.0,32483.6,4995.4,28958.6
2025-06-04 18:00:00+00:00,60.0,,,3455.0,4994.3,10945.1,1607.7,29388.6,5254.2,28930.6
2025-06-04 19:00:00+00:00,108.38,,,5840.4,5024.0,4615.6,1382.0,26971.8,5672.9,28722.7
2025-06-04 20:00:00+00:00,127.01,372.9,,8325.7,5025.7,861.7,926.3,26256.0,6303.1,28681.5
2025-06-04 21:00:00+00:00,123.46,349.4,,8171.6,5026.0,9.4,705.7,25167.3,6471.6,27171.0
2025-06-04 22:00:00+00:00,99.38,,,6404.7,5031.7,9.4,697.4,22941.4,6385.4,25169.4
2025-06-04 23:00:00+00:00,110.73,,,5971.5,5037.3,9.3,606.5,21893.0,6150.7,23478.5
2025-06-05 00:00:00+00:00,96.0,,,4982.0,5038.3,9.3,595.2,20918.2,6188.0,22417.0
2025-06-05 01:00:00+00:00,94.25,,,4681.7,5038.6,9.3,572.5,20115.7,5956.0,21664.1
2025-06-05 02:00:00+00:00,92.28,,,4500.9,5038.6,9.3,571.2,19675.6,5706.1,21145.4
2025-06-05 03:00:00+00:00,92.28,,,4595.9,5039.6,9.3,551.1,19500.2,5457.3,21022.3
2025-06-05 04:00:00+00:00,93.86,,,4977.7,5040.6,9.3,510.6,19790.9,5274.8,21577.9
2025-06-05 05:00:00+00:00,101.27,,,6020.5,5040.6,214.0,466.6,21022.8,5076.5,23607.1
2025-06-05 06:00:00+00:00,111.24,,,6650.6,5041.6,2516.8,368.5,23505.6,4689.8,25798.2
2025-06-05 07:00:00+00:00,82.13,,,4085.9,5042.3,9184.0,425.4,27240.7,4399.2,27402.7
2025-06-05 08:00:00+00:00,17.01,,,2748.1,5042.6,16334.2,1191.4,32237.2,4024.7,29319.2
2025-06-05 09:00:00+00:00,0.0,,,2396.7,5041.6,19711.0,1754.1,34458.1,2999.4,29788.3
2025-06-05 10:00:00+00:00,0.0,,,2285.0,5040.6,20788.1,1989.8,35154.7,2673.0,29856.7
2025-06-05 11:00:00+00:00,-0.01,,,2245.4,5040.6,21552.6,2027.5,35875.9,2671.0,29918.7
2025-06-05 12:00:00+00:00,-0.01,,,2236.4,5038.1,20908.6,2035.6,35385.1,2808.4,30056.1
2025-06-05 13:00:00+00:00,-0.01,,,2254.1,5036.1,20403.1,2038.2,35017.7,2946.2,29653.9
2025-06-05 14:00:00+00:00,-0.01,,,2262.2,5034.1,20084.4,2039.7,34926.8,3173.1,28941.9
2025-06-05 15:00:00+00:00,-0.01,,,2257.5,5031.6,19355.8,2036.3,34351.5,3339.0,28784.0
2025-06-05 16:00:00+00:00,0.0,,,2264.1,5030.6,19298.4,2029.8,34499.2,3505.5,29172.2
2025-06-05 17:00:00+00:00,3.17,,,2653.8,5031.3,18503.6,2027.1,35476.7,4555.1,29818.0
2025-06-05 18:00:00+00:00,33.94,,,3991.1,5031.6,13433.7,1914.8,32661.0,5292.9,29876.0
2025-06-05 19:00:00+00:00,99.77,,,5916.7,5031.6,5570.7,1512.3,27717.1,5327.8,28707.5
2025-06-05 20:00:00+00:00,140.34,369.7,,8849.3,5033.3,996.9,971.3,26095.0,5522.5,28372.2
2025-06-05 21:00:00+00:00,142.03,372.9,,8873.0,5033.6,9.4,721.4,24833.8,5474.0,27139.5
2025-06-05 22:00:00+00:00,118.24,,,7916.7,5038.6,9.4,702.8,23324.0,5317.1,24930.8
2025-06-05 23:00:00+00:00,130.05,2196.6,,7271.7,4040.1,9.3,701.8,22638.7,5186.8,23828.4
2025-06-06 00:00:00+00:00,127.93,1451.3,,6841.2,4040.4,9.3,701.9,21310.2,5035.4,22525.1
2025-06-06 01:00:00+00:00,118.24,1452.9,,6598.2,4041.1,9.3,701.5,20790.6,4755.7,21713.5
2025-06-06 02:00:00+00:00,112.75,1454.7,,6147.6,4041.4,9.3,701.3,20164.9,4583.9,21274.5
2025-06-06 03:00:00+00:00,112.24,1453.9,,5854.2,4042.4,9.3,698.3,19766.8,4481.3,21131.9
2025-06-06 04:00:00+00:00,113.77,1455.2,,6548.5,4043.4,9.3,668.0,20325.4,4374.1,21598.5
2025-06-06 05:00:00+00:00,123.26,1927.6,,7603.6,4043.4,344.1,606.6,21950.9,4182.2,23443.8
2025-06-06 06:00:00+00:00,126.83,2220.0,,7666.3,4044.4,2620.8,543.3,24115.5,3754.9,25566.6
2025-06-06 07:00:00+00:00,123.26,879.1,,6177.6,4044.1,9212.6,513.8,27207.1,3163.8,27718.2
2025-06-06 08:00:00+00:00,57.03,,,2684.8,4044.4,16516.5,1221.1,30255.7,2644.2,28998.0
2025-06-06 09:00:00+00:00,7.26,,,2387.7,4043.4,20778.4,1743.4,33952.8,2264.6,30243.8
2025-06-06 10:00:00+00:00,1.72,,,2212.5,4042.4,22778.9,1912.9,35512.6,1841.6,30577.6
2025-06-06 11:00:00+00:00,0.66,,,2168.7,4041.9,23268.3,1977.1,36077.5,1933.7,30799.5
2025-06-06 12:00:00+00:00,0.0,,,2183.9,4040.4,23385.9,2032.2,36431.3,2137.0,30879.3
2025-06-06 13:00:00+00:00,0.0,,,2183.8,4038.6,22913.5,2056.4,36056.8,2295.1,30506.8
2025-06-06 14:00:00+00:00,0.0,,,2155.0,4035.9,22064.7,2073.2,35221.6,2432.7,29672.6
2025-06-06 15:00:00+00:00,0.0,,,2169.9,4034.4,21591.0,2096.3,35038.6,2638.2,29490.6
2025-06-06 16:00:00+00:00,1.2,,,2199.0,4034.4,21616.4,2104.9,35735.9,3085.1,29926.7
2025-06-06 17:00:00+00:00,14.34,,,2342.2,4034.4,19120.5,2097.9,34736.5,4357.6,29954.2
2025-06-06 18:00:00+00:00,44.69,,,3700.9,4034.4,14106.2,1992.7,31542.0,4641.7,29331.7
2025-06-06 19:00:00+00:00,105.0,,,6361.2,4058.3,5940.4,1590.3,27431.4,5121.6,27835.1
2025-06-06 20:00:00+00:00,135.01,1420.0,,8657.6,4089.8,957.6,1034.6,25986.5,5482.3,27593.9
2025-06-06 21:00:00+00:00,140.34,1445.8,,8747.8,4120.1,9.4,759.4,24886.1,5460.9,26319.9
2025-06-06 22:00:00+00:00,121.35,715.1,,8008.0,4156.1,9.4,745.4,23258.6,5286.6,24381.4
2025-06-06 23:00:00+00:00,112.84,369.0,,7241.9,4400.6,9.3,689.0,21908.7,5933.6,23483.4
2025-06-07 00:00:00+00:00,103.77,,,6563.3,4432.1,9.3,688.9,20511.5,5810.5,22206.5
2025-06-07 01:00:00+00:00,101.57,,,6113.3,4462.6,9.3,688.5,19764.4,5488.0,21323.8
2025-06-07 02:00:00+00:00,100.59,,,5589.4,4493.3,9.3,682.8,19011.0,5247.9,20524.1
2025-06-07 03:00:00+00:00,100.59,,,5334.3,4524.6,9.3,654.6,18551.4,5043.6,20091.3
2025-06-07 04:00:00+00:00,101.57,,,5202.2,4555.6,9.3,654.0,18118.9,4848.2,19867.7
2025-06-07 05:00:00+00:00,104.0,,,5694.7,4586.3,176.4,644.9,18873.6,4698.2,20143.2
2025-06-07 06:00:00+00:00,93.8,,,4614.5,4616.6,2782.1,601.7,19907.5,4207.6,20771.5
2025-06-07 07:00:00+00:00,22.2,,,2551.1,4646.6,10242.6,623.6,24439.0,3585.0,23030.3
2025-06-07 08:00:00+00:00,0.7,,,2135.4,4677.1,17428.7,1372.7,30568.5,2380.0,24911.5
2025-06-07 09:00:00+00:00,0.0,,,1932.4,4705.6,19725.0,1914.3,32367.7,1740.3,25509.7
2025-06-07 10:00:00+00:00,-0.01,,,1948.4,4735.6,19729.4,2034.7,32364.9,1621.4,25288.9
2025-06-07 11:00:00+00:00,-0.5,,,1960.0,4763.8,19701.6,2025.4,32427.9,1679.8,25219.9
2025-06-07 12:00:00+00:00,-0.5,,,2013.1,4791.1,19721.0,2026.8,32739.5,1891.0,25527.5
2025-06-07 13:00:00+00:00,-0.6,,,1998.0,4818.8,19164.1,2028.1,32442.2,2136.1,25232.2
2025-06-07 14:00:00+00:00,-1.21,,,1988.6,4846.1,18555.6,2036.1,31675.6,1975.4,24376.6
2025-06-07 15:00:00+00:00,-1.21,,,1989.2,4874.6,17968.5,2038.7,31312.3,2184.2,23965.3
2025-06-07 16:00:00+00:00,-0.6,,,1953.2,4905.6,17155.3,2041.6,31478.1,3121.1,24276.9
2025-06-07 17:00:00+00:00,0.0,,,2008.5,4935.6,17694.8,2028.0,33065.3,4021.6,25228.3
2025-06-07 18:00:00+00:00,3.52,,,2884.7,4965.6,14395.3,2048.8,32191.1,5263.4,25902.1
2025-06-07 19:00:00+00:00,45.0,,,3546.3,4995.6,5941.2,1655.3,26443.4,7089.2,25453.5
2025-06-07 20:00:00+00:00,110.2,,,5973.0,5024.4,915.8,1070.2,24174.5,7973.3,24797.2
2025-06-07 21:00:00+00:00,104.0,,,6133.1,5032.9,9.4,783.7,23664.0,8473.1,24319.7
2025-06-07 22:00:00+00:00,90.0,,,5131.4,5042.7,9.4,775.4,22674.3,8489.9,22769.7
2025-06-07 23:00:00+00:00,79.47,,,5075.6,5051.2,9.3,656.9,22805.2,8030.7,22367.9
2025-06-08 00:00:00+00:00,78.49,,,4892.1,5051.5,9.3,655.9,21841.4,7909.1,20876.6
2025-06-08 01:00:00+00:00,79.0,,,4570.9,5052.2,9.3,655.5,21124.2,7581.8,20154.5
2025-06-08 02:00:00+00:00,65.0,,,4029.2,5052.5,9.3,655.3,20277.7,7378.2,19428.7
2025-06-08 03:00:00+00:00,65.0,,,3751.5,5052.5,9.3,655.1,19806.6,7185.3,19152.5
2025-06-08 04:00:00+00:00,65.0,,,3796.6,5053.5,9.3,655.0,19661.2,6998.4,18997.8
2025-06-08 05:00:00+00:00,64.36,,,4033.0,5053.5,317.9,635.8,20096.8,6906.1,19014.7
2025-06-08 06:00:00+00:00,22.02,,,3168.7,5053.5,2848.0,589.2,21036.1,6476.5,19479.8
2025-06-08 07:00:00+00:00,0.83,,,2241.4,5054.2,9935.2,673.7,25306.6,4811.2,20369.2
2025-06-08 08:00:00+00:00,-0.5,,,1866.6,5054.5,14528.5,1335.3,28225.4,3155.4,21975.9
2025-06-08 09:00:00+00:00,-2.0,,,1819.6,5053.5,16183.7,1884.1,29088.8,1964.0,22721.8
2025-06-08 10:00:00+00:00,-2.5,,,1764.2,5053.5,16025.1,2017.1,28726.6,1696.5,23167.8
2025-06-08 11:00:00+00:00,-2.5,,,1807.3,5052.5,16495.7,2059.2,29112.9,1521.5,23520.1
2025-06-08 12:00:00+00:00,-2.5,,,1800.3,5051.5,17058.9,2078.2,29625.1,1461.8,24156.7
2025-06-08 13:00:00+00:00,-2.1,,,1782.4,5050.0,17137.1,2084.0,29723.7,1498.2,24262.3
2025-06-08 14:00:00+00:00,-3.0,,,1777.8,5048.5,16388.5,2072.6,29002.7,1587.9,23609.3
2025-06-08 15:00:00+00:00,-2.8,,,1775.2,5047.5,15800.3,2056.4,28596.8,1757.4,23169.0
2025-06-08 16:00:00+00:00,-2.1,,,1809.0,5047.5,15759.3,2032.3,28808.0,1980.5,23386.4
2025-06-08 17:00:00+00:00,0.0,,,1931.7,5047.5,17049.5,1999.4,32221.2,3800.3,24214.3
2025-06-08 18:00:00+00:00,4.9,,,2288.2,5047.5,13333.6,1913.3,30884.2,5692.3,25284.0
2025-06-08 19:00:00+00:00,86.78,,,4399.0,5047.5,5559.3,1511.5,26876.5,7039.1,24836.3
2025-06-08 20:00:00+00:00,108.78,,,6511.2,5048.2,890.4,962.5,26011.3,8332.2,25798.2
2025-06-08 21:00:00+00:00,109.29,,,6768.0,5048.5,9.4,744.7,26072.6,9203.5,25666.4
2025-06-08 22:00:00+00:00,98.8,,,5734.4,5049.2,9.4,737.3,24969.4,9616.9,23947.2
2025-06-08 23:00:00+00:00,90.6,,,4953.1,5028.1,9.3,667.7,23984.3,9246.8,22662.7
2025-06-09 00:00:00+00:00,77.94,,,4174.7,5029.1,9.3,667.5,22721.3,8850.8,21454.0
2025-06-09 01:00:00+00:00,77.94,,,4091.4,5029.4,9.3,667.4,22038.6,8260.4,20602.6
2025-06-09 02:00:00+00:00,80.0,,,3967.3,5030.1,9.3,667.3,21192.4,7549.9,20162.5
2025-06-09 03:00:00+00:00,82.86,,,4126.9,5031.1,9.3,667.3,20618.3,6794.2,20214.5
2025-06-09 04:00:00+00:00,87.35,,,4939.4,5031.4,9.3,666.9,20989.2,6285.1,20783.4
2025-06-09 05:00:00+00:00,102.25,,,5830.2,5031.9,471.1,629.8,22381.6,6089.7,23062.5
2025-06-09 06:00:00+00:00,107.06,,,6123.1,5032.9,2488.0,581.8,24213.4,5626.4,25396.1
2025-06-09 07:00:00+00:00,85.01,,,3433.5,5032.4,8540.4,583.0,26695.8,4996.4,27336.1
2025-06-09 08:00:00+00:00,20.1,,,2265.4,5032.9,14810.2,1074.1,30458.4,4343.2,29059.1
2025-06-09 09:00:00+00:00,7.19,,,2074.2,5031.4,18642.8,1448.4,33642.1,3776.7,29675.4
2025-06-09 10:00:00+00:00,3.17,,,1994.2,5031.1,20554.0,1691.1,34980.3,3035.6,29963.6
2025-06-09 11:00:00+00:00,1.72,,,1882.4,5030.9,21476.0,1706.9,35755.3,3016.1,30311.6
2025-06-09 12:00:00+00:00,1.72,,,1874.6,5028.6,21660.3,1625.5,35919.2,3054.7,30475.5
2025-06-09 13:00:00+00:00,2.95,,,1862.1,5026.4,21373.2,1568.6,35632.1,3106.2,30247.0
2025-06-09 14:00:00+00:00,3.17,,,1929.0,5024.9,20333.5,1527.3,34774.1,3276.8,29591.6
2025-06-09 15:00:00+00:00,5.57,,,1949.5,5023.4,18603.1,1530.7,33658.6,3881.0,29236.6
2025-06-09 16:00:00+00:00,12.39,,,2066.8,5023.4,16506.2,1578.1,31973.0,4145.2,29654.2
2025-06-09 17:00:00+00:00,50.0,,,2349.9,5022.6,13547.2,1607.9,29970.8,4448.1,29307.0
2025-06-09 18:00:00+00:00,90.0,,,4038.0,5022.4,9230.9,1601.8,28859.6,4822.0,28947.3
2025-06-09 19:00:00+00:00,113.76,714.0,,7034.5,5023.9,4045.2,1340.3,28228.0,5488.6,28504.4
2025-06-09 20:00:00+00:00,135.0,2129.5,,8032.0,5025.4,795.8,962.2,27364.5,5779.5,28398.8
2025-06-09 21:00:00+00:00,124.1,2147.5,,7967.9,5025.4,9.4,768.9,26593.0,6034.1,27055.1
2025-06-09 22:00:00+00:00,114.27,729.0,,7330.0,5025.9,9.4,761.7,24773.5,6284.6,24734.1
2025-06-09 23:00:00+00:00,118.97,1347.3,,6733.7,5015.2,9.3,572.7,24152.4,6212.0,24549.0
2025-06-10 00:00:00+00:00,114.99,515.7,,6543.9,5015.2,9.3,572.4,23013.0,6088.5,23207.9
2025-06-10 01:00:00+00:00,114.4,365.0,,6383.3,5016.2,9.3,523.7,22284.8,5777.8,22280.4
2025-06-10 02:00:00+00:00,113.01,365.0,,6188.5,5017.2,9.3,485.2,21585.3,5400.3,21813.4
2025-06-10 03:00:00+00:00,113.03,362.0,,6378.9,5018.2,9.3,473.6,21423.7,5064.2,21639.4
2025-06-10 04:00:00+00:00,113.2,363.0,,6532.8,5019.2,9.3,473.6,21370.3,4847.1,22012.9
2025-06-10 05:00:00+00:00,114.4,363.0,,7015.7,5019.2,363.2,473.6,22069.1,4575.0,24063.8
2025-06-10 06:00:00+00:00,117.0,950.0,,6961.6,5020.2,2066.3,299.0,23784.3,4201.4,26300.4
2025-06-10 07:00:00+00:00,114.99,650.1,,6330.0,5019.9,6188.2,317.6,26531.8,3779.0,27745.8
2025-06-10 08:00:00+00:00,111.72,357.0,,4704.4,5020.2,10873.8,494.5,28444.7,3234.1,29003.4
2025-06-10 09:00:00+00:00,105.0,,,3706.3,5019.2,13900.4,503.7,28778.9,2425.4,29433.5
2025-06-10 10:00:00+00:00,87.47,,,2257.8,5018.2,16086.7,648.9,28928.9,2205.2,29858.2
2025-06-10 11:00:00+00:00,56.6,,,2057.7,5017.7,17621.6,711.1,30174.5,2093.3,30449.9
2025-06-10 12:00:00+00:00,56.0,,,2119.9,5015.7,18219.7,788.0,30980.3,2166.3,30730.5
2025-06-10 13:00:00+00:00,55.4,,,2099.4,5013.7,18055.4,853.0,31053.4,2337.2,30731.5
2025-06-10 14:00:00+00:00,54.88,,,2128.3,5012.2,17600.0,844.2,30961.1,2649.6,30102.0
2025-06-10 15:00:00+00:00,55.01,,,2068.8,5010.4,16643.0,875.9,30492.8,3150.4,29798.8
2025-06-10 16:00:00+00:00,93.35,,,2588.4,5009.4,14803.7,959.6,29812.1,3678.7,29877.2
2025-06-10 17:00:00+00:00,105.0,,,3860.6,5009.2,12216.5,1021.5,29979.7,4557.1,29903.7
2025-06-10 18:00:00+00:00,110.7,,,5142.2,5010.2,8275.9,1167.6,29456.6,5738.6,29802.0
2025-06-10 19:00:00+00:00,119.58,1449.6,,7219.0,5010.2,3388.2,941.6,28742.5,6219.4,30101.0
2025-06-10 20:00:00+00:00,124.35,2784.4,,7636.8,5011.7,559.2,628.7,27947.0,6732.3,29613.0
2025-06-10 21:00:00+00:00,121.18,2072.4,,7483.8,5012.4,9.4,555.2,26928.0,7224.1,27913.5
2025-06-10 22:00:00+00:00,114.4,344.0,,7311.6,5018.9,9.4,549.7,24943.6,7315.3,25514.6
2025-06-10 23:00:00+00:00,111.89,1313.0,,7030.5,5014.1,9.3,514.7,24745.8,7362.3,24797.3
2025-06-11 00:00:00+00:00,108.56,1147.1,,6151.8,5014.1,9.3,514.7,23634.5,7446.8,23377.0
2025-06-11 01:00:00+00:00,106.07,1147.8,,5416.8,5015.1,9.3,514.7,22642.5,7325.8,22539.0
2025-06-11 02:00:00+00:00,106.02,1148.9,,5064.9,5016.1,9.3,514.6,22088.6,7143.7,22063.3
2025-06-11 03:00:00+00:00,104.0,1149.4,,4717.8,5017.1,9.3,514.6,21693.5,7104.8,21959.7
2025-06-11 04:00:00+00:00,106.02,1149.8,,5143.7,5018.1,9.3,514.6,22156.7,7126.2,22376.6
2025-06-11 05:00:00+00:00,107.49,1150.2,,6000.6,5018.1,219.2,514.6,23143.1,7036.7,24192.5
2025-06-11 06:00:00+00:00,110.63,492.0,,7166.2,5019.1,1770.5,339.9,24840.9,6706.5,26379.3
2025-06-11 07:00:00+00:00,109.58,399.1,,6303.8,5018.8,5648.7,342.4,27236.9,6172.4,27816.0
2025-06-11 08:00:00+00:00,101.27,397.8,,3060.7,5019.1,10445.9,512.6,28175.4,5688.5,28549.0
2025-06-11 09:00:00+00:00,82.28,,,2157.5,5018.1,13809.8,711.8,29574.1,4948.4,29309.9
2025-06-11 10:00:00+00:00,49.99,,,1996.3,5017.1,16388.2,833.5,32217.2,5198.4,30270.1
2025-06-11 11:00:00+00:00,14.28,,,2067.3,5016.6,17980.8,914.2,34520.5,5798.6,31820.6
2025-06-11 12:00:00+00:00,5.0,,,2188.6,5014.6,19043.9,1016.5,36607.1,6612.1,32300.1
2025-06-11 13:00:00+00:00,3.52,,,2154.3,5012.6,19616.6,1183.0,36851.5,6172.5,32070.9
2025-06-11 14:00:00+00:00,1.1,,,2132.4,5010.6,19376.6,1392.5,36869.5,6310.1,31490.9
2025-06-11 15:00:00+00:00,2.5,,,2099.8,5009.1,18968.8,1529.1,37297.0,6951.4,31260.9
2025-06-11 16:00:00+00:00,3.0,,,2102.0,5008.1,17605.5,1583.3,37721.6,8654.9,31247.7
2025-06-11 17:00:00+00:00,15.0,,,2281.4,5008.1,15878.3,1647.3,36740.3,9067.9,31234.7
2025-06-11 18:00:00+00:00,74.0,,,2888.6,5008.1,11623.7,1630.4,33486.4,9271.7,30294.4
2025-06-11 19:00:00+00:00,105.01,,,5029.5,5008.8,5156.8,1330.9,29638.8,9476.6,29829.8
2025-06-11 20:00:00+00:00,115.5,715.0,,7252.7,5010.1,597.1,888.8,28229.5,9653.3,29381.7
2025-06-11 21:00:00+00:00,114.81,604.5,,7326.8,5011.1,9.4,665.8,27489.6,9761.8,28016.0
2025-06-11 22:00:00+00:00,109.58,,,6620.8,5016.1,9.4,648.7,25623.3,9561.0,25618.3
2025-06-11 23:00:00+00:00,104.59,,,5737.3,5011.4,9.3,550.0,24015.5,8566.9,24302.8
2025-06-12 00:00:00+00:00,99.97,,,4988.0,5012.4,9.3,549.9,23145.3,8530.5,22928.6
2025-06-12 01:00:00+00:00,95.11,,,4367.1,5013.7,9.3,549.8,22306.7,8325.7,22160.9
2025-06-12 02:00:00+00:00,93.94,,,4250.4,5014.7,9.3,541.7,21813.4,7940.0,21763.1
2025-06-12 03:00:00+00:00,93.94,,,4294.4,5014.7,9.3,515.7,21412.4,7529.4,21533.3
2025-06-12 04:00:00+00:00,98.27,,,4905.7,5015.7,9.3,488.6,21731.9,7231.8,21855.0
2025-06-12 05:00:00+00:00,102.98,,,5793.2,5016.4,160.5,473.6,22430.3,6844.1,23744.4
2025-06-12 06:00:00+00:00,103.8,,,5980.7,5016.7,2957.5,352.5,24589.7,6122.5,25997.1
2025-06-12 07:00:00+00:00,90.0,,,3723.0,5016.7,10666.3,458.5,29299.4,5375.4,27958.1
2025-06-12 08:00:00+00:00,15.27,,,2239.2,5017.2,18008.7,1148.0,34240.8,4905.0,30095.2
2025-06-12 09:00:00+00:00,0.01,,,2019.6,5015.7,21000.1,1818.6,36342.4,3828.2,30560.4
2025-06-12 10:00:00+00:00,0.0,,,1975.0,5015.7,22071.8,2057.2,36868.8,3338.9,30680.8
2025-06-12 11:00:00+00:00,-0.01,,,1907.7,5014.7,22525.1,2102.6,37247.7,3290.7,30925.7
2025-06-12 12:00:00+00:00,0.0,,,1988.9,5012.9,23070.4,2111.7,37663.8,2960.5,31323.8
2025-06-12 13:00:00+00:00,0.0,,,1957.6,5009.9,22781.3,2112.8,37335.1,3030.1,30996.1
2025-06-12 14:00:00+00:00,-0.01,,,1927.2,5006.9,22159.9,2112.1,36645.1,3095.9,30439.1
2025-06-12 15:00:00+00:00,0.01,,,1982.1,5005.7,22356.7,2109.7,37825.3,3749.3,30180.4
2025-06-12 16:00:00+00:00,1.0,,,2020.9,5005.7,21997.3,2105.5,38747.4,4943.7,30800.0
2025-06-12 17:00:00+00:00,15.27,,,2292.2,5005.7,19542.2,2086.3,37270.7,5600.8,31237.1
2025-06-12 18:00:00+00:00,89.6,,,2752.0,5005.7,14526.8,2025.8,34352.1,6127.9,29967.6
2025-06-12 19:00:00+00:00,104.01,,,6230.9,5005.7,6370.5,1616.0,30351.7,6469.0,29663.1
2025-06-12 20:00:00+00:00,131.71,1770.5,,7635.1,5006.4,891.6,1017.1,27344.3,6367.0,28836.3
2025-06-12 21:00:00+00:00,140.64,1783.4,,7871.2,5007.7,9.4,783.4,26063.8,5953.1,27564.3
2025-06-12 22:00:00+00:00,117.96,1783.9,,7429.7,5014.4,9.4,769.5,24987.7,5331.0,25465.0
2025-06-12 23:00:00+00:00,126.84,3894.1,,7089.6,5012.4,11.9,685.2,25249.5,3949.3,24340.2
2025-06-13 00:00:00+00:00,119.08,3509.1,,6752.0,5012.4,11.9,684.4,24125.5,3822.7,22990.1
2025-06-13 01:00:00+00:00,113.98,3118.5,,6183.1,5013.4,11.9,684.3,22928.2,3651.8,22068.5
2025-06-13 02:00:00+00:00,112.33,2999.7,,5963.6,5014.4,11.9,683.0,22397.2,3480.5,21619.5
2025-06-13 03:00:00+00:00,111.35,3002.3,,5643.1,5015.4,11.9,682.7,21923.3,3329.0,21350.7
2025-06-13 04:00:00+00:00,111.35,3005.1,,6057.3,5016.4,11.9,682.6,22267.2,3246.6,21756.5
2025-06-13 05:00:00+00:00,113.89,3143.8,,6530.0,5016.4,205.2,640.8,22966.9,3219.1,23716.2
2025-06-13 06:00:00+00:00,113.86,3351.8,,6457.8,5045.4,2941.1,542.0,25651.7,3076.7,26191.3
2025-06-13 07:00:00+00:00,112.47,408.0,,5821.1,5076.1,10412.0,574.5,29306.0,2775.0,27873.8
2025-06-13 08:00:00+00:00,50.0,,,2393.4,5107.4,17560.0,1149.5,31806.6,2560.1,29909.6
2025-06-13 09:00:00+00:00,14.5,,,2009.3,5127.4,21345.0,1689.5,35354.8,2372.2,30680.1
2025-06-13 10:00:00+00:00,0.85,,,2030.5,5126.4,22861.3,1941.6,36913.9,2247.7,30689.9
2025-06-13 11:00:00+00:00,0.0,,,2103.8,5125.9,22677.5,2037.8,37345.3,2720.7,31109.3
2025-06-13 12:00:00+00:00,0.0,,,2048.6,5123.9,22490.6,2049.1,37410.5,3155.8,31174.5
2025-06-13 13:00:00+00:00,-0.01,,,2010.3,5215.9,21617.4,2042.7,36929.7,3575.1,30695.7
2025-06-13 14:00:00+00:00,-0.01,,,2015.6,5306.9,21374.2,2015.0,37272.0,4080.7,29868.5
2025-06-13 15:00:00+00:00,0.65,,,1995.1,5399.4,21169.2,2009.7,38372.2,5081.8,29749.2
2025-06-13 16:00:00+00:00,3.52,,,1968.3,5429.4,20446.8,1989.8,38605.7,5989.5,30493.7
2025-06-13 17:00:00+00:00,17.43,,,2082.8,5430.4,17630.4,1986.1,37474.8,7508.3,31075.1
2025-06-13 18:00:00+00:00,90.4,,,2581.5,5430.4,13077.0,1886.2,34027.1,7809.5,29629.6
2025-06-13 19:00:00+00:00,105.47,,,5169.5,5431.1,5785.1,1500.2,30291.8,7857.6,29071.4
2025-06-13 20:00:00+00:00,120.58,1248.7,,7734.6,5526.4,823.3,1018.4,28701.1,7569.6,28364.9
2025-06-13 21:00:00+00:00,120.98,1376.3,,7729.5,5621.4,12.0,782.5,27535.0,7221.6,27043.7
2025-06-13 22:00:00+00:00,113.98,514.6,,7070.9,5719.4,12.0,768.0,25470.2,6605.3,24943.8
2025-06-13 23:00:00+00:00,110.02,730.0,,5664.7,5615.7,0.1,686.6,24331.5,6954.3,24239.0
2025-06-14 00:00:00+00:00,109.7,483.9,,5444.6,5689.7,0.1,683.7,23350.3,6458.6,22736.4
2025-06-14 01:00:00+00:00,109.8,730.0,,5317.8,5719.7,9.3,683.5,23028.4,5931.2,21534.6
2025-06-14 02:00:00+00:00,108.98,310.5,,5134.0,5752.0,9.3,683.2,21875.7,5435.7,20832.9
2025-06-14 03:00:00+00:00,109.0,364.0,,4928.6,5784.0,9.3,682.9,21186.9,4870.4,20416.5
2025-06-14 04:00:00+00:00,109.7,583.6,,4911.7,5816.0,9.3,661.9,20887.2,4360.6,20127.8
2025-06-14 05:00:00+00:00,109.73,733.0,,4841.5,5847.0,347.1,595.7,20940.5,4044.7,20530.8
2025-06-14 06:00:00+00:00,104.9,,,4331.1,5880.0,2438.2,572.7,21030.9,3485.7,21066.0
2025-06-14 07:00:00+00:00,51.21,,,3079.7,5911.0,9508.7,636.4,24954.6,2820.0,23646.5
2025-06-14 08:00:00+00:00,4.17,,,2083.0,5943.0,16441.9,1173.3,30513.2,2158.5,25846.1
2025-06-14 09:00:00+00:00,0.46,,,1874.6,5972.5,19140.1,1605.4,32374.0,1165.9,26489.0
2025-06-14 10:00:00+00:00,-0.01,,,1890.0,6002.0,18974.1,1818.9,32180.9,1095.5,26162.9
2025-06-14 11:00:00+00:00,-0.58,,,1969.7,6001.5,18938.9,1954.2,32458.4,1194.3,26103.1
2025-06-14 12:00:00+00:00,-0.62,,,1955.2,5999.5,18723.8,1994.4,32450.6,1378.5,26391.6
2025-06-14 13:00:00+00:00,-1.0,,,1925.6,5995.5,18507.2,2014.7,32421.8,1582.3,26191.8
2025-06-14 14:00:00+00:00,-1.5,,,1924.5,5993.0,17845.4,2002.1,31514.3,1401.2,25285.3
2025-06-14 15:00:00+00:00,-0.37,,,1916.6,5993.0,17661.5,1977.2,32185.8,2241.9,24815.5
2025-06-14 16:00:00+00:00,0.65,,,1924.8,5993.0,19129.8,1959.1,34780.6,3152.0,25920.8
2025-06-14 17:00:00+00:00,5.0,,,1905.5,5993.0,16802.7,1911.4,34245.6,4925.9,26773.5
2025-06-14 18:00:00+00:00,36.27,,,2371.4,5993.0,11999.3,1830.9,31827.6,6595.0,27222.3
2025-06-14 19:00:00+00:00,86.0,,,3719.4,5994.0,5229.9,1464.7,27992.8,7818.5,26380.2
2025-06-14 20:00:00+00:00,101.96,,,4681.2,5994.0,773.6,974.7,25735.8,8829.7,25807.6
2025-06-14 21:00:00+00:00,105.88,,,5101.7,5994.7,0.2,720.0,25815.5,9125.7,25338.5
2025-06-14 22:00:00+00:00,100.98,,,4526.9,6001.7,9.4,665.1,24684.2,8988.1,23891.8
2025-06-14 23:00:00+00:00,87.47,,,4727.4,6000.6,9.3,679.5,23758.9,8809.2,22613.0
2025-06-15 00:00:00+00:00,62.0,,,4245.9,6000.9,0.1,676.6,23167.4,8836.3,21714.8
2025-06-15 01:00:00+00:00,38.7,,,3820.3,6001.6,0.1,676.3,22557.7,8781.5,21050.3
2025-06-15 02:00:00+00:00,34.7,,,3666.3,6001.9,0.1,676.0,22252.7,8828.6,20442.5
2025-06-15 03:00:00+00:00,24.35,,,3662.5,6002.9,0.1,662.5,22407.7,9034.3,20130.3
2025-06-15 04:00:00+00:00,20.0,,,3727.6,6003.9,0.1,590.5,22516.9,9148.8,20012.6
2025-06-15 05:00:00+00:00,18.47,,,3730.4,6004.6,137.6,579.1,22724.6,9245.4,20103.8
2025-06-15 06:00:00+00:00,15.13,,,3530.4,6004.9,2355.2,574.7,24524.8,9027.1,19960.0
2025-06-15 07:00:00+00:00,2.0,,,2974.8,6004.9,8877.0,599.3,28336.1,7152.7,20897.7
2025-06-15 08:00:00+00:00,0.0,,,1942.5,6004.9,14031.6,1066.9,30860.5,5340.9,21913.2
2025-06-15 09:00:00+00:00,-0.6,,,1887.8,6003.9,15566.8,1625.1,31748.4,4187.8,22629.0
2025-06-15 10:00:00+00:00,-1.21,,,1945.3,6002.9,16952.0,1799.1,32239.3,3100.7,23017.9
2025-06-15 11:00:00+00:00,-1.21,,,1985.7,6001.9,17855.4,1837.8,32695.9,2578.1,23586.1
2025-06-15 12:00:00+00:00,-3.0,,,1963.1,6000.1,16323.6,1859.2,30665.4,2188.9,24483.0
2025-06-15 13:00:00+00:00,-2.67,,,1943.6,5997.1,16412.8,1899.1,30902.1,2253.4,24722.7
2025-06-15 14:00:00+00:00,-2.0,,,1949.5,5994.4,17522.2,1930.0,32404.2,2585.1,23840.5
2025-06-15 15:00:00+00:00,-1.21,,,1912.6,5993.9,16784.0,1940.0,32845.8,3764.9,23512.4
2025-06-15 16:00:00+00:00,-0.6,,,1862.4,5993.1,15803.4,1939.0,33171.7,5124.2,24107.3
2025-06-15 17:00:00+00:00,0.0,,,1860.1,5992.9,15425.3,1888.7,34124.9,6461.7,25039.6
2025-06-15 18:00:00+00:00,2.4,,,2309.1,5993.9,12517.2,1753.0,34537.4,9225.7,26560.2
2025-06-15 19:00:00+00:00,33.96,,,3622.2,5994.9,5716.4,1395.5,32577.4,12369.5,26982.3
2025-06-15 20:00:00+00:00,76.85,,,4756.7,5995.1,866.2,949.4,29805.0,13437.6,27013.4
2025-06-15 21:00:00+00:00,78.43,,,4864.7,5995.9,9.3,702.0,30038.3,13986.5,27293.4
2025-06-15 22:00:00+00:00,53.97,,,4255.0,5996.9,9.3,689.5,28639.9,13899.0,25503.3
2025-06-15 23:00:00+00:00,32.74,,,3471.5,5988.8,0.1,619.0,26954.5,13852.7,25061.3
2025-06-16 00:00:00+00:00,19.96,,,3421.9,5989.8,0.1,616.2,26344.1,13316.1,23674.6
2025-06-16 01:00:00+00:00,16.58,,,3200.4,5990.1,0.1,616.2,25725.0,12932.4,22872.7
2025-06-16 02:00:00+00:00,13.27,,,3159.0,5990.8,0.1,616.1,24921.8,12370.3,22337.6
2025-06-16 03:00:00+00:00,15.0,,,3162.6,5991.8,0.1,616.0,24400.9,11674.5,22316.2
2025-06-16 04:00:00+00:00,24.76,,,3415.6,5992.1,0.1,615.9,24081.5,11005.1,22719.6
2025-06-16 05:00:00+00:00,60.0,,,3944.9,5991.1,140.6,599.3,24620.1,10322.8,24718.0
2025-06-16 06:00:00+00:00,71.6,,,3971.8,5992.1,2426.1,549.9,26923.6,9518.7,27296.0
2025-06-16 07:00:00+00:00,58.49,,,3634.0,5992.1,9146.3,579.0,31042.4,8012.6,29415.8
2025-06-16 08:00:00+00:00,20.0,,,2106.1,5992.1,16205.5,963.0,34736.7,6515.8,31060.7
2025-06-16 09:00:00+00:00,4.5,,,1963.5,5992.1,19778.8,1491.8,37303.8,5259.8,31699.2
2025-06-16 10:00:00+00:00,1.0,,,1940.2,5992.1,21527.1,1723.0,37568.3,3635.9,31632.3
2025-06-16 11:00:00+00:00,0.65,,,1920.1,5991.1,22269.9,1810.1,37985.1,3249.6,32078.1
2025-06-16 12:00:00+00:00,0.85,,,1907.4,5989.6,22889.6,1823.4,38356.7,3007.5,32449.7
2025-06-16 13:00:00+00:00,1.72,,,1894.9,5987.6,22853.7,1763.4,38183.9,2941.6,32365.9
2025-06-16 14:00:00+00:00,3.52,,,1883.8,5985.3,21952.8,1708.6,37594.4,3327.9,31859.4
2025-06-16 15:00:00+00:00,17.73,,,1839.5,5984.1,20648.1,1653.4,36434.9,3521.1,31517.0
2025-06-16 16:00:00+00:00,47.69,,,1960.2,5984.1,18463.8,1564.4,34419.4,3647.9,31757.7
2025-06-16 17:00:00+00:00,101.64,1.0,,2402.8,5984.1,15082.7,1416.5,31893.1,3916.7,30798.4
2025-06-16 18:00:00+00:00,117.2,490.7,,5076.8,5984.1,10509.3,1279.6,31950.7,4792.7,30690.5
2025-06-16 19:00:00+00:00,125.41,1036.2,,7136.5,5984.3,4571.2,1071.2,30245.6,5646.2,30266.4
2025-06-16 20:00:00+00:00,210.0,1736.3,,8000.4,5985.1,865.0,761.1,28540.9,6233.3,29671.1
2025-06-16 21:00:00+00:00,166.91,1746.7,,7945.7,5985.8,9.6,632.0,27935.3,6699.0,28541.5
2025-06-16 22:00:00+00:00,125.41,1064.7,,6981.9,5986.8,9.6,612.1,26140.0,6692.2,26305.3
2025-06-16 23:00:00+00:00,128.64,3976.6,,6487.3,5983.4,0.1,608.1,27168.7,6865.8,25306.8
2025-06-17 00:00:00+00:00,124.76,3238.1,,6329.0,5984.4,0.1,591.1,25868.6,6485.0,23760.5
2025-06-17 01:00:00+00:00,120.0,2986.5,,5653.2,5984.4,0.1,574.1,24386.1,5966.2,22859.2
2025-06-17 02:00:00+00:00,119.82,2992.1,,5514.1,5985.4,0.1,574.0,23661.5,5385.9,22322.3
2025-06-17 03:00:00+00:00,120.0,2993.9,,5755.0,5986.7,9.3,547.6,23368.9,4868.1,22135.6
2025-06-17 04:00:00+00:00,117.1,2780.1,,5189.5,5987.7,9.3,539.6,23096.4,4445.3,22514.5
2025-06-17 05:00:00+00:00,119.82,2963.1,,6057.8,5988.7,342.6,533.6,24082.6,4047.9,24442.3
2025-06-17 06:00:00+00:00,124.59,2964.1,,6663.2,5989.7,2632.9,340.0,26483.0,3737.6,26747.1
2025-06-17 07:00:00+00:00,126.91,2115.8,,6147.9,5989.4,9089.3,395.5,30103.6,3163.2,28737.5
2025-06-17 08:00:00+00:00,112.96,50.0,,2876.0,5989.2,15970.6,810.6,31400.1,2575.9,30191.0
2025-06-17 09:00:00+00:00,72.88,,,2007.6,5987.7,19710.7,1402.2,33951.5,1982.3,31134.5
2025-06-17 10:00:00+00:00,26.75,,,1998.1,5987.7,21846.6,1717.4,36414.5,2015.3,32176.5
2025-06-17 11:00:00+00:00,24.17,,,2045.6,5986.2,22862.6,1823.2,37735.2,2167.0,32840.5
2025-06-17 12:00:00+00:00,22.57,,,2055.6,5983.2,22984.6,1873.4,38237.3,2486.1,33157.3
2025-06-17 13:00:00+00:00,18.16,,,2055.2,5979.7,22637.9,1861.8,38329.9,2964.1,33158.9
2025-06-17 14:00:00+00:00,12.0,,,2051.8,5977.7,22031.6,1764.3,38191.4,3576.9,32873.4
2025-06-17 15:00:00+00:00,24.2,,,1963.6,5978.7,20574.3,1679.7,37263.9,4225.2,32605.9
2025-06-17 16:00:00+00:00,72.88,,,2004.7,5978.7,18440.1,1634.1,35773.1,4817.8,32058.9
2025-06-17 17:00:00+00:00,94.78,25.0,,2266.1,5979.7,15737.7,1568.6,34252.8,5527.0,31707.0
2025-06-17 18:00:00+00:00,115.0,105.0,,4488.7,5978.9,11243.4,1460.7,33121.8,6488.0,31522.7
2025-06-17 19:00:00+00:00,126.68,1760.4,,6912.0,5978.7,4967.7,1137.6,32294.1,7000.4,31261.0
2025-06-17 20:00:00+00:00,154.76,2796.2,,7821.7,5978.9,1060.6,841.4,30348.0,7229.3,30618.3
2025-06-17 21:00:00+00:00,152.03,2807.0,,7909.2,5977.7,0.2,694.7,29164.8,7154.0,29067.7
2025-06-17 22:00:00+00:00,127.91,2499.7,,7018.7,5984.4,9.4,660.1,27704.7,7003.7,26585.7
2025-06-17 23:00:00+00:00,128.37,4777.5,,6547.0,5980.2,0.1,595.2,27914.9,6900.0,26490.3
2025-06-18 00:00:00+00:00,123.17,3718.9,,6218.1,5981.2,0.1,591.0,26074.1,6454.6,25067.5
2025-06-18 01:00:00+00:00,121.86,3357.6,,5853.1,5981.5,9.3,567.0,24673.8,5803.8,23827.8
2025-06-18 02:00:00+00:00,122.11,3414.2,,5846.8,5982.2,9.3,527.9,23923.3,5053.6,23152.4
2025-06-18 03:00:00+00:00,123.17,3725.3,,5857.8,5983.5,9.3,511.7,23522.9,4349.6,22987.3
2025-06-18 04:00:00+00:00,125.97,4145.3,,6299.2,5984.5,9.3,496.6,23819.4,3728.2,23428.5
2025-06-18 05:00:00+00:00,125.07,3898.0,,6414.4,5984.5,357.8,480.7,24418.2,3172.8,25479.0
2025-06-18 06:00:00+00:00,128.31,4814.7,,6484.6,5986.0,2693.1,286.7,26888.1,2675.4,27884.2
2025-06-18 07:00:00+00:00,121.12,3364.6,,5742.9,5985.5,9300.2,295.6,30584.9,2180.1,29773.9
2025-06-18 08:00:00+00:00,114.68,870.1,,3080.2,5986.5,16451.0,808.7,32047.3,1694.0,30678.5
2025-06-18 09:00:00+00:00,80.4,100.0,,1885.2,5984.5,20463.1,1430.8,33854.5,864.6,31587.1
2025-06-18 10:00:00+00:00,61.0,,,1878.5,5983.5,22265.9,1654.6,35477.2,818.6,32530.0
2025-06-18 11:00:00+00:00,46.01,,,1988.7,5983.0,23277.6,1770.2,36751.3,873.4,33426.6
2025-06-18 12:00:00+00:00,41.55,,,2017.8,5981.0,23529.5,1796.0,37297.7,1117.8,34160.4
2025-06-18 13:00:00+00:00,41.11,,,2027.3,5977.7,23175.3,1779.7,37284.3,1461.0,34030.9
2025-06-18 14:00:00+00:00,40.01,30.0,,2062.0,5975.0,22447.1,1784.5,37020.4,1860.0,33600.7
2025-06-18 15:00:00+00:00,51.77,60.0,,1944.5,5973.7,21076.9,1774.7,35947.5,2259.7,33250.8
2025-06-18 16:00:00+00:00,82.9,90.0,,2212.6,5973.5,18929.0,1737.9,34762.8,2669.5,32555.3
2025-06-18 17:00:00+00:00,114.67,826.9,,3478.7,5973.7,16013.6,1716.9,34286.2,3133.4,32330.1
2025-06-18 18:00:00+00:00,123.17,1887.9,,5354.6,5973.5,10913.7,1480.0,33192.0,3613.0,32376.8
2025-06-18 19:00:00+00:00,139.03,4988.6,,7420.0,5973.5,4570.4,1141.0,32460.5,3812.2,32656.9
2025-06-18 20:00:00+00:00,194.56,5067.3,,8397.5,5973.7,924.1,781.8,29822.3,4068.5,31483.3
2025-06-18 21:00:00+00:00,166.75,5099.7,,8160.7,5974.5,9.4,648.2,28560.8,4103.0,30007.0
2025-06-18 22:00:00+00:00,135.01,5062.2,,7318.4,5981.2,9.4,643.3,27516.2,4000.1,27669.1
2025-06-18 23:00:00+00:00,139.01,6207.1,,7464.4,5170.1,0.1,545.4,27550.4,3900.6,26646.4
2025-06-19 00:00:00+00:00,131.68,5788.1,,6571.7,5170.6,0.1,542.5,26019.5,3702.8,25237.2
2025-06-19 01:00:00+00:00,128.61,5045.1,,6254.9,5192.8,0.1,523.3,24654.5,3529.0,24133.5
2025-06-19 02:00:00+00:00,128.31,4929.7,,6287.2,5194.1,0.1,470.2,24149.8,3326.5,23600.5
2025-06-19 03:00:00+00:00,128.12,4823.3,,6284.7,5236.1,0.1,423.9,23702.6,3091.9,23315.4
2025-06-19 04:00:00+00:00,128.96,5164.2,,6431.6,5237.1,0.1,365.2,23968.0,2673.4,23812.0
2025-06-19 05:00:00+00:00,135.01,5872.1,,7016.4,5238.1,155.4,348.9,25226.1,2436.4,25798.2
2025-06-19 06:00:00+00:00,139.01,5871.9,,7106.9,5239.6,2101.7,174.2,26945.3,2275.4,28157.8
2025-06-19 07:00:00+00:00,128.37,4576.1,,5829.3,5239.1,7610.3,175.0,29544.9,2171.0,29911.5
2025-06-19 08:00:00+00:00,124.19,1165.3,,4635.8,5240.1,14148.3,400.6,30700.6,1857.7,30757.5
2025-06-19 09:00:00+00:00,114.26,100.0,,2635.5,5238.1,18040.6,682.7,31515.2,1826.0,31595.5
2025-06-19 10:00:00+00:00,80.27,,,1878.6,5237.1,20424.9,895.3,33319.1,1887.7,32444.0
2025-06-19 11:00:00+00:00,75.75,,,2016.1,5234.6,21656.2,1116.8,35198.0,2186.2,33500.5
2025-06-19 12:00:00+00:00,70.0,,,2029.2,5232.3,21914.0,1162.7,35845.7,2526.8,34261.2
2025-06-19 13:00:00+00:00,67.86,,,2049.6,5227.8,21191.9,1197.6,35522.8,2908.5,34125.4
2025-06-19 14:00:00+00:00,65.0,,,2054.6,5226.1,20194.5,1299.0,35073.2,3406.6,33656.4
2025-06-19 15:00:00+00:00,76.0,30.0,,1906.9,5225.1,18440.1,1336.9,33962.5,4113.1,32994.4
2025-06-19 16:00:00+00:00,95.0,85.0,,2014.4,5225.1,16686.2,1333.8,33282.6,4981.9,32370.9
2025-06-19 17:00:00+00:00,118.18,204.3,,3903.3,5225.3,14130.7,1304.5,33787.8,5773.9,32467.7
2025-06-19 18:00:00+00:00,123.0,1672.7,,5293.5,5225.1,9608.8,1120.4,33218.2,6295.6,32703.2
2025-06-19 19:00:00+00:00,133.22,4140.3,,7603.8,5225.1,4037.6,840.3,32908.5,6460.0,33161.3
2025-06-19 20:00:00+00:00,167.55,4291.2,,8760.8,5274.3,664.4,604.9,30829.0,6534.4,32611.7
2025-06-19 21:00:00+00:00,164.6,4316.7,,8660.0,5326.1,0.3,497.6,29806.2,6316.9,31149.6
2025-06-19 22:00:00+00:00,133.02,4329.4,,7563.2,5372.8,0.2,473.3,28188.5,5873.6,28605.7
2025-06-19 23:00:00+00:00,130.78,5144.0,,6301.7,5364.4,9.3,225.1,26692.7,5182.8,27157.2
2025-06-20 00:00:00+00:00,127.9,4401.2,,6229.2,5365.4,9.3,204.7,25318.6,4810.4,25436.3
2025-06-20 01:00:00+00:00,125.25,4092.0,,5777.7,5386.4,9.3,194.2,24195.7,4531.4,24315.4
2025-06-20 02:00:00+00:00,125.25,3758.8,,5762.5,5426.7,9.3,186.7,23266.3,4219.0,23578.1
2025-06-20 03:00:00+00:00,124.94,3749.7,,5795.8,5448.7,9.3,167.1,22928.1,3852.9,23359.1
2025-06-20 04:00:00+00:00,124.33,3750.7,,6167.2,5472.7,9.3,140.0,23003.4,3555.2,23648.5
2025-06-20 05:00:00+00:00,127.97,3769.8,,7024.8,5473.4,357.6,130.0,24137.2,3469.4,25753.1
2025-06-20 06:00:00+00:00,128.08,3880.3,,7155.7,5473.7,2486.2,120.1,26386.9,3332.8,28000.4
2025-06-20 07:00:00+00:00,122.57,3359.1,,6040.2,5474.4,9237.1,150.1,30543.3,3129.4,29504.4
2025-06-20 08:00:00+00:00,113.94,100.0,,3338.2,5474.2,16903.3,732.8,32810.5,2974.2,30695.8
2025-06-20 09:00:00+00:00,86.9,,,2549.0,5501.7,20625.8,1419.3,35516.2,2392.5,32364.1
2025-06-20 10:00:00+00:00,84.35,,,2011.6,5531.7,22259.7,1676.5,36807.9,2323.2,33013.9
2025-06-20 11:00:00+00:00,77.0,,,2044.5,5561.2,23165.7,1730.3,38048.0,2538.0,34344.9
2025-06-20 12:00:00+00:00,72.0,,,2064.7,5583.2,23355.4,1722.4,38467.5,2743.7,35161.0
2025-06-20 13:00:00+00:00,71.0,,,2092.1,5628.1,22939.5,1697.3,38257.1,2908.4,35031.4
2025-06-20 14:00:00+00:00,70.0,30.0,,2113.1,5684.4,22203.0,1707.0,37806.4,3080.3,34445.2
2025-06-20 15:00:00+00:00,81.5,60.0,,1923.8,5737.4,20962.3,1663.5,36697.9,3366.8,33454.2
2025-06-20 16:00:00+00:00,88.0,90.0,,2200.8,5809.4,19092.6,1614.2,35282.4,3504.7,32946.3
2025-06-20 17:00:00+00:00,111.79,750.0,,3179.5,5838.4,16298.6,1544.3,34954.0,4111.2,32553.2
2025-06-20 18:00:00+00:00,128.74,2817.2,,5841.1,5873.6,11583.2,1391.5,35153.8,4418.0,32184.6
2025-06-20 19:00:00+00:00,140.0,3867.4,,7953.2,5905.4,4857.2,1023.2,32848.6,4712.0,31767.6
2025-06-20 20:00:00+00:00,163.49,3883.3,,8822.3,5935.6,948.0,669.2,29786.2,4891.2,30932.2
2025-06-20 21:00:00+00:00,159.99,3900.5,,8776.3,5963.4,9.5,494.2,28686.3,4906.1,29774.1
2025-06-20 22:00:00+00:00,132.21,3912.6,,7492.7,5994.9,9.4,482.3,27299.6,4746.0,27735.3
2025-06-20 23:00:00+00:00,128.89,3775.3,,6030.1,6039.7,9.3,600.6,26318.3,5465.8,26417.6
2025-06-21 00:00:00+00:00,126.93,2588.9,,5858.6,6074.7,9.3,597.8,24450.0,5156.3,24727.4
2025-06-21 01:00:00+00:00,125.87,2233.7,,5359.5,6122.7,9.3,597.7,23280.7,4794.7,23550.0
2025-06-21 02:00:00+00:00,122.86,2125.0,,5025.9,6172.0,9.3,597.5,22545.4,4463.9,22652.8
2025-06-21 03:00:00+00:00,122.42,1878.4,,4921.4,6222.5,9.3,582.1,21953.8,4186.5,22102.2
2025-06-21 04:00:00+00:00,121.44,1880.7,,4710.1,6273.0,9.3,522.1,21453.5,3911.5,21764.5
2025-06-21 05:00:00+00:00,122.86,1919.1,,4847.9,6322.7,368.0,362.7,21536.2,3577.8,21956.0
2025-06-21 06:00:00+00:00,115.56,1885.1,,3554.0,6379.0,2595.6,297.8,22155.2,3247.9,22701.4
2025-06-21 07:00:00+00:00,103.6,75.0,,2430.9,6427.7,9484.1,354.5,24433.4,2445.5,23924.3
2025-06-21 08:00:00+00:00,40.0,,,1952.3,6475.0,16877.7,916.6,31143.2,1912.9,27075.8
2025-06-21 09:00:00+00:00,2.5,,,1774.4,6523.0,20803.6,1580.4,35023.7,1493.9,28640.0
2025-06-21 10:00:00+00:00,0.0,,,1797.0,6571.5,21623.2,1887.2,36004.2,1354.0,29209.2
2025-06-21 11:00:00+00:00,0.0,,,1864.0,6616.5,21904.4,2012.2,36674.5,1632.7,29845.2
2025-06-21 12:00:00+00:00,0.0,,,1863.4,6662.5,21993.2,2026.8,37333.8,2155.0,30478.8
2025-06-21 13:00:00+00:00,0.0,,,1926.9,6698.7,21549.6,2019.2,37504.8,2690.7,30540.1
2025-06-21 14:00:00+00:00,0.0,,,1880.9,6726.2,20381.7,2002.3,36574.0,3065.8,29923.5
2025-06-21 15:00:00+00:00,0.1,,,1825.1,6756.5,20387.6,1969.5,37473.2,3741.6,29730.7
2025-06-21 16:00:00+00:00,4.31,,,1696.8,6787.2,18992.5,1924.5,36673.7,4462.4,29630.8
2025-06-21 17:00:00+00:00,74.27,,,2012.7,6817.0,15676.7,1821.3,34455.1,5172.6,29058.5
2025-06-21 18:00:00+00:00,109.99,,,3158.1,6848.0,11078.5,1620.6,31469.5,5581.2,28100.7
2025-06-21 19:00:00+00:00,126.34,743.8,,6071.9,6877.2,4866.7,1311.4,30298.9,5971.7,28036.6
2025-06-21 20:00:00+00:00,134.93,2429.4,,6816.7,6907.0,1007.4,881.7,28206.2,5665.3,28154.9
2025-06-21 21:00:00+00:00,138.81,2444.1,,6952.2,6937.2,0.2,698.5,27126.7,5517.9,27657.9
2025-06-21 22:00:00+00:00,126.07,1067.5,,6337.5,6955.0,9.4,690.1,24725.5,5231.9,26101.0
2025-06-21 23:00:00+00:00,124.24,2774.6,,5746.7,6960.1,0.1,615.0,24907.8,5329.5,24349.5
2025-06-22 00:00:00+00:00,121.96,2586.0,,4903.3,6962.8,0.1,557.3,23260.8,5026.0,22886.4
2025-06-22 01:00:00+00:00,122.94,1555.2,,5014.8,6962.8,0.1,556.7,21973.6,4652.4,21803.0
2025-06-22 02:00:00+00:00,123.92,710.0,,5280.2,6962.8,0.1,556.5,20998.8,4265.9,21012.6
2025-06-22 03:00:00+00:00,122.94,710.0,,5106.0,6965.1,9.3,533.1,20528.5,3979.4,20613.9
2025-06-22 04:00:00+00:00,123.58,710.0,,5154.9,6965.1,9.3,499.5,20344.9,3781.4,20384.5
2025-06-22 05:00:00+00:00,122.94,710.0,,5109.4,6965.8,327.2,498.6,20425.9,3589.6,20328.9
2025-06-22 06:00:00+00:00,119.0,,,4044.9,6970.1,2529.7,373.4,20596.7,3436.3,20134.5
2025-06-22 07:00:00+00:00,60.0,,,2559.9,6969.8,9003.7,390.7,25119.8,2914.2,21835.4
2025-06-22 08:00:00+00:00,0.65,,,1744.6,6965.1,14896.3,951.4,29383.7,2051.5,23790.0
2025-06-22 09:00:00+00:00,-0.05,,,1684.6,6961.6,16417.5,1579.3,30728.8,1553.6,24610.8
2025-06-22 10:00:00+00:00,-1.21,,,1723.0,6958.1,17023.4,1842.0,31477.7,1445.6,25093.3
2025-06-22 11:00:00+00:00,-1.5,,,1724.1,6955.3,17741.9,1955.2,32333.8,1491.5,25847.3
2025-06-22 12:00:00+00:00,-1.01,,,1711.3,6949.3,18082.8,2004.4,33222.4,1967.2,26839.0
2025-06-22 13:00:00+00:00,-0.62,,,1675.0,6944.8,17982.6,2021.6,33540.7,2406.2,27262.8
2025-06-22 14:00:00+00:00,-1.21,,,1643.6,6937.3,17352.4,2010.5,32787.8,2350.1,26553.6
2025-06-22 15:00:00+00:00,-1.1,,,1618.8,6940.1,16427.7,1976.8,32106.0,2659.3,26309.3
2025-06-22 16:00:00+00:00,0.0,,,1637.4,6938.1,17298.5,1970.1,34072.7,3664.5,26814.0
2025-06-22 17:00:00+00:00,5.0,,,1821.2,6940.1,16688.2,1926.2,35566.3,5390.2,27426.4
2025-06-22 18:00:00+00:00,71.14,,,2905.6,6941.1,12213.2,1734.0,32338.4,5646.4,27544.4
2025-06-22 19:00:00+00:00,114.12,,,4337.5,6942.1,5611.7,1342.8,28422.2,6060.7,27741.6
2025-06-22 20:00:00+00:00,128.76,463.9,,6587.4,6947.1,1067.5,902.4,26841.2,6389.6,28252.7
2025-06-22 21:00:00+00:00,130.78,1114.8,,6815.3,6948.3,10.4,693.7,26976.4,6653.8,28230.8
2025-06-22 22:00:00+00:00,128.76,516.3,,6457.0,6948.6,9.6,684.1,25681.5,6556.0,26411.6
2025-06-22 23:00:00+00:00,127.73,397.0,,4723.5,6940.8,0.1,681.8,23663.9,6892.2,24654.4
2025-06-23 00:00:00+00:00,123.58,397.6,,3842.2,6944.3,0.1,660.8,22698.2,6820.1,23045.5
2025-06-23 01:00:00+00:00,117.78,398.2,,3353.2,6944.8,0.1,597.4,22037.4,6704.4,22095.3
2025-06-23 02:00:00+00:00,115.2,399.0,,3179.3,6945.5,0.1,567.3,21662.2,6623.1,21534.0
2025-06-23 03:00:00+00:00,114.72,399.5,,3288.9,6945.3,0.1,567.0,21421.2,6509.1,21395.0
2025-06-23 04:00:00+00:00,114.96,400.0,,3713.0,6948.8,0.1,534.7,21796.4,6353.2,21906.2
2025-06-23 05:00:00+00:00,121.85,400.2,,4278.8,6948.5,389.1,384.5,22575.0,6120.4,24105.9
2025-06-23 06:00:00+00:00,127.0,400.1,,5009.7,6948.8,2318.1,263.6,24626.8,5642.6,26526.4
2025-06-23 07:00:00+00:00,117.05,399.7,,3710.0,6947.5,7803.7,256.5,27953.3,4737.4,28446.1
2025-06-23 08:00:00+00:00,98.86,398.9,,2397.0,6941.3,13609.7,610.2,31319.6,4167.1,29614.0
2025-06-23 09:00:00+00:00,91.75,,,1976.0,6939.8,16935.8,930.1,33271.2,3531.7,30911.0
2025-06-23 10:00:00+00:00,75.48,,,1901.6,6937.8,18804.5,1003.9,34884.8,3335.1,31853.0
2025-06-23 11:00:00+00:00,71.27,,,1885.1,6934.3,19853.7,1119.5,36188.8,3501.1,32620.0
2025-06-23 12:00:00+00:00,70.75,,,1842.3,6924.0,20306.8,1277.1,37008.3,3770.3,33220.0
2025-06-23 13:00:00+00:00,57.42,,,1804.9,6924.8,20173.1,1443.8,37256.0,4035.2,33381.1
2025-06-23 14:00:00+00:00,70.75,,,1825.3,6920.8,19661.9,1506.5,36954.8,4192.8,33033.3
2025-06-23 15:00:00+00:00,71.4,,,1800.3,6920.8,18624.7,1479.6,36029.6,4324.7,32870.8
2025-06-23 16:00:00+00:00,90.0,9.3,,1951.1,6919.8,16870.6,1520.4,34868.3,4449.2,32827.0
2025-06-23 17:00:00+00:00,108.0,203.2,,2255.0,6921.8,14322.3,1546.2,33516.4,5097.4,32282.4
2025-06-23 18:00:00+00:00,124.72,922.7,,4160.8,6924.0,10125.3,1366.7,32906.5,5513.2,32027.6
2025-06-23 19:00:00+00:00,136.43,2478.2,,6496.9,6927.8,4312.1,946.0,31815.3,5885.0,32163.1
2025-06-23 20:00:00+00:00,195.77,2823.0,,7843.3,6931.8,899.9,594.2,29797.4,5921.8,31446.2
2025-06-23 21:00:00+00:00,175.14,2847.7,,7813.0,6937.0,9.7,530.7,29111.1,6171.3,30187.5
2025-06-23 22:00:00+00:00,135.82,2469.4,,6644.7,6939.5,9.5,524.4,27764.7,6370.1,27778.6
2025-06-23 23:00:00+00:00,129.82,2532.8,,6209.3,7015.4,0.1,498.5,26493.8,5846.0,25703.3
2025-06-24 00:00:00+00:00,126.84,2429.2,,5428.4,7016.4,0.1,498.4,24471.2,5737.7,23985.7
2025-06-24 01:00:00+00:00,123.94,2219.6,,4892.7,7017.4,0.1,498.1,23475.3,5546.6,22948.7
2025-06-24 02:00:00+00:00,124.92,1952.8,,4722.9,7017.7,0.1,484.6,22776.5,5300.8,22326.5
2025-06-24 03:00:00+00:00,124.92,1523.4,,4797.2,7001.0,0.1,468.7,22162.7,5071.6,21952.7
2025-06-24 04:00:00+00:00,125.21,1498.8,,4948.1,7006.0,9.3,445.8,21979.1,4698.7,22118.6
2025-06-24 05:00:00+00:00,126.1,1499.2,,5538.1,7010.0,374.0,296.0,22457.4,4368.2,23532.1
2025-06-24 06:00:00+00:00,126.73,1841.5,,5536.3,7011.0,1936.2,286.2,24229.2,4237.3,25286.6
2025-06-24 07:00:00+00:00,126.9,363.0,,5092.5,7009.0,6212.4,313.5,26335.6,3929.3,26881.1
2025-06-24 08:00:00+00:00,119.04,,,3053.7,7005.0,11366.1,424.3,28982.2,3751.2,28030.3
2025-06-24 09:00:00+00:00,100.47,,,2158.9,7000.5,14725.6,463.0,30430.4,3177.5,29092.7
2025-06-24 10:00:00+00:00,77.69,,,1948.5,6993.0,16811.0,589.1,32643.9,3422.4,30074.0
2025-06-24 11:00:00+00:00,76.75,,,1881.8,6990.5,18189.6,831.0,34716.6,3938.7,30901.9
2025-06-24 12:00:00+00:00,37.28,,,1877.1,6984.5,19094.5,981.0,36523.9,4762.1,32592.1
2025-06-24 13:00:00+00:00,16.23,,,1902.5,6981.5,19257.1,1153.6,37697.6,5668.0,32843.1
2025-06-24 14:00:00+00:00,7.5,,,1890.4,6981.2,19024.2,1389.8,38407.1,6398.4,32471.2
2025-06-24 15:00:00+00:00,7.5,,,1888.3,6979.0,18434.1,1551.8,38635.2,7050.5,32511.8
2025-06-24 16:00:00+00:00,20.06,,,1898.8,6979.0,17110.8,1615.9,38098.9,7714.6,32382.4
2025-06-24 17:00:00+00:00,71.95,,,2259.9,6985.0,14780.8,1668.2,37279.2,8389.1,31347.9
2025-06-24 18:00:00+00:00,104.61,,,3055.7,6985.0,10885.7,1484.7,34260.6,8576.0,30591.6
2025-06-24 19:00:00+00:00,125.4,384.9,,5859.3,6999.0,4893.2,1147.2,32237.3,8335.0,30628.0
2025-06-24 20:00:00+00:00,146.03,1812.7,,7364.6,7011.7,920.2,685.5,30423.0,7838.0,30652.9
2025-06-24 21:00:00+00:00,154.52,1826.6,,7759.2,7012.7,0.5,637.7,29619.4,7588.1,29582.7
2025-06-24 22:00:00+00:00,131.81,954.2,,6735.9,7013.4,0.2,610.0,27317.2,7275.5,27221.1
2025-06-24 23:00:00+00:00,129.8,1784.6,,6236.4,7001.7,0.1,436.5,27349.7,8027.3,26079.2
2025-06-25 00:00:00+00:00,118.37,1826.8,,5944.9,7004.7,0.1,414.6,25905.8,7409.4,24514.6
2025-06-25 01:00:00+00:00,116.76,1479.0,,5507.4,7007.7,0.1,369.6,24680.5,7018.1,23378.5
2025-06-25 02:00:00+00:00,116.46,1474.3,,5322.4,7010.0,0.1,368.9,23960.9,6503.5,22866.9
2025-06-25 03:00:00+00:00,116.46,1406.3,,5351.8,7013.5,0.1,368.9,23432.9,5952.4,22645.5
2025-06-25 04:00:00+00:00,117.14,1554.7,,5726.3,7015.0,0.1,368.9,23406.9,5399.6,23099.9
2025-06-25 05:00:00+00:00,119.44,2524.3,,6035.3,7015.0,289.8,325.3,24451.7,4849.3,24962.9
2025-06-25 06:00:00+00:00,125.21,2936.9,,6268.5,7017.5,2394.8,197.1,26875.7,4437.3,27220.3
2025-06-25 07:00:00+00:00,114.8,1119.1,,5691.5,7017.0,8820.7,216.3,30424.1,4077.7,29232.7
2025-06-25 08:00:00+00:00,85.23,100.0,,2937.4,7012.0,15704.4,808.7,33947.4,4171.6,30828.7
2025-06-25 09:00:00+00:00,42.63,,,2408.2,7007.0,19795.7,1514.6,38284.6,4390.3,32222.8
2025-06-25 10:00:00+00:00,27.98,,,1975.4,7004.0,21628.2,1752.5,40255.9,4998.1,32976.6
2025-06-25 11:00:00+00:00,15.0,,,1870.9,6995.2,22638.5,1868.6,42064.9,5833.0,33866.8
2025-06-25 12:00:00+00:00,5.79,,,1961.0,6992.2,23377.6,1929.3,43516.9,6445.7,34749.4
2025-06-25 13:00:00+00:00,3.52,,,1979.1,6987.2,23474.4,2037.3,43674.7,6380.7,34458.5
2025-06-25 14:00:00+00:00,2.44,,,2003.3,6981.0,23376.3,2068.6,43263.0,6018.8,34047.1
2025-06-25 15:00:00+00:00,3.52,,,2002.3,6978.0,22799.9,2069.1,43204.4,6543.7,34164.5
2025-06-25 16:00:00+00:00,4.9,,,1939.0,6979.0,21596.1,2070.9,43105.5,7705.5,34298.9
2025-06-25 17:00:00+00:00,35.0,,,2063.7,6985.2,19239.3,2060.1,41717.9,8410.8,33952.0
2025-06-25 18:00:00+00:00,96.0,,,2995.7,6985.0,14481.2,1873.8,38035.4,8492.1,32849.3
2025-06-25 19:00:00+00:00,119.26,1615.6,,6400.2,6991.0,6635.6,1520.9,35541.9,8108.4,32399.0
2025-06-25 20:00:00+00:00,150.0,2152.6,,7331.5,6995.0,1068.8,966.4,30750.4,7644.3,31647.2
2025-06-25 21:00:00+00:00,154.52,2174.0,,7607.8,6997.0,0.4,783.3,29440.3,7289.1,30416.9
2025-06-25 22:00:00+00:00,125.21,2187.1,,6702.9,6998.2,0.2,756.6,28070.7,6852.0,28109.0
2025-06-25 23:00:00+00:00,119.95,4743.2,,5817.3,6975.6,0.2,650.2,28524.9,6966.8,26677.9
2025-06-26 00:00:00+00:00,116.43,3358.6,,5275.4,6973.9,0.2,647.0,26550.9,6926.5,24822.4
2025-06-26 01:00:00+00:00,112.0,3010.8,,4288.5,6966.6,0.2,619.9,25144.2,6889.1,23912.2
2025-06-26 02:00:00+00:00,110.0,3014.9,,3779.0,6963.6,0.2,611.6,24441.9,6788.1,23455.6
2025-06-26 03:00:00+00:00,109.57,2670.3,,3617.4,6960.9,0.2,570.3,23773.1,6666.8,23140.8
2025-06-26 04:00:00+00:00,110.55,2646.2,,4067.6,6965.9,0.2,569.8,23996.0,6452.4,23422.7
2025-06-26 05:00:00+00:00,116.43,2998.5,,5508.7,6962.6,231.3,546.4,25613.1,6077.0,25239.2
2025-06-26 06:00:00+00:00,117.05,3714.8,,5575.5,6968.9,2607.2,438.5,28231.2,5606.6,27734.6
2025-06-26 07:00:00+00:00,111.53,25.0,,4727.8,6968.9,9950.3,480.2,30460.3,4932.3,29513.0
2025-06-26 08:00:00+00:00,85.0,,,2771.3,6977.4,17762.8,1133.7,36078.7,4203.0,31177.3
2025-06-26 09:00:00+00:00,50.24,,,2368.7,6977.9,21758.1,1759.9,38968.9,3117.4,32342.0
2025-06-26 10:00:00+00:00,63.0,,,1985.0,6982.9,23283.5,1920.0,39857.2,2690.8,32552.0
2025-06-26 11:00:00+00:00,62.59,,,1947.9,6984.4,24190.2,1967.2,40457.4,2389.6,33175.5
2025-06-26 12:00:00+00:00,45.64,,,1994.8,6982.1,24568.0,1985.6,40603.4,2119.0,34054.0
2025-06-26 13:00:00+00:00,37.39,,,1890.4,6979.1,24545.3,1988.0,40351.8,1997.0,34172.6
2025-06-26 14:00:00+00:00,36.2,,,1859.6,6976.9,24317.6,1986.8,40110.3,2023.6,33843.1
2025-06-26 15:00:00+00:00,37.39,60.0,,1870.7,6971.9,23659.5,1982.2,39643.0,2164.0,34010.9
2025-06-26 16:00:00+00:00,59.13,120.0,,1863.5,6968.9,22428.2,1978.8,38876.9,2574.5,33818.6
2025-06-26 17:00:00+00:00,80.09,180.0,,2004.3,6972.9,20062.6,1955.9,37454.5,3237.2,33400.7
2025-06-26 18:00:00+00:00,97.81,1502.2,,2648.8,6976.9,15091.6,1817.6,35575.5,4333.7,33108.5
2025-06-26 19:00:00+00:00,118.33,3243.3,,5809.4,6976.9,6578.5,1493.1,33401.5,5060.0,32723.9
2025-06-26 20:00:00+00:00,159.62,4364.5,,7301.5,6976.9,1135.8,928.9,30950.5,5703.7,31784.1
2025-06-26 21:00:00+00:00,157.0,4389.5,,7260.8,6976.9,1.0,704.9,30106.7,6213.9,30619.1
2025-06-26 22:00:00+00:00,119.77,4295.9,,6365.9,6986.4,9.5,676.9,29178.7,6489.4,28504.6
2025-06-26 23:00:00+00:00,115.98,4244.9,,5859.9,6980.5,0.2,655.7,28480.3,6662.8,27034.1
2025-06-27 00:00:00+00:00,111.91,3637.7,,5370.2,6978.8,0.2,655.7,27221.9,6499.1,25103.5
2025-06-27 01:00:00+00:00,111.38,2978.6,,4970.4,6971.5,0.2,655.5,25684.5,6177.5,23952.7
2025-06-27 02:00:00+00:00,111.57,3178.0,,4946.8,6968.5,0.2,655.1,24752.6,5712.2,23274.3
2025-06-27 03:00:00+00:00,111.01,2980.1,,4907.9,6965.8,0.2,653.1,23955.9,5166.0,22905.7
2025-06-27 04:00:00+00:00,111.91,3663.1,,5072.5,6970.8,0.2,622.8,24222.0,4609.1,23236.0
2025-06-27 05:00:00+00:00,113.21,3695.2,,5687.7,6967.5,259.8,609.9,25618.1,4165.8,25292.1
2025-06-27 06:00:00+00:00,115.11,3846.1,,5891.5,6973.8,2691.5,460.1,28035.6,3725.5,27978.0
2025-06-27 07:00:00+00:00,111.25,1480.0,,4928.7,6973.8,10136.1,369.9,31310.6,3411.5,29473.9
2025-06-27 08:00:00+00:00,92.91,125.0,,2283.0,6982.3,17877.1,1048.5,34451.4,2985.8,31252.6
2025-06-27 09:00:00+00:00,78.73,,,1971.7,6982.8,21592.3,1818.2,37841.1,2477.8,32094.3
2025-06-27 10:00:00+00:00,67.45,,,1894.8,6987.8,23092.7,2013.8,39497.8,2533.1,33019.8
2025-06-27 11:00:00+00:00,54.6,,,1846.2,6989.3,24109.9,2065.6,40538.2,2549.2,34256.9
2025-06-27 12:00:00+00:00,36.95,,,1896.9,6987.0,24458.7,2075.5,40986.3,2626.6,35160.3
2025-06-27 13:00:00+00:00,36.95,,,1864.6,6984.0,24432.1,2075.9,41041.9,2746.5,35006.1
2025-06-27 14:00:00+00:00,35.0,,,1847.2,6981.8,24131.0,2074.0,40876.8,2910.2,34539.4
2025-06-27 15:00:00+00:00,37.2,,,1860.4,6976.8,23438.9,2066.7,40435.2,3166.9,34588.8
2025-06-27 16:00:00+00:00,71.87,,,1849.1,6973.8,22081.2,2053.4,39452.1,3537.8,33806.1
2025-06-27 17:00:00+00:00,88.27,,,2002.0,6977.8,19589.7,2037.0,37888.4,4054.2,33421.0
2025-06-27 18:00:00+00:00,109.29,,,4310.4,6981.8,14576.7,1855.3,36132.4,5137.3,33008.3
2025-06-27 19:00:00+00:00,116.83,1759.6,,5960.6,6981.8,6459.3,1491.3,32999.6,5710.2,32001.9
2025-06-27 20:00:00+00:00,141.05,2133.4,,7067.7,6981.8,1063.6,888.8,29222.3,6351.4,31278.3
2025-06-27 21:00:00+00:00,138.56,2147.9,,6896.9,6981.8,0.6,734.1,28508.3,6992.3,30123.0
2025-06-27 22:00:00+00:00,115.31,1320.2,,6311.8,6991.3,9.4,723.2,27559.3,7314.4,28178.6
2025-06-27 23:00:00+00:00,112.96,4419.9,,5724.1,6954.1,0.2,660.5,30241.2,7847.0,27613.2
2025-06-28 00:00:00+00:00,112.92,4423.1,,5132.0,6951.1,0.2,659.3,28525.5,7691.7,25786.5
2025-06-28 01:00:00+00:00,108.5,3645.0,,4520.9,6950.1,0.2,659.1,26257.5,7152.4,24141.0
2025-06-28 02:00:00+00:00,108.25,3349.9,,4381.5,6949.1,0.2,659.0,24935.1,6408.8,23226.7
2025-06-28 03:00:00+00:00,107.04,3001.1,,4031.9,6948.9,0.2,658.9,23372.9,5686.1,22587.5
2025-06-28 04:00:00+00:00,108.0,3086.3,,4134.6,6950.4,0.2,658.7,23111.3,5264.6,22298.2
2025-06-28 05:00:00+00:00,108.0,3262.0,,4289.4,6950.1,371.5,520.3,23161.4,4763.8,22631.4
2025-06-28 06:00:00+00:00,108.0,1770.1,,4179.6,6950.4,2861.5,375.5,23504.1,4358.4,23113.9
2025-06-28 07:00:00+00:00,91.0,50.0,,2384.2,6953.1,9969.3,310.4,26487.1,3851.6,24971.4
2025-06-28 08:00:00+00:00,22.22,,,2067.9,6933.4,17314.7,914.8,32874.8,2854.5,27511.7
2025-06-28 09:00:00+00:00,6.0,,,2024.4,6936.4,21282.6,1688.7,36827.9,2193.8,29429.6
2025-06-28 10:00:00+00:00,0.83,,,1908.1,6939.4,22476.2,1929.8,37784.8,1888.4,29840.8
2025-06-28 11:00:00+00:00,0.65,,,2005.5,6937.6,22780.1,2013.2,38273.2,1896.3,30263.2
2025-06-28 12:00:00+00:00,0.65,,,2186.6,6934.6,23146.5,2057.6,38990.8,2015.3,30980.8
2025-06-28 13:00:00+00:00,0.7,,,2142.0,6933.4,23175.8,2059.6,39171.9,2207.7,31162.9
2025-06-28 14:00:00+00:00,0.65,,,2120.0,6931.4,22584.0,2061.7,38779.2,2438.5,30726.2
2025-06-28 15:00:00+00:00,2.12,,,1934.0,6931.9,22443.5,2051.4,38951.0,2901.2,30508.9
2025-06-28 16:00:00+00:00,10.26,,,1939.9,6936.6,21041.3,2039.0,38728.1,4065.4,30848.9
2025-06-28 17:00:00+00:00,46.0,,,2060.4,6940.4,18361.7,2025.6,36998.6,4546.2,30569.8
2025-06-28 18:00:00+00:00,96.26,,,2587.2,6944.4,13195.1,1890.2,33396.5,5736.2,29477.6
2025-06-28 19:00:00+00:00,111.38,741.3,,5502.7,6948.4,5759.1,1448.1,31432.9,6669.7,29389.8
2025-06-28 20:00:00+00:00,131.33,1450.4,,6417.2,6950.4,1231.6,949.8,29287.6,7530.2,29112.9
2025-06-28 21:00:00+00:00,132.65,1462.4,,6540.0,6947.6,1.0,784.3,28657.6,8105.3,28505.8
2025-06-28 22:00:00+00:00,115.0,1465.8,,6309.7,6942.1,9.4,764.2,28452.3,8245.8,26945.1
2025-06-28 23:00:00+00:00,111.38,4038.3,,5108.2,6981.3,0.2,622.3,28755.9,7477.1,26311.4
2025-06-29 00:00:00+00:00,108.02,3942.0,,4569.4,6949.6,0.2,622.2,27039.1,7082.7,24686.3
2025-06-29 01:00:00+00:00,107.0,3751.3,,4099.6,6939.6,0.2,621.7,25074.7,6369.0,23235.2
2025-06-29 02:00:00+00:00,106.06,3347.7,,3992.4,6860.6,0.2,621.4,23648.4,5598.1,22449.7
2025-06-29 03:00:00+00:00,107.0,3556.7,,3936.0,6683.3,0.1,610.2,22717.3,4774.1,21797.9
2025-06-29 04:00:00+00:00,108.02,3699.2,,4243.1,6472.6,0.1,526.9,22311.2,4213.1,21543.2
2025-06-29 05:00:00+00:00,109.98,3700.7,,4531.3,6468.8,356.3,253.4,22122.8,3688.9,21359.7
2025-06-29 06:00:00+00:00,107.04,2250.0,,4056.2,6471.1,2502.2,183.1,21913.3,3310.9,21263.1
2025-06-29 07:00:00+00:00,81.0,,,2201.3,6472.8,9321.4,157.8,23997.1,2720.6,22680.1
2025-06-29 08:00:00+00:00,20.0,,,1941.1,6453.1,16860.9,830.0,30983.8,2099.1,25211.9
2025-06-29 09:00:00+00:00,3.5,,,1713.4,6456.1,20561.9,1726.3,34567.8,1434.9,26710.8
2025-06-29 10:00:00+00:00,0.85,,,1675.9,6457.6,21635.9,1956.9,35667.9,1294.5,27570.6
2025-06-29 11:00:00+00:00,0.85,,,1628.2,6458.6,22441.8,2013.0,36581.1,1384.6,28388.6
2025-06-29 12:00:00+00:00,3.5,,,1620.3,6456.3,23349.9,2025.0,37806.8,1654.4,29609.8
2025-06-29 13:00:00+00:00,4.31,,,1615.9,6455.3,23021.4,2023.7,38079.8,2257.4,30174.0
2025-06-29 14:00:00+00:00,4.31,,,1602.8,6453.3,22346.2,2026.5,37814.0,2679.8,29898.0
2025-06-29 15:00:00+00:00,5.0,,,1588.0,6453.1,21205.5,2014.1,37209.1,3255.4,29822.1
2025-06-29 16:00:00+00:00,20.0,60.0,,1425.7,6457.6,19489.2,1994.5,36306.5,4126.5,29999.9
2025-06-29 17:00:00+00:00,66.27,120.0,,1937.9,6459.6,16840.0,1973.8,35377.3,4960.6,29593.9
2025-06-29 18:00:00+00:00,102.14,183.2,,3302.8,6476.1,11904.9,1813.3,32708.2,5935.2,29078.7
2025-06-29 19:00:00+00:00,111.98,3547.4,,5488.7,6517.6,5045.0,1426.5,33034.6,6142.0,29313.4
2025-06-29 20:00:00+00:00,129.45,3946.7,,6482.0,6574.1,1132.0,929.4,29866.8,5847.0,30237.4
2025-06-29 21:00:00+00:00,154.52,3969.8,,7266.8,6619.1,0.4,774.8,29034.6,5433.0,29899.0
2025-06-29 22:00:00+00:00,133.61,3988.9,,6237.5,6643.8,9.5,763.2,27649.4,5043.8,28158.3
2025-06-29 23:00:00+00:00,125.5,6138.4,,5353.1,6718.6,15.0,649.8,27789.0,5102.0,26502.5
2025-03-31 23:00:00+00:00,90.0,,,8097.0,6105.5,8.2,589.1,21150.1,2968.5,24105.3
2025-04-01 00:00:00+00:00,75.78,,,7407.9,6106.5,12.2,589.4,20294.1,2793.2,22779.4
2025-04-01 01:00:00+00:00,70.03,,,6769.1,6106.5,12.2,589.6,19701.9,2833.2,21710.7
2025-04-01 02:00:00+00:00,60.48,,,6758.6,6107.5,12.2,589.6,19657.8,2797.4,21378.6
2025-04-01 03:00:00+00:00,61.59,,,6832.8,6107.5,12.2,574.6,19685.2,2755.5,21376.1
2025-04-01 04:00:00+00:00,68.2,,,6979.9,6108.5,12.3,511.7,19739.1,2651.0,22074.6
2025-04-01 05:00:00+00:00,84.2,,,8131.0,6108.5,200.6,281.6,20955.7,2584.4,24555.5
2025-04-01 06:00:00+00:00,155.5,748.0,,9345.1,6107.5,347.8,230.5,22993.6,2525.2,27590.6
2025-04-01 07:00:00+00:00,159.37,747.0,,9305.9,6109.5,2236.0,232.3,24696.6,2393.1,29109.5
2025-04-01 08:00:00+00:00,87.97,,,7555.5,6107.5,8165.9,272.8,27285.2,1922.5,29715.5
2025-04-01 09:00:00+00:00,38.1,,,4190.6,6107.5,13718.1,552.9,28915.4,1474.3,29554.7
2025-04-01 10:00:00+00:00,5.2,,,3992.6,6107.5,16561.0,938.2,31148.0,1247.9,29462.7
2025-04-01 11:00:00+00:00,0.0,,,3916.6,6107.5,16841.0,1030.5,31271.1,1125.4,29184.1
2025-04-01 12:00:00+00:00,0.0,,,3805.2,6104.5,16567.9,1054.3,30908.8,1265.0,28891.8
2025-04-01 13:00:00+00:00,-0.01,,,3757.2,6102.5,15875.3,1129.3,30471.0,1541.2,28446.0
2025-04-01 14:00:00+00:00,-0.07,,,3743.0,6100.5,15455.6,1197.9,30474.7,1927.6,27861.9
2025-04-01 15:00:00+00:00,-0.01,,,3764.1,6100.5,14819.0,1214.5,30294.6,2346.7,27797.1
2025-04-01 16:00:00+00:00,-0.01,,,3914.7,6099.5,13964.2,1234.7,30061.4,2804.6,27999.9
2025-04-01 17:00:00+00:00,17.9,,,6201.9,6099.5,11805.2,998.6,32289.6,4494.4,28522.7
2025-04-01 18:00:00+00:00,53.71,,,8070.2,6100.5,5377.4,846.3,29297.2,4912.2,29530.7
2025-04-01 19:00:00+00:00,114.96,153.1,,8952.6,6101.5,720.9,659.3,26444.6,5704.9,30176.2
2025-04-01 20:00:00+00:00,120.93,362.0,,9591.8,6102.5,93.5,509.2,27007.4,6158.4,30374.6
2025-04-01 21:00:00+00:00,84.2,,,8763.4,6102.5,5.3,472.7,25867.5,6353.3,28396.7
2025-04-01 22:00:00+00:00,58.44,,,8171.1,6104.5,5.3,470.5,25026.9,6295.0,26044.1
2025-04-01 23:00:00+00:00,38.11,,,7556.0,6108.0,,444.5,23794.4,6103.6,24360.4
2025-04-02 00:00:00+00:00,26.34,,,7229.9,6108.0,,444.5,23077.5,6088.1,23108.3
2025-04-02 01:00:00+00:00,26.1,,,6609.3,6108.0,,444.5,22155.6,5915.4,22098.7
2025-04-02 02:00:00+00:00,20.0,,,6625.7,6108.0,,444.4,21744.6,5621.7,21740.7
2025-04-02 03:00:00+00:00,20.0,,,6633.8,6109.0,,444.4,21463.5,5326.6,21726.6
2025-04-02 04:00:00+00:00,26.34,,,7110.7,6107.0,4.0,444.4,22033.9,5175.9,22217.8
2025-04-02 05:00:00+00:00,39.87,,,8494.1,6109.0,0.8,444.4,23993.8,5125.0,24870.0
2025-04-02 06:00:00+00:00,90.08,,,9202.7,6108.0,122.8,394.8,25008.4,4987.9,28149.2
2025-04-02 07:00:00+00:00,104.9,,,8922.6,6110.0,1793.1,232.1,26497.9,5217.0,29307.2
2025-04-02 08:00:00+00:00,54.33,,,6909.9,6108.0,6509.0,265.0,29591.6,5848.1,30002.8
2025-04-02 09:00:00+00:00,21.15,,,4057.6,6107.0,11056.6,478.2,30536.2,6348.5,30027.8
2025-04-02 10:00:00+00:00,1.0,,,3665.3,6109.0,13338.1,675.8,31933.2,5667.6,29227.2
2025-04-02 11:00:00+00:00,0.0,,,3551.2,6108.0,13862.9,769.6,32305.3,5735.5,28806.2
2025-04-02 12:00:00+00:00,0.0,,,3443.2,6108.0,13895.9,839.5,32429.2,6036.3,28741.8
2025-04-02 13:00:00+00:00,-0.01,,,3394.3,6107.0,13139.2,861.9,32113.8,6484.2,28184.7
2025-04-02 14:00:00+00:00,-0.02,,,3346.9,6107.0,12430.6,857.5,31822.1,6961.3,27645.3
2025-04-02 15:00:00+00:00,-0.01,,,3361.4,6107.0,11692.9,806.1,31747.4,7659.7,27468.5
2025-04-02 16:00:00+00:00,0.04,,,3560.8,6107.0,10502.4,754.5,32132.4,8819.5,27852.5
2025-04-02 17:00:00+00:00,7.96,,,5526.4,6108.0,7531.6,625.6,34258.9,11954.5,28681.0
2025-04-02 18:00:00+00:00,32.96,,,7400.8,6107.0,3318.4,537.6,33777.6,12603.3,29741.0
2025-04-02 19:00:00+00:00,53.11,,,8571.9,6108.0,643.3,346.2,32465.3,12747.3,31118.7
2025-04-02 20:00:00+00:00,49.23,,,8590.3,6108.0,0.1,437.5,32312.1,13277.4,31877.0
2025-04-02 21:00:00+00:00,32.95,,,8384.7,6107.0,5.1,422.6,31949.6,13216.5,29123.3
2025-04-02 22:00:00+00:00,27.3,,,8094.3,6108.0,5.1,420.4,31211.4,12877.0,26303.6
2025-04-02 23:00:00+00:00,20.37,,,7285.8,4303.2,,444.3,27601.7,12320.3,24521.7
2025-04-03 00:00:00+00:00,19.07,,,7171.7,4303.2,,444.3,27200.3,12139.5,23063.9
2025-04-03 01:00:00+00:00,16.32,,,6451.6,4304.2,,424.3,25938.4,11961.6,22268.7
2025-04-03 02:00:00+00:00,12.27,,,6360.4,4302.2,,424.3,25376.1,11497.5,21785.4
2025-04-03 03:00:00+00:00,9.07,,,6332.4,4304.2,,424.3,24949.0,11099.3,21854.0
2025-04-03 04:00:00+00:00,11.94,,,7682.8,4303.2,,424.3,26018.5,10820.0,22363.8
2025-04-03 05:00:00+00:00,19.7,,,8044.6,4304.2,0.8,379.3,26728.8,10614.8,24876.8
2025-04-03 06:00:00+00:00,38.11,,,8134.0,6099.2,81.2,294.7,28790.5,10487.5,28902.1
2025-04-03 07:00:00+00:00,56.33,,,8187.9,6100.2,897.1,132.1,29574.6,10374.3,30379.4
2025-04-03 08:00:00+00:00,38.11,,,7756.9,6099.2,3497.5,140.6,31008.7,9851.8,30305.6
2025-04-03 09:00:00+00:00,28.96,,,5182.5,4303.2,7076.6,290.8,29873.2,9655.8,30117.5
2025-04-03 10:00:00+00:00,3.52,,,4394.9,4304.2,9714.9,322.8,29226.0,8010.2,30092.3
2025-04-03 11:00:00+00:00,0.5,,,4323.6,4303.2,10802.9,364.8,29804.8,7591.2,29585.0
2025-04-03 12:00:00+00:00,0.0,,,4071.7,4303.2,11415.4,368.8,29857.3,7361.9,29340.4
2025-04-03 13:00:00+00:00,0.0,,,3955.0,4302.2,11493.7,380.4,29291.6,7011.4,28922.9
2025-04-03 14:00:00+00:00,0.0,,,3943.1,4302.2,11440.3,392.2,29042.9,6854.7,28298.3
2025-04-03 15:00:00+00:00,1.87,,,4073.5,4303.2,11604.7,410.6,30699.7,7851.7,28008.6
2025-04-03 16:00:00+00:00,5.0,,,4261.9,4303.2,10255.9,455.1,31587.6,9836.1,28452.0
2025-04-03 17:00:00+00:00,10.06,,,7031.8,4303.2,7338.4,464.5,31849.7,10121.8,29165.4
2025-04-03 18:00:00+00:00,35.0,,,7739.9,5001.0,3288.2,403.5,30708.3,10526.5,30318.5
2025-04-03 19:00:00+00:00,80.0,,,8613.6,6099.2,467.5,500.7,31059.7,11306.2,31313.3
2025-04-03 20:00:00+00:00,79.0,,,8496.3,6099.2,13.3,436.7,31289.6,12210.1,31695.0
2025-04-03 21:00:00+00:00,35.01,,,7741.3,5905.9,5.1,422.6,30608.5,12833.8,29814.0
2025-04-03 22:00:00+00:00,10.1,,,7818.9,4302.2,5.1,420.4,28758.8,13308.9,26999.9
2025-04-03 23:00:00+00:00,3.6,,167.0,6645.7,3951.3,,454.3,28113.0,14443.1,24149.3
2025-04-04 00:00:00+00:00,3.52,,166.0,6311.6,3592.7,,454.3,26189.0,13233.2,22713.3
2025-04-04 01:00:00+00:00,3.52,,165.0,6027.6,3593.7,,434.5,24857.5,12220.3,21720.7
2025-04-04 02:00:00+00:00,3.51,,,6021.2,3593.7,,434.2,24400.0,11936.5,21266.5
2025-04-04 03:00:00+00:00,3.52,,,6014.5,3594.7,,434.1,23936.4,11474.9,21190.8
2025-04-04 04:00:00+00:00,3.52,,,6182.8,3593.7,,434.1,24178.0,11540.4,21815.7
2025-04-04 05:00:00+00:00,3.52,,,7478.6,3594.7,0.4,344.1,25842.5,11704.2,24398.0
2025-04-04 06:00:00+00:00,35.0,,,8327.3,3715.8,137.0,294.6,28718.1,12418.5,28463.1
2025-04-04 07:00:00+00:00,35.01,,,8442.4,4855.5,1474.2,132.0,30740.8,11999.2,30430.8
2025-04-04 08:00:00+00:00,18.83,,,8263.7,3593.7,5175.5,73.6,32225.3,11530.7,30758.7
2025-04-04 09:00:00+00:00,4.73,,,7414.7,3593.7,9152.9,302.1,33330.2,10467.0,30016.3
2025-04-04 10:00:00+00:00,3.52,,,5489.4,3594.7,11568.7,370.2,32996.4,9605.9,29399.7
2025-04-04 11:00:00+00:00,0.0,,,4498.3,3592.7,12039.3,393.4,30411.1,7813.2,29131.2
2025-04-04 12:00:00+00:00,-0.01,,,4413.8,3592.7,12146.4,429.6,30223.1,7624.4,28760.7
2025-04-04 13:00:00+00:00,-0.02,,,4388.7,3591.7,12541.0,418.8,30762.3,7808.4,28207.4
2025-04-04 14:00:00+00:00,-0.01,,,4380.7,3589.7,13296.7,443.1,31862.7,8139.8,27281.0
2025-04-04 15:00:00+00:00,0.0,,,4427.1,3590.7,12862.5,459.7,31533.2,8181.9,27051.4
2025-04-04 16:00:00+00:00,0.01,,,4586.9,3589.7,12751.5,579.7,33484.5,9599.1,27407.7
2025-04-04 17:00:00+00:00,0.65,,,6665.9,3589.7,10148.4,647.6,33037.6,9574.0,28261.9
2025-04-04 18:00:00+00:00,6.3,,,8237.4,3590.7,5282.2,582.8,32548.2,12084.0,29220.8
2025-04-04 19:00:00+00:00,35.01,,,8407.8,5076.5,855.9,606.2,31021.6,12026.4,30065.0
2025-04-04 20:00:00+00:00,50.02,,,8447.6,5388.7,6.0,499.3,30214.9,11828.7,30539.9
2025-04-04 21:00:00+00:00,35.01,,,8219.2,4956.5,5.1,443.7,29448.3,11806.8,28115.0
2025-04-04 22:00:00+00:00,20.91,,,8157.0,3592.7,5.1,430.5,27764.2,11922.8,25690.9
2025-04-04 23:00:00+00:00,35.0,,,7867.2,3762.8,,371.3,26280.5,11087.7,23651.4
2025-04-05 00:00:00+00:00,19.97,,,7677.6,3593.7,,371.5,25708.5,11110.7,22185.3
2025-04-05 01:00:00+00:00,19.1,,,7395.8,3593.7,8.2,351.5,24826.9,11140.3,21034.1
2025-04-05 02:00:00+00:00,19.34,,,6723.3,3593.7,,351.4,24322.8,11040.9,20304.0
2025-04-05 03:00:00+00:00,13.2,,,6635.2,3594.7,8.2,351.4,23698.9,10810.0,19980.1
2025-04-05 04:00:00+00:00,16.4,,,6756.9,3594.7,8.2,351.4,23689.7,10683.3,19877.0
2025-04-05 05:00:00+00:00,19.75,,,7044.3,3594.7,8.4,351.4,24142.6,10371.7,20756.5
2025-04-05 06:00:00+00:00,20.3,,,7488.0,3593.7,71.1,356.8,24634.0,9927.7,21864.8
2025-04-05 07:00:00+00:00,21.46,,,7566.7,3595.7,1828.0,359.2,26063.1,9368.9,22975.4
2025-04-05 08:00:00+00:00,10.0,,,6161.6,3593.7,7759.9,418.7,29413.2,9148.9,24582.8
2025-04-05 09:00:00+00:00,0.66,,,5239.0,3593.7,12735.6,550.5,31087.7,6802.8,25114.0
2025-04-05 10:00:00+00:00,-0.13,,,3822.9,3594.7,13389.3,680.2,28829.9,5401.2,24826.5
2025-04-05 11:00:00+00:00,-0.3,,,3771.5,3593.7,14211.9,741.1,29120.6,4861.8,24509.7
2025-04-05 12:00:00+00:00,-1.0,,,3723.9,3593.7,14022.2,805.8,28045.9,4038.7,24534.3
2025-04-05 13:00:00+00:00,-1.01,,,3679.6,3592.7,13834.8,893.3,27475.0,3675.4,24152.5
2025-04-05 14:00:00+00:00,-1.2,,,3665.1,3591.7,13366.2,903.2,26772.4,3462.3,23171.8
2025-04-05 15:00:00+00:00,-1.0,,,3679.4,3591.7,12846.1,949.2,26233.7,3377.5,22669.0
2025-04-05 16:00:00+00:00,0.1,,,3857.1,3591.7,14215.3,978.1,29086.7,4270.7,22998.2
2025-04-05 17:00:00+00:00,10.0,,,5284.1,3592.7,11496.9,936.0,29011.0,5430.6,23844.3
2025-04-05 18:00:00+00:00,46.49,,,7156.8,5388.7,5637.9,786.1,27992.8,5082.5,25210.6
2025-04-05 19:00:00+00:00,95.61,,,8656.1,5389.7,934.4,601.1,24624.6,4994.4,26107.9
2025-04-05 20:00:00+00:00,95.61,,,8752.5,5389.7,13.1,451.6,23761.4,5123.4,27091.5
2025-04-05 21:00:00+00:00,78.99,,,8502.8,5389.7,13.3,424.4,23560.1,5257.8,25597.1
2025-04-05 22:00:00+00:00,68.75,,,8616.8,5390.7,17.3,421.6,23884.2,5474.5,23667.6
2025-04-05 23:00:00+00:00,70.45,,,8352.4,5388.7,8.2,391.6,23118.7,5645.1,21875.7
2025-04-06 00:00:00+00:00,46.21,,,7708.1,5390.7,12.2,391.6,22365.0,5521.9,20372.9
2025-04-06 01:00:00+00:00,35.01,,,7001.2,5196.5,4.0,371.7,21503.7,5605.1,19232.9
2025-04-06 02:00:00+00:00,27.01,,,6798.0,3593.7,,371.6,19473.2,5537.6,18628.3
2025-04-06 03:00:00+00:00,25.5,,,6779.0,3594.7,,371.5,18522.3,5403.3,18365.6
2025-04-06 04:00:00+00:00,25.57,,,7063.4,3593.7,4.0,371.6,18663.0,5231.6,18422.3
2025-04-06 05:00:00+00:00,26.51,,,7464.0,3595.7,0.3,371.6,19471.9,5048.6,19024.2
2025-04-06 06:00:00+00:00,28.87,,,7446.5,3594.7,257.8,397.0,19863.0,4860.5,19523.2
2025-04-06 07:00:00+00:00,26.25,,,7128.6,3594.7,2805.4,399.3,21581.2,4663.0,20298.7
2025-04-06 08:00:00+00:00,0.1,,,4862.3,3594.7,9265.2,447.1,23700.5,3442.3,21822.9
2025-04-06 09:00:00+00:00,-1.01,,,4002.1,3593.7,11982.0,632.1,24707.6,2578.8,22439.3
2025-04-06 10:00:00+00:00,-1.54,,,3856.6,3594.7,13528.9,865.9,25934.6,2169.2,22809.5
2025-04-06 11:00:00+00:00,-1.54,,,3852.6,3593.7,13826.3,967.8,26207.4,2037.8,22800.0
2025-04-06 12:00:00+00:00,-1.0,,,3848.5,3592.7,13835.5,954.7,26308.6,2137.1,23264.4
2025-04-06 13:00:00+00:00,-1.0,,,3840.9,3592.7,13552.4,851.5,25986.8,2195.2,23213.0
2025-04-06 14:00:00+00:00,-1.32,,,3814.7,3590.7,12318.8,774.4,24566.2,2164.8,22106.3
2025-04-06 15:00:00+00:00,-1.49,,,3841.0,3590.7,11339.8,720.0,23687.6,2317.7,21523.7
2025-04-06 16:00:00+00:00,-0.01,,,5557.7,3590.7,11569.8,751.4,26311.7,2958.2,21783.0
2025-04-06 17:00:00+00:00,8.26,,,6762.3,3590.7,9946.7,714.7,27535.7,4359.2,22730.6
2025-04-06 18:00:00+00:00,35.2,,,7862.8,5386.7,4910.0,651.7,27075.5,4785.8,24748.7
2025-04-06 19:00:00+00:00,75.0,,,9250.4,5387.7,968.3,604.8,25606.6,5562.9,26397.9
2025-04-06 20:00:00+00:00,80.0,,,9308.3,5388.7,8.3,498.7,25281.5,6225.6,27636.4
2025-04-06 21:00:00+00:00,70.01,,,9267.9,5387.7,17.3,466.0,25518.3,6550.0,25948.6
2025-04-06 22:00:00+00:00,66.38,,,8601.7,5388.7,17.3,450.8,25111.5,6828.8,23764.7
2025-04-06 23:00:00+00:00,48.37,,,7806.8,5301.3,,427.2,24341.2,7417.4,22444.6
2025-04-07 00:00:00+00:00,41.9,,,7309.9,5391.3,12.2,417.5,22850.0,7116.3,20928.4
2025-04-07 01:00:00+00:00,43.32,,,7249.2,5481.3,12.2,397.5,22382.1,6633.4,20132.9
2025-04-07 02:00:00+00:00,39.54,,,7079.9,5571.3,,386.4,21542.1,6055.8,19713.7
2025-04-07 03:00:00+00:00,39.74,,,7085.5,5662.3,,371.4,21027.1,5456.3,19855.1
2025-04-07 04:00:00+00:00,46.22,,,7208.6,5727.3,4.0,371.4,21474.1,4913.4,20694.6
2025-04-07 05:00:00+00:00,70.1,,,9194.5,5788.3,4.4,371.4,23631.3,4587.4,23658.1
2025-04-07 06:00:00+00:00,159.86,,,9948.4,5848.3,423.2,389.2,24673.0,4106.8,26713.3
2025-04-07 07:00:00+00:00,143.04,,,9961.3,5908.3,3487.3,394.3,27234.2,3634.1,28829.3
2025-04-07 08:00:00+00:00,60.0,,,7973.6,5968.3,11622.3,477.6,32225.8,2380.8,30101.7
2025-04-07 09:00:00+00:00,17.43,,,6771.7,6027.3,17910.0,1000.5,35989.7,1841.8,29711.8
2025-04-07 10:00:00+00:00,3.01,,,5761.4,5987.9,20824.6,1504.3,37934.4,1361.6,29240.3
2025-04-07 11:00:00+00:00,0.01,,,5212.7,6113.8,21095.2,1813.3,37859.2,1174.5,28887.8
2025-04-07 12:00:00+00:00,0.0,,,5135.1,6112.8,21007.3,1836.5,37671.5,1130.8,28688.9
2025-04-07 13:00:00+00:00,0.0,,,5088.3,6111.8,19966.6,1810.9,36438.5,1121.2,28243.9
2025-04-07 14:00:00+00:00,0.0,,,5102.4,6111.8,19574.6,1764.8,36119.7,1198.1,27520.4
2025-04-07 15:00:00+00:00,0.0,,,5127.8,6111.8,19016.0,1718.2,35695.3,1322.3,27141.7
2025-04-07 16:00:00+00:00,1.51,,,5246.0,6110.8,18388.3,1740.4,35723.7,1704.1,27541.3
2025-04-07 17:00:00+00:00,20.0,1.0,,6690.9,6111.8,15145.7,1741.6,34424.1,2182.9,28024.2
2025-04-07 18:00:00+00:00,69.1,116.6,,8620.4,6111.8,8077.3,1537.8,31525.4,3008.6,28405.9
2025-04-07 19:00:00+00:00,156.0,350.9,,10267.3,6112.8,1726.8,992.8,27327.8,3736.9,29603.3
2025-04-07 20:00:00+00:00,170.01,354.3,,10429.4,6111.8,160.9,658.7,25961.1,4080.7,29878.4
2025-04-07 21:00:00+00:00,118.34,357.2,,9754.9,6112.8,17.4,583.4,25101.4,4119.7,27847.0
2025-04-07 22:00:00+00:00,99.84,50.0,,8873.4,6112.8,17.4,514.5,23596.3,3932.3,25217.3
2025-04-07 23:00:00+00:00,83.0,,,8036.9,6091.5,6.2,550.1,22265.0,3797.2,23294.4
2025-04-08 00:00:00+00:00,71.8,,,7457.4,6091.5,10.4,531.8,21431.1,3629.1,22020.2
2025-04-08 01:00:00+00:00,69.07,,,7404.7,6092.5,2.2,501.6,21227.3,3529.0,21058.4
2025-04-08 02:00:00+00:00,57.65,,,7384.6,6092.5,6.2,478.3,21116.7,3462.4,20771.1
2025-04-08 03:00:00+00:00,51.22,,,7428.1,6093.5,6.2,432.2,21201.9,3591.0,20801.4
2025-04-08 04:00:00+00:00,53.16,,,9037.0,6092.5,6.2,384.2,23083.5,3826.8,21435.0
2025-04-08 05:00:00+00:00,60.5,,,9576.0,6093.5,6.6,334.2,23865.2,4083.7,24212.3
2025-04-08 06:00:00+00:00,131.17,,,10185.7,6092.5,427.8,139.7,25272.1,4368.0,27142.0
2025-04-08 07:00:00+00:00,104.0,,,9736.7,6093.5,3791.6,144.7,28246.3,4461.6,29168.8
2025-04-08 08:00:00+00:00,36.88,,,7178.9,6092.5,12263.6,310.0,32567.0,3886.4,30022.2
2025-04-08 09:00:00+00:00,0.65,,,5998.0,6092.5,18525.5,1134.7,37384.5,3039.9,29874.7
2025-04-08 10:00:00+00:00,-0.01,,,5295.2,6093.5,18510.5,1687.7,36211.3,2365.7,29351.1
2025-04-08 11:00:00+00:00,-0.86,,,5068.3,6091.5,18185.7,1810.2,35545.8,2126.4,28670.9
2025-04-08 12:00:00+00:00,-1.01,,,4995.7,6091.5,18070.2,1825.1,35192.1,2012.5,28496.9
2025-04-08 13:00:00+00:00,-1.02,,,4994.9,6090.5,17628.2,1827.3,34825.8,2065.9,28132.5
2025-04-08 14:00:00+00:00,-1.01,,,4984.2,6088.5,17439.9,1802.7,34711.3,2182.2,27460.1
2025-04-08 15:00:00+00:00,-1.0,,,5034.8,6089.5,17088.8,1796.9,34588.0,2343.8,27233.8
2025-04-08 16:00:00+00:00,-0.01,,,5251.7,6088.5,17355.7,1809.1,35592.3,2867.5,27941.5
2025-04-08 17:00:00+00:00,0.01,,,6739.7,6088.5,15498.4,1727.7,36102.8,3521.0,28141.9
2025-04-08 18:00:00+00:00,33.68,,,7860.4,6089.5,8597.1,1494.9,31994.3,5007.9,28779.6
2025-04-08 19:00:00+00:00,117.6,,,10249.0,6089.5,1705.9,910.4,29105.0,5905.8,30285.4
2025-04-08 20:00:00+00:00,123.49,,,10373.0,6090.5,57.4,695.4,27662.7,6199.1,30341.9
2025-04-08 21:00:00+00:00,85.95,,,9830.9,6089.5,11.5,664.0,26952.8,6128.7,27886.7
2025-04-08 22:00:00+00:00,69.22,,,9539.8,6091.5,11.5,663.6,26490.3,6047.7,25656.4
2025-04-08 23:00:00+00:00,50.13,,,7719.2,6097.7,2.2,677.7,24615.8,6081.3,23413.5
2025-04-09 00:00:00+00:00,37.0,,,7334.8,6099.7,6.2,677.6,24074.3,5955.2,22339.6
2025-04-09 01:00:00+00:00,33.68,,,7229.9,6098.7,6.2,623.4,23636.1,5732.6,21568.9
2025-04-09 02:00:00+00:00,32.06,,,7213.4,6099.7,2.4,594.1,23343.0,5489.9,21012.6
2025-04-09 03:00:00+00:00,28.46,,,7832.0,6100.7,2.2,576.9,23593.4,5220.9,21057.5
2025-04-09 04:00:00+00:00,28.9,,,8451.4,6099.7,6.2,536.5,23921.5,4946.1,21674.9
2025-04-09 05:00:00+00:00,37.0,,,9578.5,6100.7,3.2,482.6,24970.2,4772.9,24411.0
2025-04-09 06:00:00+00:00,86.96,,,9777.4,6099.7,335.7,151.7,25114.2,4665.8,27472.3
2025-04-09 07:00:00+00:00,98.21,,,9642.4,6101.7,3572.5,200.7,27846.8,4226.7,28829.7
2025-04-09 08:00:00+00:00,33.68,,,7121.1,6099.7,11408.9,357.9,32496.8,3564.6,29585.6
2025-04-09 09:00:00+00:00,5.8,,,5790.3,6099.7,17981.9,1029.0,36640.8,3165.7,29299.8
2025-04-09 10:00:00+00:00,-0.01,,,5214.6,6100.7,18829.5,1546.2,36012.8,2102.6,28335.2
2025-04-09 11:00:00+00:00,-0.01,,,5153.9,6098.7,18962.0,1737.1,36216.8,2034.7,27950.5
2025-04-09 12:00:00+00:00,-0.02,,,5123.5,6097.7,19229.8,1766.1,36524.7,2067.3,27823.7
2025-04-09 13:00:00+00:00,-0.2,,,5099.0,6096.7,18799.9,1797.4,36139.5,2114.8,27286.0
2025-04-09 14:00:00+00:00,-0.5,,,5086.8,6093.7,18181.1,1769.5,35534.6,2177.9,26568.8
2025-04-09 15:00:00+00:00,-0.02,,,5094.0,6093.7,17725.4,1735.7,35207.4,2346.7,26228.3
2025-04-09 16:00:00+00:00,0.0,,,5348.4,6093.7,17369.7,1696.4,35654.2,2773.5,26403.6
2025-04-09 17:00:00+00:00,9.81,,,6360.0,6093.7,13932.7,1601.8,34767.9,4203.5,27051.0
2025-04-09 18:00:00+00:00,37.0,,,8095.8,6094.7,7051.2,1369.1,31690.7,5229.1,28072.2
2025-04-09 19:00:00+00:00,70.0,,,10122.2,6094.7,1238.7,848.2,29127.7,6463.2,29666.3
2025-04-09 20:00:00+00:00,89.0,,,10245.5,6095.7,15.8,661.9,28896.0,7456.0,30667.7
2025-04-09 21:00:00+00:00,53.96,,,9899.4,6096.7,2.2,634.6,29202.9,8187.5,28373.5
2025-04-09 22:00:00+00:00,36.64,,,8843.9,6096.7,2.2,570.7,28307.6,8921.9,25342.8
2025-04-09 23:00:00+00:00,33.68,,167.0,7463.9,4305.7,10.2,620.5,25668.8,9340.0,23396.2
2025-04-10 00:00:00+00:00,28.46,,166.0,7393.7,4305.7,6.2,572.6,25549.5,9529.2,22018.2
2025-04-10 01:00:00+00:00,21.46,,165.0,7294.6,4306.7,6.2,514.8,24818.5,9472.9,21257.3
2025-04-10 02:00:00+00:00,20.08,,,7229.8,4305.7,10.4,511.6,24337.8,9222.4,20707.3
2025-04-10 03:00:00+00:00,18.36,,,7429.6,4306.7,8.2,482.1,24277.7,9068.8,20804.3
2025-04-10 04:00:00+00:00,17.46,,,7849.5,4305.7,8.2,474.5,24673.7,9113.1,21433.0
2025-04-10 05:00:00+00:00,15.0,,,9922.0,4307.7,4.5,444.5,26803.7,9222.6,24455.7
2025-04-10 06:00:00+00:00,35.01,,,9588.9,5695.0,305.1,123.9,28858.6,9341.3,28362.7
2025-04-10 07:00:00+00:00,37.5,,,8589.9,6100.7,2416.6,126.3,30492.9,9321.7,29534.1
2025-04-10 08:00:00+00:00,30.48,,,7235.1,4305.7,7838.6,91.5,32328.9,9102.9,29804.6
2025-04-10 09:00:00+00:00,10.99,,,6290.1,4306.7,12334.5,226.1,34548.1,8719.9,29319.5
2025-04-10 10:00:00+00:00,0.65,,,5515.4,4306.7,15022.8,375.4,34554.1,6761.5,28520.5
2025-04-10 11:00:00+00:00,0.0,,,5436.0,4305.7,15644.7,474.3,34447.8,6202.8,28262.1
2025-04-10 12:00:00+00:00,0.0,,,5396.1,4305.7,15639.7,593.4,34368.4,6133.5,28104.7
2025-04-10 13:00:00+00:00,-0.01,,,5344.2,4304.7,15312.3,697.2,34326.7,6354.2,27546.4
2025-04-10 14:00:00+00:00,-0.01,,,5333.8,4303.7,14988.4,724.7,34420.3,6714.9,26748.3
2025-04-10 15:00:00+00:00,0.0,,,5371.2,4304.7,13782.6,847.8,33738.0,7077.2,26426.6
2025-04-10 16:00:00+00:00,0.0,,,5618.7,4304.7,12844.3,888.6,34529.0,8281.2,26928.4
2025-04-10 17:00:00+00:00,4.99,,,6692.4,4304.7,9866.8,882.7,35769.4,11335.6,27643.5
2025-04-10 18:00:00+00:00,20.3,,,8604.6,4304.7,4892.0,700.4,34143.9,12404.1,28641.5
2025-04-10 19:00:00+00:00,38.54,,,9668.7,6097.7,969.7,421.4,34035.5,12723.8,30877.6
2025-04-10 20:00:00+00:00,50.82,,,9677.1,6098.7,6.6,378.9,33290.7,12817.2,31334.8
2025-04-10 21:00:00+00:00,43.3,,,8666.1,6097.7,6.2,293.2,31761.3,12421.9,28674.1
2025-04-10 22:00:00+00:00,33.68,,,8526.4,4304.7,6.2,272.7,28982.9,11945.0,25872.1
2025-04-10 23:00:00+00:00,21.63,,167.0,7570.1,4305.9,10.2,464.4,27122.6,11397.9,23244.4
2025-04-11 00:00:00+00:00,16.66,,166.0,7328.4,4306.9,4.2,464.6,26143.7,10885.8,22066.5
2025-04-11 01:00:00+00:00,11.98,,165.0,7216.6,4306.9,6.2,444.6,25233.9,10365.0,21297.0
2025-04-11 02:00:00+00:00,14.0,,,6233.4,4305.9,10.4,444.4,23941.4,10233.3,20672.0
2025-04-11 03:00:00+00:00,12.51,,,6335.4,4306.9,10.2,444.3,23771.7,9962.6,20677.3
2025-04-11 04:00:00+00:00,14.0,,,6449.1,4306.9,10.2,444.3,24064.6,9900.6,21204.5
2025-04-11 05:00:00+00:00,14.0,,,8012.6,4306.9,5.4,444.3,25317.0,9625.1,23645.3
2025-04-11 06:00:00+00:00,30.48,,,8889.1,4306.9,403.7,278.7,27627.1,9746.1,27584.5
2025-04-11 07:00:00+00:00,34.37,,,8771.4,4306.9,1664.6,280.9,29016.0,9908.2,29282.3
2025-04-11 08:00:00+00:00,27.5,,,8132.8,4306.9,4940.5,288.5,30907.3,10030.4,29093.2
2025-04-11 09:00:00+00:00,12.51,,,6874.5,4305.9,8606.9,354.2,32849.8,9800.0,29147.7
2025-04-11 10:00:00+00:00,3.52,,,5931.5,4306.9,10922.6,394.5,32210.1,8017.2,29091.8
2025-04-11 11:00:00+00:00,0.01,,,4409.8,4306.9,12474.3,628.3,32192.2,7796.1,28573.0
2025-04-11 12:00:00+00:00,0.0,,,4365.0,4305.9,12960.3,667.4,32242.4,7490.1,28413.3
2025-04-11 13:00:00+00:00,0.0,,,4314.8,4305.9,12935.1,666.0,31802.5,7226.7,27932.6
2025-04-11 14:00:00+00:00,-0.01,,,4308.8,4304.9,12329.8,659.2,30962.7,7093.9,26917.8
2025-04-11 15:00:00+00:00,0.01,,,4401.2,4305.9,12500.2,650.6,32596.3,8144.6,26360.3
2025-04-11 16:00:00+00:00,3.52,,,4609.7,4305.9,11242.3,603.9,33187.0,9777.4,26584.2
2025-04-11 17:00:00+00:00,8.3,,,7037.3,4305.9,8272.9,410.5,33125.9,10254.0,27020.5
2025-04-11 18:00:00+00:00,28.46,,,8885.3,4305.9,4139.7,373.3,31840.9,10060.8,27715.3
2025-04-11 19:00:00+00:00,52.01,,,9634.3,6100.9,895.5,333.8,31172.4,9573.6,28956.9
2025-04-11 20:00:00+00:00,58.02,,,9686.2,6100.9,2.9,473.0,30046.0,9119.2,29343.6
2025-04-11 21:00:00+00:00,41.91,,,9523.4,6100.9,2.2,444.3,29168.8,8502.1,26928.9
2025-04-11 22:00:00+00:00,35.0,,,9201.7,5026.6,2.2,444.2,26900.4,7947.8,24642.6
2025-04-11 23:00:00+00:00,35.01,,,7568.8,5472.7,10.2,464.3,25098.2,7751.7,22980.6
2025-04-12 00:00:00+00:00,29.24,,,6435.2,4303.0,6.2,464.5,22246.3,7300.0,21534.7
2025-04-12 01:00:00+00:00,31.22,,,6107.7,4304.0,14.4,444.5,21300.0,6980.9,20436.3
2025-04-12 02:00:00+00:00,29.24,,,6096.7,4304.0,18.6,444.3,20337.9,6570.4,19807.5
2025-04-12 03:00:00+00:00,29.09,,,6086.1,4304.0,18.4,444.2,19951.2,6199.7,19503.6
2025-04-12 04:00:00+00:00,30.38,,,6192.6,4305.0,18.4,444.2,19728.1,5868.5,19503.0
2025-04-12 05:00:00+00:00,32.68,,,6312.5,4305.0,5.3,444.2,20577.0,5492.4,20176.5
2025-04-12 06:00:00+00:00,29.24,,,8369.9,4304.0,324.3,193.9,21927.4,4744.0,21248.2
2025-04-12 07:00:00+00:00,30.95,,,8351.2,4306.0,1658.6,196.3,22856.6,4287.1,22452.7
2025-04-12 08:00:00+00:00,33.0,,,6997.1,4304.0,5439.3,203.9,25039.9,4007.1,23854.2
2025-04-12 09:00:00+00:00,20.19,,,5020.8,4304.0,9409.9,255.0,25849.9,3701.4,24782.0
2025-04-12 10:00:00+00:00,8.01,,,4573.7,4305.0,11711.7,340.9,27131.2,3557.3,24800.2
2025-04-12 11:00:00+00:00,3.52,,,4481.4,4304.0,13093.4,390.5,28116.3,3216.8,24453.4
2025-04-12 12:00:00+00:00,1.8,,,4468.7,4302.0,13687.1,410.4,28222.3,2740.0,24612.7
2025-04-12 13:00:00+00:00,0.17,,,4386.6,4301.0,13259.1,412.0,27491.8,2566.2,24201.9
2025-04-12 14:00:00+00:00,0.01,,,4375.2,4299.0,12888.0,400.7,27064.5,2539.5,23137.6
2025-04-12 15:00:00+00:00,0.01,,,4386.2,4299.0,12099.0,388.4,26229.2,2498.3,22440.3
2025-04-12 16:00:00+00:00,18.08,,,4581.3,4299.0,11256.9,386.7,26632.7,3314.1,22444.8
2025-04-12 17:00:00+00:00,22.57,,,6853.2,4299.0,8951.8,352.4,26667.4,3077.8,23002.5
2025-04-12 18:00:00+00:00,33.84,,,8329.2,4299.0,4721.6,334.5,24702.2,2881.3,23893.2
2025-04-12 19:00:00+00:00,50.02,,,8638.0,6093.5,1089.2,263.0,23508.3,2814.8,24885.7
2025-04-12 20:00:00+00:00,79.0,,,9095.5,6094.5,17.8,376.3,23010.1,2817.2,25796.1
2025-04-12 21:00:00+00:00,55.44,,,8966.4,6094.5,2.2,359.7,22564.2,2537.7,24351.0
2025-04-12 22:00:00+00:00,45.59,,,8463.0,6095.5,2.2,359.7,21903.3,2436.3,22496.8
2025-04-12 23:00:00+00:00,35.0,,,8032.3,5044.3,10.2,464.4,20404.9,3144.0,21327.5
2025-04-13 00:00:00+00:00,35.0,,,7672.1,4649.0,6.2,464.5,19659.9,3183.4,19977.7
2025-04-13 01:00:00+00:00,31.3,,,8032.2,4303.7,6.2,444.5,18883.7,3218.6,18996.0
2025-04-13 02:00:00+00:00,20.08,,,7839.0,4303.7,10.2,444.4,18663.6,3200.9,18454.5
2025-04-13 03:00:00+00:00,15.31,,,7683.0,4304.7,10.2,444.3,18420.1,3147.3,18278.9
2025-04-13 04:00:00+00:00,14.99,,,7733.5,4304.7,10.2,444.3,18300.0,3059.7,18334.2
2025-04-13 05:00:00+00:00,21.63,,,7764.2,4305.7,4.9,444.3,18323.5,2963.1,18754.6
2025-04-13 06:00:00+00:00,27.75,,,7616.6,4304.7,319.7,248.8,18200.3,2710.2,19204.0
2025-04-13 07:00:00+00:00,17.23,,,7508.7,4304.7,1961.3,251.2,19611.8,2591.7,19927.5
2025-04-13 08:00:00+00:00,9.0,,,5755.4,4304.7,6212.1,260.2,21557.0,2346.2,21857.6
2025-04-13 09:00:00+00:00,2.55,,,4642.2,4304.7,10526.5,382.2,24180.0,1848.4,22800.1
2025-04-13 10:00:00+00:00,0.18,,,4354.3,4304.7,12793.8,488.1,26087.9,1729.1,22920.1
2025-04-13 11:00:00+00:00,0.0,,,4285.1,4303.7,13755.8,664.3,27015.1,1668.3,22571.5
2025-04-13 12:00:00+00:00,-0.01,,,4199.6,4302.7,14242.4,757.2,27537.8,1773.1,22891.4
2025-04-13 13:00:00+00:00,-0.2,,,4175.0,4302.7,13647.5,839.5,27197.9,1980.9,22721.5
2025-04-13 14:00:00+00:00,-1.51,,,4185.8,4300.7,12529.3,797.2,26084.2,2081.0,21649.5
2025-04-13 15:00:00+00:00,-0.01,,,4204.8,4300.7,12817.8,943.1,27344.4,2823.1,21029.8
2025-04-13 16:00:00+00:00,0.0,,,4410.6,4301.7,13189.1,968.6,29020.9,3690.0,21498.1
2025-04-13 17:00:00+00:00,1.35,,,4932.8,4300.7,11051.7,928.3,28178.1,4345.8,22240.2
2025-04-13 18:00:00+00:00,8.24,,,8032.3,4301.7,6220.8,774.1,27862.4,5625.5,23454.5
2025-04-13 19:00:00+00:00,44.31,,,8544.5,5765.2,1476.3,469.4,26769.4,5988.0,25283.7
2025-04-13 20:00:00+00:00,60.55,,,8923.9,5766.2,5.2,517.8,26144.0,6331.8,26898.1
2025-04-13 21:00:00+00:00,59.04,,,8964.9,5765.2,2.2,453.8,26162.8,6413.0,25344.0
2025-04-13 22:00:00+00:00,38.5,,,8383.5,5766.2,2.2,452.5,25140.1,6256.1,23231.2
2025-04-13 23:00:00+00:00,39.23,,,7719.1,5766.9,6.2,499.3,21850.3,4028.2,21334.5
2025-04-14 00:00:00+00:00,38.16,,,7372.2,5768.9,6.2,499.4,20625.3,3615.1,20024.8
2025-04-14 01:00:00+00:00,37.74,,,6869.9,5767.9,6.2,445.4,19636.7,3384.7,19270.9
2025-04-14 02:00:00+00:00,35.0,,,7621.0,4403.7,10.2,444.4,18676.5,3334.3,18929.9
2025-04-14 03:00:00+00:00,30.01,,,7608.3,4306.4,10.2,444.4,18770.5,3553.9,19108.5
2025-04-14 04:00:00+00:00,35.01,,,6943.8,5644.4,6.2,444.4,19961.8,4023.4,19787.3
2025-04-14 05:00:00+00:00,42.5,,,8265.7,5769.9,4.8,444.4,22919.7,4441.2,22740.7
2025-04-14 06:00:00+00:00,68.19,,,9271.6,5768.9,433.7,158.8,24402.2,4635.3,25839.7
2025-04-14 07:00:00+00:00,74.94,,,9175.2,5769.9,2504.8,161.1,26851.5,5025.3,27724.1
2025-04-14 08:00:00+00:00,37.74,,,8408.0,5768.9,7340.7,156.2,30316.5,5402.4,28848.8
2025-04-14 09:00:00+00:00,30.55,,,6133.7,4305.4,11581.2,382.5,31479.8,6402.1,28633.8
2025-04-14 10:00:00+00:00,7.4,,,4992.4,4305.4,13576.8,579.3,33631.7,7620.1,28749.8
2025-04-14 11:00:00+00:00,3.52,,,4472.5,4304.4,14886.9,657.6,33979.0,7103.0,28343.1
2025-04-14 12:00:00+00:00,0.65,,,4369.3,4303.4,15222.4,718.2,34602.0,7472.3,28296.0
2025-04-14 13:00:00+00:00,0.0,,,4306.4,4302.4,14646.7,803.7,34420.3,7919.6,27828.0
2025-04-14 14:00:00+00:00,0.0,,,4267.0,4301.4,13376.3,808.7,32891.9,7840.7,26932.0
2025-04-14 15:00:00+00:00,0.0,,,4276.0,4301.4,12192.0,817.9,32119.8,8224.4,26605.2
2025-04-14 16:00:00+00:00,0.0,,,4373.7,4300.4,11159.7,875.9,32223.4,9123.6,26994.0
2025-04-14 17:00:00+00:00,0.65,,,4611.0,4301.4,9522.3,936.3,32930.1,10891.7,27332.7
2025-04-14 18:00:00+00:00,4.99,,,5488.0,4301.4,5242.6,599.5,32691.0,14371.2,28350.0
2025-04-14 19:00:00+00:00,35.0,,,7165.9,4488.4,1264.6,395.2,31501.6,14889.5,29902.6
2025-04-14 20:00:00+00:00,35.0,,,8500.2,4982.9,13.7,459.7,31987.3,14724.7,30660.0
2025-04-14 21:00:00+00:00,19.75,,,8784.7,4302.4,2.3,449.4,31251.5,14456.7,28237.5
2025-04-14 22:00:00+00:00,13.0,,,6952.2,4303.4,2.3,449.3,28852.1,14173.6,25672.7
2025-04-14 23:00:00+00:00,14.0,,,5716.0,3899.7,6.2,498.6,26819.0,13944.1,23094.9
2025-04-15 00:00:00+00:00,7.5,,,5418.0,3839.7,6.2,498.6,25564.9,13117.9,21798.4
2025-04-15 01:00:00+00:00,5.64,,,5347.5,3779.7,6.2,444.7,24594.5,12349.4,20972.0
2025-04-15 02:00:00+00:00,4.5,,,5336.3,3719.7,6.2,443.6,23961.9,11791.2,20502.2
2025-04-15 03:00:00+00:00,3.6,,,5390.8,3659.7,6.2,443.6,23540.7,11368.1,20370.0
2025-04-15 04:00:00+00:00,7.08,,,5460.9,3599.7,6.2,443.6,23477.0,11283.9,20846.6
2025-04-15 05:00:00+00:00,20.08,,,6287.3,3539.7,4.4,443.6,25611.0,11253.2,23413.1
2025-04-15 06:00:00+00:00,34.45,,,8116.3,3479.7,362.1,332.1,27135.9,10637.7,26662.5
2025-04-15 07:00:00+00:00,35.0,,,7568.4,4152.6,2919.4,301.3,29716.9,10465.5,28428.7
2025-04-15 08:00:00+00:00,18.74,,,6771.9,3359.7,8904.2,324.8,33200.1,10424.6,29093.4
2025-04-15 09:00:00+00:00,5.5,,,4808.4,3299.7,13341.5,523.7,34801.0,10065.2,29040.3
2025-04-15 10:00:00+00:00,3.52,,,4209.2,3254.7,15641.4,742.2,34747.5,8206.6,28771.2
2025-04-15 11:00:00+00:00,0.08,,,3969.8,3254.7,16160.1,821.8,34031.7,7225.6,28520.9
2025-04-15 12:00:00+00:00,0.0,,,3884.3,3254.7,15514.2,824.2,32353.5,6498.2,28209.3
2025-04-15 13:00:00+00:00,-0.01,,,3882.6,3254.7,15251.8,806.1,32073.4,6560.7,27807.9
2025-04-15 14:00:00+00:00,-0.01,,,3890.7,3254.7,14411.9,797.0,31394.5,6748.5,26964.0
2025-04-15 15:00:00+00:00,-0.01,,,3895.2,3254.7,13726.5,827.7,31064.6,7063.7,26701.0
2025-04-15 16:00:00+00:00,0.0,,,3915.6,3254.7,13385.4,973.6,31476.8,7630.7,27155.4
2025-04-15 17:00:00+00:00,2.55,,,4181.6,3254.7,12139.6,938.5,32903.8,9669.9,27917.6
2025-04-15 18:00:00+00:00,7.5,,,5365.8,3254.7,6926.6,805.0,31676.8,12515.7,28551.9
2025-04-15 19:00:00+00:00,33.47,,,7828.3,3254.7,1587.5,497.0,30233.0,12757.3,29666.5
2025-04-15 20:00:00+00:00,35.0,,,8353.2,3445.2,9.4,515.0,29679.9,13026.8,30515.7
2025-04-15 21:00:00+00:00,21.96,,,8316.8,3254.7,2.3,479.4,29714.7,13482.4,28052.0
2025-04-15 22:00:00+00:00,21.46,,,5983.1,3254.7,2.3,453.1,27730.5,13871.8,25139.8
2025-04-15 23:00:00+00:00,16.22,,167.0,7517.2,1953.9,7.2,493.6,27770.1,14237.7,23447.1
2025-04-16 00:00:00+00:00,16.22,,166.0,5966.9,1953.7,7.2,486.1,26386.6,14180.8,21956.5
2025-04-16 01:00:00+00:00,15.0,,165.0,5763.5,1954.7,11.2,443.6,25443.2,14425.6,20963.5
2025-04-16 02:00:00+00:00,12.96,,,5773.6,1952.7,7.2,443.6,25294.2,14437.1,20396.2
2025-04-16 03:00:00+00:00,6.0,,,5758.5,1954.7,7.2,443.6,25145.6,14309.0,20515.1
2025-04-16 04:00:00+00:00,6.99,,,5872.1,1953.7,7.2,443.6,25553.2,14599.5,21125.0
2025-04-16 05:00:00+00:00,15.98,,,6161.0,1954.7,6.4,443.6,27209.5,15212.4,23867.2
2025-04-16 06:00:00+00:00,17.46,,,8122.8,1953.7,455.7,316.3,29346.6,14696.4,26768.7
2025-04-16 07:00:00+00:00,15.0,,,8107.2,1954.7,4728.6,335.2,32500.6,14336.2,28443.3
2025-04-16 08:00:00+00:00,3.8,,,5238.6,1953.7,12632.7,552.5,36048.1,13092.9,29392.9
2025-04-16 09:00:00+00:00,0.66,,,4224.6,1953.7,17642.5,1266.6,38003.6,10299.1,29033.6
2025-04-16 10:00:00+00:00,0.0,,,4030.8,1954.7,18333.3,1731.1,38048.9,9558.4,28529.6
2025-04-16 11:00:00+00:00,0.0,,,3951.2,1953.7,18145.4,1738.1,37549.3,9366.9,28043.6
2025-04-16 12:00:00+00:00,0.0,,,3929.9,1952.7,17661.1,1551.3,36815.8,9353.4,27723.9
2025-04-16 13:00:00+00:00,0.0,,,3922.4,1951.7,16782.7,1410.5,35822.4,9419.4,27191.7
2025-04-16 14:00:00+00:00,-0.01,,,3970.7,1951.7,15687.2,1374.3,34800.0,9500.9,26337.5
2025-04-16 15:00:00+00:00,-0.01,,,3948.5,1952.7,15122.8,1295.8,34359.0,9744.3,26042.7
2025-04-16 16:00:00+00:00,0.0,,,3990.5,1952.7,14180.7,1223.5,34356.6,10608.1,26282.4
2025-04-16 17:00:00+00:00,0.65,,,4552.7,1952.7,12060.0,987.1,33825.8,11674.2,26612.4
2025-04-16 18:00:00+00:00,6.1,,,5971.2,1952.7,6553.9,771.6,32662.6,14592.7,27500.5
2025-04-16 19:00:00+00:00,30.92,,,8544.4,1953.7,1411.7,535.4,30615.0,14045.5,28293.3
2025-04-16 20:00:00+00:00,69.21,,,8776.0,2742.2,16.8,577.7,30104.1,13441.2,28792.3
2025-04-16 21:00:00+00:00,36.0,,,8577.9,2742.2,2.2,536.7,29301.3,13112.6,26555.5
2025-04-16 22:00:00+00:00,22.15,,,8197.2,1952.7,2.2,503.0,27610.6,12999.1,24699.7
2025-04-16 23:00:00+00:00,20.19,,167.0,6705.9,991.8,11.2,493.6,25129.8,12997.4,23025.4
2025-04-17 00:00:00+00:00,16.22,,166.0,6649.4,991.7,7.2,486.2,24140.1,12351.2,21435.9
2025-04-17 01:00:00+00:00,15.98,,165.0,6073.8,991.7,19.4,443.7,23030.8,12028.6,20350.2
2025-04-17 02:00:00+00:00,15.88,,,5834.2,991.7,11.2,443.6,22347.2,11850.4,19704.3
2025-04-17 03:00:00+00:00,15.5,,,5800.9,991.7,10.2,443.6,21970.5,11763.9,19463.8
2025-04-17 04:00:00+00:00,15.5,,,5801.8,991.7,7.2,443.6,22018.8,11759.4,19553.8
2025-04-17 05:00:00+00:00,16.46,,,6151.2,991.7,6.6,443.6,23005.4,11740.9,20757.0
2025-04-17 06:00:00+00:00,22.48,,,6170.7,991.7,662.7,386.7,23761.4,11711.9,22452.1
2025-04-17 07:00:00+00:00,19.97,,,5553.1,991.7,4035.6,405.4,26293.8,11629.0,23501.7
2025-04-17 08:00:00+00:00,9.5,,,4648.8,991.7,10554.2,492.8,30725.4,11195.3,25285.8
2025-04-17 09:00:00+00:00,3.52,,,4103.0,991.7,15132.8,649.1,32999.1,9524.1,25627.8
2025-04-17 10:00:00+00:00,1.49,,,3880.4,991.7,17018.4,872.2,34586.4,9202.5,25445.7
2025-04-17 11:00:00+00:00,0.0,,,3866.1,991.7,17098.2,953.8,34412.9,8969.7,24827.6
2025-04-17 12:00:00+00:00,0.0,,,3843.5,991.7,16974.1,918.6,34182.3,8984.8,24906.0
2025-04-17 13:00:00+00:00,0.0,,,3803.6,991.7,16491.4,901.3,33641.7,9003.0,24652.9
2025-04-17 14:00:00+00:00,0.0,,,3775.9,991.7,15279.5,895.1,32027.3,8701.5,23547.1
2025-04-17 15:00:00+00:00,0.0,,,3782.7,991.7,14553.6,888.4,31173.3,8579.3,22895.2
2025-04-17 16:00:00+00:00,0.0,,,3856.0,991.7,13730.0,902.4,30888.9,8901.8,23014.9
2025-04-17 17:00:00+00:00,3.52,,,4213.3,991.7,11492.6,899.2,29976.3,9481.6,23792.6
2025-04-17 18:00:00+00:00,20.08,,,5553.4,991.7,6568.9,716.3,27460.7,9897.6,24876.9
2025-04-17 19:00:00+00:00,72.83,,,8445.4,2036.7,1667.5,537.6,26006.1,8765.1,25184.9
2025-04-17 20:00:00+00:00,107.5,,,9157.7,2036.7,171.1,495.4,24805.7,8356.1,25526.2
2025-04-17 21:00:00+00:00,87.56,,,9106.2,2036.7,14.4,474.5,24391.6,8186.3,24381.9
2025-04-17 22:00:00+00:00,62.4,,,7738.6,2036.7,10.4,473.6,22982.0,8257.8,22946.5
2025-04-17 23:00:00+00:00,36.0,,167.0,7517.3,2036.7,11.2,493.6,22826.0,8692.6,20979.8
2025-04-18 00:00:00+00:00,21.53,,166.0,7884.2,991.7,6.2,486.1,21699.2,8516.3,19592.7
2025-04-18 01:00:00+00:00,20.26,,165.0,7137.1,991.7,4.2,443.6,20142.4,8483.2,18513.4
2025-04-18 02:00:00+00:00,20.57,,,5819.7,991.7,10.2,443.6,18768.7,8463.6,17856.8
2025-04-18 03:00:00+00:00,20.57,,,5701.6,991.7,8.2,443.6,18615.1,8448.5,17595.1
2025-04-18 04:00:00+00:00,20.26,,,5689.4,991.7,4.2,443.6,18544.6,8491.1,17656.6
2025-04-18 05:00:00+00:00,15.55,,,6749.0,991.7,4.4,443.6,19589.8,8469.8,18378.4
2025-04-18 06:00:00+00:00,18.98,,,6719.8,991.7,547.0,361.9,19979.9,8427.6,19303.5
2025-04-18 07:00:00+00:00,12.05,,,5521.4,991.7,3720.5,388.3,21943.9,8470.3,20386.0
2025-04-18 08:00:00+00:00,4.31,,,4701.5,991.7,9408.5,465.9,26681.4,8251.8,22072.2
2025-04-18 09:00:00+00:00,2.0,,,4169.4,991.7,13706.6,634.8,29167.6,7128.1,22768.9
2025-04-18 10:00:00+00:00,0.0,,,3891.5,991.7,14053.0,815.6,28127.8,6141.3,22837.0
2025-04-18 11:00:00+00:00,-0.3,,,3844.6,991.7,14011.4,850.4,28216.5,6271.4,22654.4
2025-04-18 12:00:00+00:00,-0.79,,,3844.7,991.7,14182.1,786.1,28242.3,6191.3,22703.9
2025-04-18 13:00:00+00:00,-1.16,,,3779.1,991.7,13753.3,767.4,27852.1,6373.8,22539.8
2025-04-18 14:00:00+00:00,-1.54,,,3733.2,991.7,13348.6,774.5,27138.3,6134.5,21373.4
2025-04-18 15:00:00+00:00,-1.54,,,3764.8,991.7,12578.4,817.9,26363.3,6063.5,20742.2
2025-04-18 16:00:00+00:00,-1.51,,,3780.6,991.7,11423.7,872.1,26358.1,7129.8,20855.8
2025-04-18 17:00:00+00:00,0.0,,,4009.8,991.7,10812.3,889.1,28129.6,9148.2,21557.0
2025-04-18 18:00:00+00:00,3.52,,,4811.1,991.7,7270.3,694.7,29065.6,12731.7,22445.7
2025-04-18 19:00:00+00:00,21.53,,,5525.4,991.7,1682.6,497.4,25710.4,13334.3,23767.6
2025-04-18 20:00:00+00:00,35.0,,,7684.9,1849.6,12.8,418.8,26466.5,12594.2,25236.2
2025-04-18 21:00:00+00:00,30.0,,,7682.8,991.7,2.2,398.9,25217.8,12323.4,24027.3
2025-04-18 22:00:00+00:00,21.05,,,6989.7,991.7,2.2,398.9,23740.3,12129.3,22203.3
2025-04-18 23:00:00+00:00,8.0,,,6419.1,991.7,7.2,463.6,23488.5,12701.7,20617.7
2025-04-19 00:00:00+00:00,4.83,,,6014.8,991.7,6.2,463.6,22824.2,12432.8,19342.8
2025-04-19 01:00:00+00:00,3.83,,,5907.0,991.7,6.2,443.7,22912.6,12640.9,18387.4
2025-04-19 02:00:00+00:00,3.52,,,5793.3,991.7,6.2,443.6,22121.3,11974.7,17787.5
2025-04-19 03:00:00+00:00,3.52,,,5506.8,991.7,6.2,443.6,21821.8,11964.0,17553.6
2025-04-19 04:00:00+00:00,3.52,,,5484.0,991.7,6.2,443.6,21946.8,12105.3,17736.9
2025-04-19 05:00:00+00:00,3.52,,,5414.0,991.7,4.4,443.6,23121.4,13340.3,18763.8
2025-04-19 06:00:00+00:00,3.52,,,5537.9,991.7,676.4,411.7,23931.2,13383.3,19774.0
2025-04-19 07:00:00+00:00,2.4,,,5433.0,991.7,4149.2,420.1,25593.4,11771.8,20832.8
2025-04-19 08:00:00+00:00,0.0,,,4547.1,991.7,10131.9,618.0,28710.8,10154.0,22594.3
2025-04-19 09:00:00+00:00,-0.79,,,3768.6,991.7,12804.2,943.6,29530.8,8784.3,23256.6
2025-04-19 10:00:00+00:00,-1.54,,,3667.6,991.7,14165.4,1324.2,30109.3,7772.7,23249.7
2025-04-19 11:00:00+00:00,-1.54,,,3601.6,991.7,15086.2,1502.6,30133.5,6789.8,23140.4
2025-04-19 12:00:00+00:00,-2.2,,,3530.8,991.7,15344.0,1429.4,30329.6,6879.4,23343.2
2025-04-19 13:00:00+00:00,-3.0,,,3425.0,991.7,15020.5,1152.4,29714.9,7018.8,23168.8
2025-04-19 14:00:00+00:00,-4.0,,,3338.6,991.7,14335.9,1162.5,28314.0,6553.8,22086.1
2025-04-19 15:00:00+00:00,-4.0,,,3338.7,991.7,13638.4,1129.2,27332.8,6320.5,21340.5
2025-04-19 16:00:00+00:00,-3.0,,,3379.2,991.7,12729.8,1187.4,27205.7,6939.6,21449.3
2025-04-19 17:00:00+00:00,-1.54,,,3576.1,991.7,11443.2,1562.7,28007.2,8278.4,22105.2
2025-04-19 18:00:00+00:00,0.0,,,4559.7,991.7,7991.4,1379.5,28651.7,11466.7,23146.6
2025-04-19 19:00:00+00:00,2.78,2170.6,,5901.7,991.7,2157.8,888.4,30029.0,15415.5,24980.0
2025-04-19 20:00:00+00:00,8.0,2170.6,,6451.9,991.7,22.2,631.4,28764.9,15649.2,26303.0
2025-04-19 21:00:00+00:00,7.55,2170.6,,6399.5,991.7,2.3,573.8,27729.2,14743.0,24804.5
2025-04-19 22:00:00+00:00,8.0,700.0,,5944.3,991.7,2.3,573.2,25036.5,13983.4,22866.5
2025-04-19 23:00:00+00:00,3.52,,,5665.0,991.7,7.2,523.3,21554.5,11596.0,20635.6
2025-04-20 00:00:00+00:00,2.78,,,5456.8,991.7,6.2,523.2,20458.2,10826.6,19190.4
2025-04-20 01:00:00+00:00,2.1,,,5413.6,991.7,6.2,490.1,19668.8,10127.8,18196.4
2025-04-20 02:00:00+00:00,2.17,,,5370.3,991.7,7.2,448.0,18843.4,9399.8,17542.7
2025-04-20 03:00:00+00:00,3.0,,,5355.0,991.7,6.2,443.6,18061.3,8613.2,17262.1
2025-04-20 04:00:00+00:00,3.52,,,5545.4,991.7,6.2,443.6,17873.0,8172.4,17354.6
2025-04-20 05:00:00+00:00,3.52,,,6015.8,991.7,6.4,443.6,18477.2,8317.4,17764.6
2025-04-20 06:00:00+00:00,7.0,,,6342.3,991.7,674.4,322.1,18941.8,7929.4,18253.2
2025-04-20 07:00:00+00:00,3.52,,,6209.7,991.7,3560.3,364.3,20420.1,6722.0,19207.5
2025-04-20 08:00:00+00:00,1.6,,,5001.4,991.7,9300.7,431.6,23898.4,5913.9,20852.9
2025-04-20 09:00:00+00:00,0.0,,,4308.5,991.7,12280.0,724.9,25302.4,4895.7,21927.8
2025-04-20 10:00:00+00:00,-0.02,,,3818.6,991.7,13814.7,900.1,26340.4,4715.3,22016.6
2025-04-20 11:00:00+00:00,-0.99,,,3760.4,991.7,14090.3,1014.4,26108.4,4144.9,21871.5
2025-04-20 12:00:00+00:00,-4.0,,,3606.9,991.7,13276.9,883.3,23896.0,3103.9,22235.4
2025-04-20 13:00:00+00:00,-4.99,,,3552.5,991.7,13081.2,944.7,23478.9,3070.4,22070.3
2025-04-20 14:00:00+00:00,-4.2,,,3538.4,991.7,13009.4,987.0,23679.3,3293.1,20895.2
2025-04-20 15:00:00+00:00,-1.54,,,3683.6,991.7,13912.3,1395.8,26471.6,4414.9,20132.4
2025-04-20 16:00:00+00:00,-1.54,,,3711.1,991.7,12780.1,1409.3,25717.4,4771.4,20393.1
2025-04-20 17:00:00+00:00,-0.3,,,4163.4,991.7,11124.2,1303.7,26073.4,6396.8,21322.3
2025-04-20 18:00:00+00:00,3.05,,,5156.3,991.7,7818.3,1042.2,25327.8,8058.8,22552.3
2025-04-20 19:00:00+00:00,35.99,,,6600.2,2036.7,1956.6,646.2,24782.9,9924.4,24011.5
2025-04-20 20:00:00+00:00,82.3,,,8494.8,2036.7,156.2,493.7,25065.6,9783.3,25399.3
2025-04-20 21:00:00+00:00,80.5,,,8505.0,2036.7,10.5,475.0,24793.9,9671.2,24054.4
2025-04-20 22:00:00+00:00,40.0,,,6867.0,2036.7,10.5,474.3,22996.3,9596.9,22126.9
2025-04-20 23:00:00+00:00,39.0,,,5912.7,2036.7,22.4,464.3,20761.0,8661.3,20180.7
2025-04-21 00:00:00+00:00,25.5,,,5835.0,2036.7,21.4,463.6,19674.8,8563.7,18839.9
2025-04-21 01:00:00+00:00,23.66,,,5762.9,2036.7,21.4,443.6,19359.1,8344.9,18037.1
2025-04-21 02:00:00+00:00,22.5,,,5713.0,2036.7,21.4,443.6,19113.5,8153.0,17622.4
2025-04-21 03:00:00+00:00,25.0,,,5727.6,2036.7,21.4,443.6,18567.6,7600.3,17524.3
2025-04-21 04:00:00+00:00,29.97,,,5781.2,2036.7,17.4,443.6,18794.0,6922.0,17962.2
2025-04-21 05:00:00+00:00,60.05,,,6612.9,2036.7,21.8,443.6,19099.7,6312.5,19833.1
2025-04-21 06:00:00+00:00,72.13,,,7534.3,2036.7,672.0,315.1,19745.7,5446.3,22414.8
2025-04-21 07:00:00+00:00,65.12,,,7265.6,2036.7,5201.1,343.5,23105.0,4552.7,24151.2
2025-04-21 08:00:00+00:00,33.98,,,5611.9,2036.7,12698.5,428.9,27892.7,3502.9,25308.9
2025-04-21 09:00:00+00:00,25.74,,,4574.3,2036.7,16981.7,747.9,29736.6,2693.3,25726.5
2025-04-21 10:00:00+00:00,15.0,,,4307.4,2036.7,18669.3,906.5,30707.1,2348.4,25407.3
2025-04-21 11:00:00+00:00,11.83,,,4129.6,2036.7,18903.5,1027.8,30726.8,2190.4,25022.7
2025-04-21 12:00:00+00:00,8.12,,,4112.4,2105.2,18545.7,1070.8,30348.8,2099.3,25218.8
2025-04-21 13:00:00+00:00,6.56,,,4071.0,2173.7,17631.5,1058.3,29389.1,2056.3,24959.9
2025-04-21 14:00:00+00:00,9.27,,,4075.3,2242.2,16397.4,1002.4,28277.7,2173.4,23972.2
2025-04-21 15:00:00+00:00,11.94,,,4002.6,2310.7,15057.9,974.9,27035.1,2310.6,23362.6
2025-04-21 16:00:00+00:00,20.33,,,4128.2,2379.2,13159.9,897.6,25424.7,2477.0,23524.0
2025-04-21 17:00:00+00:00,44.86,,,4723.8,2447.7,10097.8,842.0,23901.7,2475.1,24006.8
2025-04-21 18:00:00+00:00,107.78,,,8163.9,2516.2,5472.4,718.7,23318.1,2696.4,24533.7
2025-04-21 19:00:00+00:00,134.09,,,10367.3,2584.7,1402.7,519.7,22327.5,3091.5,26363.1
2025-04-21 20:00:00+00:00,160.0,,,10607.3,2653.2,177.2,526.2,21744.9,3403.6,27477.2
2025-04-21 21:00:00+00:00,122.77,,,10519.2,2686.7,19.5,494.4,21721.6,3624.8,25584.5
2025-04-21 22:00:00+00:00,102.93,,,10115.1,2686.7,15.5,493.7,21381.9,3742.5,23428.9
2025-04-21 23:00:00+00:00,85.1,,,9404.2,2716.7,19.4,463.6,20076.4,3558.4,21608.9
2025-04-22 00:00:00+00:00,76.05,,,9010.3,2746.7,18.4,463.6,19397.5,3614.7,20399.5
2025-04-22 01:00:00+00:00,71.73,,,8933.7,2776.7,18.4,443.6,18895.5,3680.4,19630.8
2025-04-22 02:00:00+00:00,70.41,,,8241.4,2806.7,19.4,443.6,18337.4,3773.6,19167.9
2025-04-22 03:00:00+00:00,73.06,,,8361.1,2836.7,18.4,443.6,18680.8,3968.3,19241.9
2025-04-22 04:00:00+00:00,66.0,,,9054.4,2866.7,18.4,443.6,19563.6,4126.0,20039.3
2025-04-22 05:00:00+00:00,84.48,,,9635.1,2896.7,18.9,443.6,21348.2,4399.6,22755.9
2025-04-22 06:00:00+00:00,120.62,1047.7,,10653.1,2926.7,775.4,279.0,24605.3,4656.7,25773.2
2025-04-22 07:00:00+00:00,126.6,1116.9,,10700.1,2956.7,3138.7,328.3,27250.8,4767.1,27749.9
2025-04-22 08:00:00+00:00,83.51,,,9590.0,2976.7,8702.1,316.0,30313.4,4663.0,28506.2
2025-04-22 09:00:00+00:00,69.7,,,6973.7,2996.7,13527.1,617.0,31262.4,4517.3,28823.1
2025-04-22 10:00:00+00:00,45.0,,,4843.0,3016.7,15995.7,973.2,32154.3,4705.6,28845.0
2025-04-22 11:00:00+00:00,30.0,,,4537.2,3035.7,17412.8,1275.8,33946.5,5080.4,29178.8
2025-04-22 12:00:00+00:00,20.37,,,4405.7,3035.7,17920.7,1319.6,34948.9,5648.5,29114.9
2025-04-22 13:00:00+00:00,15.0,,,4361.3,3035.7,17694.1,1286.4,35195.1,6227.4,28771.4
2025-04-22 14:00:00+00:00,5.11,,,4354.5,3035.7,17325.0,1331.8,35136.5,6519.3,28126.2
2025-04-22 15:00:00+00:00,4.31,,,4315.4,3035.7,16665.7,1431.8,35048.4,7037.2,27784.5
2025-04-22 16:00:00+00:00,5.79,,,4413.1,3035.7,15527.4,1529.5,34854.5,7767.8,28145.9
2025-04-22 17:00:00+00:00,21.7,,,4537.4,3035.7,13381.8,1541.2,33574.1,8438.6,28075.7
2025-04-22 18:00:00+00:00,60.0,,,5650.1,3035.7,8184.8,1446.3,29742.9,8700.1,28043.2
2025-04-22 19:00:00+00:00,99.99,,,10145.5,3035.7,2233.8,996.2,29742.7,8807.5,28817.9
2025-04-22 20:00:00+00:00,130.04,1090.0,,10514.1,3035.7,204.2,679.4,29046.6,8946.1,29874.2
2025-04-22 21:00:00+00:00,105.03,,,10267.6,3035.7,18.5,606.6,27441.6,8955.0,27234.6
2025-04-22 22:00:00+00:00,75.81,,,9558.0,3035.7,12.5,605.9,25511.7,8406.6,25012.1
2025-04-22 23:00:00+00:00,72.84,,,9328.0,3058.7,20.4,524.1,24833.9,7664.6,23290.8
2025-04-23 00:00:00+00:00,62.4,,,7540.7,3088.7,20.4,500.3,22573.7,7324.0,21895.6
2025-04-23 01:00:00+00:00,60.98,,,7470.5,3118.7,19.4,472.6,21748.0,7074.3,20892.4
2025-04-23 02:00:00+00:00,53.17,,,7118.4,3148.7,20.4,472.6,20722.4,6646.4,20405.7
2025-04-23 03:00:00+00:00,50.92,,,7134.4,3178.7,19.4,443.6,20276.2,6182.6,20503.8
2025-04-23 04:00:00+00:00,53.17,,,7980.8,3208.7,19.4,443.6,20743.7,5772.8,20788.4
2025-04-23 05:00:00+00:00,73.0,,,9776.5,3238.7,17.8,443.6,23424.6,5474.9,23076.8
2025-04-23 06:00:00+00:00,80.24,,,10064.4,3268.7,826.9,279.0,24095.6,5198.5,25873.3
2025-04-23 07:00:00+00:00,67.11,,,9911.0,3298.7,6302.3,317.0,29166.4,4940.7,27602.3
2025-04-23 08:00:00+00:00,45.0,,,6329.0,3328.7,15269.0,620.6,33352.3,4378.0,28798.3
2025-04-23 09:00:00+00:00,11.5,,,5861.9,3358.7,20486.5,1562.5,37859.4,3743.7,28889.5
2025-04-23 10:00:00+00:00,4.31,,,4676.3,3388.7,22430.4,1900.1,38963.6,3729.4,28438.6
2025-04-23 11:00:00+00:00,0.65,,,4557.4,3418.7,22529.0,1955.0,38662.0,3380.6,28170.4
2025-04-23 12:00:00+00:00,0.28,,,4539.5,3448.7,22453.3,1969.3,38698.4,3519.5,28144.0
2025-04-23 13:00:00+00:00,0.0,,,4511.2,3478.7,22072.9,1974.5,38394.7,3619.6,27436.7
2025-04-23 14:00:00+00:00,0.0,,,4526.4,3508.7,21155.8,1969.2,37523.8,3727.9,26652.8
2025-04-23 15:00:00+00:00,0.0,,,4518.7,3538.7,20356.5,1976.7,37032.5,4037.2,26161.5
2025-04-23 16:00:00+00:00,0.0,,,4603.1,3568.7,19827.3,1980.3,37371.5,4654.3,26481.5
2025-04-23 17:00:00+00:00,3.52,,,4917.9,3598.7,17732.4,1954.7,36936.2,5879.4,26988.8
2025-04-23 18:00:00+00:00,31.24,,,7646.5,3628.7,10835.1,1758.3,33671.7,6804.1,27578.2
2025-04-23 19:00:00+00:00,88.73,,,10304.2,3658.7,2835.5,1138.9,29659.1,7027.3,28296.0
2025-04-23 20:00:00+00:00,116.7,1083.6,,10570.4,3688.7,197.4,763.7,28548.4,7506.0,28760.3
2025-04-23 21:00:00+00:00,105.58,,,10336.6,3718.7,19.5,693.1,27381.3,7879.4,26608.1
2025-04-23 22:00:00+00:00,80.24,,,9892.9,3748.7,12.5,692.0,26833.6,7835.6,24620.2
2025-04-23 23:00:00+00:00,75.24,,,8471.4,3686.2,20.4,645.9,25503.8,8303.6,23523.6
2025-04-24 00:00:00+00:00,55.89,,,8294.8,3686.2,20.4,645.7,24734.4,8273.0,22302.7
2025-04-24 01:00:00+00:00,45.5,,,8152.1,3686.2,19.4,625.1,24470.2,8216.4,21528.1
2025-04-24 02:00:00+00:00,47.46,,,7145.8,3686.2,21.2,586.0,23342.6,8163.2,21029.3
2025-04-24 03:00:00+00:00,47.46,,,7168.5,3686.2,19.4,514.7,23213.8,8100.5,21037.8
2025-04-24 04:00:00+00:00,53.17,,,7421.5,3686.2,19.4,499.8,23467.5,8079.9,21514.2
2025-04-24 05:00:00+00:00,65.74,,,7829.1,3686.2,18.1,449.2,23953.5,7992.0,23958.3
2025-04-24 06:00:00+00:00,95.0,,,8786.4,3686.2,1165.9,346.5,26257.6,7782.8,26907.1
2025-04-24 07:00:00+00:00,71.33,,,7472.2,3686.2,6614.3,353.8,29880.7,7357.7,28931.3
2025-04-24 08:00:00+00:00,19.97,,,5461.8,3686.2,15432.8,808.9,35408.9,6787.8,30088.6
2025-04-24 09:00:00+00:00,0.65,,,4947.6,3686.2,20083.2,1634.2,38345.5,5127.1,29586.5
2025-04-24 10:00:00+00:00,0.0,,,4407.8,3686.2,20228.3,1879.3,36953.2,4189.3,29129.2
2025-04-24 11:00:00+00:00,-0.01,,,4373.8,3686.2,20250.2,1928.8,36721.9,3930.7,28867.9
2025-04-24 12:00:00+00:00,-0.01,,,4357.0,3686.2,20326.8,1938.0,36683.3,3815.9,28830.3
2025-04-24 13:00:00+00:00,-0.01,,,4252.2,3686.2,19945.6,1938.6,36087.0,3698.0,28235.0
2025-04-24 14:00:00+00:00,-0.01,,,4281.0,3686.2,19847.1,1934.9,35956.0,3648.7,27604.0
2025-04-24 15:00:00+00:00,-0.01,,,4261.7,3686.2,19221.0,1951.1,35303.4,3631.2,26952.4
2025-04-24 16:00:00+00:00,0.0,,,4340.0,3686.2,19234.8,1956.6,35680.2,3829.7,27359.2
2025-04-24 17:00:00+00:00,3.52,,,4779.8,3686.2,17759.4,1957.2,36055.8,4695.4,27590.5
2025-04-24 18:00:00+00:00,47.46,,,6525.6,3686.2,10701.9,1674.6,31619.4,5450.1,28384.9
2025-04-24 19:00:00+00:00,102.35,,,10151.8,3686.2,2968.3,1129.6,28781.2,6073.1,29033.1
2025-04-24 20:00:00+00:00,114.48,715.6,,10338.6,3686.2,198.9,773.8,26840.4,6359.8,29876.2
2025-04-24 21:00:00+00:00,106.53,,,10246.7,3686.2,19.5,697.7,25963.5,6544.5,27564.7
2025-04-24 22:00:00+00:00,93.1,,,8838.2,3686.2,12.5,696.8,23969.1,6008.3,25099.8
2025-04-24 23:00:00+00:00,74.24,,,7915.0,3685.2,15.4,674.0,22797.6,5868.2,22784.7
2025-04-25 00:00:00+00:00,65.01,,,7408.6,3685.2,15.4,669.8,21692.3,5277.8,21445.2
2025-04-25 01:00:00+00:00,69.39,,,7215.8,3685.2,19.4,648.4,20835.8,4660.8,20587.2
2025-04-25 02:00:00+00:00,61.31,,,7167.6,3685.2,15.3,626.4,20048.8,3981.9,20083.6
2025-04-25 03:00:00+00:00,65.2,,,7336.9,3685.2,14.4,608.1,19689.8,3487.0,19971.4
2025-04-25 04:00:00+00:00,72.99,,,7714.6,3685.2,19.4,572.3,19813.7,3168.7,20443.3
2025-04-25 05:00:00+00:00,92.52,,,8867.4,3685.2,19.6,501.0,20615.2,2809.4,22665.6
2025-04-25 06:00:00+00:00,113.39,743.3,,10187.0,3685.2,1138.0,357.6,23272.3,2470.4,25613.0
2025-04-25 07:00:00+00:00,99.0,,,8972.0,3685.2,6071.2,374.5,26155.9,2401.7,27375.3
2025-04-25 08:00:00+00:00,40.5,,,5743.8,3685.2,13896.1,676.8,30450.9,2086.4,28481.6
2025-04-25 09:00:00+00:00,15.0,,,4654.4,3685.2,19091.3,1314.8,33439.0,1582.1,28387.9
2025-04-25 10:00:00+00:00,0.65,,,4235.7,3685.2,20555.8,1624.4,34281.5,1340.6,28027.3
2025-04-25 11:00:00+00:00,0.0,,,4150.1,3685.2,20513.6,1753.7,34213.7,1399.2,27412.3
2025-04-25 12:00:00+00:00,0.0,,,4091.9,3685.2,20068.6,1794.6,33808.3,1554.1,26977.1
2025-04-25 13:00:00+00:00,-0.01,,,4037.7,3685.2,18719.9,1811.6,32641.7,1824.1,26212.5
2025-04-25 14:00:00+00:00,-0.12,,,4068.6,3685.2,17849.8,1823.7,32075.0,2095.0,25356.9
2025-04-25 15:00:00+00:00,-0.21,,,4059.1,3685.2,16668.0,1851.6,31263.1,2451.6,24929.8
2025-04-25 16:00:00+00:00,-0.01,,,4143.1,3685.2,16047.4,1859.1,31132.7,2862.9,25146.5
2025-04-25 17:00:00+00:00,0.0,,,4304.0,3685.2,14673.6,1805.8,30986.2,3757.0,25970.4
2025-04-25 18:00:00+00:00,20.08,,,5284.8,3685.2,9327.0,1595.9,28936.9,6053.0,26899.6
2025-04-25 19:00:00+00:00,79.5,,,8281.0,3685.2,2588.6,1058.7,27486.1,6898.8,27332.1
2025-04-25 20:00:00+00:00,109.63,,,10306.7,3685.2,220.1,732.2,27748.9,7802.9,27541.5
2025-04-25 21:00:00+00:00,77.0,,,8932.1,3685.2,14.5,663.2,26948.7,8663.7,26408.7
2025-04-25 22:00:00+00:00,40.7,,,7556.9,3685.2,4.2,631.4,26233.3,9473.8,24655.8
2025-04-25 23:00:00+00:00,19.86,,,7361.6,1763.2,7.2,660.2,25016.1,11205.0,22801.9
2025-04-26 00:00:00+00:00,7.83,,,7772.7,1763.2,7.2,660.0,25253.1,11693.9,21422.3
2025-04-26 01:00:00+00:00,5.3,,,7423.3,1763.2,6.2,638.7,24730.0,11642.6,20404.9
2025-04-26 02:00:00+00:00,7.11,,,7148.1,1763.2,8.1,610.2,23936.4,11662.2,19573.7
2025-04-26 03:00:00+00:00,7.11,,,6918.3,1763.2,6.2,568.7,23497.2,11488.1,19211.2
2025-04-26 04:00:00+00:00,5.3,,,6886.5,1763.2,7.2,518.6,23277.5,11387.3,19255.8
2025-04-26 05:00:00+00:00,8.5,,,6157.2,1763.2,6.6,461.6,22769.7,11647.4,19832.8
2025-04-26 06:00:00+00:00,15.5,,,5173.4,1763.2,970.0,363.3,23000.4,11660.8,20861.2
2025-04-26 07:00:00+00:00,6.98,,,4921.2,1763.2,6427.6,402.0,27017.1,10751.4,22155.9
2025-04-26 08:00:00+00:00,0.0,,,4442.8,1763.2,13771.5,785.3,31014.4,7731.6,23683.5
2025-04-26 09:00:00+00:00,-0.51,,,3929.6,1763.2,15548.6,1636.7,31784.6,6568.4,23707.1
2025-04-26 10:00:00+00:00,-1.54,,,3683.0,1763.2,16831.2,1941.6,32572.7,6077.0,23542.1
2025-04-26 11:00:00+00:00,-2.0,,,3612.4,1763.2,17225.1,1967.7,32073.9,5268.7,23142.1
2025-04-26 12:00:00+00:00,-2.0,,,3582.2,1763.2,17433.7,2013.2,32323.8,5302.6,23306.4
2025-04-26 13:00:00+00:00,-3.0,,,3377.0,1763.2,16831.7,1448.0,30911.2,5304.5,22859.8
2025-04-26 14:00:00+00:00,-3.0,,,3182.7,1763.2,16570.9,1440.5,30408.3,5322.5,21771.3
2025-04-26 15:00:00+00:00,-3.03,,,3081.6,1763.2,15948.9,1420.2,29650.0,5349.7,21053.0
2025-04-26 16:00:00+00:00,-2.5,,,3565.7,1763.2,15132.9,1439.8,29753.8,5667.3,21234.3
2025-04-26 17:00:00+00:00,-1.54,,,3822.9,1763.2,13805.7,1990.1,30633.2,7018.8,21841.4
2025-04-26 18:00:00+00:00,0.0,,,4651.4,1763.2,10717.6,1837.6,30996.0,9532.0,22989.7
2025-04-26 19:00:00+00:00,11.0,,,6477.4,1763.2,3163.1,1264.9,29214.8,13716.7,24371.0
2025-04-26 20:00:00+00:00,23.04,,,7828.9,1763.2,80.7,824.3,29162.4,14192.7,25763.9
2025-04-26 21:00:00+00:00,18.45,,,7721.2,1763.2,6.4,733.6,28489.9,14018.4,24342.9
2025-04-26 22:00:00+00:00,16.08,,,7349.3,1763.2,4.3,732.8,26890.2,13198.5,22411.2
2025-04-26 23:00:00+00:00,14.0,,,6998.5,1763.2,7.2,676.7,25076.8,12631.0,20808.9
2025-04-27 00:00:00+00:00,5.11,,,6913.0,1763.2,7.2,672.2,23487.4,11149.8,19444.4
2025-04-27 01:00:00+00:00,3.6,,,6748.8,1763.2,6.2,651.5,22385.0,10259.8,18534.0
2025-04-27 02:00:00+00:00,3.52,,,6290.2,1763.2,8.1,651.4,21416.4,9789.9,17869.0
2025-04-27 03:00:00+00:00,3.52,,,6118.0,1763.2,6.2,651.2,20925.7,9475.6,17624.8
2025-04-27 04:00:00+00:00,3.52,,,6039.3,1763.2,7.2,614.5,20815.7,9481.4,17698.3
2025-04-27 05:00:00+00:00,3.6,,,5912.9,1763.2,7.0,490.6,21106.5,10013.2,18214.0
2025-04-27 06:00:00+00:00,3.52,,,5844.7,1763.2,1102.9,354.3,21726.9,9752.9,18491.2
2025-04-27 07:00:00+00:00,0.0,,,5425.4,1763.2,6424.6,349.7,24529.4,7894.9,19068.1
2025-04-27 08:00:00+00:00,-1.51,,,4010.0,1763.2,11830.9,843.4,26497.3,5918.0,20387.1
2025-04-27 09:00:00+00:00,-3.0,,,3313.2,1763.2,14529.1,1818.8,28195.9,4773.0,21126.2
2025-04-27 10:00:00+00:00,-5.0,,,2701.8,1763.2,15279.4,2020.5,26927.1,3425.5,21485.3
2025-04-27 11:00:00+00:00,-5.0,,,2526.1,1763.2,15845.0,2005.6,26893.0,3104.4,21183.2
2025-04-27 12:00:00+00:00,-5.8,,,2011.5,1763.2,15689.7,1841.9,25611.5,2651.6,21447.1
2025-04-27 13:00:00+00:00,-5.8,,,2038.7,1763.2,15604.6,1793.6,25392.2,2539.5,21179.8
2025-04-27 14:00:00+00:00,-6.01,,,2032.0,1763.2,14188.3,1381.8,23299.5,2344.3,20060.1
2025-04-27 15:00:00+00:00,-5.17,,,2515.7,1763.2,14929.0,2002.1,25338.9,2492.0,19439.8
2025-04-27 16:00:00+00:00,-3.02,,,3046.0,1763.2,14630.3,2028.5,27136.5,3695.8,19688.9
2025-04-27 17:00:00+00:00,-0.99,,,3740.7,1763.2,13697.2,2029.1,28223.4,4833.2,20762.8
2025-04-27 18:00:00+00:00,3.52,,,4902.4,1763.2,11015.0,1858.1,28511.1,6550.5,22088.7
2025-04-27 19:00:00+00:00,35.0,,,7026.6,2544.8,3071.1,1326.6,25994.1,8135.8,23751.1
2025-04-27 20:00:00+00:00,100.7,,,8646.0,3384.2,151.1,835.9,26068.4,8704.2,25361.2
2025-04-27 21:00:00+00:00,85.14,,,7762.3,3384.2,19.5,742.7,25089.1,8828.5,24387.9
2025-04-27 22:00:00+00:00,40.0,,,7212.1,3384.2,4.2,740.6,24142.2,8530.9,22718.5
2025-04-27 23:00:00+00:00,24.63,,,8919.7,1763.2,7.2,679.7,23811.2,8704.4,21062.3
2025-04-28 00:00:00+00:00,16.3,,,8846.9,1763.2,6.2,675.4,22559.0,7806.6,19909.8
2025-04-28 01:00:00+00:00,18.1,,,7121.4,1763.2,11.2,656.2,20250.0,7079.5,19107.1
2025-04-28 02:00:00+00:00,18.0,,,6991.7,1763.2,7.1,656.0,19782.1,6747.8,18624.9
2025-04-28 03:00:00+00:00,18.0,,,6973.6,1763.2,6.2,655.7,19590.7,6571.6,18687.7
2025-04-28 04:00:00+00:00,25.0,,,6984.1,1763.2,11.2,635.7,19852.1,6673.6,19450.5
2025-04-28 05:00:00+00:00,25.0,,,8284.1,1763.2,7.6,506.6,21177.2,6707.0,22658.9
2025-04-28 06:00:00+00:00,47.94,,,8478.5,3380.2,1095.0,431.2,23994.7,6444.8,25951.2
2025-04-28 07:00:00+00:00,33.0,,,6487.2,1763.2,7541.7,370.5,26541.6,6273.6,27676.1
2025-04-28 08:00:00+00:00,3.52,,,5102.5,1763.2,16056.2,920.5,31188.1,4708.0,27811.7
2025-04-28 09:00:00+00:00,0.0,,,4344.6,1763.2,19632.5,1834.3,33718.0,3677.1,27481.0
2025-04-28 10:00:00+00:00,-0.01,,,4086.9,1763.2,19418.2,2046.5,33012.9,3368.6,26499.5
2025-04-28 11:00:00+00:00,-1.01,,,,,,,,,
2025-04-28 12:00:00+00:00,-2.5,,,,,,,,,
2025-04-28 13:00:00+00:00,-3.0,,,,,,,,,
2025-04-28 14:00:00+00:00,-1.54,,,,,,,,,
2025-04-28 15:00:00+00:00,-0.3,,,,,,,,,
2025-04-28 16:00:00+00:00,-0.01,,,,,,,,,
2025-04-28 17:00:00+00:00,0.01,,,,,,,,,
2025-04-28 18:00:00+00:00,5.2,,,,,,,,,
2025-04-28 19:00:00+00:00,40.7,,,,,,,,,
2025-04-28 20:00:00+00:00,80.8,,,,,,,,,
2025-04-28 21:00:00+00:00,61.15,,,,,,,,,
2025-04-28 22:00:00+00:00,35.0,,,,,,,,,
2025-04-28 23:00:00+00:00,6.77,,,,,,,,,
2025-04-29 00:00:00+00:00,3.52,,,,,,,,,
2025-04-29 01:00:00+00:00,3.52,,,,,,,,,
2025-04-29 02:00:00+00:00,3.52,,,,,,,,,
2025-04-29 03:00:00+00:00,3.3,,,,,,,,,
2025-04-29 04:00:00+00:00,3.52,,,,,,,,,
2025-04-29 05:00:00+00:00,3.52,,,,,,,,,
2025-04-29 06:00:00+00:00,14.0,,,,,,,,,
2025-04-29 07:00:00+00:00,3.52,,,,,,,,,
2025-04-29 08:00:00+00:00,3.0,,,,,,,,,
2025-04-29 09:00:00+00:00,0.0,,,,,,,,,
2025-04-29 10:00:00+00:00,-0.3,,,,,,,,,
2025-04-29 11:00:00+00:00,-1.01,,,,,,,,,
2025-04-29 12:00:00+00:00,-1.9,,,,,,,,,
2025-04-29 13:00:00+00:00,-1.66,,,,,,,,,
2025-04-29 14:00:00+00:00,-1.54,,,,,,,,,
2025-04-29 15:00:00+00:00,-1.54,,,,,,,,,
2025-04-29 16:00:00+00:00,-1.0,,,,,,,,,
2025-04-29 17:00:00+00:00,0.0,,,,,,,,,
2025-04-29 18:00:00+00:00,0.65,,,,,,,,,
2025-04-29 19:00:00+00:00,12.53,,,,,,,,,
2025-04-29 20:00:00+00:00,35.01,,,,,,,,,
2025-04-29 21:00:00+00:00,33.68,,,,,,,,,
2025-04-29 22:00:00+00:00,17.93,,,,,,,,,
2025-04-29 23:00:00+00:00,35.0,,,6449.8,90.1,6.2,245.9,23070.8,12186.8,22957.8
