customer_id,signup_date,country,age,gender,subscription_tier,monthly_fee,account_age_days,is_premium,age_group,country_region,total_sessions,avg_sessions_per_day,total_usage_minutes,avg_session_duration,avg_features_per_session,total_errors,days_active,days_since_last_activity,usage_consistency_std,total_tickets,avg_resolution_hours,unresolved_tickets,technical_tickets_pct,high_priority_tickets,avg_satisfaction,days_since_last_ticket,churned
1,2023-10-17,Germany,62.0,F,Basic,13.0,441,0,51+,Europe,349,5.629032258064516,1745.06,28.146129032258063,8.129032258064516,26,62,0,2.65029457668476,0.0,0.0,0.0,0.0,0.0,0.0,0.0,0
2,2022-04-25,UK,43.5,M,Premium,30.48,981,1,36-50,Europe,403,5.302631578947368,2515.9900000000002,33.10513157894737,7.565789473684211,39,76,0,2.879906187555909,0.0,0.0,0.0,0.0,0.0,0.0,0.0,0
3,2022-01-26,Brazil,53.0,Unknown,Basic,11.59,1070,0,51+,South America,421,5.397435897435898,2312.93,29.652948717948714,7.5256410256410255,42,78,0,2.488100217162221,4.0,20.023796296296297,1.0,25.0,2.0,0.0,70.0,0
4,2024-01-30,Canada,26.0,M,Basic,11.97,336,0,26-35,North America,147,5.25,662.64,23.665714285714284,6.857142857142857,12,28,4,2.2381374531648537,1.0,12.105,0.0,100.0,0.0,4.0,286.0,0
5,2022-10-09,Spain,44.0,F,Basic,11.23,814,0,36-50,Europe,263,4.614035087719298,1803.58,31.641754385964912,7.087719298245614,37,57,0,2.603256106473146,0.0,0.0,0.0,0.0,0.0,0.0,0.0,0
6,2022-09-08,Brazil,51.0,F,Basic,10.18,845,0,51+,South America,208,4.9523809523809526,1294.3799999999999,30.818571428571424,6.738095238095238,30,42,1,2.713582646275017,0.0,0.0,0.0,0.0,0.0,0.0,0.0,0
7,2022-08-17,UK,68.0,M,Enterprise,131.87,867,1,51+,Europe,295,5.0,1686.78,28.58949152542373,7.9491525423728815,23,59,0,2.6063582731995734,0.0,0.0,0.0,0.0,0.0,0.0,0.0,1
8,2022-05-23,Germany,18.0,M,Basic,13.95,953,0,18-25,Europe,239,4.877551020408164,1741.8,35.546938775510206,8.489795918367347,22,49,0,2.7051852452067595,5.0,17.246111111111112,0.0,40.0,1.0,4.0,74.0,0
9,2024-01-25,Italy,43.5,F,Basic,11.79,341,0,36-50,Europe,113,5.947368421052632,641.78,33.77789473684211,6.2631578947368425,6,19,1,2.296704987840099,0.0,0.0,0.0,0.0,0.0,0.0,0.0,0
10,2022-04-15,USA,42.0,M,Enterprise,132.33,991,1,36-50,North America,105,5.526315789473684,395.0,20.789473684210527,5.947368421052632,12,19,2,2.653476148849773,1.0,40.44111111111111,0.0,0.0,0.0,0.0,133.0,0
11,2023-11-24,Germany,46.0,M,Basic,14.7,403,0,36-50,Europe,169,4.828571428571428,855.09,24.43114285714286,7.742857142857143,14,35,0,2.695155940983469,4.0,12.879027777777779,0.0,25.0,0.0,4.5,6.0,0
12,2024-01-29,Canada,24.0,M,Basic,10.2,337,0,18-25,North America,307,5.7924528301886795,1554.97,29.339056603773585,7.566037735849057,23,53,0,2.356321208399928,0.0,0.0,0.0,0.0,0.0,0.0,0.0,0
13,2023-07-13,Canada,66.0,M,Premium,37.66,537,1,51+,North America,125,5.681818181818182,796.98,36.22636363636364,6.590909090909091,9,22,3,2.1687469201046037,0.0,0.0,0.0,0.0,0.0,0.0,0.0,0
14,2022-03-31,Spain,20.0,F,Premium,34.82,1006,1,18-25,Europe,112,5.6,624.85,31.2425,7.6,12,20,4,2.741494022186481,2.0,44.19416666666667,0.0,0.0,0.0,3.0,50.0,0
15,2023-08-28,UK,37.0,F,Basic,14.71,491,0,36-50,Europe,238,4.76,1532.28,30.645599999999998,8.18,14,50,1,2.7072088193999253,5.0,13.993472222222223,1.0,40.0,1.0,3.6666666666666665,205.0,0
16,2023-03-09,UK,37.0,M,Premium,33.92,663,1,36-50,Europe,208,5.333333333333333,1001.74,25.685641025641026,6.769230769230769,25,39,3,3.020398486548399,0.0,0.0,0.0,0.0,0.0,0.0,0.0,0
17,2022-02-02,Spain,70.0,F,Premium,37.07,1063,1,51+,Europe,249,4.788461538461538,1365.87,26.26673076923077,7.846153846153846,23,52,0,2.523120838009466,1.0,6.440555555555555,0.0,100.0,0.0,0.0,16.0,1
18,2022-01-31,Spain,47.0,M,Basic,10.34,1065,0,36-50,Europe,136,4.857142857142857,767.59,27.413928571428574,6.75,15,28,0,2.620634439925734,0.0,0.0,0.0,0.0,0.0,0.0,0.0,0
19,2022-04-06,USA,52.0,F,Premium,39.28,1000,1,51+,North America,72,5.142857142857143,262.18,18.72714285714286,8.928571428571429,6,14,22,2.741620600390126,0.0,0.0,0.0,0.0,0.0,0.0,0.0,1
20,2022-08-12,UK,52.0,F,Premium,33.44,872,1,51+,Europe,61,4.6923076923076925,411.5,31.653846153846153,8.0,9,13,8,1.6525039276108333,1.0,0.0,1.0,100.0,0.0,0.0,55.0,0
21,2022-08-27,UK,66.0,F,Enterprise,152.39,857,1,51+,Europe,68,6.181818181818182,265.37,24.124545454545455,6.454545454545454,6,11,5,2.7502066038093145,1.0,0.0,1.0,100.0,0.0,0.0,53.0,0
22,2023-06-02,USA,56.0,M,Enterprise,113.84,578,1,51+,North America,172,5.0588235294117645,982.91,28.90911764705882,7.0588235294117645,22,34,0,2.485609204889134,0.0,0.0,0.0,0.0,0.0,0.0,0.0,0
23,2023-09-09,Spain,44.0,M,Basic,14.72,479,0,36-50,Europe,181,5.323529411764706,791.34,23.274705882352944,7.794117647058823,14,34,2,2.836136811626028,0.0,0.0,0.0,0.0,0.0,0.0,0.0,1
24,2022-01-28,Australia,43.0,M,Basic,13.35,1068,0,36-50,Oceania,206,5.885714285714286,1103.1,31.517142857142854,7.942857142857143,15,35,0,2.068978556898926,1.0,6.702222222222222,0.0,0.0,0.0,4.0,330.0,0
25,2023-07-29,Mexico,31.0,F,Basic,10.26,521,0,26-35,North America,152,4.470588235294118,823.09,24.208529411764708,7.764705882352941,13,34,0,2.5847489077705466,0.0,0.0,0.0,0.0,0.0,0.0,0.0,1
26,2022-07-23,UK,34.0,M,Basic,10.77,892,0,26-35,Europe,252,4.754716981132075,1756.28,33.13735849056604,7.622641509433962,25,53,1,2.5936732222360925,0.0,0.0,0.0,0.0,0.0,0.0,0.0,0
27,2024-01-04,USA,35.0,F,Basic,11.99,362,0,26-35,North America,119,4.576923076923077,799.12,30.735384615384614,7.576923076923077,11,26,0,2.516713363465564,3.0,14.236666666666666,2.0,66.66666666666666,0.0,3.0,34.0,0
28,2023-10-28,Australia,62.0,Other,Premium,32.16,430,1,51+,Oceania,232,4.73469387755102,1469.28,29.98530612244898,7.612244897959184,24,49,0,2.3163864657054534,4.0,19.574166666666667,0.0,0.0,1.0,3.3333333333333335,23.0,1
29,2023-12-20,UK,69.0,F,Basic,11.51,377,0,51+,Europe,303,4.809523809523809,1982.11,31.46206349206349,6.936507936507937,33,63,0,2.5390952341916853,0.0,0.0,0.0,0.0,0.0,0.0,0.0,0
30,2023-07-13,USA,46.0,F,Basic,14.98,537,0,36-50,North America,415,4.662921348314606,2781.79,31.256067415730335,8.089887640449438,44,89,0,2.6196105723106626,0.0,0.0,0.0,0.0,0.0,0.0,0.0,1
31,2023-03-06,Australia,37.0,M,Premium,36.58,666,1,36-50,Oceania,264,4.981132075471698,1835.0,34.62264150943396,6.849056603773585,23,53,2,2.735033159957437,0.0,0.0,0.0,0.0,0.0,0.0,0.0,0
32,2022-08-14,Italy,70.0,M,Premium,39.21,870,1,51+,Europe,95,5.277777777777778,542.95,30.16388888888889,6.777777777777778,10,18,2,2.9665895561690436,0.0,0.0,0.0,0.0,0.0,0.0,0.0,0
33,2023-04-05,UK,44.0,M,Premium,34.35,636,1,36-50,Europe,156,4.588235294117647,829.09,24.385,8.264705882352942,18,34,0,2.6755644780667,0.0,0.0,0.0,0.0,0.0,0.0,0.0,0
34,2023-08-27,Brazil,35.0,F,Basic,13.54,492,0,26-35,South America,179,4.7105263157894735,1158.26,30.480526315789472,6.894736842105263,20,38,6,2.6087989857283773,0.0,0.0,0.0,0.0,0.0,0.0,0.0,0
35,2022-10-12,Australia,21.0,M,Premium,34.59,811,1,18-25,Oceania,246,5.23404255319149,1483.66,31.567234042553192,8.851063829787234,12,47,0,2.7123931832900916,0.0,0.0,0.0,0.0,0.0,0.0,0.0,0
36,2024-04-08,France,18.0,F,Enterprise,132.81,267,1,18-25,Europe,160,4.705882352941177,1048.84,30.848235294117643,6.911764705882353,24,34,1,2.6230841408506467,0.0,0.0,0.0,0.0,0.0,0.0,0.0,0
37,2024-06-09,USA,67.0,M,Basic,12.59,205,0,51+,North America,376,5.529411764705882,1850.26,27.209705882352942,6.6911764705882355,32,68,1,2.7343617129364866,0.0,0.0,0.0,0.0,0.0,0.0,0.0,0
38,2022-01-07,Canada,18.0,M,Basic,12.13,1089,0,18-25,North America,117,5.086956521739131,702.85,30.558695652173913,7.3478260869565215,10,23,1,2.539023496583979,5.0,28.9525,1.0,80.0,2.0,2.6666666666666665,43.0,0
39,2024-02-17,Canada,43.5,F,Enterprise,198.04,318,1,36-50,North America,57,5.181818181818182,327.73,29.793636363636367,7.2727272727272725,7,11,10,3.060005941764879,0.0,0.0,0.0,0.0,0.0,0.0,0.0,0
40,2024-04-05,Italy,62.0,M,Basic,12.47,270,0,51+,Europe,115,5.476190476190476,647.98,30.856190476190477,8.761904761904763,6,21,5,2.204972734957229,4.0,13.911527777777778,2.0,50.0,0.0,5.0,7.0,0
41,2022-06-13,Australia,37.0,M,Basic,14.05,932,0,36-50,Oceania,177,4.916666666666667,950.5699999999999,26.40472222222222,7.805555555555555,21,36,0,2.477037400951848,0.0,0.0,0.0,0.0,0.0,0.0,0.0,1
42,2023-12-16,Australia,69.0,F,Basic,13.32,381,0,51+,Oceania,150,4.411764705882353,804.9,23.673529411764704,8.294117647058824,16,34,0,2.3756038729427975,0.0,0.0,0.0,0.0,0.0,0.0,0.0,0
43,2023-03-09,Mexico,40.0,M,Basic,12.39,663,0,36-50,North America,152,5.241379310344827,820.23,28.283793103448275,7.413793103448276,21,29,0,2.6275351351979115,3.0,22.845555555555556,1.0,100.0,0.0,4.0,19.0,0
44,2022-12-15,Mexico,27.0,M,Basic,12.36,747,0,26-35,North America,419,5.441558441558442,2152.49,27.95441558441558,7.636363636363637,48,77,1,2.4788235032683215,0.0,0.0,0.0,0.0,0.0,0.0,0.0,0
45,2022-10-12,Mexico,28.0,M,Basic,11.7,811,0,26-35,North America,162,5.4,913.16,30.438666666666666,8.6,15,30,0,2.554239207872764,0.0,0.0,0.0,0.0,0.0,0.0,0.0,0
46,2022-06-09,USA,58.0,F,Basic,10.52,936,0,51+,North America,270,5.294117647058823,1268.75,24.877450980392158,8.0,26,51,0,2.6555159020202366,0.0,0.0,0.0,0.0,0.0,0.0,0.0,0
47,2022-08-09,Australia,58.0,Other,Basic,13.8,875,0,51+,Oceania,326,5.09375,2014.1,31.4703125,6.890625,32,64,1,2.567926406995736,3.0,13.622129629629631,0.0,33.33333333333333,1.0,3.3333333333333335,66.0,0
48,2024-02-21,Germany,22.0,F,Premium,39.17,314,1,18-25,Europe,334,5.21875,1985.51,31.02359375,7.96875,29,64,0,2.88107536140505,0.0,0.0,0.0,0.0,0.0,0.0,0.0,1
49,2022-12-11,UK,18.0,M,Enterprise,121.79,751,1,18-25,Europe,234,5.2,1408.42,31.298222222222225,9.0,27,45,0,2.5459415118612174,1.0,0.0,1.0,0.0,0.0,0.0,204.0,0
50,2022-04-15,France,34.0,M,Basic,14.62,991,0,26-35,Europe,263,4.696428571428571,1623.97,28.999464285714286,7.625,24,56,0,2.675951099275599,4.0,17.368333333333332,0.0,25.0,0.0,5.0,120.0,0
51,2022-04-05,USA,39.0,M,Premium,32.31,1001,1,36-50,North America,172,5.375,1372.94,42.904375,7.15625,19,32,0,2.6609481695986346,0.0,0.0,0.0,0.0,0.0,0.0,0.0,0
52,2023-01-25,UK,51.0,Other,Basic,12.64,706,0,51+,Europe,202,5.315789473684211,1136.95,29.919736842105266,7.2894736842105265,18,38,0,2.5479749580624276,0.0,0.0,0.0,0.0,0.0,0.0,0.0,1
53,2022-04-10,USA,62.0,M,Basic,11.71,996,0,51+,North America,78,4.875,513.25,32.078125,6.625,16,16,2,2.4731895735399396,4.0,21.73388888888889,2.0,100.0,0.0,3.0,8.0,1
54,2023-01-03,Germany,58.0,M,Enterprise,111.44,728,1,51+,Europe,228,5.181818181818182,1142.1299999999999,25.957499999999996,7.909090909090909,26,44,1,2.4990484447013146,0.0,0.0,0.0,0.0,0.0,0.0,0.0,0
55,2024-05-17,UK,46.0,F,Basic,10.25,228,0,36-50,Europe,255,4.903846153846154,1864.81,35.86173076923077,6.326923076923077,25,52,0,2.491236525673077,1.0,0.0,1.0,100.0,1.0,0.0,341.0,1
56,2022-12-19,France,21.0,Other,Basic,11.82,743,0,18-25,Europe,312,5.571428571428571,1863.71,33.28053571428571,7.267857142857143,33,56,0,2.395883916273854,5.0,16.61116666666667,0.0,40.0,1.0,4.0,250.0,0
57,2023-09-11,Germany,22.0,M,Basic,10.23,477,0,18-25,Europe,59,4.916666666666667,367.4,30.616666666666664,7.0,4,12,3,2.7122058561364044,2.0,11.805277777777778,0.0,100.0,0.0,3.5,87.0,0
58,2022-09-28,USA,28.0,M,Premium,31.03,825,1,26-35,North America,393,5.103896103896104,2378.72,30.89246753246753,7.701298701298701,42,77,0,2.668453206518592,0.0,0.0,0.0,0.0,0.0,0.0,0.0,1
59,2024-04-06,UK,68.0,M,Basic,10.7,269,0,51+,Europe,331,5.092307692307692,1727.4,26.575384615384618,7.338461538461538,30,65,0,2.5539373825225535,0.0,0.0,0.0,0.0,0.0,0.0,0.0,0
60,2022-02-14,France,38.0,M,Basic,10.0,1051,0,36-50,Europe,296,5.481481481481482,1591.04,29.463703703703704,7.055555555555555,25,54,0,2.7931232315175505,0.0,0.0,0.0,0.0,0.0,0.0,0.0,1
61,2024-01-18,Australia,52.0,F,Premium,31.52,348,1,51+,Oceania,401,5.647887323943662,1868.37,26.31507042253521,7.492957746478873,37,71,0,2.6027380722687066,5.0,13.788611111111111,1.0,60.0,1.0,3.0,13.0,1
62,2023-04-16,Mexico,29.0,F,Basic,12.88,625,0,26-35,North America,87,5.8,398.71999999999997,26.58133333333333,6.066666666666666,11,15,12,2.2103651928390216,2.0,30.53361111111111,1.0,50.0,0.0,0.0,161.0,0
63,2023-07-04,USA,43.0,F,Basic,14.09,546,0,36-50,North America,345,5.8474576271186445,1755.81,29.759491525423726,7.6440677966101696,26,59,0,2.2955245762287393,4.0,12.880185185185185,1.0,75.0,0.0,4.5,8.0,0
64,2022-05-08,Italy,43.5,M,Basic,10.96,968,0,36-50,Europe,254,4.703703703703703,1451.83,26.88574074074074,8.074074074074074,23,54,4,2.758380914421108,3.0,10.318981481481481,0.0,100.0,0.0,3.6666666666666665,216.0,1
65,2023-01-23,France,36.0,Unknown,Basic,10.39,708,0,36-50,Europe,275,5.288461538461538,1350.41,25.96942307692308,7.4423076923076925,27,52,0,2.703204622995792,0.0,0.0,0.0,0.0,0.0,0.0,0.0,0
66,2022-03-22,Italy,62.0,M,Basic,13.64,1015,0,51+,Europe,59,5.363636363636363,298.16,27.10545454545455,6.909090909090909,4,11,5,2.693426341028366,0.0,0.0,0.0,0.0,0.0,0.0,0.0,0
67,2023-07-20,UK,24.0,M,Premium,30.07,530,1,18-25,Europe,68,4.25,415.88,25.9925,6.3125,5,16,7,2.932575659723036,0.0,0.0,0.0,0.0,0.0,0.0,0.0,0
68,2022-10-28,USA,64.0,Unknown,Premium,37.33,795,1,51+,North America,392,4.72289156626506,2388.64,28.77879518072289,7.819277108433735,40,83,0,2.519742790842188,1.0,14.92361111111111,0.0,0.0,0.0,0.0,200.0,0
69,2024-04-29,UK,24.0,M,Basic,10.65,246,0,18-25,Europe,70,4.117647058823529,519.33,30.548823529411766,8.117647058823529,9,17,9,2.6898502035702765,4.0,22.441944444444445,2.0,50.0,3.0,5.0,2.0,0
70,2023-10-06,Australia,43.0,M,Basic,11.13,452,0,36-50,Oceania,235,4.607843137254902,1324.7,25.97450980392157,7.176470588235294,35,51,0,2.7135101353969473,0.0,0.0,0.0,0.0,0.0,0.0,0.0,0
71,2023-09-26,Australia,43.5,M,Basic,10.59,462,0,36-50,Oceania,237,4.9375,1391.21,28.983541666666667,6.541666666666667,29,48,0,2.846470378735966,0.0,0.0,0.0,0.0,0.0,0.0,0.0,0
72,2024-06-25,Germany,22.0,M,Basic,11.23,189,0,18-25,Europe,208,4.16,1503.29,30.0658,6.38,25,50,1,2.376414723648949,0.0,0.0,0.0,0.0,0.0,0.0,0.0,0
73,2024-06-01,Australia,38.0,M,Basic,13.98,213,0,36-50,Oceania,155,4.5588235294117645,1020.62,30.01823529411765,8.147058823529411,18,34,0,2.5842316303747985,0.0,0.0,0.0,0.0,0.0,0.0,0.0,1
74,2023-01-06,Brazil,31.0,F,Basic,10.65,725,0,26-35,South America,298,4.966666666666667,1499.02,24.983666666666668,6.716666666666667,28,60,0,2.655130413769593,0.0,0.0,0.0,0.0,0.0,0.0,0.0,0
75,2023-08-15,Spain,21.0,M,Basic,14.96,504,0,18-25,Europe,308,5.220338983050848,2089.76,35.419661016949156,7.745762711864407,18,59,1,2.6978139081688517,0.0,0.0,0.0,0.0,0.0,0.0,0.0,0
76,2022-07-16,USA,40.0,F,Basic,11.63,899,0,36-50,North America,105,5.25,767.73,38.3865,8.15,8,20,1,2.2448772091610105,0.0,0.0,0.0,0.0,0.0,0.0,0.0,0
77,2023-12-23,Mexico,59.0,M,Basic,14.6,374,0,51+,North America,171,4.75,953.06,26.473888888888887,7.444444444444445,15,36,5,2.8921074866411365,0.0,0.0,0.0,0.0,0.0,0.0,0.0,1
78,2022-03-13,USA,37.0,M,Basic,10.94,1024,0,36-50,North America,204,6.181818181818182,1019.09,30.881515151515153,8.363636363636363,11,33,0,2.4806065973686944,5.0,10.943240740740741,2.0,40.0,1.0,3.0,19.0,0
79,2022-02-16,UK,32.0,F,Basic,10.93,1049,0,26-35,Europe,31,4.428571428571429,215.84,30.834285714285716,10.428571428571429,3,7,14,1.511857892036909,0.0,0.0,0.0,0.0,0.0,0.0,0.0,0
80,2023-11-09,USA,67.0,M,Basic,12.82,418,0,51+,North America,134,4.466666666666667,1240.77,41.359,8.0,17,30,7,2.4597915994335127,2.0,23.392222222222223,1.0,100.0,0.0,0.0,75.0,0
81,2022-08-22,Spain,69.0,F,Premium,30.5,862,1,51+,Europe,93,5.470588235294118,513.03,30.178235294117645,7.823529411764706,7,17,4,2.426871624613247,0.0,0.0,0.0,0.0,0.0,0.0,0.0,0
82,2024-03-02,UK,62.0,M,Basic,14.0,304,0,51+,Europe,51,5.666666666666667,236.57,26.285555555555554,8.222222222222221,4,9,30,2.9580398915498076,0.0,0.0,0.0,0.0,0.0,0.0,0.0,1
83,2022-10-24,USA,46.0,F,Basic,12.19,799,0,36-50,North America,150,5.172413793103448,893.52,30.811034482758622,8.068965517241379,15,29,9,2.8039381172767066,1.0,24.534166666666668,0.0,100.0,0.0,5.0,14.0,0
84,2022-03-23,Mexico,25.0,F,Basic,13.49,1014,0,18-25,North America,157,5.233333333333333,1005.77,33.525666666666666,7.566666666666666,11,30,1,2.750339581959281,0.0,0.0,0.0,0.0,0.0,0.0,0.0,0
85,2024-05-25,UK,58.0,F,Basic,10.86,220,0,51+,Europe,284,4.733333333333333,1713.68,28.561333333333334,7.033333333333333,41,60,0,2.5302687380998976,0.0,0.0,0.0,0.0,0.0,0.0,0.0,1
86,2022-08-27,UK,65.0,F,Premium,36.41,857,1,51+,Europe,385,5.133333333333334,2170.22,28.936266666666665,8.0,30,75,0,2.8585260487130726,0.0,0.0,0.0,0.0,0.0,0.0,0.0,0
87,2024-06-06,Italy,36.0,F,Enterprise,159.4,208,1,36-50,Europe,278,5.56,1224.89,24.4978,7.68,25,50,1,2.6661904336658755,0.0,0.0,0.0,0.0,0.0,0.0,0.0,0
88,2022-04-14,UK,65.0,M,Basic,13.77,992,0,51+,Europe,230,5.0,1476.02,32.087391304347825,7.804347826086956,18,46,0,2.5991451586157237,4.0,13.971319444444443,0.0,50.0,0.0,4.0,7.0,0
89,2023-01-25,UK,56.0,F,Premium,32.96,706,1,51+,Europe,117,5.086956521739131,682.99,29.695217391304347,6.217391304347826,15,23,1,2.609650681574432,0.0,0.0,0.0,0.0,0.0,0.0,0.0,0
90,2022-10-12,Brazil,63.0,F,Basic,14.66,811,0,51+,South America,119,3.966666666666667,1023.1,34.10333333333333,7.833333333333333,14,30,0,2.141274730450151,4.0,21.781388888888888,2.0,25.0,1.0,4.0,33.0,0
91,2023-04-10,USA,45.0,M,Basic,14.8,631,0,36-50,North America,230,5.2272727272727275,1387.15,31.526136363636365,7.954545454545454,15,44,1,2.586760894224679,5.0,19.424375,1.0,60.0,1.0,3.0,56.0,0
92,2023-10-13,Italy,63.0,M,Basic,14.33,445,0,51+,Europe,105,4.565217391304348,849.2,36.92173913043479,6.391304347826087,15,23,1,2.9821603968282906,0.0,0.0,0.0,0.0,0.0,0.0,0.0,0
93,2024-05-04,Australia,44.0,F,Premium,35.71,241,1,36-50,Oceania,138,5.3076923076923075,745.61,28.677307692307693,7.384615384615385,15,26,3,2.1683031295320454,0.0,0.0,0.0,0.0,0.0,0.0,0.0,0
94,2023-01-09,USA,21.0,F,Basic,12.09,722,0,18-25,North America,293,5.425925925925926,1502.01,27.815,7.907407407407407,34,54,1,2.2620899657788653,0.0,0.0,0.0,0.0,0.0,0.0,0.0,0
95,2022-06-16,Italy,32.0,M,Enterprise,105.79,929,1,26-35,Europe,277,4.859649122807017,1556.31,27.303684210526313,8.192982456140351,33,57,0,2.635191755636092,0.0,0.0,0.0,0.0,0.0,0.0,0.0,0
96,2023-01-15,Mexico,52.0,F,Basic,14.73,716,0,51+,North America,52,4.7272727272727275,236.28,21.48,5.636363636363637,3,11,7,3.0689056385268376,2.0,17.258194444444445,0.0,0.0,0.0,4.5,24.0,0
97,2022-12-30,UK,54.0,M,Basic,14.75,732,0,51+,Europe,260,5.3061224489795915,1814.77,37.03612244897959,6.673469387755102,27,49,0,2.655215634939507,2.0,11.486666666666666,0.0,50.0,0.0,5.0,84.0,0
98,2022-08-03,Mexico,18.0,M,Premium,30.18,881,1,18-25,North America,276,4.842105263157895,1781.8,31.259649122807016,7.631578947368421,24,57,0,2.6911858358365963,1.0,6.668333333333333,0.0,100.0,0.0,1.0,1.0,0
99,2023-11-18,Spain,20.0,F,Enterprise,135.68,409,1,18-25,Europe,162,5.0625,792.74,24.773125,6.40625,12,32,4,2.2423705774139147,0.0,0.0,0.0,0.0,0.0,0.0,0.0,0
100,2022-10-01,Mexico,43.5,M,Premium,38.79,822,1,36-50,North America,274,4.807017543859649,1859.52,32.62315789473684,6.684210526315789,32,57,0,2.438080308146643,5.0,21.25583333333333,2.0,60.0,0.0,5.0,70.0,0
101,2023-12-20,Germany,41.0,F,Premium,30.8,377,1,36-50,Europe,417,5.346153846153846,2568.49,32.92935897435897,7.3076923076923075,37,78,1,2.526878486416568,0.0,0.0,0.0,0.0,0.0,0.0,0.0,1
102,2023-12-01,Australia,44.0,M,Basic,10.97,396,0,36-50,Oceania,135,6.428571428571429,599.33,28.53952380952381,7.285714285714286,9,21,3,2.8735244660769563,0.0,0.0,0.0,0.0,0.0,0.0,0.0,1
103,2023-10-26,France,57.0,M,Basic,14.88,432,0,51+,Europe,51,4.636363636363637,363.2,33.018181818181816,6.545454545454546,3,11,10,3.170890325215531,0.0,0.0,0.0,0.0,0.0,0.0,0.0,0
104,2022-03-15,Mexico,53.0,M,Basic,14.23,1022,0,51+,North America,362,5.098591549295775,1933.27,27.229154929577465,6.23943661971831,31,71,0,2.3613248676928613,3.0,16.158472222222223,1.0,33.33333333333333,1.0,0.0,59.0,0
105,2023-09-16,Spain,51.0,F,Basic,14.55,472,0,51+,Europe,202,4.488888888888889,1306.8700000000001,29.041555555555558,8.311111111111112,25,45,0,2.537198009098568,0.0,0.0,0.0,0.0,0.0,0.0,0.0,1
106,2023-10-13,UK,46.0,M,Enterprise,114.21,445,1,36-50,Europe,30,5.0,128.67000000000002,21.445000000000004,9.0,0,6,0,2.4494897427831783,0.0,0.0,0.0,0.0,0.0,0.0,0.0,0
107,2022-06-25,Brazil,41.0,M,Premium,32.1,920,1,36-50,South America,262,4.5964912280701755,1854.43,32.53385964912281,7.140350877192983,33,57,0,2.541510020235489,5.0,8.645972222222223,1.0,40.0,0.0,3.75,137.0,1
108,2023-07-01,USA,41.0,M,Premium,36.04,549,1,36-50,North America,58,5.8,277.05,27.705000000000002,7.1,4,10,2,3.0110906108363245,0.0,0.0,0.0,0.0,0.0,0.0,0.0,0
109,2024-01-17,UK,59.0,M,Basic,12.5,349,0,51+,Europe,231,4.529411764705882,1767.35,34.653921568627446,7.803921568627451,27,51,0,2.693346922893303,3.0,31.051944444444445,1.0,66.66666666666666,0.0,4.0,103.0,0
110,2022-09-08,Spain,21.0,M,Premium,32.98,845,1,18-25,Europe,251,5.5777777777777775,1287.36,28.607999999999997,7.911111111111111,25,45,1,2.5538641745837274,0.0,0.0,0.0,0.0,0.0,0.0,0.0,0
111,2022-06-17,Italy,20.0,M,Premium,38.83,928,1,18-25,Europe,334,4.840579710144928,2159.76,31.300869565217393,7.971014492753623,25,69,0,2.8677885946666146,0.0,0.0,0.0,0.0,0.0,0.0,0.0,0
112,2023-04-19,France,51.0,F,Basic,14.5,622,0,51+,Europe,192,5.647058823529412,864.24,25.418823529411764,7.617647058823529,20,34,0,2.268123679771006,0.0,0.0,0.0,0.0,0.0,0.0,0.0,0
113,2023-01-24,Australia,66.0,M,Basic,11.45,707,0,51+,Oceania,132,5.076923076923077,873.02,33.57769230769231,7.615384615384615,15,26,3,2.6065007488673686,4.0,25.885,1.0,25.0,0.0,4.5,53.0,0
114,2022-10-04,Australia,40.0,F,Premium,31.55,819,1,36-50,Oceania,202,4.926829268292683,1304.89,31.82658536585366,7.463414634146342,18,41,1,2.8318743254463024,1.0,8.927222222222222,0.0,0.0,0.0,4.0,153.0,0
115,2023-10-18,Australia,70.0,F,Basic,10.74,440,0,51+,Oceania,264,5.176470588235294,1491.53,29.245686274509804,8.156862745098039,27,51,0,2.8050374853319964,0.0,0.0,0.0,0.0,0.0,0.0,0.0,0
116,2023-12-06,Brazil,69.0,M,Enterprise,148.43,391,1,51+,South America,58,4.142857142857143,328.5,23.464285714285715,7.785714285714286,7,14,0,2.5071326821120348,0.0,0.0,0.0,0.0,0.0,0.0,0.0,0
117,2023-07-25,France,40.0,M,Basic,10.65,525,0,36-50,Europe,152,5.241379310344827,882.12,30.41793103448276,7.344827586206897,13,29,1,2.668000487440964,2.0,15.089166666666667,0.0,50.0,0.0,4.5,73.0,0
118,2022-08-13,Brazil,62.0,F,Basic,12.36,871,0,51+,South America,267,4.8545454545454545,1439.12,26.165818181818178,7.381818181818182,35,55,1,2.7176936151557967,0.0,0.0,0.0,0.0,0.0,0.0,0.0,0
119,2023-12-03,Brazil,22.0,F,Basic,12.3,394,0,18-25,South America,27,4.5,166.72,27.786666666666665,6.833333333333333,6,6,5,1.51657508881031,3.0,11.570972222222222,1.0,0.0,0.0,4.5,48.0,0
120,2022-11-29,USA,48.0,M,Basic,14.41,763,0,36-50,North America,408,5.298701298701299,2353.75,30.568181818181817,7.376623376623376,31,77,0,2.277261369235881,3.0,11.031203703703703,0.0,66.66666666666666,0.0,3.5,83.0,0
121,2024-05-13,France,70.0,F,Basic,11.47,232,0,51+,Europe,332,4.676056338028169,1985.41,27.963521126760565,6.464788732394366,29,71,0,2.5398236602866966,3.0,8.655138888888889,1.0,0.0,1.0,4.0,38.0,0
122,2024-02-26,Germany,58.0,M,Basic,12.79,309,0,51+,Europe,397,5.223684210526316,2281.04,30.013684210526314,6.934210526315789,47,76,0,2.676309320491069,0.0,0.0,0.0,0.0,0.0,0.0,0.0,1
123,2024-03-05,France,23.0,M,Enterprise,174.34,301,1,18-25,Europe,245,5.0,1311.64,26.768163265306125,7.285714285714286,26,49,0,2.449489742783178,0.0,0.0,0.0,0.0,0.0,0.0,0.0,0
124,2022-02-27,Spain,54.0,M,Premium,35.95,1038,1,51+,Europe,103,4.291666666666667,724.74,30.1975,6.375,14,24,1,2.493106437788994,5.0,10.219722222222222,0.0,20.0,0.0,4.0,15.0,0
125,2022-08-23,USA,27.0,F,Basic,14.76,861,0,26-35,North America,152,5.428571428571429,823.06,29.395,7.178571428571429,13,28,5,2.6307099651301207,2.0,6.313888888888889,1.0,50.0,0.0,3.0,184.0,0
126,2024-04-21,Australia,57.0,F,Basic,13.0,254,0,51+,Oceania,320,5.423728813559322,2047.47,34.702881355932206,7.067796610169491,35,59,0,2.422618915130601,0.0,0.0,0.0,0.0,0.0,0.0,0.0,1
127,2022-02-02,Spain,24.0,F,Basic,14.5,1063,0,18-25,Europe,214,5.219512195121951,1111.74,27.115609756097562,7.2439024390243905,15,41,0,2.403249832226679,0.0,0.0,0.0,0.0,0.0,0.0,0.0,0
128,2024-04-04,Spain,56.0,M,Premium,32.44,271,1,51+,Europe,410,4.712643678160919,2969.61,34.13344827586207,7.689655172413793,51,87,0,2.6232770468598354,0.0,0.0,0.0,0.0,0.0,0.0,0.0,1
129,2022-11-20,Canada,43.5,F,Basic,12.79,772,0,36-50,North America,302,5.206896551724138,1749.38,30.161724137931035,7.793103448275862,29,58,0,2.5871383682515185,0.0,0.0,0.0,0.0,0.0,0.0,0.0,1
130,2023-02-15,USA,43.5,M,Basic,12.71,685,0,36-50,North America,445,5.2976190476190474,2257.1,26.870238095238093,7.321428571428571,39,84,0,2.4680110615867883,4.0,21.709027777777777,0.0,25.0,0.0,3.6666666666666665,86.0,0
131,2022-10-02,USA,37.0,F,Basic,14.94,821,0,36-50,North America,371,5.152777777777778,1876.41,26.06125,7.638888888888889,38,72,1,2.6888382863614995,1.0,2.0572222222222223,0.0,0.0,0.0,0.0,88.0,1
132,2022-03-09,Spain,20.0,M,Premium,32.04,1028,1,18-25,Europe,111,6.166666666666667,470.84,26.157777777777778,7.5,7,18,1,2.307277489112375,0.0,0.0,0.0,0.0,0.0,0.0,0.0,0
133,2022-08-05,USA,68.0,M,Basic,10.69,879,0,51+,North America,227,4.829787234042553,1348.4,28.689361702127663,7.553191489361702,18,47,0,2.306127461089263,0.0,0.0,0.0,0.0,0.0,0.0,0.0,1
134,2023-08-04,USA,39.0,M,Premium,36.11,515,1,36-50,North America,305,5.0,1941.02,31.82,7.032786885245901,39,61,0,2.549509756796393,0.0,0.0,0.0,0.0,0.0,0.0,0.0,0
135,2024-06-16,USA,64.0,F,Enterprise,122.36,198,1,51+,North America,275,5.392156862745098,1515.78,29.721176470588233,7.294117647058823,32,51,1,2.73553235310825,0.0,0.0,0.0,0.0,0.0,0.0,0.0,0
136,2024-01-06,Canada,21.0,M,Basic,13.19,360,0,18-25,North America,71,4.733333333333333,454.39,30.292666666666666,7.933333333333334,2,15,7,2.711527420547495,0.0,0.0,0.0,0.0,0.0,0.0,0.0,0
137,2022-11-19,UK,45.0,M,Basic,14.85,773,0,36-50,Europe,73,4.5625,262.52,16.4075,6.5625,12,16,0,2.5024987512484396,0.0,0.0,0.0,0.0,0.0,0.0,0.0,0
138,2022-08-06,Italy,29.0,M,Basic,14.72,878,0,26-35,Europe,281,5.017857142857143,1630.53,29.11660714285714,7.267857142857143,33,56,0,2.666226965913861,1.0,14.900555555555556,0.0,0.0,1.0,3.0,263.0,0
139,2023-11-03,Germany,55.0,Other,Basic,11.15,424,0,51+,Europe,206,4.790697674418604,1629.65,37.89883720930233,6.465116279069767,19,43,3,2.8665404695496433,0.0,0.0,0.0,0.0,0.0,0.0,0.0,0
140,2023-05-27,Italy,68.0,F,Basic,10.84,584,0,51+,Europe,180,5.454545454545454,821.38,24.89030303030303,7.333333333333333,14,33,7,2.658605239252683,1.0,36.76888888888889,0.0,0.0,0.0,4.0,193.0,0
141,2023-02-10,France,53.0,F,Basic,12.79,690,0,51+,Europe,275,5.392156862745098,1421.28,27.868235294117646,7.03921568627451,21,51,0,2.4337496286393066,0.0,0.0,0.0,0.0,0.0,0.0,0.0,0
142,2024-06-24,Australia,64.0,M,Premium,35.86,190,1,51+,Oceania,28,4.666666666666667,236.1,39.35,5.166666666666667,4,6,14,2.065591117977289,0.0,0.0,0.0,0.0,0.0,0.0,0.0,0
143,2023-10-21,Germany,58.0,M,Basic,13.3,437,0,51+,Europe,112,4.666666666666667,723.89,30.16208333333333,7.333333333333333,12,24,2,2.49637418228338,3.0,13.821388888888889,1.0,100.0,0.0,0.0,171.0,1
144,2023-04-15,France,22.0,F,Basic,13.7,626,0,18-25,Europe,412,4.735632183908046,2539.03,29.18425287356322,7.597701149425287,38,87,0,2.5032990795633765,5.0,8.21298611111111,1.0,80.0,1.0,3.0,42.0,0
145,2022-05-27,Spain,30.0,M,Basic,12.99,949,0,26-35,Europe,226,5.65,1066.29,26.657249999999998,7.4,25,40,3,2.769337604776776,0.0,0.0,0.0,0.0,0.0,0.0,0.0,0
146,2022-09-29,Australia,40.0,Unknown,Basic,10.55,824,0,36-50,Oceania,265,5.096153846153846,1864.12,35.848461538461535,7.846153846153846,22,52,0,2.451567048945452,0.0,0.0,0.0,0.0,0.0,0.0,0.0,1
147,2022-05-23,USA,67.0,M,Basic,13.94,953,0,51+,North America,143,4.612903225806452,876.3100000000001,28.268064516129034,8.161290322580646,18,31,0,2.7649884792386716,0.0,0.0,0.0,0.0,0.0,0.0,0.0,1
148,2022-09-10,USA,47.0,F,Basic,10.39,843,0,36-50,North America,342,4.75,2486.32,34.532222222222224,7.222222222222222,29,72,0,2.6095706840263166,0.0,0.0,0.0,0.0,0.0,0.0,0.0,1
149,2024-02-02,Germany,54.0,M,Basic,10.09,333,0,51+,Europe,166,5.724137931034483,846.6600000000001,29.195172413793106,7.0,13,29,0,2.5759402128728777,4.0,29.12847222222222,2.0,75.0,0.0,4.0,46.0,1
150,2023-07-29,Germany,42.0,F,Enterprise,176.96,521,1,36-50,Europe,190,5.277777777777778,1177.23,32.700833333333335,7.194444444444445,19,36,2,2.0923139768633616,0.0,0.0,0.0,0.0,0.0,0.0,0.0,0
151,2023-07-06,Mexico,65.0,F,Basic,12.73,544,0,51+,North America,133,4.433333333333334,989.64,32.988,7.6,14,30,1,2.269487764374084,0.0,0.0,0.0,0.0,0.0,0.0,0.0,0
152,2022-09-27,Spain,44.0,M,Premium,36.98,826,1,36-50,Europe,64,4.571428571428571,373.01,26.643571428571427,8.357142857142858,7,14,0,2.7376094488632767,0.0,0.0,0.0,0.0,0.0,0.0,0.0,0
153,2024-02-04,UK,43.5,M,Basic,11.9,331,0,36-50,Europe,259,4.980769230769231,1500.1000000000001,28.848076923076924,7.384615384615385,19,52,0,2.5628598044126227,0.0,0.0,0.0,0.0,0.0,0.0,0.0,1
154,2023-08-22,USA,31.0,Other,Premium,30.1,497,1,26-35,North America,196,5.444444444444445,1123.09,31.19694444444444,7.805555555555555,17,36,3,2.655930769799592,3.0,23.26111111111111,1.0,66.66666666666666,0.0,4.5,200.0,0
155,2023-03-15,Australia,65.0,F,Basic,11.65,657,0,51+,Oceania,236,5.7560975609756095,1210.88,29.533658536585367,7.048780487804878,20,41,3,2.3641117550242634,1.0,12.165277777777778,0.0,100.0,1.0,2.0,163.0,0
156,2023-08-21,Spain,64.0,F,Premium,36.07,498,1,51+,Europe,146,4.709677419354839,916.25,29.556451612903224,9.096774193548388,13,31,9,2.6607461157489487,4.0,12.915555555555555,0.0,0.0,0.0,5.0,189.0,0
157,2023-02-13,UK,53.0,F,Basic,11.12,687,0,51+,Europe,308,5.5,1881.24,33.59357142857143,7.767857142857143,29,56,1,2.6076809620810595,2.0,22.474444444444444,0.0,50.0,1.0,0.0,67.0,0
158,2023-01-06,Canada,56.0,Unknown,Basic,13.43,725,0,51+,North America,179,4.837837837837838,1188.91,32.1327027027027,7.5675675675675675,13,37,0,2.608889860899901,2.0,5.902777777777778,0.0,100.0,0.0,4.0,49.0,0
159,2022-08-13,USA,33.0,Unknown,Basic,13.96,871,0,26-35,North America,37,4.111111111111111,316.76,35.19555555555556,5.888888888888889,5,9,0,3.100179206289712,0.0,0.0,0.0,0.0,0.0,0.0,0.0,0
160,2022-05-22,USA,39.0,M,Basic,12.26,954,0,36-50,North America,429,5.047058823529412,2850.5,33.53529411764706,7.694117647058824,43,85,0,2.516166218073597,0.0,0.0,0.0,0.0,0.0,0.0,0.0,0
161,2023-06-06,USA,38.0,F,Basic,14.37,574,0,36-50,North America,159,5.888888888888889,912.03,33.778888888888886,8.518518518518519,11,27,1,2.591900599550206,0.0,0.0,0.0,0.0,0.0,0.0,0.0,0
162,2023-05-21,UK,38.0,F,Premium,38.54,590,1,36-50,Europe,224,5.463414634146342,1201.06,29.294146341463414,6.951219512195122,16,41,0,2.6466730150852573,0.0,0.0,0.0,0.0,0.0,0.0,0.0,0
163,2022-04-04,Mexico,25.0,F,Basic,14.38,1002,0,18-25,North America,416,4.7272727272727275,2749.72,31.24681818181818,7.454545454545454,36,88,0,2.53584542445294,3.0,12.595972222222223,1.0,100.0,0.0,3.0,175.0,1
164,2024-02-13,USA,43.5,F,Premium,36.6,322,1,36-50,North America,393,5.24,2450.27,32.67026666666666,7.4,34,75,0,2.420855332427062,0.0,0.0,0.0,0.0,0.0,0.0,0.0,0
165,2022-02-18,USA,33.0,F,Basic,11.51,1047,0,26-35,North America,241,5.4772727272727275,1330.31,30.234318181818182,8.454545454545455,22,44,0,2.8324419275118906,2.0,8.729722222222222,1.0,0.0,1.0,0.0,244.0,0
166,2024-05-31,UK,48.0,M,Basic,12.4,214,0,36-50,Europe,35,3.888888888888889,208.15,23.12777777777778,8.333333333333334,4,9,20,2.9767618499152917,0.0,0.0,0.0,0.0,0.0,0.0,0.0,0
167,2022-04-23,Italy,59.0,F,Basic,13.54,983,0,51+,Europe,49,4.9,336.1,33.61,8.5,2,10,6,2.378141197564929,0.0,0.0,0.0,0.0,0.0,0.0,0.0,0
168,2022-06-06,Germany,27.0,M,Basic,11.04,939,0,26-35,Europe,329,5.771929824561403,1729.61,30.344035087719295,6.7894736842105265,33,57,0,2.442316990216822,3.0,9.332962962962961,0.0,66.66666666666666,0.0,4.5,67.0,0
169,2023-10-05,Mexico,49.0,F,Basic,13.68,453,0,36-50,North America,357,4.697368421052632,2014.88,26.511578947368424,7.2368421052631575,46,76,0,2.60266395240008,0.0,0.0,0.0,0.0,0.0,0.0,0.0,1
170,2022-06-13,Germany,51.0,M,Premium,35.47,932,1,51+,Europe,251,5.02,1764.09,35.2818,7.84,27,50,0,2.4618725244274144,0.0,0.0,0.0,0.0,0.0,0.0,0.0,1
171,2024-03-22,Canada,26.0,M,Basic,10.47,284,0,26-35,North America,276,4.842105263157895,1747.1399999999999,30.651578947368417,7.912280701754386,34,57,0,2.664511974105272,0.0,0.0,0.0,0.0,0.0,0.0,0.0,0
172,2023-11-28,France,34.0,Unknown,Premium,35.56,399,1,26-35,Europe,132,6.0,717.12,32.596363636363634,5.7727272727272725,10,22,3,1.851640199545103,4.0,20.592222222222222,0.0,25.0,0.0,4.0,19.0,0
173,2023-03-09,Italy,28.0,Other,Premium,30.66,663,1,26-35,Europe,191,4.897435897435898,1073.85,27.534615384615382,6.948717948717949,24,39,1,2.1980238947371245,1.0,44.12861111111111,0.0,100.0,0.0,1.0,307.0,0
174,2023-09-03,Italy,49.0,M,Basic,10.06,485,0,36-50,Europe,117,4.5,863.71,33.21961538461539,7.346153846153846,15,26,0,2.760434748368452,0.0,0.0,0.0,0.0,0.0,0.0,0.0,1
175,2022-03-07,Australia,27.0,F,Premium,38.89,1030,1,26-35,Oceania,160,4.571428571428571,1284.82,36.70914285714286,7.257142857142857,19,35,0,2.6154036274452523,3.0,23.421851851851855,0.0,33.33333333333333,0.0,4.0,85.0,0
176,2023-01-30,Brazil,39.0,F,Basic,12.44,701,0,36-50,South America,86,5.0588235294117645,540.37,31.786470588235293,5.9411764705882355,10,17,0,2.561020017378186,0.0,0.0,0.0,0.0,0.0,0.0,0.0,0
177,2023-01-26,USA,43.5,F,Basic,12.71,705,0,36-50,North America,196,4.666666666666667,1283.47,30.558809523809526,7.214285714285714,28,42,0,2.40595467251128,0.0,0.0,0.0,0.0,0.0,0.0,0.0,0
178,2023-09-03,Germany,21.0,M,Basic,11.39,485,0,18-25,Europe,210,4.666666666666667,1163.37,25.852666666666664,6.6,31,45,0,2.4863262420322445,2.0,14.88486111111111,0.0,100.0,0.0,0.0,10.0,1
179,2023-04-25,USA,65.0,F,Basic,12.7,616,0,51+,North America,190,4.634146341463414,1217.15,29.68658536585366,7.780487804878049,21,41,0,2.736385367240656,0.0,0.0,0.0,0.0,0.0,0.0,0.0,0
180,2023-06-26,UK,69.0,F,Premium,31.68,554,1,51+,Europe,108,4.5,711.38,29.640833333333333,6.541666666666667,9,24,0,2.5537695922762453,0.0,0.0,0.0,0.0,0.0,0.0,0.0,0
181,2022-09-15,Brazil,64.0,M,Premium,37.45,838,1,51+,South America,75,4.6875,538.95,33.684375,8.5625,9,16,4,2.6004807247891684,0.0,0.0,0.0,0.0,0.0,0.0,0.0,1
182,2023-07-21,UK,42.0,F,Basic,14.11,529,0,36-50,Europe,254,5.183673469387755,1468.62,29.971836734693877,7.836734693877551,25,49,0,2.57935286932397,0.0,0.0,0.0,0.0,0.0,0.0,0.0,0
183,2024-05-31,Mexico,38.0,F,Basic,14.27,214,0,36-50,North America,156,4.7272727272727275,1015.3,30.766666666666666,6.515151515151516,12,33,5,2.741723081302241,0.0,0.0,0.0,0.0,0.0,0.0,0.0,0
184,2022-01-12,UK,43.5,F,Basic,10.52,1084,0,36-50,Europe,245,5.326086956521739,1389.25,30.20108695652174,7.804347826086956,37,46,1,2.599609781196546,5.0,34.4562037037037,2.0,20.0,0.0,4.0,47.0,1
185,2023-11-28,Germany,43.5,M,Premium,35.57,399,1,36-50,Europe,141,4.2727272727272725,910.06,27.577575757575755,7.0,16,33,0,2.5158587906608463,0.0,0.0,0.0,0.0,0.0,0.0,0.0,0
186,2024-01-09,Germany,66.0,M,Basic,14.03,357,0,51+,Europe,163,4.405405405405405,1051.41,28.416486486486487,6.8108108108108105,19,37,3,2.0063712332281693,0.0,0.0,0.0,0.0,0.0,0.0,0.0,1
187,2022-04-28,Brazil,18.0,Unknown,Basic,10.63,978,0,18-25,South America,393,4.974683544303797,2119.28,26.826329113924054,7.544303797468355,40,79,0,2.449357234073942,0.0,0.0,0.0,0.0,0.0,0.0,0.0,0
188,2023-11-30,Canada,42.0,M,Premium,30.99,397,1,36-50,North America,43,3.909090909090909,287.63,26.14818181818182,9.454545454545455,5,11,7,2.4271195048676715,5.0,34.5895,0.0,40.0,0.0,4.4,33.0,1
189,2024-06-25,Brazil,68.0,F,Basic,14.07,189,0,51+,South America,259,4.886792452830188,1927.47,36.36735849056604,6.867924528301887,22,53,0,2.4072037509117257,0.0,0.0,0.0,0.0,0.0,0.0,0.0,0
190,2023-07-04,UK,53.0,M,Enterprise,179.66,546,1,51+,Europe,82,5.125,398.57,24.910625,6.4375,10,16,0,2.895398648430529,2.0,9.63111111111111,1.0,100.0,0.0,0.0,204.0,0
191,2024-02-08,Brazil,34.0,M,Basic,12.23,327,0,26-35,South America,76,5.428571428571429,452.51,32.32214285714286,6.857142857142857,5,14,3,2.344036154692477,0.0,0.0,0.0,0.0,0.0,0.0,0.0,0
192,2022-10-01,Germany,58.0,M,Enterprise,110.96,822,1,51+,Europe,225,5.0,1459.33,32.42955555555555,8.266666666666667,22,45,4,2.7303013486693106,0.0,0.0,0.0,0.0,0.0,0.0,0.0,0
193,2024-02-27,Canada,41.0,F,Basic,12.57,308,0,36-50,North America,50,4.545454545454546,292.19,26.562727272727273,4.636363636363637,4,11,8,2.9787123514578027,0.0,0.0,0.0,0.0,0.0,0.0,0.0,1
194,2023-10-19,USA,43.5,M,Basic,11.96,439,0,36-50,North America,166,5.1875,778.04,24.31375,6.625,13,32,1,2.4288255491877333,5.0,15.625555555555556,1.0,60.0,0.0,2.0,98.0,0
195,2022-12-15,UK,57.0,F,Premium,35.18,747,1,51+,Europe,123,4.730769230769231,812.33,31.24346153846154,7.576923076923077,12,26,1,2.631466394354179,0.0,0.0,0.0,0.0,0.0,0.0,0.0,0
196,2022-04-25,Australia,32.0,F,Premium,34.39,981,1,26-35,Oceania,110,4.583333333333333,687.8,28.65833333333333,5.958333333333333,1,24,0,2.7333156591864074,1.0,0.0,1.0,100.0,0.0,0.0,201.0,0
197,2022-10-28,USA,49.0,F,Premium,35.68,795,1,36-50,North America,269,5.723404255319149,1554.52,33.074893617021274,7.9361702127659575,24,47,0,2.6350656097728544,3.0,22.73277777777778,0.0,66.66666666666666,0.0,3.3333333333333335,143.0,1
198,2023-03-22,Italy,56.0,F,Basic,13.63,650,0,51+,Europe,180,4.7368421052631575,1098.72,28.913684210526316,7.973684210526316,21,38,1,2.834957557490734,0.0,0.0,0.0,0.0,0.0,0.0,0.0,0
199,2022-06-11,Brazil,23.0,M,Enterprise,177.48,934,1,18-25,South America,168,5.090909090909091,822.9200000000001,24.936969696969697,7.7272727272727275,13,33,0,2.731341661661403,0.0,0.0,0.0,0.0,0.0,0.0,0.0,0
200,2023-04-10,Mexico,18.0,M,Basic,13.23,631,0,18-25,North America,309,5.517857142857143,1755.35,31.345535714285713,8.25,33,56,0,2.4270526190390713,4.0,19.129444444444445,2.0,50.0,2.0,2.0,60.0,0
201,2022-01-04,France,64.0,M,Basic,10.98,1092,0,51+,Europe,180,4.186046511627907,1435.21,33.376976744186045,6.930232558139535,14,43,5,2.7624679610595306,2.0,18.872777777777777,0.0,50.0,0.0,0.0,71.0,0
202,2024-01-10,UK,40.0,F,Basic,11.98,356,0,36-50,Europe,194,4.511627906976744,1184.63,27.549534883720934,7.674418604651163,29,43,0,2.482050736437569,0.0,0.0,0.0,0.0,0.0,0.0,0.0,1
203,2024-06-15,UK,56.0,F,Premium,30.7,199,1,51+,Europe,254,4.618181818181818,1702.75,30.95909090909091,7.345454545454546,32,55,0,2.4832096098255514,0.0,0.0,0.0,0.0,0.0,0.0,0.0,1
204,2024-01-07,Australia,34.0,M,Premium,34.51,359,1,26-35,Oceania,330,4.342105263157895,2149.3,28.28026315789474,7.7631578947368425,30,76,1,2.479530232813989,0.0,0.0,0.0,0.0,0.0,0.0,0.0,0
205,2022-09-27,Australia,51.0,M,Basic,14.84,826,0,51+,Oceania,224,5.209302325581396,1292.09,30.04860465116279,7.906976744186046,14,43,2,2.5779111102086745,0.0,0.0,0.0,0.0,0.0,0.0,0.0,0
206,2023-05-28,Australia,58.0,F,Basic,13.2,583,0,51+,Oceania,279,5.072727272727272,1619.16,29.43927272727273,7.181818181818182,33,55,0,2.5081684733903122,0.0,0.0,0.0,0.0,0.0,0.0,0.0,1
207,2024-02-20,Australia,46.0,M,Basic,10.76,315,0,36-50,Oceania,211,4.795454545454546,1035.25,23.52840909090909,7.2727272727272725,27,44,0,2.426400774566326,0.0,0.0,0.0,0.0,0.0,0.0,0.0,0
208,2022-07-02,UK,26.0,F,Basic,11.33,913,0,26-35,Europe,151,4.575757575757576,879.4,26.64848484848485,6.151515151515151,24,33,3,2.7503443310600106,0.0,0.0,0.0,0.0,0.0,0.0,0.0,0
209,2023-06-04,Mexico,30.0,M,Basic,10.31,576,0,26-35,North America,248,4.96,1663.97,33.2794,7.3,32,50,0,2.372977119182414,0.0,0.0,0.0,0.0,0.0,0.0,0.0,1
210,2022-04-19,Mexico,23.0,Other,Premium,31.81,987,1,18-25,North America,183,4.6923076923076925,1093.31,28.033589743589744,6.948717948717949,25,39,3,2.885114666642578,5.0,9.255277777777778,2.0,80.0,1.0,3.5,78.0,1
211,2024-06-10,Canada,23.0,M,Premium,34.87,204,1,18-25,North America,251,4.5636363636363635,1482.25,26.95,6.7272727272727275,30,55,0,2.9424330846958027,0.0,0.0,0.0,0.0,0.0,0.0,0.0,0
212,2023-10-03,Italy,37.0,M,Enterprise,134.48,455,1,36-50,Europe,180,4.285714285714286,1278.14,30.431904761904764,6.690476190476191,21,42,5,2.17845004517045,0.0,0.0,0.0,0.0,0.0,0.0,0.0,1
213,2022-11-02,Germany,69.0,M,Basic,11.01,790,0,51+,Europe,217,4.428571428571429,1473.17,30.064693877551022,7.3061224489795915,17,49,0,2.8722813232690143,0.0,0.0,0.0,0.0,0.0,0.0,0.0,1
214,2024-05-11,Australia,70.0,M,Basic,10.72,234,0,51+,Oceania,95,5.277777777777778,448.29,24.905,7.833333333333333,8,18,1,2.696524027348052,0.0,0.0,0.0,0.0,0.0,0.0,0.0,0
215,2023-10-17,France,20.0,M,Basic,13.27,441,0,18-25,Europe,197,4.925,1095.53,27.38825,6.775,26,40,2,2.663981019413402,0.0,0.0,0.0,0.0,0.0,0.0,0.0,0
216,2023-06-04,Germany,34.0,M,Premium,35.57,576,1,26-35,Europe,208,5.333333333333333,1108.83,28.43153846153846,7.641025641025641,15,39,1,2.629121659747678,0.0,0.0,0.0,0.0,0.0,0.0,0.0,0
217,2023-09-16,Mexico,66.0,F,Basic,14.2,472,0,51+,North America,279,5.072727272727272,1750.6,31.829090909090908,6.872727272727273,31,55,0,2.767901635044039,0.0,0.0,0.0,0.0,0.0,0.0,0.0,0
218,2022-07-23,USA,29.0,M,Enterprise,118.32,892,1,26-35,North America,224,5.6,1343.51,33.58775,6.775,14,40,1,2.790092361305515,0.0,0.0,0.0,0.0,0.0,0.0,0.0,1
219,2022-06-06,USA,65.0,F,Premium,38.47,939,1,51+,North America,416,4.837209302325581,2687.38,31.248604651162793,7.27906976744186,45,86,0,2.5706967017032056,0.0,0.0,0.0,0.0,0.0,0.0,0.0,0
220,2023-01-18,France,64.0,M,Basic,12.88,713,0,51+,Europe,179,4.7105263157894735,1354.57,35.64657894736842,7.447368421052632,20,38,0,2.789050935517382,0.0,0.0,0.0,0.0,0.0,0.0,0.0,1
221,2024-02-20,Canada,62.0,F,Basic,11.32,315,0,51+,North America,72,4.8,447.58,29.838666666666665,8.266666666666667,9,15,2,2.4842360136324753,5.0,16.562833333333334,0.0,40.0,1.0,3.5,108.0,0
222,2022-06-15,Mexico,18.0,F,Premium,32.73,930,1,18-25,North America,250,5.1020408163265305,1277.33,26.06795918367347,7.959183673469388,19,49,0,2.8667991584633175,0.0,0.0,0.0,0.0,0.0,0.0,0.0,0
223,2023-07-07,France,34.0,M,Premium,33.89,543,1,26-35,Europe,160,4.2105263157894735,995.48,26.19684210526316,7.157894736842105,17,38,0,2.6929125670699667,5.0,15.651319444444445,1.0,40.0,1.0,4.0,29.0,0
224,2024-03-08,UK,20.0,M,Basic,12.29,298,0,18-25,Europe,395,5.064102564102564,2314.46,29.672564102564102,7.641025641025641,38,78,0,2.5499668629868513,1.0,8.016666666666667,0.0,100.0,1.0,1.0,289.0,1
225,2023-06-28,Brazil,43.0,M,Basic,10.4,552,0,36-50,South America,112,5.333333333333333,717.88,34.184761904761906,7.666666666666667,15,21,1,2.5948667274704755,0.0,0.0,0.0,0.0,0.0,0.0,0.0,0
226,2022-01-01,France,32.0,M,Basic,14.2,1095,0,26-35,Europe,324,5.142857142857143,1844.46,29.27714285714286,7.444444444444445,43,63,0,2.7758006276431244,0.0,0.0,0.0,0.0,0.0,0.0,0.0,0
227,2023-09-06,USA,53.0,F,Premium,31.21,482,1,51+,North America,223,4.955555555555556,1112.22,24.716,7.777777777777778,19,45,1,2.549113531794886,0.0,0.0,0.0,0.0,0.0,0.0,0.0,0
228,2022-11-28,Germany,49.0,F,Basic,12.41,764,0,36-50,Europe,449,5.2823529411764705,2421.05,28.48294117647059,8.24705882352941,42,85,0,2.6031654938238735,0.0,0.0,0.0,0.0,0.0,0.0,0.0,1
229,2023-05-16,UK,49.0,F,Basic,11.9,595,0,36-50,Europe,59,4.538461538461538,423.13,32.54846153846154,7.153846153846154,6,13,0,2.221687969967303,1.0,0.0,1.0,0.0,0.0,0.0,33.0,0
230,2022-01-20,Spain,21.0,F,Basic,12.55,1076,0,18-25,Europe,244,4.6923076923076925,1730.4,33.276923076923076,7.0,28,52,0,2.6311740579210876,1.0,13.82611111111111,0.0,100.0,0.0,5.0,136.0,1
231,2022-04-25,Canada,35.0,Other,Enterprise,188.74,981,1,26-35,North America,225,5.357142857142857,1447.55,34.46547619047619,8.928571428571429,18,42,1,2.5739921406386785,1.0,0.0,1.0,0.0,0.0,0.0,258.0,1
232,2023-01-07,France,66.0,F,Basic,14.94,724,0,51+,Europe,162,4.05,1374.97,34.37425,7.05,20,40,0,2.3309511649396115,0.0,0.0,0.0,0.0,0.0,0.0,0.0,0
233,2024-06-18,Mexico,36.0,F,Premium,30.19,196,1,36-50,North America,210,4.7727272727272725,1437.38,32.66772727272728,7.090909090909091,22,44,3,2.380772166742668,3.0,41.90888888888889,2.0,66.66666666666666,1.0,0.0,10.0,0
234,2024-05-01,UK,60.0,F,Basic,11.96,244,0,51+,Europe,110,5.5,517.0,25.85,7.9,12,20,5,2.8003759146153744,1.0,9.045833333333333,0.0,0.0,0.0,5.0,161.0,0
235,2024-04-06,USA,69.0,M,Basic,14.08,269,0,51+,North America,184,4.972972972972973,1045.92,28.26810810810811,7.72972972972973,11,37,2,2.7637181727046882,0.0,0.0,0.0,0.0,0.0,0.0,0.0,1
236,2022-11-11,USA,52.0,Unknown,Basic,11.62,781,0,51+,North America,366,4.463414634146342,2641.8,32.21707317073171,7.2926829268292686,40,82,0,2.4403760181387324,0.0,0.0,0.0,0.0,0.0,0.0,0.0,0
237,2022-09-03,Italy,57.0,F,Basic,13.24,850,0,51+,Europe,431,5.597402597402597,2560.68,33.255584415584416,7.285714285714286,33,77,0,2.363426038278799,0.0,0.0,0.0,0.0,0.0,0.0,0.0,0
238,2022-03-01,Australia,31.0,M,Premium,39.91,1036,1,26-35,Oceania,193,4.595238095238095,1299.78,30.947142857142858,6.9523809523809526,20,42,1,2.6324385783446607,3.0,14.069722222222225,1.0,66.66666666666666,0.0,4.5,122.0,0
239,2022-09-04,Spain,50.0,M,Basic,13.22,849,0,36-50,Europe,183,4.945945945945946,1092.23,29.51972972972973,8.162162162162161,30,37,1,2.3207511469103888,0.0,0.0,0.0,0.0,0.0,0.0,0.0,1
240,2024-06-18,Canada,31.0,M,Basic,10.55,196,0,26-35,North America,377,4.896103896103896,2180.83,28.32246753246753,7.324675324675325,29,77,0,2.588356599041255,0.0,0.0,0.0,0.0,0.0,0.0,0.0,0
241,2023-08-04,UK,51.0,M,Basic,14.2,515,0,51+,Europe,145,5.178571428571429,860.49,30.731785714285714,8.392857142857142,15,28,0,2.495233551431704,0.0,0.0,0.0,0.0,0.0,0.0,0.0,1
242,2022-03-22,Spain,21.0,F,Premium,39.66,1015,1,18-25,Europe,267,5.037735849056604,1444.1399999999999,27.247924528301883,8.150943396226415,22,53,2,2.6088773311297024,0.0,0.0,0.0,0.0,0.0,0.0,0.0,1
243,2022-03-29,France,41.0,M,Basic,13.55,1008,0,36-50,Europe,78,5.2,484.21,32.28066666666667,8.4,5,15,3,2.512824250576573,1.0,17.961111111111112,0.0,0.0,0.0,4.0,110.0,0
244,2024-01-20,UK,46.0,F,Basic,12.09,346,0,36-50,Europe,324,5.491525423728813,1574.51,26.686610169491527,7.508474576271187,26,59,0,2.775340186392392,0.0,0.0,0.0,0.0,0.0,0.0,0.0,1
245,2023-05-13,USA,36.0,F,Basic,14.73,598,0,36-50,North America,124,5.391304347826087,893.73,38.85782608695652,6.913043478260869,12,23,4,2.210288554481325,1.0,0.0,1.0,0.0,0.0,0.0,193.0,1
246,2024-04-15,Mexico,23.0,M,Enterprise,196.85,260,1,18-25,North America,79,4.388888888888889,511.13,28.39611111111111,7.222222222222222,12,18,7,2.8929709721584893,0.0,0.0,0.0,0.0,0.0,0.0,0.0,0
247,2022-03-12,USA,50.0,Unknown,Basic,14.67,1025,0,36-50,North America,351,5.086956521739131,2021.59,29.29840579710145,8.0,47,69,0,2.5480045851075115,3.0,4.6839814814814815,0.0,100.0,1.0,3.5,71.0,1
248,2024-02-18,Italy,66.0,F,Premium,34.11,317,1,51+,Europe,395,4.759036144578313,2781.13,33.507590361445786,6.903614457831325,38,83,1,2.5065298208040687,0.0,0.0,0.0,0.0,0.0,0.0,0.0,1
249,2023-06-30,UK,57.0,M,Basic,13.94,550,0,51+,Europe,259,4.886792452830188,1429.78,26.976981132075473,6.60377358490566,37,53,1,2.531800646533628,4.0,7.568518518518517,1.0,75.0,0.0,4.0,138.0,0
250,2024-02-24,Australia,36.0,M,Basic,13.26,311,0,36-50,Oceania,265,5.196078431372549,1492.78,29.270196078431372,7.196078431372549,32,51,0,2.690870549418067,0.0,0.0,0.0,0.0,0.0,0.0,0.0,0
251,2022-05-09,Mexico,70.0,M,Basic,10.89,967,0,51+,North America,388,5.243243243243243,2298.63,31.06256756756757,7.364864864864865,39,74,0,2.5309633815312997,4.0,15.286874999999998,0.0,25.0,0.0,4.0,10.0,1
252,2022-05-12,Germany,18.0,F,Basic,12.67,964,0,18-25,Europe,250,4.464285714285714,1512.64,27.011428571428574,7.303571428571429,22,56,1,2.8023644932889717,4.0,18.19923611111111,0.0,25.0,0.0,3.5,184.0,0
253,2023-11-07,USA,22.0,F,Premium,37.47,420,1,18-25,North America,174,5.2727272727272725,1048.53,31.773636363636363,5.848484848484849,20,33,0,1.8753787496251138,0.0,0.0,0.0,0.0,0.0,0.0,0.0,0
254,2023-05-02,USA,44.0,M,Basic,14.47,609,0,36-50,North America,201,4.674418604651163,1257.51,29.244418604651162,7.534883720930233,18,43,4,2.5328407751034367,2.0,20.404027777777777,0.0,0.0,0.0,3.0,125.0,0
255,2023-07-17,USA,33.0,M,Basic,14.3,533,0,26-35,North America,171,5.7,1023.6,34.12,7.1,22,30,0,2.5750795099877246,3.0,13.750416666666666,1.0,66.66666666666666,0.0,4.0,171.0,0
256,2022-06-19,UK,23.0,M,Premium,31.54,926,1,18-25,Europe,194,4.9743589743589745,1056.93,27.10076923076923,7.615384615384615,13,39,1,2.5077477784613564,2.0,20.37736111111111,0.0,50.0,1.0,0.0,18.0,0
257,2022-09-29,USA,57.0,F,Basic,12.43,824,0,51+,North America,211,4.906976744186046,1386.48,32.243720930232556,7.162790697674419,22,43,3,2.635056279225244,0.0,0.0,0.0,0.0,0.0,0.0,0.0,0
258,2023-06-25,Spain,30.0,M,Basic,12.38,555,0,26-35,Europe,111,5.55,447.79,22.3895,7.65,10,20,0,2.8186409565791215,0.0,0.0,0.0,0.0,0.0,0.0,0.0,0
259,2024-06-12,USA,65.0,F,Premium,38.98,202,1,51+,North America,148,5.285714285714286,1092.85,39.03035714285714,8.178571428571429,12,28,4,2.370453040886408,0.0,0.0,0.0,0.0,0.0,0.0,0.0,0
260,2023-09-14,Canada,52.0,M,Basic,10.0,474,0,51+,North America,274,4.419354838709677,1679.49,27.088548387096775,7.354838709677419,32,62,1,2.5896919691299587,0.0,0.0,0.0,0.0,0.0,0.0,0.0,0
261,2023-03-10,USA,36.0,F,Premium,37.38,662,1,36-50,North America,473,5.375,3017.36,34.28818181818182,7.045454545454546,35,88,0,2.46031723961367,2.0,21.074305555555554,0.0,50.0,0.0,4.0,44.0,0
262,2022-08-05,USA,43.5,F,Basic,13.08,879,0,36-50,North America,163,4.794117647058823,1027.21,30.212058823529414,7.264705882352941,19,34,2,2.7499797438890994,1.0,35.75388888888889,0.0,100.0,0.0,5.0,199.0,0
263,2023-07-07,USA,33.0,F,Basic,14.6,543,0,26-35,North America,367,4.828947368421052,2296.54,30.21763157894737,7.671052631578948,33,76,0,2.685209652372228,0.0,0.0,0.0,0.0,0.0,0.0,0.0,1
264,2024-02-13,Australia,60.0,M,Basic,12.27,322,0,51+,Oceania,424,5.0476190476190474,2124.37,25.290119047619047,7.892857142857143,48,84,0,2.6971862263985003,3.0,30.667777777777776,0.0,66.66666666666666,0.0,4.5,106.0,0
265,2024-01-18,UK,27.0,F,Premium,36.57,348,1,26-35,Europe,41,4.1,199.22,19.922,6.6,4,10,6,2.5144029554194813,2.0,7.300277777777778,0.0,50.0,0.0,4.0,83.0,0
266,2023-12-08,Germany,42.0,M,Basic,14.85,389,0,36-50,Europe,124,4.275862068965517,1053.75,36.33620689655172,6.793103448275862,13,29,2,2.4625270371849712,1.0,0.0,1.0,0.0,0.0,0.0,103.0,0
267,2022-07-25,UK,37.0,M,Basic,13.71,890,0,36-50,Europe,51,6.375,279.08,34.885,8.0,1,8,6,2.669269563007828,0.0,0.0,0.0,0.0,0.0,0.0,0.0,0
268,2024-01-01,USA,48.0,F,Premium,30.66,365,1,36-50,North America,356,5.085714285714285,1896.52,27.09314285714286,7.071428571428571,33,70,0,2.5006831364785747,0.0,0.0,0.0,0.0,0.0,0.0,0.0,0
269,2022-11-16,USA,21.0,F,Basic,10.83,776,0,18-25,North America,387,5.22972972972973,2154.41,29.113648648648645,6.756756756756757,27,74,0,2.625206044345552,4.0,14.390462962962964,1.0,25.0,1.0,2.5,62.0,1
270,2023-02-13,USA,61.0,F,Premium,38.2,687,1,51+,North America,201,4.785714285714286,1400.72,33.35047619047619,6.809523809523809,20,42,0,2.5617801954958668,0.0,0.0,0.0,0.0,0.0,0.0,0.0,0
271,2023-11-19,Mexico,40.0,M,Basic,11.66,408,0,36-50,North America,419,4.816091954022989,2367.04,27.20735632183908,8.183908045977011,48,87,0,2.6568416974670557,0.0,0.0,0.0,0.0,0.0,0.0,0.0,0
272,2023-10-28,USA,19.0,F,Basic,13.52,430,0,18-25,North America,126,5.04,882.0,35.28,6.76,15,25,4,2.589723279940671,0.0,0.0,0.0,0.0,0.0,0.0,0.0,0
273,2023-01-18,UK,39.0,F,Basic,13.49,713,0,36-50,Europe,338,5.365079365079365,1873.77,29.74238095238095,6.650793650793651,34,63,0,2.3915279722358864,0.0,0.0,0.0,0.0,0.0,0.0,0.0,0
274,2023-03-25,Australia,68.0,F,Basic,14.96,647,0,51+,Oceania,117,3.774193548387097,984.71,31.76483870967742,6.580645161290323,13,31,0,2.376407336286645,0.0,0.0,0.0,0.0,0.0,0.0,0.0,1
275,2023-06-14,Italy,54.0,F,Premium,34.69,566,1,51+,Europe,390,5.27027027027027,2506.87,33.876621621621624,7.378378378378378,30,74,0,2.5817977027660675,2.0,20.558055555555555,1.0,100.0,1.0,4.0,182.0,1
276,2023-04-08,UK,25.0,F,Premium,37.37,633,1,18-25,Europe,100,4.545454545454546,563.35,25.606818181818184,7.136363636363637,5,22,1,3.0036053371981177,0.0,0.0,0.0,0.0,0.0,0.0,0.0,0
277,2022-05-04,Germany,24.0,M,Premium,30.48,972,1,18-25,Europe,222,5.162790697674419,1139.74,26.505581395348838,6.6976744186046515,15,43,5,2.4292878885849847,0.0,0.0,0.0,0.0,0.0,0.0,0.0,1
278,2022-09-11,UK,31.0,Unknown,Premium,34.62,842,1,26-35,Europe,204,5.666666666666667,968.93,26.91472222222222,7.888888888888889,22,36,0,2.3543273227945902,3.0,10.136018518518519,0.0,0.0,1.0,4.0,84.0,0
279,2022-08-19,Germany,20.0,F,Basic,10.92,865,0,18-25,Europe,234,4.254545454545455,1649.68,29.99418181818182,7.672727272727273,29,55,0,2.6958004502077055,0.0,0.0,0.0,0.0,0.0,0.0,0.0,1
280,2022-03-07,Canada,67.0,Other,Enterprise,184.05,1030,1,51+,North America,180,5.142857142857143,1252.59,35.78828571428571,6.942857142857143,17,35,5,2.2115054380491603,0.0,0.0,0.0,0.0,0.0,0.0,0.0,1
281,2022-12-13,Spain,33.0,M,Enterprise,183.98,749,1,26-35,Europe,59,5.363636363636363,332.53,30.229999999999997,7.7272727272727275,3,11,8,2.540579747724022,0.0,0.0,0.0,0.0,0.0,0.0,0.0,0
282,2022-01-22,Canada,36.0,M,Basic,11.17,1074,0,36-50,North America,267,4.767857142857143,1603.85,28.64017857142857,7.678571428571429,22,56,0,2.696739252764827,1.0,0.7155555555555555,0.0,100.0,0.0,4.0,176.0,0
283,2023-08-26,USA,43.5,M,Basic,11.58,493,0,36-50,North America,210,5.121951219512195,1046.26,25.518536585365855,8.317073170731707,24,41,0,3.075671649828859,1.0,0.0,1.0,100.0,0.0,0.0,120.0,1
284,2023-07-22,UK,35.0,F,Premium,37.01,528,1,26-35,Europe,162,5.586206896551724,759.45,26.18793103448276,6.517241379310345,10,29,2,2.758328186463035,2.0,14.395277777777778,0.0,0.0,0.0,4.0,303.0,0
285,2022-08-24,Spain,69.0,F,Basic,13.68,860,0,51+,Europe,190,4.75,1215.22,30.3805,7.75,19,40,4,2.3939025107069902,0.0,0.0,0.0,0.0,0.0,0.0,0.0,0
286,2023-08-26,UK,33.0,M,Premium,36.57,493,1,26-35,Europe,274,4.807017543859649,1298.83,22.786491228070176,6.719298245614035,24,57,0,2.3787646590737275,4.0,18.763472222222223,0.0,75.0,2.0,3.3333333333333335,119.0,0
287,2022-08-14,UK,25.0,F,Basic,14.97,870,0,18-25,Europe,30,3.0,297.76,29.776,8.5,2,10,16,2.309401076758503,3.0,30.304444444444442,1.0,33.33333333333333,0.0,4.5,33.0,1
288,2022-01-08,USA,50.0,Unknown,Basic,14.33,1088,0,36-50,North America,162,5.4,932.87,31.095666666666666,6.6,20,30,3,2.328237456784083,0.0,0.0,0.0,0.0,0.0,0.0,0.0,1
289,2022-03-14,UK,66.0,F,Basic,12.08,1023,0,51+,Europe,241,4.82,1408.25,28.165,8.14,21,50,1,2.8904487329048094,1.0,11.12,0.0,100.0,0.0,0.0,84.0,0
290,2023-12-26,UK,29.0,M,Basic,11.62,371,0,26-35,Europe,171,5.7,806.18,26.872666666666664,8.533333333333333,12,30,0,2.7310475443783786,0.0,0.0,0.0,0.0,0.0,0.0,0.0,0
291,2023-10-09,Canada,70.0,F,Basic,12.97,449,0,51+,North America,237,4.647058823529412,1321.26,25.90705882352941,7.0,20,51,3,2.4965859040839327,1.0,9.06611111111111,0.0,100.0,0.0,4.0,220.0,0
292,2022-03-02,USA,28.0,M,Basic,14.08,1035,0,26-35,North America,117,5.318181818181818,974.76,44.307272727272725,8.636363636363637,6,22,17,2.212224987188101,0.0,0.0,0.0,0.0,0.0,0.0,0.0,0
293,2022-08-23,France,22.0,F,Basic,12.37,861,0,18-25,Europe,43,4.777777777777778,196.45,21.827777777777776,5.444444444444445,9,9,1,2.9059326290271157,0.0,0.0,0.0,0.0,0.0,0.0,0.0,0
294,2022-03-11,Australia,44.0,M,Premium,37.37,1026,1,36-50,Oceania,391,4.7682926829268295,2218.71,27.057439024390245,7.060975609756097,35,82,1,2.6541315591040737,1.0,29.159166666666668,0.0,0.0,1.0,4.0,130.0,0
295,2022-02-02,Canada,29.0,M,Basic,10.09,1063,0,26-35,North America,222,4.44,1530.45,30.609,7.84,21,50,4,2.483907389249315,5.0,20.851888888888887,0.0,20.0,0.0,4.0,228.0,0
296,2024-05-30,UK,34.0,F,Premium,39.25,215,1,26-35,Europe,224,4.977777777777778,1468.77,32.63933333333333,9.022222222222222,17,45,1,2.261223410707423,0.0,0.0,0.0,0.0,0.0,0.0,0.0,0
297,2022-12-05,Brazil,23.0,M,Basic,13.86,757,0,18-25,South America,272,5.037037037037037,1791.32,33.17259259259259,7.407407407407407,32,54,4,2.47982777067023,0.0,0.0,0.0,0.0,0.0,0.0,0.0,0
298,2022-03-14,USA,50.0,M,Premium,33.93,1023,1,36-50,North America,234,5.2,1528.4,33.964444444444446,8.266666666666667,34,45,1,2.4826671874490875,0.0,0.0,0.0,0.0,0.0,0.0,0.0,1
299,2023-06-11,UK,22.0,Unknown,Enterprise,138.39,569,1,18-25,Europe,66,5.5,429.4,35.78333333333333,6.0,4,12,1,2.15322168769582,0.0,0.0,0.0,0.0,0.0,0.0,0.0,1
300,2022-09-01,Australia,45.0,F,Basic,10.5,852,0,36-50,Oceania,365,4.9324324324324325,2028.8600000000001,27.41702702702703,8.14864864864865,34,74,0,2.366032926744803,0.0,0.0,0.0,0.0,0.0,0.0,0.0,0
301,2022-10-13,Canada,43.5,F,Enterprise,181.61,810,1,36-50,North America,66,4.714285714285714,409.04,29.217142857142857,8.357142857142858,8,14,0,2.3996336716761077,4.0,14.243194444444443,0.0,75.0,1.0,4.5,26.0,0
302,2023-11-17,UK,22.0,M,Basic,13.83,410,0,18-25,Europe,334,5.0606060606060606,2150.31,32.58045454545454,7.590909090909091,41,66,0,2.860224778035073,0.0,0.0,0.0,0.0,0.0,0.0,0.0,1
303,2023-05-13,USA,50.0,M,Basic,13.14,598,0,36-50,North America,222,4.530612244897959,1559.35,31.8234693877551,7.8979591836734695,17,49,0,2.769642281477328,0.0,0.0,0.0,0.0,0.0,0.0,0.0,0
304,2022-08-08,Italy,67.0,M,Premium,31.0,876,1,51+,Europe,128,5.333333333333333,880.03,36.66791666666666,8.458333333333334,8,24,5,2.884240035036984,2.0,12.891527777777778,0.0,100.0,0.0,5.0,218.0,0
305,2023-07-07,USA,65.0,M,Basic,11.3,543,0,51+,North America,146,5.0344827586206895,734.88,25.340689655172415,6.931034482758621,16,29,0,2.5978391930422493,0.0,0.0,0.0,0.0,0.0,0.0,0.0,1
306,2022-05-16,USA,58.0,F,Basic,12.28,960,0,51+,North America,392,4.962025316455696,2645.39,33.48594936708861,7.632911392405063,38,79,0,2.7383461131216222,3.0,23.82314814814815,0.0,100.0,0.0,2.5,147.0,0
307,2024-01-11,UK,36.0,M,Basic,11.32,355,0,36-50,Europe,103,5.421052631578948,516.54,27.18631578947368,7.157894736842105,7,19,1,2.479152845310139,0.0,0.0,0.0,0.0,0.0,0.0,0.0,0
308,2024-06-22,Germany,39.0,M,Premium,34.33,192,1,36-50,Europe,223,5.309523809523809,1126.08,26.81142857142857,7.761904761904762,16,42,1,2.736279254381004,0.0,0.0,0.0,0.0,0.0,0.0,0.0,0
309,2023-08-08,UK,22.0,M,Premium,32.25,511,1,18-25,Europe,159,5.129032258064516,858.57,27.695806451612906,6.32258064516129,15,31,2,2.565695948261355,0.0,0.0,0.0,0.0,0.0,0.0,0.0,1
310,2023-08-14,France,19.0,M,Basic,11.74,505,0,18-25,Europe,260,4.814814814814815,1691.86,31.33074074074074,6.833333333333333,31,54,1,2.9208041931753517,0.0,0.0,0.0,0.0,0.0,0.0,0.0,0
311,2023-04-30,USA,47.0,F,Enterprise,165.22,611,1,36-50,North America,314,4.617647058823529,2069.31,30.431029411764705,6.852941176470588,36,68,1,2.6260998364847534,1.0,0.0,1.0,100.0,0.0,0.0,200.0,0
312,2022-09-06,Spain,64.0,F,Premium,38.91,847,1,51+,Europe,153,4.371428571428571,1044.86,29.853142857142853,8.685714285714285,22,35,0,2.2371951226495024,0.0,0.0,0.0,0.0,0.0,0.0,0.0,0
313,2024-03-14,Germany,56.0,M,Enterprise,138.49,292,1,51+,Europe,249,5.1875,1420.79,29.599791666666665,7.25,27,48,0,2.5819030586478884,5.0,7.758749999999999,3.0,40.0,2.0,4.0,18.0,0
314,2023-04-30,USA,21.0,M,Basic,13.45,611,0,18-25,North America,290,4.833333333333333,1714.75,28.579166666666666,6.533333333333333,32,60,1,2.731899858369298,2.0,32.26611111111111,1.0,50.0,2.0,5.0,20.0,0
315,2024-04-06,Spain,50.0,M,Premium,31.34,269,1,36-50,Europe,163,5.09375,987.88,30.87125,8.53125,15,32,2,2.9442056270229404,0.0,0.0,0.0,0.0,0.0,0.0,0.0,0
316,2023-02-21,USA,30.0,F,Premium,35.4,679,1,26-35,North America,197,5.051282051282051,1036.74,26.583076923076923,7.051282051282051,18,39,1,2.6650636207348044,4.0,15.894629629629629,1.0,0.0,0.0,5.0,83.0,0
317,2022-07-14,Canada,37.0,F,Basic,14.6,901,0,36-50,North America,251,5.122448979591836,1590.3,32.45510204081633,7.387755102040816,28,49,0,2.6507283044887284,1.0,5.746111111111111,0.0,0.0,1.0,0.0,191.0,1
318,2022-04-07,Australia,24.0,M,Enterprise,102.78,999,1,18-25,Oceania,283,5.1454545454545455,1689.1,30.71090909090909,7.054545454545455,35,55,1,2.592140412707598,4.0,21.338055555555556,1.0,25.0,2.0,3.0,11.0,0
319,2022-04-10,France,32.0,F,Basic,11.33,996,0,26-35,Europe,328,4.823529411764706,2100.88,30.89529411764706,7.323529411764706,35,68,0,2.597019971133322,2.0,35.30305555555555,1.0,100.0,1.0,5.0,207.0,0
320,2023-11-06,France,40.0,F,Basic,10.65,421,0,36-50,Europe,134,6.090909090909091,692.98,31.49909090909091,6.090909090909091,13,22,2,2.328070750624521,0.0,0.0,0.0,0.0,0.0,0.0,0.0,1
321,2023-03-18,USA,31.0,F,Enterprise,153.3,654,1,26-35,North America,198,4.714285714285714,1166.69,27.778333333333336,7.119047619047619,15,42,0,2.4721444654064455,4.0,19.824236111111112,0.0,75.0,0.0,4.0,37.0,0
322,2022-12-29,Germany,40.0,F,Enterprise,167.95,733,1,36-50,Europe,141,4.40625,1020.03,31.8759375,7.96875,27,32,2,2.1829157033064592,3.0,19.435925925925925,0.0,66.66666666666666,0.0,3.0,195.0,0
323,2023-03-10,Mexico,36.0,M,Basic,10.28,662,0,36-50,North America,182,4.666666666666667,1145.95,29.383333333333333,7.589743589743589,18,39,3,2.8315267718404358,0.0,0.0,0.0,0.0,0.0,0.0,0.0,0
324,2023-02-25,Italy,46.0,Unknown,Basic,10.34,675,0,36-50,Europe,133,4.925925925925926,769.96,28.51703703703704,7.37037037037037,15,27,0,2.525651872075282,0.0,0.0,0.0,0.0,0.0,0.0,0.0,0
325,2023-04-24,USA,37.0,M,Premium,38.69,617,1,36-50,North America,43,3.909090909090909,356.42,32.401818181818186,9.272727272727273,3,11,2,3.1130225008677805,4.0,16.27166666666667,0.0,25.0,0.0,3.0,103.0,1
326,2024-06-03,Germany,46.0,F,Enterprise,145.61,211,1,36-50,Europe,108,5.142857142857143,584.76,27.845714285714287,8.333333333333334,7,21,10,2.5939490026928884,1.0,2.263611111111111,0.0,100.0,0.0,5.0,334.0,0
327,2024-01-17,Australia,41.0,Other,Premium,34.62,349,1,36-50,Oceania,139,4.212121212121212,1080.3700000000001,32.73848484848485,7.212121212121212,8,33,1,2.2604973976646123,4.0,17.721574074074073,1.0,25.0,0.0,3.0,3.0,0
328,2022-02-25,Italy,35.0,M,Premium,39.44,1040,1,26-35,Europe,241,5.239130434782608,1160.97,25.238478260869567,7.695652173913044,21,46,0,2.6262333196567598,5.0,16.823819444444446,1.0,60.0,1.0,3.3333333333333335,45.0,1
329,2023-11-21,France,27.0,M,Premium,33.19,406,1,26-35,Europe,368,5.111111111111111,2335.54,32.43805555555556,7.763888888888889,39,72,0,2.7091683436510547,0.0,0.0,0.0,0.0,0.0,0.0,0.0,0
330,2023-11-01,UK,58.0,M,Basic,14.48,426,0,51+,Europe,117,5.85,586.54,29.326999999999998,8.2,5,20,0,2.8335397241649978,0.0,0.0,0.0,0.0,0.0,0.0,0.0,0
331,2023-10-24,Australia,25.0,M,Enterprise,197.42,434,1,18-25,Oceania,192,5.052631578947368,1206.86,31.759473684210523,8.157894736842104,18,38,2,2.1301867501060014,0.0,0.0,0.0,0.0,0.0,0.0,0.0,1
332,2022-04-11,USA,43.0,M,Basic,11.2,995,0,36-50,North America,257,4.7592592592592595,1858.75,34.4212962962963,7.018518518518518,26,54,1,2.346697279198079,1.0,13.098888888888888,0.0,0.0,0.0,0.0,42.0,0
333,2022-03-04,USA,46.0,F,Premium,35.13,1033,1,36-50,North America,336,5.014925373134329,1924.54,28.724477611940298,7.776119402985074,30,67,0,2.625588172566712,3.0,30.134027777777778,1.0,66.66666666666666,2.0,5.0,43.0,0
334,2023-02-17,USA,27.0,M,Basic,12.66,683,0,26-35,North America,423,5.096385542168675,2495.57,30.06710843373494,7.566265060240964,44,83,0,2.602130730257301,0.0,0.0,0.0,0.0,0.0,0.0,0.0,1
335,2024-01-16,Mexico,34.0,M,Basic,14.32,350,0,26-35,North America,405,5.4,2209.88,29.46506666666667,6.88,39,75,1,2.650854018430103,0.0,0.0,0.0,0.0,0.0,0.0,0.0,0
336,2022-12-14,Australia,19.0,F,Premium,33.03,748,1,18-25,Oceania,154,5.310344827586207,865.4399999999999,29.842758620689654,7.448275862068965,17,29,0,2.7005746514910234,0.0,0.0,0.0,0.0,0.0,0.0,0.0,0
337,2024-03-30,UK,43.5,M,Enterprise,179.79,276,1,36-50,Europe,140,4.666666666666667,807.96,26.932000000000002,9.6,11,30,0,2.564120247507546,0.0,0.0,0.0,0.0,0.0,0.0,0.0,0
338,2024-06-01,UK,22.0,M,Premium,39.7,213,1,18-25,Europe,32,5.333333333333333,206.44,34.406666666666666,9.5,1,6,4,1.96638416050035,0.0,0.0,0.0,0.0,0.0,0.0,0.0,0
339,2022-04-22,Canada,45.0,M,Premium,38.39,984,1,36-50,North America,222,5.414634146341464,1365.3600000000001,33.30146341463415,6.780487804878049,26,41,7,2.6830543206958892,4.0,9.456527777777778,0.0,100.0,1.0,4.5,40.0,0
340,2022-09-12,Germany,58.0,F,Basic,14.54,841,0,51+,Europe,264,4.888888888888889,1509.01,27.94462962962963,6.537037037037037,32,54,0,2.4391977235540367,5.0,17.573981481481482,2.0,20.0,0.0,4.0,42.0,0
341,2022-07-16,France,22.0,F,Premium,37.07,899,1,18-25,Europe,424,5.0476190476190474,2469.64,29.40047619047619,6.630952380952381,48,84,0,2.661210712351886,0.0,0.0,0.0,0.0,0.0,0.0,0.0,0
342,2022-07-14,France,35.0,M,Basic,14.51,901,0,26-35,Europe,324,5.586206896551724,1823.66,31.442413793103448,7.431034482758621,25,58,0,2.391758383902761,1.0,32.4375,0.0,100.0,0.0,0.0,143.0,0
343,2023-07-04,USA,43.0,F,Basic,10.81,546,0,36-50,North America,275,4.910714285714286,1637.74,29.24535714285714,7.625,20,56,0,2.5246190403110913,3.0,16.815694444444446,1.0,100.0,0.0,3.5,47.0,0
344,2023-04-05,USA,37.0,M,Basic,13.55,636,0,36-50,North America,353,4.584415584415584,2151.34,27.939480519480522,7.337662337662338,34,77,0,2.602380738713614,4.0,13.864652777777778,0.0,75.0,1.0,4.0,11.0,0
345,2022-05-24,USA,58.0,F,Premium,37.31,952,1,51+,North America,303,5.05,2020.17,33.6695,7.45,40,60,1,2.8488772691913664,2.0,24.962777777777777,1.0,100.0,0.0,4.0,162.0,0
346,2023-03-09,UK,66.0,F,Enterprise,143.91,663,1,51+,Europe,334,5.0606060606060606,2020.7,30.616666666666667,7.121212121212121,46,66,2,2.6940320818076495,1.0,52.280277777777776,0.0,100.0,1.0,0.0,245.0,0
347,2022-07-07,Spain,44.0,F,Premium,30.79,908,1,36-50,Europe,286,4.8474576271186445,1882.47,31.90627118644068,7.016949152542373,20,59,0,2.6249043287789653,0.0,0.0,0.0,0.0,0.0,0.0,0.0,0
348,2022-10-13,UK,66.0,Unknown,Basic,13.1,810,0,51+,Europe,167,4.513513513513513,1120.59,30.286216216216214,6.4324324324324325,19,37,5,2.9308855470813064,0.0,0.0,0.0,0.0,0.0,0.0,0.0,0
349,2023-04-19,Spain,29.0,Other,Basic,10.25,622,0,26-35,Europe,248,4.862745098039215,1675.02,32.843529411764706,7.921568627450981,29,51,0,2.245169105819312,0.0,0.0,0.0,0.0,0.0,0.0,0.0,0
350,2022-09-13,USA,24.0,Other,Basic,11.9,840,0,18-25,North America,97,4.85,459.43,22.9715,6.75,11,20,1,3.1165939573093,0.0,0.0,0.0,0.0,0.0,0.0,0.0,0
351,2024-06-14,Spain,20.0,F,Basic,11.96,200,0,18-25,Europe,114,5.428571428571429,609.22,29.01047619047619,7.285714285714286,12,21,6,2.2709343577353476,5.0,14.778833333333333,0.0,100.0,1.0,3.5,19.0,1
352,2022-03-19,UK,27.0,F,Basic,14.98,1018,0,26-35,Europe,145,4.833333333333333,1053.56,35.11866666666666,9.766666666666667,16,30,4,2.2906606987464575,5.0,9.221944444444444,2.0,80.0,0.0,3.0,28.0,0
353,2023-03-30,Canada,51.0,M,Premium,32.99,642,1,51+,North America,47,5.222222222222222,242.91,26.99,7.222222222222222,3,9,3,2.9486343354923554,4.0,5.487592592592592,1.0,0.0,1.0,4.5,129.0,0
354,2024-04-07,USA,43.5,M,Enterprise,182.04,268,1,36-50,North America,135,4.354838709677419,1096.38,35.36709677419355,7.67741935483871,22,31,0,2.5106225933922475,0.0,0.0,0.0,0.0,0.0,0.0,0.0,1
355,2024-06-01,Spain,52.0,M,Basic,10.26,213,0,51+,Europe,368,4.658227848101266,2393.0,30.29113924050633,6.987341772151899,36,79,0,2.6451992118735763,0.0,0.0,0.0,0.0,0.0,0.0,0.0,1
356,2024-05-26,UK,33.0,M,Basic,12.64,219,0,26-35,Europe,129,4.3,771.5,25.716666666666665,7.6,10,30,3,2.4934396682715914,2.0,4.3175,1.0,0.0,0.0,2.0,69.0,0
357,2023-07-18,UK,19.0,F,Premium,35.36,532,1,18-25,Europe,284,4.896551724137931,1751.62,30.200344827586203,8.344827586206897,26,58,3,2.586670658156717,0.0,0.0,0.0,0.0,0.0,0.0,0.0,0
358,2022-04-11,Spain,41.0,F,Premium,36.28,995,1,36-50,Europe,176,4.631578947368421,1223.24,32.19052631578948,7.815789473684211,21,38,0,2.6141098700165193,0.0,0.0,0.0,0.0,0.0,0.0,0.0,1
359,2022-02-21,UK,27.0,F,Premium,38.09,1044,1,26-35,Europe,222,4.269230769230769,1470.26,28.27423076923077,7.865384615384615,21,52,1,2.6503080443629723,0.0,0.0,0.0,0.0,0.0,0.0,0.0,0
360,2023-10-30,Mexico,55.0,M,Basic,13.8,428,0,51+,North America,302,5.392857142857143,1762.02,31.464642857142856,8.107142857142858,29,56,0,2.4985710201747606,0.0,0.0,0.0,0.0,0.0,0.0,0.0,0
361,2023-07-08,USA,39.0,M,Basic,13.8,542,0,36-50,North America,148,4.933333333333334,1029.07,34.30233333333333,7.533333333333333,18,30,1,2.6120850877693718,0.0,0.0,0.0,0.0,0.0,0.0,0.0,0
362,2024-05-06,Mexico,43.0,F,Enterprise,143.22,239,1,36-50,North America,292,5.214285714285714,1699.47,30.34767857142857,8.178571428571429,40,56,0,2.6403462976338106,0.0,0.0,0.0,0.0,0.0,0.0,0.0,0
363,2022-01-16,France,60.0,M,Basic,13.63,1080,0,51+,Europe,117,4.0344827586206895,885.42,30.531724137931032,8.310344827586206,18,29,4,2.4125084547696356,0.0,0.0,0.0,0.0,0.0,0.0,0.0,1
364,2022-04-06,USA,56.0,M,Premium,34.9,1000,1,51+,North America,183,6.1,766.37,25.545666666666666,6.533333333333333,15,30,0,2.5236809460075134,2.0,21.37222222222222,0.0,50.0,1.0,4.0,197.0,0
365,2024-02-11,France,44.0,Other,Basic,10.32,324,0,36-50,Europe,403,4.579545454545454,2316.52,26.32409090909091,7.738636363636363,36,88,0,2.7195401525971805,3.0,26.683888888888887,1.0,33.33333333333333,0.0,0.0,92.0,0
366,2024-05-19,Brazil,46.0,F,Basic,14.44,226,0,36-50,South America,333,5.285714285714286,1719.57,27.294761904761902,7.619047619047619,34,63,0,2.853569193634026,0.0,0.0,0.0,0.0,0.0,0.0,0.0,0
367,2022-08-31,USA,64.0,M,Premium,38.89,853,1,51+,North America,183,4.945945945945946,956.97,25.864054054054055,7.8108108108108105,22,37,2,2.4030761067379403,0.0,0.0,0.0,0.0,0.0,0.0,0.0,1
368,2022-06-20,Mexico,55.0,F,Basic,11.6,925,0,51+,North America,107,5.944444444444445,556.35,30.908333333333335,8.38888888888889,8,18,7,2.2353371168894838,0.0,0.0,0.0,0.0,0.0,0.0,0.0,0
369,2023-02-21,USA,37.0,F,Premium,39.13,679,1,36-50,North America,37,5.285714285714286,229.68,32.81142857142857,7.714285714285714,2,7,6,2.811540841738193,5.0,20.756666666666668,0.0,80.0,1.0,4.0,194.0,1
370,2023-05-13,USA,44.0,F,Basic,13.78,598,0,36-50,North America,296,4.933333333333334,1633.51,27.225166666666667,7.283333333333333,20,60,0,2.298611715625116,2.0,7.173611111111112,0.0,0.0,0.0,2.0,172.0,0
371,2023-05-08,UK,58.0,F,Enterprise,140.07,603,1,51+,Europe,128,4.266666666666667,774.14,25.804666666666666,7.733333333333333,13,30,2,2.4625937172201087,0.0,0.0,0.0,0.0,0.0,0.0,0.0,0
372,2022-08-07,USA,37.0,M,Basic,11.65,877,0,36-50,North America,247,5.25531914893617,1131.52,24.074893617021278,7.531914893617022,26,47,1,2.769932388959693,0.0,0.0,0.0,0.0,0.0,0.0,0.0,0
373,2024-06-04,Brazil,61.0,F,Basic,14.87,210,0,51+,South America,415,5.060975609756097,2075.07,25.305731707317076,7.780487804878049,44,82,0,2.4461991730968067,0.0,0.0,0.0,0.0,0.0,0.0,0.0,0
374,2023-02-15,France,36.0,M,Basic,13.55,685,0,36-50,Europe,171,4.5,1033.97,27.209736842105265,7.0,32,38,4,2.5228683804084713,0.0,0.0,0.0,0.0,0.0,0.0,0.0,0
375,2022-03-02,UK,37.0,M,Premium,33.78,1035,1,36-50,Europe,285,5.089285714285714,1692.6,30.224999999999998,7.625,30,56,2,2.7188017796233543,0.0,0.0,0.0,0.0,0.0,0.0,0.0,0
376,2022-06-18,USA,52.0,F,Premium,36.41,927,1,51+,North America,43,5.375,218.96,27.37,8.375,6,8,27,2.9730936268953445,0.0,0.0,0.0,0.0,0.0,0.0,0.0,0
377,2023-01-24,UK,64.0,F,Basic,12.85,707,0,51+,Europe,451,5.244186046511628,2565.98,29.836976744186046,6.988372093023256,43,86,0,2.5756143596597227,0.0,0.0,0.0,0.0,0.0,0.0,0.0,0
378,2022-01-03,USA,19.0,F,Basic,12.61,1093,0,18-25,North America,60,5.454545454545454,361.47,32.8609090909091,5.7272727272727275,9,11,4,2.46429041972071,0.0,0.0,0.0,0.0,0.0,0.0,0.0,0
379,2023-02-04,Mexico,47.0,Unknown,Premium,36.44,696,1,36-50,North America,275,5.0,1373.92,24.980363636363638,8.218181818181819,26,55,1,2.4494897427831783,0.0,0.0,0.0,0.0,0.0,0.0,0.0,0
380,2022-09-29,UK,43.5,F,Premium,35.37,824,1,36-50,Europe,133,4.15625,1104.76,34.52375,8.0625,24,32,3,2.096223562935607,5.0,15.201833333333331,0.0,60.0,2.0,4.666666666666667,13.0,0
381,2024-03-13,UK,51.0,F,Premium,36.54,293,1,51+,Europe,304,4.983606557377049,1830.47,30.007704918032786,7.934426229508197,35,61,1,2.7718333480369304,4.0,11.805972222222223,2.0,50.0,0.0,4.0,87.0,0
382,2024-03-14,Spain,39.0,F,Premium,39.07,292,1,36-50,Europe,181,4.891891891891892,1121.02,30.297837837837836,7.513513513513513,15,37,0,2.806577431120844,0.0,0.0,0.0,0.0,0.0,0.0,0.0,0
383,2023-04-11,Spain,20.0,Unknown,Basic,14.96,630,0,18-25,Europe,183,4.6923076923076925,1229.05,31.51410256410256,8.948717948717949,16,39,0,2.3636929864965452,0.0,0.0,0.0,0.0,0.0,0.0,0.0,1
384,2022-10-20,Germany,23.0,M,Basic,13.54,803,0,18-25,Europe,86,5.375,452.92999999999995,28.308124999999997,8.75,5,16,3,2.5265259415516264,0.0,0.0,0.0,0.0,0.0,0.0,0.0,0
385,2023-03-10,USA,32.0,M,Basic,14.63,662,0,26-35,North America,92,4.6,559.01,27.950499999999998,7.4,12,20,0,2.7414940221864805,0.0,0.0,0.0,0.0,0.0,0.0,0.0,0
386,2023-12-15,USA,43.5,M,Enterprise,185.83,382,1,36-50,North America,33,4.714285714285714,210.45,30.064285714285713,6.857142857142857,2,7,9,2.563479777846623,0.0,0.0,0.0,0.0,0.0,0.0,0.0,1
387,2024-01-19,USA,27.0,F,Basic,11.47,347,0,26-35,North America,64,4.0,332.89,20.805625,9.1875,14,16,6,2.6832815729997477,0.0,0.0,0.0,0.0,0.0,0.0,0.0,0
388,2024-03-13,Australia,26.0,F,Basic,14.65,293,0,26-35,Oceania,38,5.428571428571429,188.03,26.861428571428572,9.285714285714286,1,7,24,3.598941643369749,0.0,0.0,0.0,0.0,0.0,0.0,0.0,0
389,2023-07-24,Canada,50.0,Other,Enterprise,107.07,526,1,36-50,North America,50,4.545454545454546,445.17,40.47,8.0,7,11,7,2.0670576365276494,3.0,13.06314814814815,0.0,66.66666666666666,1.0,3.3333333333333335,83.0,1
390,2023-11-09,USA,49.0,F,Basic,11.64,418,0,36-50,North America,303,5.05,1604.89,26.74816666666667,8.216666666666667,31,60,1,2.8607513532435402,2.0,12.168611111111112,0.0,50.0,0.0,5.0,41.0,0
391,2024-01-06,UK,65.0,F,Premium,36.39,360,1,51+,Europe,209,4.18,1559.03,31.1806,6.14,32,50,0,2.536991629984664,5.0,17.615925925925925,2.0,80.0,0.0,2.0,30.0,1
392,2023-05-14,Germany,23.0,M,Premium,35.26,597,1,18-25,Europe,304,5.066666666666666,1928.84,32.14733333333333,7.133333333333334,34,60,0,2.6799106149188634,4.0,14.843518518518517,1.0,75.0,0.0,4.5,7.0,1
393,2022-06-08,UK,58.0,M,Enterprise,154.23,937,1,51+,Europe,356,5.5625,1707.36,26.6775,8.3125,32,64,0,2.099697635072764,0.0,0.0,0.0,0.0,0.0,0.0,0.0,1
394,2022-07-14,Mexico,53.0,M,Basic,13.96,901,0,51+,North America,207,5.175,1353.56,33.839,8.45,23,40,0,2.6591641254638354,5.0,9.25826388888889,1.0,0.0,0.0,5.0,67.0,0
395,2022-10-31,Mexico,19.0,F,Basic,10.96,792,0,18-25,North America,250,5.813953488372093,1084.46,25.220000000000002,7.348837209302325,24,43,1,2.528464751145477,0.0,0.0,0.0,0.0,0.0,0.0,0.0,0
396,2022-08-11,UK,46.0,M,Enterprise,198.2,873,1,36-50,Europe,271,4.839285714285714,1807.74,32.28107142857143,7.464285714285714,22,56,0,2.6476527217641164,0.0,0.0,0.0,0.0,0.0,0.0,0.0,0
397,2022-03-01,UK,21.0,F,Basic,12.18,1036,0,18-25,Europe,409,5.1125,2477.13,30.964125000000003,8.2375,48,80,0,2.7787336611294133,3.0,15.314583333333333,1.0,33.33333333333333,0.0,0.0,22.0,1
398,2023-08-17,Brazil,18.0,Unknown,Basic,14.74,502,0,18-25,South America,161,5.03125,965.75,30.1796875,7.59375,15,32,1,2.4689605361431473,0.0,0.0,0.0,0.0,0.0,0.0,0.0,0
399,2024-01-24,USA,36.0,M,Premium,33.82,342,1,36-50,North America,103,5.15,531.6600000000001,26.583000000000006,8.2,12,20,0,2.9428772172466653,1.0,11.035,0.0,0.0,0.0,0.0,119.0,0
400,2023-07-10,UK,43.5,M,Basic,13.0,540,0,36-50,Europe,240,5.333333333333333,1370.54,30.456444444444443,7.222222222222222,17,45,0,2.6024464015090247,0.0,0.0,0.0,0.0,0.0,0.0,0.0,1
401,2022-03-04,Spain,42.0,F,Enterprise,145.02,1033,1,36-50,Europe,283,4.964912280701754,1599.9,28.06842105263158,7.543859649122807,24,57,1,2.405090674565557,4.0,22.932129629629628,1.0,100.0,0.0,3.3333333333333335,106.0,1
402,2024-02-05,Canada,27.0,M,Premium,36.75,330,1,26-35,North America,377,5.026666666666666,2467.91,32.90546666666666,7.093333333333334,48,75,0,2.6507180737125378,2.0,23.587916666666665,0.0,100.0,1.0,3.0,164.0,0
403,2022-11-18,Canada,70.0,F,Basic,10.91,774,0,51+,North America,318,5.0476190476190474,1924.92,30.554285714285715,7.73015873015873,32,63,3,2.8079872910553054,3.0,22.55472222222222,1.0,66.66666666666666,1.0,2.5,28.0,1
404,2022-02-28,USA,32.0,F,Basic,11.99,1037,0,26-35,North America,158,4.787878787878788,997.98,30.241818181818182,7.515151515151516,19,33,4,2.6781240607650134,0.0,0.0,0.0,0.0,0.0,0.0,0.0,0
405,2022-02-21,UK,39.0,F,Basic,10.33,1044,0,36-50,Europe,217,5.2926829268292686,1257.25,30.664634146341463,7.2926829268292686,19,41,1,2.369007201751658,4.0,13.863240740740741,1.0,50.0,0.0,3.5,59.0,0
406,2023-08-22,Mexico,68.0,F,Basic,12.98,497,0,51+,North America,202,5.17948717948718,1067.02,27.35948717948718,7.17948717948718,19,39,2,2.594242561314684,4.0,20.768194444444443,0.0,75.0,2.0,4.5,153.0,0
407,2023-05-04,USA,65.0,F,Premium,39.62,607,1,51+,North America,420,5.121951219512195,2368.43,28.88329268292683,6.878048780487805,44,82,0,2.588627759374344,0.0,0.0,0.0,0.0,0.0,0.0,0.0,0
408,2023-05-30,Australia,38.0,Other,Basic,10.22,581,0,36-50,Oceania,24,4.8,137.93,27.586000000000002,11.8,3,5,6,2.588435821108957,0.0,0.0,0.0,0.0,0.0,0.0,0.0,1
409,2024-05-23,USA,39.0,M,Basic,13.29,222,0,36-50,North America,226,4.185185185185185,1399.65,25.919444444444448,7.555555555555555,31,54,2,2.411247810324615,0.0,0.0,0.0,0.0,0.0,0.0,0.0,0
410,2023-06-28,UK,53.0,F,Enterprise,177.5,552,1,51+,Europe,273,5.25,1283.99,24.692115384615384,7.346153846153846,37,52,0,2.5581473075370043,0.0,0.0,0.0,0.0,0.0,0.0,0.0,0
411,2022-06-11,Australia,43.5,M,Basic,11.06,934,0,36-50,Oceania,179,4.7105263157894735,1096.22,28.847894736842107,7.078947368421052,16,38,3,2.9123028385820535,0.0,0.0,0.0,0.0,0.0,0.0,0.0,0
412,2022-02-28,Brazil,47.0,M,Basic,11.36,1037,0,36-50,South America,110,5.238095238095238,537.58,25.59904761904762,8.666666666666666,9,21,0,2.773170782782083,4.0,6.64425925925926,1.0,25.0,0.0,3.0,37.0,0
413,2023-06-05,USA,42.0,M,Enterprise,120.15,575,1,36-50,North America,213,5.195121951219512,1218.84,29.72780487804878,7.0,31,41,0,2.7223107114648206,1.0,19.868333333333332,0.0,0.0,1.0,1.0,307.0,0
414,2022-03-24,UK,43.5,F,Basic,11.48,1013,0,36-50,Europe,30,4.285714285714286,221.57,31.65285714285714,6.285714285714286,6,7,12,2.3603873774083293,0.0,0.0,0.0,0.0,0.0,0.0,0.0,0
415,2024-05-21,USA,45.0,M,Enterprise,111.0,224,1,36-50,North America,177,5.205882352941177,954.61,28.076764705882354,7.735294117647059,14,34,2,2.6943196337424506,4.0,11.236666666666666,3.0,75.0,1.0,0.0,77.0,0
416,2022-07-10,USA,18.0,M,Premium,33.69,905,1,18-25,North America,422,4.795454545454546,2534.22,28.797954545454544,7.079545454545454,45,88,0,2.6959274987228246,0.0,0.0,0.0,0.0,0.0,0.0,0.0,0
417,2022-03-12,USA,66.0,Other,Premium,33.68,1025,1,51+,North America,49,7.0,203.56,29.080000000000002,6.857142857142857,5,7,19,1.8257418583505534,0.0,0.0,0.0,0.0,0.0,0.0,0.0,0
418,2023-09-02,Australia,62.0,Unknown,Premium,38.06,486,1,51+,Oceania,256,4.923076923076923,1468.15,28.23365384615385,7.25,29,52,1,2.7357198131255327,4.0,17.631481481481483,1.0,75.0,1.0,4.0,26.0,1
419,2022-03-11,Australia,21.0,F,Basic,13.99,1026,0,18-25,Oceania,306,5.275862068965517,1470.27,25.349482758620688,7.5,33,58,0,2.3380386400561566,0.0,0.0,0.0,0.0,0.0,0.0,0.0,0
420,2023-11-23,Mexico,24.0,F,Premium,37.96,404,1,18-25,North America,355,5.298507462686567,1909.25,28.496268656716417,7.895522388059701,35,67,0,2.5762018399958513,0.0,0.0,0.0,0.0,0.0,0.0,0.0,0
421,2024-06-01,Brazil,66.0,Other,Premium,35.66,213,1,51+,South America,184,4.972972972972973,1142.42,30.876216216216218,8.243243243243244,17,37,1,2.7129984077327363,0.0,0.0,0.0,0.0,0.0,0.0,0.0,0
422,2022-08-29,Mexico,26.0,F,Basic,11.62,855,0,26-35,North America,275,5.188679245283019,1843.24,34.77811320754717,7.962264150943396,25,53,0,2.739010235142396,5.0,17.15824074074074,2.0,40.0,2.0,4.5,13.0,0
423,2023-02-18,UK,53.0,M,Basic,12.04,682,0,51+,Europe,84,4.421052631578948,494.71,26.03736842105263,8.052631578947368,14,19,6,2.7551122073073175,0.0,0.0,0.0,0.0,0.0,0.0,0.0,0
424,2022-05-03,UK,36.0,F,Premium,33.17,973,1,36-50,Europe,108,5.684210526315789,696.26,36.64526315789474,7.0,13,19,12,2.8877640635186435,0.0,0.0,0.0,0.0,0.0,0.0,0.0,0
425,2024-06-30,USA,18.0,F,Basic,12.9,184,0,18-25,North America,296,5.285714285714286,1885.8700000000001,33.67625,8.053571428571429,30,56,0,2.3488046144545778,1.0,33.22944444444445,0.0,100.0,0.0,0.0,123.0,1
426,2023-08-07,Australia,27.0,M,Premium,39.37,512,1,26-35,Oceania,66,4.4,528.58,35.23866666666667,9.333333333333334,8,15,9,2.8982753492378874,3.0,38.438148148148144,0.0,66.66666666666666,0.0,4.5,126.0,0
427,2022-09-10,France,53.0,Unknown,Premium,32.83,843,1,51+,Europe,364,4.986301369863014,2272.9,31.135616438356166,6.876712328767123,29,73,1,2.5193316501545246,4.0,19.191875,0.0,25.0,1.0,2.6666666666666665,104.0,1
428,2023-08-16,UK,26.0,M,Basic,12.28,503,0,26-35,Europe,176,4.512820512820513,1353.1200000000001,34.69538461538462,8.35897435897436,21,39,1,2.3493761195575087,2.0,22.678333333333335,0.0,50.0,0.0,3.5,11.0,1
429,2023-09-01,Spain,62.0,F,Basic,13.27,487,0,51+,Europe,298,5.622641509433962,1563.96,29.50867924528302,7.811320754716981,29,53,0,2.4434088348857372,0.0,0.0,0.0,0.0,0.0,0.0,0.0,0
430,2022-02-10,Brazil,63.0,M,Basic,14.21,1055,0,51+,South America,376,5.081081081081081,2200.7,29.739189189189187,7.797297297297297,30,74,0,2.5089252010709044,2.0,5.148333333333333,1.0,0.0,1.0,3.0,2.0,0
431,2023-09-27,USA,59.0,Other,Basic,11.26,461,0,51+,North America,174,5.4375,916.05,28.6265625,8.75,17,32,1,2.939579737353295,0.0,0.0,0.0,0.0,0.0,0.0,0.0,1
432,2022-03-25,Mexico,49.0,F,Basic,11.39,1012,0,36-50,North America,142,4.896551724137931,937.81,32.33827586206896,8.482758620689655,16,29,1,2.8201421897562806,0.0,0.0,0.0,0.0,0.0,0.0,0.0,1
433,2023-03-06,UK,49.0,F,Premium,38.84,666,1,36-50,Europe,131,5.24,815.54,32.6216,7.32,17,25,0,2.6969118141558384,0.0,0.0,0.0,0.0,0.0,0.0,0.0,0
434,2023-11-05,USA,23.0,F,Premium,30.79,422,1,18-25,North America,54,5.4,298.19,29.819,7.7,4,10,0,2.590581230363393,1.0,1.0155555555555555,0.0,100.0,0.0,1.0,36.0,0
435,2023-08-21,Australia,65.0,M,Premium,36.04,498,1,51+,Oceania,255,4.722222222222222,1661.85,30.775,7.444444444444445,32,54,0,2.729411206577564,4.0,18.178333333333335,2.0,25.0,1.0,5.0,167.0,1
436,2023-08-02,USA,55.0,M,Premium,38.59,517,1,51+,North America,220,4.888888888888889,1391.87,30.930444444444444,8.177777777777777,22,45,0,2.569243098854233,0.0,0.0,0.0,0.0,0.0,0.0,0.0,1
437,2023-06-20,UK,43.5,M,Basic,14.6,560,0,36-50,Europe,279,4.982142857142857,1766.57,31.545892857142857,7.660714285714286,32,56,1,2.583099416863896,1.0,0.0,1.0,100.0,0.0,0.0,363.0,0
438,2022-11-20,Brazil,27.0,F,Premium,30.12,772,1,26-35,South America,30,4.285714285714286,145.52,20.78857142857143,10.0,3,7,3,2.751622897751175,0.0,0.0,0.0,0.0,0.0,0.0,0.0,0
439,2022-09-25,UK,67.0,M,Basic,11.84,828,0,51+,Europe,247,5.145833333333333,1473.08,30.689166666666665,7.5625,21,48,0,2.51793214156052,5.0,11.081388888888888,1.0,40.0,0.0,3.5,118.0,0
440,2022-07-29,Germany,44.0,M,Basic,11.28,886,0,36-50,Europe,204,5.230769230769231,1268.58,32.527692307692305,6.564102564102564,20,39,0,2.322221468897247,0.0,0.0,0.0,0.0,0.0,0.0,0.0,0
441,2023-11-17,USA,67.0,M,Basic,12.83,410,0,51+,North America,93,4.894736842105263,557.03,29.31736842105263,7.7894736842105265,13,19,3,2.6224402724287432,0.0,0.0,0.0,0.0,0.0,0.0,0.0,0
442,2024-01-04,USA,52.0,F,Basic,13.15,362,0,51+,North America,264,5.076923076923077,1630.31,31.352115384615384,8.942307692307692,22,52,0,2.291040981362085,3.0,17.278796296296296,0.0,33.33333333333333,1.0,4.5,16.0,0
443,2022-11-18,USA,69.0,Unknown,Basic,14.99,774,0,51+,North America,410,5.256410256410256,1956.85,25.08782051282051,7.589743589743589,41,78,0,2.5858551171027906,0.0,0.0,0.0,0.0,0.0,0.0,0.0,0
444,2022-09-02,France,38.0,F,Basic,12.55,851,0,36-50,Europe,175,5.645161290322581,826.84,26.67225806451613,7.419354838709677,16,31,0,2.3028733804644173,0.0,0.0,0.0,0.0,0.0,0.0,0.0,1
445,2022-09-29,Italy,42.0,M,Basic,12.75,824,0,36-50,Europe,177,4.916666666666667,1072.4,29.78888888888889,7.388888888888889,18,36,3,2.5,1.0,5.278888888888889,0.0,100.0,0.0,5.0,102.0,1
446,2023-02-10,UK,45.0,F,Enterprise,141.42,690,1,36-50,Europe,237,5.266666666666667,1460.66,32.45911111111111,6.866666666666666,23,45,0,2.9341252374585016,2.0,12.158888888888889,1.0,0.0,0.0,5.0,59.0,0
447,2022-05-15,Italy,64.0,M,Basic,10.73,961,0,51+,Europe,113,4.52,772.97,30.9188,6.96,18,25,7,3.0566866593312,0.0,0.0,0.0,0.0,0.0,0.0,0.0,0
448,2023-11-19,USA,32.0,F,Premium,33.02,408,1,26-35,North America,416,4.781609195402299,2227.16,25.599540229885054,7.057471264367816,42,87,0,2.44676001881711,2.0,12.125972222222222,0.0,50.0,0.0,0.0,321.0,0
449,2023-10-23,Spain,21.0,F,Basic,11.22,435,0,18-25,Europe,194,4.127659574468085,1408.25,29.96276595744681,7.531914893617022,26,47,1,2.3647503892229835,0.0,0.0,0.0,0.0,0.0,0.0,0.0,1
450,2022-11-04,Mexico,46.0,M,Basic,14.0,788,0,36-50,North America,207,4.813953488372093,1307.99,30.418372093023255,6.558139534883721,25,43,1,2.3930038301512377,0.0,0.0,0.0,0.0,0.0,0.0,0.0,0
451,2023-04-14,Spain,43.5,F,Basic,12.72,627,0,36-50,Europe,115,5.476190476190476,607.12,28.910476190476192,7.523809523809524,13,21,3,2.1123221255066094,0.0,0.0,0.0,0.0,0.0,0.0,0.0,1
452,2022-11-20,USA,44.0,F,Basic,11.47,772,0,36-50,North America,174,4.578947368421052,1036.45,27.275000000000002,8.868421052631579,16,38,0,2.5429455037402766,5.0,21.6925,1.0,0.0,2.0,5.0,70.0,0
453,2024-02-09,UK,43.0,F,Premium,34.88,326,1,36-50,Europe,190,5.277777777777778,899.25,24.979166666666668,8.083333333333334,14,36,0,2.625273984189744,0.0,0.0,0.0,0.0,0.0,0.0,0.0,0
454,2022-03-16,Germany,36.0,F,Basic,11.08,1021,0,36-50,Europe,202,4.488888888888889,1414.55,31.434444444444445,8.222222222222221,18,45,6,2.6851631254173385,4.0,16.320925925925927,1.0,25.0,0.0,3.0,8.0,0
455,2022-01-10,USA,45.0,M,Basic,10.92,1086,0,36-50,North America,110,5.0,859.48,39.06727272727273,7.863636363636363,18,22,1,2.6186146828319083,2.0,14.039166666666668,0.0,0.0,0.0,0.0,131.0,1
456,2023-04-15,Canada,34.0,F,Basic,14.29,626,0,26-35,North America,163,5.258064516129032,676.98,21.838064516129034,8.0,14,31,3,2.8398091712353244,4.0,17.53046296296296,1.0,75.0,0.0,4.0,96.0,0
457,2023-09-29,Italy,60.0,Other,Basic,14.71,459,0,51+,Europe,273,5.25,1294.86,24.901153846153843,7.8076923076923075,27,52,0,2.5581473075370043,0.0,0.0,0.0,0.0,0.0,0.0,0.0,1
458,2023-07-31,USA,58.0,F,Premium,30.79,519,1,51+,North America,302,4.507462686567164,1939.86,28.953134328358207,7.074626865671642,34,67,0,2.5188569697767034,0.0,0.0,0.0,0.0,0.0,0.0,0.0,0
459,2022-04-13,Italy,59.0,F,Basic,13.81,993,0,51+,Europe,265,4.732142857142857,1458.65,26.04732142857143,7.482142857142857,23,56,1,2.666226965913861,0.0,0.0,0.0,0.0,0.0,0.0,0.0,0
460,2022-03-17,USA,67.0,M,Basic,12.26,1020,0,51+,North America,379,5.573529411764706,1844.69,27.12779411764706,7.323529411764706,46,68,0,2.426939455059607,3.0,18.595648148148147,0.0,100.0,0.0,5.0,245.0,0
461,2023-07-05,Spain,37.0,F,Basic,11.93,545,0,36-50,Europe,216,5.538461538461538,1267.56,32.50153846153846,6.3076923076923075,23,39,0,2.6342496569347276,1.0,8.920277777777779,0.0,0.0,0.0,3.0,362.0,0
462,2022-08-07,USA,62.0,F,Basic,13.44,877,0,51+,North America,271,4.672413793103448,1723.46,29.714827586206898,7.655172413793103,25,58,0,2.543570711838419,0.0,0.0,0.0,0.0,0.0,0.0,0.0,1
463,2023-06-03,France,57.0,M,Basic,11.32,577,0,51+,Europe,141,4.2727272727272725,1213.69,36.77848484848485,7.7272727272727275,18,33,0,2.5650624660123693,3.0,7.476018518518519,0.0,66.66666666666666,0.0,3.3333333333333335,42.0,1
464,2022-09-29,Canada,56.0,F,Basic,10.09,824,0,51+,North America,87,4.833333333333333,398.07,22.115,7.444444444444445,13,18,0,2.8127859331777016,0.0,0.0,0.0,0.0,0.0,0.0,0.0,0
465,2022-05-16,UK,66.0,F,Basic,11.06,960,0,51+,Europe,335,4.589041095890411,2063.25,28.263698630136986,8.452054794520548,23,73,0,2.629087380940581,0.0,0.0,0.0,0.0,0.0,0.0,0.0,0
466,2022-12-24,Germany,70.0,M,Premium,31.84,738,1,51+,Europe,81,4.05,644.68,32.233999999999995,7.1,8,20,0,2.704285098641939,5.0,7.653333333333333,0.0,80.0,0.0,4.0,78.0,0
467,2024-06-21,Brazil,40.0,M,Premium,30.33,193,1,36-50,South America,94,5.529411764705882,433.17,25.480588235294118,8.764705882352942,9,17,0,2.7640017876898964,0.0,0.0,0.0,0.0,0.0,0.0,0.0,1
468,2022-03-12,Italy,64.0,F,Basic,11.6,1025,0,51+,Europe,247,5.040816326530612,1565.35,31.945918367346938,7.755102040816326,21,49,1,2.6532934225966334,0.0,0.0,0.0,0.0,0.0,0.0,0.0,0
469,2024-06-19,Germany,49.0,M,Basic,12.36,195,0,36-50,Europe,228,4.470588235294118,1334.29,26.16254901960784,7.96078431372549,31,51,0,2.5483558713529053,0.0,0.0,0.0,0.0,0.0,0.0,0.0,0
470,2022-09-08,Italy,69.0,M,Basic,13.67,845,0,51+,Europe,75,5.357142857142857,479.46,34.247142857142855,7.857142857142857,10,14,9,2.7625835972632813,4.0,7.742638888888889,2.0,50.0,2.0,1.5,15.0,1
471,2023-01-14,USA,43.5,M,Premium,33.25,717,1,36-50,North America,410,5.189873417721519,2480.0,31.39240506329114,7.417721518987341,47,79,0,2.741307704817074,0.0,0.0,0.0,0.0,0.0,0.0,0.0,0
472,2022-10-19,USA,50.0,M,Basic,10.96,804,0,36-50,North America,129,4.448275862068965,837.92,28.893793103448274,7.103448275862069,10,29,3,2.5437066162892474,0.0,0.0,0.0,0.0,0.0,0.0,0.0,0
473,2022-06-11,France,63.0,F,Enterprise,123.05,934,1,51+,Europe,485,5.511363636363637,2600.64,29.55272727272727,6.886363636363637,40,88,0,2.3586198876238345,0.0,0.0,0.0,0.0,0.0,0.0,0.0,0
474,2023-03-25,Spain,22.0,M,Basic,14.45,647,0,18-25,Europe,247,5.25531914893617,1405.55,29.90531914893617,7.74468085106383,16,47,3,2.608248496983493,3.0,9.519027777777778,1.0,66.66666666666666,1.0,0.0,80.0,1
475,2024-05-03,Brazil,60.0,F,Basic,11.01,242,0,51+,South America,53,4.818181818181818,373.32,33.93818181818182,8.0,10,11,5,1.8877596148970779,0.0,0.0,0.0,0.0,0.0,0.0,0.0,0
476,2023-07-11,Australia,65.0,F,Premium,38.78,539,1,51+,Oceania,59,5.9,341.61,34.161,5.6,6,10,4,2.183269719175042,0.0,0.0,0.0,0.0,0.0,0.0,0.0,1
477,2023-12-22,Italy,51.0,F,Basic,12.23,375,0,51+,Europe,160,5.333333333333333,771.64,25.721333333333334,8.233333333333333,17,30,6,2.643578209005067,0.0,0.0,0.0,0.0,0.0,0.0,0.0,0
478,2022-11-06,Germany,57.0,M,Basic,14.66,786,0,51+,Europe,109,4.541666666666667,555.75,23.15625,7.833333333333333,9,24,1,2.6371784438917922,0.0,0.0,0.0,0.0,0.0,0.0,0.0,1
479,2023-09-19,France,28.0,F,Basic,12.03,469,0,26-35,Europe,293,4.966101694915254,2113.98,35.830169491525425,7.0,23,59,0,2.4911297928153497,0.0,0.0,0.0,0.0,0.0,0.0,0.0,0
480,2024-04-06,UK,67.0,M,Basic,10.88,269,0,51+,Europe,267,4.8545454545454545,1338.7,24.34,6.781818181818182,24,55,1,2.7582749696288094,4.0,11.011481481481482,1.0,50.0,0.0,5.0,237.0,1
481,2023-11-01,Brazil,20.0,M,Premium,35.48,426,1,18-25,South America,274,5.169811320754717,1763.44,33.27245283018868,7.566037735849057,25,53,0,2.687119197039861,2.0,32.22972222222222,0.0,50.0,0.0,4.0,1.0,0
482,2023-06-26,UK,50.0,F,Premium,35.87,554,1,36-50,Europe,232,5.043478260869565,1331.01,28.935,7.6521739130434785,26,46,0,2.6994363340777525,3.0,7.696111111111112,1.0,0.0,0.0,4.0,35.0,0
483,2022-01-09,USA,28.0,F,Basic,13.17,1087,0,26-35,North America,205,5.394736842105263,871.91,22.945,7.947368421052632,22,38,1,2.7562163026973447,0.0,0.0,0.0,0.0,0.0,0.0,0.0,0
484,2023-11-15,Spain,33.0,F,Basic,12.05,412,0,26-35,Europe,161,5.551724137931035,783.4,27.013793103448275,6.310344827586207,16,29,1,2.543706616289248,0.0,0.0,0.0,0.0,0.0,0.0,0.0,0
485,2024-04-16,Mexico,35.0,Other,Basic,10.23,259,0,26-35,North America,70,5.833333333333333,255.4,21.283333333333335,8.25,5,12,0,2.0816659994661326,0.0,0.0,0.0,0.0,0.0,0.0,0.0,0
486,2023-07-22,Mexico,47.0,Unknown,Premium,36.26,528,1,36-50,North America,150,5.172413793103448,1078.36,37.18482758620689,7.896551724137931,10,29,0,2.4650263040793208,2.0,0.0,2.0,50.0,0.0,0.0,54.0,0
487,2022-11-03,Australia,65.0,F,Basic,14.66,789,0,51+,Oceania,158,4.514285714285714,1016.52,29.04342857142857,8.4,23,35,1,2.7048043157601294,5.0,14.447847222222222,1.0,40.0,2.0,4.333333333333333,74.0,0
488,2023-11-11,USA,43.5,F,Basic,14.78,416,0,36-50,North America,196,5.764705882352941,1174.46,34.54294117647059,8.470588235294118,18,34,1,2.2300811716360376,3.0,17.246018518518515,0.0,33.33333333333333,0.0,3.6666666666666665,43.0,0
489,2022-04-17,Germany,35.0,M,Basic,12.97,989,0,26-35,Europe,383,4.7875,2184.81,27.310125,7.2125,43,80,0,2.6752203269017594,0.0,0.0,0.0,0.0,0.0,0.0,0.0,0
490,2024-06-18,Australia,55.0,M,Basic,10.09,196,0,51+,Oceania,76,4.75,406.39,25.399375,7.5,6,16,3,2.909753712372693,2.0,5.5344444444444445,1.0,50.0,0.0,4.0,219.0,0
491,2022-05-18,USA,36.0,F,Premium,31.05,958,1,36-50,North America,215,5.375,1107.27,27.68175,7.5,17,40,1,2.5286816267040755,0.0,0.0,0.0,0.0,0.0,0.0,0.0,1
492,2022-09-28,USA,53.0,F,Premium,38.33,825,1,51+,North America,313,5.305084745762712,2051.75,34.77542372881356,7.203389830508475,29,59,0,2.7181017545093384,1.0,6.871666666666667,0.0,0.0,0.0,4.0,338.0,0
493,2022-04-29,Germany,30.0,M,Basic,14.14,977,0,26-35,Europe,258,4.777777777777778,1691.22,31.31888888888889,7.2407407407407405,31,54,3,2.4391977235540367,3.0,38.235,1.0,33.33333333333333,2.0,5.0,25.0,0
494,2024-06-30,UK,63.0,M,Premium,39.45,184,1,51+,Europe,131,5.695652173913044,854.12,37.135652173913044,8.217391304347826,15,23,4,2.9608779811016075,0.0,0.0,0.0,0.0,0.0,0.0,0.0,0
495,2022-04-20,USA,20.0,M,Basic,12.81,986,0,18-25,North America,397,5.025316455696203,2436.95,30.847468354430376,7.7594936708860756,37,79,0,2.6016497899104567,0.0,0.0,0.0,0.0,0.0,0.0,0.0,0
496,2024-01-31,France,27.0,F,Basic,14.31,335,0,26-35,Europe,70,5.833333333333333,365.89,30.49083333333333,8.25,6,12,12,2.855085839605379,2.0,3.4618055555555554,0.0,100.0,1.0,4.0,34.0,1
497,2023-07-21,Italy,55.0,F,Basic,14.11,529,0,51+,Europe,384,5.052631578947368,2443.07,32.14565789473684,7.197368421052632,36,76,0,2.5607016582288806,2.0,10.588055555555556,1.0,50.0,0.0,5.0,89.0,0
498,2022-06-09,Mexico,18.0,F,Basic,12.94,936,0,18-25,North America,160,4.705882352941177,916.77,26.963823529411766,7.676470588235294,12,34,0,2.443661085521326,0.0,0.0,0.0,0.0,0.0,0.0,0.0,0
499,2022-10-06,Brazil,44.0,F,Premium,37.83,817,1,36-50,South America,380,5.135135135135135,1922.21,25.97581081081081,7.378378378378378,37,74,0,2.40618110617944,2.0,12.743333333333334,1.0,50.0,1.0,0.0,268.0,0
500,2022-10-16,UK,63.0,F,Enterprise,112.56,807,1,51+,Europe,424,4.930232558139535,2150.08,25.00093023255814,7.337209302325581,40,86,0,2.686746108429822,0.0,0.0,0.0,0.0,0.0,0.0,0.0,0
501,2023-09-12,Italy,25.0,M,Basic,13.19,476,0,18-25,Europe,64,5.818181818181818,452.87,41.17,8.272727272727273,9,11,2,2.4420557658735733,1.0,2.31,0.0,100.0,0.0,5.0,265.0,0
502,2022-08-04,Italy,68.0,M,Basic,14.76,880,0,51+,Europe,46,4.181818181818182,334.29,30.39,7.363636363636363,3,11,4,2.0404990476930793,1.0,11.5225,0.0,0.0,0.0,5.0,172.0,0
503,2024-01-05,UK,63.0,M,Basic,10.8,361,0,51+,Europe,25,5.0,86.81,17.362000000000002,6.6,0,5,7,2.0,0.0,0.0,0.0,0.0,0.0,0.0,0.0,0
504,2022-12-18,USA,59.0,F,Premium,37.43,744,1,51+,North America,307,4.651515151515151,2121.47,32.143484848484846,7.015151515151516,40,66,0,2.5869044420068152,0.0,0.0,0.0,0.0,0.0,0.0,0.0,1
505,2022-07-28,UK,34.0,Unknown,Premium,33.2,887,1,26-35,Europe,193,5.676470588235294,1176.48,34.60235294117647,6.323529411764706,22,34,2,2.5072088578107112,0.0,0.0,0.0,0.0,0.0,0.0,0.0,0
506,2023-12-05,Italy,26.0,F,Basic,14.08,392,0,26-35,Europe,28,4.666666666666667,153.23,25.53833333333333,6.5,1,6,28,2.250925735484551,0.0,0.0,0.0,0.0,0.0,0.0,0.0,1
507,2023-10-12,UK,43.5,F,Premium,36.96,446,1,36-50,Europe,48,4.8,327.1,32.71,4.7,0,10,11,2.6583202716502514,0.0,0.0,0.0,0.0,0.0,0.0,0.0,0
508,2024-05-23,UK,60.0,M,Premium,39.25,222,1,51+,Europe,112,5.333333333333333,761.12,36.243809523809524,7.285714285714286,13,21,0,2.652043237455478,4.0,4.3341666666666665,0.0,50.0,1.0,3.0,75.0,1
509,2022-09-28,Canada,42.0,F,Basic,13.55,825,0,36-50,North America,37,4.625,259.61,32.45125,7.125,4,8,6,2.615202805574687,0.0,0.0,0.0,0.0,0.0,0.0,0.0,1
510,2023-06-02,Australia,56.0,F,Basic,12.04,578,0,51+,Oceania,445,5.114942528735632,2700.83,31.044022988505745,7.264367816091954,31,87,0,2.621136303192656,0.0,0.0,0.0,0.0,0.0,0.0,0.0,0
511,2023-05-16,UK,66.0,M,Premium,30.1,595,1,51+,Europe,50,3.8461538461538463,343.77,26.443846153846152,7.615384615384615,5,13,4,2.3038429433649132,0.0,0.0,0.0,0.0,0.0,0.0,0.0,0
512,2022-09-15,USA,45.0,M,Basic,13.95,838,0,36-50,North America,104,4.521739130434782,830.51,36.10913043478261,7.086956521739131,7,23,0,2.9367509136550476,0.0,0.0,0.0,0.0,0.0,0.0,0.0,1
513,2024-05-16,Spain,50.0,F,Basic,12.03,229,0,36-50,Europe,38,5.428571428571429,83.64,11.948571428571428,9.0,3,7,1,2.6992062325273123,4.0,19.867430555555554,0.0,75.0,0.0,4.5,83.0,0
514,2022-02-22,UK,54.0,M,Basic,13.34,1043,0,51+,Europe,251,5.02,1721.66,34.4332,7.04,27,50,1,2.6915589898641206,0.0,0.0,0.0,0.0,0.0,0.0,0.0,0
515,2022-04-05,Australia,26.0,M,Basic,10.52,1001,0,26-35,Oceania,98,4.260869565217392,673.82,29.296521739130437,7.434782608695652,7,23,1,2.0497758481521786,0.0,0.0,0.0,0.0,0.0,0.0,0.0,0
516,2023-10-12,Australia,35.0,F,Premium,38.9,446,1,26-35,Oceania,227,4.63265306122449,1394.21,28.45326530612245,7.36734693877551,19,49,0,2.5223490832870823,0.0,0.0,0.0,0.0,0.0,0.0,0.0,1
517,2023-03-10,Australia,38.0,F,Basic,12.17,662,0,36-50,Oceania,199,4.853658536585366,1246.35,30.398780487804874,7.317073170731708,19,41,2,2.5155613251296027,2.0,26.252222222222223,0.0,100.0,0.0,4.0,197.0,1
518,2024-04-29,UK,19.0,F,Basic,14.59,246,0,18-25,Europe,215,4.777777777777778,1399.98,31.110666666666667,7.288888888888889,25,45,1,2.485310378356731,0.0,0.0,0.0,0.0,0.0,0.0,0.0,0
519,2022-10-11,Germany,60.0,F,Basic,13.53,812,0,51+,Europe,119,4.407407407407407,854.44,31.645925925925926,7.555555555555555,10,27,1,2.663994387544031,0.0,0.0,0.0,0.0,0.0,0.0,0.0,0
520,2022-02-15,UK,55.0,F,Premium,31.2,1050,1,51+,Europe,107,5.095238095238095,643.01,30.61952380952381,7.095238095238095,10,21,4,2.3217399058628834,4.0,10.125370370370371,1.0,25.0,1.0,5.0,68.0,0
521,2022-01-04,UK,57.0,M,Basic,12.89,1092,0,51+,Europe,178,4.8108108108108105,1175.61,31.77324324324324,7.216216216216216,21,37,0,2.470243328520918,0.0,0.0,0.0,0.0,0.0,0.0,0.0,0
522,2022-12-08,Brazil,53.0,F,Basic,14.54,754,0,51+,South America,263,4.962264150943396,1643.56,31.01056603773585,7.60377358490566,25,53,1,2.717197822354036,0.0,0.0,0.0,0.0,0.0,0.0,0.0,0
523,2024-02-29,UK,67.0,M,Basic,13.99,306,0,51+,Europe,90,4.090909090909091,783.47,35.61227272727273,6.454545454545454,7,22,0,2.486326242032244,2.0,11.303888888888888,1.0,0.0,1.0,2.0,211.0,1
524,2022-05-14,Mexico,60.0,M,Premium,34.17,962,1,51+,North America,365,4.9324324324324325,2133.31,28.828513513513514,6.405405405405405,38,74,0,2.47359247970357,0.0,0.0,0.0,0.0,0.0,0.0,0.0,0
525,2023-10-15,USA,54.0,F,Premium,39.54,443,1,51+,North America,294,4.260869565217392,2017.93,29.24536231884058,8.405797101449275,41,69,0,2.4772623285597506,4.0,15.87576388888889,0.0,100.0,2.0,3.75,110.0,0
526,2022-09-26,Germany,32.0,F,Premium,32.68,827,1,26-35,Europe,285,5.816326530612245,1719.14,35.08448979591837,7.346938775510204,29,49,3,2.62736773682136,0.0,0.0,0.0,0.0,0.0,0.0,0.0,1
527,2022-06-15,Spain,45.0,M,Basic,11.87,930,0,36-50,Europe,234,4.588235294117647,1696.8700000000001,33.27196078431373,7.235294117647059,23,51,0,2.7941114551014983,5.0,14.823263888888889,1.0,20.0,0.0,4.0,57.0,0
528,2024-01-30,UK,35.0,F,Premium,37.49,336,1,26-35,Europe,253,5.382978723404255,1556.48,33.11659574468085,8.595744680851064,23,47,2,2.4366155384356722,3.0,25.431527777777777,1.0,33.33333333333333,0.0,0.0,206.0,0
529,2023-03-29,Brazil,51.0,F,Basic,11.15,643,0,51+,South America,252,5.361702127659575,1532.57,32.60787234042553,7.553191489361702,22,47,0,2.769598400607487,4.0,7.364074074074074,1.0,50.0,1.0,5.0,16.0,0
530,2023-07-19,USA,39.0,F,Premium,35.14,531,1,36-50,North America,316,4.450704225352113,1993.88,28.082816901408453,7.971830985915493,29,71,0,2.477260770599923,0.0,0.0,0.0,0.0,0.0,0.0,0.0,0
531,2023-12-24,Australia,28.0,M,Basic,13.63,373,0,26-35,Oceania,110,5.238095238095238,580.98,27.665714285714287,6.571428571428571,14,21,0,2.643950867636574,0.0,0.0,0.0,0.0,0.0,0.0,0.0,0
532,2023-03-14,Italy,30.0,F,Premium,36.43,658,1,26-35,Europe,303,5.315789473684211,1766.03,30.982982456140352,7.5964912280701755,42,57,0,2.4579164720263877,2.0,21.800555555555555,1.0,100.0,0.0,5.0,215.0,0
533,2023-07-29,Mexico,21.0,Unknown,Basic,10.77,521,0,18-25,North America,431,5.130952380952381,2690.44,32.02904761904762,7.785714285714286,52,84,0,2.793192076032137,3.0,13.125185185185186,0.0,66.66666666666666,1.0,2.5,88.0,1
534,2022-01-10,USA,39.0,M,Premium,36.29,1086,1,36-50,North America,236,5.363636363636363,1385.36,31.485454545454544,7.159090909090909,22,44,0,2.77941694647778,0.0,0.0,0.0,0.0,0.0,0.0,0.0,0
535,2022-04-25,USA,24.0,F,Premium,35.72,981,1,18-25,North America,194,5.105263157894737,939.15,24.714473684210525,7.7368421052631575,16,38,3,2.7488520816359108,0.0,0.0,0.0,0.0,0.0,0.0,0.0,0
536,2022-03-19,Spain,60.0,F,Basic,12.78,1018,0,51+,Europe,147,4.9,854.8,28.493333333333332,7.233333333333333,16,30,2,2.0401149392907354,0.0,0.0,0.0,0.0,0.0,0.0,0.0,0
537,2024-06-23,USA,41.0,Unknown,Enterprise,182.59,191,1,36-50,North America,71,5.916666666666667,495.71,41.30916666666666,7.5,8,12,2,3.028901190901153,1.0,4.6802777777777775,0.0,0.0,0.0,4.0,341.0,0
538,2023-12-09,Australia,21.0,F,Basic,10.91,388,0,18-25,Oceania,397,4.901234567901234,2469.64,30.48938271604938,7.333333333333333,46,81,0,2.527869351210644,5.0,16.477962962962962,2.0,40.0,1.0,4.0,74.0,1
539,2022-06-02,Italy,43.5,M,Enterprise,175.15,943,1,36-50,Europe,262,4.851851851851852,1828.55,33.862037037037034,7.703703703703703,35,54,0,2.7841018158526896,0.0,0.0,0.0,0.0,0.0,0.0,0.0,0
540,2023-07-13,Germany,32.0,F,Premium,37.6,537,1,26-35,Europe,292,5.0344827586206895,1622.24,27.969655172413795,7.224137931034483,36,58,2,2.2785461449760542,0.0,0.0,0.0,0.0,0.0,0.0,0.0,0
541,2022-02-06,Italy,18.0,M,Enterprise,172.25,1059,1,18-25,Europe,174,4.2439024390243905,1194.58,29.136097560975607,6.853658536585366,23,41,0,2.6998193254815965,0.0,0.0,0.0,0.0,0.0,0.0,0.0,0
542,2024-05-04,UK,20.0,F,Basic,12.52,241,0,18-25,Europe,359,5.056338028169014,1842.06,25.94450704225352,8.183098591549296,36,71,0,2.5348278270281113,0.0,0.0,0.0,0.0,0.0,0.0,0.0,0
543,2023-01-14,Italy,31.0,M,Basic,11.97,717,0,26-35,Europe,393,5.171052631578948,2108.7400000000002,27.746578947368423,7.25,30,76,0,2.4516016962779625,5.0,21.784930555555555,1.0,60.0,1.0,3.0,112.0,1
544,2023-08-20,UK,55.0,Other,Premium,33.94,499,1,51+,Europe,165,4.583333333333333,943.76,26.215555555555554,6.361111111111111,18,36,2,2.567655962713296,0.0,0.0,0.0,0.0,0.0,0.0,0.0,0
545,2023-07-20,Mexico,67.0,F,Enterprise,173.37,530,1,51+,North America,342,4.956521739130435,2419.61,35.0668115942029,7.072463768115942,37,69,0,2.6867582840155793,5.0,10.334305555555556,1.0,20.0,2.0,5.0,108.0,0
546,2022-06-01,Germany,18.0,F,Basic,12.48,944,0,18-25,Europe,83,4.882352941176471,518.23,30.484117647058824,5.411764705882353,9,17,7,2.5466240628814965,0.0,0.0,0.0,0.0,0.0,0.0,0.0,0
547,2023-03-17,France,55.0,F,Basic,11.68,655,0,51+,Europe,105,5.25,622.84,31.142000000000003,6.7,13,20,0,2.173403830521681,0.0,0.0,0.0,0.0,0.0,0.0,0.0,0
548,2022-05-11,Australia,43.5,F,Basic,13.12,965,0,36-50,Oceania,269,5.2745098039215685,1598.25,31.33823529411765,7.980392156862745,27,51,0,2.466401681580266,0.0,0.0,0.0,0.0,0.0,0.0,0.0,0
549,2022-02-12,UK,38.0,M,Premium,38.36,1053,1,36-50,Europe,92,4.6,620.0699999999999,31.003499999999995,8.0,8,20,8,2.6036411750510196,4.0,12.520555555555555,2.0,50.0,0.0,5.0,227.0,0
550,2022-11-12,USA,65.0,M,Premium,30.61,780,1,51+,North America,110,3.793103448275862,894.39,30.84103448275862,8.551724137931034,8,29,4,2.4550139706443863,4.0,25.87611111111111,0.0,50.0,1.0,3.5,35.0,0
551,2023-01-09,Italy,46.0,F,Basic,14.85,722,0,36-50,Europe,450,5.056179775280899,2823.28,31.72224719101124,7.044943820224719,58,89,0,2.582104279994929,0.0,0.0,0.0,0.0,0.0,0.0,0.0,0
552,2024-03-26,Italy,22.0,M,Basic,10.47,280,0,18-25,Europe,350,4.861111111111111,2442.68,33.92611111111111,7.652777777777778,34,72,0,2.7130646646927494,2.0,16.631666666666668,0.0,50.0,0.0,3.0,160.0,0
553,2024-05-31,USA,66.0,F,Basic,12.55,214,0,51+,North America,61,4.357142857142857,507.89,36.277857142857144,6.642857142857143,7,14,3,2.3731557327466164,3.0,14.00236111111111,1.0,66.66666666666666,1.0,5.0,146.0,0
554,2022-02-10,USA,27.0,M,Basic,12.79,1055,0,26-35,North America,392,5.297297297297297,1785.33,24.12608108108108,7.702702702702703,47,74,0,2.66242103094533,0.0,0.0,0.0,0.0,0.0,0.0,0.0,1
555,2023-01-02,Mexico,45.0,M,Premium,31.37,729,1,36-50,North America,423,5.035714285714286,2804.02,33.381190476190476,6.845238095238095,48,84,0,2.219554001500435,0.0,0.0,0.0,0.0,0.0,0.0,0.0,0
556,2022-08-04,UK,38.0,F,Basic,14.57,880,0,36-50,Europe,290,5.471698113207547,1439.4,27.158490566037738,6.849056603773585,23,53,1,2.679005079279258,0.0,0.0,0.0,0.0,0.0,0.0,0.0,1
557,2023-11-30,France,67.0,Other,Premium,34.7,397,1,51+,Europe,207,5.048780487804878,1348.41,32.88804878048781,6.317073170731708,15,41,0,2.7198457632023465,0.0,0.0,0.0,0.0,0.0,0.0,0.0,0
558,2022-09-13,Spain,24.0,F,Premium,31.42,840,1,18-25,Europe,251,4.921568627450981,1503.57,29.48176470588235,8.450980392156863,30,51,0,2.4153106405172977,0.0,0.0,0.0,0.0,0.0,0.0,0.0,0
559,2023-11-14,Brazil,20.0,F,Basic,13.55,413,0,18-25,South America,305,4.765625,2009.3700000000001,31.396406250000002,8.65625,24,64,0,2.3281724387944087,4.0,9.801666666666668,1.0,50.0,0.0,2.0,83.0,0
560,2022-04-16,UK,62.0,F,Basic,13.31,990,0,51+,Europe,43,4.3,250.66000000000003,25.066000000000003,7.3,2,10,5,2.6687491868330797,0.0,0.0,0.0,0.0,0.0,0.0,0.0,0
561,2022-12-29,USA,64.0,M,Premium,39.62,733,1,51+,North America,42,5.25,182.06,22.7575,7.875,5,8,2,2.4928469095164494,4.0,16.077129629629628,1.0,75.0,0.0,5.0,19.0,0
562,2024-03-09,Brazil,37.0,M,Basic,12.2,297,0,36-50,South America,143,5.107142857142857,722.69,25.810357142857146,7.357142857142857,14,28,0,2.601129180927586,0.0,0.0,0.0,0.0,0.0,0.0,0.0,0
563,2023-07-28,Germany,36.0,F,Premium,32.67,522,1,36-50,Europe,108,5.4,801.63,40.0815,6.3,9,20,9,2.7414940221864814,5.0,8.803888888888888,1.0,80.0,1.0,4.0,7.0,0
564,2024-06-24,UK,52.0,F,Basic,10.29,190,0,51+,Europe,90,6.0,382.86,25.524,6.8,7,15,0,3.116774889895918,0.0,0.0,0.0,0.0,0.0,0.0,0.0,0
565,2024-06-14,UK,21.0,F,Premium,37.32,200,1,18-25,Europe,165,4.714285714285714,988.6800000000001,28.248,7.485714285714286,21,35,0,2.55033364105018,0.0,0.0,0.0,0.0,0.0,0.0,0.0,0
566,2023-02-21,Brazil,22.0,Other,Basic,13.08,679,0,18-25,South America,116,5.523809523809524,704.48,33.54666666666667,7.142857142857143,8,21,3,1.9651729597938097,0.0,0.0,0.0,0.0,0.0,0.0,0.0,0
567,2023-09-28,Germany,18.0,M,Basic,14.85,460,0,18-25,Europe,342,4.956521739130435,1890.1,27.392753623188405,7.913043478260869,32,69,0,2.7463065175779358,3.0,8.739722222222222,2.0,66.66666666666666,1.0,3.0,37.0,0
568,2024-02-07,USA,21.0,M,Basic,13.55,328,0,18-25,North America,267,5.134615384615385,1309.92,25.19076923076923,6.769230769230769,31,52,1,2.5439574400947778,0.0,0.0,0.0,0.0,0.0,0.0,0.0,0
569,2022-06-08,Australia,29.0,F,Enterprise,193.31,937,1,26-35,Oceania,208,4.837209302325581,1318.66,30.666511627906978,7.069767441860465,22,43,0,2.399704669905976,0.0,0.0,0.0,0.0,0.0,0.0,0.0,0
570,2022-08-31,Italy,44.0,M,Enterprise,199.15,853,1,36-50,Europe,24,4.8,115.78999999999999,23.157999999999998,9.0,3,5,1,2.16794833886788,1.0,0.0,1.0,0.0,0.0,0.0,71.0,1
571,2024-06-04,USA,59.0,M,Basic,12.13,210,0,51+,North America,269,4.637931034482759,1700.62,29.32103448275862,7.948275862068965,22,58,0,2.7701306312985605,0.0,0.0,0.0,0.0,0.0,0.0,0.0,1
572,2022-06-16,UK,40.0,M,Basic,10.74,929,0,36-50,Europe,195,4.875,909.1899999999999,22.72975,7.8,26,40,1,2.5134254897067656,0.0,0.0,0.0,0.0,0.0,0.0,0.0,1
573,2024-03-30,UK,42.0,M,Basic,10.97,276,0,36-50,Europe,40,4.0,361.9,36.19,9.8,5,10,4,1.8856180831641267,0.0,0.0,0.0,0.0,0.0,0.0,0.0,0
574,2024-04-10,France,38.0,F,Basic,11.58,265,0,36-50,Europe,233,5.5476190476190474,1086.45,25.867857142857144,7.214285714285714,24,42,1,2.2974257168636356,2.0,31.150972222222222,0.0,0.0,1.0,3.0,277.0,0
575,2022-07-01,Brazil,69.0,F,Premium,35.08,914,1,51+,South America,169,5.28125,1014.8100000000001,31.712812500000002,7.46875,23,32,1,2.773542918827947,0.0,0.0,0.0,0.0,0.0,0.0,0.0,0
576,2024-06-21,Mexico,41.0,F,Basic,10.6,193,0,36-50,North America,245,4.711538461538462,1799.82,34.61192307692308,8.076923076923077,33,52,1,2.3955558400516215,1.0,0.0,1.0,100.0,0.0,0.0,133.0,0
577,2023-02-27,Australia,42.0,F,Premium,33.01,673,1,36-50,Oceania,325,4.850746268656716,2453.36,36.61731343283582,8.029850746268657,32,67,0,2.6357319226314146,4.0,11.745277777777778,1.0,100.0,1.0,3.5,159.0,0
578,2022-01-26,UK,62.0,M,Premium,33.07,1070,1,51+,Europe,111,4.44,841.6700000000001,33.6668,7.24,14,25,1,2.6627053911388696,2.0,10.321666666666667,1.0,100.0,0.0,0.0,222.0,0
579,2022-07-03,USA,63.0,F,Basic,10.01,912,0,51+,North America,117,4.0344827586206895,757.29,26.11344827586207,8.413793103448276,17,29,0,2.896830270444499,5.0,11.810777777777778,0.0,40.0,0.0,4.666666666666667,42.0,0
580,2024-01-25,Mexico,49.0,M,Premium,33.53,341,1,36-50,North America,75,4.166666666666667,705.26,39.18111111111111,7.444444444444445,10,18,0,2.307277489112375,4.0,13.76787037037037,1.0,50.0,1.0,3.0,115.0,1
581,2022-12-07,Mexico,49.0,M,Basic,10.57,755,0,36-50,North America,19,3.1666666666666665,219.95999999999998,36.66,2.0,4,6,5,2.6394443859772205,3.0,14.218611111111112,1.0,33.33333333333333,0.0,4.0,245.0,1
582,2024-03-12,Mexico,22.0,M,Basic,12.14,294,0,18-25,North America,398,5.102564102564102,2293.48,29.403589743589745,7.205128205128205,29,78,1,2.515354115627922,0.0,0.0,0.0,0.0,0.0,0.0,0.0,0
583,2023-02-26,UK,53.0,F,Premium,31.96,674,1,51+,Europe,152,5.62962962962963,697.09,25.81814814814815,7.185185185185185,22,27,2,2.8975871679746574,0.0,0.0,0.0,0.0,0.0,0.0,0.0,0
584,2024-04-01,UK,63.0,F,Basic,14.1,274,0,51+,Europe,117,4.5,749.0600000000001,28.810000000000002,7.230769230769231,11,26,0,2.7313000567495327,3.0,16.524027777777775,1.0,33.33333333333333,0.0,4.0,157.0,0
585,2023-11-17,Australia,59.0,F,Basic,10.39,410,0,51+,Oceania,35,5.0,149.29,21.327142857142857,8.142857142857142,2,7,22,2.1602468994692865,0.0,0.0,0.0,0.0,0.0,0.0,0.0,0
586,2024-06-03,Italy,66.0,F,Enterprise,186.56,211,1,51+,Europe,113,5.136363636363637,717.14,32.597272727272724,6.545454545454546,12,22,0,2.6057711507427683,0.0,0.0,0.0,0.0,0.0,0.0,0.0,1
587,2024-01-23,Italy,59.0,M,Premium,35.8,343,1,51+,Europe,213,4.630434782608695,1582.42,34.4004347826087,8.456521739130435,30,46,2,2.388478787403061,4.0,13.996805555555554,2.0,75.0,0.0,2.0,122.0,0
588,2024-04-10,UK,56.0,F,Basic,12.28,265,0,51+,Europe,277,5.226415094339623,1421.25,26.816037735849058,6.6415094339622645,31,53,0,2.5087654750890027,0.0,0.0,0.0,0.0,0.0,0.0,0.0,1
589,2022-09-12,Germany,33.0,F,Premium,35.49,841,1,26-35,Europe,399,5.050632911392405,2177.97,27.569240506329113,7.3924050632911396,44,79,0,2.7960536942187346,4.0,19.03402777777778,2.0,25.0,1.0,0.0,8.0,0
590,2022-10-01,UK,50.0,M,Basic,11.87,822,0,36-50,Europe,48,6.0,302.26,37.7825,6.5,4,8,0,1.8516401995451028,3.0,27.67509259259259,0.0,33.33333333333333,0.0,4.5,6.0,0
591,2022-06-13,USA,66.0,M,Enterprise,112.75,932,1,51+,North America,268,5.469387755102041,1543.31,31.49612244897959,8.36734693877551,25,49,1,2.6068982272706656,4.0,12.146527777777779,0.0,100.0,0.0,3.6666666666666665,120.0,0
592,2024-03-17,Mexico,38.0,F,Basic,13.82,289,0,36-50,North America,65,5.416666666666667,289.21999999999997,24.101666666666663,8.916666666666666,7,12,10,2.6443192398846707,1.0,4.147777777777778,0.0,100.0,1.0,0.0,182.0,0
593,2023-12-20,Mexico,26.0,F,Premium,39.27,377,1,26-35,North America,355,5.071428571428571,2247.9700000000003,32.11385714285715,7.371428571428571,34,70,1,2.633790614697834,0.0,0.0,0.0,0.0,0.0,0.0,0.0,0
594,2022-04-21,UK,23.0,F,Premium,39.49,985,1,18-25,Europe,434,5.2926829268292686,2575.0,31.402439024390244,7.463414634146342,40,82,0,2.3385539737938235,2.0,0.0,2.0,0.0,0.0,0.0,28.0,1
595,2023-01-27,Germany,68.0,F,Basic,13.34,704,0,51+,Europe,170,4.857142857142857,954.32,27.266285714285715,7.485714285714286,16,35,4,2.691411800336692,5.0,31.128277777777775,0.0,60.0,3.0,3.6,24.0,0
596,2024-06-12,Italy,62.0,Other,Premium,34.09,202,1,51+,Europe,190,5.135135135135135,1000.53,27.041351351351352,6.72972972972973,10,37,0,2.4285588108789744,0.0,0.0,0.0,0.0,0.0,0.0,0.0,0
597,2022-02-09,Italy,52.0,M,Enterprise,147.83,1056,1,51+,Europe,256,4.654545454545454,1631.2,29.65818181818182,8.10909090909091,28,55,0,2.7770099949018032,0.0,0.0,0.0,0.0,0.0,0.0,0.0,0
598,2024-05-29,UK,56.0,M,Premium,36.56,216,1,51+,Europe,201,5.025,1337.48,33.437,7.075,15,40,1,2.3910892271740285,0.0,0.0,0.0,0.0,0.0,0.0,0.0,0
599,2023-04-27,UK,39.0,M,Basic,14.11,614,0,36-50,Europe,261,5.673913043478261,1247.91,27.128478260869567,7.0,28,46,0,2.6587745533617304,0.0,0.0,0.0,0.0,0.0,0.0,0.0,0
600,2022-08-16,UK,58.0,M,Basic,11.86,868,0,51+,Europe,285,5.181818181818182,1613.18,29.330545454545454,6.672727272727273,25,55,0,2.6393806027797444,5.0,21.139499999999998,0.0,40.0,1.0,4.6,53.0,0
601,2022-07-24,USA,22.0,F,Enterprise,191.67,891,1,18-25,North America,36,4.5,226.39000000000001,28.298750000000002,9.25,2,8,9,2.0,4.0,15.050370370370368,1.0,75.0,1.0,0.0,95.0,0
602,2024-04-16,UK,59.0,F,Basic,11.61,259,0,51+,Europe,83,3.9523809523809526,551.6,26.26666666666667,6.9523809523809526,6,21,0,2.39741924736143,2.0,7.430833333333333,1.0,50.0,0.0,4.0,240.0,0
603,2023-04-17,Italy,40.0,F,Premium,35.3,624,1,36-50,Europe,232,4.9361702127659575,1524.13,32.42829787234043,6.829787234042553,16,47,0,2.6077164366311076,4.0,10.928055555555554,1.0,75.0,0.0,4.333333333333333,30.0,0
604,2022-12-25,Italy,34.0,M,Basic,14.8,737,0,26-35,Europe,387,5.22972972972973,1967.55,26.58851351351351,7.783783783783784,41,74,0,2.4017533395491593,0.0,0.0,0.0,0.0,0.0,0.0,0.0,0
605,2022-11-09,USA,29.0,F,Basic,14.68,783,0,26-35,North America,45,5.0,202.1,22.455555555555556,6.777777777777778,6,9,8,3.0,2.0,0.0,2.0,50.0,0.0,0.0,34.0,0
606,2024-04-20,Italy,40.0,M,Basic,13.47,255,0,36-50,Europe,72,4.235294117647059,665.77,39.16294117647059,5.117647058823529,15,17,0,2.7732970397323538,4.0,11.287638888888889,0.0,75.0,1.0,4.333333333333333,73.0,0
607,2024-03-25,USA,33.0,M,Enterprise,132.45,281,1,26-35,North America,278,5.450980392156863,1284.46,25.185490196078433,6.627450980392157,20,51,1,2.715243823233531,4.0,8.279722222222222,0.0,25.0,0.0,5.0,199.0,0
608,2024-06-11,Spain,20.0,F,Premium,32.18,203,1,18-25,Europe,367,5.318840579710145,2426.23,35.16275362318841,7.159420289855072,38,69,0,2.2719048345281982,2.0,0.0,2.0,50.0,0.0,0.0,156.0,0
609,2022-08-22,UK,43.5,F,Basic,10.39,862,0,36-50,Europe,37,3.3636363636363638,280.61,25.51,7.363636363636363,7,11,31,2.2482316283126735,3.0,0.0,3.0,33.33333333333333,0.0,0.0,137.0,0
610,2022-08-17,Brazil,39.0,M,Premium,37.08,867,1,36-50,South America,102,6.0,570.02,33.53058823529412,7.176470588235294,5,17,5,1.9364916731037083,0.0,0.0,0.0,0.0,0.0,0.0,0.0,0
611,2022-01-25,UK,26.0,M,Basic,12.51,1071,0,26-35,Europe,215,5.0,1228.6,28.57209302325581,7.72093023255814,21,43,0,2.734262327610589,0.0,0.0,0.0,0.0,0.0,0.0,0.0,1
612,2023-11-07,Spain,46.0,F,Premium,35.71,420,1,36-50,Europe,289,4.898305084745763,1690.82,28.657966101694914,8.152542372881356,41,59,0,2.3758476908560686,0.0,0.0,0.0,0.0,0.0,0.0,0.0,0
613,2022-07-17,Germany,64.0,M,Basic,12.35,898,0,51+,Europe,108,5.684210526315789,484.46,25.497894736842103,7.894736842105263,3,19,3,2.2124052165246004,0.0,0.0,0.0,0.0,0.0,0.0,0.0,0
614,2023-02-13,USA,54.0,M,Enterprise,148.28,687,1,51+,North America,88,4.631578947368421,527.63,27.77,7.526315789473684,9,19,5,2.5649458802128855,0.0,0.0,0.0,0.0,0.0,0.0,0.0,0
615,2022-12-03,USA,40.0,F,Basic,12.85,759,0,36-50,North America,50,3.8461538461538463,407.26,31.327692307692306,7.615384615384615,7,13,2,2.444250186531439,0.0,0.0,0.0,0.0,0.0,0.0,0.0,0
616,2022-10-13,Australia,30.0,M,Premium,39.13,810,1,26-35,Oceania,274,5.708333333333333,1446.32,30.131666666666664,7.458333333333333,23,48,3,2.6252321748049647,0.0,0.0,0.0,0.0,0.0,0.0,0.0,0
617,2024-06-04,Canada,49.0,M,Basic,10.14,210,0,36-50,North America,146,5.214285714285714,556.41,19.871785714285714,7.928571428571429,14,28,2,2.4848748810761427,1.0,26.0675,0.0,0.0,0.0,0.0,342.0,0
618,2022-03-13,UK,63.0,F,Basic,14.0,1024,0,51+,Europe,323,4.681159420289855,2052.38,29.74463768115942,8.246376811594203,32,69,0,2.4940679835490385,0.0,0.0,0.0,0.0,0.0,0.0,0.0,1
619,2024-03-02,Spain,69.0,Other,Basic,11.94,304,0,51+,Europe,241,5.355555555555555,1556.62,34.59155555555555,7.933333333333334,29,45,7,2.4416421035066054,2.0,3.319722222222222,1.0,100.0,0.0,4.0,183.0,0
620,2022-10-13,Australia,64.0,Other,Enterprise,174.48,810,1,51+,Oceania,148,4.625,1033.62,32.300625,7.6875,18,32,4,2.166459874333419,5.0,17.470416666666665,1.0,60.0,1.0,3.6666666666666665,5.0,0
621,2022-12-26,USA,65.0,M,Basic,14.73,736,0,51+,North America,380,5.135135135135135,2166.55,29.277702702702705,7.27027027027027,36,74,1,2.517469507504384,5.0,16.264666666666667,0.0,40.0,0.0,4.0,59.0,0
622,2023-10-19,USA,40.0,M,Premium,33.05,439,1,36-50,North America,173,4.675675675675675,976.14,26.38216216216216,7.297297297297297,21,37,0,2.4501026515236055,0.0,0.0,0.0,0.0,0.0,0.0,0.0,0
623,2023-06-06,Australia,62.0,M,Basic,10.44,574,0,51+,Oceania,407,5.217948717948718,2390.23,30.643974358974358,7.0,36,78,0,2.6854462779250894,0.0,0.0,0.0,0.0,0.0,0.0,0.0,0
624,2023-02-14,USA,34.0,M,Basic,11.15,686,0,26-35,North America,219,4.866666666666666,1346.31,29.918,7.488888888888889,28,45,0,2.67649703224875,0.0,0.0,0.0,0.0,0.0,0.0,0.0,0
625,2023-11-27,USA,43.5,F,Basic,11.1,400,0,36-50,North America,296,4.933333333333334,1772.58,29.543,7.366666666666666,33,60,0,2.654491982209745,5.0,12.326458333333333,1.0,40.0,0.0,4.25,28.0,0
626,2024-05-13,Brazil,38.0,F,Premium,37.41,232,1,36-50,South America,166,5.928571428571429,692.32,24.725714285714286,8.25,11,28,2,2.3558999448755356,0.0,0.0,0.0,0.0,0.0,0.0,0.0,1
627,2023-07-04,USA,19.0,F,Premium,30.61,546,1,18-25,North America,132,4.4,850.53,28.351,8.3,17,30,0,2.4154673996186924,0.0,0.0,0.0,0.0,0.0,0.0,0.0,1
628,2022-12-06,Canada,54.0,M,Enterprise,105.08,756,1,51+,North America,305,5.258620689655173,1802.41,31.076034482758622,7.844827586206897,34,58,0,2.481937166653006,0.0,0.0,0.0,0.0,0.0,0.0,0.0,0
629,2022-01-29,UK,23.0,M,Enterprise,169.35,1067,1,18-25,Europe,305,5.258620689655173,1863.49,32.129137931034485,6.310344827586207,30,58,0,2.537856153055077,0.0,0.0,0.0,0.0,0.0,0.0,0.0,0
630,2022-04-29,Australia,61.0,F,Basic,12.77,977,0,51+,Oceania,149,4.138888888888889,1352.3,37.56388888888889,8.027777777777779,18,36,0,2.6742451835213807,0.0,0.0,0.0,0.0,0.0,0.0,0.0,0
631,2024-06-17,USA,43.5,M,Premium,34.17,197,1,36-50,North America,271,4.839285714285714,1685.44,30.09714285714286,6.321428571428571,21,56,1,2.549700771850302,0.0,0.0,0.0,0.0,0.0,0.0,0.0,0
632,2022-09-25,USA,47.0,F,Basic,12.87,828,0,36-50,North America,213,5.325,1112.19,27.804750000000002,7.2,18,40,1,2.346710736765672,5.0,19.265462962962964,2.0,40.0,0.0,5.0,86.0,0
633,2022-07-02,USA,39.0,F,Premium,37.34,913,1,36-50,North America,260,4.814814814814815,1482.82,27.459629629629628,7.722222222222222,23,54,0,2.3876575247772527,0.0,0.0,0.0,0.0,0.0,0.0,0.0,0
634,2023-08-18,Spain,50.0,F,Basic,10.51,501,0,36-50,Europe,181,5.027777777777778,1304.21,36.22805555555556,7.722222222222222,10,36,0,2.2358905047444404,0.0,0.0,0.0,0.0,0.0,0.0,0.0,1
635,2022-09-29,Italy,47.0,M,Premium,35.52,824,1,36-50,Europe,251,4.921568627450981,1383.06,27.118823529411763,7.607843137254902,30,51,0,2.5600245096865923,4.0,16.555185185185184,1.0,75.0,0.0,0.0,90.0,0
636,2022-02-09,Canada,34.0,F,Basic,14.11,1056,0,26-35,North America,72,5.538461538461538,488.46999999999997,37.574615384615385,5.230769230769231,5,13,0,1.8536173919925967,2.0,9.736666666666668,0.0,0.0,1.0,3.0,103.0,0
637,2022-04-22,Australia,60.0,M,Basic,11.8,984,0,51+,Oceania,123,5.3478260869565215,705.47,30.672608695652176,6.956521739130435,10,23,6,2.4791621688160173,4.0,10.442638888888888,0.0,50.0,1.0,3.3333333333333335,241.0,1
638,2023-09-03,Brazil,49.0,M,Basic,13.81,485,0,36-50,South America,267,4.8545454545454545,1886.83,34.306,7.163636363636364,30,55,0,2.690299321211385,0.0,0.0,0.0,0.0,0.0,0.0,0.0,0
639,2023-03-21,Brazil,59.0,F,Basic,14.22,651,0,51+,South America,176,4.756756756756757,988.89,26.726756756756757,7.756756756756757,17,37,0,2.241098507991677,0.0,0.0,0.0,0.0,0.0,0.0,0.0,1
640,2022-12-20,Australia,68.0,M,Basic,14.09,742,0,51+,Oceania,106,5.0476190476190474,588.72,28.034285714285716,8.476190476190476,12,21,3,2.7834545168942584,0.0,0.0,0.0,0.0,0.0,0.0,0.0,0
641,2024-01-17,Mexico,31.0,F,Premium,36.49,349,1,26-35,North America,256,5.224489795918367,1605.87,32.77285714285714,7.36734693877551,29,49,0,2.3386722205349852,1.0,4.096388888888889,0.0,0.0,1.0,0.0,57.0,0
642,2024-03-16,USA,27.0,F,Premium,37.16,290,1,26-35,North America,244,4.979591836734694,1712.19,34.94265306122449,6.816326530612245,26,49,3,2.528914423871498,0.0,0.0,0.0,0.0,0.0,0.0,0.0,0
643,2022-11-18,Brazil,64.0,F,Basic,13.93,774,0,51+,South America,307,4.723076923076923,2067.6,31.80923076923077,7.446153846153846,38,65,1,2.583043821659901,0.0,0.0,0.0,0.0,0.0,0.0,0.0,0
644,2023-03-23,USA,68.0,F,Basic,13.66,649,0,51+,North America,278,5.245283018867925,1667.73,31.466603773584907,8.20754716981132,35,53,0,2.723866457088572,4.0,11.39125,0.0,50.0,1.0,4.333333333333333,53.0,1
645,2023-09-13,USA,53.0,M,Basic,12.25,475,0,51+,North America,277,5.653061224489796,1419.42,28.96775510204082,7.3061224489795915,26,49,0,2.471091361525673,0.0,0.0,0.0,0.0,0.0,0.0,0.0,0
646,2023-06-08,USA,51.0,Other,Premium,31.58,572,1,51+,North America,63,4.846153846153846,616.33,47.410000000000004,7.3076923076923075,8,13,22,3.36269122990683,0.0,0.0,0.0,0.0,0.0,0.0,0.0,0
647,2022-04-29,Germany,26.0,F,Basic,11.54,977,0,26-35,Europe,67,4.785714285714286,413.61,29.54357142857143,7.928571428571429,9,14,0,2.391606200815724,5.0,17.882222222222225,1.0,60.0,1.0,3.5,46.0,0
648,2023-01-30,USA,59.0,F,Basic,11.03,701,0,51+,North America,218,5.7368421052631575,1215.5,31.986842105263158,8.710526315789474,14,38,3,2.18946137429519,0.0,0.0,0.0,0.0,0.0,0.0,0.0,0
649,2023-08-14,Italy,45.0,M,Basic,11.8,505,0,36-50,Europe,227,5.404761904761905,1279.07,30.454047619047618,7.023809523809524,22,42,3,2.2638142194042277,0.0,0.0,0.0,0.0,0.0,0.0,0.0,0
650,2022-07-14,Spain,28.0,F,Basic,12.44,901,0,26-35,Europe,294,4.388059701492537,1960.36,29.259104477611938,8.08955223880597,38,67,1,2.7189304040074784,0.0,0.0,0.0,0.0,0.0,0.0,0.0,0
651,2022-09-18,Brazil,31.0,M,Basic,14.79,835,0,26-35,South America,153,5.1,951.8199999999999,31.72733333333333,7.4,23,30,0,2.523680946007514,4.0,12.910486111111112,0.0,25.0,2.0,3.0,12.0,1
652,2022-02-15,Italy,56.0,F,Basic,14.79,1050,0,51+,Europe,205,4.659090909090909,1316.8799999999999,29.929090909090906,7.181818181818182,17,44,0,2.5603704475627436,3.0,16.308425925925928,0.0,66.66666666666666,1.0,5.0,14.0,0
653,2023-12-27,Italy,64.0,M,Basic,13.84,370,0,51+,Europe,159,4.818181818181818,992.57,30.077878787878788,7.393939393939394,14,33,3,2.6035378028576983,0.0,0.0,0.0,0.0,0.0,0.0,0.0,0
654,2023-03-23,Italy,36.0,F,Basic,14.89,649,0,36-50,Europe,75,6.25,374.21999999999997,31.185,8.083333333333334,3,12,0,2.83244192751189,0.0,0.0,0.0,0.0,0.0,0.0,0.0,0
655,2022-01-02,Mexico,32.0,M,Basic,14.98,1094,0,26-35,North America,29,3.625,114.91,14.36375,6.625,4,8,7,1.9955307206712847,4.0,17.85990740740741,1.0,50.0,1.0,3.6666666666666665,13.0,0
656,2023-06-17,USA,45.0,M,Premium,38.84,563,1,36-50,North America,67,4.466666666666667,307.37,20.491333333333333,8.133333333333333,5,15,0,3.067494712224262,0.0,0.0,0.0,0.0,0.0,0.0,0.0,0
657,2024-04-05,USA,41.0,M,Basic,10.39,270,0,36-50,North America,147,4.9,670.05,22.334999999999997,7.966666666666667,12,30,6,3.0889123183322686,0.0,0.0,0.0,0.0,0.0,0.0,0.0,0
658,2023-07-06,France,25.0,M,Basic,12.12,544,0,18-25,Europe,277,4.946428571428571,1678.97,29.981607142857143,6.892857142857143,27,56,2,2.7397388253570507,0.0,0.0,0.0,0.0,0.0,0.0,0.0,0
659,2023-12-05,Germany,60.0,M,Basic,12.66,392,0,51+,Europe,305,5.258620689655173,1754.18,30.24448275862069,7.706896551724138,32,58,0,2.685636549900399,4.0,11.535648148148148,1.0,0.0,0.0,4.0,1.0,0
660,2024-01-07,UK,26.0,F,Premium,31.23,359,1,26-35,Europe,91,4.7894736842105265,557.09,29.320526315789476,6.368421052631579,12,19,3,2.859272389348596,0.0,0.0,0.0,0.0,0.0,0.0,0.0,0
661,2024-01-30,Italy,64.0,Unknown,Premium,38.08,336,1,51+,Europe,398,4.91358024691358,2680.77,33.095925925925926,7.012345679012346,39,81,0,2.833714571301234,3.0,16.162083333333335,1.0,33.33333333333333,0.0,4.0,13.0,1
662,2024-01-25,UK,50.0,F,Premium,31.48,341,1,36-50,Europe,227,4.729166666666667,1327.23,27.650625,8.6875,25,48,0,2.3039243424831737,1.0,10.03,0.0,0.0,0.0,0.0,259.0,1
663,2023-11-18,USA,43.5,F,Basic,11.91,409,0,36-50,North America,181,4.641025641025641,1046.73,26.83923076923077,6.487179487179487,18,39,0,2.476066272040343,5.0,26.040486111111115,1.0,80.0,0.0,4.5,51.0,1
664,2022-07-21,Brazil,36.0,M,Basic,10.33,894,0,36-50,South America,246,4.823529411764706,1363.22,26.729803921568628,8.117647058823529,17,51,5,2.754675170345434,0.0,0.0,0.0,0.0,0.0,0.0,0.0,0
665,2023-01-08,Canada,20.0,M,Basic,12.61,723,0,18-25,North America,67,4.1875,510.84000000000003,31.927500000000002,6.8125,13,16,5,2.83357842077234,0.0,0.0,0.0,0.0,0.0,0.0,0.0,0
666,2023-03-18,Brazil,27.0,M,Basic,12.98,654,0,26-35,South America,301,4.5606060606060606,1713.3500000000001,25.959848484848486,7.53030303030303,24,66,0,2.596617846820021,0.0,0.0,0.0,0.0,0.0,0.0,0.0,0
667,2022-03-13,Spain,57.0,Unknown,Basic,13.67,1024,0,51+,Europe,179,5.264705882352941,1029.98,30.293529411764705,7.470588235294118,23,34,5,2.6320728497955783,4.0,11.409722222222221,1.0,25.0,1.0,4.5,44.0,1
668,2023-11-12,UK,64.0,F,Premium,33.38,415,1,51+,Europe,286,5.107142857142857,1860.8,33.22857142857143,7.982142857142857,25,56,0,2.4766441475848393,0.0,0.0,0.0,0.0,0.0,0.0,0.0,0
669,2022-12-05,France,59.0,M,Premium,35.9,757,1,51+,Europe,156,5.2,815.27,27.175666666666665,7.266666666666667,17,30,10,2.4268611769966966,0.0,0.0,0.0,0.0,0.0,0.0,0.0,0
670,2023-10-01,UK,18.0,M,Basic,13.66,457,0,18-25,Europe,40,5.714285714285714,150.82,21.545714285714286,9.428571428571429,7,7,28,2.563479777846623,0.0,0.0,0.0,0.0,0.0,0.0,0.0,0
671,2022-11-18,Brazil,43.5,F,Basic,13.8,774,0,36-50,South America,277,5.036363636363636,1573.37,28.60672727272727,7.418181818181818,29,55,0,2.854260210072191,0.0,0.0,0.0,0.0,0.0,0.0,0.0,1
672,2023-11-11,France,67.0,F,Basic,11.5,416,0,51+,Europe,294,5.068965517241379,1731.09,29.846379310344826,7.379310344827586,24,58,0,2.3609548244302783,0.0,0.0,0.0,0.0,0.0,0.0,0.0,0
673,2024-05-18,UK,51.0,F,Basic,10.33,227,0,51+,Europe,145,4.833333333333333,702.34,23.411333333333335,5.933333333333334,17,30,0,2.5472545509089657,0.0,0.0,0.0,0.0,0.0,0.0,0.0,0
674,2022-05-08,Italy,68.0,F,Enterprise,103.75,968,1,51+,Europe,149,5.96,823.99,32.9596,7.48,15,25,0,2.4576411454889016,0.0,0.0,0.0,0.0,0.0,0.0,0.0,0
675,2024-01-08,UK,30.0,Unknown,Basic,13.83,358,0,26-35,Europe,341,4.671232876712328,1845.21,25.276849315068493,7.164383561643835,34,73,0,2.472373997017104,2.0,32.43361111111111,1.0,100.0,0.0,3.0,126.0,0
676,2022-11-04,France,18.0,M,Enterprise,138.53,788,1,18-25,Europe,96,4.8,608.97,30.448500000000003,7.5,12,20,3,2.3305748105067177,0.0,0.0,0.0,0.0,0.0,0.0,0.0,0
677,2023-06-04,Spain,51.0,M,Basic,10.66,576,0,51+,Europe,22,3.6666666666666665,167.01999999999998,27.836666666666662,6.666666666666667,5,6,11,2.8751811537130436,0.0,0.0,0.0,0.0,0.0,0.0,0.0,1
678,2022-11-13,USA,46.0,F,Basic,10.91,779,0,36-50,North America,383,4.848101265822785,2388.69,30.236582278481013,7.227848101265823,43,79,0,2.6654898409444114,0.0,0.0,0.0,0.0,0.0,0.0,0.0,0
679,2023-11-14,USA,65.0,F,Basic,13.82,413,0,51+,North America,19,3.1666666666666665,91.72999999999999,15.288333333333332,8.666666666666666,3,6,2,1.3291601358251257,0.0,0.0,0.0,0.0,0.0,0.0,0.0,0
680,2023-02-23,USA,64.0,F,Premium,35.98,677,1,51+,North America,354,4.657894736842105,2183.4,28.728947368421053,7.171052631578948,43,76,1,2.690985601739989,3.0,4.041805555555555,1.0,33.33333333333333,0.0,4.0,7.0,0
681,2022-12-01,UK,30.0,M,Basic,12.5,761,0,26-35,Europe,402,4.729411764705882,2739.69,32.23164705882353,7.411764705882353,53,85,0,2.5791666949493854,0.0,0.0,0.0,0.0,0.0,0.0,0.0,0
682,2023-02-17,USA,65.0,M,Basic,13.11,683,0,51+,North America,296,5.103448275862069,1889.84,32.58344827586207,6.931034482758621,30,58,1,2.482851043517355,0.0,0.0,0.0,0.0,0.0,0.0,0.0,0
683,2023-12-15,USA,66.0,M,Basic,10.68,382,0,51+,North America,29,5.8,109.79,21.958000000000002,8.2,1,5,6,1.4832396974191326,0.0,0.0,0.0,0.0,0.0,0.0,0.0,1
684,2022-10-30,Germany,70.0,M,Basic,11.59,793,0,51+,Europe,71,4.733333333333333,383.97,25.598000000000003,6.2,6,15,6,2.520393015460278,0.0,0.0,0.0,0.0,0.0,0.0,0.0,0
685,2023-07-22,Spain,46.0,M,Basic,11.86,528,0,36-50,Europe,401,4.890243902439025,2183.62,26.62951219512195,7.280487804878049,41,82,0,2.5288756959281704,0.0,0.0,0.0,0.0,0.0,0.0,0.0,0
686,2022-05-11,Germany,56.0,F,Basic,11.56,965,0,51+,Europe,66,3.473684210526316,644.79,33.93631578947368,7.684210526315789,9,19,1,2.2452028132252595,4.0,40.37712962962963,1.0,50.0,0.0,4.0,35.0,0
687,2022-07-16,Mexico,41.0,F,Premium,38.63,899,1,36-50,North America,276,5.0181818181818185,1775.83,32.28781818181818,6.6909090909090905,19,55,3,2.4980800708552238,1.0,6.656944444444444,0.0,100.0,0.0,0.0,139.0,0
688,2023-03-07,UK,43.0,M,Premium,35.8,665,1,36-50,Europe,130,5.2,562.4,22.496,9.0,10,25,3,2.5495097567963927,0.0,0.0,0.0,0.0,0.0,0.0,0.0,0
689,2023-11-12,Australia,34.0,F,Basic,13.64,415,0,26-35,Oceania,139,4.964285714285714,789.97,28.213214285714287,7.178571428571429,13,28,2,2.860745083691036,0.0,0.0,0.0,0.0,0.0,0.0,0.0,1
690,2023-01-24,USA,24.0,M,Premium,32.36,707,1,18-25,North America,334,5.138461538461539,1798.29,27.666,7.338461538461538,34,65,0,2.2767638977623146,4.0,21.913819444444446,0.0,25.0,0.0,3.0,61.0,0
691,2023-11-25,Germany,30.0,F,Basic,11.31,402,0,26-35,Europe,172,4.914285714285715,1108.73,31.678,7.4,16,35,5,2.5480260938204533,0.0,0.0,0.0,0.0,0.0,0.0,0.0,0
692,2024-02-06,Brazil,22.0,M,Premium,32.24,329,1,18-25,South America,74,4.625,449.97,28.123125,8.9375,6,16,1,2.9860788111948193,2.0,12.500416666666666,0.0,100.0,0.0,4.0,51.0,0
693,2022-06-28,Germany,43.0,M,Basic,13.43,917,0,36-50,Europe,135,5.4,801.52,32.0608,7.68,13,25,0,2.309401076758503,2.0,38.95583333333333,1.0,50.0,1.0,3.0,85.0,0
694,2023-09-23,France,66.0,F,Basic,11.74,465,0,51+,Europe,212,5.435897435897436,982.79,25.199743589743587,7.589743589743589,13,39,0,2.7890280498567934,0.0,0.0,0.0,0.0,0.0,0.0,0.0,1
695,2023-08-06,USA,20.0,M,Basic,12.02,513,0,18-25,North America,149,5.321428571428571,986.86,35.245,7.535714285714286,13,28,1,2.6950375717654684,2.0,18.650277777777777,0.0,50.0,1.0,3.0,116.0,0
696,2022-11-05,France,24.0,M,Premium,37.08,787,1,18-25,Europe,40,5.714285714285714,222.27,31.752857142857145,7.714285714285714,6,7,1,3.3523268393901033,2.0,25.60611111111111,0.0,100.0,1.0,4.0,99.0,1
697,2023-02-20,Mexico,66.0,M,Basic,14.85,680,0,51+,North America,173,4.805555555555555,848.34,23.565,7.75,22,36,0,2.5947137958818662,0.0,0.0,0.0,0.0,0.0,0.0,0.0,1
698,2023-07-16,USA,56.0,M,Basic,10.8,534,0,51+,North America,212,4.930232558139535,1216.7,28.295348837209303,7.488372093023256,24,43,2,2.6222068934864886,1.0,5.613611111111111,0.0,0.0,0.0,0.0,154.0,0
699,2024-05-03,USA,70.0,M,Basic,10.3,242,0,51+,North America,92,5.411764705882353,574.72,33.80705882352942,5.705882352941177,8,17,5,2.2928918293666776,0.0,0.0,0.0,0.0,0.0,0.0,0.0,0
700,2022-01-01,Mexico,18.0,F,Basic,10.96,1095,0,18-25,North America,149,3.9210526315789473,959.47,25.24921052631579,7.315789473684211,25,38,0,2.7546675764263298,0.0,0.0,0.0,0.0,0.0,0.0,0.0,0
701,2022-11-08,UK,66.0,F,Premium,37.34,784,1,51+,Europe,178,4.238095238095238,1343.03,31.976904761904763,8.071428571428571,34,42,3,2.9780458792639783,2.0,9.578611111111112,1.0,100.0,1.0,4.0,220.0,0
702,2022-10-21,France,34.0,F,Basic,10.96,802,0,26-35,Europe,286,5.72,1621.63,32.4326,6.78,20,50,0,2.3390212500452545,0.0,0.0,0.0,0.0,0.0,0.0,0.0,0
703,2022-08-04,UK,60.0,M,Enterprise,158.43,880,1,51+,Europe,64,4.923076923076923,542.39,41.722307692307695,7.846153846153846,7,13,0,2.660248687044705,0.0,0.0,0.0,0.0,0.0,0.0,0.0,0
704,2023-03-17,Brazil,42.0,M,Basic,12.94,655,0,36-50,South America,265,6.0227272727272725,1347.3600000000001,30.621818181818185,7.7272727272727275,22,44,1,2.556238482556746,5.0,12.926388888888889,0.0,40.0,2.0,4.5,26.0,1
705,2024-03-15,Canada,20.0,M,Basic,11.46,291,0,18-25,North America,66,4.125,585.54,36.59625,6.8125,6,16,0,2.680174123696692,1.0,5.551944444444445,0.0,100.0,1.0,3.0,307.0,0
706,2023-08-17,USA,32.0,M,Premium,30.68,502,1,26-35,North America,128,4.129032258064516,754.34,24.333548387096776,6.774193548387097,13,31,3,2.4459754084873238,3.0,9.106111111111112,0.0,66.66666666666666,1.0,3.5,62.0,0
707,2023-09-14,USA,46.0,F,Premium,33.98,474,1,36-50,North America,107,5.35,585.39,29.2695,6.5,9,20,5,2.5188761069384227,0.0,0.0,0.0,0.0,0.0,0.0,0.0,0
708,2023-11-02,UK,70.0,M,Basic,10.92,425,0,51+,Europe,374,5.5,2098.39,30.858676470588232,7.75,34,68,1,2.4947706501830833,0.0,0.0,0.0,0.0,0.0,0.0,0.0,0
709,2022-11-26,Australia,60.0,F,Basic,10.91,766,0,51+,Oceania,321,5.440677966101695,1746.0,29.593220338983052,7.728813559322034,26,59,0,2.5882438890083166,2.0,14.005416666666665,0.0,100.0,0.0,4.5,30.0,1
710,2023-04-22,Brazil,49.0,M,Premium,35.22,619,1,36-50,South America,220,5.641025641025641,1339.59,34.348461538461535,6.6923076923076925,19,39,2,2.400517263196452,0.0,0.0,0.0,0.0,0.0,0.0,0.0,0
711,2023-03-29,France,43.0,M,Basic,13.36,643,0,36-50,Europe,75,5.769230769230769,341.23,26.24846153846154,9.76923076923077,7,13,12,2.0475125621855637,3.0,19.855,2.0,100.0,0.0,5.0,205.0,0
712,2023-03-29,USA,33.0,M,Premium,30.74,643,1,26-35,North America,170,4.722222222222222,1104.92,30.692222222222224,6.555555555555555,17,36,3,2.7734569569516476,3.0,19.173703703703705,0.0,100.0,1.0,4.666666666666667,59.0,0
713,2023-11-23,Australia,42.0,M,Basic,12.88,404,0,36-50,Oceania,411,5.337662337662338,2617.21,33.98974025974026,7.35064935064935,43,77,0,2.6438129841216553,5.0,17.309305555555554,1.0,40.0,0.0,5.0,38.0,0
714,2022-08-07,France,45.0,M,Enterprise,124.61,877,1,36-50,Europe,27,4.5,195.57,32.595,6.0,2,6,0,2.588435821108957,5.0,12.304583333333333,1.0,20.0,0.0,4.666666666666667,103.0,0
715,2023-06-08,Germany,26.0,M,Basic,13.36,572,0,26-35,Europe,112,4.3076923076923075,660.65,25.409615384615385,6.653846153846154,8,26,5,1.9548755616505267,0.0,0.0,0.0,0.0,0.0,0.0,0.0,0
716,2023-04-30,Australia,18.0,M,Basic,14.04,611,0,18-25,Oceania,238,4.76,1407.76,28.1552,6.84,34,50,1,2.48719167917947,2.0,8.44,0.0,50.0,0.0,5.0,46.0,0
717,2024-03-23,Mexico,46.0,Unknown,Basic,14.03,283,0,36-50,North America,179,5.424242424242424,1009.68,30.596363636363634,6.9393939393939394,18,33,2,2.3188130453734166,3.0,27.62986111111111,1.0,66.66666666666666,0.0,3.0,177.0,0
718,2024-03-26,UK,43.5,F,Enterprise,136.98,280,1,36-50,Europe,170,4.0476190476190474,1548.78,36.87571428571429,6.642857142857143,28,42,0,2.4983153441174575,0.0,0.0,0.0,0.0,0.0,0.0,0.0,0
719,2024-01-24,USA,33.0,M,Premium,35.66,342,1,26-35,North America,261,5.4375,1464.43,30.508958333333336,6.6875,37,48,3,2.5839624033889614,0.0,0.0,0.0,0.0,0.0,0.0,0.0,0
720,2022-06-23,Italy,58.0,M,Basic,13.96,922,0,51+,Europe,308,4.666666666666667,1997.67,30.267727272727274,6.893939393939394,39,66,1,2.696626572552246,3.0,11.513472222222221,1.0,66.66666666666666,0.0,0.0,75.0,0
721,2023-11-06,UK,68.0,F,Basic,10.29,421,0,51+,Europe,265,5.3,1490.13,29.8026,7.4,23,50,1,2.6592157812837556,0.0,0.0,0.0,0.0,0.0,0.0,0.0,0
722,2022-03-28,UK,61.0,Other,Basic,13.02,1009,0,51+,Europe,45,4.5,294.21999999999997,29.421999999999997,5.8,11,10,0,2.9533408577782247,0.0,0.0,0.0,0.0,0.0,0.0,0.0,0
723,2022-10-18,USA,68.0,F,Basic,14.17,805,0,51+,North America,99,4.714285714285714,676.02,32.191428571428574,6.9523809523809526,13,21,8,2.2834810518779687,5.0,21.010333333333335,0.0,20.0,0.0,3.75,38.0,0
724,2023-06-12,Australia,58.0,M,Basic,11.85,568,0,51+,Oceania,422,4.850574712643678,2642.7,30.375862068965514,6.908045977011494,47,87,0,2.5587457666643787,5.0,22.668444444444447,0.0,80.0,1.0,3.8,112.0,0
725,2023-11-11,France,24.0,Unknown,Basic,12.27,416,0,18-25,Europe,259,4.886792452830188,1403.04,26.47245283018868,8.09433962264151,33,53,2,2.832913540716115,0.0,0.0,0.0,0.0,0.0,0.0,0.0,1
726,2023-10-11,UK,31.0,F,Basic,13.48,447,0,26-35,Europe,149,4.806451612903226,875.99,28.25774193548387,8.290322580645162,9,31,0,2.587397081221585,0.0,0.0,0.0,0.0,0.0,0.0,0.0,0
727,2023-09-27,Canada,46.0,M,Basic,10.33,461,0,36-50,North America,145,4.833333333333333,734.72,24.490666666666666,8.033333333333333,16,30,0,2.4646932149211107,0.0,0.0,0.0,0.0,0.0,0.0,0.0,0
728,2022-12-10,UK,36.0,F,Premium,33.85,752,1,36-50,Europe,271,5.113207547169812,1551.26,29.269056603773585,7.132075471698113,23,53,0,2.729189632885491,1.0,9.194444444444445,0.0,0.0,0.0,5.0,4.0,1
729,2022-04-06,UK,36.0,M,Basic,11.47,1000,0,36-50,Europe,161,5.03125,1089.57,34.0490625,6.625,18,32,0,2.7764490549690826,0.0,0.0,0.0,0.0,0.0,0.0,0.0,0
730,2024-04-18,UK,19.0,Other,Basic,10.07,257,0,18-25,Europe,320,4.776119402985074,2029.22,30.28686567164179,6.3283582089552235,24,67,2,2.51553293059758,2.0,10.804583333333333,0.0,50.0,1.0,2.0,88.0,0
731,2024-02-09,Germany,58.0,F,Basic,10.97,326,0,51+,Europe,374,5.123287671232877,2096.51,28.719315068493152,6.890410958904109,45,73,1,2.7836087961466105,0.0,0.0,0.0,0.0,0.0,0.0,0.0,0
732,2022-08-29,France,62.0,F,Premium,33.95,855,1,51+,Europe,173,4.325,1219.75,30.49375,7.175,16,40,3,2.6154128957747025,5.0,14.511500000000002,0.0,20.0,0.0,4.333333333333333,102.0,1
733,2023-11-20,Germany,32.0,F,Premium,31.96,407,1,26-35,Europe,243,5.0625,1307.8700000000001,27.24729166666667,6.354166666666667,16,48,1,2.6530291799728167,2.0,24.154583333333335,0.0,50.0,0.0,3.0,41.0,0
734,2022-11-14,Brazil,20.0,M,Premium,36.01,778,1,18-25,South America,65,5.416666666666667,327.74,27.311666666666667,7.916666666666667,5,12,11,2.7784342658585555,1.0,10.699444444444444,0.0,100.0,0.0,3.0,5.0,1
735,2022-08-19,UK,28.0,F,Basic,12.23,865,0,26-35,Europe,115,4.423076923076923,760.62,29.254615384615384,6.1923076923076925,13,26,3,2.24807610054601,4.0,33.58657407407407,1.0,25.0,2.0,2.3333333333333335,21.0,0
736,2024-04-05,Italy,70.0,F,Basic,10.19,270,0,51+,Europe,37,4.625,181.57,22.69625,8.75,3,8,3,2.9730936268953445,0.0,0.0,0.0,0.0,0.0,0.0,0.0,0
737,2022-07-23,Italy,63.0,F,Enterprise,127.49,892,1,51+,Europe,221,4.702127659574468,1344.69,28.610425531914895,7.127659574468085,26,47,1,2.6285629535432578,0.0,0.0,0.0,0.0,0.0,0.0,0.0,1
738,2022-05-31,Germany,47.0,F,Basic,10.09,945,0,36-50,Europe,166,5.354838709677419,1106.14,35.68193548387097,8.225806451612904,14,31,3,2.690085340613741,1.0,9.569722222222222,0.0,100.0,0.0,0.0,167.0,0
739,2022-01-26,Mexico,57.0,F,Basic,11.78,1070,0,51+,North America,191,4.658536585365853,1099.78,26.82390243902439,7.170731707317073,18,41,4,2.4352592890446076,0.0,0.0,0.0,0.0,0.0,0.0,0.0,0
740,2022-02-17,Italy,35.0,Other,Premium,32.58,1048,1,26-35,Europe,341,4.736111111111111,2373.64,32.96722222222222,7.708333333333333,26,72,0,2.8033835469703567,0.0,0.0,0.0,0.0,0.0,0.0,0.0,0
741,2022-09-08,UK,68.0,F,Basic,13.43,845,0,51+,Europe,119,5.173913043478261,711.4,30.930434782608696,7.391304347826087,15,23,0,2.5875958289333063,0.0,0.0,0.0,0.0,0.0,0.0,0.0,0
742,2023-05-02,USA,65.0,F,Basic,11.53,609,0,51+,North America,112,5.333333333333333,708.15,33.72142857142857,7.571428571428571,5,21,2,2.1984843263788196,0.0,0.0,0.0,0.0,0.0,0.0,0.0,0
743,2023-09-18,Germany,19.0,M,Basic,11.87,470,0,18-25,Europe,122,4.066666666666666,898.13,29.937666666666665,7.266666666666667,19,30,3,2.638355461311058,3.0,5.835555555555556,1.0,66.66666666666666,0.0,0.0,54.0,0
744,2024-05-20,Brazil,49.0,F,Basic,13.62,225,0,36-50,South America,212,4.711111111111111,1199.41,26.653555555555556,8.755555555555556,17,45,1,2.4085286174364007,0.0,0.0,0.0,0.0,0.0,0.0,0.0,0
745,2024-02-26,Canada,25.0,M,Basic,12.39,309,0,18-25,North America,378,4.909090909090909,1913.87,24.855454545454545,8.155844155844155,50,77,0,2.396169191492615,5.0,5.340740740740741,2.0,20.0,2.0,3.0,80.0,0
746,2022-03-16,Canada,39.0,M,Basic,12.77,1021,0,36-50,North America,140,4.516129032258065,838.04,27.033548387096772,8.580645161290322,15,31,2,2.694079530401623,3.0,10.706018518518519,0.0,66.66666666666666,2.0,3.0,177.0,0
747,2023-04-12,USA,23.0,M,Premium,38.4,629,1,18-25,North America,125,4.464285714285714,865.3,30.90357142857143,7.142857142857143,12,28,0,2.531024428188052,0.0,0.0,0.0,0.0,0.0,0.0,0.0,0
748,2023-03-01,Australia,29.0,F,Basic,11.02,671,0,26-35,Oceania,173,5.088235294117647,976.74,28.72764705882353,7.705882352941177,22,34,3,2.678394442841429,0.0,0.0,0.0,0.0,0.0,0.0,0.0,1
749,2024-06-26,France,64.0,F,Basic,14.94,188,0,51+,Europe,36,6.0,122.26,20.37666666666667,9.0,3,6,8,3.03315017762062,0.0,0.0,0.0,0.0,0.0,0.0,0.0,0
750,2023-10-07,Italy,43.5,F,Basic,14.49,451,0,36-50,Europe,244,4.88,1380.43,27.608600000000003,7.66,28,50,1,2.4713872828921044,5.0,7.220462962962962,2.0,60.0,2.0,4.0,59.0,0
751,2023-08-13,Italy,53.0,M,Premium,32.86,506,1,51+,Europe,169,4.447368421052632,1321.84,34.78526315789473,6.894736842105263,21,38,3,2.446148306271129,0.0,0.0,0.0,0.0,0.0,0.0,0.0,1
752,2022-07-19,Australia,32.0,F,Basic,14.45,896,0,26-35,Oceania,202,4.6976744186046515,1393.59,32.409069767441856,7.3023255813953485,20,43,0,2.686251448367003,4.0,16.907847222222223,0.0,75.0,0.0,4.5,34.0,0
753,2024-01-06,USA,45.0,F,Premium,37.53,360,1,36-50,North America,267,5.134615384615385,1263.3700000000001,24.295576923076926,7.365384615384615,26,52,0,2.4012157554189915,0.0,0.0,0.0,0.0,0.0,0.0,0.0,1
754,2023-12-15,Brazil,69.0,M,Premium,39.3,382,1,51+,South America,301,4.934426229508197,1885.29,30.90639344262295,7.557377049180328,30,61,1,2.688672860099175,0.0,0.0,0.0,0.0,0.0,0.0,0.0,1
755,2023-01-29,UK,66.0,M,Premium,36.9,702,1,51+,Europe,363,5.041666666666667,2031.42,28.214166666666667,8.027777777777779,33,72,0,2.446253243140919,2.0,9.439722222222223,0.0,100.0,0.0,0.0,160.0,1
756,2023-05-22,Germany,62.0,M,Basic,13.36,589,0,51+,Europe,96,3.84,829.12,33.1648,8.68,15,25,0,2.8237091446063163,0.0,0.0,0.0,0.0,0.0,0.0,0.0,0
757,2023-02-14,Mexico,35.0,F,Premium,30.02,686,1,26-35,North America,153,5.275862068965517,922.0,31.79310344827586,7.206896551724138,13,29,0,2.5198717615349557,0.0,0.0,0.0,0.0,0.0,0.0,0.0,0
758,2022-09-07,Brazil,19.0,F,Basic,12.36,846,0,18-25,South America,387,4.8375,2147.02,26.83775,8.2625,37,80,0,2.528038965810896,2.0,21.73763888888889,0.0,0.0,0.0,4.0,104.0,0
759,2022-06-01,Spain,30.0,M,Basic,10.99,944,0,26-35,Europe,242,4.653846153846154,1577.32,30.333076923076923,7.8076923076923075,24,52,2,2.4961508830135313,5.0,14.249097222222222,1.0,80.0,0.0,3.3333333333333335,4.0,0
760,2023-11-03,Italy,62.0,Other,Basic,11.61,424,0,51+,Europe,205,4.555555555555555,1434.83,31.885111111111108,8.4,23,45,0,2.726599243442907,0.0,0.0,0.0,0.0,0.0,0.0,0.0,0
761,2023-12-06,France,32.0,M,Enterprise,197.87,391,1,26-35,Europe,229,4.770833333333333,1566.76,32.64083333333333,7.520833333333333,25,48,0,2.6676915140593747,4.0,17.902407407407406,1.0,25.0,0.0,3.0,37.0,0
762,2022-01-06,USA,37.0,M,Basic,10.42,1090,0,36-50,North America,338,4.63013698630137,2262.31,30.990547945205478,7.506849315068493,46,73,0,2.486110579662026,0.0,0.0,0.0,0.0,0.0,0.0,0.0,1
763,2024-02-08,Canada,46.0,M,Premium,37.21,327,1,36-50,North America,129,4.3,825.84,27.528000000000002,6.566666666666666,12,30,1,2.507230922063567,0.0,0.0,0.0,0.0,0.0,0.0,0.0,0
764,2024-05-31,Italy,59.0,M,Basic,10.85,214,0,51+,Europe,93,4.894736842105263,566.3,29.805263157894736,8.473684210526315,16,19,1,2.685242319752442,0.0,0.0,0.0,0.0,0.0,0.0,0.0,0
765,2024-02-28,USA,46.0,M,Basic,10.03,307,0,36-50,North America,195,5.131578947368421,1156.07,30.422894736842103,6.394736842105263,23,38,0,2.2077388779152125,1.0,12.475555555555555,0.0,0.0,0.0,5.0,109.0,0
766,2024-06-25,UK,20.0,M,Premium,35.0,189,1,18-25,Europe,335,4.652777777777778,1913.15,26.571527777777778,7.375,27,72,2,2.4098373635861488,5.0,18.00311111111111,0.0,20.0,0.0,4.0,36.0,0
767,2022-04-20,Brazil,36.0,F,Basic,10.8,986,0,36-50,South America,42,7.0,218.66,36.443333333333335,5.666666666666667,0,6,2,2.097617696340303,0.0,0.0,0.0,0.0,0.0,0.0,0.0,0
768,2024-03-08,UK,20.0,M,Premium,39.64,298,1,18-25,Europe,85,5.3125,518.61,32.413125,5.8125,12,16,0,2.5223996511258875,0.0,0.0,0.0,0.0,0.0,0.0,0.0,0
769,2023-03-12,UK,31.0,F,Premium,32.03,660,1,26-35,Europe,298,4.885245901639344,1636.48,26.827540983606557,7.360655737704918,40,61,1,2.6776753640408417,0.0,0.0,0.0,0.0,0.0,0.0,0.0,0
770,2022-08-13,USA,57.0,F,Basic,10.95,871,0,51+,North America,284,4.982456140350878,1766.51,30.99140350877193,8.140350877192983,32,57,1,2.7741873203193315,0.0,0.0,0.0,0.0,0.0,0.0,0.0,0
771,2022-06-30,Spain,21.0,M,Basic,10.15,915,0,18-25,Europe,88,4.888888888888889,644.4,35.8,8.277777777777779,12,18,5,2.8674417556808756,2.0,38.94361111111111,1.0,0.0,0.0,1.0,48.0,1
772,2024-04-03,Brazil,69.0,F,Basic,11.64,272,0,51+,South America,249,4.611111111111111,1826.84,33.83037037037037,8.185185185185185,21,54,1,2.6946254450866034,0.0,0.0,0.0,0.0,0.0,0.0,0.0,0
773,2023-12-14,USA,28.0,M,Basic,10.11,383,0,26-35,North America,260,4.482758620689655,1664.75,28.70258620689655,7.672413793103448,35,58,0,2.7608883601487912,1.0,15.992222222222225,0.0,100.0,0.0,4.0,303.0,0
774,2023-06-15,UK,48.0,F,Basic,12.48,565,0,36-50,Europe,132,5.5,729.19,30.38291666666667,8.083333333333334,14,24,6,2.9042697203764756,0.0,0.0,0.0,0.0,0.0,0.0,0.0,0
775,2023-04-21,UK,60.0,F,Basic,12.52,620,0,51+,Europe,241,5.239130434782608,1497.18,32.547391304347826,6.173913043478261,19,46,3,2.3868601654213766,0.0,0.0,0.0,0.0,0.0,0.0,0.0,1
776,2022-02-21,USA,49.0,M,Enterprise,105.31,1044,1,36-50,North America,53,5.3,262.23,26.223000000000003,6.4,2,10,9,2.263232692902394,0.0,0.0,0.0,0.0,0.0,0.0,0.0,0
777,2023-07-25,Germany,44.0,F,Basic,11.19,525,0,36-50,Europe,378,4.784810126582278,2369.14,29.98911392405063,7.531645569620253,50,79,0,2.663479919954101,5.0,11.772222222222224,1.0,40.0,1.0,3.6666666666666665,20.0,0
778,2022-09-13,France,47.0,F,Premium,38.31,840,1,36-50,Europe,248,4.862745098039215,1296.32,25.418039215686274,8.254901960784315,22,51,1,2.615489306750362,1.0,4.848333333333334,0.0,100.0,0.0,4.0,148.0,0
779,2024-05-18,Brazil,60.0,F,Basic,12.3,227,0,51+,South America,151,4.71875,895.33,27.9790625,8.0,16,32,0,2.6179821705201296,2.0,17.476944444444445,1.0,50.0,0.0,0.0,60.0,0
780,2022-05-05,UK,19.0,F,Basic,12.16,971,0,18-25,Europe,335,4.589041095890411,1998.78,27.38054794520548,7.1506849315068495,39,73,0,2.4542232106579296,0.0,0.0,0.0,0.0,0.0,0.0,0.0,1
781,2023-04-13,UK,66.0,M,Basic,13.48,628,0,51+,Europe,381,4.9480519480519485,2562.99,33.28558441558441,7.740259740259741,36,77,1,2.6402556888545945,0.0,0.0,0.0,0.0,0.0,0.0,0.0,1
782,2022-05-17,UK,26.0,F,Premium,37.14,959,1,26-35,Europe,276,4.677966101694915,1909.77,32.368983050847454,7.47457627118644,20,59,0,2.8311121122157172,0.0,0.0,0.0,0.0,0.0,0.0,0.0,1
783,2024-03-31,Australia,45.0,M,Basic,13.8,275,0,36-50,Oceania,158,4.9375,1029.87,32.1834375,7.6875,18,32,1,3.1205613638905505,0.0,0.0,0.0,0.0,0.0,0.0,0.0,0
784,2023-04-21,USA,48.0,M,Premium,38.29,620,1,36-50,North America,172,5.931034482758621,832.62,28.71103448275862,6.758620689655173,17,29,0,2.698293567671965,0.0,0.0,0.0,0.0,0.0,0.0,0.0,0
785,2023-11-15,Brazil,51.0,M,Basic,11.15,412,0,51+,South America,225,4.245283018867925,1774.57,33.48245283018868,7.886792452830188,22,53,1,2.385095227717967,0.0,0.0,0.0,0.0,0.0,0.0,0.0,1
786,2023-06-28,Australia,32.0,M,Basic,10.32,552,0,26-35,Oceania,63,7.0,277.83,30.869999999999997,7.222222222222222,1,9,4,1.9364916731037085,0.0,0.0,0.0,0.0,0.0,0.0,0.0,0
787,2023-07-27,UK,65.0,F,Basic,11.89,523,0,51+,Europe,312,4.656716417910448,2050.32,30.60179104477612,7.223880597014926,42,67,0,2.6374473357141675,0.0,0.0,0.0,0.0,0.0,0.0,0.0,0
788,2023-09-02,Germany,42.0,F,Basic,14.27,486,0,36-50,Europe,119,5.666666666666667,589.16,28.055238095238092,7.190476190476191,10,21,3,2.2656860623955235,0.0,0.0,0.0,0.0,0.0,0.0,0.0,0
789,2022-11-21,Canada,53.0,F,Basic,10.38,771,0,51+,North America,385,5.065789473684211,2516.8,33.11578947368421,7.2894736842105265,45,76,0,2.451315436336387,0.0,0.0,0.0,0.0,0.0,0.0,0.0,1
790,2024-02-13,Italy,25.0,M,Premium,35.75,322,1,18-25,Europe,251,4.826923076923077,1661.72,31.956153846153846,7.653846153846154,23,52,0,2.4869948307313514,1.0,31.49888888888889,0.0,100.0,0.0,0.0,159.0,0
791,2023-03-30,Italy,26.0,F,Premium,37.0,642,1,26-35,Europe,152,4.3428571428571425,940.4,26.86857142857143,7.314285714285714,18,35,0,2.4125024491649514,0.0,0.0,0.0,0.0,0.0,0.0,0.0,1
792,2023-09-20,USA,54.0,F,Premium,34.8,468,1,51+,North America,164,5.466666666666667,880.31,29.343666666666664,8.0,14,30,0,2.5828790850165815,0.0,0.0,0.0,0.0,0.0,0.0,0.0,1
793,2024-04-14,Germany,65.0,M,Premium,32.54,261,1,51+,Europe,167,4.638888888888889,1103.69,30.658055555555556,7.75,21,36,3,2.5651820072187337,2.0,15.488888888888887,0.0,0.0,1.0,3.5,178.0,0
794,2024-01-07,Mexico,62.0,M,Enterprise,132.62,359,1,51+,North America,272,4.610169491525424,1834.35,31.090677966101694,7.338983050847458,32,59,0,2.5998471384277795,3.0,28.18347222222222,1.0,66.66666666666666,1.0,4.0,13.0,1
795,2023-06-01,USA,56.0,F,Enterprise,107.16,579,1,51+,North America,239,4.78,1385.34,27.706799999999998,6.6,25,50,0,2.6824448184597633,0.0,0.0,0.0,0.0,0.0,0.0,0.0,0
796,2023-03-13,Brazil,49.0,F,Basic,11.45,659,0,36-50,South America,155,4.84375,1059.04,33.095,8.625,10,32,4,2.384213875987558,5.0,9.37701388888889,1.0,60.0,0.0,4.0,57.0,0
797,2024-04-30,Brazil,69.0,F,Basic,10.21,245,0,51+,South America,232,4.64,1404.84,28.096799999999998,7.66,28,50,2,2.655452611407059,5.0,16.35333333333333,3.0,20.0,0.0,4.5,128.0,1
798,2023-07-16,USA,34.0,F,Basic,13.62,534,0,26-35,North America,416,5.073170731707317,2805.13,34.20890243902439,6.939024390243903,39,82,0,2.7024473946976473,0.0,0.0,0.0,0.0,0.0,0.0,0.0,0
799,2023-04-02,Australia,52.0,Unknown,Basic,14.48,639,0,51+,Oceania,206,4.681818181818182,1321.49,30.033863636363638,6.5227272727272725,24,44,0,2.280072696441296,0.0,0.0,0.0,0.0,0.0,0.0,0.0,1
800,2022-06-12,Mexico,54.0,M,Enterprise,163.34,933,1,51+,North America,286,5.017543859649122,2057.04,36.08842105263158,7.350877192982456,28,57,0,2.6692108790412155,0.0,0.0,0.0,0.0,0.0,0.0,0.0,0
801,2024-02-01,Italy,36.0,F,Basic,13.27,334,0,36-50,Europe,245,5.568181818181818,1256.11,28.547954545454544,7.136363636363637,30,44,1,2.3859835597859242,4.0,4.138194444444444,2.0,100.0,0.0,0.0,69.0,0
802,2024-06-01,UK,61.0,M,Premium,34.71,213,1,51+,Europe,36,5.142857142857143,232.06,33.151428571428575,7.0,1,7,4,2.2677868380553634,0.0,0.0,0.0,0.0,0.0,0.0,0.0,0
803,2023-05-02,Australia,46.0,F,Premium,31.55,609,1,36-50,Oceania,117,4.68,845.16,33.8064,8.28,9,25,2,2.3402279091290805,0.0,0.0,0.0,0.0,0.0,0.0,0.0,1
804,2023-04-06,Spain,24.0,F,Basic,10.03,635,0,18-25,Europe,331,5.171875,1865.49,29.14828125,7.921875,35,64,0,2.407360983475869,5.0,11.892499999999998,1.0,20.0,2.0,3.5,17.0,1
805,2022-09-23,Brazil,45.0,F,Basic,11.71,830,0,36-50,South America,148,4.625,887.06,27.720625,8.03125,13,32,0,2.5996277649173223,0.0,0.0,0.0,0.0,0.0,0.0,0.0,0
806,2024-02-09,France,26.0,Other,Basic,13.75,326,0,26-35,Europe,316,5.448275862068965,1795.47,30.95637931034483,7.706896551724138,23,58,0,2.583160133139683,0.0,0.0,0.0,0.0,0.0,0.0,0.0,0
807,2022-09-11,Germany,45.0,M,Basic,14.79,842,0,36-50,Europe,264,5.617021276595745,1100.19,23.408297872340427,7.617021276595745,22,47,3,2.76274274156303,4.0,5.127592592592593,1.0,25.0,1.0,3.6666666666666665,59.0,0
808,2024-05-10,USA,23.0,F,Basic,12.15,235,0,18-25,North America,296,5.285714285714286,1531.6,27.349999999999998,7.928571428571429,35,56,0,2.5634797778466236,0.0,0.0,0.0,0.0,0.0,0.0,0.0,0
809,2023-10-15,USA,46.0,F,Basic,11.82,443,0,36-50,North America,268,5.153846153846154,1621.68,31.186153846153847,7.384615384615385,22,52,0,2.21744080880937,0.0,0.0,0.0,0.0,0.0,0.0,0.0,0
810,2022-10-11,Brazil,34.0,Other,Basic,12.22,812,0,26-35,South America,248,5.391304347826087,1341.35,29.15978260869565,7.391304347826087,23,46,2,2.5688584656273146,2.0,6.143055555555556,1.0,0.0,0.0,4.0,114.0,0
811,2024-02-24,Australia,33.0,F,Basic,12.13,311,0,26-35,Oceania,176,4.756756756756757,1069.32,28.90054054054054,7.0,14,37,3,2.2410985079916776,0.0,0.0,0.0,0.0,0.0,0.0,0.0,0
812,2024-03-07,Mexico,40.0,M,Basic,13.12,299,0,36-50,North America,404,5.315789473684211,2553.45,33.59802631578947,8.092105263157896,50,76,1,2.704122908034023,0.0,0.0,0.0,0.0,0.0,0.0,0.0,0
813,2023-06-18,France,48.0,F,Basic,13.66,562,0,36-50,Europe,459,5.157303370786517,2270.36,25.509662921348315,7.786516853932584,39,89,0,2.5401273966105005,0.0,0.0,0.0,0.0,0.0,0.0,0.0,0
814,2023-05-12,Australia,20.0,F,Premium,37.84,599,1,18-25,Oceania,68,4.533333333333333,439.23,29.282,5.666666666666667,11,15,4,2.2949219304078006,0.0,0.0,0.0,0.0,0.0,0.0,0.0,0
815,2023-10-04,USA,38.0,M,Basic,13.24,454,0,36-50,North America,232,4.9361702127659575,1402.36,29.837446808510638,6.723404255319149,24,47,1,2.649070840544637,4.0,16.695555555555554,0.0,25.0,1.0,3.25,34.0,0
816,2022-09-02,France,43.0,F,Premium,34.37,851,1,36-50,Europe,41,5.857142857142857,233.86,33.40857142857143,9.0,4,7,4,2.410295378065479,0.0,0.0,0.0,0.0,0.0,0.0,0.0,1
817,2022-10-09,Spain,53.0,F,Premium,39.49,814,1,51+,Europe,200,5.0,1146.56,28.663999999999998,8.3,25,40,0,2.57203899958469,0.0,0.0,0.0,0.0,0.0,0.0,0.0,1
818,2023-03-27,USA,59.0,F,Premium,37.1,645,1,51+,North America,94,4.947368421052632,419.15999999999997,22.061052631578946,7.2631578947368425,8,19,17,2.5270466778990652,4.0,27.748055555555556,1.0,0.0,0.0,4.0,49.0,1
819,2022-03-21,UK,54.0,M,Basic,12.12,1016,0,51+,Europe,143,4.333333333333333,956.33,28.97969696969697,7.96969696969697,14,33,2,2.4452334585202014,2.0,24.684722222222224,1.0,0.0,1.0,0.0,60.0,0
820,2024-01-01,UK,70.0,F,Basic,12.22,365,0,51+,Europe,49,4.9,235.07999999999998,23.508,9.5,6,10,6,2.6853512081497106,1.0,0.0,1.0,0.0,0.0,0.0,247.0,0
821,2022-10-20,UK,39.0,F,Basic,14.08,803,0,36-50,Europe,130,5.416666666666667,736.71,30.696250000000003,6.625,13,24,1,2.685171303201386,0.0,0.0,0.0,0.0,0.0,0.0,0.0,0
822,2022-08-29,Italy,43.5,F,Basic,12.19,855,0,36-50,Europe,228,4.653061224489796,1640.66,33.48285714285714,7.142857142857143,25,49,1,2.7275677535746263,0.0,0.0,0.0,0.0,0.0,0.0,0.0,0
823,2022-10-06,Australia,29.0,M,Enterprise,151.62,817,1,26-35,Oceania,156,5.032258064516129,797.54,25.727096774193548,7.774193548387097,11,31,1,2.613858845560741,0.0,0.0,0.0,0.0,0.0,0.0,0.0,0
824,2022-12-10,Brazil,59.0,M,Basic,11.45,752,0,51+,South America,404,5.246753246753247,2062.32,26.783376623376626,7.2727272727272725,42,77,0,2.6315686944434584,0.0,0.0,0.0,0.0,0.0,0.0,0.0,0
825,2022-11-24,Brazil,43.5,F,Enterprise,183.88,768,1,36-50,South America,46,4.181818181818182,332.07,30.188181818181818,9.545454545454545,6,11,4,2.7502066038093145,0.0,0.0,0.0,0.0,0.0,0.0,0.0,0
826,2023-07-08,Brazil,28.0,F,Premium,35.21,542,1,26-35,South America,238,5.288888888888889,1406.48,31.255111111111113,7.111111111111111,30,45,0,2.201468747555742,0.0,0.0,0.0,0.0,0.0,0.0,0.0,1
827,2022-03-24,UK,33.0,M,Basic,12.75,1013,0,26-35,Europe,230,5.609756097560975,1211.9,29.558536585365857,7.804878048780488,22,41,0,2.6445987293017423,4.0,14.04462962962963,1.0,50.0,0.0,0.0,1.0,1
828,2022-05-22,UK,25.0,M,Premium,38.8,954,1,18-25,Europe,309,4.753846153846154,1967.69,30.27215384615385,8.446153846153846,35,65,0,2.8119764469962294,1.0,11.101666666666668,0.0,0.0,0.0,5.0,346.0,0
829,2022-06-04,UK,57.0,M,Basic,14.59,941,0,51+,Europe,159,5.482758620689655,956.66,32.98827586206897,7.137931034482759,14,29,1,2.7336617208317646,1.0,5.652777777777778,0.0,0.0,0.0,0.0,122.0,1
830,2022-08-25,Canada,57.0,F,Basic,14.11,859,0,51+,North America,460,5.168539325842697,2545.65,28.602808988764046,8.112359550561798,41,89,0,2.403765772208359,0.0,0.0,0.0,0.0,0.0,0.0,0.0,1
831,2023-01-28,Australia,62.0,M,Basic,10.32,703,0,51+,Oceania,330,4.52054794520548,1980.41,27.128904109589044,7.397260273972603,40,73,0,2.646326536924429,0.0,0.0,0.0,0.0,0.0,0.0,0.0,1
832,2023-12-12,UK,19.0,M,Enterprise,144.34,385,1,18-25,Europe,224,4.977777777777778,1358.09,30.179777777777776,6.644444444444445,18,45,1,2.7426669907632286,0.0,0.0,0.0,0.0,0.0,0.0,0.0,1
833,2022-06-06,UK,47.0,M,Basic,11.71,939,0,36-50,Europe,232,4.9361702127659575,1445.09,30.74659574468085,7.574468085106383,29,47,0,2.816135614008092,3.0,13.812037037037038,0.0,66.66666666666666,0.0,4.5,31.0,0
834,2023-12-25,USA,47.0,F,Premium,32.13,372,1,36-50,North America,266,5.32,1530.81,30.6162,8.16,28,50,0,2.316224937086999,0.0,0.0,0.0,0.0,0.0,0.0,0.0,1
835,2022-08-08,USA,29.0,M,Basic,14.53,876,0,26-35,North America,250,4.716981132075472,1774.16,33.474716981132076,7.547169811320755,32,53,1,2.559877990561314,0.0,0.0,0.0,0.0,0.0,0.0,0.0,0
836,2022-03-07,UK,27.0,M,Basic,14.44,1030,0,26-35,Europe,63,4.5,524.65,37.475,7.642857142857143,5,14,1,2.3777817717036513,1.0,0.0,1.0,0.0,0.0,0.0,109.0,0
837,2023-03-01,France,61.0,F,Basic,12.32,671,0,51+,Europe,88,5.176470588235294,612.8,36.04705882352941,8.882352941176471,9,17,1,3.086974532565159,5.0,21.99938888888889,0.0,20.0,0.0,4.0,86.0,0
838,2023-02-22,USA,28.0,M,Basic,10.66,678,0,26-35,North America,392,4.72289156626506,2426.97,29.24060240963855,7.325301204819277,33,83,0,2.5818940533517023,0.0,0.0,0.0,0.0,0.0,0.0,0.0,0
839,2022-12-05,France,32.0,M,Basic,10.06,757,0,26-35,Europe,30,6.0,172.44,34.488,9.2,2,5,8,1.8708286933869707,3.0,11.92222222222222,1.0,0.0,0.0,3.5,11.0,0
840,2023-07-10,USA,33.0,F,Basic,12.18,540,0,26-35,North America,180,4.7368421052631575,1259.67,33.14921052631579,8.31578947368421,15,38,0,2.6476324000409877,0.0,0.0,0.0,0.0,0.0,0.0,0.0,0
841,2023-04-23,Mexico,34.0,M,Premium,30.39,618,1,26-35,North America,232,5.155555555555556,1397.57,31.05711111111111,8.044444444444444,24,45,1,3.0744959347062486,0.0,0.0,0.0,0.0,0.0,0.0,0.0,0
842,2023-03-02,USA,43.0,F,Basic,13.04,670,0,36-50,North America,332,5.107692307692307,1910.1299999999999,29.386615384615382,7.184615384615385,38,65,0,2.443889554346954,3.0,21.133981481481484,0.0,66.66666666666666,0.0,4.0,16.0,0
843,2022-03-05,UK,19.0,M,Enterprise,160.83,1032,1,18-25,Europe,112,5.894736842105263,718.42,37.81157894736842,7.315789473684211,2,19,3,2.378018242199567,0.0,0.0,0.0,0.0,0.0,0.0,0.0,0
844,2022-07-31,UK,67.0,F,Basic,14.48,884,0,51+,Europe,200,4.545454545454546,1414.78,32.15409090909091,7.931818181818182,20,44,1,2.74034920075378,0.0,0.0,0.0,0.0,0.0,0.0,0.0,1
845,2024-05-02,UK,29.0,M,Basic,10.94,243,0,26-35,Europe,378,4.973684210526316,2251.77,29.62855263157895,6.815789473684211,33,76,1,2.678176913302661,0.0,0.0,0.0,0.0,0.0,0.0,0.0,0
846,2023-03-07,USA,68.0,F,Basic,11.85,665,0,51+,North America,233,4.755102040816326,1583.1,32.30816326530612,6.346938775510204,16,49,4,2.7350397029788707,0.0,0.0,0.0,0.0,0.0,0.0,0.0,1
847,2023-02-03,Germany,43.0,M,Basic,14.29,697,0,36-50,Europe,257,4.849056603773585,1517.81,28.637924528301888,7.2075471698113205,26,53,1,2.6846875367184393,1.0,16.843888888888888,0.0,0.0,0.0,0.0,63.0,0
848,2024-02-28,France,40.0,M,Enterprise,147.42,307,1,36-50,Europe,268,4.872727272727273,1556.5,28.3,7.672727272727273,37,55,8,2.502254875363311,0.0,0.0,0.0,0.0,0.0,0.0,0.0,0
849,2023-08-22,Canada,35.0,F,Premium,30.59,497,1,26-35,North America,278,5.56,1564.12,31.2824,7.64,33,50,1,2.5407696086189384,2.0,32.00458333333333,0.0,100.0,0.0,3.5,150.0,0
850,2023-12-14,Australia,49.0,Other,Premium,31.1,383,1,36-50,Oceania,178,5.393939393939394,1212.6200000000001,36.74606060606061,7.575757575757576,21,33,0,3.0612435579698847,5.0,13.895624999999999,1.0,80.0,1.0,3.3333333333333335,67.0,0
851,2022-01-21,Italy,66.0,Unknown,Premium,38.12,1075,1,51+,Europe,387,5.16,2312.22,30.829599999999996,7.92,44,75,0,2.5311038079238246,2.0,11.43888888888889,0.0,50.0,0.0,0.0,154.0,0
852,2024-05-27,Spain,55.0,F,Premium,37.43,218,1,51+,Europe,214,4.7555555555555555,1460.56,32.45688888888889,8.355555555555556,22,45,0,2.9399718269796975,0.0,0.0,0.0,0.0,0.0,0.0,0.0,0
853,2024-06-20,UK,64.0,M,Premium,38.75,194,1,51+,Europe,219,5.475,916.09,22.902250000000002,7.75,30,40,0,2.5518972328797815,0.0,0.0,0.0,0.0,0.0,0.0,0.0,1
854,2024-02-23,Australia,20.0,F,Premium,31.18,312,1,18-25,Oceania,263,4.962264150943396,1470.32,27.741886792452828,7.849056603773585,32,53,0,2.549225102102623,5.0,11.954652777777778,1.0,60.0,0.0,4.333333333333333,2.0,0
855,2023-08-13,Spain,55.0,M,Basic,13.79,506,0,51+,Europe,93,5.470588235294118,391.25,23.014705882352942,6.470588235294118,9,17,5,2.294494689981422,2.0,6.970555555555555,0.0,50.0,0.0,4.0,265.0,0
856,2023-01-25,Australia,20.0,F,Basic,13.27,706,0,18-25,Oceania,119,4.958333333333333,642.83,26.784583333333334,6.375,9,24,2,2.8204095704219156,0.0,0.0,0.0,0.0,0.0,0.0,0.0,1
857,2023-05-04,UK,47.0,M,Premium,32.31,607,1,36-50,Europe,185,5.0,1139.84,30.806486486486484,7.108108108108108,18,37,5,2.6034165586355513,0.0,0.0,0.0,0.0,0.0,0.0,0.0,0
858,2022-01-07,Spain,18.0,M,Basic,14.86,1089,0,18-25,Europe,312,4.9523809523809526,1942.2,30.82857142857143,7.476190476190476,35,63,1,2.7440761500094513,3.0,0.0,3.0,33.33333333333333,0.0,0.0,129.0,1
859,2022-12-27,Italy,47.0,M,Premium,35.69,735,1,36-50,Europe,88,4.888888888888889,696.59,38.699444444444445,6.833333333333333,11,18,1,3.122760635547993,0.0,0.0,0.0,0.0,0.0,0.0,0.0,0
860,2022-11-02,Australia,62.0,M,Basic,14.52,790,0,51+,Oceania,208,5.2,1250.8,31.27,7.35,18,40,2,2.5237334980601194,0.0,0.0,0.0,0.0,0.0,0.0,0.0,0
861,2024-02-11,UK,43.5,F,Premium,38.58,324,1,36-50,Europe,206,4.478260869565218,1255.22,27.28739130434783,8.152173913043478,24,46,0,2.5187221666267607,2.0,10.53875,0.0,50.0,1.0,3.0,13.0,1
862,2023-02-04,Italy,43.5,Other,Basic,11.66,696,0,36-50,Europe,381,4.9480519480519485,2476.08,32.156883116883115,7.2727272727272725,40,77,0,2.4915441412489985,3.0,11.515092592592593,0.0,66.66666666666666,1.0,0.0,124.0,0
863,2024-05-23,Spain,38.0,F,Basic,12.67,222,0,36-50,Europe,114,5.428571428571429,437.12,20.815238095238094,8.952380952380953,7,21,5,2.2928460168844436,0.0,0.0,0.0,0.0,0.0,0.0,0.0,0
864,2024-05-05,Italy,63.0,M,Basic,12.15,240,0,51+,Europe,62,4.133333333333334,565.48,37.69866666666667,7.733333333333333,7,15,1,2.614975188810639,0.0,0.0,0.0,0.0,0.0,0.0,0.0,0
865,2023-03-06,Australia,30.0,M,Premium,37.08,666,1,26-35,Oceania,220,4.888888888888889,1375.35,30.563333333333333,7.355555555555555,19,45,1,2.6986715774299554,0.0,0.0,0.0,0.0,0.0,0.0,0.0,0
866,2023-07-06,USA,44.0,Unknown,Basic,12.93,544,0,36-50,North America,231,5.133333333333334,1135.05,25.223333333333333,7.955555555555556,34,45,0,2.7186226459200054,0.0,0.0,0.0,0.0,0.0,0.0,0.0,0
867,2024-02-05,Australia,53.0,Other,Premium,37.84,330,1,51+,Oceania,429,5.047058823529412,2385.41,28.063647058823527,7.529411764705882,40,85,0,2.4295104462428974,0.0,0.0,0.0,0.0,0.0,0.0,0.0,0
868,2024-01-23,Australia,24.0,M,Premium,30.11,343,1,18-25,Oceania,100,5.0,501.84000000000003,25.092000000000002,7.9,12,20,1,2.9912152080805936,0.0,0.0,0.0,0.0,0.0,0.0,0.0,1
869,2023-07-14,UK,43.5,F,Basic,13.43,536,0,36-50,Europe,133,4.75,868.0999999999999,31.003571428571426,6.571428571428571,11,28,2,2.7165473729772556,4.0,18.944930555555555,0.0,25.0,1.0,2.5,19.0,0
870,2024-03-30,France,27.0,Other,Enterprise,131.9,276,1,26-35,Europe,159,4.96875,1122.15,35.0671875,7.21875,14,32,0,2.8225403222926224,0.0,0.0,0.0,0.0,0.0,0.0,0.0,1
871,2023-09-10,UK,56.0,F,Basic,11.11,478,0,51+,Europe,294,5.068965517241379,1804.83,31.117758620689653,7.620689655172414,24,58,0,2.661367996505775,0.0,0.0,0.0,0.0,0.0,0.0,0.0,1
872,2022-08-14,Canada,70.0,M,Premium,38.0,870,1,51+,North America,215,4.387755102040816,1333.39,27.21204081632653,6.63265306122449,21,49,0,2.548008425962424,2.0,14.330277777777775,1.0,0.0,0.0,5.0,92.0,0
873,2023-05-15,UK,32.0,M,Basic,10.44,596,0,26-35,Europe,77,4.529411764705882,494.22,29.071764705882355,7.235294117647059,9,17,6,2.3215740096651976,1.0,0.0,1.0,100.0,0.0,0.0,320.0,0
874,2022-08-13,USA,32.0,F,Basic,11.13,871,0,26-35,North America,47,5.875,180.76,22.595,5.875,3,8,25,3.181980515339464,0.0,0.0,0.0,0.0,0.0,0.0,0.0,0
875,2022-10-07,France,21.0,F,Basic,11.01,816,0,18-25,Europe,196,4.780487804878049,1301.74,31.749756097560976,7.2682926829268295,30,41,1,2.5249969814036533,0.0,0.0,0.0,0.0,0.0,0.0,0.0,1
876,2023-03-23,USA,49.0,M,Premium,34.19,649,1,36-50,North America,62,3.4444444444444446,542.54,30.14111111111111,8.88888888888889,12,18,3,2.30656919209212,0.0,0.0,0.0,0.0,0.0,0.0,0.0,0
877,2023-05-13,UK,40.0,M,Enterprise,132.22,598,1,36-50,Europe,239,4.686274509803922,1842.36,36.12470588235294,7.8431372549019605,29,51,2,2.5883600682936785,0.0,0.0,0.0,0.0,0.0,0.0,0.0,1
878,2022-01-30,UK,23.0,F,Basic,13.59,1066,0,18-25,Europe,214,4.553191489361702,1487.14,31.64127659574468,6.74468085106383,23,47,2,2.635943116743721,0.0,0.0,0.0,0.0,0.0,0.0,0.0,0
879,2023-02-03,Brazil,41.0,M,Basic,13.49,697,0,36-50,South America,158,5.266666666666667,979.94,32.66466666666667,7.766666666666667,21,30,0,2.8031181324317775,3.0,12.891203703703704,0.0,100.0,2.0,3.0,24.0,0
880,2022-12-11,Australia,37.0,M,Enterprise,132.54,751,1,36-50,Oceania,29,4.142857142857143,169.4,24.2,8.142857142857142,6,7,14,1.4638501094227998,0.0,0.0,0.0,0.0,0.0,0.0,0.0,1
881,2023-11-16,Brazil,54.0,F,Basic,12.17,411,0,51+,South America,156,5.032258064516129,833.75,26.89516129032258,7.709677419354839,21,31,1,2.6518405051051106,1.0,0.0,1.0,100.0,0.0,0.0,204.0,1
882,2023-11-27,Brazil,37.0,F,Basic,11.03,400,0,36-50,South America,418,5.291139240506329,2243.17,28.394556962025316,8.430379746835444,54,79,1,2.5122872341812723,4.0,22.356319444444445,0.0,50.0,1.0,4.5,85.0,1
883,2024-03-28,Mexico,43.5,F,Basic,13.34,278,0,36-50,North America,308,5.5,1462.21,26.110892857142858,7.857142857142857,28,56,1,2.5866791627314534,1.0,22.00722222222222,0.0,0.0,0.0,5.0,2.0,0
884,2023-02-19,USA,50.0,M,Basic,11.97,681,0,36-50,North America,102,5.1,493.02,24.651,8.0,12,20,3,2.149663376340339,3.0,24.46263888888889,1.0,33.33333333333333,1.0,0.0,99.0,1
885,2024-01-12,Brazil,43.5,F,Premium,31.32,354,1,36-50,South America,264,5.617021276595745,1201.85,25.571276595744678,6.808510638297872,27,47,1,2.2219575338305098,4.0,15.072083333333333,2.0,50.0,1.0,5.0,22.0,1
886,2022-06-19,UK,25.0,F,Enterprise,112.72,926,1,18-25,Europe,295,4.402985074626866,2076.17,30.987611940298507,7.507462686567164,43,67,0,2.7195125537634293,4.0,20.985648148148147,1.0,50.0,1.0,3.3333333333333335,167.0,0
887,2024-05-10,USA,18.0,M,Basic,11.6,235,0,18-25,North America,306,5.1,1686.43,28.107166666666668,7.683333333333334,42,60,0,2.5022024197000015,1.0,0.0,1.0,100.0,0.0,0.0,52.0,0
888,2023-04-24,USA,54.0,F,Premium,37.46,617,1,51+,North America,146,5.407407407407407,696.04,25.77925925925926,8.037037037037036,14,27,1,2.70696053307678,0.0,0.0,0.0,0.0,0.0,0.0,0.0,0
889,2022-05-11,UK,39.0,M,Premium,30.25,965,1,36-50,Europe,385,4.8734177215189876,2124.15,26.887974683544304,7.772151898734177,45,79,0,2.733304042717957,0.0,0.0,0.0,0.0,0.0,0.0,0.0,0
890,2023-09-30,France,23.0,Unknown,Basic,11.28,458,0,18-25,Europe,352,4.455696202531645,2653.06,33.58303797468354,7.506329113924051,33,79,0,2.2971413023438743,1.0,3.2377777777777776,0.0,100.0,0.0,0.0,68.0,0
891,2023-07-01,USA,38.0,M,Basic,10.8,549,0,36-50,North America,24,4.8,140.01,28.002,5.4,4,5,20,3.1144823004794873,0.0,0.0,0.0,0.0,0.0,0.0,0.0,0
892,2022-01-28,Italy,49.0,M,Premium,39.55,1068,1,36-50,Europe,124,4.592592592592593,733.86,27.18,7.333333333333333,11,27,7,2.1707719162202905,0.0,0.0,0.0,0.0,0.0,0.0,0.0,1
893,2023-02-08,Spain,52.0,M,Basic,13.52,692,0,51+,Europe,266,5.32,1455.86,29.117199999999997,7.34,32,50,0,2.4448195960321604,0.0,0.0,0.0,0.0,0.0,0.0,0.0,0
894,2023-08-30,Mexico,32.0,F,Basic,11.16,489,0,26-35,North America,79,5.642857142857143,350.37,25.02642857142857,6.571428571428571,5,14,3,2.6777471259119427,4.0,35.680902777777774,0.0,25.0,1.0,3.5,123.0,0
895,2023-08-01,USA,22.0,M,Enterprise,120.74,518,1,18-25,North America,25,5.0,137.04,27.407999999999998,9.2,1,5,3,2.5495097567963922,0.0,0.0,0.0,0.0,0.0,0.0,0.0,0
896,2023-11-10,Canada,63.0,Other,Premium,38.57,417,1,51+,North America,219,5.7631578947368425,1099.44,28.93263157894737,8.0,19,38,0,2.476202525515315,1.0,6.341944444444445,0.0,100.0,0.0,2.0,163.0,0
897,2022-01-28,Brazil,67.0,F,Enterprise,119.01,1068,1,51+,South America,142,5.461538461538462,751.55,28.90576923076923,7.3076923076923075,14,26,1,2.301838729898674,0.0,0.0,0.0,0.0,0.0,0.0,0.0,0
898,2022-03-27,UK,65.0,M,Basic,14.98,1010,0,51+,Europe,48,4.363636363636363,369.27,33.57,7.363636363636363,6,11,16,2.292279532375023,0.0,0.0,0.0,0.0,0.0,0.0,0.0,1
899,2023-10-21,Germany,23.0,M,Premium,32.81,437,1,18-25,Europe,59,5.363636363636363,351.43,31.94818181818182,8.818181818181818,4,11,31,2.9076701075853593,4.0,16.989583333333332,2.0,25.0,0.0,0.0,51.0,0
900,2023-03-15,Spain,42.0,F,Premium,30.83,657,1,36-50,Europe,50,5.0,184.63,18.463,8.1,2,10,5,2.449489742783178,5.0,6.339444444444445,2.0,40.0,2.0,4.0,7.0,0
901,2022-05-19,USA,63.0,F,Enterprise,169.08,957,1,51+,North America,261,4.9245283018867925,1453.26,27.419999999999998,7.716981132075472,28,53,0,2.4639637906600003,0.0,0.0,0.0,0.0,0.0,0.0,0.0,0
902,2024-06-06,UK,57.0,M,Enterprise,160.95,208,1,51+,Europe,210,5.121951219512195,1235.22,30.127317073170733,7.146341463414634,20,41,2,2.873979140070605,0.0,0.0,0.0,0.0,0.0,0.0,0.0,1
903,2023-04-18,USA,43.5,M,Enterprise,199.97,623,1,36-50,North America,140,4.516129032258065,1112.34,35.88193548387097,6.741935483870968,21,31,1,2.4065323287798077,0.0,0.0,0.0,0.0,0.0,0.0,0.0,0
904,2022-07-06,USA,43.5,F,Enterprise,180.2,909,1,36-50,North America,206,5.282051282051282,1010.22,25.903076923076924,8.025641025641026,19,39,2,2.8092770932705506,0.0,0.0,0.0,0.0,0.0,0.0,0.0,0
905,2022-02-21,USA,57.0,M,Basic,12.13,1044,0,51+,North America,156,4.875,891.33,27.8540625,8.71875,21,32,0,2.7090052929847435,2.0,7.195972222222222,0.0,100.0,0.0,5.0,46.0,0
906,2022-09-24,Canada,43.5,F,Premium,36.76,829,1,36-50,North America,275,5.0,1628.81,29.614727272727272,8.072727272727272,34,55,0,2.523959264800121,0.0,0.0,0.0,0.0,0.0,0.0,0.0,0
907,2023-01-24,UK,55.0,F,Basic,14.08,707,0,51+,Europe,169,4.970588235294118,1206.07,35.472647058823526,8.764705882352942,16,34,0,2.7134378743651406,0.0,0.0,0.0,0.0,0.0,0.0,0.0,0
908,2022-12-02,Italy,35.0,M,Premium,35.13,760,1,26-35,Europe,206,4.904761904761905,1023.59,24.371190476190478,6.904761904761905,20,42,0,2.765726859955482,0.0,0.0,0.0,0.0,0.0,0.0,0.0,1
909,2022-08-05,France,19.0,M,Enterprise,127.28,879,1,18-25,Europe,282,5.222222222222222,1550.85,28.71944444444444,6.851851851851852,30,54,2,2.792622806317527,0.0,0.0,0.0,0.0,0.0,0.0,0.0,0
910,2023-04-11,UK,25.0,M,Basic,11.04,630,0,18-25,Europe,226,4.431372549019608,1396.23,27.377058823529413,7.823529411764706,25,51,0,2.5865413351484206,0.0,0.0,0.0,0.0,0.0,0.0,0.0,0
911,2022-12-01,Canada,28.0,F,Basic,11.47,761,0,26-35,North America,157,4.617647058823529,974.7,28.66764705882353,8.176470588235293,10,34,0,2.6969646898549526,0.0,0.0,0.0,0.0,0.0,0.0,0.0,1
912,2022-12-12,Canada,50.0,M,Premium,38.47,750,1,36-50,North America,116,4.64,647.5600000000001,25.902400000000004,7.76,14,25,3,2.395829710142188,0.0,0.0,0.0,0.0,0.0,0.0,0.0,1
913,2024-02-19,USA,55.0,M,Basic,11.89,316,0,51+,North America,303,5.611111111111111,1564.31,28.968703703703703,7.12962962962963,29,54,0,2.1228022301137948,2.0,8.93236111111111,0.0,0.0,1.0,2.5,108.0,1
914,2024-06-19,Brazil,65.0,F,Basic,11.42,195,0,51+,South America,109,4.954545454545454,715.59,32.526818181818186,7.409090909090909,14,22,2,2.935452795887394,3.0,24.02986111111111,1.0,33.33333333333333,0.0,3.0,21.0,0
915,2023-01-24,USA,44.0,M,Basic,14.02,707,0,36-50,North America,135,4.655172413793103,768.84,26.511724137931036,7.310344827586207,19,29,6,2.3494051233232502,0.0,0.0,0.0,0.0,0.0,0.0,0.0,0
916,2022-10-12,USA,37.0,F,Basic,10.15,811,0,36-50,North America,209,4.8604651162790695,1150.26,26.750232558139533,7.767441860465116,23,43,0,2.7909837431820583,0.0,0.0,0.0,0.0,0.0,0.0,0.0,0
917,2024-02-10,France,29.0,F,Premium,35.93,325,1,26-35,Europe,187,4.675,1268.24,31.706,7.775,20,40,1,2.786298896109593,4.0,10.000555555555556,2.0,75.0,0.0,2.0,167.0,0
918,2024-05-01,USA,60.0,M,Basic,14.36,244,0,51+,North America,255,4.903846153846154,1599.93,30.767884615384617,7.826923076923077,32,52,0,2.7529635752140824,0.0,0.0,0.0,0.0,0.0,0.0,0.0,0
919,2023-03-08,USA,48.0,F,Basic,12.04,664,0,36-50,North America,364,5.055555555555555,2242.71,31.14875,8.0,38,72,1,2.8477264907087187,0.0,0.0,0.0,0.0,0.0,0.0,0.0,0
920,2022-09-16,UK,44.0,F,Enterprise,126.92,837,1,36-50,Europe,266,5.541666666666667,1435.86,29.913749999999997,7.625,25,48,0,2.5176680643542952,1.0,24.17527777777778,0.0,0.0,0.0,0.0,340.0,1
921,2024-05-04,Germany,49.0,M,Premium,34.91,241,1,36-50,Europe,155,4.428571428571429,1060.83,30.30942857142857,8.4,22,35,2,2.7895362706087936,0.0,0.0,0.0,0.0,0.0,0.0,0.0,0
922,2022-03-25,UK,27.0,M,Basic,13.58,1012,0,26-35,Europe,302,5.592592592592593,1535.42,28.433703703703706,6.944444444444445,35,54,0,2.5142500927713414,0.0,0.0,0.0,0.0,0.0,0.0,0.0,1
923,2023-04-27,Australia,20.0,M,Basic,12.57,614,0,18-25,Oceania,237,5.266666666666667,1276.05,28.356666666666666,7.088888888888889,23,45,0,2.674798208191686,0.0,0.0,0.0,0.0,0.0,0.0,0.0,0
924,2022-01-20,USA,62.0,F,Premium,30.07,1076,1,51+,North America,26,3.25,226.32,28.29,7.25,2,8,22,2.815771906346718,3.0,29.769166666666667,1.0,66.66666666666666,0.0,4.0,17.0,0
925,2024-02-07,UK,44.0,M,Basic,10.38,328,0,36-50,Europe,141,4.862068965517241,939.01,32.37965517241379,6.793103448275862,15,29,0,2.6689235113355356,0.0,0.0,0.0,0.0,0.0,0.0,0.0,0
926,2023-07-07,UK,52.0,Other,Premium,37.2,543,1,51+,Europe,117,5.571428571428571,668.39,31.828095238095237,4.190476190476191,9,21,1,2.7307769694983985,0.0,0.0,0.0,0.0,0.0,0.0,0.0,1
927,2022-02-23,UK,48.0,F,Premium,33.99,1042,1,36-50,Europe,126,4.846153846153846,774.74,29.79769230769231,8.423076923076923,23,26,2,2.5875441282004474,0.0,0.0,0.0,0.0,0.0,0.0,0.0,0
928,2022-12-25,USA,32.0,M,Basic,13.91,737,0,26-35,North America,208,5.073170731707317,1219.6,29.74634146341463,8.0,28,41,0,2.6682414049560714,0.0,0.0,0.0,0.0,0.0,0.0,0.0,0
929,2022-08-18,UK,33.0,F,Enterprise,164.94,866,1,26-35,Europe,329,5.483333333333333,1585.1200000000001,26.41866666666667,7.516666666666667,34,60,0,2.487198864604597,0.0,0.0,0.0,0.0,0.0,0.0,0.0,0
930,2023-10-28,Germany,30.0,M,Basic,12.9,430,0,26-35,Europe,177,5.205882352941177,865.8299999999999,25.465588235294117,7.294117647058823,16,34,0,2.5676237306317655,2.0,9.79861111111111,1.0,50.0,0.0,0.0,59.0,1
931,2022-03-12,UK,66.0,F,Basic,14.5,1025,0,51+,Europe,280,4.827586206896552,1586.08,27.346206896551724,6.810344827586207,20,58,0,2.5897092638721744,5.0,9.647314814814814,2.0,60.0,1.0,4.333333333333333,10.0,1
932,2024-03-10,UK,52.0,F,Enterprise,102.12,296,1,51+,Europe,156,5.032258064516129,995.87,32.12483870967742,8.03225806451613,14,31,2,2.401164591994781,0.0,0.0,0.0,0.0,0.0,0.0,0.0,0
933,2023-10-30,UK,69.0,M,Basic,10.77,428,0,51+,Europe,452,5.794871794871795,2287.81,29.330897435897434,7.012820512820513,37,78,0,2.4986176664488386,0.0,0.0,0.0,0.0,0.0,0.0,0.0,0
934,2022-02-11,Italy,43.5,M,Premium,36.23,1054,1,36-50,Europe,327,5.7368421052631575,1448.1,25.405263157894737,8.105263157894736,34,57,1,2.416655863773279,0.0,0.0,0.0,0.0,0.0,0.0,0.0,1
935,2024-02-12,Italy,38.0,F,Premium,30.65,323,1,36-50,Europe,198,6.0,1205.27,36.52333333333333,6.757575757575758,12,33,5,1.9999999999999998,3.0,15.060694444444445,1.0,0.0,0.0,4.0,306.0,1
936,2022-02-01,USA,68.0,F,Basic,13.21,1064,0,51+,North America,235,5.222222222222222,1630.97,36.24377777777778,7.288888888888889,28,45,2,2.353806287782416,1.0,20.64027777777778,0.0,0.0,0.0,0.0,179.0,0
937,2022-09-11,USA,28.0,F,Enterprise,198.4,842,1,26-35,North America,387,4.8375,2560.41,32.005125,7.35,39,80,1,2.502878090154855,1.0,45.195277777777775,0.0,0.0,0.0,2.0,90.0,0
938,2022-07-24,UK,43.5,M,Basic,14.38,891,0,36-50,Europe,70,5.0,394.55,28.182142857142857,7.642857142857143,6,14,6,2.5419556372089707,0.0,0.0,0.0,0.0,0.0,0.0,0.0,0
939,2024-05-09,Mexico,65.0,Unknown,Basic,12.94,236,0,51+,North America,96,5.333333333333333,396.38,22.02111111111111,8.722222222222221,7,18,6,2.543735095345842,0.0,0.0,0.0,0.0,0.0,0.0,0.0,0
940,2022-01-21,France,70.0,M,Enterprise,189.39,1075,1,51+,Europe,144,4.645161290322581,955.23,30.813870967741938,8.387096774193548,17,31,1,2.2293255646312136,2.0,15.654722222222222,1.0,0.0,1.0,4.0,172.0,1
941,2023-09-29,Mexico,52.0,F,Basic,10.57,459,0,51+,North America,249,4.882352941176471,1188.91,23.311960784313726,7.921568627450981,22,51,0,2.5740789329275,0.0,0.0,0.0,0.0,0.0,0.0,0.0,0
942,2022-06-06,USA,39.0,M,Premium,34.54,939,1,36-50,North America,87,4.578947368421052,678.0,35.68421052631579,8.578947368421053,7,19,5,2.6313450188424796,1.0,0.0,1.0,0.0,1.0,0.0,345.0,1
943,2022-09-02,USA,55.0,M,Premium,34.28,851,1,51+,North America,66,5.5,553.56,46.129999999999995,7.666666666666667,7,12,11,2.393172105652397,0.0,0.0,0.0,0.0,0.0,0.0,0.0,0
944,2022-05-10,Brazil,48.0,F,Basic,11.67,966,0,36-50,South America,172,5.212121212121212,1106.39,33.5269696969697,7.7272727272727275,13,33,1,2.6071725076888344,5.0,13.738796296296295,2.0,40.0,0.0,4.5,91.0,0
945,2023-04-30,Brazil,31.0,F,Basic,9.99,611,0,26-35,South America,303,4.455882352941177,2135.25,31.40073529411765,7.720588235294118,32,68,0,2.464275035104474,0.0,0.0,0.0,0.0,0.0,0.0,0.0,0
946,2023-11-17,UK,41.0,M,Basic,14.45,410,0,36-50,Europe,74,4.352941176470588,512.77,30.162941176470586,7.117647058823529,11,17,0,2.4733877696033693,5.0,9.482314814814815,2.0,60.0,1.0,3.5,9.0,0
947,2022-04-28,Mexico,67.0,M,Premium,37.77,978,1,51+,North America,348,5.043478260869565,1985.76,28.77913043478261,8.159420289855072,26,69,0,2.648166861016345,0.0,0.0,0.0,0.0,0.0,0.0,0.0,0
948,2023-08-01,USA,66.0,F,Basic,13.25,518,0,51+,North America,326,5.09375,2061.55,32.21171875,7.609375,25,64,0,2.6649920336996393,4.0,9.55175925925926,1.0,25.0,0.0,4.5,76.0,0
949,2022-08-12,USA,49.0,M,Basic,10.63,872,0,36-50,North America,146,4.294117647058823,1258.1299999999999,37.00382352941176,6.764705882352941,13,34,0,2.780117849744327,4.0,6.904444444444444,1.0,25.0,0.0,4.0,10.0,0
950,2023-04-22,Spain,53.0,M,Basic,11.88,619,0,51+,Europe,134,6.090909090909091,850.5799999999999,38.66272727272727,6.7727272727272725,14,22,1,2.7586934607508695,0.0,0.0,0.0,0.0,0.0,0.0,0.0,1
951,2023-12-18,USA,49.0,Unknown,Basic,14.61,379,0,36-50,North America,168,4.54054054054054,1185.58,32.0427027027027,7.081081081081081,14,37,1,2.489919617116123,3.0,13.185833333333333,1.0,33.33333333333333,0.0,4.0,191.0,0
952,2022-09-20,Australia,32.0,F,Premium,36.16,833,1,26-35,Oceania,416,4.7272727272727275,2573.98,29.249772727272727,6.5,49,88,0,2.5673783431642483,0.0,0.0,0.0,0.0,0.0,0.0,0.0,1
953,2024-02-25,Spain,60.0,F,Enterprise,160.33,310,1,51+,Europe,88,4.4,586.6,29.330000000000002,8.4,8,20,6,2.6036411750510196,0.0,0.0,0.0,0.0,0.0,0.0,0.0,0
954,2023-01-13,Germany,52.0,M,Basic,14.56,718,0,51+,Europe,367,4.766233766233766,2011.95,26.12922077922078,7.038961038961039,30,77,0,2.6101830138300546,0.0,0.0,0.0,0.0,0.0,0.0,0.0,0
955,2022-06-21,Italy,20.0,M,Basic,12.79,924,0,18-25,Europe,45,6.428571428571429,101.32,14.474285714285713,8.0,2,7,6,2.9358214555806383,2.0,12.330694444444445,0.0,100.0,0.0,4.5,200.0,0
956,2023-09-13,Italy,43.5,F,Premium,35.97,475,1,36-50,Europe,32,5.333333333333333,120.52,20.086666666666666,6.833333333333333,2,6,16,2.250925735484551,0.0,0.0,0.0,0.0,0.0,0.0,0.0,0
957,2023-09-14,USA,22.0,Other,Basic,11.72,474,0,18-25,North America,127,4.233333333333333,792.23,26.407666666666668,6.066666666666666,24,30,1,2.0956989342433006,1.0,0.8922222222222222,0.0,0.0,1.0,2.0,25.0,1
958,2024-02-05,UK,38.0,F,Enterprise,137.13,330,1,36-50,Europe,176,4.4,1211.46,30.2865,7.95,12,40,1,2.3182663726066886,0.0,0.0,0.0,0.0,0.0,0.0,0.0,0
959,2024-01-06,UK,27.0,Other,Basic,13.42,360,0,26-35,Europe,111,4.826086956521739,586.16,25.485217391304346,7.130434782608695,11,23,2,2.552221383833084,0.0,0.0,0.0,0.0,0.0,0.0,0.0,0
960,2022-04-28,USA,36.0,F,Basic,11.59,978,0,36-50,North America,37,5.285714285714286,203.12,29.017142857142858,8.142857142857142,4,7,3,2.690370836538197,0.0,0.0,0.0,0.0,0.0,0.0,0.0,0
961,2024-03-07,Canada,42.0,F,Enterprise,155.9,299,1,36-50,North America,299,5.067796610169491,1719.34,29.14135593220339,7.1525423728813555,22,59,0,2.4202052262627833,0.0,0.0,0.0,0.0,0.0,0.0,0.0,0
962,2024-04-18,USA,21.0,M,Basic,11.39,257,0,18-25,North America,323,4.681159420289855,2043.98,29.62289855072464,7.565217391304348,34,69,0,2.5695774064504917,0.0,0.0,0.0,0.0,0.0,0.0,0.0,0
963,2022-06-17,Australia,46.0,M,Basic,10.82,928,0,36-50,Oceania,185,4.625,1103.81,27.59525,7.25,16,40,0,2.3824949215647977,0.0,0.0,0.0,0.0,0.0,0.0,0.0,1
964,2022-11-15,USA,36.0,M,Basic,12.26,777,0,36-50,North America,252,4.754716981132075,1675.5,31.61320754716981,8.18867924528302,22,53,1,2.3113903606118056,0.0,0.0,0.0,0.0,0.0,0.0,0.0,0
965,2022-04-21,UK,60.0,F,Enterprise,121.73,985,1,51+,Europe,46,4.6,238.27,23.827,5.4,9,10,20,2.988868236194653,4.0,19.079166666666666,2.0,75.0,2.0,3.5,103.0,0
966,2023-08-16,Australia,19.0,F,Premium,38.97,503,1,18-25,Oceania,146,4.866666666666666,825.1,27.503333333333334,8.333333333333334,11,30,5,2.7759227522459593,1.0,15.35361111111111,0.0,100.0,0.0,0.0,60.0,0
967,2022-01-27,UK,27.0,F,Basic,11.51,1069,0,26-35,Europe,30,5.0,149.68,24.94666666666667,9.333333333333334,3,6,9,2.756809750418044,0.0,0.0,0.0,0.0,0.0,0.0,0.0,0
968,2022-11-16,Mexico,60.0,M,Premium,35.96,776,1,51+,North America,50,5.555555555555555,331.4,36.82222222222222,7.0,3,9,1,2.2422706745122847,1.0,9.366944444444444,0.0,0.0,0.0,4.0,169.0,1
969,2023-08-13,Mexico,42.0,M,Basic,11.31,506,0,36-50,North America,459,5.464285714285714,2537.24,30.205238095238094,7.630952380952381,45,84,0,2.6041969304036092,0.0,0.0,0.0,0.0,0.0,0.0,0.0,0
970,2023-11-25,Canada,37.0,M,Basic,11.28,402,0,36-50,North America,246,4.730769230769231,1588.65,30.55096153846154,7.75,27,52,3,2.751936107154056,5.0,16.34784722222222,1.0,60.0,1.0,4.0,67.0,1
971,2023-01-20,France,65.0,M,Premium,33.5,711,1,51+,Europe,261,5.22,1485.39,29.707800000000002,7.26,21,50,1,2.5013465761220597,0.0,0.0,0.0,0.0,0.0,0.0,0.0,0
972,2023-02-11,USA,36.0,F,Premium,39.15,689,1,36-50,North America,186,5.470588235294118,988.11,29.062058823529412,8.794117647058824,16,34,6,2.549334959239929,1.0,24.870277777777776,0.0,100.0,0.0,0.0,271.0,0
973,2024-01-03,Germany,40.0,F,Basic,11.95,363,0,36-50,Europe,281,5.403846153846154,1671.76,32.14923076923077,6.461538461538462,29,52,0,2.5302841457473133,0.0,0.0,0.0,0.0,0.0,0.0,0.0,0
974,2022-07-23,UK,41.0,M,Basic,14.1,892,0,36-50,Europe,204,4.636363636363637,1217.08,27.66090909090909,8.25,21,44,0,2.7542010962612977,0.0,0.0,0.0,0.0,0.0,0.0,0.0,0
975,2022-03-19,UK,28.0,M,Basic,10.98,1018,0,26-35,Europe,275,5.392156862745098,1222.33,23.967254901960782,6.980392156862745,32,51,3,2.653890965149465,5.0,21.44902777777778,3.0,60.0,0.0,4.0,63.0,1
976,2023-08-30,Mexico,63.0,F,Premium,30.47,489,1,51+,North America,232,5.395348837209302,1213.57,28.222558139534883,7.674418604651163,23,43,1,2.4411115236001364,0.0,0.0,0.0,0.0,0.0,0.0,0.0,1
977,2023-12-09,USA,51.0,M,Premium,37.81,388,1,51+,North America,246,5.23404255319149,1536.88,32.69957446808511,7.170212765957447,19,47,0,2.822370002840249,0.0,0.0,0.0,0.0,0.0,0.0,0.0,1
978,2024-04-30,Canada,43.5,F,Premium,35.41,245,1,36-50,North America,117,5.086956521739131,668.89,29.082173913043476,7.086956521739131,18,23,3,2.609650681574432,0.0,0.0,0.0,0.0,0.0,0.0,0.0,1
979,2023-10-05,USA,22.0,M,Premium,35.03,453,1,18-25,North America,91,5.6875,449.21000000000004,28.075625000000002,9.0625,7,16,8,1.956825660774783,0.0,0.0,0.0,0.0,0.0,0.0,0.0,1
980,2022-09-06,Germany,22.0,M,Premium,32.71,847,1,18-25,Europe,352,5.770491803278689,1961.37,32.153606557377046,7.475409836065574,21,61,2,2.7591873358107377,0.0,0.0,0.0,0.0,0.0,0.0,0.0,0
981,2022-04-15,UK,43.5,M,Premium,30.71,991,1,36-50,Europe,158,5.642857142857143,970.77,34.67035714285714,7.714285714285714,7,28,0,2.7245697684736254,3.0,9.290000000000001,0.0,33.33333333333333,0.0,5.0,202.0,0
982,2023-12-15,Australia,38.0,M,Basic,12.4,382,0,36-50,Oceania,388,5.105263157894737,2128.7400000000002,28.009736842105266,7.9868421052631575,42,76,0,2.54337805483663,0.0,0.0,0.0,0.0,0.0,0.0,0.0,0
983,2024-03-02,USA,29.0,F,Basic,14.33,304,0,26-35,North America,109,4.954545454545454,586.22,26.64636363636364,8.136363636363637,8,22,1,2.819612819203454,0.0,0.0,0.0,0.0,0.0,0.0,0.0,0
984,2022-11-05,UK,67.0,M,Basic,10.59,787,0,51+,Europe,47,4.7,300.39,30.038999999999998,7.0,9,10,3,2.6687491868330793,1.0,18.246111111111112,0.0,100.0,0.0,4.0,32.0,1
985,2024-05-20,USA,21.0,M,Basic,14.64,225,0,18-25,North America,423,4.752808988764045,2409.74,27.07573033707865,7.561797752808989,45,89,0,2.422812503890714,0.0,0.0,0.0,0.0,0.0,0.0,0.0,1
986,2023-12-02,USA,66.0,M,Premium,32.74,395,1,51+,North America,318,5.482758620689655,1794.85,30.945689655172412,7.568965517241379,25,58,0,2.6240545786896132,5.0,26.868541666666665,1.0,80.0,0.0,5.0,50.0,0
987,2023-09-07,USA,59.0,M,Enterprise,153.21,481,1,51+,North America,123,5.590909090909091,770.68,35.03090909090909,5.7727272727272725,9,22,1,2.7370316021818217,0.0,0.0,0.0,0.0,0.0,0.0,0.0,1
988,2024-04-04,Mexico,37.0,M,Basic,10.32,271,0,36-50,North America,176,5.0285714285714285,1027.0,29.34285714285714,6.371428571428571,19,35,4,2.6176517798087913,1.0,3.685555555555556,0.0,0.0,0.0,0.0,173.0,0
989,2022-05-04,Canada,55.0,F,Enterprise,142.49,972,1,51+,North America,227,4.934782608695652,1317.19,28.634565217391305,7.956521739130435,27,46,1,2.5940288177362985,0.0,0.0,0.0,0.0,0.0,0.0,0.0,0
990,2024-03-26,USA,42.0,F,Basic,10.62,280,0,36-50,North America,374,4.4,2776.33,32.66270588235294,7.647058823529412,45,85,0,2.7524880519614388,2.0,0.0,2.0,50.0,0.0,0.0,46.0,1
991,2023-08-03,USA,31.0,F,Basic,10.23,516,0,26-35,North America,421,5.2625,2319.85,28.998124999999998,7.9125,48,80,0,2.613227065565204,5.0,17.34611111111111,1.0,80.0,1.0,3.3333333333333335,38.0,1
992,2024-03-12,UK,28.0,M,Premium,39.66,294,1,26-35,Europe,263,5.595744680851064,1329.37,28.28446808510638,7.25531914893617,23,47,2,2.533768240903733,0.0,0.0,0.0,0.0,0.0,0.0,0.0,1
993,2022-02-12,France,49.0,M,Basic,13.64,1053,0,36-50,Europe,359,4.917808219178082,2152.73,29.48945205479452,7.342465753424658,38,73,0,2.7271954695943506,5.0,6.466833333333334,0.0,60.0,1.0,3.75,16.0,1
994,2022-12-22,UK,43.5,M,Basic,13.59,740,0,36-50,Europe,112,4.48,626.99,25.0796,7.08,7,25,1,2.7404379212089447,3.0,9.347361111111113,1.0,33.33333333333333,0.0,3.5,147.0,0
995,2023-06-30,USA,35.0,M,Basic,10.44,550,0,26-35,North America,445,5.2976190476190474,2904.61,34.57869047619048,7.714285714285714,33,84,0,2.5731690737381516,4.0,4.318611111111111,3.0,25.0,1.0,4.0,13.0,0
996,2023-03-15,Spain,44.0,F,Enterprise,192.93,657,1,36-50,Europe,90,4.5,616.44,30.822000000000003,7.0,10,20,0,2.665569949915916,0.0,0.0,0.0,0.0,0.0,0.0,0.0,0
997,2023-11-09,Australia,35.0,F,Premium,34.68,418,1,26-35,Oceania,284,6.042553191489362,1157.55,24.628723404255318,8.106382978723405,18,47,2,2.30271528577168,0.0,0.0,0.0,0.0,0.0,0.0,0.0,0
998,2023-01-15,Mexico,40.0,F,Basic,14.25,716,0,36-50,North America,66,4.714285714285714,405.2,28.942857142857143,8.214285714285714,8,14,11,2.7853620515548347,0.0,0.0,0.0,0.0,0.0,0.0,0.0,0
999,2022-03-12,Germany,28.0,M,Basic,10.05,1025,0,26-35,Europe,268,5.254901960784314,1514.96,29.705098039215688,7.215686274509804,20,51,1,2.464492947889297,2.0,10.975416666666664,0.0,0.0,1.0,4.0,157.0,0
1000,2023-06-03,Italy,38.0,M,Enterprise,129.81,577,1,36-50,Europe,20,3.3333333333333335,134.37,22.395,4.5,0,6,20,1.505545305418162,3.0,17.920092592592592,0.0,33.33333333333333,1.0,4.0,32.0,0
1001,2023-10-26,USA,61.0,F,Basic,14.97,432,0,51+,North America,256,4.830188679245283,2057.43,38.81943396226415,6.6415094339622645,28,53,0,2.5247684513527773,0.0,0.0,0.0,0.0,0.0,0.0,0.0,1
1002,2022-12-16,USA,22.0,M,Enterprise,142.77,746,1,18-25,North America,249,5.1875,1430.83,29.808958333333333,7.1875,28,48,1,2.548727258515095,2.0,19.208194444444445,0.0,100.0,0.0,3.5,212.0,0
1003,2022-01-13,UK,43.5,F,Basic,14.43,1083,0,36-50,Europe,240,5.0,1321.73,27.536041666666666,7.1875,19,48,1,2.805769132614427,0.0,0.0,0.0,0.0,0.0,0.0,0.0,0
1004,2024-05-19,Brazil,58.0,F,Premium,33.27,226,1,51+,South America,264,5.176470588235294,1420.43,27.85156862745098,8.058823529411764,33,51,0,2.5511243196123643,0.0,0.0,0.0,0.0,0.0,0.0,0.0,1
1005,2023-03-07,UK,42.0,F,Premium,35.24,665,1,36-50,Europe,410,4.880952380952381,2832.07,33.71511904761905,7.2976190476190474,47,84,0,2.645317581338551,1.0,50.41972222222222,0.0,0.0,0.0,0.0,304.0,0
1006,2024-04-22,Italy,58.0,F,Basic,14.26,253,0,51+,Europe,408,5.368421052631579,2452.65,32.27171052631579,7.815789473684211,37,76,0,2.7121558719373433,0.0,0.0,0.0,0.0,0.0,0.0,0.0,0
1007,2023-05-17,Spain,27.0,M,Premium,36.05,594,1,26-35,Europe,413,4.640449438202247,2609.48,29.32,7.584269662921348,40,89,0,2.6165869120740437,4.0,17.72694444444445,2.0,50.0,2.0,3.0,18.0,0
1008,2022-04-19,USA,39.0,M,Basic,13.62,987,0,36-50,North America,90,5.294117647058823,482.95,28.408823529411762,7.411764705882353,5,17,1,1.9288826390670113,4.0,21.54527777777778,1.0,25.0,1.0,4.0,117.0,0
1009,2023-03-20,Italy,36.0,M,Premium,32.28,652,1,36-50,Europe,219,5.341463414634147,1248.69,30.455853658536586,8.804878048780488,20,41,0,2.9035302314386273,4.0,11.212083333333332,2.0,50.0,1.0,3.0,77.0,0
1010,2023-01-06,USA,18.0,F,Premium,31.55,725,1,18-25,North America,356,4.8108108108108105,2316.59,31.305270270270274,7.72972972972973,36,74,1,2.6979224664452497,0.0,0.0,0.0,0.0,0.0,0.0,0.0,0
1011,2023-10-13,Australia,24.0,M,Basic,11.14,445,0,18-25,Oceania,197,5.051282051282051,1399.72,35.89025641025641,7.871794871794871,21,39,0,2.3946070763138834,0.0,0.0,0.0,0.0,0.0,0.0,0.0,0
1012,2024-04-28,UK,21.0,F,Premium,34.92,247,1,18-25,Europe,29,5.8,77.94,15.588,8.4,4,5,16,1.4832396974191324,2.0,13.089722222222221,0.0,0.0,1.0,5.0,153.0,1
1013,2023-04-16,Spain,18.0,F,Basic,13.99,625,0,18-25,Europe,233,5.177777777777778,1085.11,24.113555555555553,7.466666666666667,25,45,0,2.4242045451586125,0.0,0.0,0.0,0.0,0.0,0.0,0.0,0
1014,2023-12-26,UK,32.0,F,Basic,11.76,371,0,26-35,Europe,162,5.225806451612903,832.1800000000001,26.84451612903226,7.290322580645161,20,31,0,2.9292738283216755,0.0,0.0,0.0,0.0,0.0,0.0,0.0,0
1015,2022-06-06,USA,57.0,M,Premium,35.64,939,1,51+,North America,246,5.466666666666667,1543.4,34.29777777777778,7.111111111111111,17,45,0,2.5280247409606353,0.0,0.0,0.0,0.0,0.0,0.0,0.0,0
1016,2023-03-22,UK,29.0,M,Basic,14.01,650,0,26-35,Europe,240,5.0,1341.34,27.94458333333333,7.416666666666667,26,48,2,2.7521751552374685,3.0,52.528333333333336,2.0,66.66666666666666,2.0,3.0,18.0,0
1017,2022-06-30,UK,39.0,F,Basic,11.18,915,0,36-50,Europe,140,4.827586206896552,905.87,31.236896551724136,8.413793103448276,15,29,1,3.174327437395669,2.0,0.0,2.0,50.0,0.0,0.0,334.0,0
1018,2024-01-22,USA,39.0,F,Basic,14.4,344,0,36-50,North America,191,5.617647058823529,1134.45,33.366176470588236,6.617647058823529,18,34,0,2.498662743953531,0.0,0.0,0.0,0.0,0.0,0.0,0.0,1
1019,2023-06-19,Brazil,67.0,F,Basic,14.76,561,0,51+,South America,150,5.357142857142857,905.68,32.34571428571429,7.178571428571429,9,28,2,2.6417486592853567,5.0,9.984944444444446,0.0,80.0,0.0,0.0,24.0,0
1020,2023-10-29,Mexico,64.0,M,Basic,10.18,429,0,51+,North America,182,4.55,1195.37,29.884249999999998,6.05,19,40,0,2.571540494104752,0.0,0.0,0.0,0.0,0.0,0.0,0.0,0
1021,2022-10-04,Canada,34.0,F,Basic,10.29,819,0,26-35,North America,337,4.746478873239437,2094.45,29.499295774647884,7.52112676056338,25,71,1,2.649626981073562,0.0,0.0,0.0,0.0,0.0,0.0,0.0,1
1022,2023-09-23,Canada,46.0,F,Premium,30.9,465,1,36-50,North America,59,5.363636363636363,325.85,29.622727272727275,7.454545454545454,7,11,3,1.8040358795061298,4.0,21.884444444444444,2.0,25.0,0.0,5.0,76.0,1
1023,2024-04-07,Canada,63.0,M,Premium,37.76,268,1,51+,North America,69,5.75,199.94,16.661666666666665,8.083333333333334,5,12,1,2.5628464289109902,0.0,0.0,0.0,0.0,0.0,0.0,0.0,0
1024,2023-07-06,USA,31.0,F,Enterprise,118.92,544,1,26-35,North America,85,4.722222222222222,434.78,24.154444444444444,7.888888888888889,8,18,2,2.420635685968256,4.0,26.088333333333335,1.0,50.0,0.0,0.0,43.0,0
1025,2024-03-04,France,67.0,F,Basic,13.62,302,0,51+,Europe,193,5.361111111111111,1265.69,35.158055555555556,7.944444444444445,20,36,1,2.6527912822726156,0.0,0.0,0.0,0.0,0.0,0.0,0.0,0
1026,2023-05-11,Germany,37.0,M,Premium,34.4,600,1,36-50,Europe,286,5.017543859649122,1419.1399999999999,24.897192982456136,7.964912280701754,35,57,0,2.587685314759226,0.0,0.0,0.0,0.0,0.0,0.0,0.0,1
1027,2023-04-22,Germany,67.0,M,Premium,38.35,619,1,51+,Europe,293,4.883333333333334,1779.55,29.659166666666668,7.633333333333334,19,60,2,2.329557073392299,5.0,17.42824074074074,2.0,80.0,0.0,0.0,23.0,0
1028,2023-03-23,Canada,65.0,F,Basic,14.03,649,0,51+,North America,222,4.723404255319149,1680.11,35.747021276595746,6.914893617021277,30,47,0,2.347080773878891,1.0,4.935277777777777,0.0,0.0,0.0,1.0,145.0,0
1029,2024-04-25,UK,50.0,M,Premium,39.59,250,1,36-50,Europe,213,4.733333333333333,1444.6299999999999,32.102888888888884,8.044444444444444,27,45,0,2.553073014659357,0.0,0.0,0.0,0.0,0.0,0.0,0.0,0
1030,2024-01-19,Spain,60.0,F,Premium,32.5,347,1,51+,Europe,182,5.870967741935484,990.77,31.960322580645162,7.193548387096774,12,31,1,2.473080878632574,0.0,0.0,0.0,0.0,0.0,0.0,0.0,0
1031,2023-08-30,UK,32.0,F,Basic,11.14,489,0,26-35,Europe,374,4.560975609756097,2608.73,31.813780487804877,7.780487804878049,44,82,0,2.5919988996321095,0.0,0.0,0.0,0.0,0.0,0.0,0.0,0
1032,2022-10-02,Spain,29.0,F,Premium,30.31,821,1,26-35,Europe,203,5.205128205128205,1114.78,28.58410256410256,7.564102564102564,23,39,2,2.7547039881043975,0.0,0.0,0.0,0.0,0.0,0.0,0.0,0
1033,2022-11-27,UK,57.0,F,Basic,12.04,765,0,51+,Europe,358,5.042253521126761,1943.0,27.366197183098592,7.0,27,71,0,2.825580191840808,5.0,13.061111111111112,1.0,40.0,1.0,3.3333333333333335,4.0,0
1034,2024-05-22,Spain,37.0,M,Basic,12.29,223,0,36-50,Europe,385,4.695121951219512,2314.13,28.22109756097561,7.414634146341464,41,82,0,2.4680127677913926,0.0,0.0,0.0,0.0,0.0,0.0,0.0,0
1035,2022-09-09,France,47.0,M,Basic,14.81,844,0,36-50,Europe,105,4.565217391304348,585.27,25.446521739130436,8.347826086956522,19,23,2,2.5013830166624684,4.0,5.275833333333333,2.0,75.0,1.0,4.0,60.0,0
1036,2024-04-30,USA,55.0,F,Premium,38.3,245,1,51+,North America,241,5.020833333333333,1689.97,35.207708333333336,7.6875,19,48,1,2.5805292491413,3.0,3.9811111111111117,0.0,33.33333333333333,1.0,4.5,184.0,0
1037,2022-03-30,USA,20.0,M,Basic,10.82,1007,0,18-25,North America,281,5.30188679245283,1510.29,28.496037735849058,8.924528301886792,24,53,1,2.576408544260322,0.0,0.0,0.0,0.0,0.0,0.0,0.0,0
1038,2022-10-13,Canada,45.0,F,Basic,13.98,810,0,36-50,North America,242,4.481481481481482,1429.72,26.476296296296297,6.796296296296297,31,54,0,2.912178337509898,4.0,4.468055555555556,3.0,25.0,1.0,5.0,123.0,1
1039,2024-06-21,Brazil,43.0,F,Premium,31.77,193,1,36-50,South America,384,5.1891891891891895,2094.13,28.299054054054057,7.6891891891891895,32,74,0,2.5084824625831064,0.0,0.0,0.0,0.0,0.0,0.0,0.0,0
1040,2023-04-07,USA,43.5,M,Premium,30.77,634,1,36-50,North America,310,5.0,1620.83,26.142419354838708,7.741935483870968,25,62,0,2.5155255618774803,3.0,8.97027777777778,0.0,66.66666666666666,0.0,5.0,36.0,1
1041,2022-09-07,Brazil,30.0,M,Premium,38.36,846,1,26-35,South America,103,4.904761904761905,570.41,27.16238095238095,8.80952380952381,7,21,2,2.2782616597915593,0.0,0.0,0.0,0.0,0.0,0.0,0.0,0
1042,2024-02-08,Italy,30.0,F,Basic,14.87,327,0,26-35,Europe,253,4.685185185185185,1264.83,23.422777777777778,6.7407407407407405,22,54,1,2.575824279677552,4.0,11.992037037037036,1.0,25.0,0.0,3.5,94.0,0
1043,2023-04-21,USA,19.0,F,Premium,30.87,620,1,18-25,North America,244,5.191489361702128,1573.58,33.48042553191489,7.297872340425532,25,47,2,2.550688720908791,0.0,0.0,0.0,0.0,0.0,0.0,0.0,0
1044,2023-08-07,USA,54.0,Unknown,Basic,14.06,512,0,51+,North America,386,4.825,2237.13,27.964125000000003,7.075,49,80,0,2.608530310298662,1.0,11.786111111111111,0.0,100.0,0.0,4.0,89.0,1
1045,2023-09-17,UK,66.0,F,Basic,14.29,471,0,51+,Europe,402,4.962962962962963,2646.79,32.67641975308642,7.444444444444445,37,81,0,2.5171633064048726,0.0,0.0,0.0,0.0,0.0,0.0,0.0,0
1046,2023-11-16,UK,55.0,F,Basic,10.58,411,0,51+,Europe,268,4.701754385964913,1832.04,32.141052631578944,7.0701754385964914,28,57,1,2.69897409266599,0.0,0.0,0.0,0.0,0.0,0.0,0.0,0
1047,2023-01-24,USA,19.0,Other,Premium,32.82,707,1,18-25,North America,278,4.711864406779661,1680.57,28.484237288135592,8.423728813559322,28,59,0,2.7104577006134454,0.0,0.0,0.0,0.0,0.0,0.0,0.0,0
1048,2022-12-11,Australia,53.0,M,Premium,37.33,751,1,51+,Oceania,236,5.130434782608695,1367.94,29.737826086956524,7.782608695652174,24,46,0,2.6213541509191507,0.0,0.0,0.0,0.0,0.0,0.0,0.0,0
1049,2022-01-30,Italy,43.0,M,Premium,38.07,1066,1,36-50,Europe,126,5.04,603.11,24.1244,7.28,9,25,3,2.7,3.0,4.560555555555556,1.0,66.66666666666666,0.0,0.0,266.0,0
1050,2023-05-22,Brazil,28.0,F,Basic,11.76,589,0,26-35,South America,365,4.802631578947368,2175.55,28.625657894736843,7.131578947368421,35,76,0,2.833230132279434,0.0,0.0,0.0,0.0,0.0,0.0,0.0,0
1051,2024-05-21,UK,25.0,F,Basic,10.79,224,0,18-25,Europe,155,5.344827586206897,792.79,27.33758620689655,7.620689655172414,17,29,0,2.5393455578296082,4.0,7.753055555555555,1.0,75.0,1.0,4.5,89.0,1
1052,2022-11-29,UK,61.0,M,Basic,13.23,763,0,51+,Europe,409,5.177215189873418,2389.64,30.248607594936708,7.2784810126582276,32,79,0,2.673514414566436,0.0,0.0,0.0,0.0,0.0,0.0,0.0,0
1053,2022-07-06,UK,57.0,F,Enterprise,170.19,909,1,51+,Europe,144,6.0,613.7,25.570833333333336,7.75,16,24,0,2.570738347668606,0.0,0.0,0.0,0.0,0.0,0.0,0.0,0
1054,2023-05-15,USA,60.0,F,Basic,12.51,596,0,51+,North America,113,4.913043478260869,799.02,34.74,7.3478260869565215,7,23,0,2.5390234965839786,0.0,0.0,0.0,0.0,0.0,0.0,0.0,1
1055,2022-08-06,UK,39.0,M,Basic,10.71,878,0,36-50,Europe,281,4.683333333333334,1891.8,31.529999999999998,6.716666666666667,25,60,0,2.459789619408825,4.0,12.563518518518519,1.0,50.0,1.0,2.5,74.0,0
1056,2022-12-30,France,37.0,F,Premium,38.43,732,1,36-50,Europe,436,5.011494252873563,2916.19,33.51942528735632,8.011494252873563,40,87,0,2.599169155592839,5.0,28.690069444444443,1.0,20.0,1.0,4.333333333333333,84.0,1
1057,2024-03-27,Australia,25.0,F,Basic,13.22,279,0,18-25,Oceania,109,4.739130434782608,622.41,27.061304347826084,8.08695652173913,6,23,0,2.7996329516619887,0.0,0.0,0.0,0.0,0.0,0.0,0.0,0
1058,2022-09-22,Italy,46.0,M,Premium,38.68,831,1,36-50,Europe,218,4.954545454545454,1690.79,38.42704545454546,7.045454545454546,14,44,8,2.605491030403625,1.0,2.573611111111111,0.0,0.0,0.0,5.0,214.0,0
1059,2022-12-15,Mexico,57.0,M,Premium,39.32,747,1,51+,North America,65,4.642857142857143,417.21,29.800714285714285,7.857142857142857,8,14,5,2.5901334345533646,0.0,0.0,0.0,0.0,0.0,0.0,0.0,0
1060,2022-10-14,USA,43.0,F,Premium,38.05,809,1,36-50,North America,397,5.025316455696203,2468.24,31.243544303797467,8.30379746835443,33,79,0,2.6697483005548452,0.0,0.0,0.0,0.0,0.0,0.0,0.0,0
1061,2024-06-20,USA,47.0,M,Basic,14.78,194,0,36-50,North America,35,4.375,351.11,43.88875,5.625,5,8,7,2.615202805574687,0.0,0.0,0.0,0.0,0.0,0.0,0.0,0
1062,2023-09-03,Mexico,34.0,M,Basic,14.76,485,0,26-35,North America,222,6.0,1060.11,28.65162162162162,7.243243243243243,19,37,2,2.2484562605386733,0.0,0.0,0.0,0.0,0.0,0.0,0.0,0
1063,2023-12-20,Italy,37.0,F,Basic,13.09,377,0,36-50,Europe,112,5.333333333333333,722.72,34.415238095238095,7.238095238095238,16,21,6,2.4765567494675613,0.0,0.0,0.0,0.0,0.0,0.0,0.0,1
1064,2024-06-20,Brazil,69.0,F,Basic,13.63,194,0,51+,South America,213,5.325,1255.03,31.37575,6.9,16,40,0,2.955980465568153,0.0,0.0,0.0,0.0,0.0,0.0,0.0,0
1065,2022-10-10,Canada,33.0,F,Premium,36.98,813,1,26-35,North America,226,4.708333333333333,1359.0,28.3125,8.0,16,48,0,2.4577998579713465,0.0,0.0,0.0,0.0,0.0,0.0,0.0,0
1066,2023-07-24,France,63.0,F,Basic,13.1,526,0,51+,Europe,140,5.185185185185185,818.83,30.327037037037037,7.518518518518518,11,27,4,2.149007589152169,0.0,0.0,0.0,0.0,0.0,0.0,0.0,0
1067,2022-01-11,Italy,60.0,M,Premium,30.18,1085,1,51+,Europe,223,5.575,1342.29,33.557249999999996,8.55,8,40,0,2.285825890132492,5.0,16.54361111111111,1.0,40.0,1.0,3.5,24.0,1
1068,2023-06-14,France,24.0,M,Basic,11.77,566,0,18-25,Europe,259,4.886792452830188,1531.72,28.900377358490566,6.452830188679245,32,53,0,2.805628802127352,0.0,0.0,0.0,0.0,0.0,0.0,0.0,1
1069,2022-07-15,France,33.0,M,Premium,30.99,900,1,26-35,Europe,183,4.815789473684211,976.9,25.707894736842103,8.68421052631579,20,38,1,2.5559180204877014,0.0,0.0,0.0,0.0,0.0,0.0,0.0,0
1070,2022-03-29,UK,62.0,M,Basic,11.49,1008,0,51+,Europe,163,5.258064516129032,795.25,25.653225806451612,7.903225806451613,10,31,0,2.4354019782571674,3.0,27.94314814814815,0.0,66.66666666666666,0.0,4.666666666666667,219.0,1
1071,2022-09-05,Spain,64.0,F,Basic,10.33,848,0,51+,Europe,89,4.944444444444445,648.73,36.04055555555556,7.888888888888889,10,18,6,2.979779348763975,2.0,3.88,1.0,0.0,0.0,3.0,156.0,0
1072,2024-01-08,Mexico,65.0,F,Basic,14.59,358,0,51+,North America,266,4.433333333333334,1959.44,32.657333333333334,8.283333333333333,33,60,0,2.5734410562623142,0.0,0.0,0.0,0.0,0.0,0.0,0.0,0
1073,2023-02-21,Canada,43.5,F,Premium,34.5,679,1,36-50,North America,276,5.2075471698113205,1493.74,28.183773584905662,8.415094339622641,33,53,0,2.7058234248350477,1.0,18.19611111111111,0.0,100.0,0.0,0.0,353.0,0
1074,2023-05-16,Brazil,43.5,M,Basic,10.94,595,0,36-50,South America,57,5.7,242.4,24.240000000000002,7.0,4,10,15,2.8303906287138374,0.0,0.0,0.0,0.0,0.0,0.0,0.0,1
1075,2023-07-23,USA,40.0,M,Basic,12.91,527,0,36-50,North America,192,4.923076923076923,1362.06,34.924615384615386,8.41025641025641,19,39,5,2.4212286505280027,0.0,0.0,0.0,0.0,0.0,0.0,0.0,0
1076,2024-02-16,Italy,41.0,F,Basic,10.97,319,0,36-50,Europe,258,4.6909090909090905,1510.72,27.467636363636363,6.036363636363636,26,55,0,2.6727204012829975,0.0,0.0,0.0,0.0,0.0,0.0,0.0,0
1077,2022-09-04,UK,26.0,M,Basic,14.01,849,0,26-35,Europe,222,5.285714285714286,1180.32,28.10285714285714,6.261904761904762,10,42,0,2.8136055705482614,5.0,14.767430555555556,1.0,60.0,0.0,4.25,2.0,1
1078,2023-12-09,USA,52.0,M,Premium,33.05,388,1,51+,North America,412,4.963855421686747,2526.84,30.44385542168675,6.9879518072289155,44,83,0,2.702509146359966,1.0,4.6775,0.0,0.0,0.0,4.0,45.0,0
1079,2023-05-03,Spain,68.0,F,Premium,33.14,608,1,51+,Europe,384,5.818181818181818,1678.53,25.43227272727273,7.651515151515151,39,66,0,2.7895910420379146,0.0,0.0,0.0,0.0,0.0,0.0,0.0,1
1080,2023-10-24,USA,37.0,M,Basic,14.34,434,0,36-50,North America,277,5.226415094339623,1692.61,31.936037735849055,8.358490566037736,24,53,0,2.628552610160802,1.0,13.741388888888888,0.0,0.0,0.0,3.0,102.0,0
1081,2023-12-30,USA,54.0,M,Basic,12.79,367,0,51+,North America,143,5.296296296296297,763.71,28.285555555555558,6.444444444444445,14,27,1,2.523959264800122,0.0,0.0,0.0,0.0,0.0,0.0,0.0,0
1082,2023-05-18,Brazil,59.0,F,Basic,14.43,593,0,51+,South America,272,4.459016393442623,1755.56,28.77967213114754,7.852459016393443,29,61,3,2.62407933373341,0.0,0.0,0.0,0.0,0.0,0.0,0.0,0
1083,2023-04-04,UK,34.0,M,Enterprise,141.28,637,1,26-35,Europe,280,5.0,1413.92,25.24857142857143,7.321428571428571,20,56,0,2.486326242032244,3.0,39.14611111111111,1.0,33.33333333333333,1.0,5.0,16.0,1
1084,2024-03-22,Spain,64.0,F,Basic,11.71,284,0,51+,Europe,236,5.2444444444444445,1124.94,24.99866666666667,7.133333333333334,32,45,4,2.603804520273743,5.0,6.688444444444445,0.0,40.0,1.0,4.0,13.0,0
1085,2022-01-18,UK,48.0,M,Premium,35.05,1078,1,36-50,Europe,231,5.634146341463414,1433.25,34.957317073170735,7.7073170731707314,24,41,0,2.586079054872217,3.0,12.348796296296298,0.0,33.33333333333333,0.0,5.0,116.0,1
1086,2022-04-06,Mexico,25.0,M,Premium,30.6,1000,1,18-25,North America,47,4.7,206.4,20.64,9.2,2,10,6,2.1108186931983415,0.0,0.0,0.0,0.0,0.0,0.0,0.0,1
1087,2022-10-29,Italy,32.0,M,Premium,31.53,794,1,26-35,Europe,20,4.0,133.04000000000002,26.608000000000004,8.4,3,5,24,2.1213203435596424,4.0,20.085694444444446,0.0,25.0,1.0,4.5,31.0,1
1088,2022-08-15,Australia,48.0,F,Enterprise,121.94,869,1,36-50,Oceania,212,4.930232558139535,1314.59,30.571860465116277,6.744186046511628,25,43,2,2.5297783531482723,0.0,0.0,0.0,0.0,0.0,0.0,0.0,0
1089,2023-02-19,Germany,70.0,F,Basic,14.07,681,0,51+,Europe,234,4.9787234042553195,1327.91,28.25340425531915,7.638297872340425,17,47,0,2.557931923679648,1.0,6.742222222222222,0.0,100.0,0.0,0.0,156.0,1
1090,2023-12-10,Mexico,47.0,Other,Enterprise,173.37,387,1,36-50,North America,124,4.769230769230769,1026.45,39.478846153846156,6.576923076923077,13,26,0,2.7467463269503765,4.0,31.992777777777775,2.0,50.0,2.0,0.0,6.0,0
1091,2022-09-07,Spain,63.0,F,Premium,31.92,846,1,51+,Europe,203,4.951219512195122,1004.66,24.50390243902439,7.219512195121951,23,41,2,2.8805487282130384,4.0,34.625740740740746,1.0,50.0,3.0,2.5,53.0,1
1092,2022-11-10,USA,37.0,F,Basic,11.37,782,0,36-50,North America,168,4.2,1166.06,29.1515,7.5,16,40,2,2.4724118817099456,4.0,19.937083333333334,0.0,75.0,0.0,5.0,84.0,0
1093,2023-11-11,Brazil,56.0,M,Premium,39.43,416,1,51+,South America,89,5.235294117647059,599.51,35.26529411764706,7.176470588235294,10,17,2,2.2508168451893718,0.0,0.0,0.0,0.0,0.0,0.0,0.0,0
1094,2023-08-19,Italy,70.0,M,Premium,30.85,500,1,51+,Europe,235,4.7,1313.21,26.264200000000002,6.7,18,50,0,2.8085147501910717,5.0,26.912037037037038,2.0,40.0,1.0,3.6666666666666665,52.0,0
1095,2023-01-13,Mexico,29.0,M,Premium,35.46,718,1,26-35,North America,305,5.083333333333333,1656.18,27.603,7.466666666666667,36,60,1,2.5597382457989037,0.0,0.0,0.0,0.0,0.0,0.0,0.0,0
1096,2023-04-30,Canada,66.0,M,Basic,12.6,611,0,51+,North America,145,4.833333333333333,912.93,30.430999999999997,7.933333333333334,10,30,6,2.6663074470696078,0.0,0.0,0.0,0.0,0.0,0.0,0.0,0
1097,2023-07-21,Spain,34.0,M,Premium,37.25,529,1,26-35,Europe,118,4.72,696.89,27.8756,8.44,14,25,0,2.5742312768410427,5.0,18.55229166666667,1.0,0.0,0.0,3.3333333333333335,97.0,0
1098,2023-06-28,USA,59.0,M,Basic,11.3,552,0,51+,North America,260,5.531914893617022,1478.34,31.45404255319149,8.0,28,47,1,2.6933982400595666,3.0,14.775370370370373,0.0,66.66666666666666,0.0,5.0,18.0,0
1099,2022-12-19,Germany,47.0,M,Premium,39.34,743,1,36-50,Europe,158,4.9375,981.8100000000001,30.681562500000002,7.125,18,32,2,2.154327976947351,5.0,13.625972222222222,1.0,20.0,0.0,3.3333333333333335,111.0,1
1100,2023-03-12,USA,46.0,M,Enterprise,141.05,660,1,36-50,North America,322,4.878787878787879,1905.91,28.877424242424244,6.712121212121212,36,66,0,2.8148788825708153,0.0,0.0,0.0,0.0,0.0,0.0,0.0,1
1101,2024-02-03,Germany,36.0,M,Premium,32.85,332,1,36-50,Europe,203,4.319148936170213,1578.82,33.59191489361702,6.76595744680851,25,47,1,2.6548264741354717,0.0,0.0,0.0,0.0,0.0,0.0,0.0,1
1102,2023-07-18,Mexico,63.0,F,Basic,11.67,532,0,51+,North America,202,5.315789473684211,1129.51,29.72394736842105,8.552631578947368,24,38,0,2.6417158956632174,5.0,6.935208333333334,1.0,60.0,1.0,4.5,7.0,0
1103,2022-12-05,Canada,28.0,F,Premium,33.48,757,1,26-35,North America,308,4.967741935483871,2075.03,33.46822580645161,8.209677419354838,26,62,2,2.6175181708889617,1.0,35.69305555555555,0.0,100.0,1.0,3.0,4.0,0
1104,2022-12-27,Australia,51.0,M,Basic,10.98,735,0,51+,Oceania,253,5.270833333333333,1324.99,27.603958333333335,7.083333333333333,28,48,1,2.7112027897919933,0.0,0.0,0.0,0.0,0.0,0.0,0.0,1
1105,2023-12-21,Brazil,67.0,M,Premium,39.27,376,1,51+,South America,423,5.2875,2251.21,28.140125,6.9375,40,80,0,2.765949146955581,3.0,24.538333333333338,2.0,33.33333333333333,1.0,3.0,182.0,0
1106,2023-04-10,USA,24.0,M,Premium,31.74,631,1,18-25,North America,38,5.428571428571429,94.46,13.494285714285713,7.714285714285714,5,7,38,3.0472470011002204,0.0,0.0,0.0,0.0,0.0,0.0,0.0,0
1107,2022-10-05,Italy,61.0,F,Basic,14.4,818,0,51+,Europe,226,5.65,1256.04,31.401,8.325,24,40,1,2.5272869815633303,1.0,11.266111111111112,0.0,0.0,0.0,5.0,351.0,0
1108,2022-11-10,UK,43.5,M,Basic,12.01,782,0,36-50,Europe,208,5.2,1202.99,30.07475,8.425,16,40,2,2.493067310640572,0.0,0.0,0.0,0.0,0.0,0.0,0.0,0
1109,2022-09-15,USA,37.0,Unknown,Premium,32.68,838,1,36-50,North America,405,5.0625,2135.3,26.691250000000004,8.375,56,80,0,2.446096088862694,0.0,0.0,0.0,0.0,0.0,0.0,0.0,0
1110,2022-08-25,USA,67.0,M,Basic,10.98,859,0,51+,North America,187,4.675,1254.58,31.3645,7.5,17,40,0,2.730525449573623,0.0,0.0,0.0,0.0,0.0,0.0,0.0,0
1111,2022-05-04,France,55.0,M,Premium,35.03,972,1,51+,Europe,186,4.769230769230769,1228.19,31.492051282051282,6.897435897435898,22,39,0,2.718954311974971,4.0,13.217962962962963,1.0,25.0,2.0,3.0,1.0,0
1112,2024-01-09,Germany,41.0,M,Basic,13.34,357,0,36-50,Europe,229,4.58,1311.12,26.222399999999997,6.16,29,50,1,2.5721427579640554,0.0,0.0,0.0,0.0,0.0,0.0,0.0,0
1113,2022-07-17,UK,27.0,M,Basic,14.48,898,0,26-35,Europe,101,4.809523809523809,839.0,39.95238095238095,6.666666666666667,14,21,0,2.67617352985653,0.0,0.0,0.0,0.0,0.0,0.0,0.0,0
1114,2022-11-20,Australia,49.0,F,Premium,36.51,772,1,36-50,Oceania,115,5.2272727272727275,665.4,30.245454545454546,8.136363636363637,12,22,6,2.617374514785637,0.0,0.0,0.0,0.0,0.0,0.0,0.0,0
1115,2022-05-03,Italy,69.0,F,Premium,34.83,973,1,51+,Europe,208,4.7272727272727275,1366.59,31.058863636363636,7.704545454545454,17,44,0,2.626905831862166,0.0,0.0,0.0,0.0,0.0,0.0,0.0,0
1116,2024-01-31,Germany,32.0,F,Basic,10.16,335,0,26-35,Europe,300,4.615384615384615,1762.7,27.11846153846154,7.553846153846154,29,65,0,2.479240733649037,2.0,13.687222222222221,0.0,50.0,0.0,5.0,42.0,0
1117,2023-07-03,France,54.0,F,Premium,39.14,547,1,51+,Europe,261,5.117647058823529,1672.26,32.78941176470588,7.529411764705882,25,51,1,2.6355041933074546,0.0,0.0,0.0,0.0,0.0,0.0,0.0,1
1118,2024-02-20,USA,37.0,F,Basic,14.5,315,0,36-50,North America,273,5.25,1520.94,29.248846153846156,7.596153846153846,32,52,4,2.4564840169417343,3.0,17.469583333333333,1.0,0.0,0.0,0.0,107.0,0
1119,2023-12-08,Germany,20.0,Unknown,Premium,33.78,389,1,18-25,Europe,329,5.061538461538461,1874.14,28.832923076923077,6.461538461538462,38,65,0,2.743611460493968,5.0,19.074444444444445,1.0,80.0,1.0,4.0,158.0,0
1120,2022-07-09,UK,54.0,M,Basic,10.14,906,0,51+,Europe,167,5.387096774193548,974.47,31.434516129032257,6.67741935483871,17,31,0,2.4176768374459354,0.0,0.0,0.0,0.0,0.0,0.0,0.0,0
1121,2022-07-16,Italy,57.0,M,Basic,13.66,899,0,51+,Europe,443,5.211764705882353,2479.24,29.167529411764704,7.564705882352941,39,85,0,2.370925666360327,0.0,0.0,0.0,0.0,0.0,0.0,0.0,0
1122,2022-08-10,Mexico,25.0,M,Basic,13.95,874,0,18-25,North America,33,4.714285714285714,214.95000000000002,30.70714285714286,9.285714285714286,6,7,6,2.627691364061218,0.0,0.0,0.0,0.0,0.0,0.0,0.0,1
1123,2024-01-27,Australia,57.0,F,Basic,12.7,339,0,51+,Oceania,403,4.579545454545454,2427.37,27.58375,7.306818181818182,31,88,0,2.7363940989149937,0.0,0.0,0.0,0.0,0.0,0.0,0.0,1
1124,2023-05-11,France,61.0,M,Basic,12.0,600,0,51+,Europe,300,5.454545454545454,1502.48,27.317818181818183,7.654545454545454,27,55,1,2.800913751817047,0.0,0.0,0.0,0.0,0.0,0.0,0.0,0
1125,2022-10-11,USA,40.0,F,Basic,14.25,812,0,36-50,North America,375,5.208333333333333,2143.42,29.769722222222224,8.069444444444445,30,72,0,2.594346507854512,5.0,14.348833333333335,0.0,20.0,0.0,4.0,43.0,0
1126,2024-01-12,Brazil,57.0,M,Enterprise,119.24,354,1,51+,South America,410,4.9397590361445785,3078.11,37.08566265060241,7.301204819277109,37,83,0,2.7020741698327067,0.0,0.0,0.0,0.0,0.0,0.0,0.0,0
1127,2023-08-27,UK,28.0,Unknown,Basic,12.19,492,0,26-35,Europe,152,5.241379310344827,727.17,25.074827586206894,6.862068965517241,16,29,2,2.8240696624070867,0.0,0.0,0.0,0.0,0.0,0.0,0.0,0
1128,2024-02-18,France,63.0,M,Basic,10.11,317,0,51+,Europe,105,5.0,766.64,36.50666666666667,8.428571428571429,12,21,0,2.6832815729997477,2.0,27.495416666666664,0.0,50.0,0.0,0.0,158.0,0
1129,2023-06-22,UK,25.0,M,Premium,31.63,558,1,18-25,Europe,160,5.517241379310345,936.61,32.29689655172414,7.586206896551724,20,29,6,2.458522925532616,0.0,0.0,0.0,0.0,0.0,0.0,0.0,0
1130,2023-09-04,Italy,46.0,F,Basic,14.69,484,0,36-50,Europe,398,4.975,2164.94,27.06175,6.9375,25,80,1,2.6288323441541275,0.0,0.0,0.0,0.0,0.0,0.0,0.0,1
1131,2022-10-17,USA,47.0,M,Basic,12.88,806,0,36-50,North America,113,4.52,779.31,31.172399999999996,8.48,19,25,1,2.6944387170614963,0.0,0.0,0.0,0.0,0.0,0.0,0.0,0
1132,2022-04-13,France,27.0,Other,Basic,14.02,993,0,26-35,Europe,130,4.0625,884.12,27.62875,7.53125,13,32,0,2.9064721992754876,0.0,0.0,0.0,0.0,0.0,0.0,0.0,0
1133,2024-05-02,Brazil,56.0,M,Basic,12.42,243,0,51+,South America,227,4.829787234042553,1331.71,28.334255319148937,7.0212765957446805,17,47,0,2.170144745084092,0.0,0.0,0.0,0.0,0.0,0.0,0.0,0
1134,2022-07-18,USA,45.0,M,Basic,14.16,897,0,36-50,North America,280,4.827586206896552,1598.97,27.56844827586207,8.53448275862069,33,58,1,2.5487384635532706,5.0,11.685722222222221,0.0,80.0,0.0,5.0,50.0,0
1135,2022-10-31,UK,66.0,F,Basic,12.68,792,0,51+,Europe,242,4.653846153846154,1483.59,28.53057692307692,7.423076923076923,29,52,0,2.527376500616256,0.0,0.0,0.0,0.0,0.0,0.0,0.0,0
1136,2022-08-21,UK,53.0,F,Premium,30.04,863,1,51+,Europe,274,5.169811320754717,1636.6299999999999,30.879811320754715,8.150943396226415,24,53,1,2.5998213626250712,0.0,0.0,0.0,0.0,0.0,0.0,0.0,1
1137,2023-01-05,USA,30.0,M,Basic,14.49,726,0,26-35,North America,235,5.595238095238095,936.82,22.305238095238096,5.904761904761905,24,42,2,2.820305499881121,0.0,0.0,0.0,0.0,0.0,0.0,0.0,0
1138,2022-07-03,Spain,49.0,F,Basic,10.73,912,0,36-50,Europe,259,4.796296296296297,1967.95,36.443518518518516,8.962962962962964,35,54,1,2.7974356831066016,1.0,46.589166666666664,0.0,100.0,0.0,3.0,113.0,0
1139,2022-11-06,Spain,53.0,F,Basic,12.24,786,0,51+,Europe,340,4.788732394366197,2163.08,30.465915492957745,8.225352112676056,39,71,0,2.551836834000987,0.0,0.0,0.0,0.0,0.0,0.0,0.0,0
1140,2022-01-15,USA,54.0,Unknown,Basic,12.37,1081,0,51+,North America,404,4.6976744186046515,2301.4,26.76046511627907,7.6395348837209305,32,86,0,2.3667787363560846,5.0,16.027569444444445,1.0,80.0,0.0,3.75,36.0,0
1141,2023-12-27,Australia,43.0,M,Basic,10.23,370,0,36-50,Oceania,416,4.781609195402299,2364.99,27.183793103448274,7.241379310344827,54,87,0,2.4704075897408804,0.0,0.0,0.0,0.0,0.0,0.0,0.0,0
1142,2023-07-01,USA,43.5,M,Premium,30.52,549,1,36-50,North America,415,4.882352941176471,2524.13,29.695647058823532,6.976470588235294,37,85,0,2.701021696929314,0.0,0.0,0.0,0.0,0.0,0.0,0.0,0
1143,2022-05-10,Italy,21.0,F,Enterprise,176.25,966,1,18-25,Europe,273,5.352941176470588,1572.65,30.836274509803925,7.7254901960784315,32,51,0,2.373381801664155,1.0,27.794166666666666,0.0,100.0,0.0,4.0,97.0,0
1144,2022-10-08,France,48.0,F,Premium,32.99,815,1,36-50,Europe,216,4.695652173913044,1213.2,26.37391304347826,7.260869565217392,21,46,0,2.493275981670089,0.0,0.0,0.0,0.0,0.0,0.0,0.0,0
1145,2022-02-16,UK,35.0,F,Basic,12.04,1049,0,26-35,Europe,186,4.894736842105263,1304.77,34.336052631578944,7.368421052631579,17,38,1,2.628219762132808,0.0,0.0,0.0,0.0,0.0,0.0,0.0,0
1146,2022-02-25,UK,55.0,M,Enterprise,156.4,1040,1,51+,Europe,197,4.925,1197.98,29.9495,6.175,14,40,1,2.5256377717016654,0.0,0.0,0.0,0.0,0.0,0.0,0.0,0
1147,2023-07-21,UK,41.0,M,Basic,11.86,529,0,36-50,Europe,41,5.857142857142857,189.23000000000002,27.032857142857146,7.428571428571429,5,7,15,3.4364987719368982,0.0,0.0,0.0,0.0,0.0,0.0,0.0,0
1148,2022-10-27,Italy,40.0,F,Basic,13.87,796,0,36-50,Europe,420,4.827586206896552,2708.82,31.13586206896552,7.068965517241379,35,87,0,2.511401427313018,0.0,0.0,0.0,0.0,0.0,0.0,0.0,0
1149,2023-12-16,USA,39.0,M,Basic,14.41,381,0,36-50,North America,46,4.6,363.98,36.398,6.0,4,10,10,2.590581230363393,2.0,34.660000000000004,0.0,0.0,0.0,0.0,39.0,1
1150,2022-05-10,Canada,19.0,M,Premium,30.59,966,1,18-25,North America,75,4.6875,421.12,26.32,7.75,6,16,4,2.151549828999242,0.0,0.0,0.0,0.0,0.0,0.0,0.0,1
1151,2023-10-16,Spain,48.0,M,Basic,13.17,442,0,36-50,Europe,162,4.909090909090909,996.4,30.19393939393939,7.424242424242424,12,33,1,2.389608183934612,0.0,0.0,0.0,0.0,0.0,0.0,0.0,1
1152,2024-06-08,Canada,28.0,F,Premium,33.17,206,1,26-35,North America,123,5.125,490.49,20.437083333333334,7.125,11,24,8,2.290101573596967,0.0,0.0,0.0,0.0,0.0,0.0,0.0,0
1153,2024-02-10,Brazil,45.0,M,Premium,35.82,325,1,36-50,South America,24,4.8,190.26999999999998,38.053999999999995,7.0,3,5,14,2.16794833886788,0.0,0.0,0.0,0.0,0.0,0.0,0.0,0
1154,2023-05-18,UK,63.0,F,Basic,12.41,593,0,51+,Europe,166,5.354838709677419,791.13,25.52032258064516,7.806451612903226,18,31,1,2.6400553920549243,2.0,7.343888888888888,1.0,50.0,0.0,4.0,98.0,0
1155,2022-04-16,UK,49.0,F,Premium,33.33,990,1,36-50,Europe,178,4.684210526315789,1030.83,27.127105263157894,6.342105263157895,20,38,2,2.132189119418651,0.0,0.0,0.0,0.0,0.0,0.0,0.0,1
1156,2024-06-12,France,22.0,F,Basic,10.46,202,0,18-25,Europe,432,4.853932584269663,2637.98,29.640224719101123,7.426966292134831,43,89,0,2.7697659968346877,0.0,0.0,0.0,0.0,0.0,0.0,0.0,0
1157,2022-01-13,USA,55.0,M,Basic,12.79,1083,0,51+,North America,189,4.609756097560975,1084.8,26.458536585365852,8.487804878048781,18,41,0,2.6256241998855034,4.0,9.080347222222223,0.0,75.0,0.0,4.0,71.0,1
1158,2023-08-11,UK,27.0,M,Basic,10.55,508,0,26-35,Europe,344,4.777777777777778,1958.88,27.206666666666667,7.222222222222222,36,72,1,2.799508116866359,0.0,0.0,0.0,0.0,0.0,0.0,0.0,0
1159,2022-10-19,UK,57.0,F,Premium,31.55,804,1,51+,Europe,158,5.448275862068965,1020.13,35.17689655172414,7.931034482758621,16,29,3,2.7592209937971326,4.0,6.2192592592592595,1.0,25.0,1.0,1.5,88.0,0
1160,2023-04-26,UK,63.0,F,Basic,14.9,615,0,51+,Europe,175,5.303030303030303,1147.38,34.76909090909091,7.545454545454546,11,33,1,2.270529240133901,1.0,12.118333333333334,0.0,0.0,1.0,0.0,352.0,0
1161,2023-05-06,UK,41.0,F,Premium,33.16,605,1,36-50,Europe,44,4.0,291.07,26.46090909090909,5.454545454545454,5,11,6,1.9493588689617927,4.0,15.836574074074074,1.0,0.0,1.0,2.6666666666666665,4.0,0
1162,2023-03-28,UK,52.0,F,Enterprise,158.43,644,1,51+,Europe,267,5.134615384615385,1655.82,31.842692307692307,7.3076923076923075,32,52,0,2.292604017815499,3.0,8.86064814814815,0.0,66.66666666666666,2.0,4.0,10.0,0
1163,2022-12-15,Germany,61.0,F,Enterprise,127.21,747,1,51+,Europe,37,4.625,331.88,41.485,9.125,1,8,0,2.7222627143085005,0.0,0.0,0.0,0.0,0.0,0.0,0.0,0
1164,2022-07-08,UK,65.0,F,Basic,14.32,907,0,51+,Europe,169,4.828571428571428,1035.27,29.579142857142855,6.228571428571429,14,35,0,2.673241195140266,4.0,15.019305555555556,0.0,50.0,1.0,2.6666666666666665,209.0,0
1165,2022-02-22,Mexico,40.0,M,Basic,11.41,1043,0,36-50,North America,88,4.888888888888889,486.93,27.051666666666666,7.111111111111111,12,18,5,2.517909704704629,0.0,0.0,0.0,0.0,0.0,0.0,0.0,1
1166,2022-09-16,Canada,34.0,M,Basic,11.82,837,0,26-35,North America,283,5.053571428571429,1561.8,27.889285714285712,8.071428571428571,19,56,1,2.6036313302570515,0.0,0.0,0.0,0.0,0.0,0.0,0.0,1
1167,2024-06-01,Mexico,18.0,F,Premium,36.07,213,1,18-25,North America,286,5.2,1871.67,34.03036363636364,7.218181818181818,28,55,1,2.6133560089719174,0.0,0.0,0.0,0.0,0.0,0.0,0.0,0
1168,2023-05-05,Mexico,48.0,M,Enterprise,186.99,606,1,36-50,North America,194,5.542857142857143,1013.93,28.96942857142857,5.0,19,35,7,2.5706814974524828,0.0,0.0,0.0,0.0,0.0,0.0,0.0,0
1169,2022-04-27,Mexico,43.5,F,Premium,38.15,979,1,36-50,North America,170,5.483870967741935,952.9399999999999,30.74,7.645161290322581,14,31,1,2.4882519666348832,0.0,0.0,0.0,0.0,0.0,0.0,0.0,0
1170,2024-04-21,Spain,59.0,M,Basic,11.31,254,0,51+,Europe,197,4.804878048780488,1227.66,29.942926829268295,7.463414634146342,18,41,0,2.628873448790584,0.0,0.0,0.0,0.0,0.0,0.0,0.0,0
1171,2022-03-08,Germany,59.0,F,Basic,14.14,1029,0,51+,Europe,292,5.214285714285714,1853.75,33.10267857142857,8.464285714285714,21,56,1,2.534950497736401,1.0,24.263055555555557,0.0,0.0,0.0,4.0,226.0,0
1172,2023-02-15,France,70.0,M,Premium,37.0,685,1,51+,Europe,80,4.2105263157894735,536.14,28.217894736842105,7.7368421052631575,12,19,1,2.916979933051402,0.0,0.0,0.0,0.0,0.0,0.0,0.0,0
1173,2023-05-19,Germany,51.0,M,Basic,14.94,592,0,51+,Europe,438,5.0344827586206895,2312.37,26.57896551724138,8.471264367816092,51,87,0,2.5355531292423965,0.0,0.0,0.0,0.0,0.0,0.0,0.0,0
1174,2022-03-17,USA,26.0,Other,Basic,14.67,1020,0,26-35,North America,202,4.926829268292683,1159.1,28.270731707317072,7.341463414634147,19,41,0,2.412366513430733,0.0,0.0,0.0,0.0,0.0,0.0,0.0,0
1175,2023-08-14,USA,39.0,M,Premium,35.32,505,1,36-50,North America,399,5.115384615384615,2156.61,27.648846153846154,6.794871794871795,44,78,0,2.4809967060326086,0.0,0.0,0.0,0.0,0.0,0.0,0.0,0
1176,2023-10-07,Spain,30.0,M,Basic,13.74,451,0,26-35,Europe,247,5.25531914893617,1554.2,33.06808510638298,8.085106382978724,22,47,0,2.608248496983493,0.0,0.0,0.0,0.0,0.0,0.0,0.0,0
1177,2023-12-04,UK,42.0,M,Basic,12.84,393,0,36-50,Europe,387,4.8375,2670.63,33.382875,7.5,40,80,0,2.543016000686358,0.0,0.0,0.0,0.0,0.0,0.0,0.0,0
1178,2022-02-24,UK,65.0,F,Basic,12.96,1041,0,51+,Europe,106,5.3,530.36,26.518,7.05,7,20,0,2.577228213247305,0.0,0.0,0.0,0.0,0.0,0.0,0.0,0
1179,2022-06-05,Spain,43.5,F,Basic,10.5,940,0,36-50,Europe,343,4.9,2058.56,29.407999999999998,7.442857142857143,36,70,0,2.5088250035725337,0.0,0.0,0.0,0.0,0.0,0.0,0.0,0
1180,2022-06-02,UK,68.0,F,Premium,30.01,943,1,51+,Europe,145,5.178571428571429,1102.85,39.387499999999996,6.571428571428571,16,28,3,2.2941725116537146,0.0,0.0,0.0,0.0,0.0,0.0,0.0,0
1181,2024-04-10,USA,29.0,M,Basic,10.23,265,0,26-35,North America,84,4.666666666666667,534.32,29.68444444444445,7.5,6,18,1,2.5895718474182514,0.0,0.0,0.0,0.0,0.0,0.0,0.0,0
1182,2023-07-31,UK,57.0,F,Premium,39.66,519,1,51+,Europe,315,5.7272727272727275,1580.6,28.73818181818182,7.6,27,55,0,2.6419307295608605,3.0,11.625462962962963,0.0,66.66666666666666,1.0,0.0,56.0,0
1183,2022-11-08,Australia,34.0,M,Basic,10.62,784,0,26-35,Oceania,43,3.909090909090909,260.12,23.64727272727273,5.363636363636363,6,11,28,2.7369525189358126,0.0,0.0,0.0,0.0,0.0,0.0,0.0,0
1184,2022-03-29,Canada,32.0,F,Basic,10.21,1008,0,26-35,North America,48,5.333333333333333,296.72,32.96888888888889,7.555555555555555,1,9,2,2.4494897427831783,0.0,0.0,0.0,0.0,0.0,0.0,0.0,0
1185,2022-09-12,UK,59.0,F,Basic,11.54,841,0,51+,Europe,256,4.654545454545454,1451.68,26.39418181818182,7.345454545454546,31,55,0,2.2869855771961114,4.0,12.961041666666667,0.0,100.0,1.0,3.5,32.0,0
1186,2022-05-02,UK,32.0,F,Basic,12.93,974,0,26-35,Europe,182,5.352941176470588,1065.93,31.350882352941177,6.852941176470588,20,34,3,2.460381258225822,4.0,18.92111111111111,2.0,50.0,1.0,2.0,6.0,0
1187,2023-07-26,UK,32.0,F,Premium,39.47,524,1,26-35,Europe,312,5.571428571428571,1843.29,32.91589285714286,7.625,28,56,1,2.7360033416855116,1.0,3.368888888888889,0.0,100.0,1.0,4.0,219.0,0
1188,2024-02-22,USA,56.0,F,Premium,36.99,313,1,51+,North America,238,5.0638297872340425,1440.98,30.65914893617021,8.808510638297872,22,47,5,2.8772288548951503,3.0,16.82462962962963,0.0,100.0,1.0,4.0,105.0,0
1189,2023-03-03,Mexico,30.0,F,Basic,11.37,669,0,26-35,North America,155,4.696969696969697,948.9300000000001,28.755454545454548,6.545454545454546,20,33,2,2.455667532526142,0.0,0.0,0.0,0.0,0.0,0.0,0.0,0
1190,2023-09-13,Spain,34.0,M,Basic,14.69,475,0,26-35,Europe,34,4.25,268.46,33.5575,8.0,8,8,16,2.3754698783308417,0.0,0.0,0.0,0.0,0.0,0.0,0.0,1
1191,2023-09-03,UK,49.0,F,Premium,30.35,485,1,36-50,Europe,176,5.866666666666666,862.51,28.750333333333334,6.533333333333333,26,30,1,2.4737704480984197,0.0,0.0,0.0,0.0,0.0,0.0,0.0,1
1192,2024-03-20,USA,26.0,M,Basic,14.89,286,0,26-35,North America,123,5.125,522.1,21.754166666666666,7.791666666666667,12,24,3,2.576018160886563,2.0,8.181527777777777,0.0,0.0,0.0,5.0,44.0,1
1193,2023-09-26,Mexico,43.5,M,Basic,10.28,462,0,36-50,North America,185,4.512195121951219,1241.96,30.291707317073172,7.560975609756097,22,41,4,2.6279455019036466,0.0,0.0,0.0,0.0,0.0,0.0,0.0,0
1194,2022-08-20,France,37.0,M,Basic,13.76,864,0,36-50,Europe,57,5.181818181818182,307.24,27.930909090909093,6.909090909090909,1,11,8,2.9603439603593973,0.0,0.0,0.0,0.0,0.0,0.0,0.0,0
1195,2024-03-05,USA,43.0,M,Premium,30.44,301,1,36-50,North America,282,4.779661016949152,1566.53,26.55135593220339,7.11864406779661,23,59,0,2.5533466653500305,0.0,0.0,0.0,0.0,0.0,0.0,0.0,0
1196,2023-06-20,Canada,44.0,M,Basic,14.65,560,0,36-50,North America,280,5.0,1659.15,29.62767857142857,7.357142857142857,33,56,0,2.71695016182082,2.0,25.123055555555556,1.0,0.0,0.0,0.0,139.0,0
1197,2023-01-25,Spain,38.0,F,Basic,10.53,706,0,36-50,Europe,280,4.242424242424242,1944.21,29.457727272727272,7.757575757575758,35,66,0,2.347244578129239,5.0,8.860972222222223,1.0,80.0,1.0,5.0,51.0,0
1198,2023-04-07,Italy,35.0,M,Premium,30.49,634,1,26-35,Europe,253,5.5,1395.04,30.32695652173913,7.456521739130435,24,46,0,2.126551721031544,1.0,25.704166666666666,0.0,0.0,0.0,4.0,16.0,0
1199,2023-03-30,USA,30.0,M,Enterprise,188.92,642,1,26-35,North America,311,4.859375,1479.33,23.11453125,7.34375,38,64,0,2.7072342092054136,0.0,0.0,0.0,0.0,0.0,0.0,0.0,0
1200,2022-11-01,Brazil,33.0,F,Basic,10.47,791,0,26-35,South America,262,4.851851851851852,1581.93,29.295,6.981481481481482,30,54,1,2.7773165235488806,1.0,34.977777777777774,0.0,0.0,0.0,5.0,259.0,0
1201,2024-05-30,Australia,26.0,M,Basic,13.98,215,0,26-35,Oceania,225,4.5,1717.92,34.3584,8.04,27,50,0,2.426469678780433,0.0,0.0,0.0,0.0,0.0,0.0,0.0,0
1202,2023-08-26,UK,29.0,F,Basic,13.73,493,0,26-35,Europe,123,5.125,670.48,27.936666666666667,7.458333333333333,11,24,0,3.011752342725584,0.0,0.0,0.0,0.0,0.0,0.0,0.0,0
1203,2023-03-16,UK,61.0,F,Basic,12.98,656,0,51+,Europe,200,5.555555555555555,1152.4,32.01111111111111,7.722222222222222,21,36,1,2.5795286883398396,0.0,0.0,0.0,0.0,0.0,0.0,0.0,0
1204,2022-11-09,Italy,55.0,F,Basic,11.88,783,0,51+,Europe,445,5.235294117647059,2672.87,31.445529411764703,7.952941176470588,53,85,0,2.423334277314594,0.0,0.0,0.0,0.0,0.0,0.0,0.0,0
1205,2023-08-06,UK,36.0,F,Basic,14.57,513,0,36-50,Europe,405,5.4,1980.4,26.405333333333335,7.96,42,75,0,2.520188753119764,0.0,0.0,0.0,0.0,0.0,0.0,0.0,0
1206,2023-09-28,UK,24.0,M,Enterprise,187.1,460,1,18-25,Europe,465,5.224719101123595,2783.37,31.2738202247191,7.584269662921348,39,89,0,2.778786560667198,0.0,0.0,0.0,0.0,0.0,0.0,0.0,0
1207,2022-03-03,USA,52.0,M,Premium,34.25,1034,1,51+,North America,272,4.689655172413793,1738.23,29.96948275862069,7.568965517241379,25,58,0,2.891044226765327,5.0,12.874722222222221,3.0,60.0,2.0,2.5,9.0,0
1208,2023-09-17,UK,65.0,M,Basic,11.15,471,0,51+,Europe,317,5.112903225806452,1635.72,26.38258064516129,6.548387096774194,28,62,0,2.624630114203307,0.0,0.0,0.0,0.0,0.0,0.0,0.0,0
1209,2024-01-28,USA,35.0,F,Premium,32.72,338,1,26-35,North America,266,4.666666666666667,1634.76,28.68,7.543859649122807,28,57,0,2.551843404659613,1.0,4.7275,0.0,0.0,1.0,3.0,80.0,0
1210,2022-04-12,UK,33.0,M,Basic,11.09,994,0,26-35,Europe,238,4.76,1393.54,27.8708,7.52,24,50,0,2.343553903361129,0.0,0.0,0.0,0.0,0.0,0.0,0.0,1
1211,2024-02-21,USA,56.0,M,Basic,12.7,314,0,51+,North America,403,4.855421686746988,2679.57,32.28397590361446,8.168674698795181,51,83,0,2.504301324699127,0.0,0.0,0.0,0.0,0.0,0.0,0.0,0
1212,2022-08-01,Australia,21.0,M,Enterprise,186.84,883,1,18-25,Oceania,417,5.024096385542169,2370.56,28.560963855421686,7.590361445783133,44,83,0,2.603824127731654,0.0,0.0,0.0,0.0,0.0,0.0,0.0,1
1213,2023-10-03,USA,42.0,F,Enterprise,177.35,455,1,36-50,North America,426,5.071428571428571,2591.83,30.85511904761905,8.0,37,84,0,2.7541238052410653,0.0,0.0,0.0,0.0,0.0,0.0,0.0,0
1214,2022-08-05,Italy,49.0,M,Basic,13.97,879,0,36-50,Europe,259,5.51063829787234,1259.37,26.79510638297872,7.9361702127659575,15,47,0,2.6364694807354048,0.0,0.0,0.0,0.0,0.0,0.0,0.0,0
1215,2022-09-28,Mexico,57.0,Other,Basic,12.23,825,0,51+,North America,391,4.8875,2191.39,27.392374999999998,8.0375,38,80,0,2.742048342740158,0.0,0.0,0.0,0.0,0.0,0.0,0.0,0
1216,2023-11-08,UK,30.0,M,Basic,11.6,419,0,26-35,Europe,30,3.75,217.56,27.195,8.125,1,8,3,2.052872551885702,0.0,0.0,0.0,0.0,0.0,0.0,0.0,0
1217,2022-03-25,UK,62.0,M,Basic,13.78,1012,0,51+,Europe,265,4.818181818181818,1672.51,30.40927272727273,7.109090909090909,33,55,0,2.639380602779744,4.0,19.05847222222222,0.0,75.0,1.0,4.5,53.0,0
1218,2022-06-10,Mexico,34.0,M,Premium,37.92,935,1,26-35,North America,238,4.857142857142857,1441.06,29.40938775510204,6.816326530612245,24,49,0,2.533114025595111,0.0,0.0,0.0,0.0,0.0,0.0,0.0,0
1219,2022-09-03,Canada,66.0,F,Basic,13.47,850,0,51+,North America,345,4.859154929577465,2094.39,29.498450704225352,6.887323943661972,38,71,2,2.631109351302425,4.0,16.62972222222222,0.0,100.0,1.0,3.0,275.0,0
1220,2022-06-27,UK,54.0,F,Basic,10.15,918,0,51+,Europe,206,4.291666666666667,1309.47,27.280625,7.083333333333333,25,48,0,2.4229253756330436,0.0,0.0,0.0,0.0,0.0,0.0,0.0,0
1221,2023-07-20,Brazil,23.0,M,Basic,12.94,530,0,18-25,South America,111,5.045454545454546,841.65,38.25681818181818,7.181818181818182,21,22,8,2.768483730221683,2.0,14.894583333333333,0.0,50.0,1.0,0.0,97.0,0
1222,2022-03-18,Canada,36.0,M,Basic,11.73,1019,0,36-50,North America,297,5.303571428571429,1741.44,31.09714285714286,7.607142857142857,36,56,0,2.2475816729594897,0.0,0.0,0.0,0.0,0.0,0.0,0.0,0
1223,2022-06-10,USA,30.0,F,Premium,31.95,935,1,26-35,North America,221,4.702127659574468,1601.59,34.0763829787234,8.680851063829786,17,47,0,2.483991297480216,0.0,0.0,0.0,0.0,0.0,0.0,0.0,1
1224,2022-01-03,USA,43.0,M,Premium,36.93,1093,1,36-50,North America,212,4.51063829787234,1305.77,27.782340425531913,8.319148936170214,30,47,2,2.3207227175052316,5.0,14.408402777777777,1.0,40.0,1.0,3.0,104.0,0
1225,2023-02-23,UK,31.0,M,Basic,11.33,677,0,26-35,Europe,104,5.473684210526316,503.27,26.487894736842104,6.578947368421052,7,19,0,2.611266637149948,0.0,0.0,0.0,0.0,0.0,0.0,0.0,1
1226,2023-04-07,USA,48.0,M,Basic,14.55,634,0,36-50,North America,156,5.032258064516129,1183.51,38.17774193548387,6.516129032258065,10,31,2,2.3019393413343443,0.0,0.0,0.0,0.0,0.0,0.0,0.0,1
1227,2023-12-07,Spain,21.0,M,Basic,11.48,390,0,18-25,Europe,393,4.678571428571429,2622.9,31.225,7.214285714285714,32,84,0,2.6938605534777547,0.0,0.0,0.0,0.0,0.0,0.0,0.0,0
1228,2023-09-01,Italy,56.0,M,Basic,12.77,487,0,51+,Europe,426,4.786516853932584,2330.62,26.186741573033707,7.044943820224719,45,89,0,2.621900378249089,0.0,0.0,0.0,0.0,0.0,0.0,0.0,0
1229,2023-04-27,UK,25.0,M,Basic,14.13,614,0,18-25,Europe,114,6.333333333333333,600.69,33.37166666666667,8.5,8,18,2,1.909727421264462,4.0,11.413703703703703,1.0,50.0,0.0,4.0,1.0,0
1230,2022-10-26,Germany,42.0,M,Basic,12.0,797,0,36-50,Europe,161,4.6,991.03,28.315142857142856,8.371428571428572,22,35,3,2.4638563747292817,0.0,0.0,0.0,0.0,0.0,0.0,0.0,0
1231,2022-02-03,Italy,30.0,F,Basic,14.13,1062,0,26-35,Europe,299,5.245614035087719,1563.62,27.4319298245614,7.684210526315789,40,57,0,2.3549393513147905,0.0,0.0,0.0,0.0,0.0,0.0,0.0,0
1232,2022-08-26,Australia,49.0,M,Basic,13.61,858,0,36-50,Oceania,198,4.304347826086956,1506.85,32.75760869565217,8.021739130434783,29,46,2,2.5286761157868214,0.0,0.0,0.0,0.0,0.0,0.0,0.0,1
1233,2022-10-23,USA,55.0,F,Premium,39.2,800,1,51+,North America,116,5.2727272727272725,629.02,28.59181818181818,7.045454545454546,13,22,0,2.585339955205636,0.0,0.0,0.0,0.0,0.0,0.0,0.0,1
1234,2023-12-25,Brazil,55.0,M,Basic,11.62,372,0,51+,South America,34,4.25,227.31,28.41375,6.125,4,8,1,3.058944729337694,0.0,0.0,0.0,0.0,0.0,0.0,0.0,0
1235,2022-10-17,Spain,45.0,F,Premium,31.04,806,1,36-50,Europe,53,5.3,308.96,30.895999999999997,7.3,4,10,2,2.7908580918579307,1.0,41.696666666666665,0.0,0.0,1.0,4.0,263.0,0
1236,2023-12-21,USA,70.0,M,Basic,12.14,376,0,51+,North America,15,3.0,179.51,35.902,8.4,3,5,27,1.5811388300841898,3.0,10.389722222222224,0.0,66.66666666666666,1.0,4.5,188.0,0
1237,2024-05-30,UK,47.0,F,Premium,37.85,215,1,36-50,Europe,34,6.8,202.73,40.546,8.0,0,5,8,2.2803508501982757,4.0,21.757986111111112,0.0,50.0,0.0,4.25,2.0,0
1238,2023-04-10,USA,20.0,M,Basic,12.24,631,0,18-25,North America,414,4.9879518072289155,2691.3,32.42530120481928,7.072289156626506,33,83,0,2.4963093534041483,3.0,14.057638888888889,1.0,66.66666666666666,1.0,5.0,68.0,1
1239,2022-03-14,UK,45.0,F,Premium,32.61,1023,1,36-50,Europe,167,4.771428571428571,895.9200000000001,25.59771428571429,7.514285714285714,16,35,6,2.5677377807954556,3.0,25.612685185185185,0.0,33.33333333333333,0.0,4.333333333333333,134.0,1
1240,2023-12-05,France,20.0,M,Basic,10.13,392,0,18-25,Europe,204,4.975609756097561,1314.32,32.05658536585366,8.146341463414634,20,41,0,2.6219058419215666,1.0,11.445277777777775,0.0,100.0,0.0,0.0,228.0,0
1241,2022-08-28,USA,62.0,M,Enterprise,131.29,856,1,51+,North America,361,5.46969696969697,1705.99,25.848333333333333,7.515151515151516,36,66,0,2.707367139831026,0.0,0.0,0.0,0.0,0.0,0.0,0.0,0
1242,2022-09-28,France,51.0,F,Premium,37.12,825,1,51+,Europe,353,5.042857142857143,2395.36,34.21942857142857,8.242857142857142,44,70,0,2.683474463580261,0.0,0.0,0.0,0.0,0.0,0.0,0.0,0
1243,2024-03-17,Canada,33.0,F,Basic,10.73,289,0,26-35,North America,259,4.980769230769231,1600.54,30.779615384615383,6.903846153846154,21,52,2,2.516536560319927,0.0,0.0,0.0,0.0,0.0,0.0,0.0,0
1244,2024-03-21,Spain,39.0,M,Basic,11.69,285,0,36-50,Europe,410,5.061728395061729,2553.16,31.520493827160493,7.271604938271605,42,81,0,2.4512531438651215,5.0,13.213472222222222,3.0,60.0,0.0,4.0,78.0,0
1245,2023-10-03,UK,49.0,F,Premium,30.19,455,1,36-50,Europe,427,4.8522727272727275,3385.77,38.47465909090909,7.295454545454546,39,88,0,2.5754801928214217,4.0,3.9013194444444443,0.0,25.0,1.0,3.6666666666666665,83.0,0
1246,2023-08-27,Germany,55.0,M,Enterprise,172.17,492,1,51+,Europe,345,5.2272727272727275,1857.9,28.150000000000002,7.454545454545454,26,66,2,2.410205574031168,0.0,0.0,0.0,0.0,0.0,0.0,0.0,0
1247,2023-11-09,USA,25.0,M,Premium,38.8,418,1,18-25,North America,129,4.3,864.72,28.824,7.266666666666667,18,30,0,2.6671694928234833,3.0,15.480833333333331,2.0,66.66666666666666,0.0,0.0,29.0,1
1248,2024-04-03,Mexico,25.0,Other,Premium,35.68,272,1,18-25,North America,275,5.188679245283019,1588.34,29.968679245283017,7.7924528301886795,36,53,2,2.557467224946655,0.0,0.0,0.0,0.0,0.0,0.0,0.0,0
1249,2022-07-22,USA,23.0,M,Premium,30.25,893,1,18-25,North America,201,4.902439024390244,1126.39,27.472926829268296,7.804878048780488,24,41,0,2.956390350146446,0.0,0.0,0.0,0.0,0.0,0.0,0.0,0
1250,2023-03-12,UK,31.0,F,Basic,11.08,660,0,26-35,Europe,35,3.888888888888889,237.78,26.42,5.444444444444445,3,9,7,2.758824226207808,0.0,0.0,0.0,0.0,0.0,0.0,0.0,0
1251,2022-04-28,Mexico,49.0,M,Basic,12.18,978,0,36-50,North America,295,5.175438596491228,1460.33,25.619824561403508,7.543859649122807,34,57,2,2.7846698125473117,0.0,0.0,0.0,0.0,0.0,0.0,0.0,0
1252,2023-07-12,Australia,52.0,F,Basic,12.93,538,0,51+,Oceania,285,6.0638297872340425,1417.27,30.15468085106383,7.361702127659575,13,47,0,2.5656955605699237,0.0,0.0,0.0,0.0,0.0,0.0,0.0,0
1253,2022-08-19,Australia,27.0,F,Premium,34.95,865,1,26-35,Oceania,110,4.4,736.86,29.4744,7.64,20,25,1,2.5980762113533156,0.0,0.0,0.0,0.0,0.0,0.0,0.0,0
1254,2023-10-26,USA,20.0,Other,Basic,14.57,432,0,18-25,North America,180,5.0,1346.2,37.394444444444446,8.88888888888889,18,36,8,2.7774602993176543,0.0,0.0,0.0,0.0,0.0,0.0,0.0,0
1255,2022-06-02,Mexico,29.0,F,Basic,14.68,943,0,26-35,North America,195,4.7560975609756095,1207.77,29.45780487804878,7.2439024390243905,27,41,1,2.4574426524832482,0.0,0.0,0.0,0.0,0.0,0.0,0.0,0
1256,2022-09-30,UK,66.0,M,Basic,10.53,823,0,51+,Europe,51,4.25,203.9,16.991666666666667,7.0,5,12,4,2.261335084333227,0.0,0.0,0.0,0.0,0.0,0.0,0.0,1
1257,2024-04-26,Spain,48.0,F,Premium,31.37,249,1,36-50,Europe,275,5.0,1728.37,31.42490909090909,7.090909090909091,30,55,1,2.5312857221987817,0.0,0.0,0.0,0.0,0.0,0.0,0.0,0
1258,2022-05-26,Canada,46.0,M,Basic,11.78,950,0,36-50,North America,29,4.833333333333333,202.85,33.80833333333333,7.5,2,6,5,2.401388487243717,2.0,13.939305555555555,0.0,100.0,1.0,4.0,214.0,0
1259,2022-03-15,France,22.0,F,Basic,12.1,1022,0,18-25,Europe,35,5.0,225.46,32.20857142857143,7.857142857142857,5,7,4,3.0550504633038935,0.0,0.0,0.0,0.0,0.0,0.0,0.0,0
1260,2022-03-03,USA,69.0,F,Basic,12.92,1034,0,51+,North America,34,3.4,329.15,32.915,7.9,6,10,6,2.412928142780514,5.0,8.573055555555555,3.0,20.0,1.0,5.0,147.0,1
1261,2022-06-19,Australia,42.0,F,Basic,13.86,926,0,36-50,Oceania,32,4.0,200.25,25.03125,7.875,0,8,8,2.7255405754769875,0.0,0.0,0.0,0.0,0.0,0.0,0.0,0
1262,2024-03-22,USA,58.0,F,Premium,31.35,284,1,51+,North America,30,5.0,143.67000000000002,23.945000000000004,8.5,5,6,12,2.2803508501982757,3.0,10.327777777777778,0.0,66.66666666666666,0.0,4.0,79.0,0
1263,2022-11-11,USA,48.0,M,Basic,14.0,781,0,36-50,North America,440,5.238095238095238,2637.23,31.39559523809524,7.416666666666667,50,84,0,2.6096163574343834,3.0,18.37175925925926,0.0,33.33333333333333,0.0,3.5,71.0,0
1264,2023-09-02,USA,38.0,F,Premium,36.09,486,1,36-50,North America,124,4.769230769230769,841.47,32.36423076923077,7.5,14,26,1,2.4868886956627927,0.0,0.0,0.0,0.0,0.0,0.0,0.0,0
1265,2024-02-06,Spain,37.0,M,Basic,14.89,329,0,36-50,Europe,390,5.342465753424658,2149.7200000000003,29.448219178082194,7.63013698630137,31,73,0,2.512298516422051,2.0,10.214027777777778,0.0,50.0,1.0,3.0,167.0,0
1266,2024-04-24,UK,56.0,F,Basic,13.25,251,0,51+,Europe,168,4.666666666666667,1347.58,37.43277777777777,5.916666666666667,21,36,2,3.014251861692099,0.0,0.0,0.0,0.0,0.0,0.0,0.0,1
1267,2023-08-06,Australia,39.0,Unknown,Basic,13.57,513,0,36-50,Oceania,262,5.137254901960785,1362.03,26.706470588235295,7.705882352941177,18,51,3,2.8567086504796895,1.0,2.2247222222222223,0.0,0.0,0.0,5.0,363.0,1
1268,2022-10-23,Brazil,21.0,F,Basic,10.97,800,0,18-25,South America,107,4.458333333333333,698.63,29.109583333333333,8.208333333333334,10,24,2,2.431302507722552,0.0,0.0,0.0,0.0,0.0,0.0,0.0,1
1269,2023-03-26,Spain,30.0,M,Basic,13.83,646,0,26-35,Europe,352,4.693333333333333,2033.46,27.1128,7.12,42,75,0,2.5146776341319783,0.0,0.0,0.0,0.0,0.0,0.0,0.0,1
1270,2022-05-08,Canada,62.0,F,Basic,10.39,968,0,51+,North America,371,4.69620253164557,2461.45,31.157594936708858,8.265822784810126,36,79,1,2.456568538448719,0.0,0.0,0.0,0.0,0.0,0.0,0.0,0
1271,2023-04-25,France,59.0,M,Premium,36.56,616,1,51+,Europe,372,4.65,2514.42,31.43025,7.0,43,80,0,2.4859096595498067,1.0,24.39638888888889,0.0,100.0,1.0,0.0,336.0,1
1272,2023-12-07,UK,67.0,F,Enterprise,105.55,390,1,51+,Europe,80,5.0,614.73,38.420625,8.5,8,16,8,2.6832815729997477,0.0,0.0,0.0,0.0,0.0,0.0,0.0,0
1273,2022-11-08,Mexico,66.0,M,Enterprise,111.51,784,1,51+,North America,217,5.046511627906977,1098.09,25.536976744186045,7.395348837209302,25,43,0,2.3800108880512547,0.0,0.0,0.0,0.0,0.0,0.0,0.0,1
1274,2023-12-18,Australia,37.0,F,Enterprise,110.78,379,1,36-50,Oceania,261,5.22,1334.82,26.696399999999997,7.66,28,50,0,2.6130754419469255,0.0,0.0,0.0,0.0,0.0,0.0,0.0,1
1275,2023-02-17,Mexico,69.0,M,Basic,10.25,683,0,51+,North America,265,5.520833333333333,1538.46,32.05125,7.8125,21,48,1,2.4319642996166553,0.0,0.0,0.0,0.0,0.0,0.0,0.0,0
1276,2022-10-06,USA,30.0,F,Basic,11.6,817,0,26-35,North America,85,4.473684210526316,470.76,24.776842105263157,7.368421052631579,18,19,2,2.2452028132252595,3.0,8.802037037037037,0.0,100.0,1.0,4.0,113.0,1
1277,2023-05-28,UK,34.0,M,Basic,14.96,583,0,26-35,Europe,75,4.411764705882353,414.99,24.411176470588234,7.0588235294117645,10,17,0,2.9592825044555093,4.0,13.926666666666666,0.0,75.0,0.0,5.0,80.0,0
1278,2023-07-07,UK,53.0,F,Basic,11.73,543,0,51+,Europe,225,5.113636363636363,1451.16,32.980909090909094,8.0,17,44,0,2.47983410070493,0.0,0.0,0.0,0.0,0.0,0.0,0.0,1
1279,2023-05-21,UK,50.0,M,Premium,37.6,590,1,36-50,Europe,275,4.824561403508772,1697.66,29.783508771929824,6.666666666666667,26,57,0,2.7846698125473113,0.0,0.0,0.0,0.0,0.0,0.0,0.0,0
1280,2023-03-25,USA,18.0,F,Premium,31.31,647,1,18-25,North America,69,4.928571428571429,426.24,30.445714285714285,6.928571428571429,5,14,4,2.730575755412026,0.0,0.0,0.0,0.0,0.0,0.0,0.0,0
1281,2022-03-24,Canada,32.0,M,Premium,34.53,1013,1,26-35,North America,383,4.974025974025974,2348.22,30.496363636363633,7.688311688311688,44,77,0,2.650590927033888,0.0,0.0,0.0,0.0,0.0,0.0,0.0,0
1282,2023-09-05,Mexico,30.0,M,Premium,31.84,483,1,26-35,North America,168,4.9411764705882355,928.79,27.31735294117647,7.617647058823529,11,34,2,2.4238858917860155,3.0,25.896203703703705,0.0,0.0,0.0,4.0,63.0,1
1283,2022-02-10,Italy,34.0,F,Basic,10.95,1055,0,26-35,Europe,408,4.744186046511628,2361.73,27.461976744186046,6.627906976744186,39,86,0,2.5949545910642375,0.0,0.0,0.0,0.0,0.0,0.0,0.0,0
1284,2024-06-29,Mexico,41.0,M,Basic,10.49,185,0,36-50,North America,111,4.111111111111111,655.72,24.285925925925927,7.37037037037037,19,27,4,2.7362710916828923,0.0,0.0,0.0,0.0,0.0,0.0,0.0,0
1285,2023-03-19,UK,25.0,M,Basic,12.15,653,0,18-25,Europe,127,4.379310344827586,847.9,29.23793103448276,7.793103448275862,14,29,1,2.498768169425091,2.0,12.171666666666669,1.0,50.0,0.0,0.0,63.0,0
1286,2024-01-23,France,67.0,F,Enterprise,107.54,343,1,51+,Europe,164,5.125,877.33,27.4165625,7.59375,13,32,2,2.3520752676128645,0.0,0.0,0.0,0.0,0.0,0.0,0.0,0
1287,2022-11-27,Brazil,44.0,Other,Enterprise,190.97,765,1,36-50,South America,231,3.9827586206896552,1834.45,31.62844827586207,8.327586206896552,31,58,0,2.056153616610349,3.0,39.00763888888889,1.0,100.0,1.0,0.0,237.0,0
1288,2023-09-11,Italy,62.0,F,Basic,12.23,477,0,51+,Europe,380,5.352112676056338,1985.22,27.960845070422536,6.915492957746479,30,71,0,2.6516765130724145,2.0,10.719861111111111,0.0,50.0,1.0,2.5,184.0,0
1289,2022-09-14,France,40.0,M,Basic,14.18,839,0,36-50,Europe,227,5.404761904761905,1282.6,30.538095238095234,7.9523809523809526,16,42,1,2.489583409264307,0.0,0.0,0.0,0.0,0.0,0.0,0.0,0
1290,2022-01-27,USA,63.0,M,Basic,14.89,1069,0,51+,North America,214,5.487179487179487,994.52,25.50051282051282,6.9743589743589745,21,39,0,2.6043667264584576,3.0,14.498194444444447,1.0,66.66666666666666,0.0,5.0,65.0,0
1291,2022-04-04,Spain,25.0,F,Basic,13.38,1002,0,18-25,Europe,103,4.291666666666667,706.71,29.446250000000003,8.75,11,24,2,2.1964233112765035,0.0,0.0,0.0,0.0,0.0,0.0,0.0,1
1292,2022-08-23,Spain,25.0,M,Premium,39.01,861,1,18-25,Europe,50,5.0,272.31,27.231,9.0,8,10,0,2.3570226039551585,0.0,0.0,0.0,0.0,0.0,0.0,0.0,1
1293,2023-11-22,Germany,43.0,F,Basic,10.67,405,0,36-50,Europe,259,4.543859649122807,1755.98,30.80666666666667,7.2631578947368425,29,57,2,2.6190931871178273,0.0,0.0,0.0,0.0,0.0,0.0,0.0,0
1294,2024-05-06,Spain,64.0,M,Basic,14.14,239,0,51+,Europe,412,4.790697674418604,3004.1,34.931395348837206,6.953488372093023,44,86,0,2.670608122285645,4.0,16.272314814814816,1.0,0.0,1.0,3.0,40.0,0
1295,2024-05-31,Mexico,30.0,Other,Basic,11.35,214,0,26-35,North America,411,5.012195121951219,2486.5,30.323170731707318,7.317073170731708,47,82,0,2.6269914371463243,0.0,0.0,0.0,0.0,0.0,0.0,0.0,0
1296,2023-08-13,USA,56.0,F,Enterprise,147.25,506,1,51+,North America,253,5.163265306122449,1152.82,23.526938775510203,8.714285714285714,26,49,4,2.4693701860284656,3.0,13.752777777777776,1.0,33.33333333333333,1.0,2.0,33.0,1
1297,2023-08-25,Brazil,54.0,F,Basic,13.22,494,0,51+,South America,429,5.107142857142857,2436.97,29.011547619047615,7.845238095238095,29,84,0,2.6932215543456013,5.0,14.776875,1.0,40.0,1.0,4.333333333333333,105.0,0
1298,2022-01-22,UK,66.0,M,Premium,39.03,1074,1,51+,Europe,283,5.053571428571429,1719.69,30.708750000000002,7.875,19,56,1,2.5184384978657843,2.0,15.410972222222222,0.0,0.0,0.0,4.0,178.0,0
1299,2024-02-23,USA,45.0,F,Basic,14.54,312,0,36-50,North America,147,5.068965517241379,814.68,28.092413793103447,6.862068965517241,13,29,2,2.6312820677755253,4.0,19.90564814814815,1.0,25.0,1.0,4.333333333333333,59.0,1
1300,2023-11-20,Germany,42.0,M,Basic,10.45,407,0,36-50,Europe,55,4.230769230769231,355.39,27.337692307692308,8.923076923076923,4,13,0,2.27866357593825,4.0,15.703125,0.0,75.0,0.0,4.0,95.0,0
1301,2024-04-21,USA,33.0,F,Basic,11.81,254,0,26-35,North America,298,5.418181818181818,1443.47,26.24490909090909,7.4,22,55,0,2.692175968953636,0.0,0.0,0.0,0.0,0.0,0.0,0.0,0
1302,2022-10-03,France,19.0,Unknown,Premium,37.92,820,1,18-25,Europe,86,4.526315789473684,573.34,30.175789473684212,6.526315789473684,12,19,6,2.2452028132252595,0.0,0.0,0.0,0.0,0.0,0.0,0.0,1
1303,2023-08-14,USA,35.0,M,Premium,37.02,505,1,26-35,North America,240,5.333333333333333,1294.94,28.776444444444447,6.488888888888889,26,45,1,2.4954504056928735,0.0,0.0,0.0,0.0,0.0,0.0,0.0,0
1304,2022-02-11,USA,34.0,M,Basic,10.12,1054,0,26-35,North America,124,4.769230769230769,789.9599999999999,30.38307692307692,7.769230769230769,16,26,6,2.405122737952345,0.0,0.0,0.0,0.0,0.0,0.0,0.0,0
1305,2024-02-21,Germany,47.0,F,Basic,12.24,314,0,36-50,Europe,269,5.173076923076923,1304.09,25.078653846153845,7.634615384615385,16,52,2,2.654785939793203,0.0,0.0,0.0,0.0,0.0,0.0,0.0,0
1306,2024-02-14,USA,56.0,M,Premium,38.28,321,1,51+,North America,238,5.409090909090909,1392.94,31.657727272727275,7.636363636363637,26,44,2,2.51801122906211,4.0,13.815462962962963,1.0,50.0,1.0,4.333333333333333,16.0,0
1307,2022-06-29,Mexico,30.0,F,Premium,37.37,916,1,26-35,North America,184,4.6,1087.37,27.18425,8.4,10,40,4,2.5700443975013747,0.0,0.0,0.0,0.0,0.0,0.0,0.0,0
1308,2023-04-27,UK,49.0,M,Basic,12.05,614,0,36-50,Europe,169,5.121212121212121,1085.34,32.8890909090909,7.818181818181818,13,33,7,2.011802297654639,3.0,8.669444444444444,1.0,66.66666666666666,0.0,5.0,142.0,0
1309,2023-06-16,Spain,67.0,M,Basic,13.67,564,0,51+,Europe,117,4.68,604.31,24.172399999999996,8.68,20,25,0,2.968164415931166,0.0,0.0,0.0,0.0,0.0,0.0,0.0,1
1310,2023-10-30,Spain,46.0,F,Premium,35.5,428,1,36-50,Europe,358,5.042253521126761,2263.81,31.884647887323943,7.605633802816901,31,71,2,2.4403548905746706,0.0,0.0,0.0,0.0,0.0,0.0,0.0,0
1311,2023-03-29,USA,63.0,F,Basic,14.55,643,0,51+,North America,431,4.842696629213483,2555.38,28.712134831460677,7.47191011235955,47,89,0,2.6194156027828313,1.0,0.0,1.0,0.0,0.0,0.0,131.0,0
1312,2022-10-12,Germany,47.0,M,Enterprise,158.7,811,1,36-50,Europe,424,4.818181818181818,2541.5299999999997,28.881022727272725,7.681818181818182,41,88,0,2.4660707009723706,0.0,0.0,0.0,0.0,0.0,0.0,0.0,1
1313,2022-07-05,USA,35.0,F,Premium,34.0,910,1,26-35,North America,50,4.545454545454546,393.36,35.76,5.363636363636363,10,11,12,3.012096823265692,0.0,0.0,0.0,0.0,0.0,0.0,0.0,0
1314,2023-08-23,UK,30.0,F,Basic,14.3,496,0,26-35,Europe,139,5.791666666666667,743.95,30.99791666666667,7.5,13,24,1,2.2453655975512463,0.0,0.0,0.0,0.0,0.0,0.0,0.0,1
1315,2023-03-23,UK,60.0,F,Premium,30.49,649,1,51+,Europe,103,5.421052631578948,872.48,45.92,8.842105263157896,16,19,2,2.2439001134850556,0.0,0.0,0.0,0.0,0.0,0.0,0.0,0
1316,2023-10-13,USA,38.0,M,Basic,14.49,445,0,36-50,North America,274,5.269230769230769,1498.23,28.812115384615385,6.4423076923076925,25,52,1,2.7448017508708547,0.0,0.0,0.0,0.0,0.0,0.0,0.0,0
1317,2024-04-13,Germany,47.0,M,Premium,36.95,262,1,36-50,Europe,103,5.15,641.84,32.092,7.85,15,20,5,2.888725816360089,3.0,17.941944444444445,0.0,66.66666666666666,1.0,4.0,53.0,0
1318,2023-05-19,USA,38.0,F,Premium,39.4,592,1,36-50,North America,462,5.703703703703703,2490.3,30.744444444444447,8.345679012345679,43,81,0,2.5954019170662397,0.0,0.0,0.0,0.0,0.0,0.0,0.0,0
1319,2022-04-04,Spain,65.0,F,Basic,11.24,1002,0,51+,Europe,208,5.942857142857143,914.21,26.120285714285714,6.857142857142857,22,35,1,2.472708174105006,0.0,0.0,0.0,0.0,0.0,0.0,0.0,0
1320,2023-04-27,Italy,34.0,M,Premium,36.94,614,1,26-35,Europe,160,4.444444444444445,963.78,26.771666666666665,7.583333333333333,21,36,2,2.590581230363393,0.0,0.0,0.0,0.0,0.0,0.0,0.0,1
1321,2022-12-23,UK,57.0,F,Premium,38.08,739,1,51+,Europe,265,5.408163265306122,1771.06,36.14408163265306,7.408163265306122,29,49,0,2.58938833950976,0.0,0.0,0.0,0.0,0.0,0.0,0.0,0
1322,2023-02-23,Brazil,36.0,M,Premium,37.01,677,1,36-50,South America,97,5.388888888888889,574.76,31.93111111111111,8.166666666666666,6,18,13,2.61531437518432,0.0,0.0,0.0,0.0,0.0,0.0,0.0,1
1323,2022-12-08,USA,69.0,M,Basic,11.04,754,0,51+,North America,74,4.625,410.51,25.656875,6.5625,4,16,3,2.526525941551627,0.0,0.0,0.0,0.0,0.0,0.0,0.0,0
1324,2022-11-25,UK,43.5,F,Basic,11.37,767,0,36-50,Europe,371,4.756410256410256,2189.45,28.069871794871794,7.615384615384615,38,78,0,2.7025043577263297,4.0,16.215925925925927,1.0,25.0,1.0,4.5,112.0,0
1325,2023-11-18,Mexico,26.0,F,Premium,35.66,409,1,26-35,North America,393,5.458333333333333,2104.78,29.23305555555556,7.5,34,72,0,2.752399721216399,0.0,0.0,0.0,0.0,0.0,0.0,0.0,1
1326,2022-04-18,Germany,69.0,M,Enterprise,144.67,988,1,51+,Europe,156,4.457142857142857,1031.8,29.48,7.0285714285714285,19,35,1,2.6716689776337224,5.0,20.310625,1.0,60.0,0.0,3.6666666666666665,50.0,0
1327,2024-05-28,Canada,27.0,F,Basic,13.67,217,0,26-35,North America,105,5.526315789473684,493.43,25.97,6.315789473684211,7,19,9,2.5026301953618404,0.0,0.0,0.0,0.0,0.0,0.0,0.0,0
1328,2022-06-14,UK,61.0,F,Basic,11.88,931,0,51+,Europe,199,5.378378378378378,1123.29,30.359189189189188,6.702702702702703,22,37,1,2.7421742321594955,0.0,0.0,0.0,0.0,0.0,0.0,0.0,0
1329,2022-12-04,Brazil,48.0,F,Basic,14.29,758,0,36-50,South America,67,3.9411764705882355,471.0,27.705882352941178,7.588235294117647,9,17,0,2.609372248149306,0.0,0.0,0.0,0.0,0.0,0.0,0.0,0
1330,2023-02-26,UK,70.0,F,Basic,12.15,674,0,51+,Europe,88,5.176470588235294,523.15,30.773529411764706,7.294117647058823,6,17,0,2.5306939294797943,0.0,0.0,0.0,0.0,0.0,0.0,0.0,0
1331,2023-12-12,France,40.0,M,Premium,30.39,385,1,36-50,Europe,480,5.5813953488372094,2459.94,28.603953488372095,8.488372093023257,50,86,0,2.480346827166906,2.0,0.0,2.0,0.0,0.0,0.0,81.0,1
1332,2023-05-23,USA,69.0,Unknown,Premium,30.16,588,1,51+,North America,291,5.196428571428571,1871.5,33.419642857142854,6.642857142857143,25,56,1,2.3542583688993157,0.0,0.0,0.0,0.0,0.0,0.0,0.0,0
1333,2022-10-23,Brazil,47.0,M,Enterprise,164.66,800,1,36-50,South America,24,4.8,192.03,38.406,6.0,3,5,24,1.7888543819998317,4.0,12.959097222222223,0.0,75.0,0.0,4.333333333333333,51.0,0
1334,2023-11-10,UK,43.5,F,Premium,35.4,417,1,36-50,Europe,372,5.027027027027027,2492.83,33.68689189189189,7.324324324324325,34,74,0,2.6790561258187435,4.0,17.906805555555557,2.0,75.0,0.0,4.0,69.0,0
1335,2023-02-15,Canada,69.0,F,Basic,12.7,685,0,51+,North America,193,5.216216216216216,816.18,22.058918918918916,7.513513513513513,18,37,2,2.7399831217559547,5.0,33.137430555555554,1.0,80.0,1.0,5.0,52.0,0
1336,2024-04-13,Germany,26.0,M,Premium,37.89,262,1,26-35,Europe,82,4.1,491.07,24.5535,7.25,8,20,2,2.425739171122029,0.0,0.0,0.0,0.0,0.0,0.0,0.0,1
1337,2024-02-18,USA,64.0,M,Premium,33.75,317,1,51+,North America,264,5.617021276595745,1372.03,29.192127659574467,7.085106382978723,20,47,1,2.6584826621128936,4.0,27.545555555555556,1.0,50.0,0.0,4.333333333333333,73.0,0
1338,2023-07-18,Mexico,18.0,M,Enterprise,199.53,532,1,18-25,North America,319,4.6911764705882355,2286.98,33.63205882352941,7.220588235294118,28,68,0,2.666863286576357,0.0,0.0,0.0,0.0,0.0,0.0,0.0,0
1339,2022-02-07,UK,61.0,M,Basic,14.72,1058,0,51+,Europe,94,6.266666666666667,371.67,24.778000000000002,6.8,17,15,1,2.313521331732421,2.0,21.23111111111111,0.0,100.0,1.0,3.0,190.0,1
1340,2023-04-11,UK,52.0,F,Basic,10.05,630,0,51+,Europe,61,5.083333333333333,384.03000000000003,32.002500000000005,6.416666666666667,4,12,2,2.7784342658585555,3.0,25.249629629629634,0.0,0.0,0.0,4.0,97.0,1
1341,2022-04-01,USA,28.0,F,Basic,14.47,1005,0,26-35,North America,305,5.545454545454546,1620.01,29.454727272727272,7.709090909090909,27,55,2,2.6723424446380633,3.0,11.960555555555556,0.0,66.66666666666666,0.0,5.0,128.0,0
1342,2022-11-19,Italy,51.0,M,Basic,13.39,773,0,51+,Europe,201,4.674418604651163,1123.63,26.130930232558143,7.534883720930233,22,43,0,2.29617622345704,0.0,0.0,0.0,0.0,0.0,0.0,0.0,0
1343,2022-09-16,UK,33.0,F,Basic,12.5,837,0,26-35,Europe,185,5.138888888888889,894.15,24.8375,7.5,14,36,1,2.996691297107316,5.0,8.786388888888888,2.0,40.0,0.0,3.5,58.0,0
1344,2022-11-28,Canada,26.0,F,Premium,35.82,764,1,26-35,North America,59,4.916666666666667,318.91,26.575833333333335,7.833333333333333,6,12,5,2.429303429280737,5.0,18.70375,1.0,40.0,0.0,5.0,97.0,1
1345,2022-04-29,Italy,49.0,F,Premium,38.41,977,1,36-50,Europe,292,5.0344827586206895,1475.1299999999999,25.433275862068964,7.517241379310345,32,58,0,2.463527048205759,2.0,5.9743055555555555,0.0,100.0,1.0,0.0,140.0,0
1346,2024-03-02,USA,32.0,M,Basic,14.75,304,0,26-35,North America,69,3.8333333333333335,519.44,28.85777777777778,7.166666666666667,7,18,3,2.8748401490088002,1.0,0.0,1.0,0.0,0.0,0.0,132.0,0
1347,2023-02-18,UK,29.0,M,Basic,12.79,682,0,26-35,Europe,73,4.5625,470.28999999999996,29.393124999999998,7.4375,11,16,12,2.1281838892977896,0.0,0.0,0.0,0.0,0.0,0.0,0.0,0
1348,2024-06-04,UK,43.5,Unknown,Enterprise,118.12,210,1,36-50,Europe,35,4.375,255.82999999999998,31.978749999999998,6.375,1,8,7,3.1594529363709247,2.0,11.381666666666668,0.0,100.0,0.0,2.0,178.0,0
1349,2023-06-11,Brazil,62.0,F,Basic,13.19,569,0,51+,South America,380,5.352112676056338,1851.8,26.08169014084507,7.830985915492958,41,71,0,2.4962748907081282,5.0,12.662569444444443,1.0,60.0,2.0,3.0,56.0,1
1350,2024-04-24,UK,31.0,F,Basic,10.37,251,0,26-35,Europe,236,5.0212765957446805,1603.01,34.10659574468085,7.595744680851064,21,47,0,2.7700993680350456,0.0,0.0,0.0,0.0,0.0,0.0,0.0,0
1351,2022-01-02,Brazil,25.0,F,Basic,13.17,1094,0,18-25,South America,316,4.787878787878788,2082.53,31.553484848484853,7.075757575757576,32,66,0,2.575118527609056,0.0,0.0,0.0,0.0,0.0,0.0,0.0,0
1352,2023-11-05,Spain,25.0,M,Basic,14.03,422,0,18-25,Europe,98,4.666666666666667,631.8199999999999,30.086666666666662,9.0,15,21,4,2.74469184669852,0.0,0.0,0.0,0.0,0.0,0.0,0.0,0
1353,2024-06-09,UK,44.0,M,Basic,11.76,205,0,36-50,Europe,149,4.138888888888889,1169.02,32.47277777777778,8.166666666666666,17,36,0,2.3803094370003692,0.0,0.0,0.0,0.0,0.0,0.0,0.0,0
1354,2023-07-10,Spain,29.0,M,Premium,30.7,540,1,26-35,Europe,275,5.392156862745098,1651.03,32.37313725490196,6.7254901960784315,24,51,2,2.7061295709743756,2.0,24.238055555555555,1.0,50.0,0.0,0.0,77.0,0
1355,2023-04-19,Brazil,18.0,Other,Enterprise,169.21,622,1,18-25,South America,164,4.96969696969697,933.63,28.291818181818183,7.424242424242424,17,33,1,2.338333387330179,1.0,15.919444444444444,0.0,100.0,0.0,5.0,354.0,0
1356,2023-02-28,Spain,60.0,M,Premium,33.38,672,1,51+,Europe,230,5.2272727272727275,1182.24,26.86909090909091,8.295454545454545,17,44,1,2.6924842541366485,1.0,7.2011111111111115,0.0,0.0,0.0,3.0,85.0,1
1357,2022-02-25,UK,57.0,M,Basic,11.24,1040,0,51+,Europe,170,5.0,825.29,24.273235294117647,7.882352941176471,17,34,1,2.7524094128159016,0.0,0.0,0.0,0.0,0.0,0.0,0.0,0
1358,2022-07-12,Brazil,59.0,Other,Basic,13.44,903,0,51+,South America,164,4.823529411764706,891.42,26.218235294117648,7.029411764705882,19,34,0,2.367335648966219,4.0,22.601666666666667,2.0,75.0,1.0,5.0,46.0,0
1359,2023-06-15,UK,68.0,F,Enterprise,196.95,565,1,51+,Europe,147,4.2,1013.03,28.943714285714286,7.771428571428571,20,35,2,2.4710083676388424,0.0,0.0,0.0,0.0,0.0,0.0,0.0,0
1360,2023-01-06,Australia,28.0,F,Premium,37.44,725,1,26-35,Oceania,270,5.4,1749.79,34.9958,7.58,30,50,3,2.733018067101284,0.0,0.0,0.0,0.0,0.0,0.0,0.0,0
1361,2023-09-30,Brazil,56.0,M,Basic,12.45,458,0,51+,South America,270,5.4,1544.6499999999999,30.892999999999997,8.22,30,50,2,2.5314350209527645,0.0,0.0,0.0,0.0,0.0,0.0,0.0,0
1362,2024-02-14,USA,60.0,F,Basic,12.99,321,0,51+,North America,229,4.770833333333333,1131.56,23.574166666666667,7.666666666666667,21,48,0,2.8526925193453776,0.0,0.0,0.0,0.0,0.0,0.0,0.0,0
1363,2023-05-26,Canada,48.0,M,Premium,31.41,585,1,36-50,North America,278,5.346153846153846,1469.61,28.261730769230766,6.615384615384615,20,52,3,2.8067468810526255,0.0,0.0,0.0,0.0,0.0,0.0,0.0,0
1364,2023-10-03,USA,34.0,F,Basic,14.06,455,0,26-35,North America,99,3.6666666666666665,873.95,32.36851851851852,6.925925925925926,16,27,4,2.3696802770383636,0.0,0.0,0.0,0.0,0.0,0.0,0.0,0
1365,2023-03-29,USA,43.5,M,Basic,13.01,643,0,36-50,North America,102,6.375,448.15,28.009375,6.25,5,16,2,2.753785273643051,3.0,20.010555555555555,1.0,33.33333333333333,1.0,1.0,18.0,0
1366,2024-02-18,UK,49.0,M,Basic,14.82,317,0,36-50,Europe,181,4.414634146341464,1364.47,33.27975609756098,6.926829268292683,17,41,4,2.4594268616498596,0.0,0.0,0.0,0.0,0.0,0.0,0.0,0
1367,2022-02-22,UK,43.5,F,Basic,14.89,1043,0,36-50,Europe,225,4.787234042553192,1471.93,31.317659574468088,7.702127659574468,13,47,3,2.518938442839743,0.0,0.0,0.0,0.0,0.0,0.0,0.0,0
1368,2022-07-28,Italy,38.0,Unknown,Basic,11.76,887,0,36-50,Europe,45,6.428571428571429,239.28,34.182857142857145,9.285714285714286,4,7,15,1.2724180205607034,0.0,0.0,0.0,0.0,0.0,0.0,0.0,0
1369,2022-10-01,Canada,38.0,F,Basic,14.93,822,0,36-50,North America,252,5.25,1524.65,31.76354166666667,7.541666666666667,20,48,0,2.763747070978172,4.0,18.935625,0.0,50.0,1.0,3.6666666666666665,52.0,1
1370,2023-07-17,Canada,57.0,M,Basic,14.77,533,0,51+,North America,391,5.144736842105263,1723.82,22.681842105263158,7.381578947368421,37,76,0,2.512390348484466,0.0,0.0,0.0,0.0,0.0,0.0,0.0,0
1371,2022-05-15,UK,40.0,M,Premium,36.39,961,1,36-50,Europe,411,4.77906976744186,2841.93,33.045697674418605,7.604651162790698,32,86,0,2.4705377494678817,0.0,0.0,0.0,0.0,0.0,0.0,0.0,0
1372,2022-10-22,UK,23.0,F,Premium,33.32,801,1,18-25,Europe,101,5.05,499.03,24.9515,8.35,8,20,1,2.480980281641661,0.0,0.0,0.0,0.0,0.0,0.0,0.0,0
1373,2023-03-25,Canada,43.5,F,Basic,13.76,647,0,36-50,North America,470,5.402298850574713,2268.78,26.07793103448276,7.195402298850575,43,87,0,2.4705698905451814,1.0,0.0,1.0,100.0,0.0,0.0,78.0,0
1374,2024-06-20,Mexico,67.0,Other,Enterprise,127.11,194,1,51+,North America,121,7.117647058823529,292.91,17.23,9.058823529411764,8,17,0,2.3686059439356004,0.0,0.0,0.0,0.0,0.0,0.0,0.0,0
1375,2023-12-17,Italy,55.0,F,Basic,13.14,380,0,51+,Europe,281,5.30188679245283,1730.54,32.651698113207544,8.226415094339623,27,53,1,2.8051114447926704,3.0,9.908611111111112,0.0,66.66666666666666,0.0,3.6666666666666665,28.0,0
1376,2023-05-12,Spain,54.0,F,Basic,10.11,599,0,51+,Europe,394,5.324324324324325,1923.95,25.999324324324323,6.783783783783784,41,74,0,2.5701559470201336,0.0,0.0,0.0,0.0,0.0,0.0,0.0,0
1377,2022-05-05,UK,62.0,F,Basic,13.13,971,0,51+,Europe,201,4.674418604651163,1534.11,35.67697674418604,7.372093023255814,17,43,3,2.5328407751034363,0.0,0.0,0.0,0.0,0.0,0.0,0.0,0
1378,2022-01-30,UK,68.0,M,Premium,39.51,1066,1,51+,Europe,104,4.7272727272727275,675.69,30.71318181818182,7.863636363636363,14,22,1,2.8314865384310086,1.0,2.9141666666666666,0.0,0.0,0.0,5.0,30.0,0
1379,2023-10-08,Spain,25.0,M,Basic,11.17,450,0,18-25,Europe,244,5.191489361702128,1552.02,33.02170212765957,7.212765957446808,27,47,8,2.9387833764297793,0.0,0.0,0.0,0.0,0.0,0.0,0.0,0
1380,2023-09-16,Germany,58.0,M,Basic,13.88,472,0,51+,Europe,252,5.04,1362.45,27.249000000000002,8.08,24,50,0,2.3729771191824134,0.0,0.0,0.0,0.0,0.0,0.0,0.0,0
1381,2024-03-29,Italy,66.0,M,Premium,32.92,277,1,51+,Europe,245,5.444444444444445,1425.43,31.676222222222222,7.022222222222222,24,45,5,2.62466929133727,0.0,0.0,0.0,0.0,0.0,0.0,0.0,0
1382,2022-09-03,Mexico,52.0,F,Basic,13.53,850,0,51+,North America,175,4.487179487179487,1168.46,29.96051282051282,8.025641025641026,12,39,0,2.315528754799861,4.0,10.34175925925926,1.0,50.0,0.0,3.5,20.0,1
1383,2023-12-28,Canada,68.0,F,Premium,36.99,369,1,51+,North America,126,5.478260869565218,635.45,27.62826086956522,6.391304347826087,12,23,0,2.573811556593403,0.0,0.0,0.0,0.0,0.0,0.0,0.0,0
1384,2022-06-12,Australia,28.0,F,Premium,31.84,933,1,26-35,Oceania,206,4.790697674418604,1269.86,29.53162790697674,7.3023255813953485,18,43,0,2.6953057917766845,0.0,0.0,0.0,0.0,0.0,0.0,0.0,0
1385,2022-11-15,Italy,41.0,M,Enterprise,159.7,777,1,36-50,Europe,240,5.217391304347826,1536.93,33.411521739130436,8.195652173913043,27,46,0,2.6908325310477665,0.0,0.0,0.0,0.0,0.0,0.0,0.0,0
1386,2023-07-19,Brazil,66.0,M,Basic,14.29,531,0,51+,South America,128,5.12,870.97,34.8388,7.04,7,25,3,2.818391976523729,0.0,0.0,0.0,0.0,0.0,0.0,0.0,0
1387,2022-01-15,Spain,38.0,M,Basic,11.9,1081,0,36-50,Europe,107,5.095238095238095,645.23,30.725238095238097,7.0,7,21,2,2.700088181981505,0.0,0.0,0.0,0.0,0.0,0.0,0.0,0
1388,2023-07-20,Mexico,68.0,F,Enterprise,171.02,530,1,51+,North America,129,5.16,725.4300000000001,29.017200000000003,7.24,8,25,0,2.9676028485406647,5.0,13.609555555555556,0.0,40.0,0.0,3.75,60.0,0
1389,2023-02-22,USA,19.0,M,Premium,36.73,678,1,18-25,North America,144,4.114285714285714,950.66,27.161714285714286,8.0,19,35,1,2.48254410033015,4.0,9.663703703703705,1.0,50.0,0.0,4.5,123.0,0
1390,2022-04-06,France,57.0,F,Premium,32.57,1000,1,51+,Europe,137,4.892857142857143,685.74,24.490714285714287,7.714285714285714,18,28,21,2.9355961690472467,1.0,8.577222222222222,0.0,100.0,0.0,0.0,334.0,0
1391,2022-08-19,USA,36.0,M,Basic,14.58,865,0,36-50,North America,172,4.914285714285715,830.16,23.718857142857143,7.314285714285714,19,35,1,2.758638075865235,0.0,0.0,0.0,0.0,0.0,0.0,0.0,0
1392,2024-05-11,Spain,56.0,M,Basic,12.81,234,0,51+,Europe,55,5.0,216.0,19.636363636363637,6.545454545454546,12,11,10,2.7202941017470885,5.0,8.827777777777778,3.0,80.0,1.0,3.0,63.0,0
1393,2022-04-27,Australia,45.0,F,Basic,11.77,979,0,36-50,Oceania,30,5.0,88.71,14.784999999999998,8.833333333333334,4,6,11,2.0,0.0,0.0,0.0,0.0,0.0,0.0,0.0,1
1394,2023-04-18,Canada,34.0,F,Basic,10.81,623,0,26-35,North America,57,5.7,270.98,27.098000000000003,8.7,6,10,0,2.4517567397911053,0.0,0.0,0.0,0.0,0.0,0.0,0.0,0
1395,2022-05-01,Australia,23.0,M,Basic,12.36,975,0,18-25,Oceania,156,5.2,1076.04,35.868,6.633333333333334,12,30,5,2.7088615753638576,0.0,0.0,0.0,0.0,0.0,0.0,0.0,0
1396,2023-10-26,Australia,36.0,F,Basic,13.64,432,0,36-50,Oceania,129,4.961538461538462,748.65,28.79423076923077,8.73076923076923,16,26,0,2.64546055318569,0.0,0.0,0.0,0.0,0.0,0.0,0.0,1
1397,2024-05-02,UK,55.0,Other,Basic,13.11,243,0,51+,Europe,27,4.5,134.95,22.491666666666664,3.8333333333333335,2,6,16,2.8106938645110393,4.0,11.57314814814815,1.0,75.0,1.0,3.0,23.0,0
1398,2022-06-07,UK,45.0,Other,Basic,13.63,938,0,36-50,Europe,111,4.826086956521739,904.62,39.331304347826084,7.391304347826087,12,23,2,2.673985345595315,0.0,0.0,0.0,0.0,0.0,0.0,0.0,0
1399,2023-05-26,UK,19.0,F,Basic,13.95,585,0,18-25,Europe,239,4.686274509803922,1508.68,29.581960784313726,7.803921568627451,21,51,0,2.5178577885053905,0.0,0.0,0.0,0.0,0.0,0.0,0.0,0
1400,2024-01-04,Spain,55.0,F,Basic,12.2,362,0,51+,Europe,133,4.75,1014.98,36.24928571428571,6.928571428571429,10,28,2,2.4888640871780137,0.0,0.0,0.0,0.0,0.0,0.0,0.0,0
1401,2022-10-26,UK,54.0,M,Basic,12.59,797,0,51+,Europe,127,5.521739130434782,638.88,27.777391304347827,7.130434782608695,18,23,2,2.447068101318416,1.0,43.44111111111111,0.0,100.0,0.0,0.0,168.0,1
1402,2023-06-06,Spain,68.0,F,Basic,14.92,574,0,51+,Europe,252,4.9411764705882355,1553.63,30.463333333333335,7.705882352941177,18,51,0,2.469103195136909,5.0,14.767222222222221,0.0,60.0,1.0,3.75,9.0,0
1403,2023-12-24,Italy,69.0,M,Basic,14.83,373,0,51+,Europe,147,4.323529411764706,1049.32,30.862352941176468,8.235294117647058,21,34,1,2.458388092685988,3.0,15.223796296296298,0.0,33.33333333333333,0.0,4.5,98.0,0
1404,2022-10-07,USA,21.0,Other,Basic,12.06,816,0,18-25,North America,61,5.083333333333333,294.85,24.570833333333336,8.416666666666666,3,12,19,2.274696116900546,2.0,13.624444444444444,1.0,50.0,0.0,0.0,251.0,1
1405,2023-03-02,Australia,39.0,M,Premium,36.84,670,1,36-50,Oceania,101,5.9411764705882355,445.77,26.22176470588235,7.588235294117647,7,17,1,2.7034835914818798,0.0,0.0,0.0,0.0,0.0,0.0,0.0,0
1406,2024-05-04,Italy,43.0,M,Basic,11.33,241,0,36-50,Europe,272,5.230769230769231,1930.63,37.127500000000005,7.0,29,52,0,2.616803802691327,0.0,0.0,0.0,0.0,0.0,0.0,0.0,0
1407,2023-05-10,France,66.0,F,Premium,31.52,601,1,51+,Europe,378,5.478260869565218,2083.85,30.20072463768116,7.420289855072464,32,69,1,2.410813236308042,3.0,10.791018518518518,0.0,66.66666666666666,1.0,4.5,21.0,1
1408,2023-04-29,UK,60.0,M,Premium,37.67,612,1,51+,Europe,26,4.333333333333333,274.93,45.821666666666665,10.0,3,6,2,1.632993161855452,0.0,0.0,0.0,0.0,0.0,0.0,0.0,1
1409,2022-09-07,USA,53.0,M,Premium,34.35,846,1,51+,North America,118,4.72,888.79,35.5516,7.8,12,25,2,2.4919871588754225,3.0,6.3036111111111115,1.0,33.33333333333333,1.0,3.5,45.0,1
1410,2023-04-13,Brazil,30.0,F,Basic,10.88,628,0,26-35,South America,246,4.6415094339622645,1343.08,25.341132075471698,6.867924528301887,23,53,0,2.458066310229692,2.0,10.924027777777779,0.0,50.0,0.0,5.0,11.0,1
1411,2023-07-19,Mexico,69.0,F,Basic,13.78,531,0,51+,North America,167,4.638888888888889,1199.29,33.31361111111111,7.138888888888889,17,36,1,2.474472847500225,4.0,15.144791666666666,0.0,50.0,1.0,3.6666666666666665,5.0,0
1412,2022-05-29,Spain,49.0,F,Premium,39.14,947,1,36-50,Europe,80,5.0,482.99,30.186875,8.0625,9,16,11,2.503331114069145,5.0,17.863611111111112,2.0,80.0,0.0,0.0,142.0,0
1413,2023-01-28,France,34.0,M,Enterprise,193.32,703,1,26-35,Europe,331,4.797101449275362,2121.53,30.746811594202903,7.434782608695652,49,69,0,2.720184412784673,0.0,0.0,0.0,0.0,0.0,0.0,0.0,0
1414,2022-07-15,UK,58.0,F,Enterprise,159.62,900,1,51+,Europe,411,4.951807228915663,2878.72,34.6833734939759,8.120481927710843,38,83,0,2.493423615882345,4.0,11.476759259259259,1.0,0.0,0.0,5.0,7.0,0
1415,2023-09-06,Canada,53.0,Unknown,Basic,12.39,482,0,51+,North America,147,4.454545454545454,814.38,24.67818181818182,7.0,12,33,1,2.693637284079246,0.0,0.0,0.0,0.0,0.0,0.0,0.0,0
1416,2023-06-05,Germany,63.0,M,Premium,31.41,575,1,51+,Europe,342,5.428571428571429,1721.85,27.33095238095238,7.698412698412699,33,63,0,2.922185912448495,3.0,14.298796296296295,0.0,66.66666666666666,0.0,4.0,111.0,0
1417,2024-02-04,USA,36.0,F,Premium,37.92,331,1,36-50,North America,120,6.0,442.87,22.1435,7.4,9,20,1,2.6556791182195503,5.0,29.987222222222226,4.0,40.0,0.0,0.0,192.0,0
1418,2024-06-19,Mexico,52.0,F,Premium,39.44,195,1,51+,North America,269,4.981481481481482,1430.36,26.488148148148145,8.12962962962963,24,54,4,2.7299232191894083,0.0,0.0,0.0,0.0,0.0,0.0,0.0,0
1419,2022-05-20,UK,63.0,F,Basic,14.44,956,0,51+,Europe,87,4.578947368421052,650.2,34.22105263157895,5.2105263157894735,5,19,4,2.268523491262402,4.0,24.053472222222222,0.0,50.0,1.0,3.25,10.0,0
1420,2024-06-03,UK,57.0,F,Basic,13.75,211,0,51+,Europe,141,5.64,732.56,29.3024,7.96,8,25,0,2.5475478405713994,0.0,0.0,0.0,0.0,0.0,0.0,0.0,0
1421,2022-03-13,Italy,45.0,M,Basic,10.01,1024,0,36-50,Europe,390,5.064935064935065,2559.17,33.23597402597402,6.792207792207792,25,77,0,2.4297371654350552,3.0,26.869583333333335,1.0,33.33333333333333,1.0,4.0,69.0,1
1422,2022-10-10,Mexico,18.0,F,Basic,12.03,813,0,18-25,North America,53,4.416666666666667,228.10999999999999,19.009166666666665,8.666666666666666,3,12,4,2.5030284687057627,1.0,9.219722222222222,0.0,0.0,0.0,5.0,243.0,1
1423,2024-03-02,UK,59.0,M,Premium,34.1,304,1,51+,Europe,78,4.105263157894737,630.25,33.171052631578945,8.105263157894736,12,19,0,2.5797230006793206,5.0,15.477152777777778,1.0,40.0,0.0,4.5,86.0,0
1424,2024-03-19,UK,35.0,F,Enterprise,189.43,287,1,26-35,Europe,317,5.4655172413793105,1671.7,28.82241379310345,7.862068965517241,21,58,0,2.5146275036580783,4.0,31.29444444444444,1.0,50.0,0.0,0.0,70.0,0
1425,2024-05-24,Germany,65.0,F,Premium,30.65,221,1,51+,Europe,325,5.701754385964913,1617.2,28.371929824561406,7.982456140350878,26,57,1,2.685708953228855,0.0,0.0,0.0,0.0,0.0,0.0,0.0,1
1426,2023-03-01,France,57.0,F,Basic,12.65,671,0,51+,Europe,218,5.317073170731708,1183.99,28.87780487804878,7.829268292682927,14,41,4,2.3069354606300094,3.0,28.856944444444444,1.0,33.33333333333333,1.0,3.5,74.0,1
1427,2022-12-15,USA,50.0,F,Premium,31.35,747,1,36-50,North America,372,4.769230769230769,2219.4,28.453846153846154,8.0,36,78,0,2.748898607887085,3.0,6.003194444444444,1.0,100.0,0.0,5.0,6.0,0
1428,2024-03-17,UK,29.0,F,Basic,13.3,289,0,26-35,Europe,230,4.6,1440.52,28.8104,7.54,23,50,0,2.7627256579733888,0.0,0.0,0.0,0.0,0.0,0.0,0.0,1
1429,2023-06-04,Germany,25.0,F,Premium,37.91,576,1,18-25,Europe,140,4.827586206896552,757.3,26.113793103448273,7.103448275862069,13,29,0,2.3614306425984557,0.0,0.0,0.0,0.0,0.0,0.0,0.0,0
1430,2022-10-01,USA,41.0,M,Premium,36.41,822,1,36-50,North America,210,4.883720930232558,1342.87,31.229534883720927,8.13953488372093,21,43,2,2.5931163667861785,5.0,18.377277777777778,0.0,60.0,0.0,4.6,28.0,0
1431,2024-04-20,Spain,33.0,M,Basic,13.96,255,0,26-35,Europe,274,4.6440677966101696,1801.66,30.536610169491528,7.491525423728813,30,59,0,2.765319161379006,5.0,9.546722222222222,0.0,40.0,2.0,4.333333333333333,39.0,0
1432,2022-01-03,UK,67.0,F,Basic,13.03,1093,0,51+,Europe,431,5.192771084337349,2571.0,30.97590361445783,7.373493975903615,48,83,0,2.4814326670504094,3.0,11.175185185185185,0.0,66.66666666666666,1.0,3.0,17.0,0
1433,2022-10-17,France,21.0,F,Basic,10.94,806,0,18-25,Europe,216,5.142857142857143,1259.43,29.986428571428572,7.642857142857143,19,42,0,2.8929808120853613,2.0,16.687916666666666,0.0,50.0,0.0,5.0,44.0,0
1434,2024-01-14,UK,43.5,M,Basic,11.9,352,0,36-50,Europe,358,5.188405797101449,2090.46,30.296521739130434,7.869565217391305,35,69,3,2.602461291562959,0.0,0.0,0.0,0.0,0.0,0.0,0.0,1
1435,2022-11-02,France,61.0,M,Premium,39.56,790,1,51+,Europe,237,5.511627906976744,1203.49,27.98813953488372,7.348837209302325,26,43,0,2.462790645388313,0.0,0.0,0.0,0.0,0.0,0.0,0.0,0
1436,2024-05-07,Italy,44.0,M,Basic,11.43,238,0,36-50,Europe,77,4.529411764705882,424.07,24.94529411764706,7.588235294117647,15,17,1,2.294494689981422,0.0,0.0,0.0,0.0,0.0,0.0,0.0,0
1437,2023-08-25,UK,26.0,F,Basic,10.3,494,0,26-35,Europe,175,5.0,1194.56,34.13028571428571,7.828571428571428,10,35,2,2.4614677591656093,2.0,18.08,1.0,0.0,1.0,5.0,140.0,1
1438,2023-08-17,France,64.0,M,Basic,11.91,502,0,51+,Europe,196,4.558139534883721,1479.99,34.41837209302326,8.209302325581396,19,43,0,2.797127145086675,0.0,0.0,0.0,0.0,0.0,0.0,0.0,0
1439,2023-11-07,UK,33.0,M,Premium,33.65,420,1,26-35,Europe,146,4.709677419354839,852.3,27.493548387096773,6.645161290322581,18,31,4,2.6101538701399294,5.0,25.328555555555557,0.0,60.0,1.0,4.0,5.0,0
1440,2023-05-17,Italy,29.0,F,Basic,12.34,594,0,26-35,Europe,455,5.290697674418604,2533.05,29.45406976744186,7.825581395348837,33,86,0,2.588964267445995,2.0,10.783888888888889,0.0,50.0,0.0,5.0,96.0,0
1441,2024-06-05,France,48.0,F,Basic,12.79,209,0,36-50,Europe,258,4.777777777777778,1582.19,29.299814814814816,8.0,25,54,2,2.6540582429993327,0.0,0.0,0.0,0.0,0.0,0.0,0.0,0
1442,2022-06-02,USA,41.0,M,Premium,39.91,943,1,36-50,North America,175,5.147058823529412,919.24,27.036470588235293,7.588235294117647,12,34,0,2.5000891249710624,0.0,0.0,0.0,0.0,0.0,0.0,0.0,1
1443,2023-04-03,UK,31.0,M,Basic,13.77,638,0,26-35,Europe,208,5.333333333333333,1093.96,28.050256410256413,8.333333333333334,13,39,0,2.9941463358863665,0.0,0.0,0.0,0.0,0.0,0.0,0.0,1
1444,2023-07-06,France,62.0,F,Basic,10.17,544,0,51+,Europe,144,4.8,959.0,31.966666666666665,9.066666666666666,18,30,4,2.6182384180576657,0.0,0.0,0.0,0.0,0.0,0.0,0.0,0
1445,2023-05-11,Italy,42.0,M,Premium,37.12,600,1,36-50,Europe,69,5.3076923076923075,298.73,22.97923076923077,7.230769230769231,2,13,3,2.626296993379823,2.0,17.87472222222222,1.0,100.0,1.0,4.0,32.0,0
1446,2022-12-20,Canada,51.0,Other,Basic,14.11,742,0,51+,North America,97,5.388888888888889,536.52,29.806666666666665,6.666666666666667,10,18,1,2.872565749800708,0.0,0.0,0.0,0.0,0.0,0.0,0.0,1
1447,2022-12-07,UK,20.0,F,Premium,38.95,755,1,18-25,Europe,324,5.225806451612903,1757.17,28.341451612903228,7.516129032258065,32,62,0,2.5505984822512957,3.0,8.703888888888887,1.0,66.66666666666666,0.0,0.0,96.0,0
1448,2023-07-20,USA,41.0,M,Basic,12.11,530,0,36-50,North America,280,5.185185185185185,1855.78,34.3662962962963,8.148148148148149,28,54,1,2.555601129846111,0.0,0.0,0.0,0.0,0.0,0.0,0.0,1
1449,2024-02-21,Germany,43.5,F,Basic,11.56,314,0,36-50,Europe,201,4.674418604651163,1197.95,27.859302325581396,7.116279069767442,19,43,2,2.6251614937403476,0.0,0.0,0.0,0.0,0.0,0.0,0.0,0
1450,2023-07-11,USA,26.0,M,Basic,14.19,539,0,26-35,North America,114,4.384615384615385,779.5,29.98076923076923,6.8076923076923075,7,26,1,3.0473191244360747,3.0,21.705648148148146,0.0,33.33333333333333,0.0,4.0,244.0,0
1451,2023-01-22,Canada,43.0,M,Premium,37.77,709,1,36-50,North America,329,5.39344262295082,1717.07,28.148688524590163,7.39344262295082,23,61,0,2.8476814459286586,0.0,0.0,0.0,0.0,0.0,0.0,0.0,0
1452,2023-04-12,USA,37.0,F,Basic,12.67,629,0,36-50,North America,209,5.225,1138.21,28.45525,7.2,22,40,6,2.281334517226086,0.0,0.0,0.0,0.0,0.0,0.0,0.0,0
1453,2022-11-26,Canada,57.0,F,Basic,10.58,766,0,51+,North America,171,4.75,981.36,27.26,7.083333333333333,15,36,1,2.611786471254603,0.0,0.0,0.0,0.0,0.0,0.0,0.0,1
1454,2024-06-09,USA,27.0,M,Basic,13.25,205,0,26-35,North America,384,5.052631578947368,2108.19,27.73934210526316,7.578947368421052,36,76,0,2.6727999642926528,0.0,0.0,0.0,0.0,0.0,0.0,0.0,0
1455,2022-07-13,Canada,36.0,M,Basic,10.32,902,0,36-50,North America,135,4.655172413793103,1002.67,34.574827586206894,6.793103448275862,14,29,4,2.8065721602411005,0.0,0.0,0.0,0.0,0.0,0.0,0.0,1
1456,2023-12-16,Canada,20.0,M,Premium,30.99,381,1,18-25,North America,250,5.319148936170213,1405.63,29.907021276595746,7.808510638297872,24,47,2,2.69545820077374,0.0,0.0,0.0,0.0,0.0,0.0,0.0,0
1457,2022-09-02,Australia,41.0,M,Enterprise,133.1,851,1,36-50,Oceania,272,5.666666666666667,1488.67,31.013958333333335,7.708333333333333,18,48,0,2.4436921257952604,0.0,0.0,0.0,0.0,0.0,0.0,0.0,0
1458,2023-08-09,Canada,22.0,F,Premium,33.7,510,1,18-25,North America,68,4.857142857142857,364.01,26.000714285714285,7.5,14,14,4,2.6269942712345036,3.0,10.069814814814814,0.0,33.33333333333333,0.0,5.0,101.0,0
1459,2023-01-28,USA,20.0,M,Basic,12.3,703,0,18-25,North America,58,5.8,304.07,30.407,6.7,7,10,0,2.859681411936962,3.0,11.684166666666666,2.0,66.66666666666666,1.0,5.0,46.0,0
1460,2022-08-28,UK,44.0,Other,Basic,11.69,856,0,36-50,Europe,116,4.461538461538462,732.34,28.166923076923077,7.038461538461538,14,26,0,2.745625891934576,0.0,0.0,0.0,0.0,0.0,0.0,0.0,0
1461,2024-05-26,Spain,33.0,M,Premium,30.33,219,1,26-35,Europe,466,5.295454545454546,2541.52,28.88090909090909,7.579545454545454,40,88,0,2.5782427006000606,0.0,0.0,0.0,0.0,0.0,0.0,0.0,0
1462,2024-03-05,France,66.0,F,Enterprise,115.73,301,1,51+,Europe,166,5.03030303030303,911.3100000000001,27.615454545454547,7.0606060606060606,23,33,1,2.8666710711735024,0.0,0.0,0.0,0.0,0.0,0.0,0.0,0
1463,2023-02-25,Germany,32.0,Unknown,Basic,10.57,675,0,26-35,Europe,83,5.533333333333333,510.24,34.016,6.6,9,15,0,2.722044049886741,0.0,0.0,0.0,0.0,0.0,0.0,0.0,1
1464,2022-02-14,UK,52.0,F,Basic,12.15,1051,0,51+,Europe,342,4.956521739130435,1838.39,26.643333333333334,7.521739130434782,34,69,0,2.4759714825919734,0.0,0.0,0.0,0.0,0.0,0.0,0.0,0
1465,2022-11-22,UK,29.0,M,Basic,11.05,770,0,26-35,Europe,159,5.129032258064516,863.71,27.861612903225808,6.935483870967742,15,31,1,2.9182407426835204,2.0,42.79166666666667,0.0,0.0,0.0,5.0,149.0,0
1466,2024-02-02,UK,58.0,M,Basic,11.46,333,0,51+,Europe,70,5.384615384615385,372.91,28.685384615384617,7.230769230769231,5,13,4,2.5670495884855034,5.0,16.836722222222225,0.0,100.0,0.0,5.0,53.0,1
1467,2023-04-30,Spain,70.0,M,Basic,12.35,611,0,51+,Europe,21,4.2,208.18,41.636,5.4,4,5,12,1.9235384061671346,4.0,18.434305555555557,2.0,75.0,2.0,0.0,17.0,0
1468,2023-12-24,USA,61.0,Other,Enterprise,123.55,373,1,51+,North America,222,5.045454545454546,1489.19,33.84522727272727,7.840909090909091,29,44,1,2.6054910304036247,1.0,5.470833333333333,0.0,100.0,0.0,0.0,307.0,0
1469,2024-04-10,USA,43.0,F,Basic,11.22,265,0,36-50,North America,356,4.8108108108108105,2419.36,32.69405405405406,7.45945945945946,50,74,0,2.5302318680672125,1.0,6.203888888888889,0.0,0.0,0.0,5.0,240.0,1
1470,2023-01-26,Brazil,64.0,F,Basic,14.16,705,0,51+,South America,236,5.0212765957446805,1339.98,28.510212765957448,6.957446808510638,25,47,0,2.6579606574617025,0.0,0.0,0.0,0.0,0.0,0.0,0.0,0
1471,2023-01-31,Canada,51.0,F,Basic,12.73,700,0,51+,North America,128,5.818181818181818,580.63,26.392272727272726,9.363636363636363,9,22,1,2.85584386055053,4.0,17.23361111111111,3.0,25.0,1.0,4.0,48.0,0
1472,2023-11-11,UK,40.0,M,Enterprise,185.67,416,1,36-50,Europe,412,4.681818181818182,2491.84,28.316363636363636,7.4772727272727275,41,88,0,2.557591604837818,0.0,0.0,0.0,0.0,0.0,0.0,0.0,0
1473,2024-03-22,Italy,48.0,F,Basic,12.56,284,0,36-50,Europe,176,4.093023255813954,1270.56,29.547906976744184,7.023255813953488,25,43,0,2.5802727198825512,3.0,21.40972222222222,2.0,33.33333333333333,0.0,5.0,215.0,0
1474,2024-04-20,Australia,67.0,Other,Basic,14.54,255,0,51+,Oceania,385,5.347222222222222,2115.46,29.38138888888889,7.333333333333333,34,72,2,2.5846770698784702,0.0,0.0,0.0,0.0,0.0,0.0,0.0,1
1475,2023-10-30,USA,37.0,M,Basic,11.26,428,0,36-50,North America,172,4.648648648648648,973.04,26.298378378378377,6.972972972972973,19,37,1,2.6375095177944776,0.0,0.0,0.0,0.0,0.0,0.0,0.0,1
1476,2022-06-05,UK,43.5,M,Basic,13.07,940,0,36-50,Europe,263,5.26,1574.89,31.4978,6.38,18,50,5,2.6171334996713567,0.0,0.0,0.0,0.0,0.0,0.0,0.0,0
1477,2023-05-23,USA,40.0,F,Premium,35.02,588,1,36-50,North America,210,4.7727272727272725,1342.75,30.517045454545453,7.318181818181818,23,44,0,2.657710470902705,0.0,0.0,0.0,0.0,0.0,0.0,0.0,0
1478,2022-02-07,Germany,21.0,M,Basic,14.58,1058,0,18-25,Europe,172,5.212121212121212,1024.22,31.0369696969697,7.424242424242424,14,33,0,2.7358451134610093,1.0,6.59,0.0,0.0,0.0,2.0,85.0,0
1479,2022-05-10,USA,40.0,M,Basic,12.08,966,0,36-50,North America,60,5.0,361.27000000000004,30.105833333333337,7.583333333333333,8,12,5,2.860387767736777,0.0,0.0,0.0,0.0,0.0,0.0,0.0,1
1480,2023-05-30,UK,65.0,F,Premium,38.54,581,1,51+,Europe,91,5.352941176470588,460.59,27.093529411764706,7.352941176470588,13,17,1,2.316818305095056,0.0,0.0,0.0,0.0,0.0,0.0,0.0,1
1481,2023-08-28,France,65.0,F,Basic,12.81,491,0,51+,Europe,260,4.814814814814815,1670.73,30.939444444444444,7.222222222222222,29,54,2,2.419060117453027,0.0,0.0,0.0,0.0,0.0,0.0,0.0,1
1482,2022-12-06,USA,18.0,M,Basic,13.53,756,0,18-25,North America,248,4.769230769230769,1503.58,28.915,8.173076923076923,21,52,0,2.5407686394149884,0.0,0.0,0.0,0.0,0.0,0.0,0.0,0
1483,2024-06-09,UK,42.0,M,Enterprise,188.68,205,1,36-50,Europe,240,4.8,1353.54,27.0708,6.4,19,50,2,2.747912008810192,0.0,0.0,0.0,0.0,0.0,0.0,0.0,0
1484,2022-04-13,UK,19.0,F,Basic,14.97,993,0,18-25,Europe,314,5.322033898305085,1603.54,27.17864406779661,7.440677966101695,29,59,0,2.9678779018366646,0.0,0.0,0.0,0.0,0.0,0.0,0.0,0
1485,2024-06-14,UK,47.0,F,Premium,37.3,200,1,36-50,Europe,263,5.0576923076923075,1807.68,34.76307692307692,8.211538461538462,22,52,0,2.5392098627325965,2.0,10.265555555555556,0.0,50.0,0.0,4.0,117.0,0
1486,2024-05-15,Australia,20.0,M,Premium,33.14,230,1,18-25,Oceania,240,5.1063829787234045,1268.92,26.998297872340427,7.319148936170213,15,47,0,2.5042055283861253,0.0,0.0,0.0,0.0,0.0,0.0,0.0,0
1487,2023-03-27,Brazil,38.0,F,Enterprise,129.89,645,1,36-50,South America,274,4.566666666666666,1614.3,26.904999999999998,8.166666666666666,30,60,0,2.689380665056905,0.0,0.0,0.0,0.0,0.0,0.0,0.0,1
1488,2022-04-13,Spain,42.0,F,Basic,11.54,993,0,36-50,Europe,243,5.4,1329.17,29.537111111111113,7.488888888888889,16,45,2,2.290295733186993,3.0,7.625185185185185,0.0,66.66666666666666,0.0,3.0,267.0,1
1489,2023-06-23,USA,37.0,F,Basic,10.48,557,0,36-50,North America,92,4.181818181818182,727.94,33.08818181818182,6.363636363636363,16,22,2,2.9380324423046513,0.0,0.0,0.0,0.0,0.0,0.0,0.0,0
1490,2023-04-13,Germany,43.5,M,Basic,10.26,628,0,36-50,Europe,192,4.923076923076923,1189.8400000000001,30.50871794871795,8.076923076923077,29,39,1,2.4212286505280027,0.0,0.0,0.0,0.0,0.0,0.0,0.0,1
1491,2022-01-16,USA,69.0,M,Basic,12.89,1080,0,51+,North America,95,4.75,609.6,30.48,7.85,9,20,2,2.613225472174388,0.0,0.0,0.0,0.0,0.0,0.0,0.0,0
1492,2024-01-10,Brazil,39.0,F,Basic,14.04,356,0,36-50,South America,357,4.76,2567.47,34.23293333333333,7.546666666666667,32,75,0,2.540695797441153,0.0,0.0,0.0,0.0,0.0,0.0,0.0,1
1493,2022-05-28,Mexico,38.0,M,Enterprise,103.6,948,1,36-50,North America,268,5.153846153846154,1444.38,27.776538461538465,7.903846153846154,25,52,1,2.8172063438290085,0.0,0.0,0.0,0.0,0.0,0.0,0.0,0
1494,2023-02-24,Germany,50.0,F,Premium,35.66,676,1,36-50,Europe,220,4.888888888888889,1543.78,34.306222222222225,7.488888888888889,19,45,2,2.4608038433722332,3.0,30.194166666666664,0.0,100.0,0.0,4.5,127.0,1
1495,2024-06-10,USA,69.0,M,Basic,11.85,204,0,51+,North America,227,5.044444444444444,1252.36,27.83022222222222,7.5777777777777775,22,45,0,2.43977975492159,0.0,0.0,0.0,0.0,0.0,0.0,0.0,1
1496,2023-11-02,Canada,55.0,M,Basic,14.45,425,0,51+,North America,129,4.961538461538462,742.98,28.576153846153847,7.423076923076923,15,26,0,2.8911004026947142,2.0,18.375138888888888,0.0,50.0,0.0,4.0,221.0,0
1497,2022-06-08,Spain,32.0,M,Basic,10.72,937,0,26-35,Europe,32,5.333333333333333,134.54000000000002,22.423333333333336,6.666666666666667,5,6,1,3.5023801430836525,0.0,0.0,0.0,0.0,0.0,0.0,0.0,0
1498,2022-03-18,USA,63.0,M,Premium,35.62,1019,1,51+,North America,289,4.128571428571429,1920.27,27.43242857142857,7.1571428571428575,40,70,0,2.6039069228641716,5.0,18.97101851851852,2.0,20.0,2.0,2.5,120.0,1
1499,2023-04-26,Mexico,69.0,F,Basic,14.84,615,0,51+,North America,286,4.931034482758621,1665.62,28.71758620689655,7.362068965517241,19,58,1,2.6679518983901147,1.0,11.94,0.0,100.0,0.0,4.0,23.0,1
1500,2024-03-11,Mexico,32.0,M,Basic,11.72,295,0,26-35,North America,253,5.270833333333333,1230.16,25.628333333333334,8.083333333333334,22,48,0,2.788575349935788,0.0,0.0,0.0,0.0,0.0,0.0,0.0,1
1501,2022-09-29,Brazil,63.0,F,Enterprise,174.17,824,1,51+,South America,431,5.192771084337349,2445.88,29.46843373493976,8.08433734939759,33,83,0,2.720553348149839,3.0,8.370416666666667,1.0,33.33333333333333,2.0,2.5,94.0,0
1502,2022-12-13,USA,42.0,F,Basic,14.4,749,0,36-50,North America,95,4.130434782608695,776.63,33.76652173913043,7.826086956521739,11,23,2,2.4551309505176553,0.0,0.0,0.0,0.0,0.0,0.0,0.0,1
1503,2023-10-01,Brazil,38.0,M,Premium,31.85,457,1,36-50,South America,247,4.574074074074074,1529.0,28.314814814814813,7.314814814814815,16,54,0,2.737591916967075,0.0,0.0,0.0,0.0,0.0,0.0,0.0,1
1504,2023-12-11,Brazil,41.0,F,Basic,14.95,386,0,36-50,South America,139,4.633333333333334,1002.14,33.404666666666664,7.766666666666667,13,30,2,2.6714755490543802,0.0,0.0,0.0,0.0,0.0,0.0,0.0,0
1505,2023-02-12,Mexico,22.0,M,Premium,38.08,688,1,18-25,North America,118,4.538461538461538,833.11,32.042692307692306,7.615384615384615,9,26,0,2.8316888138461715,5.0,9.21101851851852,2.0,60.0,1.0,5.0,117.0,0
1506,2023-10-28,Spain,23.0,F,Basic,10.68,430,0,18-25,Europe,154,4.967741935483871,965.94,31.159354838709678,7.870967741935484,11,31,2,2.536189674396639,0.0,0.0,0.0,0.0,0.0,0.0,0.0,1
1507,2022-03-24,USA,66.0,F,Basic,11.54,1013,0,51+,North America,66,4.714285714285714,447.01,31.929285714285715,7.642857142857143,11,14,0,2.6144148169647514,2.0,19.193055555555556,0.0,50.0,0.0,4.0,152.0,0
1508,2024-05-22,USA,60.0,M,Enterprise,162.49,223,1,51+,North America,74,5.285714285714286,473.39,33.81357142857143,8.357142857142858,6,14,3,2.3996336716761077,3.0,5.131527777777778,1.0,33.33333333333333,0.0,3.5,24.0,1
1509,2022-12-03,USA,65.0,M,Premium,38.84,759,1,51+,North America,63,4.846153846153846,357.88,27.529230769230768,5.846153846153846,8,13,0,2.444250186531439,0.0,0.0,0.0,0.0,0.0,0.0,0.0,0
1510,2024-05-22,Mexico,61.0,F,Basic,10.96,223,0,51+,North America,223,5.068181818181818,1380.79,31.381590909090907,7.636363636363637,26,44,0,2.5279620183407348,0.0,0.0,0.0,0.0,0.0,0.0,0.0,1
1511,2023-11-22,USA,64.0,F,Basic,13.65,405,0,51+,North America,167,5.21875,775.23,24.2259375,7.84375,16,32,0,2.732532501356158,0.0,0.0,0.0,0.0,0.0,0.0,0.0,1
1512,2024-05-29,USA,40.0,M,Basic,11.34,216,0,36-50,North America,51,5.666666666666667,206.37,22.93,6.444444444444445,3,9,0,1.5811388300841898,0.0,0.0,0.0,0.0,0.0,0.0,0.0,1
1513,2023-07-01,USA,21.0,F,Premium,38.04,549,1,18-25,North America,196,5.297297297297297,1116.75,30.18243243243243,7.594594594594595,15,37,2,2.9801646567566333,2.0,10.031805555555554,0.0,0.0,0.0,5.0,125.0,0
1514,2023-01-25,UK,44.0,M,Basic,13.41,706,0,36-50,Europe,159,4.542857142857143,1086.96,31.056,7.114285714285714,26,35,0,2.417374087515541,0.0,0.0,0.0,0.0,0.0,0.0,0.0,0
1515,2022-11-21,Australia,35.0,F,Premium,35.22,771,1,26-35,Oceania,327,5.030769230769231,2093.3,32.20461538461539,7.846153846153846,23,65,0,2.4300799290431705,2.0,16.439722222222223,1.0,50.0,1.0,3.0,173.0,0
1516,2023-10-04,USA,38.0,M,Basic,13.24,454,0,36-50,North America,286,4.5396825396825395,1598.95,25.38015873015873,6.634920634920635,26,63,0,2.401782918566128,0.0,0.0,0.0,0.0,0.0,0.0,0.0,1
1517,2024-01-06,USA,45.0,F,Basic,14.37,360,0,36-50,North America,304,4.676923076923077,2007.32,30.88184615384615,8.2,38,65,0,2.7047856448553156,0.0,0.0,0.0,0.0,0.0,0.0,0.0,0
1518,2024-06-27,Mexico,52.0,M,Premium,33.85,187,1,51+,North America,334,5.21875,2175.32,33.989375,7.109375,37,64,0,2.400190137970885,3.0,21.813888888888894,0.0,66.66666666666666,0.0,5.0,69.0,1
1519,2024-02-17,UK,39.0,F,Basic,13.84,318,0,36-50,Europe,107,5.095238095238095,686.73,32.70142857142857,6.809523809523809,13,21,1,2.385471901003277,4.0,16.590462962962963,1.0,75.0,0.0,4.333333333333333,27.0,1
1520,2023-05-15,USA,57.0,Unknown,Premium,31.58,596,1,51+,North America,179,4.837837837837838,1190.29,32.17,7.864864864864865,28,37,0,2.6615942748818955,0.0,0.0,0.0,0.0,0.0,0.0,0.0,0
1521,2024-06-12,UK,40.0,F,Basic,13.5,202,0,36-50,Europe,256,5.12,1500.48,30.0096,8.62,30,50,1,2.200556515882252,0.0,0.0,0.0,0.0,0.0,0.0,0.0,0
1522,2023-07-09,USA,20.0,F,Basic,13.74,541,0,18-25,North America,249,4.788461538461538,1713.1399999999999,32.945,7.326923076923077,27,52,2,2.5540167400186764,0.0,0.0,0.0,0.0,0.0,0.0,0.0,0
1523,2022-02-06,Spain,57.0,F,Basic,12.2,1059,0,51+,Europe,46,6.571428571428571,192.41,27.487142857142857,5.571428571428571,11,7,11,2.5727509827124,3.0,21.80152777777778,1.0,33.33333333333333,2.0,2.0,112.0,0
1524,2023-09-25,Brazil,67.0,Unknown,Basic,13.96,463,0,51+,South America,223,4.955555555555556,1443.46,32.07688888888889,8.511111111111111,31,45,1,2.671019175210735,3.0,12.282592592592593,0.0,33.33333333333333,0.0,3.0,143.0,0
1525,2022-03-12,Germany,27.0,F,Basic,12.78,1025,0,26-35,Europe,333,4.826086956521739,2259.36,32.74434782608696,6.608695652173913,36,69,0,2.6510626156934443,0.0,0.0,0.0,0.0,0.0,0.0,0.0,0
1526,2022-08-29,Germany,42.0,F,Basic,14.67,855,0,36-50,Europe,95,6.333333333333333,315.18,21.012,7.466666666666667,8,15,1,2.5260547066428276,5.0,11.096319444444445,1.0,80.0,0.0,5.0,9.0,1
1527,2023-10-09,USA,69.0,F,Premium,31.11,449,1,51+,North America,200,5.714285714285714,1082.07,30.916285714285713,8.285714285714286,23,35,1,2.9262647197552094,5.0,14.207333333333333,0.0,60.0,0.0,3.6666666666666665,40.0,0
1528,2023-12-02,Italy,66.0,F,Basic,10.64,395,0,51+,Europe,305,5.169491525423729,1519.55,25.755084745762712,6.88135593220339,29,59,0,2.540381062733003,0.0,0.0,0.0,0.0,0.0,0.0,0.0,0
1529,2022-10-22,Italy,25.0,M,Basic,14.2,801,0,18-25,Europe,276,5.0181818181818185,1923.37,34.970363636363636,7.327272727272727,28,55,0,2.7181891377445004,0.0,0.0,0.0,0.0,0.0,0.0,0.0,0
1530,2022-08-21,USA,28.0,F,Basic,14.2,863,0,26-35,North America,256,5.333333333333333,1542.27,32.130625,7.583333333333333,21,48,3,2.381965336701655,0.0,0.0,0.0,0.0,0.0,0.0,0.0,1
1531,2024-02-04,Mexico,22.0,M,Basic,12.35,331,0,18-25,North America,397,4.726190476190476,2527.77,30.0925,7.071428571428571,53,84,0,2.5898373697658927,0.0,0.0,0.0,0.0,0.0,0.0,0.0,0
1532,2022-04-03,USA,62.0,F,Basic,14.81,1003,0,51+,North America,162,4.764705882352941,968.22,28.47705882352941,7.411764705882353,15,34,0,2.730954140393802,5.0,22.704777777777778,0.0,60.0,1.0,4.5,44.0,0
1533,2023-03-21,Australia,70.0,F,Basic,13.39,651,0,51+,Oceania,311,5.456140350877193,1660.43,29.130350877192985,7.192982456140351,19,57,3,2.2525396416251438,3.0,13.793981481481481,0.0,33.33333333333333,2.0,4.0,47.0,0
1534,2022-04-11,USA,54.0,Other,Basic,14.9,995,0,51+,North America,345,4.726027397260274,2310.63,31.65246575342466,8.027397260273972,44,73,1,2.484732681645848,3.0,12.27074074074074,0.0,33.33333333333333,1.0,5.0,15.0,0
1535,2024-02-18,Germany,62.0,M,Basic,12.65,317,0,51+,Europe,194,5.542857142857143,1040.25,29.72142857142857,7.885714285714286,23,35,0,2.2796137075088367,0.0,0.0,0.0,0.0,0.0,0.0,0.0,1
1536,2023-10-11,Germany,55.0,M,Basic,11.0,447,0,51+,Europe,201,5.2894736842105265,1114.68,29.333684210526318,6.973684210526316,18,38,0,2.7302895078335667,5.0,17.053,0.0,60.0,1.0,4.0,104.0,0
1537,2023-12-22,Australia,46.0,Unknown,Premium,34.43,375,1,36-50,Oceania,407,5.151898734177215,2287.33,28.953544303797468,8.164556962025317,45,79,0,2.3429578478481528,0.0,0.0,0.0,0.0,0.0,0.0,0.0,0
1538,2024-06-12,USA,22.0,M,Premium,39.79,202,1,18-25,North America,252,5.142857142857143,1801.98,36.77510204081633,7.653061224489796,19,49,0,2.5166114784235827,0.0,0.0,0.0,0.0,0.0,0.0,0.0,0
1539,2022-04-13,Germany,26.0,M,Basic,11.84,993,0,26-35,Europe,243,5.282608695652174,1397.65,30.383695652173916,7.3478260869565215,24,46,0,2.7379070958855567,0.0,0.0,0.0,0.0,0.0,0.0,0.0,0
1540,2023-03-31,Brazil,43.5,F,Enterprise,195.69,641,1,36-50,South America,140,4.666666666666667,987.69,32.923,7.466666666666667,11,30,4,2.0057388927143847,0.0,0.0,0.0,0.0,0.0,0.0,0.0,0
1541,2022-06-20,Spain,19.0,F,Basic,13.98,925,0,18-25,Europe,320,4.705882352941177,2271.88,33.410000000000004,7.3088235294117645,27,68,0,2.5746109604934273,4.0,15.53138888888889,1.0,50.0,1.0,0.0,107.0,0
1542,2023-12-12,USA,18.0,M,Basic,12.2,385,0,18-25,North America,228,5.066666666666666,1198.18,26.626222222222225,7.955555555555556,29,45,0,2.5972012909003697,1.0,0.0,1.0,0.0,0.0,0.0,246.0,0
1543,2022-11-03,France,57.0,F,Premium,35.41,789,1,51+,Europe,382,5.093333333333334,2023.6399999999999,26.981866666666665,7.266666666666667,36,75,0,2.510374868815808,5.0,22.203472222222224,1.0,80.0,0.0,3.6666666666666665,4.0,0
1544,2022-01-30,Germany,68.0,M,Premium,36.06,1066,1,51+,Europe,191,5.787878787878788,972.43,29.467575757575755,8.121212121212121,13,33,1,2.484421156899225,5.0,20.759652777777777,1.0,60.0,0.0,3.25,11.0,1
1545,2022-02-17,USA,47.0,F,Enterprise,166.57,1048,1,36-50,North America,215,5.8108108108108105,1279.44,34.579459459459464,8.621621621621621,17,37,1,2.942389786832747,3.0,21.292777777777776,1.0,0.0,2.0,5.0,59.0,0
1546,2022-11-29,Spain,28.0,M,Enterprise,107.66,763,1,26-35,Europe,263,4.962264150943396,1776.88,33.52603773584906,8.830188679245284,23,53,0,2.549225102102623,1.0,35.07,0.0,0.0,0.0,5.0,211.0,0
1547,2024-03-26,Germany,45.0,F,Basic,14.66,280,0,36-50,Europe,155,5.166666666666667,999.5,33.31666666666667,7.8,24,30,0,2.692048743388873,0.0,0.0,0.0,0.0,0.0,0.0,0.0,1
1548,2022-02-27,Canada,61.0,M,Enterprise,159.69,1038,1,51+,North America,83,5.928571428571429,472.92,33.78,8.428571428571429,6,14,11,2.4950500446433383,0.0,0.0,0.0,0.0,0.0,0.0,0.0,0
1549,2022-10-28,Brazil,29.0,F,Enterprise,193.1,795,1,26-35,South America,185,4.743589743589744,1364.1,34.97692307692307,7.794871794871795,20,39,0,2.5101682551904214,4.0,22.338981481481483,1.0,75.0,0.0,1.0,12.0,0
1550,2023-01-03,Spain,56.0,M,Basic,13.15,728,0,51+,Europe,224,4.977777777777778,1259.98,27.999555555555556,5.955555555555556,19,45,2,2.310931422696061,0.0,0.0,0.0,0.0,0.0,0.0,0.0,0
1551,2023-01-19,UK,43.0,F,Enterprise,143.09,712,1,36-50,Europe,256,4.7407407407407405,1338.63,24.789444444444445,7.777777777777778,35,54,1,2.6003278834269614,0.0,0.0,0.0,0.0,0.0,0.0,0.0,0
1552,2023-03-18,France,30.0,M,Basic,12.82,654,0,26-35,Europe,16,3.2,84.15,16.830000000000002,7.4,2,5,0,2.3874672772626644,5.0,17.55152777777778,1.0,100.0,1.0,4.0,28.0,1
1553,2022-05-30,UK,25.0,M,Premium,38.29,946,1,18-25,Europe,115,4.107142857142857,938.46,33.51642857142857,7.714285714285714,15,28,3,2.424249188302252,2.0,11.373888888888889,0.0,50.0,0.0,4.0,142.0,0
1554,2022-09-08,USA,45.0,F,Basic,11.62,845,0,36-50,North America,318,4.96875,1559.24,24.363125,7.46875,44,64,0,2.636548669926063,0.0,0.0,0.0,0.0,0.0,0.0,0.0,1
1555,2023-06-28,USA,47.0,F,Basic,14.77,552,0,36-50,North America,281,4.844827586206897,1778.43,30.662586206896552,6.879310344827586,28,58,0,2.277284656855277,0.0,0.0,0.0,0.0,0.0,0.0,0.0,0
1556,2023-02-26,USA,26.0,M,Basic,12.32,674,0,26-35,North America,459,5.215909090909091,2752.52,31.278636363636362,7.7272727272727275,33,88,0,2.671470659747813,3.0,15.121018518518518,0.0,66.66666666666666,0.0,4.5,56.0,0
1557,2023-08-03,Australia,56.0,M,Basic,14.77,516,0,51+,Oceania,420,5.3164556962025316,2271.25,28.75,6.708860759493671,44,79,0,2.794428081468405,0.0,0.0,0.0,0.0,0.0,0.0,0.0,1
1558,2023-11-30,Spain,48.0,M,Premium,38.8,397,1,36-50,Europe,59,3.933333333333333,476.4,31.759999999999998,8.6,6,15,4,2.2509257354845507,0.0,0.0,0.0,0.0,0.0,0.0,0.0,0
1559,2024-03-22,USA,38.0,M,Basic,13.83,284,0,36-50,North America,262,5.346938775510204,1185.93,24.202653061224492,8.081632653061224,19,49,4,2.757950782194418,2.0,16.658055555555556,1.0,50.0,0.0,4.0,36.0,1
1560,2022-07-04,USA,64.0,M,Basic,12.33,911,0,51+,North America,137,5.269230769230769,928.46,35.71,9.192307692307692,16,26,1,2.8221650172545516,0.0,0.0,0.0,0.0,0.0,0.0,0.0,1
1561,2022-06-24,Spain,51.0,M,Basic,12.92,921,0,51+,Europe,278,4.711864406779661,1575.38,26.70135593220339,7.271186440677966,33,59,1,2.2897887830436803,1.0,0.0,1.0,100.0,0.0,0.0,135.0,1
1562,2022-06-29,Mexico,48.0,F,Premium,38.37,916,1,36-50,North America,47,5.222222222222222,152.79,16.976666666666667,9.444444444444445,5,9,3,2.773886162848873,3.0,7.062962962962963,0.0,66.66666666666666,1.0,0.0,71.0,0
1563,2022-03-22,Spain,43.5,F,Premium,35.43,1015,1,36-50,Europe,168,4.8,1122.74,32.07828571428571,8.542857142857143,11,35,6,2.4350383497402834,0.0,0.0,0.0,0.0,0.0,0.0,0.0,0
1564,2023-09-17,Mexico,42.0,M,Premium,37.37,471,1,36-50,North America,159,5.129032258064516,745.8199999999999,24.05870967741935,7.580645161290323,14,31,0,2.918240742683521,0.0,0.0,0.0,0.0,0.0,0.0,0.0,0
1565,2024-06-10,Canada,29.0,Other,Premium,37.9,204,1,26-35,North America,142,5.461538461538462,664.2,25.54615384615385,6.538461538461538,19,26,0,2.731018406833161,4.0,11.43611111111111,0.0,50.0,1.0,5.0,132.0,0
1566,2023-01-27,UK,18.0,F,Basic,12.56,704,0,18-25,Europe,422,4.741573033707865,2587.58,29.073932584269663,8.0,49,89,0,2.4978540329998564,2.0,13.054444444444444,1.0,50.0,1.0,5.0,243.0,1
1567,2023-09-27,UK,39.0,M,Basic,12.67,461,0,36-50,Europe,232,4.9361702127659575,1478.97,31.46744680851064,7.659574468085107,18,47,0,2.444196812319806,0.0,0.0,0.0,0.0,0.0,0.0,0.0,0
1568,2023-12-01,UK,57.0,M,Basic,10.98,396,0,51+,Europe,59,5.9,207.85,20.785,8.2,5,10,4,2.7264140062238043,0.0,0.0,0.0,0.0,0.0,0.0,0.0,0
1569,2022-09-04,UK,54.0,F,Enterprise,124.46,849,1,51+,Europe,315,5.163934426229508,1808.0,29.639344262295083,7.540983606557377,33,61,0,2.6594506191370457,0.0,0.0,0.0,0.0,0.0,0.0,0.0,1
1570,2023-05-25,UK,64.0,M,Premium,39.04,586,1,51+,Europe,171,5.181818181818182,955.31,28.948787878787876,8.030303030303031,18,33,0,2.8880632075681953,0.0,0.0,0.0,0.0,0.0,0.0,0.0,0
1571,2023-08-21,Mexico,18.0,M,Basic,14.19,498,0,18-25,North America,142,4.580645161290323,977.8,31.541935483870965,8.096774193548388,16,31,4,2.5136188195294196,2.0,33.26916666666666,1.0,50.0,0.0,0.0,334.0,0
1572,2022-05-27,Germany,18.0,F,Basic,10.04,949,0,18-25,Europe,250,5.434782608695652,1169.01,25.413260869565217,7.195652173913044,32,46,0,2.729690042746355,0.0,0.0,0.0,0.0,0.0,0.0,0.0,0
1573,2022-08-26,USA,59.0,F,Basic,14.34,858,0,51+,North America,236,5.363636363636363,1255.87,28.542499999999997,7.954545454545454,31,44,0,2.4973558956113187,0.0,0.0,0.0,0.0,0.0,0.0,0.0,0
1574,2023-04-18,Germany,59.0,M,Premium,30.24,623,1,51+,Europe,234,4.9787234042553195,1403.57,29.8631914893617,9.170212765957446,26,47,0,2.8244996609798196,0.0,0.0,0.0,0.0,0.0,0.0,0.0,0
1575,2023-10-16,Italy,38.0,F,Basic,12.28,442,0,36-50,Europe,200,4.761904761904762,1182.45,28.15357142857143,7.619047619047619,19,42,0,2.6851854076832957,3.0,26.87833333333333,1.0,66.66666666666666,1.0,4.0,70.0,0
1576,2022-09-18,Germany,32.0,F,Premium,30.66,835,1,26-35,Europe,127,4.884615384615385,924.47,35.556538461538466,7.769230769230769,7,26,1,2.6732291046885313,3.0,13.80111111111111,1.0,66.66666666666666,0.0,4.0,16.0,1
1577,2023-04-16,USA,34.0,F,Basic,14.83,625,0,26-35,North America,283,4.796610169491525,1518.63,25.73949152542373,7.52542372881356,32,59,0,2.571593233620967,0.0,0.0,0.0,0.0,0.0,0.0,0.0,1
1578,2022-09-19,Germany,39.0,F,Basic,14.85,834,0,36-50,Europe,187,5.194444444444445,1229.92,34.16444444444445,7.527777777777778,15,36,1,2.4121057124956127,0.0,0.0,0.0,0.0,0.0,0.0,0.0,0
1579,2023-11-14,UK,55.0,M,Premium,36.1,413,1,51+,Europe,215,5.8108108108108105,1227.79,33.18351351351351,6.756756756756757,21,37,0,2.401826132085495,1.0,27.42972222222222,0.0,0.0,0.0,0.0,299.0,1
1580,2022-01-10,USA,52.0,F,Basic,11.95,1086,0,51+,North America,274,4.724137931034483,1615.02,27.845172413793104,7.5344827586206895,24,58,0,2.469413620632248,2.0,14.360555555555557,1.0,50.0,0.0,5.0,157.0,1
1581,2024-04-03,Brazil,62.0,M,Enterprise,151.19,272,1,51+,South America,235,5.222222222222222,1358.74,30.194222222222223,8.0,29,45,1,2.5306205571046014,0.0,0.0,0.0,0.0,0.0,0.0,0.0,1
1582,2023-04-22,USA,33.0,M,Basic,13.8,619,0,26-35,North America,17,3.4,99.38,19.875999999999998,6.8,4,5,1,2.073644135332772,0.0,0.0,0.0,0.0,0.0,0.0,0.0,0
1583,2022-10-22,UK,25.0,M,Basic,11.11,801,0,18-25,Europe,97,5.105263157894737,593.23,31.222631578947368,8.105263157894736,11,19,0,2.8066337456918276,0.0,0.0,0.0,0.0,0.0,0.0,0.0,1
1584,2023-11-25,Brazil,64.0,M,Basic,12.2,402,0,51+,South America,148,5.285714285714286,840.79,30.028214285714284,5.607142857142857,8,28,3,2.2584350999152267,0.0,0.0,0.0,0.0,0.0,0.0,0.0,0
1585,2023-07-14,Australia,34.0,M,Premium,37.36,536,1,26-35,Oceania,360,4.931506849315069,2414.62,33.076986301369864,6.219178082191781,39,73,0,2.507371172736318,0.0,0.0,0.0,0.0,0.0,0.0,0.0,0
1586,2022-06-11,USA,34.0,M,Premium,33.94,934,1,26-35,North America,218,4.954545454545454,1200.03,27.27340909090909,8.318181818181818,19,44,0,2.7190503254453446,0.0,0.0,0.0,0.0,0.0,0.0,0.0,0
1587,2022-03-17,USA,43.0,M,Basic,10.15,1020,0,36-50,North America,244,5.083333333333333,1528.5,31.84375,7.354166666666667,27,48,1,2.5668370579897553,4.0,8.555555555555555,3.0,50.0,0.0,1.0,138.0,0
1588,2023-03-29,USA,30.0,F,Basic,12.53,643,0,26-35,North America,363,5.338235294117647,1831.58,26.935,7.147058823529412,27,68,1,2.6576293673607165,5.0,33.706319444444446,1.0,40.0,1.0,4.333333333333333,15.0,0
1589,2022-12-20,UK,34.0,M,Basic,13.68,742,0,26-35,Europe,229,4.978260869565218,1382.96,30.06434782608696,7.369565217391305,18,46,1,2.6033237766344657,0.0,0.0,0.0,0.0,0.0,0.0,0.0,0
1590,2023-08-25,UK,55.0,F,Basic,14.87,494,0,51+,Europe,231,5.372093023255814,1210.82,28.15860465116279,8.813953488372093,30,43,0,2.5073535262157103,0.0,0.0,0.0,0.0,0.0,0.0,0.0,0
1591,2022-11-03,Canada,34.0,M,Basic,10.18,789,0,26-35,North America,167,4.771428571428571,780.28,22.293714285714284,7.514285714285714,17,35,1,2.4384869258199764,0.0,0.0,0.0,0.0,0.0,0.0,0.0,0
1592,2023-10-17,Italy,65.0,M,Basic,12.69,441,0,51+,Europe,152,4.3428571428571425,900.06,25.715999999999998,7.2,14,35,2,2.6115451493755364,0.0,0.0,0.0,0.0,0.0,0.0,0.0,0
1593,2023-03-11,USA,31.0,M,Basic,12.24,661,0,26-35,North America,213,5.325,1137.58,28.4395,7.15,20,40,0,2.6446608041922444,0.0,0.0,0.0,0.0,0.0,0.0,0.0,0
1594,2023-12-08,USA,62.0,M,Basic,11.2,389,0,51+,North America,72,5.142857142857143,408.64,29.18857142857143,8.5,9,14,0,2.7416206003901262,0.0,0.0,0.0,0.0,0.0,0.0,0.0,0
1595,2022-09-14,Germany,23.0,F,Basic,13.18,839,0,18-25,Europe,207,5.048780487804878,1419.17,34.61390243902439,7.512195121951219,20,41,1,2.863138308850928,0.0,0.0,0.0,0.0,0.0,0.0,0.0,0
1596,2023-04-13,Germany,43.5,M,Basic,10.81,628,0,36-50,Europe,263,5.26,1485.47,29.709400000000002,8.28,27,50,2,2.678790467234595,0.0,0.0,0.0,0.0,0.0,0.0,0.0,0
1597,2024-05-15,Australia,63.0,Other,Basic,11.41,230,0,51+,Oceania,135,5.1923076923076925,803.15,30.890384615384615,7.923076923076923,13,26,5,2.6835682330692583,5.0,14.70127777777778,0.0,20.0,0.0,3.6666666666666665,80.0,0
1598,2022-11-06,UK,31.0,Other,Basic,13.9,786,0,26-35,Europe,257,5.840909090909091,1499.65,34.08295454545455,8.181818181818182,22,44,2,2.332213060375316,2.0,30.45916666666667,0.0,50.0,0.0,0.0,171.0,0
1599,2022-07-23,UK,64.0,M,Premium,34.59,892,1,51+,Europe,220,5.238095238095238,1025.69,24.42119047619048,8.19047619047619,28,42,0,2.666957010906916,0.0,0.0,0.0,0.0,0.0,0.0,0.0,0
1600,2023-01-29,UK,25.0,F,Basic,14.96,702,0,18-25,Europe,439,4.932584269662922,2543.11,28.57426966292135,6.47191011235955,56,89,0,2.787136657155303,0.0,0.0,0.0,0.0,0.0,0.0,0.0,0
1601,2024-05-23,UK,32.0,M,Basic,11.92,222,0,26-35,Europe,426,4.896551724137931,2270.58,26.09862068965517,7.908045977011494,45,87,0,2.4966697947774295,1.0,0.0,1.0,100.0,0.0,0.0,166.0,0
1602,2023-05-10,Mexico,44.0,F,Basic,12.31,601,0,36-50,North America,182,5.2,882.1999999999999,25.205714285714283,7.457142857142857,15,35,0,2.4947002649145458,4.0,13.359722222222222,3.0,50.0,1.0,5.0,134.0,0
1603,2022-04-20,France,30.0,F,Premium,32.99,986,1,26-35,Europe,179,4.972222222222222,1179.48,32.763333333333335,7.222222222222222,23,36,0,2.843399485636979,0.0,0.0,0.0,0.0,0.0,0.0,0.0,0
1604,2022-08-31,USA,66.0,M,Basic,11.17,853,0,51+,North America,248,4.769230769230769,1559.14,29.98346153846154,7.538461538461538,35,52,0,2.6687397673248987,0.0,0.0,0.0,0.0,0.0,0.0,0.0,0
1605,2023-01-26,UK,48.0,M,Enterprise,192.22,705,1,36-50,Europe,66,3.8823529411764706,445.26,26.191764705882353,7.411764705882353,17,17,3,2.7359265556017873,1.0,0.0,1.0,100.0,0.0,0.0,9.0,0
1606,2023-08-09,Australia,70.0,M,Basic,13.73,510,0,51+,Oceania,359,5.128571428571429,1847.27,26.38957142857143,7.757142857142857,27,70,1,2.484277683908553,5.0,11.413611111111111,1.0,20.0,0.0,4.0,8.0,0
1607,2023-01-03,USA,52.0,M,Basic,11.66,728,0,51+,North America,356,4.8108108108108105,2293.71,30.99608108108108,7.378378378378378,43,74,0,2.481027602369055,0.0,0.0,0.0,0.0,0.0,0.0,0.0,0
1608,2023-08-12,UK,23.0,F,Basic,13.49,507,0,18-25,Europe,149,4.382352941176471,890.77,26.199117647058824,7.705882352941177,17,34,1,2.4248049703811287,0.0,0.0,0.0,0.0,0.0,0.0,0.0,0
1609,2022-10-30,Italy,22.0,M,Basic,14.82,793,0,18-25,Europe,295,4.682539682539683,1689.32,26.814603174603175,7.507936507936508,21,63,0,2.5197631533948486,0.0,0.0,0.0,0.0,0.0,0.0,0.0,1
1610,2023-12-18,UK,39.0,M,Basic,10.36,379,0,36-50,Europe,274,5.372549019607843,1636.54,32.089019607843134,6.568627450980392,31,51,0,2.7853960889878877,0.0,0.0,0.0,0.0,0.0,0.0,0.0,0
1611,2022-10-30,Australia,66.0,M,Basic,11.31,793,0,51+,Oceania,261,4.833333333333333,1584.44,29.341481481481484,7.555555555555555,26,54,3,2.5752816295889103,0.0,0.0,0.0,0.0,0.0,0.0,0.0,0
1612,2022-01-23,Spain,40.0,F,Basic,10.99,1073,0,36-50,Europe,111,5.285714285714286,523.06,24.907619047619043,6.523809523809524,8,21,2,2.8660575211055543,4.0,30.71527777777778,0.0,50.0,0.0,4.0,55.0,0
1613,2024-04-29,USA,42.0,M,Basic,14.34,246,0,36-50,North America,257,4.9423076923076925,1416.35,27.237499999999997,8.346153846153847,29,52,1,2.5775308258818246,3.0,14.522638888888888,1.0,100.0,1.0,5.0,54.0,0
1614,2023-11-06,Italy,51.0,F,Basic,10.89,421,0,51+,Europe,147,5.444444444444445,763.26,28.26888888888889,7.0,11,27,0,2.516611478423584,2.0,26.565694444444443,0.0,50.0,0.0,2.0,85.0,0
1615,2023-02-10,Mexico,43.0,F,Basic,11.53,690,0,36-50,North America,98,5.444444444444445,548.51,30.47277777777778,7.833333333333333,10,18,1,2.5256850491144496,0.0,0.0,0.0,0.0,0.0,0.0,0.0,0
1616,2022-10-09,Spain,64.0,F,Basic,12.71,814,0,51+,Europe,256,5.019607843137255,1335.1,26.178431372549017,6.372549019607843,23,51,2,2.572859856878578,2.0,25.44861111111111,0.0,100.0,0.0,0.0,301.0,1
1617,2022-01-09,Canada,22.0,F,Premium,36.2,1087,1,18-25,North America,133,4.433333333333334,974.77,32.492333333333335,8.433333333333334,21,30,0,2.725148946683318,3.0,18.29888888888889,1.0,66.66666666666666,0.0,5.0,212.0,0
1618,2023-08-03,Mexico,43.0,M,Basic,14.03,516,0,36-50,North America,283,4.964912280701754,1912.02,33.54421052631579,7.12280701754386,25,57,0,2.718750450119514,0.0,0.0,0.0,0.0,0.0,0.0,0.0,0
1619,2024-06-04,Germany,37.0,M,Basic,12.03,210,0,36-50,Europe,87,4.35,679.96,33.998000000000005,8.6,11,20,0,2.4767338424456895,0.0,0.0,0.0,0.0,0.0,0.0,0.0,0
1620,2023-12-04,USA,43.5,F,Basic,12.66,393,0,36-50,North America,193,4.7073170731707314,1082.65,26.406097560975613,6.658536585365853,23,41,1,2.421197043189839,0.0,0.0,0.0,0.0,0.0,0.0,0.0,0
1621,2024-03-07,USA,23.0,F,Basic,14.82,299,0,18-25,North America,404,5.17948717948718,2338.81,29.98474358974359,7.371794871794871,43,78,0,2.526450154455928,3.0,31.64986111111111,1.0,0.0,0.0,4.0,7.0,1
1622,2024-02-02,USA,67.0,F,Basic,11.48,333,0,51+,North America,260,4.7272727272727275,1645.83,29.924181818181818,8.345454545454546,37,55,0,2.6698213662989003,3.0,9.348611111111111,0.0,66.66666666666666,0.0,3.0,65.0,0
1623,2022-02-20,USA,35.0,M,Basic,11.23,1045,0,26-35,North America,292,5.407407407407407,1585.54,29.361851851851853,8.277777777777779,19,54,1,2.335279212577976,0.0,0.0,0.0,0.0,0.0,0.0,0.0,1
1624,2023-09-13,Mexico,21.0,M,Basic,13.54,475,0,18-25,North America,139,4.088235294117647,1047.49,30.808529411764706,7.470588235294118,15,34,0,2.4908030475625487,3.0,16.848703703703706,0.0,66.66666666666666,0.0,4.0,10.0,0
1625,2024-02-03,France,34.0,Other,Enterprise,177.1,332,1,26-35,Europe,241,4.918367346938775,1168.78,23.85265306122449,8.46938775510204,24,49,1,2.439575908276866,0.0,0.0,0.0,0.0,0.0,0.0,0.0,1
1626,2023-05-24,Spain,31.0,M,Basic,12.06,587,0,26-35,Europe,18,2.5714285714285716,168.06,24.00857142857143,9.142857142857142,2,7,6,2.1491969707422394,4.0,15.016597222222222,0.0,50.0,0.0,4.0,21.0,0
1627,2024-05-02,USA,31.0,M,Basic,11.05,243,0,26-35,North America,82,4.823529411764706,514.42,30.259999999999998,6.588235294117647,6,17,11,2.7211048794020933,0.0,0.0,0.0,0.0,0.0,0.0,0.0,1
1628,2022-10-21,Brazil,30.0,M,Premium,37.78,802,1,26-35,South America,151,6.04,903.04,36.1216,8.2,17,25,0,2.7153882472555066,0.0,0.0,0.0,0.0,0.0,0.0,0.0,0
1629,2024-03-05,France,24.0,Other,Basic,13.34,301,0,18-25,Europe,350,4.929577464788732,2098.75,29.559859154929576,8.267605633802816,40,71,0,2.4102397252553938,0.0,0.0,0.0,0.0,0.0,0.0,0.0,0
1630,2024-03-29,Germany,61.0,M,Premium,38.75,277,1,51+,Europe,164,4.4324324324324325,1137.56,30.744864864864862,7.1891891891891895,19,37,2,2.5225707846090986,0.0,0.0,0.0,0.0,0.0,0.0,0.0,0
1631,2022-08-24,France,32.0,M,Basic,14.21,860,0,26-35,Europe,260,4.56140350877193,1784.37,31.30473684210526,7.421052631578948,31,57,1,2.464154041013794,3.0,9.160648148148148,0.0,33.33333333333333,0.0,3.0,93.0,0
1632,2023-09-14,UK,36.0,F,Basic,11.02,474,0,36-50,Europe,214,4.976744186046512,1193.61,27.758372093023254,7.395348837209302,25,43,6,2.947867446243157,0.0,0.0,0.0,0.0,0.0,0.0,0.0,1
1633,2024-04-01,UK,60.0,M,Premium,38.31,274,1,51+,Europe,143,4.931034482758621,822.74,28.37034482758621,8.344827586206897,17,29,0,2.7636807041485016,0.0,0.0,0.0,0.0,0.0,0.0,0.0,0
1634,2022-12-27,Canada,64.0,F,Enterprise,117.51,735,1,51+,North America,380,4.935064935064935,2252.7400000000002,29.256363636363638,7.311688311688312,37,77,0,2.493874930059763,0.0,0.0,0.0,0.0,0.0,0.0,0.0,0
1635,2022-08-13,Mexico,61.0,F,Premium,38.63,871,1,51+,North America,162,5.0625,870.6600000000001,27.208125000000003,6.78125,20,32,0,2.4748737341529163,0.0,0.0,0.0,0.0,0.0,0.0,0.0,0
1636,2023-10-14,UK,52.0,M,Basic,13.84,444,0,51+,Europe,200,4.3478260869565215,1186.15,25.785869565217393,8.456521739130435,23,46,1,2.478506640919512,0.0,0.0,0.0,0.0,0.0,0.0,0.0,0
1637,2022-07-14,Italy,34.0,F,Basic,12.84,901,0,26-35,Europe,34,4.857142857142857,149.64,21.377142857142854,7.571428571428571,1,7,22,3.0237157840738176,0.0,0.0,0.0,0.0,0.0,0.0,0.0,1
1638,2023-09-28,Italy,52.0,F,Basic,13.2,460,0,51+,Europe,268,4.5423728813559325,1469.06,24.899322033898304,7.745762711864407,28,59,1,2.5618018571142396,3.0,6.663055555555555,1.0,33.33333333333333,0.0,3.5,22.0,0
1639,2022-09-14,Brazil,36.0,M,Premium,31.03,839,1,36-50,South America,112,5.333333333333333,606.41,28.876666666666665,7.142857142857143,10,21,0,2.938253449471868,0.0,0.0,0.0,0.0,0.0,0.0,0.0,0
1640,2023-11-26,Brazil,37.0,M,Basic,10.19,401,0,36-50,South America,359,4.544303797468355,2270.45,28.739873417721515,8.341772151898734,37,79,0,2.4168079623827534,2.0,11.884583333333332,0.0,100.0,0.0,4.0,295.0,0
1641,2024-02-13,USA,53.0,F,Basic,11.64,322,0,51+,North America,434,4.988505747126437,2797.43,32.154367816091955,7.7701149425287355,51,87,0,2.4280064215537243,0.0,0.0,0.0,0.0,0.0,0.0,0.0,1
1642,2024-01-09,Germany,52.0,M,Premium,38.2,357,1,51+,Europe,212,4.51063829787234,1471.04,31.29872340425532,7.170212765957447,15,47,0,2.301911685926664,0.0,0.0,0.0,0.0,0.0,0.0,0.0,0
1643,2024-02-25,UK,49.0,F,Premium,34.65,310,1,36-50,Europe,223,5.186046511627907,1209.79,28.134651162790696,6.1395348837209305,22,43,1,2.547228315841212,0.0,0.0,0.0,0.0,0.0,0.0,0.0,0
1644,2023-11-07,Canada,65.0,F,Basic,11.11,420,0,51+,North America,292,4.9491525423728815,1811.03,30.69542372881356,7.47457627118644,23,59,0,2.8673171938456226,3.0,17.69472222222222,0.0,33.33333333333333,1.0,0.0,57.0,1
1645,2023-11-29,UK,61.0,M,Premium,38.34,398,1,51+,Europe,130,4.333333333333333,1060.2,35.34,6.533333333333333,19,30,1,2.8567323186168294,5.0,16.233666666666668,0.0,40.0,0.0,3.0,64.0,0
1646,2024-05-08,USA,57.0,F,Basic,11.13,237,0,51+,North America,33,3.3,381.01,38.101,5.4,5,10,1,2.9458068127047605,2.0,8.12138888888889,0.0,0.0,1.0,3.0,21.0,0
1647,2022-05-21,UK,41.0,M,Basic,14.07,955,0,36-50,Europe,423,5.2875,2048.71,25.608875,7.225,34,80,0,2.424525269987946,0.0,0.0,0.0,0.0,0.0,0.0,0.0,0
1648,2023-10-06,Italy,34.0,Unknown,Basic,12.25,452,0,26-35,Europe,270,4.909090909090909,1612.35,29.315454545454543,6.8545454545454545,30,55,0,2.68929790694955,0.0,0.0,0.0,0.0,0.0,0.0,0.0,1
1649,2022-04-10,UK,24.0,M,Basic,12.31,996,0,18-25,Europe,299,5.537037037037037,1434.32,26.56148148148148,7.37037037037037,33,54,1,2.5381092573756474,0.0,0.0,0.0,0.0,0.0,0.0,0.0,0
1650,2023-10-05,France,60.0,F,Premium,32.72,453,1,51+,Europe,276,5.111111111111111,1743.8,32.29259259259259,6.722222222222222,24,54,1,2.2290252262187384,0.0,0.0,0.0,0.0,0.0,0.0,0.0,0
1651,2023-10-24,UK,67.0,F,Premium,38.99,434,1,51+,Europe,206,5.421052631578948,999.0,26.289473684210527,7.2105263157894735,16,38,0,2.9004340676765663,0.0,0.0,0.0,0.0,0.0,0.0,0.0,1
1652,2022-02-10,USA,18.0,F,Basic,10.43,1055,0,18-25,North America,287,5.415094339622642,1396.44,26.34792452830189,7.339622641509434,26,53,3,2.7903264370937433,0.0,0.0,0.0,0.0,0.0,0.0,0.0,0
1653,2022-11-13,USA,52.0,F,Premium,31.43,779,1,51+,North America,244,5.4222222222222225,1024.39,22.764222222222223,7.888888888888889,25,45,0,2.6154166093385656,1.0,0.0,1.0,100.0,0.0,0.0,122.0,0
1654,2024-03-18,UK,49.0,F,Basic,13.17,288,0,36-50,Europe,252,5.7272727272727275,1307.9,29.725,7.7272727272727275,24,44,1,2.573240074697578,0.0,0.0,0.0,0.0,0.0,0.0,0.0,0
1655,2023-03-28,France,53.0,M,Basic,14.24,644,0,51+,Europe,305,4.420289855072464,2035.8,29.504347826086956,7.2898550724637685,33,69,2,2.5518493703324565,5.0,7.931759259259259,2.0,40.0,0.0,3.0,33.0,1
1656,2022-02-04,UK,43.5,F,Basic,10.47,1061,0,36-50,Europe,120,6.315789473684211,458.55,24.13421052631579,7.0,12,19,3,1.796683103788366,4.0,26.53009259259259,1.0,75.0,1.0,4.0,31.0,0
1657,2023-08-17,Italy,23.0,F,Premium,37.33,502,1,18-25,Europe,107,5.35,514.85,25.7425,9.05,11,20,0,2.433861994963214,2.0,26.491249999999997,0.0,50.0,0.0,4.5,51.0,0
1658,2023-01-09,Australia,31.0,F,Basic,13.7,722,0,26-35,Oceania,91,4.55,712.8,35.64,7.8,10,20,5,2.502104377476982,5.0,9.019537037037036,2.0,80.0,0.0,4.666666666666667,113.0,0
1659,2024-01-20,Germany,54.0,F,Basic,12.9,346,0,51+,Europe,252,5.478260869565218,1365.51,29.685,7.043478260869565,23,46,4,2.639352870473978,2.0,8.370277777777778,0.0,50.0,0.0,3.0,202.0,1
1660,2022-05-15,UK,65.0,M,Basic,12.42,961,0,51+,Europe,195,5.131578947368421,957.33,25.192894736842106,7.657894736842105,28,38,3,2.7624025249436546,0.0,0.0,0.0,0.0,0.0,0.0,0.0,0
1661,2022-04-03,Italy,32.0,M,Basic,11.6,1003,0,26-35,Europe,134,5.583333333333333,810.28,33.76166666666666,7.25,17,24,0,2.5523504370723056,2.0,22.524722222222223,0.0,50.0,0.0,4.0,206.0,0
1662,2022-10-30,UK,64.0,M,Premium,33.5,793,1,51+,Europe,227,4.365384615384615,1659.67,31.91673076923077,8.615384615384615,25,52,5,2.604888663112044,0.0,0.0,0.0,0.0,0.0,0.0,0.0,0
1663,2022-12-01,UK,21.0,F,Basic,13.36,761,0,18-25,Europe,393,4.9125,2404.82,30.060250000000003,7.5625,42,80,0,2.724449776060935,0.0,0.0,0.0,0.0,0.0,0.0,0.0,0
1664,2024-02-05,Canada,57.0,M,Basic,10.32,330,0,51+,North America,105,4.7727272727272725,480.23,21.828636363636363,9.590909090909092,7,22,2,2.6355051595258634,0.0,0.0,0.0,0.0,0.0,0.0,0.0,0
1665,2023-03-02,France,33.0,F,Enterprise,158.48,670,1,26-35,Europe,264,4.981132075471698,1304.34,24.610188679245283,7.962264150943396,29,53,1,2.5905936803821614,0.0,0.0,0.0,0.0,0.0,0.0,0.0,0
1666,2022-06-29,UK,45.0,M,Basic,11.38,916,0,36-50,Europe,157,3.738095238095238,1313.45,31.27261904761905,7.571428571428571,14,42,1,2.3691052526271497,2.0,26.43263888888889,0.0,0.0,1.0,3.0,241.0,0
1667,2022-07-25,Canada,33.0,M,Premium,34.66,890,1,26-35,North America,242,5.5,1450.8,32.97272727272727,7.681818181818182,24,44,2,2.2976226338199797,5.0,16.38157407407407,2.0,20.0,0.0,4.5,27.0,1
1668,2022-05-16,Spain,21.0,M,Basic,12.78,960,0,18-25,Europe,108,4.32,689.32,27.5728,7.88,16,25,7,2.7037011669191546,0.0,0.0,0.0,0.0,0.0,0.0,0.0,0
1669,2024-03-16,USA,62.0,M,Basic,14.42,290,0,51+,North America,422,5.146341463414634,2355.7,28.728048780487804,7.280487804878049,50,82,0,2.5245557057812955,0.0,0.0,0.0,0.0,0.0,0.0,0.0,1
1670,2023-07-07,Australia,43.0,F,Premium,35.78,543,1,36-50,Oceania,156,5.777777777777778,644.05,23.8537037037037,6.888888888888889,15,27,5,2.6937724952954465,0.0,0.0,0.0,0.0,0.0,0.0,0.0,0
1671,2024-06-16,Brazil,45.0,M,Basic,11.13,198,0,36-50,South America,117,4.68,709.4,28.375999999999998,6.84,13,25,0,2.3579652245103193,0.0,0.0,0.0,0.0,0.0,0.0,0.0,1
1672,2023-01-10,France,49.0,M,Premium,30.78,721,1,36-50,Europe,242,4.566037735849057,1546.67,29.18245283018868,6.528301886792453,31,53,1,2.5758451485518012,2.0,6.52486111111111,0.0,50.0,0.0,5.0,9.0,0
1673,2023-06-28,UK,62.0,M,Basic,13.12,552,0,51+,Europe,223,5.439024390243903,1185.95,28.92560975609756,7.951219512195122,26,41,1,2.7207423664121975,0.0,0.0,0.0,0.0,0.0,0.0,0.0,1
1674,2023-05-29,Germany,19.0,F,Basic,12.72,582,0,18-25,Europe,80,6.153846153846154,369.83,28.448461538461537,8.923076923076923,6,13,1,2.853248261372578,4.0,6.562407407407407,1.0,50.0,0.0,4.333333333333333,89.0,1
1675,2022-10-07,Italy,48.0,F,Premium,36.71,816,1,36-50,Europe,261,4.833333333333333,1507.72,27.92074074074074,7.555555555555555,22,54,0,2.826758928125256,0.0,0.0,0.0,0.0,0.0,0.0,0.0,1
1676,2024-04-30,Brazil,20.0,M,Basic,12.29,245,0,18-25,South America,390,5.27027027027027,1800.48,24.33081081081081,6.5675675675675675,39,74,1,2.445556760976697,4.0,13.577291666666667,0.0,50.0,2.0,5.0,63.0,0
1677,2022-06-18,USA,25.0,F,Basic,14.12,927,0,18-25,North America,295,4.916666666666667,1856.53,30.942166666666665,8.45,31,60,0,2.472161386500476,0.0,0.0,0.0,0.0,0.0,0.0,0.0,0
1678,2022-09-21,Italy,41.0,M,Premium,39.19,832,1,36-50,Europe,275,4.824561403508772,1632.13,28.633859649122808,8.210526315789474,30,57,0,2.421059442073891,0.0,0.0,0.0,0.0,0.0,0.0,0.0,0
1679,2024-04-24,UK,32.0,M,Premium,30.39,251,1,26-35,Europe,314,4.90625,1953.93,30.53015625,7.078125,40,64,2,2.441172955123294,4.0,3.8594444444444447,2.0,50.0,1.0,4.0,15.0,1
1680,2023-05-09,Australia,60.0,F,Basic,13.71,602,0,51+,Oceania,45,4.5,340.77,34.077,6.3,5,10,2,2.173067468400883,0.0,0.0,0.0,0.0,0.0,0.0,0.0,1
1681,2024-04-05,Mexico,48.0,M,Premium,30.34,270,1,36-50,North America,326,4.865671641791045,2043.52,30.500298507462688,7.343283582089552,22,67,0,2.7185976910346223,0.0,0.0,0.0,0.0,0.0,0.0,0.0,0
1682,2022-10-30,Italy,26.0,F,Enterprise,144.5,793,1,26-35,Europe,225,5.487804878048781,1219.63,29.74707317073171,6.926829268292683,25,41,7,2.6937144542389064,0.0,0.0,0.0,0.0,0.0,0.0,0.0,0
1683,2024-02-04,Mexico,56.0,Unknown,Basic,12.3,331,0,51+,North America,61,4.357142857142857,435.84,31.131428571428568,7.928571428571429,6,14,5,2.4053511772118195,5.0,9.449555555555555,0.0,40.0,1.0,4.333333333333333,82.0,0
1684,2024-06-10,USA,62.0,F,Basic,13.47,204,0,51+,North America,256,5.019607843137255,1533.3799999999999,30.066274509803918,6.588235294117647,33,51,0,2.7820150688192284,0.0,0.0,0.0,0.0,0.0,0.0,0.0,0
1685,2022-12-13,Australia,19.0,M,Basic,11.75,749,0,18-25,Oceania,247,5.145833333333333,1340.02,27.917083333333334,7.291666666666667,33,48,0,2.4406973483206165,0.0,0.0,0.0,0.0,0.0,0.0,0.0,0
1686,2024-04-03,UK,25.0,F,Premium,38.2,272,1,18-25,Europe,186,5.166666666666667,1179.16,32.754444444444445,6.194444444444445,24,36,3,2.6131535409484514,4.0,23.70388888888889,3.0,75.0,1.0,0.0,62.0,0
1687,2022-04-28,Canada,24.0,F,Premium,33.42,978,1,18-25,North America,398,5.4520547945205475,1879.95,25.752739726027396,7.205479452054795,32,73,0,2.5333393414973213,0.0,0.0,0.0,0.0,0.0,0.0,0.0,1
1688,2023-04-25,USA,61.0,M,Premium,33.42,616,1,51+,North America,236,4.72,1290.16,25.8032,7.5,22,50,0,2.5155840803491585,1.0,6.765555555555555,0.0,0.0,0.0,0.0,300.0,0
1689,2022-03-19,USA,68.0,F,Enterprise,122.27,1018,1,51+,North America,247,4.8431372549019605,1633.57,32.03078431372549,6.8431372549019605,31,51,1,2.484935001319816,3.0,17.119999999999997,0.0,33.33333333333333,0.0,5.0,144.0,0
1690,2022-05-25,UK,56.0,M,Basic,13.41,951,0,51+,Europe,179,5.264705882352941,918.03,27.000882352941176,8.5,14,34,2,2.573864251199102,0.0,0.0,0.0,0.0,0.0,0.0,0.0,0
1691,2024-02-12,UK,59.0,F,Basic,10.37,323,0,51+,Europe,215,5.512820512820513,1370.46,35.14,7.743589743589744,15,39,0,2.3381481074131574,0.0,0.0,0.0,0.0,0.0,0.0,0.0,0
1692,2022-08-20,USA,33.0,M,Basic,11.81,864,0,26-35,North America,287,4.948275862068965,1451.28,25.022068965517242,7.793103448275862,33,58,2,2.509088139341878,0.0,0.0,0.0,0.0,0.0,0.0,0.0,0
1693,2024-05-30,Italy,52.0,M,Basic,11.32,215,0,51+,Europe,320,5.423728813559322,1497.24,25.376949152542373,8.152542372881356,26,59,0,2.6600712320674247,0.0,0.0,0.0,0.0,0.0,0.0,0.0,0
1694,2023-11-24,Brazil,47.0,F,Premium,32.28,403,1,36-50,South America,48,6.0,214.95999999999998,26.869999999999997,9.125,3,8,0,2.32992949004287,4.0,9.864166666666666,0.0,50.0,0.0,5.0,95.0,0
1695,2024-01-12,UK,27.0,M,Premium,30.6,354,1,26-35,Europe,362,5.323529411764706,1817.61,26.72955882352941,7.205882352941177,34,68,0,2.5941448219656107,0.0,0.0,0.0,0.0,0.0,0.0,0.0,0
1696,2023-11-22,Canada,55.0,F,Basic,10.94,405,0,51+,North America,227,5.159090909090909,1244.42,28.28227272727273,7.886363636363637,21,44,1,2.514545423971848,0.0,0.0,0.0,0.0,0.0,0.0,0.0,0
1697,2023-02-11,Spain,35.0,M,Basic,12.22,689,0,26-35,Europe,291,4.619047619047619,1560.64,24.772063492063495,8.26984126984127,31,63,1,2.471962596468849,0.0,0.0,0.0,0.0,0.0,0.0,0.0,0
1698,2024-05-16,Canada,67.0,M,Premium,35.03,229,1,51+,North America,110,5.238095238095238,416.1,19.814285714285717,5.666666666666667,15,21,6,2.7000881819815055,4.0,11.76763888888889,2.0,25.0,2.0,0.0,52.0,0
1699,2024-04-03,UK,22.0,F,Basic,11.34,272,0,18-25,Europe,365,5.0,1929.3700000000001,26.429726027397262,7.136986301369863,39,73,0,2.5495097567963927,0.0,0.0,0.0,0.0,0.0,0.0,0.0,1
1700,2023-07-25,USA,70.0,F,Basic,13.24,525,0,51+,North America,234,5.318181818181818,1545.47,35.12431818181818,7.545454545454546,26,44,1,2.8674007942752913,2.0,13.102083333333333,0.0,50.0,1.0,4.5,192.0,0
1701,2023-01-10,Canada,46.0,M,Basic,11.67,721,0,36-50,North America,50,4.545454545454546,404.02,36.72909090909091,7.636363636363637,6,11,2,2.2962419891481978,0.0,0.0,0.0,0.0,0.0,0.0,0.0,0
1702,2022-04-03,Germany,56.0,M,Basic,11.83,1003,0,51+,Europe,241,4.381818181818182,2118.56,38.51927272727273,7.654545454545454,31,55,1,2.3842920301105073,0.0,0.0,0.0,0.0,0.0,0.0,0.0,0
1703,2024-03-20,Spain,51.0,M,Enterprise,178.25,286,1,51+,Europe,306,5.773584905660377,1678.76,31.674716981132075,7.735849056603773,21,53,0,2.686443956622857,3.0,30.32333333333333,1.0,33.33333333333333,1.0,4.5,203.0,0
1704,2023-02-09,USA,60.0,M,Basic,12.75,691,0,51+,North America,240,5.853658536585366,1188.68,28.99219512195122,7.219512195121951,21,41,3,2.2199208950968963,2.0,15.38111111111111,0.0,50.0,0.0,3.5,95.0,0
1705,2022-01-15,UK,62.0,M,Premium,39.52,1081,1,51+,Europe,222,5.162790697674419,1245.44,28.963720930232558,7.558139534883721,23,43,0,2.8024668772363115,2.0,22.066388888888888,0.0,50.0,0.0,4.0,66.0,0
1706,2022-09-28,USA,40.0,M,Basic,11.79,825,0,36-50,North America,499,5.670454545454546,2671.69,30.360113636363636,8.011363636363637,52,88,0,2.4007737780853735,3.0,13.954583333333334,1.0,66.66666666666666,1.0,0.0,77.0,0
1707,2023-07-04,Germany,22.0,F,Basic,14.13,546,0,18-25,Europe,106,5.0476190476190474,709.33,33.77761904761905,8.238095238095237,7,21,1,2.3764719749281804,0.0,0.0,0.0,0.0,0.0,0.0,0.0,0
1708,2022-05-07,Spain,47.0,F,Basic,13.68,969,0,36-50,Europe,272,5.037037037037037,1819.06,33.6862962962963,7.37037037037037,26,54,0,2.8348435979816364,0.0,0.0,0.0,0.0,0.0,0.0,0.0,0
1709,2023-04-11,UK,23.0,M,Basic,14.44,630,0,18-25,Europe,441,5.653846153846154,2215.45,28.403205128205126,7.294871794871795,44,78,0,2.416538917472744,0.0,0.0,0.0,0.0,0.0,0.0,0.0,0
1710,2023-01-13,UK,63.0,M,Basic,14.77,718,0,51+,Europe,165,4.583333333333333,1067.05,29.640277777777776,7.416666666666667,22,36,0,2.600824045237531,1.0,4.698611111111111,0.0,100.0,0.0,5.0,263.0,0
1711,2023-11-20,UK,61.0,M,Basic,10.03,407,0,51+,Europe,285,5.181818181818182,1778.68,32.339636363636366,7.090909090909091,34,55,1,2.722273757500228,0.0,0.0,0.0,0.0,0.0,0.0,0.0,0
1712,2024-02-06,Spain,21.0,F,Basic,10.43,329,0,18-25,Europe,233,4.66,1636.21,32.7242,7.22,19,50,0,2.7524386219036643,3.0,6.264444444444444,1.0,66.66666666666666,0.0,4.5,38.0,0
1713,2023-11-20,USA,46.0,F,Premium,36.73,407,1,36-50,North America,243,4.2631578947368425,1542.02,27.052982456140352,7.473684210526316,33,57,0,2.5531934890409707,4.0,29.8337037037037,1.0,25.0,0.0,5.0,63.0,0
1714,2022-09-26,Italy,40.0,F,Basic,11.94,827,0,36-50,Europe,56,4.3076923076923075,368.03,28.31,6.3076923076923075,9,13,0,3.2502465389724766,1.0,12.321944444444444,0.0,0.0,0.0,0.0,316.0,0
1715,2023-08-22,UK,23.0,F,Basic,14.09,497,0,18-25,Europe,391,5.077922077922078,2216.29,28.78298701298701,7.233766233766234,35,77,0,2.4961350849401778,0.0,0.0,0.0,0.0,0.0,0.0,0.0,0
1716,2023-01-26,UK,49.0,F,Premium,30.11,705,1,36-50,Europe,130,5.0,735.55,28.290384615384614,7.576923076923077,11,26,0,2.7422618401604177,0.0,0.0,0.0,0.0,0.0,0.0,0.0,1
1717,2024-04-22,USA,59.0,M,Basic,14.02,253,0,51+,North America,279,5.166666666666667,1605.52,29.73185185185185,7.407407407407407,26,54,1,2.4475632857468366,0.0,0.0,0.0,0.0,0.0,0.0,0.0,0
1718,2023-10-16,USA,35.0,M,Enterprise,113.51,442,1,26-35,North America,285,5.7,1509.72,30.1944,7.2,18,50,0,2.837432009434458,1.0,15.845,0.0,0.0,0.0,0.0,101.0,0
1719,2023-01-16,UK,32.0,F,Enterprise,129.01,715,1,26-35,Europe,145,5.8,794.64,31.7856,6.4,7,25,1,2.7233557730613653,0.0,0.0,0.0,0.0,0.0,0.0,0.0,0
1720,2022-04-21,Canada,57.0,M,Premium,39.68,985,1,51+,North America,330,5.0,2157.67,32.6919696969697,7.257575757575758,39,66,0,2.7679484210401144,0.0,0.0,0.0,0.0,0.0,0.0,0.0,0
1721,2023-11-23,USA,49.0,F,Premium,30.51,404,1,36-50,North America,223,4.551020408163265,1546.02,31.55142857142857,8.63265306122449,22,49,0,2.923049381566249,2.0,9.698472222222222,0.0,0.0,0.0,4.0,291.0,0
1722,2022-08-28,Mexico,26.0,F,Basic,11.74,856,0,26-35,North America,114,5.181818181818182,799.35,36.33409090909091,7.363636363636363,15,22,0,2.872469712822444,0.0,0.0,0.0,0.0,0.0,0.0,0.0,0
1723,2023-04-28,Canada,43.5,F,Basic,10.41,613,0,36-50,North America,296,5.016949152542373,1832.93,31.066610169491526,7.305084745762712,22,59,0,2.596360353182288,2.0,11.48638888888889,0.0,0.0,0.0,3.0,21.0,1
1724,2022-01-26,Brazil,27.0,M,Premium,38.53,1070,1,26-35,South America,34,4.25,306.57,38.32125,6.5,2,8,6,2.3145502494313788,0.0,0.0,0.0,0.0,0.0,0.0,0.0,0
1725,2023-09-27,Canada,37.0,F,Basic,13.51,461,0,36-50,North America,158,5.096774193548387,1204.12,38.842580645161284,7.419354838709677,17,31,0,2.9023535129233475,1.0,4.948055555555555,0.0,100.0,0.0,0.0,19.0,1
1726,2024-06-24,USA,23.0,Unknown,Basic,13.99,190,0,18-25,North America,65,4.0625,467.63,29.226875,7.9375,8,16,2,2.4891430921771716,1.0,0.0,1.0,100.0,1.0,0.0,333.0,0
1727,2023-07-29,France,65.0,F,Premium,35.26,521,1,51+,Europe,312,5.2,2016.8700000000001,33.6145,6.716666666666667,31,60,0,2.536513020878218,2.0,12.9275,0.0,50.0,2.0,4.0,39.0,1
1728,2022-12-02,Italy,20.0,F,Premium,33.57,760,1,18-25,Europe,213,4.4375,1567.49,32.65604166666667,8.479166666666666,26,48,0,2.6329035020417724,0.0,0.0,0.0,0.0,0.0,0.0,0.0,1
1729,2023-09-17,USA,59.0,Other,Basic,10.0,471,0,51+,North America,240,5.333333333333333,1257.57,27.945999999999998,6.777777777777778,16,45,1,2.142640681707759,0.0,0.0,0.0,0.0,0.0,0.0,0.0,0
1730,2022-08-15,UK,28.0,Unknown,Basic,11.38,869,0,26-35,Europe,208,4.837209302325581,1086.38,25.2646511627907,8.023255813953488,30,43,0,2.5064700330500806,5.0,22.184,0.0,20.0,1.0,4.0,60.0,0
1731,2023-10-26,France,60.0,M,Basic,12.56,432,0,51+,Europe,421,4.952941176470588,2647.62,31.14847058823529,8.458823529411765,37,85,0,2.409830473947341,2.0,10.306111111111113,1.0,50.0,0.0,0.0,243.0,0
1732,2022-03-06,France,34.0,M,Premium,36.63,1031,1,26-35,Europe,186,4.428571428571429,1382.7,32.92142857142857,7.642857142857143,27,42,0,2.5388960261024645,1.0,21.99944444444445,0.0,0.0,0.0,0.0,40.0,0
1733,2023-10-13,Spain,49.0,M,Basic,11.13,445,0,36-50,Europe,150,4.545454545454546,1037.75,31.446969696969695,7.424242424242424,17,33,0,2.78490247911517,5.0,25.213958333333334,1.0,60.0,2.0,3.3333333333333335,19.0,0
1734,2024-04-23,USA,21.0,F,Enterprise,113.88,252,1,18-25,North America,116,4.833333333333333,817.45,34.06041666666667,7.291666666666667,11,24,1,2.648488767886922,2.0,19.590138888888887,0.0,50.0,0.0,5.0,242.0,0
1735,2023-04-21,USA,21.0,Other,Premium,32.01,620,1,18-25,North America,194,5.105263157894737,1159.95,30.525000000000002,7.0,14,38,5,2.4249767196899867,0.0,0.0,0.0,0.0,0.0,0.0,0.0,0
1736,2023-12-19,France,34.0,M,Basic,11.76,378,0,26-35,Europe,269,4.203125,1813.83,28.34109375,7.015625,29,64,2,2.6677360207094094,2.0,13.623611111111112,1.0,100.0,0.0,0.0,42.0,0
1737,2022-11-06,Brazil,58.0,M,Basic,10.73,786,0,51+,South America,309,5.237288135593221,1654.22,28.037627118644068,7.491525423728813,33,59,1,2.5619159253671677,0.0,0.0,0.0,0.0,0.0,0.0,0.0,0
1738,2023-10-27,Canada,36.0,M,Basic,10.77,431,0,36-50,North America,230,4.423076923076923,1670.74,32.129615384615384,8.576923076923077,28,52,0,2.5540905587316414,4.0,18.157777777777778,0.0,50.0,0.0,3.5,91.0,0
1739,2023-02-23,Spain,22.0,F,Enterprise,104.37,677,1,18-25,Europe,316,5.015873015873016,1779.99,28.253809523809522,6.888888888888889,24,63,0,2.2753380712442848,0.0,0.0,0.0,0.0,0.0,0.0,0.0,1
1740,2022-04-30,Italy,49.0,M,Basic,14.27,976,0,36-50,Europe,295,5.267857142857143,1503.99,26.856964285714287,8.035714285714286,32,56,4,2.8887938434803324,0.0,0.0,0.0,0.0,0.0,0.0,0.0,0
1741,2022-05-24,France,39.0,M,Premium,32.19,952,1,36-50,Europe,197,5.472222222222222,941.64,26.156666666666666,6.333333333333333,22,36,0,2.4667631898746656,0.0,0.0,0.0,0.0,0.0,0.0,0.0,1
1742,2022-02-16,Germany,23.0,M,Basic,14.1,1049,0,18-25,Europe,244,5.545454545454546,1466.3799999999999,33.326818181818176,8.477272727272727,22,44,1,2.671595163720744,3.0,21.80712962962963,0.0,100.0,0.0,4.333333333333333,173.0,0
1743,2022-02-08,USA,43.5,M,Basic,12.18,1057,0,36-50,North America,236,5.7560975609756095,1269.87,30.97243902439024,7.634146341463414,14,41,1,2.6151528426162596,0.0,0.0,0.0,0.0,0.0,0.0,0.0,1
1744,2022-11-08,USA,39.0,F,Enterprise,163.23,784,1,36-50,North America,194,4.619047619047619,1218.53,29.012619047619047,7.071428571428571,18,42,1,2.537065531253034,0.0,0.0,0.0,0.0,0.0,0.0,0.0,0
1745,2023-05-20,USA,18.0,M,Basic,10.37,591,0,18-25,North America,165,4.583333333333333,1109.22,30.811666666666667,8.944444444444445,15,36,3,2.2725064827818895,0.0,0.0,0.0,0.0,0.0,0.0,0.0,0
1746,2022-04-29,UK,37.0,M,Premium,35.83,977,1,36-50,Europe,261,5.326530612244898,1282.8799999999999,26.181224489795916,7.224489795918367,22,49,0,2.6330254706803924,2.0,19.907777777777778,0.0,50.0,0.0,4.0,59.0,0
1747,2022-04-10,Australia,39.0,M,Basic,11.44,996,0,36-50,Oceania,212,4.608695652173913,1359.21,29.54804347826087,7.586956521739131,13,46,6,2.670649200055757,0.0,0.0,0.0,0.0,0.0,0.0,0.0,0
1748,2022-08-29,Australia,65.0,F,Premium,30.94,855,1,51+,Oceania,406,4.776470588235294,2240.36,26.357176470588236,8.023529411764706,58,85,0,2.5791123915586374,0.0,0.0,0.0,0.0,0.0,0.0,0.0,0
1749,2024-06-27,USA,28.0,F,Premium,39.07,187,1,26-35,North America,198,4.714285714285714,1115.8700000000001,26.568333333333335,8.047619047619047,20,42,0,2.5209920065053972,5.0,11.86513888888889,1.0,60.0,1.0,0.0,22.0,0
1750,2023-07-05,Mexico,30.0,M,Premium,36.03,545,1,26-35,North America,273,5.352941176470588,1228.39,24.086078431372552,7.0,27,51,0,2.520504151250417,1.0,22.314166666666665,0.0,0.0,0.0,5.0,340.0,1
1751,2022-05-19,UK,59.0,M,Basic,11.2,957,0,51+,Europe,78,4.875,481.44,30.09,8.25,2,16,3,2.578759391645525,1.0,12.879166666666666,0.0,0.0,0.0,5.0,98.0,0
1752,2023-02-02,USA,20.0,F,Basic,12.09,698,0,18-25,North America,214,4.976744186046512,1324.85,30.81046511627907,7.372093023255814,18,43,0,2.1875009887673764,0.0,0.0,0.0,0.0,0.0,0.0,0.0,0
1753,2023-04-10,Australia,26.0,M,Basic,11.77,631,0,26-35,Oceania,152,4.3428571428571425,1119.28,31.97942857142857,7.714285714285714,22,35,0,2.7110108505745187,0.0,0.0,0.0,0.0,0.0,0.0,0.0,0
1754,2023-01-15,USA,29.0,F,Basic,13.49,716,0,26-35,North America,354,5.130434782608695,2313.16,33.52405797101449,7.565217391304348,30,69,0,2.4429553189809026,4.0,17.204722222222223,1.0,0.0,0.0,3.5,26.0,0
1755,2023-11-18,UK,40.0,M,Premium,36.06,409,1,36-50,Europe,119,5.95,524.8100000000001,26.240500000000004,5.85,11,20,0,2.3050288273114594,2.0,11.40013888888889,0.0,0.0,0.0,4.0,79.0,1
1756,2024-01-31,Australia,31.0,M,Basic,10.09,335,0,26-35,Oceania,282,5.222222222222222,1755.4,32.507407407407406,7.444444444444445,18,54,1,2.717286845134709,5.0,8.625092592592592,2.0,60.0,1.0,3.6666666666666665,12.0,0
1757,2023-12-15,Canada,50.0,F,Basic,10.98,382,0,36-50,North America,308,4.8125,2016.81,31.51265625,8.0625,33,64,0,2.4936427106251546,0.0,0.0,0.0,0.0,0.0,0.0,0.0,0
1758,2023-07-08,Canada,35.0,F,Premium,34.77,542,1,26-35,North America,350,4.72972972972973,1957.75,26.45608108108108,7.6891891891891895,31,74,0,2.7112010041414223,5.0,15.371805555555556,1.0,40.0,1.0,4.333333333333333,11.0,0
1759,2023-03-06,USA,66.0,F,Premium,34.44,666,1,51+,North America,274,4.9818181818181815,1567.57,28.501272727272728,7.545454545454546,23,55,2,2.621074907367904,0.0,0.0,0.0,0.0,0.0,0.0,0.0,0
1760,2023-08-25,Brazil,58.0,M,Enterprise,151.66,494,1,51+,South America,80,5.0,471.08,29.4425,7.0625,10,16,6,2.943920288775949,1.0,30.37638888888889,0.0,100.0,0.0,4.0,360.0,0
1761,2024-01-31,USA,26.0,M,Basic,13.56,335,0,26-35,North America,66,5.5,421.46,35.12166666666666,6.25,10,12,6,2.7797972457128464,0.0,0.0,0.0,0.0,0.0,0.0,0.0,0
1762,2024-01-15,Italy,40.0,M,Basic,13.4,351,0,36-50,Europe,43,7.166666666666667,237.07,39.51166666666666,9.666666666666666,3,6,15,1.9407902170679514,0.0,0.0,0.0,0.0,0.0,0.0,0.0,0
1763,2022-06-08,France,27.0,F,Basic,11.85,937,0,26-35,Europe,292,4.709677419354839,1814.99,29.274032258064516,8.0,39,62,0,2.5759740909385473,0.0,0.0,0.0,0.0,0.0,0.0,0.0,0
1764,2024-06-25,Germany,36.0,F,Basic,14.38,189,0,36-50,Europe,318,5.781818181818182,1766.62,32.120363636363635,7.9818181818181815,35,55,1,2.6224875743158584,0.0,0.0,0.0,0.0,0.0,0.0,0.0,0
1765,2023-03-01,USA,64.0,M,Basic,10.3,671,0,51+,North America,81,4.2631578947368425,595.96,31.366315789473685,7.421052631578948,12,19,13,2.684153192828811,1.0,12.000833333333333,0.0,0.0,0.0,0.0,294.0,1
1766,2023-11-02,Australia,22.0,F,Enterprise,158.44,425,1,18-25,Oceania,28,4.666666666666667,240.3,40.050000000000004,7.0,3,6,16,2.8751811537130436,0.0,0.0,0.0,0.0,0.0,0.0,0.0,0
1767,2022-04-12,Mexico,64.0,F,Basic,14.74,994,0,51+,North America,52,4.333333333333333,373.4,31.116666666666664,10.833333333333334,2,12,6,2.70801280154532,1.0,5.670833333333333,0.0,0.0,1.0,4.0,111.0,0
1768,2024-05-03,Spain,69.0,M,Basic,12.74,242,0,51+,Europe,414,4.813953488372093,2365.04,27.50046511627907,7.523255813953488,48,86,0,2.447143006023323,0.0,0.0,0.0,0.0,0.0,0.0,0.0,1
1769,2023-05-17,USA,43.5,F,Basic,12.27,594,0,36-50,North America,370,5.4411764705882355,2070.8,30.452941176470592,7.5,40,68,1,2.45181841102316,4.0,10.225833333333334,0.0,50.0,0.0,3.5,3.0,0
1770,2023-09-23,Spain,47.0,M,Basic,10.66,465,0,36-50,Europe,319,5.406779661016949,1757.51,29.78830508474576,7.186440677966102,21,59,0,2.5536899878532537,0.0,0.0,0.0,0.0,0.0,0.0,0.0,0
1771,2023-02-22,UK,42.0,M,Basic,14.04,678,0,36-50,Europe,245,4.454545454545454,1540.44,28.008000000000003,7.527272727272727,33,55,0,2.379061298061204,2.0,17.951805555555556,0.0,100.0,0.0,4.0,229.0,1
1772,2022-10-14,USA,45.0,Other,Basic,11.86,809,0,36-50,North America,95,5.0,718.59,37.82052631578947,7.526315789473684,8,19,13,2.357022603955158,1.0,27.108888888888888,0.0,0.0,1.0,0.0,364.0,0
1773,2022-02-03,Germany,51.0,M,Basic,13.5,1062,0,51+,Europe,80,5.333333333333333,403.49,26.899333333333335,7.133333333333334,10,15,0,2.1930626551751344,5.0,26.04533333333334,0.0,20.0,1.0,3.5,84.0,1
1774,2023-12-08,UK,62.0,M,Basic,10.98,389,0,51+,Europe,49,5.444444444444445,285.84,31.759999999999998,8.88888888888889,1,9,2,3.1269438398822866,4.0,14.175138888888888,2.0,50.0,0.0,4.5,50.0,0
1775,2023-01-15,UK,65.0,F,Basic,10.2,716,0,51+,Europe,160,5.517241379310345,880.1800000000001,30.351034482758624,7.620689655172414,11,29,4,2.3697602298118747,0.0,0.0,0.0,0.0,0.0,0.0,0.0,0
1776,2022-08-11,UK,64.0,Other,Premium,33.04,873,1,51+,Europe,326,5.620689655172414,1924.72,33.1848275862069,7.931034482758621,32,58,0,2.5049255772598125,1.0,4.505833333333333,0.0,0.0,0.0,4.0,205.0,0
1777,2023-03-31,Spain,42.0,Other,Basic,11.4,641,0,36-50,Europe,325,5.078125,1978.0,30.90625,8.125,17,64,0,2.2908007021875245,5.0,8.279861111111112,1.0,40.0,3.0,4.333333333333333,136.0,1
1778,2023-04-01,France,27.0,F,Basic,14.36,640,0,26-35,Europe,261,5.553191489361702,1201.72,25.568510638297873,6.297872340425532,19,47,0,2.348065907510467,0.0,0.0,0.0,0.0,0.0,0.0,0.0,1
1779,2022-08-30,USA,31.0,M,Enterprise,186.46,854,1,26-35,North America,284,4.4375,1870.88,29.2325,7.5625,41,64,0,2.6178568721713193,2.0,8.119166666666667,1.0,0.0,0.0,0.0,85.0,0
1780,2024-05-25,France,59.0,F,Basic,12.66,220,0,51+,Europe,293,4.966101694915254,1899.97,32.202881355932206,7.033898305084746,25,59,0,2.5186620811722653,0.0,0.0,0.0,0.0,0.0,0.0,0.0,0
1781,2023-01-07,Australia,63.0,F,Basic,10.08,724,0,51+,Oceania,252,5.04,1550.71,31.014200000000002,6.42,23,50,0,2.6492971728751162,2.0,27.044305555555553,0.0,50.0,0.0,3.0,109.0,1
1782,2022-04-12,Canada,47.0,M,Premium,32.27,994,1,36-50,North America,52,5.2,384.33,38.433,7.1,1,10,17,3.0477678535099892,0.0,0.0,0.0,0.0,0.0,0.0,0.0,1
1783,2023-12-04,Italy,58.0,F,Basic,13.19,393,0,51+,Europe,100,4.761904761904762,768.77,36.60809523809524,6.428571428571429,16,21,2,2.896631870030465,0.0,0.0,0.0,0.0,0.0,0.0,0.0,0
1784,2023-01-12,France,42.0,M,Premium,31.0,719,1,36-50,Europe,38,4.75,345.48,43.185,6.75,4,8,19,2.6049403612586386,0.0,0.0,0.0,0.0,0.0,0.0,0.0,0
1785,2023-07-12,Brazil,31.0,M,Enterprise,170.05,538,1,26-35,South America,159,5.482758620689655,805.17,27.764482758620687,7.206896551724138,14,29,6,2.7336617208317646,0.0,0.0,0.0,0.0,0.0,0.0,0.0,1
1786,2023-10-23,Italy,52.0,F,Basic,10.05,435,0,51+,Europe,76,5.428571428571429,416.71000000000004,29.765000000000004,4.142857142857143,10,14,0,2.533294775106604,4.0,18.88048611111111,0.0,25.0,0.0,3.3333333333333335,91.0,1
1787,2023-01-03,Italy,69.0,F,Premium,36.82,728,1,51+,Europe,240,5.0,1514.01,31.541875,7.104166666666667,20,48,1,2.526455763199557,1.0,16.038333333333334,0.0,100.0,0.0,0.0,62.0,0
1788,2022-03-04,Germany,65.0,M,Basic,14.21,1033,0,51+,Europe,315,5.080645161290323,1986.93,32.04725806451613,7.854838709677419,20,62,1,2.517469371404508,4.0,20.541944444444447,2.0,25.0,1.0,4.0,240.0,0
1789,2023-02-12,USA,51.0,M,Basic,12.34,688,0,51+,North America,324,5.684210526315789,1638.7,28.749122807017546,7.491228070175438,28,57,0,2.4286819965984643,2.0,0.0,2.0,50.0,0.0,0.0,51.0,1
1790,2022-10-10,Germany,27.0,F,Premium,38.28,813,1,26-35,Europe,46,5.75,288.24,36.03,4.5,0,8,6,2.3145502494313788,3.0,18.545694444444443,1.0,66.66666666666666,1.0,4.0,110.0,1
1791,2022-07-14,Italy,52.0,M,Enterprise,178.14,901,1,51+,Europe,212,4.326530612244898,1562.32,31.88408163265306,7.326530612244898,11,49,1,2.4185718504767166,1.0,35.88166666666667,0.0,100.0,0.0,4.0,145.0,0
1792,2022-05-06,UK,43.5,M,Premium,36.7,970,1,36-50,Europe,111,5.55,788.55,39.427499999999995,10.25,13,20,1,2.5848750351551666,0.0,0.0,0.0,0.0,0.0,0.0,0.0,1
1793,2024-05-18,UK,28.0,F,Basic,12.22,227,0,26-35,Europe,29,4.142857142857143,338.3,48.32857142857143,9.285714285714286,1,7,27,2.5448360411214073,0.0,0.0,0.0,0.0,0.0,0.0,0.0,0
1794,2024-04-23,Italy,38.0,F,Basic,11.35,252,0,36-50,Europe,70,6.363636363636363,230.05,20.913636363636364,6.7272727272727275,7,11,4,2.419616799112094,4.0,17.88722222222222,1.0,50.0,0.0,4.333333333333333,9.0,0
1795,2023-04-11,Germany,38.0,F,Basic,14.29,630,0,36-50,Europe,189,5.25,988.19,27.449722222222224,6.75,18,36,0,2.5227535976162465,0.0,0.0,0.0,0.0,0.0,0.0,0.0,0
1796,2022-04-04,Mexico,39.0,F,Basic,13.23,1002,0,36-50,North America,234,4.9787234042553195,1612.08,34.299574468085105,8.02127659574468,26,47,1,2.4538289662779436,2.0,8.610833333333334,1.0,50.0,0.0,5.0,6.0,0
1797,2023-11-10,UK,62.0,F,Enterprise,179.79,417,1,51+,Europe,118,5.363636363636363,664.02,30.182727272727274,8.545454545454545,16,22,19,2.5920290736437965,0.0,0.0,0.0,0.0,0.0,0.0,0.0,0
1798,2022-08-06,Germany,24.0,F,Basic,12.75,878,0,18-25,Europe,375,4.934210526315789,2278.67,29.9825,7.473684210526316,41,76,0,2.510434365155637,3.0,12.453888888888889,0.0,33.33333333333333,0.0,3.5,187.0,0
1799,2023-10-20,France,34.0,M,Basic,10.85,438,0,26-35,Europe,198,4.4,1339.03,29.75622222222222,8.044444444444444,28,45,0,2.691738201507447,4.0,12.346481481481481,1.0,75.0,1.0,4.5,35.0,1
1800,2023-10-17,USA,19.0,F,Basic,14.89,441,0,18-25,North America,267,5.235294117647059,1503.1299999999999,29.473137254901957,7.529411764705882,28,51,0,2.717265061006141,0.0,0.0,0.0,0.0,0.0,0.0,0.0,0
1801,2023-09-04,Spain,29.0,M,Basic,10.9,484,0,26-35,Europe,79,4.388888888888889,555.28,30.848888888888887,7.166666666666667,9,18,11,2.63771043518224,0.0,0.0,0.0,0.0,0.0,0.0,0.0,0
1802,2022-01-22,USA,59.0,Unknown,Premium,39.1,1074,1,51+,North America,254,4.884615384615385,1461.83,28.112115384615382,7.596153846153846,18,52,1,2.280813805174881,4.0,11.101319444444446,0.0,25.0,0.0,3.0,14.0,0
1803,2022-02-21,Canada,35.0,M,Basic,11.03,1044,0,26-35,North America,467,5.695121951219512,2710.39,33.053536585365855,7.463414634146342,42,82,0,2.417472531743518,3.0,9.4275,1.0,0.0,1.0,2.0,55.0,0
1804,2024-03-16,Germany,28.0,F,Premium,33.73,290,1,26-35,Europe,189,4.973684210526316,1088.09,28.63394736842105,6.394736842105263,23,38,0,2.530749724459545,2.0,44.13527777777778,1.0,100.0,0.0,4.0,244.0,0
1805,2022-12-08,Brazil,33.0,M,Basic,12.19,754,0,26-35,South America,176,5.0285714285714285,1119.43,31.98371428571429,7.685714285714286,16,35,0,2.5950826155466813,4.0,11.43513888888889,0.0,50.0,0.0,3.0,40.0,1
1806,2022-09-07,USA,66.0,M,Basic,14.6,846,0,51+,North America,448,5.270588235294118,2146.29,25.250470588235295,7.117647058823529,40,85,0,2.687662443791018,1.0,0.0,1.0,100.0,1.0,0.0,356.0,0
1807,2022-05-09,Mexico,68.0,F,Premium,38.87,967,1,51+,North America,160,5.333333333333333,1123.84,37.46133333333333,8.433333333333334,19,30,2,2.73336136795267,1.0,8.584722222222222,0.0,0.0,0.0,5.0,118.0,0
1808,2024-03-16,UK,43.5,F,Basic,14.11,290,0,36-50,Europe,353,5.348484848484849,2063.13,31.259545454545457,7.545454545454546,22,66,1,2.317109766281621,3.0,19.091296296296296,0.0,66.66666666666666,0.0,5.0,65.0,0
1809,2023-08-02,Germany,52.0,F,Basic,11.87,517,0,51+,Europe,74,4.933333333333334,534.06,35.604,8.066666666666666,7,15,4,2.6583202716502514,2.0,7.318333333333333,1.0,50.0,0.0,5.0,56.0,0
1810,2022-07-30,USA,70.0,M,Premium,30.03,885,1,51+,North America,238,5.409090909090909,1401.54,31.853181818181817,6.9772727272727275,20,44,0,2.433469929651912,5.0,11.704791666666667,1.0,20.0,1.0,5.0,50.0,0
1811,2022-03-12,USA,43.0,M,Basic,13.4,1025,0,36-50,North America,395,5.563380281690141,2217.14,31.22732394366197,7.492957746478873,42,71,0,2.5226538994037737,2.0,11.641805555555555,0.0,100.0,1.0,3.0,16.0,0
1812,2024-04-29,Canada,33.0,F,Basic,12.04,246,0,26-35,North America,154,4.666666666666667,992.0899999999999,30.063333333333333,7.363636363636363,15,33,0,2.954516316872639,0.0,0.0,0.0,0.0,0.0,0.0,0.0,0
1813,2024-02-23,Italy,43.5,M,Premium,37.56,312,1,36-50,Europe,210,5.25,1149.48,28.737000000000002,7.025,24,40,1,2.539432603696729,0.0,0.0,0.0,0.0,0.0,0.0,0.0,0
1814,2023-07-22,Germany,61.0,F,Enterprise,179.48,528,1,51+,Europe,67,4.1875,450.69,28.168125,7.75,7,16,2,2.880248831843064,0.0,0.0,0.0,0.0,0.0,0.0,0.0,0
1815,2022-08-01,USA,60.0,M,Basic,12.19,883,0,51+,North America,236,5.488372093023256,1481.0,34.44186046511628,6.325581395348837,15,43,2,2.4139682112482226,3.0,13.566018518518518,0.0,66.66666666666666,3.0,2.0,133.0,0
1816,2023-08-24,Mexico,64.0,F,Premium,37.47,495,1,51+,North America,413,5.294871794871795,2613.86,33.51102564102564,6.641025641025641,59,78,0,2.594244250278533,0.0,0.0,0.0,0.0,0.0,0.0,0.0,1
1817,2022-08-10,Spain,64.0,M,Basic,14.19,874,0,51+,Europe,207,5.175,1095.2,27.380000000000003,7.475,14,40,0,2.8000686804763584,0.0,0.0,0.0,0.0,0.0,0.0,0.0,0
1818,2024-04-12,USA,65.0,M,Basic,14.63,263,0,51+,North America,346,4.873239436619718,2166.63,30.51591549295775,7.47887323943662,39,71,0,2.6236810425963895,0.0,0.0,0.0,0.0,0.0,0.0,0.0,0
1819,2024-06-09,Australia,59.0,F,Basic,12.9,205,0,51+,Oceania,147,5.444444444444445,742.62,27.504444444444445,8.074074074074074,16,27,2,2.325995788959303,0.0,0.0,0.0,0.0,0.0,0.0,0.0,0
1820,2022-08-27,Australia,29.0,M,Enterprise,177.84,857,1,26-35,Oceania,162,5.225806451612903,887.16,28.61806451612903,7.129032258064516,15,31,1,2.7893807845631837,0.0,0.0,0.0,0.0,0.0,0.0,0.0,0
1821,2022-12-03,Brazil,30.0,M,Basic,12.46,759,0,26-35,South America,26,5.2,194.25,38.85,5.6,2,5,27,3.492849839314596,3.0,14.9125,2.0,33.33333333333333,2.0,5.0,184.0,0
1822,2024-03-03,USA,21.0,F,Basic,10.2,303,0,18-25,North America,60,5.0,259.63,21.635833333333334,8.833333333333334,8,12,1,2.5584085962673253,2.0,22.000833333333336,0.0,50.0,0.0,4.0,120.0,0
1823,2022-06-01,USA,56.0,M,Basic,10.77,944,0,51+,North America,410,5.061728395061729,2648.56,32.69827160493827,7.271604938271605,45,81,0,2.703450013465875,0.0,0.0,0.0,0.0,0.0,0.0,0.0,0
1824,2024-03-18,UK,19.0,M,Enterprise,112.81,288,1,18-25,Europe,148,4.625,1111.41,34.7315625,7.5625,14,32,0,2.8708771279647216,0.0,0.0,0.0,0.0,0.0,0.0,0.0,0
1825,2023-09-03,Canada,43.0,M,Basic,10.85,485,0,36-50,North America,250,4.545454545454546,1747.06,31.76472727272727,7.2,26,55,0,2.713602101199872,5.0,16.432152777777777,1.0,40.0,2.0,5.0,4.0,0
1826,2022-01-03,Spain,44.0,M,Basic,10.04,1093,0,36-50,Europe,134,4.620689655172414,852.77,29.405862068965515,8.482758620689655,13,29,3,2.3666400701574535,0.0,0.0,0.0,0.0,0.0,0.0,0.0,1
1827,2022-10-11,Italy,44.0,M,Premium,38.58,812,1,36-50,Europe,151,4.314285714285714,792.69,22.648285714285716,7.514285714285714,15,35,0,2.7199851704983784,1.0,6.666944444444445,0.0,100.0,1.0,0.0,62.0,0
1828,2024-05-29,Germany,32.0,F,Premium,35.59,216,1,26-35,Europe,134,5.583333333333333,782.6800000000001,32.61166666666667,7.375,15,24,6,1.8630658852422863,0.0,0.0,0.0,0.0,0.0,0.0,0.0,0
1829,2022-05-29,Germany,25.0,F,Basic,11.91,947,0,18-25,Europe,346,5.323076923076923,1876.83,28.874307692307692,7.7384615384615385,27,65,0,2.494416842593752,2.0,16.660694444444445,0.0,50.0,0.0,4.0,144.0,0
1830,2022-05-14,Australia,24.0,M,Basic,12.04,962,0,18-25,Oceania,202,5.315789473684211,1192.65,31.385526315789477,8.236842105263158,18,38,0,2.5051866538637424,0.0,0.0,0.0,0.0,0.0,0.0,0.0,0
1831,2023-07-08,Germany,64.0,M,Enterprise,146.33,542,1,51+,Europe,241,5.020833333333333,1400.79,29.183125,7.041666666666667,26,48,1,2.401148513607012,2.0,8.911249999999999,0.0,100.0,0.0,5.0,50.0,0
1832,2022-09-14,Spain,63.0,F,Enterprise,107.38,839,1,51+,Europe,308,5.6,1677.96,30.508363636363637,7.745454545454545,31,55,1,2.7052760521836805,0.0,0.0,0.0,0.0,0.0,0.0,0.0,0
1833,2024-03-28,USA,57.0,Other,Basic,11.36,278,0,51+,North America,95,5.588235294117647,499.9,29.405882352941177,7.9411764705882355,8,17,5,2.895229341723462,1.0,11.313055555555556,0.0,100.0,0.0,3.0,306.0,0
1834,2022-06-28,UK,29.0,M,Basic,14.25,917,0,26-35,Europe,244,4.60377358490566,1777.71,33.541698113207545,7.283018867924528,24,53,0,2.6482187238385015,0.0,0.0,0.0,0.0,0.0,0.0,0.0,0
1835,2022-04-23,Brazil,30.0,F,Basic,13.71,983,0,26-35,South America,238,5.173913043478261,1705.79,37.08239130434782,7.586956521739131,18,46,6,2.3692881990269377,5.0,12.680972222222223,1.0,40.0,1.0,3.0,19.0,0
1836,2023-11-08,UK,60.0,F,Basic,12.81,419,0,51+,Europe,282,4.862068965517241,1568.78,27.047931034482758,7.482758620689655,23,58,2,2.710915400920838,0.0,0.0,0.0,0.0,0.0,0.0,0.0,0
1837,2024-06-06,France,34.0,M,Premium,34.8,208,1,26-35,Europe,235,5.108695652173913,1358.35,29.529347826086955,7.782608695652174,25,46,1,2.549320265565925,0.0,0.0,0.0,0.0,0.0,0.0,0.0,0
1838,2022-01-27,Brazil,34.0,M,Basic,11.28,1069,0,26-35,South America,329,5.140625,1972.04,30.813125,7.328125,34,64,0,2.4225605468542164,4.0,7.430138888888889,0.0,50.0,0.0,3.3333333333333335,239.0,0
1839,2022-05-15,USA,53.0,M,Premium,34.7,961,1,51+,North America,414,4.928571428571429,2481.21,29.538214285714286,8.261904761904763,47,84,0,2.601138371206305,0.0,0.0,0.0,0.0,0.0,0.0,0.0,0
1840,2022-01-16,USA,38.0,F,Premium,35.97,1080,1,36-50,North America,162,5.4,915.66,30.522,6.966666666666667,18,30,0,2.237609561948674,0.0,0.0,0.0,0.0,0.0,0.0,0.0,0
1841,2023-01-02,Brazil,25.0,F,Premium,37.12,729,1,18-25,South America,385,5.347222222222222,2071.29,28.767916666666665,8.277777777777779,38,72,0,2.6966840473682123,1.0,26.66777777777778,0.0,0.0,0.0,0.0,244.0,0
1842,2024-03-19,Italy,22.0,F,Enterprise,116.65,287,1,18-25,Europe,256,4.830188679245283,1501.14,28.323396226415095,7.6415094339622645,39,53,0,2.5849851142005846,0.0,0.0,0.0,0.0,0.0,0.0,0.0,0
1843,2024-03-18,Australia,43.0,M,Basic,14.06,288,0,36-50,Oceania,273,5.808510638297872,1477.69,31.440212765957448,7.531914893617022,27,47,0,2.4903142622738126,3.0,10.765277777777778,0.0,66.66666666666666,1.0,3.0,169.0,0
1844,2022-09-01,Mexico,33.0,F,Basic,11.72,852,0,26-35,North America,340,5.396825396825397,1928.96,30.618412698412698,7.571428571428571,35,63,0,2.3660207681830756,0.0,0.0,0.0,0.0,0.0,0.0,0.0,0
1845,2023-08-26,USA,53.0,F,Premium,35.02,493,1,51+,North America,191,5.305555555555555,1144.29,31.785833333333333,7.527777777777778,15,36,0,2.6057019284028904,2.0,11.760416666666664,0.0,50.0,0.0,5.0,242.0,1
1846,2022-11-28,Germany,45.0,F,Premium,36.07,764,1,36-50,Europe,190,5.588235294117647,971.08,28.561176470588236,7.294117647058823,19,34,1,2.6642145588683874,0.0,0.0,0.0,0.0,0.0,0.0,0.0,0
1847,2022-01-17,USA,46.0,M,Basic,12.43,1079,0,36-50,North America,101,6.3125,291.25,18.203125,8.0625,6,16,8,2.6512575632455384,0.0,0.0,0.0,0.0,0.0,0.0,0.0,0
1848,2022-06-28,Italy,64.0,F,Premium,35.71,917,1,51+,Europe,95,4.318181818181818,642.08,29.185454545454547,7.7272727272727275,11,22,7,2.9339776938867663,0.0,0.0,0.0,0.0,0.0,0.0,0.0,0
1849,2022-09-29,USA,29.0,M,Basic,10.55,824,0,26-35,North America,257,4.7592592592592595,1544.89,28.609074074074076,7.462962962962963,29,54,0,2.5693049143371787,2.0,11.643055555555556,1.0,50.0,0.0,4.0,281.0,0
1850,2022-02-23,Mexico,54.0,F,Basic,12.15,1042,0,51+,North America,108,4.5,682.01,28.417083333333334,5.291666666666667,17,24,1,2.6043441968472933,3.0,16.389074074074074,0.0,33.33333333333333,0.0,4.333333333333333,12.0,1
1851,2022-05-10,Canada,47.0,F,Basic,11.39,966,0,36-50,North America,53,5.3,197.77,19.777,7.3,5,10,14,2.5841396591085743,0.0,0.0,0.0,0.0,0.0,0.0,0.0,0
1852,2024-01-30,Germany,40.0,M,Enterprise,108.59,336,1,36-50,Europe,135,5.1923076923076925,882.86,33.956153846153846,7.0,12,26,2,2.2453370485382504,0.0,0.0,0.0,0.0,0.0,0.0,0.0,0
1853,2023-03-08,Brazil,43.5,Unknown,Basic,10.95,664,0,36-50,South America,207,5.048780487804878,1131.65,27.601219512195126,6.341463414634147,21,41,0,2.4284894431744513,5.0,17.89326388888889,1.0,20.0,0.0,4.5,45.0,0
1854,2023-06-23,Brazil,31.0,Unknown,Basic,13.0,557,0,26-35,South America,206,5.885714285714286,969.8199999999999,27.709142857142854,7.4,15,35,0,2.6982720894875603,0.0,0.0,0.0,0.0,0.0,0.0,0.0,0
1855,2022-04-27,USA,27.0,F,Enterprise,119.66,979,1,26-35,North America,223,4.8478260869565215,1287.03,27.97891304347826,7.630434782608695,21,46,0,2.5383055704706092,0.0,0.0,0.0,0.0,0.0,0.0,0.0,0
1856,2024-02-03,USA,24.0,M,Premium,31.8,332,1,18-25,North America,364,4.7272727272727275,1960.71,25.463766233766233,7.220779220779221,40,77,0,2.6439422501275573,0.0,0.0,0.0,0.0,0.0,0.0,0.0,1
1857,2022-03-07,Canada,62.0,F,Premium,35.52,1030,1,51+,North America,38,5.428571428571429,150.69,21.527142857142856,7.428571428571429,5,7,30,2.5071326821120348,4.0,8.071388888888889,3.0,50.0,0.0,0.0,3.0,0
1858,2023-05-03,Germany,69.0,F,Basic,14.51,608,0,51+,Europe,288,5.76,1631.15,32.623000000000005,8.06,25,50,0,2.803496359322533,0.0,0.0,0.0,0.0,0.0,0.0,0.0,0
1859,2023-04-05,Mexico,54.0,M,Basic,13.93,636,0,51+,North America,128,4.7407407407407405,854.51,31.648518518518518,6.111111111111111,14,27,2,2.2970314051734855,0.0,0.0,0.0,0.0,0.0,0.0,0.0,1
1860,2024-03-07,UK,46.0,F,Basic,14.52,299,0,36-50,Europe,294,5.653846153846154,1441.0,27.71153846153846,5.961538461538462,21,52,1,2.618820385433371,0.0,0.0,0.0,0.0,0.0,0.0,0.0,1
1861,2023-01-06,Brazil,20.0,M,Premium,35.82,725,1,18-25,South America,128,5.333333333333333,656.09,27.337083333333336,7.583333333333333,6,24,0,2.598773400742319,3.0,19.92425925925926,0.0,33.33333333333333,1.0,3.0,31.0,0
1862,2023-06-10,Mexico,32.0,M,Premium,34.09,570,1,26-35,North America,112,5.090909090909091,810.03,36.819545454545455,6.636363636363637,8,22,0,2.1582420295251086,0.0,0.0,0.0,0.0,0.0,0.0,0.0,0
1863,2023-08-31,USA,53.0,F,Premium,37.29,488,1,51+,North America,324,4.984615384615385,1991.25,30.634615384615383,7.938461538461539,39,65,0,2.4779799465259233,4.0,26.95048611111111,0.0,50.0,2.0,5.0,74.0,0
1864,2022-04-22,Brazil,64.0,F,Premium,32.6,984,1,51+,South America,271,4.593220338983051,1792.82,30.38677966101695,6.983050847457627,34,59,1,2.5738649595353715,0.0,0.0,0.0,0.0,0.0,0.0,0.0,0
1865,2023-04-08,Mexico,63.0,F,Basic,10.38,633,0,51+,North America,279,4.982142857142857,1696.04,30.28642857142857,6.696428571428571,25,56,0,2.5189541222757255,5.0,19.469791666666666,1.0,40.0,0.0,4.5,90.0,0
1866,2023-05-31,UK,69.0,F,Premium,33.44,580,1,51+,Europe,371,5.082191780821918,2177.47,29.82835616438356,7.726027397260274,44,73,0,2.7118742220174257,0.0,0.0,0.0,0.0,0.0,0.0,0.0,0
1867,2022-08-15,Australia,36.0,F,Basic,11.49,869,0,36-50,Oceania,155,5.7407407407407405,662.34,24.531111111111112,8.185185185185185,14,27,5,2.6831753948316908,0.0,0.0,0.0,0.0,0.0,0.0,0.0,0
1868,2023-09-22,France,30.0,F,Basic,13.37,466,0,26-35,Europe,231,4.8125,1326.77,27.641041666666666,8.5,21,48,1,2.384848003542364,1.0,24.436666666666667,0.0,0.0,0.0,5.0,271.0,0
1869,2022-02-14,Spain,59.0,F,Basic,12.75,1051,0,51+,Europe,165,5.892857142857143,765.47,27.338214285714287,7.214285714285714,11,28,0,2.4242491883022517,0.0,0.0,0.0,0.0,0.0,0.0,0.0,0
1870,2024-01-15,Australia,38.0,F,Premium,31.37,351,1,36-50,Oceania,103,5.15,626.78,31.339,7.4,6,20,0,2.4767338424456895,0.0,0.0,0.0,0.0,0.0,0.0,0.0,0
1871,2024-03-13,France,54.0,M,Premium,39.08,293,1,51+,Europe,172,6.142857142857143,709.6,25.342857142857145,8.178571428571429,18,28,1,2.606463273029335,3.0,17.064722222222223,2.0,33.33333333333333,0.0,4.0,20.0,0
1872,2024-06-06,Italy,44.0,M,Basic,12.96,208,0,36-50,Europe,455,5.548780487804878,2692.24,32.832195121951216,7.048780487804878,30,82,0,2.534465823984988,0.0,0.0,0.0,0.0,0.0,0.0,0.0,1
1873,2023-11-06,Mexico,69.0,F,Basic,12.28,421,0,51+,North America,149,4.806451612903226,921.37,29.721612903225807,7.32258064516129,12,31,0,2.5089088576339273,0.0,0.0,0.0,0.0,0.0,0.0,0.0,0
1874,2023-06-18,France,46.0,F,Basic,14.68,562,0,36-50,Europe,88,4.888888888888889,645.49,35.86055555555556,7.222222222222222,6,18,1,2.6321292854195817,2.0,11.132361111111111,0.0,0.0,1.0,2.0,220.0,0
1875,2022-11-05,Germany,37.0,F,Enterprise,109.72,787,1,36-50,Europe,355,5.071428571428571,2013.04,28.757714285714286,6.885714285714286,33,70,0,2.8808283257858496,0.0,0.0,0.0,0.0,0.0,0.0,0.0,0
1876,2023-04-15,UK,42.0,M,Premium,37.89,626,1,36-50,Europe,166,4.742857142857143,1054.74,30.135428571428573,7.257142857142857,15,35,0,2.3805938105347377,5.0,15.845166666666666,0.0,80.0,0.0,4.333333333333333,13.0,0
1877,2023-10-21,UK,43.5,Other,Enterprise,136.46,437,1,36-50,Europe,22,3.6666666666666665,123.59,20.598333333333333,7.833333333333333,2,6,19,1.96638416050035,0.0,0.0,0.0,0.0,0.0,0.0,0.0,0
1878,2022-02-01,USA,53.0,M,Premium,36.94,1064,1,51+,North America,264,4.8,1629.9,29.634545454545457,6.963636363636364,34,55,2,2.8047578623950176,0.0,0.0,0.0,0.0,0.0,0.0,0.0,1
1879,2022-03-04,Mexico,19.0,F,Basic,14.64,1033,0,18-25,North America,322,5.4576271186440675,1952.75,33.097457627118644,7.864406779661017,23,59,0,2.2075265757630587,0.0,0.0,0.0,0.0,0.0,0.0,0.0,0
1880,2023-05-06,USA,39.0,M,Basic,12.58,605,0,36-50,North America,250,4.62962962962963,1930.94,35.75814814814815,6.5,26,54,2,2.7629372960215783,2.0,4.981527777777778,0.0,100.0,0.0,4.0,23.0,0
1881,2024-05-17,USA,49.0,M,Basic,10.1,228,0,36-50,North America,280,5.185185185185185,1557.73,28.846851851851852,7.814814814814815,36,54,0,2.6427121151479906,0.0,0.0,0.0,0.0,0.0,0.0,0.0,0
1882,2023-02-16,Brazil,33.0,F,Basic,10.13,684,0,26-35,South America,146,5.615384615384615,597.29,22.972692307692306,5.884615384615385,15,26,4,2.5780135465419587,1.0,0.0,1.0,100.0,1.0,0.0,338.0,0
1883,2023-03-13,Mexico,35.0,Other,Basic,11.64,659,0,26-35,North America,206,4.904761904761905,982.75,23.398809523809526,7.119047619047619,22,42,2,2.6115085240520055,0.0,0.0,0.0,0.0,0.0,0.0,0.0,0
1884,2023-12-04,Spain,22.0,M,Basic,13.9,393,0,18-25,Europe,152,4.75,982.26,30.695625,6.5,15,32,0,2.423007994608248,0.0,0.0,0.0,0.0,0.0,0.0,0.0,0
1885,2022-04-21,Mexico,53.0,M,Premium,32.87,985,1,51+,North America,153,4.78125,1036.91,32.4034375,7.03125,21,32,0,2.485238678743469,5.0,19.853680555555556,1.0,20.0,0.0,4.5,107.0,1
1886,2023-05-18,USA,47.0,M,Basic,11.66,593,0,36-50,North America,253,5.270833333333333,1477.74,30.78625,7.020833333333333,19,48,1,2.841482856308487,0.0,0.0,0.0,0.0,0.0,0.0,0.0,0
1887,2023-12-31,UK,62.0,M,Basic,13.91,366,0,51+,Europe,174,5.2727272727272725,1057.77,32.053636363636365,7.242424242424242,13,33,0,2.741723081302241,5.0,8.84736111111111,1.0,40.0,0.0,4.25,116.0,1
1888,2023-03-31,USA,36.0,M,Basic,10.57,641,0,36-50,North America,167,4.513513513513513,922.6800000000001,24.9372972972973,8.45945945945946,19,37,0,2.6100406725398577,0.0,0.0,0.0,0.0,0.0,0.0,0.0,0
1889,2022-03-17,Mexico,40.0,F,Basic,14.22,1020,0,36-50,North America,156,4.216216216216216,1058.44,28.60648648648649,7.864864864864865,15,37,0,2.1747941810042,1.0,13.377222222222224,0.0,100.0,0.0,4.0,334.0,0
1890,2022-03-24,UK,51.0,F,Premium,32.65,1013,1,51+,Europe,258,5.863636363636363,1499.1200000000001,34.07090909090909,7.181818181818182,20,44,0,2.758419745542803,0.0,0.0,0.0,0.0,0.0,0.0,0.0,1
1891,2022-11-26,France,30.0,M,Premium,30.5,766,1,26-35,Europe,124,4.769230769230769,679.14,26.12076923076923,7.6923076923076925,13,26,1,2.657934420676211,2.0,1.7569444444444444,1.0,50.0,0.0,5.0,294.0,0
1892,2023-09-15,USA,60.0,F,Basic,10.58,473,0,51+,North America,279,4.982142857142857,1632.71,29.155535714285715,8.035714285714286,26,56,0,2.7202344245809638,0.0,0.0,0.0,0.0,0.0,0.0,0.0,0
1893,2022-06-01,UK,46.0,M,Premium,39.52,944,1,36-50,Europe,186,4.65,1122.8,28.07,7.375,31,40,0,2.92250331753886,0.0,0.0,0.0,0.0,0.0,0.0,0.0,0
1894,2022-03-09,Mexico,53.0,M,Basic,12.25,1028,0,51+,North America,172,5.212121212121212,1151.98,34.90848484848485,7.454545454545454,15,33,0,2.6781240607650134,0.0,0.0,0.0,0.0,0.0,0.0,0.0,1
1895,2022-05-10,France,39.0,M,Basic,11.27,966,0,36-50,Europe,66,5.5,453.74,37.81166666666667,6.083333333333333,5,12,3,2.7136021011998723,0.0,0.0,0.0,0.0,0.0,0.0,0.0,0
1896,2022-10-09,USA,69.0,F,Basic,12.6,814,0,51+,North America,249,4.527272727272727,1423.19,25.87618181818182,7.472727272727273,27,55,2,2.5665551595875336,0.0,0.0,0.0,0.0,0.0,0.0,0.0,0
1897,2023-10-02,France,69.0,M,Enterprise,168.22,456,1,51+,Europe,243,5.4,1434.28,31.872888888888887,7.044444444444444,18,45,0,2.6405922200762597,0.0,0.0,0.0,0.0,0.0,0.0,0.0,0
1898,2023-10-11,Spain,64.0,M,Basic,11.58,447,0,51+,Europe,230,4.8936170212765955,1390.44,29.583829787234045,7.702127659574468,30,47,1,2.572716738266409,3.0,8.743703703703703,0.0,33.33333333333333,2.0,3.3333333333333335,163.0,0
1899,2023-08-23,UK,53.0,M,Basic,13.62,496,0,51+,Europe,177,4.538461538461538,1129.79,28.968974358974357,7.410256410256411,21,39,8,2.751517799766004,1.0,36.99027777777778,0.0,0.0,0.0,4.0,363.0,0
1900,2023-07-16,Australia,43.5,M,Premium,32.51,534,1,36-50,Oceania,45,5.0,277.19,30.79888888888889,7.222222222222222,4,9,7,3.082207001484488,0.0,0.0,0.0,0.0,0.0,0.0,0.0,0
1901,2023-12-31,Canada,56.0,M,Basic,10.55,366,0,51+,North America,368,5.183098591549296,2295.72,32.33408450704225,7.549295774647887,37,71,0,2.721920850927204,0.0,0.0,0.0,0.0,0.0,0.0,0.0,0
1902,2022-11-29,Italy,68.0,F,Basic,12.74,763,0,51+,Europe,412,5.35064935064935,1924.24,24.99012987012987,7.246753246753247,45,77,0,2.5943574083516925,0.0,0.0,0.0,0.0,0.0,0.0,0.0,0
1903,2023-01-26,UK,36.0,F,Premium,31.5,705,1,36-50,Europe,201,5.025,1023.68,25.592,6.75,9,40,4,2.423046397854124,3.0,30.469722222222224,1.0,66.66666666666666,0.0,5.0,12.0,1
1904,2023-09-04,Brazil,55.0,F,Basic,14.69,484,0,51+,South America,400,5.0,2413.9,30.173750000000002,6.9875,33,80,0,2.4443165802129228,0.0,0.0,0.0,0.0,0.0,0.0,0.0,0
1905,2023-06-28,UK,23.0,M,Premium,29.99,552,1,18-25,Europe,117,5.85,616.28,30.814,6.95,12,20,2,2.3232237130876205,0.0,0.0,0.0,0.0,0.0,0.0,0.0,0
1906,2022-10-29,Canada,69.0,M,Premium,37.55,794,1,51+,North America,139,4.34375,898.38,28.074375,7.09375,10,32,0,2.823968552781134,5.0,24.005000000000003,0.0,80.0,1.0,4.4,127.0,0
1907,2023-04-10,Australia,64.0,M,Premium,32.78,631,1,51+,Oceania,90,5.294117647058823,594.12,34.948235294117644,6.764705882352941,8,17,6,3.11778579047601,2.0,7.825,0.0,0.0,0.0,3.0,29.0,1
1908,2023-06-02,UK,32.0,M,Enterprise,184.6,578,1,26-35,Europe,85,4.722222222222222,687.42,38.19,7.444444444444445,7,18,4,2.845131146683763,5.0,8.32375,3.0,20.0,1.0,4.5,96.0,0
1909,2023-09-12,Germany,37.0,F,Premium,30.59,476,1,36-50,Europe,365,5.0,2169.38,29.717534246575344,7.465753424657534,36,73,0,2.4664414311581235,2.0,39.575833333333335,1.0,50.0,0.0,5.0,125.0,0
1910,2023-03-17,Spain,26.0,M,Premium,39.52,655,1,26-35,Europe,301,5.280701754385965,1618.25,28.390350877192983,7.368421052631579,30,57,0,2.6169392288164235,1.0,0.0,1.0,100.0,1.0,0.0,148.0,1
1911,2022-04-12,Mexico,49.0,M,Premium,31.0,994,1,36-50,North America,374,4.986666666666666,1930.02,25.7336,7.213333333333333,37,75,0,2.797167164140203,3.0,11.452037037037035,0.0,33.33333333333333,1.0,2.0,81.0,0
1912,2024-03-23,Spain,21.0,F,Enterprise,178.78,283,1,18-25,Europe,208,5.621621621621622,1085.34,29.333513513513513,7.756756756756757,17,37,0,2.7823985591107796,0.0,0.0,0.0,0.0,0.0,0.0,0.0,1
1913,2023-12-20,Canada,67.0,M,Enterprise,151.72,377,1,51+,North America,355,5.298507462686567,2179.11,32.524029850746274,7.537313432835821,46,67,1,2.587937785381262,1.0,23.22222222222222,0.0,0.0,0.0,0.0,302.0,0
1914,2022-04-28,Mexico,35.0,Other,Premium,34.29,978,1,26-35,North America,164,4.205128205128205,1225.48,31.422564102564102,9.179487179487179,25,39,0,2.5565137361514223,0.0,0.0,0.0,0.0,0.0,0.0,0.0,0
1915,2024-05-23,Brazil,22.0,M,Basic,11.39,222,0,18-25,South America,110,4.782608695652174,730.47,31.759565217391305,7.478260869565218,9,23,5,2.448682795061467,0.0,0.0,0.0,0.0,0.0,0.0,0.0,0
1916,2023-11-02,USA,37.0,F,Premium,38.4,425,1,36-50,North America,167,4.073170731707317,1604.52,39.13463414634146,7.902439024390244,17,41,1,2.649436203255695,0.0,0.0,0.0,0.0,0.0,0.0,0.0,0
1917,2023-10-29,France,40.0,M,Basic,10.99,429,0,36-50,Europe,284,5.2592592592592595,1845.1200000000001,34.168888888888894,8.12962962962963,19,54,0,2.5857752035346255,0.0,0.0,0.0,0.0,0.0,0.0,0.0,0
1918,2024-06-17,Germany,28.0,Other,Basic,13.6,197,0,26-35,Europe,183,4.945945945945946,1188.33,32.11702702702703,7.108108108108108,22,37,0,2.7481907780488153,3.0,4.936388888888889,1.0,33.33333333333333,1.0,5.0,52.0,0
1919,2024-02-27,UK,54.0,M,Basic,12.22,308,0,51+,Europe,408,5.1,2016.31,25.203875,8.0625,33,80,0,2.4161901174254283,0.0,0.0,0.0,0.0,0.0,0.0,0.0,0
1920,2023-07-19,UK,39.0,F,Enterprise,199.84,531,1,36-50,Europe,324,4.984615384615385,1896.28,29.17353846153846,6.323076923076923,28,65,1,2.407620114425159,2.0,15.13,1.0,50.0,0.0,0.0,30.0,0
1921,2024-01-09,Canada,21.0,M,Basic,13.05,357,0,18-25,North America,208,5.073170731707317,1258.78,30.701951219512196,8.585365853658537,18,41,0,2.6399833702358717,0.0,0.0,0.0,0.0,0.0,0.0,0.0,0
1922,2024-06-05,Spain,46.0,F,Premium,31.03,209,1,36-50,Europe,434,5.3580246913580245,2296.59,28.352962962962966,7.530864197530864,44,81,0,2.521451179258229,2.0,13.003055555555555,1.0,50.0,0.0,5.0,136.0,0
1923,2022-08-09,UK,61.0,M,Basic,12.09,875,0,51+,Europe,369,4.792207792207792,2522.54,32.76025974025974,6.922077922077922,37,77,0,2.556404044838139,3.0,14.255462962962964,0.0,66.66666666666666,0.0,4.0,48.0,0
1924,2023-03-17,Brazil,51.0,M,Basic,10.32,655,0,51+,South America,110,5.0,495.78,22.535454545454545,8.045454545454545,15,22,1,2.507132682112035,0.0,0.0,0.0,0.0,0.0,0.0,0.0,0
1925,2023-04-08,UK,30.0,F,Basic,11.42,633,0,26-35,Europe,110,5.0,836.7,38.03181818181818,8.772727272727273,9,22,7,2.725540575476988,3.0,30.145555555555557,2.0,33.33333333333333,1.0,5.0,13.0,1
1926,2024-06-28,UK,59.0,Other,Premium,33.42,186,1,51+,Europe,28,4.0,164.33,23.475714285714286,8.428571428571429,0,7,3,2.160246899469287,0.0,0.0,0.0,0.0,0.0,0.0,0.0,0
1927,2022-08-22,USA,26.0,M,Premium,38.52,862,1,26-35,North America,128,5.12,852.78,34.1112,8.56,11,25,1,2.9765752132274432,0.0,0.0,0.0,0.0,0.0,0.0,0.0,0
1928,2023-02-28,Brazil,59.0,F,Basic,14.18,672,0,51+,South America,180,4.7368421052631575,1046.34,27.535263157894736,7.2894736842105265,15,38,2,2.6064805983414843,0.0,0.0,0.0,0.0,0.0,0.0,0.0,1
1929,2022-12-14,Mexico,48.0,M,Basic,10.05,748,0,36-50,North America,57,6.333333333333333,247.82999999999998,27.536666666666665,7.888888888888889,3,9,12,2.1213203435596424,0.0,0.0,0.0,0.0,0.0,0.0,0.0,0
1930,2024-04-27,Italy,24.0,F,Premium,35.31,248,1,18-25,Europe,263,5.0576923076923075,1649.05,31.7125,7.3076923076923075,20,52,0,2.592700625008614,2.0,13.445416666666667,0.0,50.0,0.0,5.0,114.0,1
1931,2023-04-10,Canada,21.0,F,Basic,11.11,631,0,18-25,North America,189,5.5588235294117645,1262.84,37.14235294117647,6.647058823529412,16,34,0,2.4019080353624447,0.0,0.0,0.0,0.0,0.0,0.0,0.0,0
1932,2023-02-13,USA,36.0,F,Basic,11.59,687,0,36-50,North America,256,4.923076923076923,1547.15,29.752884615384616,8.038461538461538,28,52,0,2.3334410662481044,0.0,0.0,0.0,0.0,0.0,0.0,0.0,1
1933,2023-03-02,France,59.0,F,Basic,10.1,670,0,51+,Europe,117,4.68,660.04,26.4016,7.68,11,25,0,2.9540932054806035,4.0,26.59537037037037,1.0,75.0,2.0,3.0,46.0,1
1934,2024-01-18,Italy,47.0,F,Premium,37.49,348,1,36-50,Europe,116,4.461538461538462,711.97,27.38346153846154,6.615384615384615,2,26,3,2.641677788539234,0.0,0.0,0.0,0.0,0.0,0.0,0.0,0
1935,2022-04-08,France,48.0,M,Basic,14.74,998,0,36-50,Europe,81,4.764705882352941,410.62,24.154117647058825,7.823529411764706,4,17,2,2.7732970397323538,0.0,0.0,0.0,0.0,0.0,0.0,0.0,0
1936,2022-11-17,USA,52.0,F,Basic,11.09,775,0,51+,North America,247,5.369565217391305,1208.59,26.27369565217391,8.478260869565217,26,46,0,2.6022101345858033,5.0,19.086944444444445,1.0,80.0,2.0,5.0,39.0,0
1937,2023-03-14,Italy,38.0,M,Enterprise,134.17,658,1,36-50,Europe,84,6.0,423.3,30.235714285714288,6.214285714285714,9,14,3,2.253202848596432,0.0,0.0,0.0,0.0,0.0,0.0,0.0,0
1938,2022-11-17,USA,48.0,F,Premium,32.05,775,1,36-50,North America,88,4.888888888888889,514.59,28.588333333333335,7.166666666666667,8,18,2,2.6321292854195817,2.0,20.559027777777775,0.0,50.0,0.0,4.0,76.0,0
1939,2023-11-13,Spain,36.0,F,Basic,14.64,414,0,36-50,Europe,213,4.953488372093023,1477.31,34.35604651162791,7.4186046511627906,23,43,0,2.3192105427339365,0.0,0.0,0.0,0.0,0.0,0.0,0.0,0
1940,2022-09-19,UK,48.0,M,Basic,10.04,834,0,36-50,Europe,217,5.166666666666667,1182.72,28.16,7.476190476190476,17,42,1,2.8017126005240005,0.0,0.0,0.0,0.0,0.0,0.0,0.0,0
1941,2023-01-19,UK,70.0,F,Basic,12.91,712,0,51+,Europe,205,4.767441860465116,1075.07,25.001627906976744,6.5813953488372094,22,43,0,2.7502139250327553,0.0,0.0,0.0,0.0,0.0,0.0,0.0,0
1942,2022-06-06,UK,49.0,F,Basic,14.34,939,0,36-50,Europe,342,5.34375,1856.78,29.0121875,7.484375,35,64,0,2.9016620852785144,5.0,8.996277777777777,0.0,40.0,0.0,3.75,18.0,0
1943,2023-12-05,UK,19.0,F,Basic,10.92,392,0,18-25,Europe,287,4.864406779661017,1616.48,27.397966101694916,7.796610169491525,40,59,0,2.6291314097261127,2.0,7.990138888888889,0.0,100.0,0.0,5.0,138.0,0
1944,2023-05-01,Germany,69.0,M,Basic,12.94,610,0,51+,Europe,260,5.0,1466.18,28.195769230769233,7.5,27,52,0,2.457481573944047,0.0,0.0,0.0,0.0,0.0,0.0,0.0,0
1945,2022-03-10,USA,27.0,M,Basic,10.24,1027,0,26-35,North America,341,5.014705882352941,2087.71,30.701617647058825,6.970588235294118,38,68,0,2.403310198913924,2.0,15.645833333333334,0.0,0.0,1.0,5.0,216.0,1
1946,2022-04-04,France,43.5,F,Enterprise,181.45,1002,1,36-50,Europe,256,5.333333333333333,1283.07,26.730625,7.6875,27,48,4,2.6038705505404125,1.0,29.749166666666667,0.0,100.0,0.0,4.0,96.0,0
1947,2024-05-01,USA,19.0,M,Enterprise,127.43,244,1,18-25,North America,230,5.0,1416.74,30.79869565217391,8.369565217391305,21,46,1,2.6415483674878595,0.0,0.0,0.0,0.0,0.0,0.0,0.0,0
1948,2022-03-29,UK,41.0,M,Basic,14.93,1008,0,36-50,Europe,123,5.857142857142857,566.29,26.966190476190473,6.857142857142857,9,21,2,3.1509635714446826,0.0,0.0,0.0,0.0,0.0,0.0,0.0,1
1949,2022-04-06,Italy,34.0,F,Premium,39.21,1000,1,26-35,Europe,369,5.054794520547945,2480.95,33.98561643835616,7.712328767123288,39,73,0,2.7683248593032257,0.0,0.0,0.0,0.0,0.0,0.0,0.0,0
1950,2023-03-19,USA,49.0,M,Basic,13.65,653,0,36-50,North America,88,5.176470588235294,429.31,25.253529411764706,7.411764705882353,5,17,1,2.6037303556063334,5.0,21.21216666666667,0.0,80.0,1.0,3.6666666666666665,45.0,0
1951,2022-04-09,Brazil,33.0,F,Premium,34.96,997,1,26-35,South America,216,5.4,1144.58,28.6145,7.575,21,40,1,2.7716513637272784,2.0,39.20319444444445,0.0,0.0,0.0,5.0,18.0,1
1952,2024-02-02,Canada,33.0,F,Basic,13.82,333,0,26-35,North America,213,4.733333333333333,1490.72,33.12711111111111,7.066666666666666,15,45,3,2.56195947736032,0.0,0.0,0.0,0.0,0.0,0.0,0.0,1
1953,2024-01-27,Italy,63.0,F,Enterprise,113.05,339,1,51+,Europe,317,5.031746031746032,1815.27,28.813809523809525,7.873015873015873,29,63,0,2.663784925253575,2.0,0.0,2.0,100.0,0.0,0.0,195.0,0
1954,2023-01-17,USA,43.5,M,Premium,33.09,714,1,36-50,North America,59,5.363636363636363,277.36,25.214545454545455,6.818181818181818,4,11,5,2.1105794120443453,0.0,0.0,0.0,0.0,0.0,0.0,0.0,0
1955,2024-04-11,USA,70.0,Unknown,Basic,10.12,264,0,51+,North America,82,4.555555555555555,531.2,29.511111111111113,8.666666666666666,9,18,0,2.914915440650687,1.0,19.904722222222222,0.0,0.0,0.0,5.0,234.0,0
1956,2022-05-14,USA,48.0,M,Premium,36.44,962,1,36-50,North America,230,4.509803921568627,1640.3799999999999,32.164313725490196,6.803921568627451,15,51,0,2.618186769652676,0.0,0.0,0.0,0.0,0.0,0.0,0.0,1
1957,2023-07-24,Mexico,60.0,F,Premium,38.05,526,1,51+,North America,30,5.0,85.32,14.219999999999999,8.333333333333334,5,6,2,2.966479394838265,0.0,0.0,0.0,0.0,0.0,0.0,0.0,1
1958,2022-03-03,USA,41.0,M,Basic,14.72,1034,0,36-50,North America,405,4.879518072289157,2345.94,28.26433734939759,7.734939759036145,36,83,0,2.53462649560648,0.0,0.0,0.0,0.0,0.0,0.0,0.0,1
1959,2023-08-24,Spain,18.0,Other,Premium,36.86,495,1,18-25,Europe,170,5.0,1071.18,31.50529411764706,7.294117647058823,18,34,0,2.8709622502610936,0.0,0.0,0.0,0.0,0.0,0.0,0.0,1
1960,2023-07-30,USA,28.0,F,Premium,37.31,520,1,26-35,North America,435,5.304878048780488,2265.16,27.623902439024388,7.317073170731708,38,82,0,2.637287347416949,0.0,0.0,0.0,0.0,0.0,0.0,0.0,0
1961,2023-07-30,USA,38.0,F,Premium,38.94,520,1,36-50,North America,214,5.35,1124.34,28.1085,8.1,22,40,1,2.741420182202031,2.0,42.41944444444445,1.0,0.0,0.0,0.0,107.0,1
1962,2022-12-04,UK,21.0,M,Premium,39.35,758,1,18-25,Europe,231,4.529411764705882,1442.58,28.285882352941176,7.333333333333333,15,51,2,2.4112481512815775,2.0,18.155833333333334,0.0,100.0,0.0,3.5,184.0,0
1963,2023-11-18,Brazil,24.0,M,Basic,12.45,409,0,18-25,South America,130,5.416666666666667,646.02,26.9175,7.541666666666667,14,24,1,2.701314763087664,0.0,0.0,0.0,0.0,0.0,0.0,0.0,0
1964,2022-05-06,Spain,43.0,F,Premium,31.09,970,1,36-50,Europe,250,5.319148936170213,1654.47,35.20148936170213,8.361702127659575,17,47,1,2.4592892484965208,1.0,0.0,1.0,0.0,0.0,0.0,74.0,0
1965,2023-02-25,Brazil,64.0,M,Enterprise,146.63,675,1,51+,South America,108,4.909090909090909,516.1,23.45909090909091,6.954545454545454,11,22,3,2.4670995291191815,3.0,11.444722222222223,0.0,33.33333333333333,0.0,4.333333333333333,7.0,0
1966,2022-12-29,France,67.0,M,Basic,12.77,733,0,51+,Europe,72,5.538461538461538,377.73,29.056153846153848,5.769230769230769,13,13,0,2.4703368398993897,4.0,13.176527777777778,0.0,25.0,1.0,4.0,101.0,0
1967,2024-06-13,France,43.5,M,Basic,13.15,201,0,36-50,Europe,186,5.166666666666667,889.59,24.710833333333333,7.611111111111111,23,36,0,2.4201534780139164,0.0,0.0,0.0,0.0,0.0,0.0,0.0,0
1968,2023-11-13,UK,48.0,F,Premium,39.88,414,1,36-50,Europe,76,4.470588235294118,439.87,25.87470588235294,9.117647058823529,8,17,15,2.7184013468126706,0.0,0.0,0.0,0.0,0.0,0.0,0.0,0
1969,2024-02-08,Mexico,43.5,F,Enterprise,191.75,327,1,36-50,North America,349,5.369230769230769,1568.62,24.132615384615384,7.507692307692308,35,65,0,2.571291205122139,0.0,0.0,0.0,0.0,0.0,0.0,0.0,1
1970,2023-03-10,UK,50.0,F,Basic,11.97,662,0,36-50,Europe,89,3.869565217391304,664.41,28.887391304347826,7.434782608695652,10,23,2,2.6850486338254482,3.0,5.908611111111111,0.0,66.66666666666666,1.0,3.5,57.0,1
1971,2024-06-07,USA,28.0,F,Basic,10.56,207,0,26-35,North America,219,4.9772727272727275,1186.8799999999999,26.974545454545453,7.113636363636363,23,44,2,2.6544270731517114,0.0,0.0,0.0,0.0,0.0,0.0,0.0,1
1972,2024-01-09,Canada,45.0,M,Basic,11.06,357,0,36-50,North America,414,4.870588235294117,2529.37,29.757294117647056,7.411764705882353,41,85,0,2.5763957626984286,0.0,0.0,0.0,0.0,0.0,0.0,0.0,0
1973,2022-02-22,France,49.0,F,Premium,31.73,1043,1,36-50,Europe,153,6.12,675.6600000000001,27.026400000000002,6.08,9,25,0,2.6507860469428053,1.0,0.0,1.0,0.0,0.0,0.0,216.0,0
1974,2022-10-22,Spain,18.0,M,Enterprise,135.59,801,1,18-25,Europe,376,4.883116883116883,2446.1,31.767532467532465,7.233766233766234,45,77,0,2.5699376706246047,0.0,0.0,0.0,0.0,0.0,0.0,0.0,1
1975,2023-09-07,USA,64.0,F,Basic,14.37,481,0,51+,North America,272,5.44,1698.41,33.9682,7.76,23,50,0,2.4921099985550317,0.0,0.0,0.0,0.0,0.0,0.0,0.0,0
1976,2022-11-16,Canada,45.0,M,Basic,12.18,776,0,36-50,North America,123,5.590909090909091,601.26,27.33,6.181818181818182,8,22,3,2.9058084836621534,0.0,0.0,0.0,0.0,0.0,0.0,0.0,0
1977,2022-12-27,Australia,43.5,M,Enterprise,156.72,735,1,36-50,Oceania,401,4.950617283950617,2100.09,25.92703703703704,7.419753086419753,43,81,0,2.5194306627088445,3.0,9.897685185185185,0.0,0.0,1.0,3.5,163.0,1
1978,2022-04-17,Brazil,59.0,F,Basic,10.89,989,0,51+,South America,233,5.065217391304348,1471.19,31.98239130434783,7.391304347826087,17,46,5,2.6365143142923766,0.0,0.0,0.0,0.0,0.0,0.0,0.0,1
1979,2023-08-15,France,43.5,M,Premium,34.92,504,1,36-50,Europe,64,4.0,486.24,30.39,8.3125,4,16,0,2.4221202832779936,1.0,0.7652777777777777,0.0,100.0,0.0,0.0,33.0,0
1980,2023-06-04,USA,19.0,F,Basic,14.36,576,0,18-25,North America,294,4.323529411764706,2496.83,36.71808823529412,7.838235294117647,22,68,0,2.553552845243347,4.0,12.970277777777778,0.0,50.0,0.0,2.6666666666666665,78.0,0
1981,2022-08-06,France,59.0,M,Basic,13.86,878,0,51+,Europe,273,4.627118644067797,1877.72,31.825762711864407,8.169491525423728,24,59,0,2.5990602086984267,0.0,0.0,0.0,0.0,0.0,0.0,0.0,1
1982,2022-06-08,USA,43.5,M,Basic,10.4,937,0,36-50,North America,265,5.096153846153846,1487.52,28.606153846153845,7.8076923076923075,23,52,0,2.2945768577799757,1.0,32.38166666666667,0.0,100.0,0.0,3.0,167.0,1
1983,2023-11-04,Australia,21.0,M,Premium,38.61,423,1,18-25,Oceania,346,5.242424242424242,1998.58,30.28151515151515,7.757575757575758,27,66,1,2.745965465974826,1.0,0.0,1.0,100.0,0.0,0.0,330.0,0
1984,2023-05-09,Italy,61.0,F,Enterprise,127.37,602,1,51+,Europe,136,4.25,1000.8,31.275,8.78125,15,32,3,2.35550145335854,3.0,24.496388888888887,1.0,66.66666666666666,2.0,1.0,49.0,0
1985,2022-08-18,France,36.0,M,Enterprise,166.56,866,1,36-50,Europe,312,4.394366197183099,2143.97,30.19676056338028,7.915492957746479,47,71,0,2.4111578323609044,0.0,0.0,0.0,0.0,0.0,0.0,0.0,1
1986,2024-05-17,Spain,43.0,F,Premium,31.45,228,1,36-50,Europe,147,4.323529411764706,989.22,29.09470588235294,7.794117647058823,17,34,2,2.5312661610144067,5.0,14.881166666666667,0.0,80.0,0.0,4.0,76.0,0
1987,2022-04-21,France,28.0,M,Basic,13.36,985,0,26-35,Europe,115,5.476190476190476,673.7,32.08095238095238,7.523809523809524,12,21,1,2.542027687084616,1.0,11.185,0.0,100.0,1.0,0.0,295.0,1
1988,2022-12-25,UK,57.0,M,Basic,10.17,737,0,51+,Europe,187,4.921052631578948,1066.69,28.07078947368421,7.368421052631579,16,38,0,2.9259470995880092,0.0,0.0,0.0,0.0,0.0,0.0,0.0,0
1989,2024-05-15,Canada,67.0,M,Basic,12.99,230,0,51+,North America,379,5.414285714285715,2000.73,28.581857142857142,6.8,43,70,2,2.7159905292296997,0.0,0.0,0.0,0.0,0.0,0.0,0.0,0
1990,2023-07-24,Canada,60.0,F,Enterprise,164.58,526,1,51+,North America,112,4.869565217391305,781.29,33.969130434782606,7.391304347826087,11,23,1,2.2824298819477247,4.0,11.019166666666667,2.0,0.0,2.0,0.0,16.0,1
1991,2023-01-12,USA,28.0,F,Basic,11.21,719,0,26-35,North America,333,5.045454545454546,1931.47,29.26469696969697,7.2272727272727275,27,66,0,2.445918535543954,0.0,0.0,0.0,0.0,0.0,0.0,0.0,0
1992,2022-04-28,Spain,62.0,M,Enterprise,193.69,978,1,51+,Europe,110,5.7894736842105265,737.19,38.79947368421053,7.684210526315789,11,19,10,2.5944159558649775,0.0,0.0,0.0,0.0,0.0,0.0,0.0,1
1993,2024-02-20,Australia,20.0,F,Enterprise,104.59,315,1,18-25,Oceania,141,4.862068965517241,1116.05,38.484482758620686,6.724137931034483,16,29,0,2.5174269450463345,0.0,0.0,0.0,0.0,0.0,0.0,0.0,0
1994,2022-10-13,UK,29.0,F,Basic,14.45,810,0,26-35,Europe,82,4.315789473684211,745.8,39.252631578947366,7.105263157894737,9,19,0,2.427907914667536,0.0,0.0,0.0,0.0,0.0,0.0,0.0,0
1995,2023-08-11,Spain,20.0,M,Premium,33.81,508,1,18-25,Europe,115,5.2272727272727275,682.67,31.030454545454543,6.863636363636363,13,22,5,2.877363511831757,0.0,0.0,0.0,0.0,0.0,0.0,0.0,1
1996,2022-08-20,Canada,59.0,F,Enterprise,171.38,864,1,51+,North America,291,4.279411764705882,2138.6,31.45,7.720588235294118,40,68,0,2.472810886150717,0.0,0.0,0.0,0.0,0.0,0.0,0.0,0
1997,2024-04-06,UK,44.0,M,Premium,36.51,269,1,36-50,Europe,238,4.576923076923077,1311.44,25.220000000000002,7.980769230769231,37,52,2,2.554090558731642,0.0,0.0,0.0,0.0,0.0,0.0,0.0,0
1998,2023-03-16,Italy,66.0,F,Premium,31.67,656,1,51+,Europe,138,5.111111111111111,791.74,29.323703703703703,6.407407407407407,10,27,2,2.4703368398993897,0.0,0.0,0.0,0.0,0.0,0.0,0.0,1
1999,2024-05-15,USA,19.0,F,Premium,33.18,230,1,18-25,North America,25,4.166666666666667,143.63,23.938333333333333,8.166666666666666,5,6,1,2.714160398109638,0.0,0.0,0.0,0.0,0.0,0.0,0.0,0
2000,2023-07-29,UK,66.0,M,Basic,12.64,521,0,51+,Europe,266,5.428571428571429,1308.3,26.7,7.387755102040816,24,49,0,2.4916527312876755,0.0,0.0,0.0,0.0,0.0,0.0,0.0,0
2001,2024-02-25,UK,33.0,M,Premium,38.46,310,1,26-35,Europe,187,5.054054054054054,1026.83,27.75216216216216,8.027027027027026,19,37,0,2.6556642394234538,0.0,0.0,0.0,0.0,0.0,0.0,0.0,0
2002,2024-04-18,Australia,19.0,Other,Basic,14.76,257,0,18-25,Oceania,18,3.6,159.81,31.962,5.0,3,5,2,2.701851217221259,2.0,17.861805555555552,0.0,0.0,0.0,5.0,25.0,1
2003,2023-09-29,Brazil,43.5,F,Basic,10.09,459,0,36-50,South America,284,5.2592592592592595,1668.75,30.90277777777778,7.907407407407407,26,54,0,2.7484828417722422,0.0,0.0,0.0,0.0,0.0,0.0,0.0,0
2004,2023-09-21,Australia,37.0,F,Premium,33.52,467,1,36-50,Oceania,223,4.955555555555556,1572.94,34.95422222222222,7.444444444444445,21,45,0,2.5757219248869694,0.0,0.0,0.0,0.0,0.0,0.0,0.0,0
2005,2023-11-23,UK,55.0,M,Premium,36.67,404,1,51+,Europe,407,5.0246913580246915,2247.96,27.752592592592592,6.950617283950617,54,81,0,2.489855962912189,2.0,12.205555555555556,0.0,0.0,0.0,5.0,76.0,0
2006,2023-10-21,Brazil,45.0,M,Basic,12.63,437,0,36-50,South America,73,5.615384615384615,364.32,28.024615384615384,8.384615384615385,7,13,7,3.014920163079545,0.0,0.0,0.0,0.0,0.0,0.0,0.0,0
2007,2023-07-25,USA,42.0,M,Basic,14.71,525,0,36-50,North America,293,5.140350877192983,1522.19,26.70508771929825,7.12280701754386,31,57,0,2.3256227775067364,0.0,0.0,0.0,0.0,0.0,0.0,0.0,0
2008,2022-01-27,USA,49.0,M,Enterprise,101.69,1069,1,36-50,North America,72,5.538461538461538,468.01,36.00076923076923,7.230769230769231,14,13,6,2.9330128030003726,5.0,22.30138888888889,2.0,80.0,1.0,5.0,50.0,0
2009,2023-09-16,Spain,27.0,F,Premium,34.37,472,1,26-35,Europe,195,5.27027027027027,1220.56,32.98810810810811,8.756756756756756,19,37,4,2.34104260543897,0.0,0.0,0.0,0.0,0.0,0.0,0.0,0
2010,2023-11-05,Brazil,59.0,F,Basic,13.33,422,0,51+,South America,184,4.972972972972973,1054.4,28.4972972972973,7.864864864864865,27,37,0,2.7333992521165786,0.0,0.0,0.0,0.0,0.0,0.0,0.0,1
2011,2024-04-29,Mexico,57.0,F,Enterprise,121.75,246,1,51+,North America,204,5.1,1397.24,34.931,7.725,22,40,2,2.609646797989416,3.0,11.234861111111112,1.0,0.0,1.0,3.5,170.0,0
2012,2023-12-12,Brazil,50.0,M,Basic,13.62,385,0,36-50,South America,193,4.948717948717949,1069.32,27.418461538461536,7.512820512820513,18,39,1,2.7810327308272593,0.0,0.0,0.0,0.0,0.0,0.0,0.0,1
2013,2022-10-01,USA,30.0,F,Premium,30.8,822,1,26-35,North America,30,4.285714285714286,178.35,25.478571428571428,4.571428571428571,5,7,14,2.4976179127511156,0.0,0.0,0.0,0.0,0.0,0.0,0.0,0
2014,2022-01-30,Italy,58.0,F,Premium,34.5,1066,1,51+,Europe,258,4.961538461538462,1743.99,33.53826923076923,8.096153846153847,21,52,0,2.512412624265794,0.0,0.0,0.0,0.0,0.0,0.0,0.0,0
2015,2022-07-04,USA,59.0,F,Enterprise,167.61,911,1,51+,North America,396,5.2105263157894735,2521.1,33.17236842105263,7.4868421052631575,44,76,0,2.7340606648899084,2.0,7.571944444444444,0.0,50.0,0.0,4.5,14.0,0
2016,2022-10-07,Spain,64.0,F,Premium,32.66,816,1,51+,Europe,96,5.333333333333333,650.02,36.11222222222222,7.333333333333333,6,18,2,3.180824902257829,4.0,9.003194444444444,2.0,50.0,0.0,4.0,42.0,0
2017,2023-12-21,Spain,54.0,Other,Basic,10.36,376,0,51+,Europe,111,4.44,728.97,29.1588,6.88,20,25,1,2.6783079235467557,0.0,0.0,0.0,0.0,0.0,0.0,0.0,1
2018,2024-02-20,USA,33.0,F,Premium,39.56,315,1,26-35,North America,293,4.80327868852459,1883.12,30.870819672131145,7.278688524590164,28,61,0,2.657189443322572,3.0,15.360555555555555,0.0,0.0,1.0,0.0,80.0,0
2019,2022-11-13,Spain,62.0,M,Basic,14.56,779,0,51+,Europe,374,5.123287671232877,1959.38,26.84082191780822,7.191780821917808,41,73,0,2.634942575167289,0.0,0.0,0.0,0.0,0.0,0.0,0.0,0
2020,2022-12-14,Canada,43.5,M,Basic,14.62,748,0,36-50,North America,46,4.6,259.99,25.999000000000002,5.1,6,10,4,3.062315754094894,3.0,14.193981481481481,0.0,100.0,0.0,3.6666666666666665,48.0,0
2021,2022-12-26,Brazil,37.0,Other,Basic,14.88,736,0,36-50,South America,298,4.966666666666667,1744.27,29.071166666666667,7.183333333333334,31,60,0,2.648739173463395,0.0,0.0,0.0,0.0,0.0,0.0,0.0,0
2022,2022-01-07,Brazil,67.0,F,Basic,10.91,1089,0,51+,South America,215,4.673913043478261,1389.26,30.20130434782609,8.173913043478262,24,46,2,2.4499827466611266,1.0,0.0,1.0,100.0,0.0,0.0,92.0,0
2023,2022-07-05,USA,60.0,M,Basic,10.78,910,0,51+,North America,381,5.148648648648648,2365.51,31.966351351351353,7.472972972972973,34,74,1,2.723225486981082,1.0,5.9675,0.0,100.0,0.0,0.0,187.0,0
2024,2024-06-09,UK,44.0,M,Basic,10.16,205,0,36-50,Europe,159,5.129032258064516,863.47,27.853870967741937,8.64516129032258,15,31,0,2.692482565512987,0.0,0.0,0.0,0.0,0.0,0.0,0.0,0
2025,2022-05-27,Spain,58.0,F,Premium,38.91,949,1,51+,Europe,204,4.744186046511628,1247.51,29.01186046511628,8.023255813953488,22,43,0,2.498504536106253,0.0,0.0,0.0,0.0,0.0,0.0,0.0,0
2026,2023-08-03,USA,33.0,Other,Premium,37.52,516,1,26-35,North America,115,4.791666666666667,605.29,25.220416666666665,6.166666666666667,12,24,1,2.4313025077225525,5.0,27.832708333333333,1.0,20.0,0.0,4.333333333333333,38.0,0
2027,2023-11-05,Spain,51.0,M,Basic,13.16,422,0,51+,Europe,211,5.146341463414634,1336.23,32.5909756097561,7.170731707317073,22,41,0,2.5353596944985552,4.0,42.26375,2.0,75.0,3.0,2.0,13.0,0
2028,2023-02-15,Australia,49.0,F,Enterprise,192.76,685,1,36-50,Oceania,147,5.068965517241379,704.86,24.30551724137931,8.448275862068966,17,29,2,2.763680704148501,0.0,0.0,0.0,0.0,0.0,0.0,0.0,0
2029,2022-03-13,USA,43.0,F,Basic,12.87,1024,0,36-50,North America,358,5.343283582089552,1799.82,26.862985074626863,7.164179104477612,29,67,0,2.58522749017151,0.0,0.0,0.0,0.0,0.0,0.0,0.0,0
2030,2022-05-26,Canada,42.0,M,Basic,10.64,950,0,36-50,North America,277,4.946428571428571,1652.36,29.506428571428568,8.035714285714286,33,56,0,2.496686115321979,0.0,0.0,0.0,0.0,0.0,0.0,0.0,0
2031,2024-01-29,Canada,19.0,M,Basic,10.87,337,0,18-25,North America,65,5.416666666666667,381.78,31.814999999999998,7.833333333333333,6,12,10,2.2343733444579583,0.0,0.0,0.0,0.0,0.0,0.0,0.0,0
2032,2023-10-11,France,29.0,F,Basic,10.65,447,0,26-35,Europe,106,4.818181818181818,582.19,26.46318181818182,5.954545454545454,11,22,1,2.461829819586655,0.0,0.0,0.0,0.0,0.0,0.0,0.0,0
2033,2022-02-01,Brazil,57.0,F,Basic,11.53,1064,0,51+,South America,337,4.554054054054054,2109.79,28.510675675675675,7.121621621621622,39,74,1,2.276393999481142,0.0,0.0,0.0,0.0,0.0,0.0,0.0,0
2034,2022-04-04,Canada,26.0,F,Enterprise,137.94,1002,1,26-35,North America,251,5.02,1507.06,30.141199999999998,5.94,28,50,1,2.6991306234506287,1.0,40.13472222222222,0.0,100.0,0.0,4.0,157.0,0
2035,2024-02-04,Brazil,29.0,F,Basic,13.97,331,0,26-35,South America,261,5.326530612244898,1396.75,28.505102040816325,7.081632653061225,23,49,3,2.6488028357325946,2.0,24.2575,1.0,50.0,0.0,0.0,16.0,1
2036,2023-06-28,France,43.0,M,Basic,10.95,552,0,36-50,Europe,142,5.071428571428571,923.13,32.96892857142857,8.428571428571429,14,28,1,2.5521025671448854,0.0,0.0,0.0,0.0,0.0,0.0,0.0,0
2037,2022-08-09,UK,26.0,F,Basic,13.62,875,0,26-35,Europe,146,5.407407407407407,747.16,27.67259259259259,7.703703703703703,11,27,0,2.341256389522831,0.0,0.0,0.0,0.0,0.0,0.0,0.0,0
2038,2023-01-21,Italy,27.0,M,Premium,34.9,710,1,26-35,Europe,206,4.478260869565218,1310.5,28.48913043478261,7.065217391304348,21,46,0,2.483180133393312,0.0,0.0,0.0,0.0,0.0,0.0,0.0,0
2039,2023-03-06,UK,49.0,M,Basic,14.99,666,0,36-50,Europe,107,3.689655172413793,791.3199999999999,27.286896551724137,7.793103448275862,11,29,1,2.45099758518069,0.0,0.0,0.0,0.0,0.0,0.0,0.0,0
2040,2023-04-10,Canada,51.0,M,Premium,37.76,631,1,51+,North America,372,4.96,2184.85,29.13133333333333,7.84,29,75,0,2.6733924191983167,4.0,16.567569444444445,0.0,100.0,0.0,2.5,5.0,0
2041,2022-12-16,UK,65.0,M,Basic,14.83,746,0,51+,Europe,330,5.076923076923077,2025.09,31.15523076923077,7.1692307692307695,23,65,0,2.7346600126186407,2.0,8.161666666666667,0.0,50.0,0.0,3.0,229.0,1
2042,2022-06-11,Australia,37.0,F,Basic,11.7,934,0,36-50,Oceania,148,5.103448275862069,834.01,28.75896551724138,8.758620689655173,22,29,0,2.5959422674931805,4.0,16.80824074074074,1.0,0.0,0.0,2.6666666666666665,130.0,1
2043,2023-01-14,Germany,56.0,F,Basic,10.61,717,0,51+,Europe,228,4.851063829787234,1461.51,31.09595744680851,7.0212765957446805,25,47,0,2.4314848156796427,0.0,0.0,0.0,0.0,0.0,0.0,0.0,0
2044,2022-11-16,UK,19.0,F,Premium,35.05,776,1,18-25,Europe,67,3.7222222222222223,597.42,33.19,7.722222222222222,7,18,10,2.906494868101551,0.0,0.0,0.0,0.0,0.0,0.0,0.0,0
2045,2024-01-09,Canada,18.0,M,Premium,31.23,357,1,18-25,North America,393,4.9125,2113.11,26.413875,7.425,27,80,0,2.7104754592487774,0.0,0.0,0.0,0.0,0.0,0.0,0.0,0
2046,2022-11-29,Brazil,68.0,F,Basic,12.45,763,0,51+,South America,192,4.465116279069767,1115.84,25.949767441860462,7.186046511627907,24,43,3,2.719846259742165,0.0,0.0,0.0,0.0,0.0,0.0,0.0,0
2047,2024-03-06,Italy,53.0,F,Basic,11.34,300,0,51+,Europe,116,4.833333333333333,650.3199999999999,27.096666666666664,7.833333333333333,11,24,4,2.929114225312413,0.0,0.0,0.0,0.0,0.0,0.0,0.0,1
2048,2023-08-05,France,41.0,F,Basic,12.45,514,0,36-50,Europe,180,5.142857142857143,771.95,22.055714285714288,7.485714285714286,14,35,0,2.901752585460533,0.0,0.0,0.0,0.0,0.0,0.0,0.0,0
2049,2023-09-03,USA,44.0,F,Basic,14.74,485,0,36-50,North America,205,5.54054054054054,1208.31,32.65702702702703,6.918918918918919,13,37,1,2.83426057959268,0.0,0.0,0.0,0.0,0.0,0.0,0.0,0
2050,2022-03-28,Germany,19.0,M,Basic,11.44,1009,0,18-25,Europe,78,4.588235294117647,437.61,25.741764705882353,9.294117647058824,5,17,5,2.807552838536876,0.0,0.0,0.0,0.0,0.0,0.0,0.0,0
2051,2024-06-23,Italy,48.0,M,Premium,39.92,191,1,36-50,Europe,340,4.788732394366197,1911.33,26.92014084507042,7.563380281690141,30,71,1,2.6668091846557345,0.0,0.0,0.0,0.0,0.0,0.0,0.0,0
2052,2022-02-23,Italy,31.0,M,Premium,32.28,1042,1,26-35,Europe,221,4.702127659574468,1495.89,31.82744680851064,7.851063829787234,15,47,0,2.6368203316892145,0.0,0.0,0.0,0.0,0.0,0.0,0.0,0
2053,2022-06-09,Canada,19.0,F,Basic,11.03,936,0,18-25,North America,200,4.878048780487805,1147.18,27.98,7.073170731707317,17,41,0,2.4616571852231934,0.0,0.0,0.0,0.0,0.0,0.0,0.0,0
2054,2022-06-11,UK,46.0,Other,Enterprise,154.47,934,1,36-50,Europe,172,5.0588235294117645,960.02,28.235882352941175,7.205882352941177,20,34,1,2.718524292985222,0.0,0.0,0.0,0.0,0.0,0.0,0.0,0
2055,2024-02-12,Mexico,32.0,M,Enterprise,184.19,323,1,26-35,North America,122,5.809523809523809,591.28,28.156190476190474,6.285714285714286,12,21,4,2.4620935729384374,4.0,12.510740740740742,1.0,100.0,0.0,2.5,43.0,0
2056,2023-09-25,Germany,29.0,M,Basic,13.74,463,0,26-35,Europe,48,6.0,194.23000000000002,24.278750000000002,10.125,0,8,6,2.32992949004287,0.0,0.0,0.0,0.0,0.0,0.0,0.0,0
2057,2022-02-20,USA,54.0,M,Basic,13.61,1045,0,51+,North America,227,5.159090909090909,1506.46,34.23772727272728,8.295454545454545,35,44,0,2.718953131460384,5.0,11.484666666666666,0.0,80.0,1.0,2.0,52.0,0
2058,2023-11-22,UK,45.0,F,Enterprise,128.25,405,1,36-50,Europe,215,4.777777777777778,1249.19,27.759777777777778,9.177777777777777,27,45,1,2.71267135100916,0.0,0.0,0.0,0.0,0.0,0.0,0.0,0
2059,2022-03-25,USA,37.0,M,Premium,30.22,1012,1,36-50,North America,214,4.863636363636363,1177.76,26.767272727272726,7.454545454545454,17,44,1,2.3781066251342473,0.0,0.0,0.0,0.0,0.0,0.0,0.0,1
2060,2022-10-06,Mexico,56.0,M,Basic,10.8,817,0,51+,North America,96,5.052631578947368,366.72,19.301052631578948,8.0,16,19,0,2.3681611293370484,0.0,0.0,0.0,0.0,0.0,0.0,0.0,0
2061,2023-03-30,Brazil,41.0,M,Premium,33.48,642,1,36-50,South America,231,3.9827586206896552,1768.13,30.485000000000003,7.379310344827586,29,58,0,2.305533993101258,3.0,10.42013888888889,1.0,100.0,0.0,5.0,37.0,0
2062,2023-11-09,Brazil,38.0,Unknown,Basic,14.85,418,0,36-50,South America,87,5.4375,541.35,33.834375,10.0,11,16,13,2.657536453183662,0.0,0.0,0.0,0.0,0.0,0.0,0.0,1
2063,2023-03-11,Australia,27.0,F,Premium,39.19,661,1,26-35,Oceania,291,5.490566037735849,1694.92,31.979622641509437,8.056603773584905,19,53,2,2.382812183997933,2.0,24.38875,0.0,0.0,0.0,4.0,84.0,0
2064,2023-05-13,Germany,63.0,F,Basic,10.99,598,0,51+,Europe,380,4.634146341463414,2489.5,30.359756097560975,8.121951219512194,38,82,0,2.7148980615287606,5.0,20.9037037037037,2.0,20.0,1.0,3.0,183.0,0
2065,2023-09-14,USA,31.0,M,Premium,37.25,474,1,26-35,North America,78,6.5,336.65999999999997,28.054999999999996,9.416666666666666,6,12,6,2.7136021011998723,0.0,0.0,0.0,0.0,0.0,0.0,0.0,1
2066,2023-03-29,Brazil,54.0,M,Basic,12.89,643,0,51+,South America,88,4.631578947368421,604.38,31.809473684210527,6.578947368421052,7,19,0,2.8908000875534148,3.0,6.847037037037037,0.0,33.33333333333333,1.0,4.5,35.0,0
2067,2023-03-01,Mexico,35.0,M,Basic,10.24,671,0,26-35,North America,27,3.857142857142857,183.13,26.16142857142857,8.571428571428571,5,7,33,1.9518001458970664,0.0,0.0,0.0,0.0,0.0,0.0,0.0,0
2068,2022-10-07,Canada,41.0,Unknown,Basic,11.85,816,0,36-50,North America,75,5.0,561.53,37.43533333333333,6.333333333333333,11,15,7,2.6726124191242437,2.0,22.678472222222222,0.0,100.0,0.0,3.5,33.0,0
2069,2022-08-09,USA,31.0,M,Basic,12.42,875,0,26-35,North America,133,6.045454545454546,641.88,29.176363636363636,7.7727272727272725,17,22,0,2.380021463033929,3.0,16.151481481481483,0.0,33.33333333333333,2.0,3.5,67.0,1
2070,2024-02-13,France,51.0,M,Premium,36.67,322,1,51+,Europe,279,5.166666666666667,1677.69,31.068333333333335,7.148148148148148,23,54,0,2.640397340024329,0.0,0.0,0.0,0.0,0.0,0.0,0.0,0
2071,2023-06-09,USA,29.0,F,Basic,11.46,571,0,26-35,North America,309,5.065573770491803,1819.81,29.83295081967213,8.0,38,61,0,2.7010420980244914,1.0,10.076666666666666,0.0,0.0,0.0,3.0,353.0,1
2072,2022-04-27,Spain,39.0,M,Basic,14.66,979,0,36-50,Europe,69,6.9,298.0,29.8,7.5,5,10,1,2.183269719175042,3.0,7.418703703703703,0.0,100.0,1.0,4.0,201.0,1
2073,2022-12-20,USA,23.0,M,Basic,12.25,742,0,18-25,North America,284,4.580645161290323,1722.2,27.77741935483871,7.17741935483871,29,62,0,2.357745429720869,0.0,0.0,0.0,0.0,0.0,0.0,0.0,0
2074,2023-03-17,Australia,53.0,Unknown,Premium,32.48,655,1,51+,Oceania,286,5.2,1680.19,30.548909090909092,8.054545454545455,30,55,0,2.45251193979047,0.0,0.0,0.0,0.0,0.0,0.0,0.0,1
2075,2022-04-24,Spain,62.0,F,Basic,11.57,982,0,51+,Europe,400,5.0,2408.77,30.109625,8.0125,43,80,0,2.5705242532815866,5.0,13.572277777777776,0.0,80.0,0.0,5.0,100.0,1
2076,2022-10-18,Brazil,53.0,F,Basic,13.75,805,0,51+,South America,28,5.6,207.26,41.452,9.4,7,5,18,2.073644135332772,2.0,17.68861111111111,1.0,50.0,0.0,4.0,109.0,0
2077,2023-11-26,USA,39.0,F,Enterprise,164.02,401,1,36-50,North America,217,5.166666666666667,1357.71,32.32642857142857,7.214285714285714,28,42,0,2.5748944251780514,0.0,0.0,0.0,0.0,0.0,0.0,0.0,0
2078,2023-11-26,UK,31.0,M,Basic,13.7,401,0,26-35,Europe,53,3.7857142857142856,358.25,25.589285714285715,8.214285714285714,6,14,4,2.0448272986535274,0.0,0.0,0.0,0.0,0.0,0.0,0.0,1
2079,2023-08-31,USA,33.0,F,Premium,32.91,488,1,26-35,North America,289,4.898305084745763,1855.19,31.443898305084748,7.6440677966101696,32,59,0,2.6372328448076634,0.0,0.0,0.0,0.0,0.0,0.0,0.0,0
2080,2023-05-14,Mexico,53.0,F,Basic,11.62,597,0,51+,North America,270,5.294117647058823,1386.55,27.187254901960785,8.450980392156863,32,51,0,2.6630367451243235,0.0,0.0,0.0,0.0,0.0,0.0,0.0,0
2081,2023-06-24,Germany,42.0,M,Premium,33.96,556,1,36-50,Europe,274,4.6440677966101696,1868.8799999999999,31.675932203389827,8.067796610169491,32,59,0,2.5781757240905607,2.0,14.19625,0.0,100.0,0.0,0.0,39.0,0
2082,2023-11-15,Italy,49.0,M,Basic,10.93,412,0,36-50,Europe,303,5.315789473684211,1449.79,25.434912280701752,7.228070175438597,30,57,0,2.791299586833819,0.0,0.0,0.0,0.0,0.0,0.0,0.0,0
2083,2022-11-12,France,50.0,F,Premium,36.9,780,1,36-50,Europe,79,6.076923076923077,517.63,39.817692307692305,7.615384615384615,9,13,5,3.0946604138294522,2.0,28.509166666666665,0.0,0.0,0.0,0.0,37.0,0
2084,2022-02-16,USA,62.0,M,Basic,11.64,1049,0,51+,North America,79,4.388888888888889,665.91,36.995,6.333333333333333,7,18,4,2.4528228369128184,0.0,0.0,0.0,0.0,0.0,0.0,0.0,0
2085,2022-08-14,Australia,53.0,M,Basic,11.62,870,0,51+,Oceania,132,4.888888888888889,818.42,30.311851851851852,8.296296296296296,7,27,1,2.791929761808451,0.0,0.0,0.0,0.0,0.0,0.0,0.0,0
2086,2023-02-09,Australia,37.0,M,Basic,11.34,691,0,36-50,Oceania,430,4.886363636363637,2691.2400000000002,30.58227272727273,7.2272727272727275,40,88,0,2.6236406143268267,4.0,26.038796296296297,1.0,75.0,1.0,0.0,54.0,0
2087,2023-09-06,Mexico,35.0,M,Premium,34.52,482,1,26-35,North America,262,4.943396226415095,1546.99,29.188490566037736,7.150943396226415,26,53,2,2.491640595915923,4.0,13.805069444444445,0.0,50.0,2.0,2.3333333333333335,108.0,0
2088,2022-02-26,UK,55.0,M,Premium,37.71,1039,1,51+,Europe,163,5.09375,997.74,31.179375,7.125,21,32,0,2.8438884670294695,1.0,4.917777777777777,0.0,0.0,0.0,0.0,250.0,0
2089,2022-01-08,Brazil,20.0,M,Basic,14.17,1088,0,18-25,South America,29,5.8,122.56,24.512,8.0,0,5,1,2.8635642126552705,5.0,19.767569444444444,1.0,40.0,0.0,4.25,172.0,0
2090,2022-07-29,UK,40.0,M,Basic,14.01,886,0,36-50,Europe,169,4.828571428571428,1112.11,31.774571428571427,7.114285714285714,26,35,2,2.8950842138082993,0.0,0.0,0.0,0.0,0.0,0.0,0.0,0
2091,2022-11-05,UK,43.5,M,Premium,36.2,787,1,36-50,Europe,221,4.604166666666667,1417.64,29.534166666666668,7.875,25,48,0,2.631556317558541,0.0,0.0,0.0,0.0,0.0,0.0,0.0,0
2092,2022-08-05,UK,62.0,F,Premium,32.79,879,1,51+,Europe,397,4.563218390804598,2555.04,29.368275862068966,7.64367816091954,48,87,0,2.433779477433016,5.0,15.358333333333334,0.0,40.0,1.0,4.5,18.0,1
2093,2024-02-25,UK,33.0,M,Premium,37.34,310,1,26-35,Europe,146,4.709677419354839,983.15,31.71451612903226,8.193548387096774,12,31,0,2.759149003915238,3.0,10.579722222222221,0.0,0.0,0.0,2.0,234.0,0
2094,2022-05-21,USA,22.0,F,Enterprise,103.93,955,1,18-25,North America,280,4.745762711864407,1875.56,31.78915254237288,6.4576271186440675,29,59,0,2.7391996083614814,0.0,0.0,0.0,0.0,0.0,0.0,0.0,0
2095,2024-02-22,UK,21.0,F,Basic,13.98,313,0,18-25,Europe,394,5.116883116883117,2596.35,33.718831168831166,7.12987012987013,39,77,1,2.7813950777018057,0.0,0.0,0.0,0.0,0.0,0.0,0.0,1
2096,2022-09-19,Canada,38.0,F,Basic,13.89,834,0,36-50,North America,132,5.076923076923077,788.57,30.329615384615387,7.3076923076923075,19,26,8,3.4049737376147493,3.0,23.949537037037036,0.0,0.0,0.0,4.666666666666667,40.0,0
2097,2022-10-24,USA,57.0,F,Basic,13.34,799,0,51+,North America,212,4.416666666666667,1513.72,31.535833333333333,6.583333333333333,20,48,0,2.80450498786334,2.0,23.966944444444444,1.0,100.0,0.0,4.0,35.0,0
2098,2022-12-02,Australia,68.0,M,Premium,30.97,760,1,51+,Oceania,391,5.077922077922078,2553.98,33.168571428571425,8.077922077922079,44,77,0,2.5379552159285206,0.0,0.0,0.0,0.0,0.0,0.0,0.0,0
2099,2022-05-03,UK,31.0,M,Basic,14.98,973,0,26-35,Europe,146,4.294117647058823,1097.8,32.28823529411765,7.676470588235294,15,34,0,2.736170867479365,0.0,0.0,0.0,0.0,0.0,0.0,0.0,0
2100,2022-01-08,USA,56.0,F,Basic,13.77,1088,0,51+,North America,283,5.1454545454545455,1670.65,30.37545454545455,7.654545454545454,26,55,1,2.6971739793249294,3.0,9.472777777777777,0.0,33.33333333333333,2.0,3.6666666666666665,109.0,0
2101,2023-05-25,Italy,48.0,M,Basic,13.66,586,0,36-50,Europe,131,4.517241379310345,903.69,31.161724137931035,7.379310344827586,11,29,0,2.720565719204797,0.0,0.0,0.0,0.0,0.0,0.0,0.0,0
2102,2024-02-04,UK,31.0,F,Basic,10.31,331,0,26-35,Europe,157,4.757575757575758,1223.55,37.07727272727273,7.848484848484849,13,33,11,2.5003787591870834,0.0,0.0,0.0,0.0,0.0,0.0,0.0,0
2103,2023-03-17,USA,23.0,F,Basic,11.98,655,0,18-25,North America,168,4.8,1239.7,35.42,7.228571428571429,26,35,1,2.66568609422437,0.0,0.0,0.0,0.0,0.0,0.0,0.0,0
2104,2022-06-29,UK,43.5,M,Basic,10.42,916,0,36-50,Europe,159,4.818181818181818,985.69,29.86939393939394,8.484848484848484,18,33,2,2.5428151900814755,0.0,0.0,0.0,0.0,0.0,0.0,0.0,0
2105,2022-05-13,Italy,33.0,F,Enterprise,136.09,963,1,26-35,Europe,179,4.365853658536586,1132.71,27.62707317073171,6.7560975609756095,18,41,0,2.6528861411769595,0.0,0.0,0.0,0.0,0.0,0.0,0.0,0
2106,2023-01-25,Spain,34.0,F,Basic,12.84,706,0,26-35,Europe,318,5.578947368421052,1952.28,34.25052631578947,8.543859649122806,32,57,0,2.7706843431403927,4.0,14.660486111111112,0.0,0.0,0.0,4.666666666666667,22.0,1
2107,2023-06-30,Canada,62.0,M,Basic,14.38,550,0,51+,North America,40,5.714285714285714,216.67000000000002,30.952857142857145,9.285714285714286,2,7,1,2.4299715851758235,0.0,0.0,0.0,0.0,0.0,0.0,0.0,0
2108,2023-12-22,USA,40.0,M,Premium,32.82,375,1,36-50,North America,395,4.817073170731708,2489.0,30.353658536585368,7.829268292682927,49,82,0,2.620564677535711,0.0,0.0,0.0,0.0,0.0,0.0,0.0,0
2109,2022-08-24,USA,31.0,F,Premium,36.22,860,1,26-35,North America,312,5.032258064516129,1843.26,29.73,6.629032258064516,30,62,0,2.515315330331263,2.0,4.651111111111112,0.0,100.0,0.0,0.0,87.0,0
2110,2023-05-28,Mexico,24.0,F,Premium,31.64,583,1,18-25,North America,98,5.157894736842105,552.91,29.100526315789473,7.684210526315789,5,19,1,2.651271349010107,4.0,11.334722222222222,2.0,50.0,0.0,4.0,65.0,1
2111,2023-07-27,Brazil,63.0,M,Basic,11.76,523,0,51+,South America,378,5.25,1895.6,26.327777777777776,7.375,37,72,3,2.5715124064133983,5.0,16.12965277777778,1.0,60.0,2.0,4.0,155.0,0
2112,2024-05-03,Australia,49.0,M,Premium,39.46,242,1,36-50,Oceania,93,4.65,426.31,21.3155,7.6,15,20,5,2.641271623569542,0.0,0.0,0.0,0.0,0.0,0.0,0.0,1
2113,2023-11-16,UK,32.0,F,Basic,13.73,411,0,26-35,Europe,264,5.387755102040816,1585.31,32.353265306122445,7.816326530612245,22,49,1,2.4394016217320273,0.0,0.0,0.0,0.0,0.0,0.0,0.0,0
2114,2024-04-05,Canada,61.0,F,Basic,12.72,270,0,51+,North America,370,5.211267605633803,2347.59,33.06464788732394,7.605633802816901,31,71,0,2.6934602967597883,0.0,0.0,0.0,0.0,0.0,0.0,0.0,0
2115,2022-12-29,USA,34.0,F,Premium,32.51,733,1,26-35,North America,63,3.9375,521.8,32.6125,6.1875,11,16,13,2.080664957811965,0.0,0.0,0.0,0.0,0.0,0.0,0.0,0
2116,2022-03-15,UK,58.0,Other,Premium,33.79,1022,1,51+,Europe,216,5.4,1120.45,28.01125,7.25,19,40,1,2.5700443975013747,2.0,18.675416666666667,0.0,50.0,0.0,2.0,154.0,0
2117,2023-02-11,Brazil,64.0,M,Basic,10.77,689,0,51+,South America,250,5.434782608695652,1683.4,36.595652173913045,7.260869565217392,29,46,0,2.6554110283473253,0.0,0.0,0.0,0.0,0.0,0.0,0.0,0
2118,2024-06-01,Australia,61.0,M,Enterprise,135.34,213,1,51+,Oceania,229,4.872340425531915,1397.13,29.72617021276596,7.574468085106383,28,47,3,2.7867467496721896,0.0,0.0,0.0,0.0,0.0,0.0,0.0,0
2119,2024-01-30,Germany,43.5,F,Premium,31.5,336,1,36-50,Europe,224,4.869565217391305,1385.56,30.12086956521739,9.043478260869565,19,46,0,2.671734315235654,3.0,14.797777777777778,1.0,66.66666666666666,0.0,5.0,47.0,0
2120,2022-02-13,Brazil,43.5,F,Premium,37.94,1052,1,36-50,South America,219,4.9772727272727275,1277.02,29.02318181818182,7.704545454545454,25,44,4,2.7491109460437397,2.0,6.908333333333333,1.0,100.0,1.0,4.0,27.0,0
2121,2023-03-23,Canada,62.0,M,Basic,10.39,649,0,51+,North America,267,4.603448275862069,1707.4,29.43793103448276,7.862068965517241,23,58,0,2.648665040596428,0.0,0.0,0.0,0.0,0.0,0.0,0.0,1
2122,2022-01-20,USA,44.0,M,Basic,10.94,1076,0,36-50,North America,204,5.828571428571428,1085.19,31.005428571428574,6.457142857142857,19,35,1,2.4553149347021512,4.0,32.18472222222223,1.0,50.0,1.0,2.5,67.0,1
2123,2023-04-16,UK,69.0,F,Basic,13.45,625,0,51+,Europe,243,5.4,1374.32,30.540444444444443,6.8,20,45,0,2.5352066438996106,3.0,9.896527777777777,1.0,33.33333333333333,1.0,3.5,11.0,0
2124,2022-03-21,USA,40.0,Unknown,Basic,14.5,1016,0,36-50,North America,248,5.061224489795919,1418.47,28.948367346938777,6.571428571428571,24,49,0,2.779449610274384,0.0,0.0,0.0,0.0,0.0,0.0,0.0,0
2125,2024-06-01,Canada,43.5,F,Basic,14.81,213,0,36-50,North America,36,4.0,244.59,27.176666666666666,7.222222222222222,9,9,9,2.179449471770337,0.0,0.0,0.0,0.0,0.0,0.0,0.0,0
2126,2022-11-17,Italy,31.0,M,Premium,38.35,775,1,26-35,Europe,286,5.5,1782.48,34.27846153846154,7.019230769230769,21,52,1,2.5629333684238436,0.0,0.0,0.0,0.0,0.0,0.0,0.0,0
2127,2023-08-13,Germany,32.0,M,Premium,32.1,506,1,26-35,Europe,142,4.896551724137931,973.41,33.565862068965515,9.10344827586207,19,29,0,2.756094902810949,2.0,8.62013888888889,0.0,100.0,1.0,2.0,49.0,0
2128,2023-03-16,Italy,43.5,M,Basic,11.42,656,0,36-50,Europe,410,4.606741573033708,2632.41,29.5776404494382,7.955056179775281,37,89,0,2.6655119648445242,5.0,26.101444444444446,0.0,40.0,2.0,4.0,59.0,0
2129,2023-08-11,USA,50.0,F,Basic,14.34,508,0,36-50,North America,193,4.948717948717949,1048.5,26.884615384615383,7.897435897435898,20,39,1,2.564419683493796,5.0,17.71538888888889,0.0,40.0,1.0,3.75,99.0,0
2130,2023-02-19,Mexico,70.0,F,Basic,14.44,681,0,51+,North America,213,6.085714285714285,1215.21,34.720285714285716,7.771428571428571,26,35,1,1.9907348417315736,4.0,10.779074074074074,1.0,25.0,1.0,3.5,77.0,1
2131,2023-12-28,USA,48.0,F,Premium,36.4,369,1,36-50,North America,190,4.75,1065.63,26.640750000000004,8.225,22,40,0,2.8622207623290854,0.0,0.0,0.0,0.0,0.0,0.0,0.0,0
2132,2023-10-18,Brazil,52.0,F,Basic,11.56,440,0,51+,South America,69,5.3076923076923075,407.86,31.373846153846156,6.3076923076923075,5,13,2,2.1750331562459526,0.0,0.0,0.0,0.0,0.0,0.0,0.0,0
2133,2023-03-04,UK,34.0,Unknown,Premium,32.23,668,1,26-35,Europe,135,6.136363636363637,802.8,36.49090909090909,7.409090909090909,14,22,2,2.833396994446512,0.0,0.0,0.0,0.0,0.0,0.0,0.0,0
2134,2022-10-24,USA,45.0,M,Premium,38.51,799,1,36-50,North America,34,4.25,257.74,32.2175,6.75,7,8,0,2.3754698783308417,0.0,0.0,0.0,0.0,0.0,0.0,0.0,0
2135,2022-04-28,USA,36.0,F,Basic,11.02,978,0,36-50,North America,79,4.388888888888889,622.76,34.59777777777778,5.722222222222222,4,18,8,2.3298293017222096,0.0,0.0,0.0,0.0,0.0,0.0,0.0,0
2136,2023-02-19,Brazil,63.0,F,Basic,13.3,681,0,51+,South America,139,4.483870967741935,902.33,29.10741935483871,8.290322580645162,14,31,0,2.29304699387715,0.0,0.0,0.0,0.0,0.0,0.0,0.0,0
2137,2022-01-22,France,40.0,F,Basic,14.83,1074,0,36-50,Europe,326,4.865671641791045,1952.96,29.14865671641791,7.701492537313433,28,67,0,2.684949761891384,3.0,0.0,3.0,66.66666666666666,0.0,0.0,23.0,0
2138,2022-11-29,Germany,43.5,F,Premium,37.04,763,1,36-50,Europe,278,5.148148148148148,1406.12,26.039259259259257,8.351851851851851,25,54,0,2.6164025958700914,0.0,0.0,0.0,0.0,0.0,0.0,0.0,0
2139,2022-06-25,Germany,57.0,M,Premium,32.57,920,1,51+,Europe,416,4.781609195402299,2591.25,29.78448275862069,7.379310344827586,39,87,0,2.691179767902968,0.0,0.0,0.0,0.0,0.0,0.0,0.0,1
2140,2024-03-31,Brazil,30.0,M,Premium,32.82,275,1,26-35,South America,23,4.6,194.21,38.842,8.6,3,5,2,2.073644135332772,0.0,0.0,0.0,0.0,0.0,0.0,0.0,0
2141,2023-09-25,Brazil,37.0,F,Premium,30.92,463,1,36-50,South America,109,5.190476190476191,616.05,29.335714285714282,7.809523809523809,6,21,6,2.088517359732679,2.0,3.572916666666667,0.0,50.0,0.0,0.0,163.0,0
2142,2023-04-17,Canada,52.0,M,Basic,13.42,624,0,51+,North America,201,5.153846153846154,1072.83,27.508461538461535,7.487179487179487,24,39,0,2.680715355611962,0.0,0.0,0.0,0.0,0.0,0.0,0.0,0
2143,2024-05-01,UK,22.0,M,Basic,12.58,244,0,18-25,Europe,131,4.851851851851852,861.99,31.925555555555555,8.407407407407407,17,27,1,2.5222655216735927,2.0,10.582361111111112,0.0,100.0,0.0,2.0,73.0,0
2144,2023-12-08,USA,26.0,Unknown,Premium,32.05,389,1,26-35,North America,255,5.1,1378.14,27.562800000000003,7.66,19,50,0,2.749768079274308,5.0,15.25064814814815,2.0,60.0,1.0,4.0,71.0,0
2145,2023-01-06,Mexico,46.0,M,Premium,32.27,725,1,36-50,North America,183,4.815789473684211,1073.5,28.25,7.7894736842105265,20,38,0,2.6595596379841364,0.0,0.0,0.0,0.0,0.0,0.0,0.0,0
2146,2022-04-01,UK,23.0,F,Premium,30.08,1005,1,18-25,Europe,197,4.925,1154.76,28.869,6.575,18,40,5,2.575899145979208,3.0,10.20462962962963,0.0,33.33333333333333,0.0,4.0,74.0,0
2147,2023-03-24,UK,42.0,M,Premium,39.77,648,1,36-50,Europe,22,4.4,92.11,18.422,7.4,1,5,12,3.0495901363953815,3.0,13.144259259259258,0.0,66.66666666666666,0.0,3.5,112.0,0
2148,2024-05-14,Canada,48.0,F,Basic,14.13,231,0,36-50,North America,282,5.035714285714286,1612.4,28.792857142857144,7.571428571428571,35,56,0,2.6420672740336264,0.0,0.0,0.0,0.0,0.0,0.0,0.0,0
2149,2022-04-19,Canada,39.0,F,Basic,11.96,987,0,36-50,North America,58,4.461538461538462,363.55,27.965384615384615,6.153846153846154,3,13,12,2.106157030208677,0.0,0.0,0.0,0.0,0.0,0.0,0.0,0
2150,2022-09-07,USA,19.0,F,Premium,39.45,846,1,18-25,North America,264,4.888888888888889,1656.42,30.674444444444447,6.814814814814815,27,54,1,3.0509303664011953,0.0,0.0,0.0,0.0,0.0,0.0,0.0,0
2151,2023-03-23,USA,62.0,M,Enterprise,167.7,649,1,51+,North America,232,5.155555555555556,1345.9,29.908888888888892,6.911111111111111,19,45,0,2.6710191752107346,0.0,0.0,0.0,0.0,0.0,0.0,0.0,0
2152,2023-08-27,Mexico,22.0,M,Basic,13.75,492,0,18-25,North America,452,5.195402298850575,2266.72,26.054252873563215,7.540229885057471,46,87,0,2.7695985791739015,2.0,20.833194444444445,0.0,50.0,0.0,4.0,209.0,1
2153,2023-02-15,Australia,44.0,M,Basic,13.39,685,0,36-50,Oceania,198,4.829268292682927,1441.35,35.15487804878049,8.0,21,41,1,2.6258564224305014,0.0,0.0,0.0,0.0,0.0,0.0,0.0,0
2154,2023-06-21,Spain,42.0,M,Basic,13.77,559,0,36-50,Europe,368,5.111111111111111,2042.9,28.373611111111114,7.375,47,72,0,2.5922721316215718,0.0,0.0,0.0,0.0,0.0,0.0,0.0,0
2155,2022-03-22,Australia,25.0,F,Basic,10.84,1015,0,18-25,Oceania,228,5.181818181818182,1414.81,32.15477272727273,6.340909090909091,17,44,1,2.670011996077287,0.0,0.0,0.0,0.0,0.0,0.0,0.0,0
2156,2023-02-10,Brazil,18.0,M,Basic,12.8,690,0,18-25,South America,259,5.886363636363637,1371.51,31.17068181818182,6.7272727272727275,15,44,0,2.5628464289109902,0.0,0.0,0.0,0.0,0.0,0.0,0.0,0
2157,2024-06-10,UK,37.0,M,Enterprise,184.93,204,1,36-50,Europe,142,5.916666666666667,804.1,33.50416666666667,8.208333333333334,10,24,0,2.93282274871195,0.0,0.0,0.0,0.0,0.0,0.0,0.0,0
2158,2022-11-14,UK,61.0,M,Premium,30.19,778,1,51+,Europe,114,5.181818181818182,713.47,32.430454545454545,8.818181818181818,12,22,0,2.593698657761292,0.0,0.0,0.0,0.0,0.0,0.0,0.0,0
2159,2024-02-03,Canada,40.0,F,Premium,31.22,332,1,36-50,North America,68,4.857142857142857,437.08,31.22,7.214285714285714,4,14,1,2.537628901072897,3.0,43.785,2.0,33.33333333333333,1.0,0.0,242.0,0
2160,2022-12-14,UK,49.0,M,Premium,32.45,748,1,36-50,Europe,56,4.3076923076923075,488.69,37.59153846153846,8.692307692307692,8,13,6,1.7504578155735617,0.0,0.0,0.0,0.0,0.0,0.0,0.0,0
2161,2022-08-15,UK,28.0,F,Basic,11.46,869,0,26-35,Europe,63,7.0,281.31,31.256666666666668,6.444444444444445,4,9,12,2.23606797749979,3.0,4.389166666666667,1.0,33.33333333333333,1.0,4.5,77.0,0
2162,2022-12-08,USA,56.0,F,Enterprise,118.26,754,1,51+,North America,380,5.066666666666666,2286.87,30.4916,7.36,31,75,0,2.3500047920211826,0.0,0.0,0.0,0.0,0.0,0.0,0.0,0
2163,2024-03-08,France,64.0,F,Basic,13.11,298,0,51+,Europe,260,5.0,1392.9,26.786538461538463,7.961538461538462,18,52,0,2.343116744516024,0.0,0.0,0.0,0.0,0.0,0.0,0.0,1
2164,2022-06-22,UK,41.0,F,Enterprise,129.39,923,1,36-50,Europe,390,5.27027027027027,2184.43,29.519324324324323,6.0675675675675675,44,74,0,2.336707068922707,0.0,0.0,0.0,0.0,0.0,0.0,0.0,0
2165,2022-03-20,USA,28.0,M,Premium,31.57,1017,1,26-35,North America,347,4.6891891891891895,2473.2,33.42162162162162,7.851351351351352,43,74,0,2.476883125727103,0.0,0.0,0.0,0.0,0.0,0.0,0.0,0
2166,2023-06-07,Canada,46.0,F,Basic,14.52,573,0,36-50,North America,255,5.3125,1348.87,28.10145833333333,6.270833333333333,24,48,0,2.6749925432387616,3.0,22.250092592592594,0.0,33.33333333333333,0.0,5.0,135.0,1
2167,2023-10-11,USA,43.0,F,Basic,13.47,447,0,36-50,North America,443,5.034090909090909,2552.21,29.002386363636365,7.079545454545454,42,88,0,2.4090292967417573,0.0,0.0,0.0,0.0,0.0,0.0,0.0,0
2168,2022-04-27,Italy,33.0,F,Basic,11.22,979,0,26-35,Europe,348,4.702702702702703,2089.31,28.233918918918917,6.635135135135135,33,74,0,2.4647083226789746,2.0,10.010972222222222,0.0,50.0,0.0,3.0,11.0,0
2169,2023-06-28,Australia,52.0,F,Basic,11.79,552,0,51+,Oceania,52,5.2,258.63,25.863,7.5,3,10,1,2.5298221281347035,0.0,0.0,0.0,0.0,0.0,0.0,0.0,0
2170,2023-06-07,UK,37.0,M,Basic,13.69,573,0,36-50,Europe,32,5.333333333333333,167.15,27.858333333333334,8.0,4,6,1,2.581988897471611,0.0,0.0,0.0,0.0,0.0,0.0,0.0,0
2171,2022-07-18,USA,63.0,M,Premium,37.9,897,1,51+,North America,176,4.888888888888889,1050.5,29.180555555555557,6.916666666666667,25,36,0,2.3272028308407107,2.0,2.4720833333333334,0.0,50.0,0.0,3.0,21.0,0
2172,2024-03-05,Brazil,20.0,F,Premium,31.75,301,1,18-25,South America,131,5.695652173913044,622.65,27.071739130434782,8.695652173913043,16,23,0,2.076596485701273,4.0,18.482569444444444,0.0,75.0,0.0,2.5,89.0,0
2173,2022-12-24,USA,18.0,F,Basic,14.67,738,0,18-25,North America,42,5.25,200.34,25.0425,9.125,3,8,25,2.7645717829090897,0.0,0.0,0.0,0.0,0.0,0.0,0.0,1
2174,2022-12-26,USA,70.0,M,Basic,13.92,736,0,51+,North America,224,4.226415094339623,1545.01,29.151132075471697,7.188679245283019,29,53,0,2.714926755167002,0.0,0.0,0.0,0.0,0.0,0.0,0.0,0
2175,2024-01-15,France,64.0,M,Premium,38.56,351,1,51+,Europe,156,4.7272727272727275,1026.85,31.116666666666664,8.181818181818182,19,33,0,2.684128434808114,0.0,0.0,0.0,0.0,0.0,0.0,0.0,1
2176,2024-04-18,Spain,18.0,Unknown,Basic,10.71,257,0,18-25,Europe,246,5.125,1616.96,33.68666666666667,6.979166666666667,37,48,2,2.3666566776334994,0.0,0.0,0.0,0.0,0.0,0.0,0.0,0
2177,2023-10-23,Australia,34.0,Unknown,Basic,10.71,435,0,26-35,Oceania,197,4.690476190476191,1600.38,38.104285714285716,7.714285714285714,16,42,1,2.5708316509386724,0.0,0.0,0.0,0.0,0.0,0.0,0.0,1
2178,2024-04-14,USA,19.0,F,Premium,33.04,261,1,18-25,North America,192,4.8,1211.42,30.285500000000003,7.875,28,40,3,2.603744837630443,3.0,14.34375,1.0,66.66666666666666,2.0,3.0,90.0,1
2179,2022-06-01,Australia,46.0,F,Basic,10.31,944,0,36-50,Oceania,268,5.583333333333333,1678.02,34.95875,7.25,20,48,2,2.2487190995436674,0.0,0.0,0.0,0.0,0.0,0.0,0.0,1
2180,2022-08-30,Canada,37.0,M,Basic,10.45,854,0,36-50,North America,96,4.8,532.89,26.6445,9.0,6,20,6,2.7453309646130384,5.0,8.919444444444444,2.0,80.0,2.0,3.5,9.0,0
2181,2022-04-16,Spain,23.0,M,Basic,10.71,990,0,18-25,Europe,155,5.535714285714286,869.46,31.052142857142858,8.285714285714286,13,28,0,2.3488711687097203,0.0,0.0,0.0,0.0,0.0,0.0,0.0,0
2182,2022-05-30,Australia,25.0,M,Basic,13.55,946,0,18-25,Oceania,243,5.4,1281.52,28.47822222222222,7.222222222222222,16,45,0,2.4990907437415206,2.0,19.20513888888889,0.0,50.0,0.0,4.5,48.0,1
2183,2022-09-20,Mexico,43.5,M,Basic,10.14,833,0,36-50,North America,94,6.266666666666667,466.83,31.122,6.666666666666667,11,15,14,2.0862360730226466,2.0,26.65222222222222,0.0,0.0,1.0,4.0,211.0,0
2184,2022-07-22,France,65.0,F,Basic,10.41,893,0,51+,Europe,120,4.444444444444445,853.48,31.610370370370372,5.925925925925926,15,27,1,2.805671910932366,0.0,0.0,0.0,0.0,0.0,0.0,0.0,0
2185,2022-06-27,USA,68.0,M,Basic,14.71,918,0,51+,North America,77,4.8125,434.8,27.175,8.125,9,16,2,2.7620946158063933,5.0,9.365555555555554,2.0,80.0,2.0,3.3333333333333335,145.0,1
2186,2023-09-09,Brazil,50.0,F,Premium,30.83,479,1,36-50,South America,358,4.475,2392.1,29.901249999999997,6.7125,41,80,0,2.3865392559631533,0.0,0.0,0.0,0.0,0.0,0.0,0.0,0
2187,2022-06-06,UK,20.0,F,Premium,35.36,939,1,18-25,Europe,268,4.701754385964913,1761.2,30.898245614035087,7.5964912280701755,36,57,0,2.7253106787556076,0.0,0.0,0.0,0.0,0.0,0.0,0.0,0
2188,2024-02-18,Spain,52.0,F,Premium,36.42,317,1,51+,Europe,242,5.260869565217392,1552.85,33.75760869565217,7.913043478260869,18,46,3,2.8474923284157363,0.0,0.0,0.0,0.0,0.0,0.0,0.0,0
2189,2024-02-17,Canada,22.0,M,Basic,14.78,318,0,18-25,North America,58,5.2727272727272725,411.8,37.43636363636364,7.0,6,11,27,2.6866674186027972,4.0,12.932407407407409,1.0,25.0,0.0,0.0,19.0,0
2190,2023-11-03,Mexico,44.0,M,Basic,14.49,424,0,36-50,North America,340,4.788732394366197,1888.27,26.595352112676057,7.464788732394366,37,71,0,2.7040471939972095,0.0,0.0,0.0,0.0,0.0,0.0,0.0,1
2191,2022-03-19,USA,61.0,M,Basic,12.19,1018,0,51+,North America,127,4.379310344827586,920.67,31.747241379310342,6.551724137931035,14,29,1,1.9532718540849838,0.0,0.0,0.0,0.0,0.0,0.0,0.0,0
2192,2022-07-01,UK,29.0,F,Premium,39.41,914,1,26-35,Europe,41,5.125,239.67,29.95875,4.25,6,8,4,2.5319388392523003,0.0,0.0,0.0,0.0,0.0,0.0,0.0,0
2193,2024-03-02,Germany,37.0,F,Basic,12.15,304,0,36-50,Europe,297,4.640625,1991.64,31.119375,7.859375,32,64,0,2.7738414569999184,0.0,0.0,0.0,0.0,0.0,0.0,0.0,1
2194,2023-10-06,USA,62.0,M,Basic,13.34,452,0,51+,North America,139,5.56,851.5,34.06,6.84,13,25,4,2.5013329779672806,0.0,0.0,0.0,0.0,0.0,0.0,0.0,0
2195,2023-05-21,Brazil,37.0,M,Basic,11.29,590,0,36-50,South America,157,5.233333333333333,820.68,27.355999999999998,8.333333333333334,9,30,4,2.5822114731280283,0.0,0.0,0.0,0.0,0.0,0.0,0.0,0
2196,2023-04-21,Australia,26.0,F,Enterprise,163.65,620,1,26-35,Oceania,293,5.528301886792453,1269.27,23.948490566037737,6.886792452830188,28,53,0,2.8729760339632384,0.0,0.0,0.0,0.0,0.0,0.0,0.0,0
2197,2024-02-12,UK,56.0,F,Enterprise,153.81,323,1,51+,Europe,24,4.8,183.24,36.648,3.0,6,5,13,2.588435821108957,0.0,0.0,0.0,0.0,0.0,0.0,0.0,0
2198,2023-08-01,Spain,21.0,Other,Basic,13.02,518,0,18-25,Europe,100,5.2631578947368425,531.4,27.968421052631577,7.684210526315789,14,19,17,2.5569535967448513,2.0,27.805833333333332,1.0,0.0,0.0,4.0,259.0,0
2199,2024-02-18,Australia,43.5,M,Premium,36.82,317,1,36-50,Oceania,15,2.5,216.4,36.06666666666667,7.5,7,6,4,2.345207879911715,2.0,9.850972222222222,0.0,100.0,0.0,5.0,81.0,0
2200,2023-08-17,Italy,36.0,M,Basic,10.86,502,0,36-50,Europe,450,5.113636363636363,2657.9700000000003,30.204204545454548,7.125,40,88,0,2.552581826541752,0.0,0.0,0.0,0.0,0.0,0.0,0.0,1
2201,2023-04-05,USA,43.5,M,Basic,11.5,636,0,36-50,North America,395,4.647058823529412,2647.89,31.151647058823528,7.035294117647059,34,85,0,2.571389666683596,0.0,0.0,0.0,0.0,0.0,0.0,0.0,0
2202,2023-11-29,UK,44.0,M,Basic,13.67,398,0,36-50,Europe,414,5.048780487804878,2373.77,28.948414634146342,7.036585365853658,50,82,0,2.716672070089561,4.0,22.024907407407408,1.0,50.0,1.0,2.0,48.0,1
2203,2024-06-22,Mexico,62.0,F,Basic,10.81,192,0,51+,North America,266,5.018867924528302,1546.45,29.178301886792454,7.283018867924528,20,53,1,2.9644727513942626,5.0,27.20425925925926,2.0,80.0,0.0,4.0,181.0,0
2204,2023-08-02,France,60.0,M,Basic,11.71,517,0,51+,Europe,247,5.040816326530612,1263.29,25.78142857142857,6.6938775510204085,32,49,0,2.54099048661368,5.0,21.032,0.0,60.0,0.0,2.5,60.0,1
2205,2023-10-21,Mexico,30.0,M,Enterprise,166.64,437,1,26-35,North America,125,5.434782608695652,569.83,24.77521739130435,6.826086956521739,8,23,4,2.8094982883801634,0.0,0.0,0.0,0.0,0.0,0.0,0.0,0
2206,2023-10-13,Mexico,30.0,F,Premium,39.37,445,1,26-35,North America,409,4.869047619047619,2251.89,26.808214285714286,7.369047619047619,42,84,1,2.5825165736402917,0.0,0.0,0.0,0.0,0.0,0.0,0.0,0
2207,2023-10-02,Germany,39.0,M,Basic,10.37,456,0,36-50,Europe,144,5.538461538461538,864.12,33.23538461538462,6.6923076923076925,15,26,1,2.7456258919345764,0.0,0.0,0.0,0.0,0.0,0.0,0.0,1
2208,2022-11-27,USA,43.5,F,Basic,12.57,765,0,36-50,North America,242,4.84,1398.66,27.973200000000002,7.9,23,50,1,2.271024222770018,5.0,16.05238888888889,0.0,100.0,0.0,3.5,21.0,0
2209,2024-06-03,Mexico,69.0,M,Basic,10.4,211,0,51+,North America,450,6.0,1801.74,24.0232,7.626666666666667,34,75,0,2.504050772302804,0.0,0.0,0.0,0.0,0.0,0.0,0.0,0
2210,2023-10-05,Australia,64.0,F,Basic,11.89,453,0,51+,Oceania,315,5.163934426229508,2094.34,34.33344262295082,6.934426229508197,37,61,0,2.678185504334682,3.0,10.004722222222222,2.0,66.66666666666666,1.0,0.0,69.0,0
2211,2022-11-20,UK,70.0,M,Premium,31.74,772,1,51+,Europe,125,5.0,767.75,30.71,5.64,15,25,5,2.70801280154532,0.0,0.0,0.0,0.0,0.0,0.0,0.0,0
2212,2022-06-04,UK,62.0,F,Basic,13.24,941,0,51+,Europe,144,4.235294117647059,1004.66,29.548823529411763,8.529411764705882,16,34,2,2.270480172541426,0.0,0.0,0.0,0.0,0.0,0.0,0.0,0
2213,2023-03-27,France,39.0,M,Premium,37.57,645,1,36-50,Europe,230,4.791666666666667,1446.21,30.129375,7.958333333333333,28,48,0,2.7749512806406305,5.0,12.585462962962964,2.0,20.0,1.0,4.0,215.0,0
2214,2022-03-11,UK,60.0,M,Basic,11.23,1026,0,51+,Europe,342,5.104477611940299,1936.67,28.9055223880597,7.850746268656716,32,67,0,2.5651175669093487,0.0,0.0,0.0,0.0,0.0,0.0,0.0,0
2215,2023-04-26,France,36.0,F,Basic,13.55,615,0,36-50,Europe,289,5.0701754385964914,1592.84,27.94456140350877,8.017543859649123,26,57,0,2.6380434384136646,4.0,13.353055555555557,2.0,0.0,2.0,4.0,13.0,0
2216,2023-03-29,Australia,25.0,M,Basic,12.22,643,0,18-25,Oceania,168,4.9411764705882355,703.99,20.70558823529412,7.9411764705882355,18,34,2,2.6961383885733095,5.0,23.57148148148148,2.0,60.0,0.0,0.0,33.0,0
2217,2023-10-09,UK,69.0,M,Enterprise,128.35,449,1,51+,Europe,241,4.634615384615385,1500.91,28.86365384615385,7.403846153846154,30,52,1,2.512937864714433,5.0,27.857314814814817,2.0,80.0,0.0,4.0,43.0,0
2218,2022-11-07,UK,25.0,F,Premium,35.22,785,1,18-25,Europe,329,5.771929824561403,1720.93,30.191754385964913,7.368421052631579,35,57,1,2.299204395466033,4.0,37.40777777777778,2.0,25.0,1.0,0.0,100.0,0
2219,2024-03-26,UK,59.0,F,Basic,11.89,280,0,51+,Europe,397,4.783132530120482,2401.51,28.93385542168675,7.253012048192771,32,83,0,2.4447464468812794,0.0,0.0,0.0,0.0,0.0,0.0,0.0,0
2220,2022-10-09,UK,43.5,M,Premium,32.29,814,1,36-50,Europe,55,4.583333333333333,411.35,34.27916666666667,7.583333333333333,6,12,6,2.391588796113782,0.0,0.0,0.0,0.0,0.0,0.0,0.0,0
2221,2023-08-29,USA,65.0,M,Enterprise,175.67,490,1,51+,North America,229,5.204545454545454,1481.83,33.67795454545455,7.090909090909091,27,44,0,2.529634089308731,1.0,16.294166666666666,0.0,100.0,0.0,0.0,6.0,0
2222,2022-02-27,Spain,68.0,M,Basic,13.98,1038,0,51+,Europe,422,4.795454545454546,2438.75,27.713068181818183,8.488636363636363,57,88,0,2.505896911535562,2.0,16.305,1.0,50.0,0.0,3.0,53.0,0
2223,2022-12-27,Spain,43.0,M,Basic,13.99,735,0,36-50,Europe,93,4.894736842105263,537.52,28.290526315789474,7.894736842105263,7,19,0,2.2826577307580465,0.0,0.0,0.0,0.0,0.0,0.0,0.0,0
2224,2023-06-04,Canada,40.0,Other,Basic,11.9,576,0,36-50,North America,58,4.833333333333333,430.08000000000004,35.84,7.0,3,12,0,2.757908737804898,0.0,0.0,0.0,0.0,0.0,0.0,0.0,0
2225,2022-03-17,Brazil,60.0,F,Basic,10.84,1020,0,51+,South America,186,4.65,1212.19,30.304750000000002,7.45,18,40,1,2.597335913229909,0.0,0.0,0.0,0.0,0.0,0.0,0.0,0
2226,2022-11-14,USA,30.0,M,Premium,38.39,778,1,26-35,North America,95,4.523809523809524,598.03,28.477619047619047,8.476190476190476,13,21,4,2.4620935729384374,0.0,0.0,0.0,0.0,0.0,0.0,0.0,0
2227,2023-04-18,Spain,45.0,Other,Basic,11.64,623,0,36-50,Europe,336,5.1692307692307695,1563.53,24.05430769230769,7.153846153846154,34,65,0,2.5529959775797653,0.0,0.0,0.0,0.0,0.0,0.0,0.0,0
2228,2023-04-08,UK,26.0,F,Basic,13.73,633,0,26-35,Europe,235,4.895833333333333,1482.54,30.88625,7.4375,31,48,5,2.4860425984722063,0.0,0.0,0.0,0.0,0.0,0.0,0.0,0
2229,2022-02-08,USA,37.0,F,Basic,14.08,1057,0,36-50,North America,296,4.625,1934.56,30.2275,7.75,28,64,0,2.4848748810761427,2.0,18.93138888888889,1.0,50.0,1.0,2.0,6.0,0
2230,2022-02-28,Mexico,36.0,M,Basic,13.83,1037,0,36-50,North America,70,5.384615384615385,331.18,25.475384615384616,6.615384615384615,7,13,17,2.5012817227194253,0.0,0.0,0.0,0.0,0.0,0.0,0.0,0
2231,2023-01-13,USA,65.0,M,Basic,11.94,718,0,51+,North America,149,5.730769230769231,637.55,24.521153846153844,6.576923076923077,12,26,0,2.2191474454428173,1.0,0.0,1.0,0.0,0.0,0.0,328.0,0
2232,2024-05-01,Mexico,56.0,F,Premium,39.37,244,1,51+,North America,117,5.086956521739131,674.4,29.321739130434782,7.173913043478261,10,23,10,2.3142452820080335,2.0,20.611944444444443,0.0,100.0,1.0,0.0,98.0,1
2233,2022-10-21,UK,68.0,M,Basic,13.29,802,0,51+,Europe,41,4.1,379.8,37.980000000000004,4.8,5,10,6,2.8067379246694513,3.0,32.76009259259259,0.0,66.66666666666666,0.0,3.0,40.0,0
2234,2022-03-20,Canada,29.0,M,Basic,12.87,1017,0,26-35,North America,139,4.964285714285714,888.8000000000001,31.742857142857144,6.785714285714286,15,28,0,2.7686357498493575,0.0,0.0,0.0,0.0,0.0,0.0,0.0,0
2235,2023-10-23,Brazil,32.0,M,Basic,13.48,435,0,26-35,South America,450,5.113636363636363,2973.38,33.78840909090909,8.659090909090908,38,88,0,2.5972214073240822,3.0,13.122592592592591,0.0,0.0,1.0,4.0,130.0,0
2236,2024-06-03,France,48.0,M,Enterprise,104.46,211,1,36-50,Europe,33,5.5,159.39,26.564999999999998,7.0,2,6,2,3.3316662497915366,0.0,0.0,0.0,0.0,0.0,0.0,0.0,1
2237,2024-05-25,USA,31.0,F,Basic,11.94,220,0,26-35,North America,408,5.1,2431.52,30.394,7.3625,40,80,0,2.4525884027732263,1.0,16.220277777777778,0.0,100.0,0.0,3.0,87.0,0
2238,2022-04-03,Australia,28.0,F,Basic,14.4,1003,0,26-35,Oceania,150,5.172413793103448,960.61,33.12448275862069,7.793103448275862,14,29,1,2.5223142083248153,4.0,13.452870370370372,1.0,100.0,1.0,2.0,105.0,0
2239,2023-09-22,UK,43.0,M,Basic,10.8,466,0,36-50,Europe,189,5.25,1267.14,35.19833333333334,7.944444444444445,23,36,1,2.55650430973904,0.0,0.0,0.0,0.0,0.0,0.0,0.0,0
2240,2023-09-01,France,59.0,M,Basic,12.06,487,0,51+,Europe,222,5.045454545454546,1229.57,27.944772727272724,7.795454545454546,16,44,2,2.6321319103028764,0.0,0.0,0.0,0.0,0.0,0.0,0.0,0
2241,2023-06-04,Spain,44.0,F,Basic,12.02,576,0,36-50,Europe,237,5.266666666666667,1638.05,36.40111111111111,5.822222222222222,22,45,3,2.3969677814802908,1.0,0.0,1.0,100.0,1.0,0.0,271.0,0
2242,2023-01-29,Canada,28.0,M,Premium,33.55,702,1,26-35,North America,82,4.823529411764706,642.21,37.777058823529416,7.764705882352941,4,17,1,2.1861865804880156,2.0,22.634861111111114,0.0,100.0,0.0,5.0,116.0,0
2243,2023-04-19,UK,55.0,F,Premium,35.61,622,1,51+,Europe,297,5.033898305084746,1922.83,32.59033898305085,7.11864406779661,23,59,0,2.6061340221109073,0.0,0.0,0.0,0.0,0.0,0.0,0.0,0
2244,2023-08-18,USA,51.0,F,Basic,14.97,501,0,51+,North America,295,5.363636363636363,1872.66,34.04836363636364,8.581818181818182,21,55,3,2.497136407105194,0.0,0.0,0.0,0.0,0.0,0.0,0.0,1
2245,2023-07-22,Spain,60.0,M,Basic,11.27,528,0,51+,Europe,275,5.092592592592593,1692.88,31.349629629629632,7.537037037037037,19,54,1,2.4669017962612387,1.0,20.287222222222223,0.0,100.0,1.0,0.0,243.0,0
2246,2024-03-21,France,36.0,F,Premium,37.04,285,1,36-50,Europe,232,5.395348837209302,1220.83,28.391395348837207,7.837209302325581,20,43,0,2.735477105453983,0.0,0.0,0.0,0.0,0.0,0.0,0.0,0
2247,2024-01-27,USA,23.0,F,Basic,13.78,339,0,18-25,North America,246,4.92,1513.29,30.2658,7.86,33,50,0,2.3719448663448293,2.0,8.231388888888889,1.0,50.0,0.0,4.0,58.0,1
2248,2022-02-12,Australia,63.0,M,Basic,12.91,1053,0,51+,Oceania,351,5.2388059701492535,2137.67,31.9055223880597,7.895522388059701,33,67,0,2.8127930270990706,4.0,10.524074074074074,1.0,75.0,0.0,5.0,286.0,0
2249,2023-04-06,France,69.0,M,Basic,10.48,635,0,51+,Europe,198,5.2105263157894735,994.78,26.178421052631577,6.973684210526316,17,38,1,2.4179273538462547,0.0,0.0,0.0,0.0,0.0,0.0,0.0,0
2250,2024-04-09,Mexico,55.0,Other,Premium,35.71,266,1,51+,North America,57,4.75,333.96,27.83,7.166666666666667,9,12,11,2.261335084333227,2.0,10.595277777777778,1.0,50.0,0.0,2.0,134.0,1
2251,2023-08-09,UK,66.0,M,Premium,39.52,510,1,51+,Europe,225,5.357142857142857,1326.12,31.57428571428571,7.785714285714286,23,42,1,2.4970365711440152,0.0,0.0,0.0,0.0,0.0,0.0,0.0,0
2252,2023-10-30,UK,43.5,F,Basic,11.7,428,0,36-50,Europe,212,4.930232558139535,1191.5,27.709302325581394,7.953488372093023,17,43,3,2.6672203190481474,0.0,0.0,0.0,0.0,0.0,0.0,0.0,1
2253,2022-07-12,Australia,45.0,F,Basic,13.19,903,0,36-50,Oceania,272,4.945454545454545,1588.93,28.889636363636363,6.327272727272727,22,55,0,2.778343376761036,0.0,0.0,0.0,0.0,0.0,0.0,0.0,0
2254,2022-11-26,UK,18.0,M,Premium,39.58,766,1,18-25,Europe,281,5.109090909090909,2030.82,36.924,6.818181818181818,29,55,1,2.6434596247869555,0.0,0.0,0.0,0.0,0.0,0.0,0.0,1
2255,2023-09-12,USA,43.5,M,Basic,13.98,476,0,36-50,North America,104,4.9523809523809526,445.38,21.208571428571428,7.095238095238095,7,21,3,2.334013506306047,0.0,0.0,0.0,0.0,0.0,0.0,0.0,1
2256,2023-05-03,Italy,57.0,F,Premium,36.87,608,1,51+,Europe,193,5.216216216216216,1008.37,27.253243243243244,8.054054054054054,10,37,2,2.572667607488114,0.0,0.0,0.0,0.0,0.0,0.0,0.0,0
2257,2023-05-29,Spain,43.5,M,Basic,14.85,582,0,36-50,Europe,188,5.529411764705882,980.96,28.851764705882353,8.058823529411764,12,34,2,2.4523988765195535,0.0,0.0,0.0,0.0,0.0,0.0,0.0,0
2258,2022-06-04,USA,69.0,F,Enterprise,117.05,941,1,51+,North America,193,4.948717948717949,1294.43,33.19051282051282,7.538461538461538,23,39,1,2.554137179977428,0.0,0.0,0.0,0.0,0.0,0.0,0.0,1
2259,2022-03-05,Australia,64.0,F,Premium,37.72,1032,1,51+,Oceania,442,4.966292134831461,2557.09,28.731348314606745,6.932584269662922,50,89,0,2.7404770578489672,0.0,0.0,0.0,0.0,0.0,0.0,0.0,0
2260,2023-04-07,USA,24.0,F,Basic,12.02,634,0,18-25,North America,190,4.523809523809524,1328.46,31.630000000000003,7.523809523809524,16,42,2,2.5684587315191267,0.0,0.0,0.0,0.0,0.0,0.0,0.0,0
2261,2022-04-16,USA,28.0,M,Basic,11.79,990,0,26-35,North America,202,4.926829268292683,1187.23,28.956829268292683,6.658536585365853,18,41,2,2.814162787601661,4.0,15.02212962962963,1.0,25.0,0.0,0.0,3.0,0
2262,2024-04-10,USA,56.0,F,Basic,12.59,265,0,51+,North America,20,4.0,137.11,27.422000000000004,8.6,1,5,13,3.3166247903554,3.0,20.124444444444446,0.0,33.33333333333333,1.0,3.0,62.0,0
2263,2024-05-07,USA,21.0,F,Basic,10.16,238,0,18-25,North America,66,4.714285714285714,555.86,39.70428571428572,7.357142857142857,5,14,4,2.5548918817579205,3.0,9.277407407407408,0.0,33.33333333333333,1.0,4.0,216.0,0
2264,2022-12-18,France,42.0,F,Premium,33.12,744,1,36-50,Europe,358,5.59375,2025.02,31.6409375,7.96875,27,64,0,2.5555339888669004,0.0,0.0,0.0,0.0,0.0,0.0,0.0,0
2265,2024-01-02,Brazil,29.0,M,Basic,10.82,364,0,26-35,South America,196,5.0256410256410255,1112.47,28.524871794871796,7.384615384615385,24,39,0,2.650592580092426,2.0,19.850277777777773,0.0,100.0,0.0,0.0,177.0,0
2266,2022-03-28,Mexico,43.0,F,Premium,31.38,1009,1,36-50,North America,111,5.045454545454546,587.86,26.720909090909092,8.409090909090908,14,22,1,2.3396636454896615,0.0,0.0,0.0,0.0,0.0,0.0,0.0,0
2267,2023-06-01,USA,43.5,F,Basic,11.68,579,0,36-50,North America,341,5.246153846153846,1779.61,27.378615384615383,7.476923076923077,39,65,1,2.462409701585327,4.0,16.38340277777778,0.0,25.0,0.0,4.0,203.0,1
2268,2023-10-24,Brazil,63.0,M,Premium,38.01,434,1,51+,South America,289,4.982758620689655,1922.16,33.140689655172416,8.413793103448276,32,58,0,2.7047156954743756,4.0,19.03909722222222,0.0,25.0,0.0,4.666666666666667,34.0,0
2269,2022-06-26,UK,29.0,Other,Basic,11.0,919,0,26-35,Europe,57,4.384615384615385,425.45,32.72692307692308,7.6923076923076925,4,13,5,2.930826434598881,0.0,0.0,0.0,0.0,0.0,0.0,0.0,0
2270,2022-02-10,Italy,60.0,M,Premium,35.3,1055,1,51+,Europe,35,7.0,201.62,40.324,8.4,4,5,17,2.0,4.0,19.841851851851853,1.0,75.0,0.0,3.3333333333333335,158.0,1
2271,2022-09-11,UK,68.0,M,Basic,13.73,842,0,51+,Europe,407,5.426666666666667,2223.94,29.652533333333334,7.493333333333333,44,75,0,2.6517374892156487,0.0,0.0,0.0,0.0,0.0,0.0,0.0,0
2272,2023-12-26,Germany,43.5,F,Basic,11.19,371,0,36-50,Europe,38,5.428571428571429,163.22,23.31714285714286,7.857142857142857,5,7,2,2.9358214555806383,0.0,0.0,0.0,0.0,0.0,0.0,0.0,0
2273,2023-03-25,USA,54.0,M,Basic,14.61,647,0,51+,North America,83,4.368421052631579,581.67,30.614210526315787,6.631578947368421,4,19,0,2.2163665540145625,0.0,0.0,0.0,0.0,0.0,0.0,0.0,0
2274,2023-03-26,UK,63.0,F,Basic,14.32,646,0,51+,Europe,297,5.2105263157894735,1907.13,33.45842105263158,8.105263157894736,35,57,0,2.7368963268197426,2.0,12.839722222222223,0.0,100.0,1.0,4.0,69.0,0
2275,2023-06-21,Germany,70.0,F,Basic,11.25,559,0,51+,Europe,256,5.446808510638298,1348.34,28.688085106382978,7.51063829787234,17,47,3,2.6687280037851107,0.0,0.0,0.0,0.0,0.0,0.0,0.0,1
2276,2023-06-20,Italy,41.0,M,Basic,14.94,560,0,36-50,Europe,355,4.733333333333333,2340.78,31.210400000000003,7.453333333333333,46,75,0,2.590697147817882,0.0,0.0,0.0,0.0,0.0,0.0,0.0,0
2277,2023-09-17,Mexico,33.0,M,Enterprise,166.91,471,1,26-35,North America,77,4.8125,642.4,40.15,7.0625,10,16,2,2.5876308340513594,5.0,16.609944444444444,0.0,60.0,0.0,4.2,104.0,0
2278,2022-06-12,Italy,30.0,F,Basic,11.42,933,0,26-35,Europe,419,4.816091954022989,2359.61,27.121954022988508,7.183908045977011,51,87,0,2.6699391841875517,0.0,0.0,0.0,0.0,0.0,0.0,0.0,0
2279,2023-01-08,USA,42.0,Unknown,Premium,36.8,723,1,36-50,North America,161,4.351351351351352,1245.54,33.663243243243244,7.081081081081081,25,37,3,2.406198202515701,3.0,15.79527777777778,2.0,66.66666666666666,0.0,0.0,81.0,0
2280,2023-01-17,USA,69.0,F,Basic,13.32,714,0,51+,North America,28,5.6,169.0,33.8,5.2,4,5,6,2.701851217221259,0.0,0.0,0.0,0.0,0.0,0.0,0.0,0
2281,2022-10-17,Italy,21.0,F,Basic,13.02,806,0,18-25,Europe,43,3.909090909090909,291.21999999999997,26.474545454545453,7.2727272727272725,3,11,1,2.5477262590217755,5.0,16.56875,1.0,20.0,1.0,3.5,3.0,0
2282,2023-02-01,Germany,43.5,M,Premium,37.11,699,1,36-50,Europe,179,5.264705882352941,1027.1100000000001,30.20911764705883,8.117647058823529,14,34,0,2.6320728497955783,5.0,6.280092592592593,2.0,40.0,1.0,3.0,31.0,0
2283,2023-02-23,Australia,49.0,M,Premium,32.67,677,1,36-50,Oceania,155,4.5588235294117645,979.76,28.816470588235294,8.147058823529411,12,34,2,2.7981723090161448,0.0,0.0,0.0,0.0,0.0,0.0,0.0,0
2284,2024-03-04,USA,66.0,F,Basic,14.88,302,0,51+,North America,208,4.9523809523809526,1282.93,30.545952380952382,7.333333333333333,21,42,1,2.6682631690184784,0.0,0.0,0.0,0.0,0.0,0.0,0.0,0
2285,2022-12-13,Spain,24.0,F,Premium,38.57,749,1,18-25,Europe,358,5.264705882352941,1792.67,26.36279411764706,7.794117647058823,41,68,1,2.5545840976964698,0.0,0.0,0.0,0.0,0.0,0.0,0.0,0
2286,2023-11-27,Canada,63.0,M,Basic,13.72,400,0,51+,North America,340,5.3125,1652.55,25.82109375,7.03125,26,64,0,2.3358829607557836,0.0,0.0,0.0,0.0,0.0,0.0,0.0,0
2287,2023-09-05,Brazil,28.0,F,Premium,30.25,483,1,26-35,South America,158,4.9375,1307.82,40.869375,6.03125,8,32,0,2.4878738169433467,0.0,0.0,0.0,0.0,0.0,0.0,0.0,0
2288,2022-02-23,USA,45.0,F,Basic,12.94,1042,0,36-50,North America,415,4.882352941176471,2285.66,26.890117647058823,7.270588235294118,38,85,0,2.783504833777708,2.0,26.262777777777774,1.0,0.0,1.0,2.0,84.0,0
2289,2024-03-19,Canada,58.0,F,Basic,13.52,287,0,51+,North America,477,5.482758620689655,2522.91,28.998965517241377,7.2298850574712645,40,87,0,2.823745117316748,0.0,0.0,0.0,0.0,0.0,0.0,0.0,0
2290,2023-10-09,UK,40.0,M,Basic,14.26,449,0,36-50,Europe,211,5.410256410256411,1174.35,30.11153846153846,7.256410256410256,30,39,2,2.6528827291512305,0.0,0.0,0.0,0.0,0.0,0.0,0.0,0
2291,2023-10-25,France,62.0,F,Basic,14.72,433,0,51+,Europe,89,3.869565217391304,770.34,33.49304347826087,6.0,4,23,7,2.958874906355869,0.0,0.0,0.0,0.0,0.0,0.0,0.0,0
2292,2022-12-09,UK,40.0,F,Basic,14.57,753,0,36-50,Europe,336,4.48,2356.4,31.418666666666667,7.613333333333333,40,75,0,2.478883794143014,0.0,0.0,0.0,0.0,0.0,0.0,0.0,0
2293,2022-03-09,France,67.0,F,Basic,12.02,1028,0,51+,Europe,40,4.444444444444445,284.51,31.612222222222222,7.555555555555555,5,9,11,2.5549516194593154,2.0,25.933055555555555,1.0,0.0,0.0,0.0,188.0,0
2294,2022-12-04,Germany,45.0,F,Premium,38.96,758,1,36-50,Europe,169,4.694444444444445,1152.94,32.02611111111111,7.138888888888889,14,36,4,2.435680537866098,0.0,0.0,0.0,0.0,0.0,0.0,0.0,1
2295,2022-04-07,France,60.0,F,Basic,9.99,999,0,51+,Europe,46,5.111111111111111,264.11,29.345555555555556,7.555555555555555,5,9,19,2.619372274250285,4.0,10.180833333333332,2.0,100.0,1.0,5.0,29.0,1
2296,2023-07-26,USA,64.0,F,Basic,11.75,524,0,51+,North America,321,5.440677966101695,1674.6,28.383050847457625,7.423728813559322,34,59,0,2.437290655488943,0.0,0.0,0.0,0.0,0.0,0.0,0.0,0
2297,2023-11-26,Australia,43.0,Other,Basic,10.56,401,0,36-50,Oceania,476,5.804878048780488,2450.68,29.88634146341463,7.7073170731707314,31,82,0,2.5261057932658826,2.0,38.93111111111111,0.0,50.0,0.0,5.0,31.0,0
2298,2023-01-31,Spain,42.0,M,Premium,38.82,700,1,36-50,Europe,120,6.0,652.44,32.622,10.2,4,20,2,2.492092758263519,1.0,15.033888888888889,0.0,100.0,0.0,4.0,250.0,0
2299,2022-10-18,Spain,46.0,M,Premium,39.27,805,1,36-50,Europe,185,5.285714285714286,1115.44,31.869714285714288,8.342857142857143,13,35,2,2.5846996477168416,0.0,0.0,0.0,0.0,0.0,0.0,0.0,1
2300,2022-09-16,USA,43.5,F,Basic,11.27,837,0,36-50,North America,371,4.946666666666666,2000.75,26.676666666666666,8.533333333333333,37,75,1,2.5884010160366997,0.0,0.0,0.0,0.0,0.0,0.0,0.0,0
2301,2024-01-12,Australia,50.0,M,Basic,11.83,354,0,36-50,Oceania,161,5.193548387096774,815.88,26.318709677419356,7.806451612903226,11,31,0,2.638425728077378,0.0,0.0,0.0,0.0,0.0,0.0,0.0,1
2302,2024-05-22,Mexico,43.5,M,Basic,14.91,223,0,36-50,North America,367,5.242857142857143,2051.4,29.305714285714288,7.0,50,70,0,2.4283095705861752,5.0,18.414259259259257,2.0,40.0,0.0,3.6666666666666665,82.0,1
2303,2023-11-04,UK,31.0,M,Premium,35.65,423,1,26-35,Europe,118,5.619047619047619,439.89,20.947142857142858,7.857142857142857,13,21,2,2.519448163312563,3.0,13.17824074074074,0.0,66.66666666666666,1.0,2.0,76.0,0
2304,2023-09-10,Mexico,31.0,M,Premium,34.96,478,1,26-35,North America,252,5.361702127659575,1558.6,33.161702127659574,7.23404255319149,29,47,0,2.816299853684785,0.0,0.0,0.0,0.0,0.0,0.0,0.0,0
2305,2024-06-13,Canada,52.0,M,Basic,12.49,201,0,51+,North America,141,5.423076923076923,860.96,33.113846153846154,7.576923076923077,16,26,4,2.08178917132503,4.0,20.22425925925926,1.0,100.0,1.0,3.5,126.0,0
2306,2022-06-03,Germany,47.0,M,Premium,36.95,942,1,36-50,Europe,122,4.88,705.34,28.2136,6.76,11,25,4,2.454927018602929,0.0,0.0,0.0,0.0,0.0,0.0,0.0,1
2307,2022-12-08,Canada,45.0,Other,Basic,14.76,754,0,36-50,North America,51,4.25,294.77,24.564166666666665,5.666666666666667,9,12,7,2.598076211353316,0.0,0.0,0.0,0.0,0.0,0.0,0.0,1
2308,2022-03-25,UK,34.0,Unknown,Basic,11.82,1012,0,26-35,Europe,154,4.529411764705882,1065.04,31.32470588235294,8.411764705882353,15,34,0,2.5964462206691468,0.0,0.0,0.0,0.0,0.0,0.0,0.0,0
2309,2023-08-20,UK,20.0,F,Enterprise,117.26,499,1,18-25,Europe,36,5.142857142857143,216.48,30.925714285714285,7.428571428571429,1,7,1,2.0354009783964297,3.0,10.76787037037037,0.0,66.66666666666666,0.0,4.0,2.0,0
2310,2023-11-11,UK,33.0,M,Premium,31.84,416,1,26-35,Europe,155,4.428571428571429,978.15,27.947142857142858,7.428571428571429,15,35,0,2.841765340787455,0.0,0.0,0.0,0.0,0.0,0.0,0.0,0
2311,2022-05-25,Italy,63.0,F,Premium,30.19,951,1,51+,Europe,262,4.851851851851852,1693.21,31.355740740740742,7.685185185185185,35,54,1,2.9994176001187576,2.0,8.776944444444444,0.0,0.0,0.0,5.0,135.0,0
2312,2022-12-25,UK,47.0,F,Basic,12.77,737,0,36-50,Europe,207,5.175,1036.67,25.91675,8.075,16,40,0,2.3302635484271312,0.0,0.0,0.0,0.0,0.0,0.0,0.0,1
2313,2022-11-14,Italy,69.0,F,Basic,14.64,778,0,51+,Europe,254,5.08,1502.77,30.0554,7.44,27,50,0,2.625153056762324,0.0,0.0,0.0,0.0,0.0,0.0,0.0,0
2314,2023-11-03,USA,46.0,M,Premium,37.12,424,1,36-50,North America,255,5.0,1429.44,28.02823529411765,8.568627450980392,26,51,1,2.569046515733026,0.0,0.0,0.0,0.0,0.0,0.0,0.0,0
2315,2023-12-17,France,62.0,M,Premium,39.92,380,1,51+,Europe,465,5.344827586206897,2607.32,29.96919540229885,7.64367816091954,45,87,0,2.614038959011543,1.0,0.0,1.0,100.0,0.0,0.0,155.0,0
2316,2023-11-10,Australia,32.0,F,Basic,14.54,417,0,26-35,Oceania,161,4.6,1227.74,35.07828571428571,7.371428571428571,16,35,2,2.6031654938238744,2.0,0.0,2.0,50.0,0.0,0.0,194.0,0
2317,2023-02-06,Italy,63.0,F,Basic,12.45,694,0,51+,Europe,223,5.717948717948718,1267.05,32.488461538461536,7.641025641025641,13,39,0,2.5848619829664323,0.0,0.0,0.0,0.0,0.0,0.0,0.0,1
2318,2022-05-13,Mexico,42.0,F,Premium,34.86,963,1,36-50,North America,290,5.0,1637.84,28.23862068965517,7.827586206896552,23,58,0,2.6291216597476783,0.0,0.0,0.0,0.0,0.0,0.0,0.0,0
2319,2023-09-02,Canada,68.0,F,Enterprise,162.83,486,1,51+,North America,166,5.03030303030303,981.79,29.75121212121212,7.0,21,33,4,2.8116370730062283,0.0,0.0,0.0,0.0,0.0,0.0,0.0,1
2320,2023-12-27,USA,55.0,M,Premium,31.1,370,1,51+,North America,132,5.076923076923077,843.84,32.45538461538462,8.153846153846153,16,26,5,2.9246959079272075,0.0,0.0,0.0,0.0,0.0,0.0,0.0,0
2321,2022-03-28,UK,59.0,F,Premium,36.07,1009,1,51+,Europe,281,4.844827586206897,1768.46,30.490689655172414,7.051724137931035,24,58,1,2.7196602221854724,0.0,0.0,0.0,0.0,0.0,0.0,0.0,1
2322,2022-11-14,Australia,64.0,M,Basic,12.31,778,0,51+,Oceania,363,5.041666666666667,2348.47,32.617638888888884,7.319444444444445,47,72,1,2.6507373409495374,0.0,0.0,0.0,0.0,0.0,0.0,0.0,1
2323,2023-07-27,Germany,70.0,F,Premium,36.42,523,1,51+,Europe,233,4.957446808510638,1304.44,27.75404255319149,8.212765957446809,24,47,1,2.628914859690299,1.0,11.355277777777776,0.0,0.0,0.0,4.0,93.0,1
2324,2023-01-21,Australia,43.5,Other,Premium,35.64,710,1,36-50,Oceania,130,4.642857142857143,895.4,31.978571428571428,7.892857142857143,9,28,0,2.3603873774083293,0.0,0.0,0.0,0.0,0.0,0.0,0.0,0
2325,2023-10-21,Brazil,55.0,F,Basic,11.54,437,0,51+,South America,153,4.78125,1350.25,42.1953125,7.375,8,32,0,2.624135802445715,0.0,0.0,0.0,0.0,0.0,0.0,0.0,0
2326,2024-03-21,France,40.0,Unknown,Premium,36.07,285,1,36-50,Europe,219,4.5625,1336.18,27.837083333333336,7.333333333333333,19,48,0,2.61669151183037,0.0,0.0,0.0,0.0,0.0,0.0,0.0,1
2327,2022-12-03,Brazil,42.0,M,Enterprise,136.59,759,1,36-50,South America,300,5.2631578947368425,1639.8999999999999,28.77017543859649,7.4035087719298245,35,57,0,2.503756576123406,4.0,12.982407407407408,1.0,50.0,2.0,3.0,11.0,0
2328,2024-04-12,USA,59.0,F,Basic,10.96,263,0,51+,North America,421,5.072289156626506,2730.38,32.896144578313255,7.662650602409639,40,83,1,2.7576197430168117,0.0,0.0,0.0,0.0,0.0,0.0,0.0,1
2329,2022-05-11,Italy,24.0,F,Premium,36.74,965,1,18-25,Europe,100,5.2631578947368425,720.11,37.90052631578948,7.473684210526316,7,19,10,2.5569535967448513,0.0,0.0,0.0,0.0,0.0,0.0,0.0,0
2330,2023-11-18,USA,39.0,F,Premium,33.05,409,1,36-50,North America,240,5.714285714285714,1213.05,28.882142857142856,7.714285714285714,20,42,1,2.6345334597462697,1.0,11.28472222222222,0.0,0.0,0.0,4.0,234.0,1
2331,2023-12-21,Germany,34.0,Unknown,Basic,14.44,376,0,26-35,Europe,140,5.6,911.87,36.4748,6.72,13,25,1,2.3094010767585034,0.0,0.0,0.0,0.0,0.0,0.0,0.0,1
2332,2024-04-28,Mexico,35.0,M,Premium,31.98,247,1,26-35,North America,304,5.1525423728813555,1658.56,28.111186440677965,6.067796610169491,21,59,0,2.746870064097618,0.0,0.0,0.0,0.0,0.0,0.0,0.0,0
2333,2024-01-27,UK,66.0,F,Basic,12.99,339,0,51+,Europe,212,5.170731707317073,1272.8899999999999,31.046097560975607,8.24390243902439,23,41,0,2.5090081608515167,5.0,19.909351851851852,2.0,40.0,0.0,4.5,100.0,1
2334,2023-12-03,Brazil,58.0,F,Premium,35.71,394,1,51+,South America,122,5.304347826086956,716.9,31.169565217391302,8.869565217391305,10,23,1,2.8354057366979433,0.0,0.0,0.0,0.0,0.0,0.0,0.0,0
2335,2023-06-24,Spain,43.5,Other,Basic,10.98,556,0,36-50,Europe,51,5.1,323.66999999999996,32.367,8.1,7,10,11,1.7919573407620817,4.0,8.321574074074073,1.0,50.0,0.0,2.5,12.0,0
2336,2022-04-06,Brazil,27.0,M,Premium,34.39,1000,1,26-35,South America,107,5.35,538.66,26.933,7.95,9,20,1,2.1830688201896455,0.0,0.0,0.0,0.0,0.0,0.0,0.0,0
2337,2023-10-24,Germany,24.0,F,Basic,13.37,434,0,18-25,Europe,118,4.72,767.3000000000001,30.692000000000004,7.12,10,25,10,2.3007245235649862,3.0,16.46263888888889,1.0,66.66666666666666,0.0,2.0,23.0,0
2338,2023-11-18,UK,65.0,M,Basic,11.58,409,0,51+,Europe,372,4.96,2055.75,27.41,7.6,37,75,1,2.4847643860241666,3.0,20.239166666666666,0.0,100.0,0.0,0.0,108.0,0
2339,2023-03-10,Germany,67.0,F,Basic,10.56,662,0,51+,Europe,231,5.133333333333334,1348.27,29.961555555555556,7.844444444444444,17,45,0,2.642313036303266,4.0,30.929444444444442,0.0,25.0,1.0,3.25,38.0,0
2340,2023-06-05,USA,55.0,F,Basic,13.07,575,0,51+,North America,442,5.080459770114943,2961.73,34.04287356321839,7.896551724137931,48,87,0,2.5527841199164536,0.0,0.0,0.0,0.0,0.0,0.0,0.0,0
2341,2023-01-06,Australia,44.0,M,Basic,11.11,725,0,36-50,Oceania,240,4.8979591836734695,1364.71,27.851224489795918,8.36734693877551,24,49,0,2.6711802787593073,0.0,0.0,0.0,0.0,0.0,0.0,0.0,1
2342,2022-01-19,USA,69.0,M,Basic,13.4,1077,0,51+,North America,235,5.340909090909091,1528.35,34.73522727272727,7.045454545454546,26,44,2,2.281810601134616,2.0,24.743472222222227,0.0,100.0,0.0,5.0,138.0,1
2343,2023-01-07,UK,50.0,F,Premium,38.38,724,1,36-50,Europe,141,4.7,1075.98,35.866,7.266666666666667,16,30,2,2.705677300635169,0.0,0.0,0.0,0.0,0.0,0.0,0.0,1
2344,2022-11-13,USA,18.0,F,Premium,31.22,779,1,18-25,North America,316,5.448275862068965,1520.8799999999999,26.222068965517238,6.706896551724138,32,58,0,2.589942855110991,0.0,0.0,0.0,0.0,0.0,0.0,0.0,1
2345,2022-07-04,USA,61.0,M,Enterprise,143.75,911,1,51+,North America,161,4.351351351351352,1152.0,31.135135135135137,6.675675675675675,19,37,0,2.5189968926827495,2.0,0.0,2.0,100.0,0.0,0.0,4.0,1
2346,2022-08-08,UK,70.0,M,Premium,34.44,876,1,51+,Europe,396,5.28,2171.02,28.946933333333334,7.24,35,75,0,2.3397851599227213,0.0,0.0,0.0,0.0,0.0,0.0,0.0,0
2347,2022-12-16,UK,51.0,F,Premium,36.32,746,1,51+,Europe,299,5.245614035087719,2051.97,35.99947368421052,7.9298245614035086,29,57,0,2.9110669482068525,0.0,0.0,0.0,0.0,0.0,0.0,0.0,0
2348,2024-02-24,Spain,21.0,F,Basic,11.66,311,0,18-25,Europe,247,5.145833333333333,1310.92,27.310833333333335,7.0625,25,48,1,2.5598336326703643,0.0,0.0,0.0,0.0,0.0,0.0,0.0,0
2349,2023-05-13,France,34.0,M,Premium,34.18,598,1,26-35,Europe,198,4.4,1174.68,26.104000000000003,8.666666666666666,14,45,1,2.6491851234260357,2.0,24.307777777777776,1.0,50.0,0.0,0.0,263.0,0
2350,2022-07-16,Canada,21.0,F,Premium,30.11,899,1,18-25,North America,78,5.2,519.53,34.63533333333333,7.6,6,15,0,2.704493615131253,0.0,0.0,0.0,0.0,0.0,0.0,0.0,0
2351,2022-08-20,USA,60.0,M,Basic,10.6,864,0,51+,North America,189,5.4,957.22,27.34914285714286,5.885714285714286,15,35,1,2.4398649914432946,2.0,5.177083333333333,0.0,0.0,0.0,4.0,127.0,0
2352,2022-05-21,Australia,43.0,M,Premium,35.69,955,1,36-50,Oceania,86,5.0588235294117645,419.6,24.68235294117647,7.588235294117647,7,17,5,2.726503902328358,0.0,0.0,0.0,0.0,0.0,0.0,0.0,0
2353,2022-06-08,Italy,21.0,M,Basic,11.07,937,0,18-25,Europe,76,4.222222222222222,484.62,26.923333333333332,7.5,11,18,0,2.6246692913372702,1.0,4.241388888888889,0.0,100.0,0.0,0.0,259.0,0
2354,2022-03-21,USA,18.0,F,Enterprise,114.45,1016,1,18-25,North America,414,4.758620689655173,2239.33,25.739425287356323,7.2988505747126435,47,87,0,2.732089741287918,0.0,0.0,0.0,0.0,0.0,0.0,0.0,0
2355,2022-10-30,USA,24.0,M,Premium,33.23,793,1,18-25,North America,346,5.323076923076923,1882.1100000000001,28.955538461538463,8.353846153846154,41,65,0,3.1429866981289285,3.0,16.948055555555555,0.0,33.33333333333333,0.0,4.0,226.0,1
2356,2024-05-14,Brazil,47.0,F,Enterprise,116.34,231,1,36-50,South America,141,5.035714285714286,771.64,27.55857142857143,7.535714285714286,10,28,2,2.317120544781307,1.0,3.1991666666666667,0.0,0.0,0.0,4.0,228.0,0
2357,2024-03-18,Brazil,67.0,M,Basic,10.29,288,0,51+,South America,141,5.423076923076923,718.5,27.634615384615383,6.230769230769231,9,26,0,2.369355641064919,0.0,0.0,0.0,0.0,0.0,0.0,0.0,1
2358,2022-04-14,UK,26.0,Other,Basic,11.41,992,0,26-35,Europe,336,5.333333333333333,2047.61,32.50174603174603,7.428571428571429,28,63,4,2.5272706175226958,0.0,0.0,0.0,0.0,0.0,0.0,0.0,0
2359,2023-06-04,USA,52.0,F,Enterprise,116.43,576,1,51+,North America,260,4.56140350877193,1628.83,28.5759649122807,8.403508771929825,22,57,2,2.7321991656359454,4.0,17.297013888888888,0.0,25.0,2.0,4.333333333333333,106.0,0
2360,2024-02-29,Germany,25.0,F,Basic,13.99,306,0,18-25,Europe,107,5.095238095238095,599.56,28.55047619047619,5.619047619047619,9,21,4,2.4678890150240123,0.0,0.0,0.0,0.0,0.0,0.0,0.0,1
2361,2023-07-07,Australia,41.0,F,Basic,10.3,543,0,36-50,Oceania,211,4.688888888888889,1532.81,34.062444444444445,6.955555555555556,24,45,0,2.2845550812339632,0.0,0.0,0.0,0.0,0.0,0.0,0.0,0
2362,2024-05-05,USA,36.0,F,Premium,37.46,240,1,36-50,North America,191,5.162162162162162,1157.26,31.2772972972973,7.297297297297297,14,37,3,2.6927218108729223,0.0,0.0,0.0,0.0,0.0,0.0,0.0,0
2363,2024-01-27,Mexico,53.0,F,Premium,33.82,339,1,51+,North America,201,5.025,1406.51,35.16275,7.95,15,40,0,2.6163930936525612,5.0,14.766041666666666,1.0,60.0,0.0,2.5,8.0,0
2364,2024-06-23,UK,67.0,M,Basic,13.37,191,0,51+,Europe,88,5.176470588235294,431.22,25.365882352941178,6.9411764705882355,8,17,4,2.4298995379862687,5.0,33.27972222222222,0.0,20.0,1.0,3.5,1.0,1
2365,2023-06-24,Italy,69.0,M,Basic,10.25,556,0,51+,Europe,220,5.5,1071.25,26.78125,7.425,32,40,2,2.4806946917841692,4.0,11.582361111111112,0.0,75.0,1.0,3.75,37.0,0
2366,2022-02-08,Brazil,60.0,F,Basic,14.59,1057,0,51+,South America,225,5.487804878048781,1102.32,26.885853658536583,8.365853658536585,12,41,1,2.5211302149979504,1.0,6.723611111111111,0.0,100.0,0.0,0.0,182.0,0
2367,2023-11-09,Spain,43.5,M,Basic,13.83,418,0,36-50,Europe,86,3.909090909090909,532.06,24.184545454545454,8.272727272727273,12,22,1,2.4477217961488167,0.0,0.0,0.0,0.0,0.0,0.0,0.0,0
2368,2022-12-11,UK,49.0,M,Basic,10.69,751,0,36-50,Europe,233,5.4186046511627906,1028.66,23.922325581395352,8.093023255813954,19,43,1,2.4614412941891906,0.0,0.0,0.0,0.0,0.0,0.0,0.0,0
2369,2024-06-16,UK,31.0,F,Premium,32.18,198,1,26-35,Europe,190,4.75,1288.94,32.2235,6.8,23,40,2,2.667467828369185,0.0,0.0,0.0,0.0,0.0,0.0,0.0,0
2370,2024-02-24,UK,35.0,M,Premium,36.43,311,1,26-35,Europe,225,4.787234042553192,1653.34,35.17744680851064,7.9787234042553195,26,47,2,2.5275539835353618,4.0,16.731388888888887,1.0,75.0,1.0,5.0,14.0,0
2371,2023-09-25,Australia,45.0,F,Premium,39.21,463,1,36-50,Oceania,203,5.075,1294.09,32.35225,7.475,15,40,2,2.663981019413402,5.0,11.120277777777778,2.0,80.0,0.0,3.5,43.0,0
2372,2022-05-15,Australia,46.0,M,Basic,12.22,961,0,36-50,Oceania,362,4.582278481012659,2480.06,31.393164556962024,7.6835443037974684,48,79,0,2.5850040665380347,0.0,0.0,0.0,0.0,0.0,0.0,0.0,0
2373,2023-09-04,Mexico,33.0,Other,Premium,34.85,484,1,26-35,North America,232,5.155555555555556,1219.19,27.093111111111114,7.133333333333334,19,45,0,2.4950455958263618,1.0,42.513333333333335,0.0,100.0,0.0,3.0,27.0,0
2374,2023-01-21,UK,52.0,F,Enterprise,123.77,710,1,51+,Europe,432,5.023255813953488,2385.22,27.735116279069764,7.267441860465116,35,86,0,2.4541764843104232,0.0,0.0,0.0,0.0,0.0,0.0,0.0,0
2375,2022-06-07,Australia,64.0,F,Premium,33.82,938,1,51+,Oceania,301,5.280701754385965,1521.96,26.701052631578946,8.070175438596491,31,57,0,2.7887169730701835,2.0,8.570416666666668,0.0,0.0,1.0,4.5,219.0,1
2376,2022-06-16,Spain,48.0,M,Basic,11.42,929,0,36-50,Europe,51,4.25,359.81,29.984166666666667,6.916666666666667,5,12,5,2.734460225944552,5.0,10.3625,0.0,80.0,2.0,3.5,99.0,1
2377,2022-07-05,USA,21.0,F,Enterprise,135.05,910,1,18-25,North America,218,4.638297872340425,1453.0,30.914893617021278,8.51063829787234,20,47,0,2.892460453413424,0.0,0.0,0.0,0.0,0.0,0.0,0.0,1
2378,2024-05-01,USA,54.0,F,Basic,10.09,244,0,51+,North America,271,5.018518518518518,1744.1399999999999,32.29888888888889,8.666666666666666,33,54,1,2.6385440577965746,0.0,0.0,0.0,0.0,0.0,0.0,0.0,0
2379,2023-12-11,USA,34.0,F,Premium,30.4,386,1,26-35,North America,426,4.953488372093023,2598.28,30.212558139534885,7.593023255813954,38,86,0,2.652000251726481,4.0,5.831944444444444,2.0,25.0,1.0,5.0,131.0,0
2380,2024-02-29,France,56.0,F,Basic,13.39,306,0,51+,Europe,312,5.777777777777778,1366.5,25.305555555555557,6.777777777777778,24,54,0,2.328386490211353,0.0,0.0,0.0,0.0,0.0,0.0,0.0,0
2381,2023-10-02,UK,65.0,M,Premium,36.81,456,1,51+,Europe,95,4.523809523809524,770.74,36.701904761904764,5.619047619047619,12,21,0,2.2498677209793385,1.0,3.809444444444445,0.0,100.0,0.0,0.0,158.0,1
2382,2024-04-08,Italy,63.0,F,Enterprise,133.01,267,1,51+,Europe,85,4.473684210526316,619.3100000000001,32.59526315789474,8.578947368421053,12,19,1,2.674331090875947,0.0,0.0,0.0,0.0,0.0,0.0,0.0,0
2383,2022-06-19,UK,43.0,F,Basic,14.42,926,0,36-50,Europe,182,4.918918918918919,1036.44,28.011891891891892,8.027027027027026,22,37,0,2.2283324405181255,3.0,7.836944444444445,1.0,33.33333333333333,0.0,4.5,83.0,0
2384,2024-01-09,USA,65.0,M,Basic,11.32,357,0,51+,North America,57,5.7,180.14,18.014,6.9,6,10,3,2.7100635498903793,4.0,17.26375,2.0,25.0,1.0,4.0,21.0,1
2385,2023-03-25,UK,56.0,F,Basic,11.97,647,0,51+,Europe,399,4.807228915662651,2401.0099999999998,28.927831325301202,8.024096385542169,36,83,0,2.6432510992691998,0.0,0.0,0.0,0.0,0.0,0.0,0.0,0
2386,2022-02-14,USA,58.0,F,Basic,13.65,1051,0,51+,North America,188,5.529411764705882,1128.0,33.1764705882353,7.911764705882353,14,34,0,2.765976118103337,0.0,0.0,0.0,0.0,0.0,0.0,0.0,0
2387,2023-02-25,USA,21.0,F,Basic,13.71,675,0,18-25,North America,164,5.125,750.14,23.441875,7.4375,14,32,0,2.5871892831984233,0.0,0.0,0.0,0.0,0.0,0.0,0.0,0
2388,2023-01-09,UK,47.0,M,Premium,38.6,722,1,36-50,Europe,199,4.145833333333333,1383.07,28.813958333333332,8.375,30,48,1,2.6092273522800817,0.0,0.0,0.0,0.0,0.0,0.0,0.0,0
2389,2023-11-24,UK,47.0,F,Basic,10.14,403,0,36-50,Europe,449,5.160919540229885,2376.73,27.31873563218391,7.126436781609195,35,87,0,2.3765989145052835,0.0,0.0,0.0,0.0,0.0,0.0,0.0,0
2390,2024-01-07,Germany,39.0,Other,Basic,10.91,359,0,36-50,Europe,166,4.611111111111111,1019.39,28.316388888888888,6.638888888888889,17,36,0,1.9752436056312908,1.0,7.6525,0.0,100.0,0.0,3.0,138.0,0
2391,2022-09-01,Italy,28.0,F,Basic,13.19,852,0,26-35,Europe,207,4.704545454545454,1369.61,31.127499999999998,7.818181818181818,20,44,2,2.483241930674079,2.0,7.656527777777778,0.0,100.0,0.0,4.0,203.0,0
2392,2023-03-31,USA,19.0,F,Basic,11.68,641,0,18-25,North America,237,5.266666666666667,1185.04,26.33422222222222,8.866666666666667,27,45,1,2.570815222665936,0.0,0.0,0.0,0.0,0.0,0.0,0.0,0
2393,2023-09-18,USA,61.0,F,Premium,30.43,470,1,51+,North America,120,6.0,645.53,32.2765,8.4,11,20,4,2.3169853371636986,1.0,30.129722222222224,0.0,0.0,0.0,0.0,64.0,0
2394,2022-10-19,Italy,29.0,F,Premium,35.85,804,1,26-35,Europe,140,4.827586206896552,938.71,32.36931034482759,8.482758620689655,8,29,0,2.854432211707177,0.0,0.0,0.0,0.0,0.0,0.0,0.0,0
2395,2024-02-10,UK,47.0,F,Premium,33.92,325,1,36-50,Europe,66,5.076923076923077,379.6,29.200000000000003,6.461538461538462,4,13,1,2.465141593686472,0.0,0.0,0.0,0.0,0.0,0.0,0.0,0
2396,2024-02-06,Brazil,53.0,M,Basic,11.81,329,0,51+,South America,391,5.144736842105263,2363.07,31.093026315789476,7.197368421052632,40,76,0,2.49641848718477,0.0,0.0,0.0,0.0,0.0,0.0,0.0,0
2397,2024-03-13,Australia,35.0,M,Basic,11.31,293,0,26-35,Oceania,275,4.910714285714286,1606.8899999999999,28.694464285714282,8.142857142857142,34,56,2,2.3762214903978482,0.0,0.0,0.0,0.0,0.0,0.0,0.0,1
2398,2023-04-05,USA,43.0,M,Basic,10.02,636,0,36-50,North America,193,4.948717948717949,1074.72,27.556923076923077,7.128205128205129,10,39,0,2.704272622786685,0.0,0.0,0.0,0.0,0.0,0.0,0.0,0
2399,2022-08-28,Brazil,70.0,M,Basic,10.9,856,0,51+,South America,418,4.91764705882353,2871.74,33.78517647058823,7.91764705882353,41,85,0,2.7395331749783067,0.0,0.0,0.0,0.0,0.0,0.0,0.0,0
2400,2023-07-01,USA,24.0,M,Basic,12.36,549,0,18-25,North America,327,5.637931034482759,1526.74,26.323103448275862,8.068965517241379,26,58,0,2.3222665566365537,0.0,0.0,0.0,0.0,0.0,0.0,0.0,0
2401,2022-09-02,Spain,18.0,M,Premium,32.75,851,1,18-25,Europe,359,4.851351351351352,2257.93,30.512567567567565,7.364864864864865,42,74,0,2.5944220061690113,0.0,0.0,0.0,0.0,0.0,0.0,0.0,0
2402,2022-11-13,UK,43.0,F,Basic,14.36,779,0,36-50,Europe,342,5.428571428571429,2055.56,32.627936507936504,7.492063492063492,26,63,0,2.631780249395072,1.0,0.0,1.0,0.0,1.0,0.0,10.0,1
2403,2024-04-08,USA,40.0,M,Basic,10.7,267,0,36-50,North America,158,4.647058823529412,979.12,28.79764705882353,7.176470588235294,17,34,0,2.423150377919351,1.0,20.101666666666667,0.0,0.0,0.0,5.0,355.0,0
2404,2024-03-14,USA,43.0,M,Premium,38.74,292,1,36-50,North America,121,4.84,737.03,29.481199999999998,8.04,15,25,7,2.967602848540665,0.0,0.0,0.0,0.0,0.0,0.0,0.0,0
2405,2023-04-26,Italy,62.0,M,Premium,34.04,615,1,51+,Europe,265,5.0,1701.23,32.098679245283016,7.415094339622642,24,53,2,2.6530099016893134,0.0,0.0,0.0,0.0,0.0,0.0,0.0,0
2406,2024-05-05,Spain,23.0,F,Basic,11.37,240,0,18-25,Europe,295,5.566037735849057,1595.11,30.09641509433962,7.30188679245283,28,53,0,2.7421877422841123,0.0,0.0,0.0,0.0,0.0,0.0,0.0,0
2407,2022-07-18,UK,23.0,M,Premium,33.03,897,1,18-25,Europe,51,4.636363636363637,301.13,27.375454545454545,8.363636363636363,3,11,17,2.766684921443975,0.0,0.0,0.0,0.0,0.0,0.0,0.0,0
2408,2023-01-12,Mexico,61.0,M,Enterprise,133.0,719,1,51+,North America,209,4.8604651162790695,984.46,22.894418604651165,6.883720930232558,24,43,1,2.6777868913823064,0.0,0.0,0.0,0.0,0.0,0.0,0.0,0
2409,2023-11-26,Germany,25.0,M,Basic,12.52,401,0,18-25,Europe,172,4.777777777777778,961.76,26.715555555555554,7.888888888888889,20,36,5,2.6088980827830754,0.0,0.0,0.0,0.0,0.0,0.0,0.0,1
2410,2023-08-08,Italy,41.0,F,Basic,11.76,511,0,36-50,Europe,186,5.314285714285714,1166.67,33.33342857142858,7.314285714285714,17,35,0,2.1525829706141764,4.0,4.450972222222223,0.0,75.0,0.0,3.6666666666666665,109.0,0
2411,2023-03-28,Australia,39.0,F,Basic,13.23,644,0,36-50,Oceania,149,5.518518518518518,670.74,24.842222222222222,7.037037037037037,11,27,3,2.5775714624185775,5.0,24.37037037037037,2.0,60.0,1.0,3.5,15.0,0
2412,2023-04-18,Mexico,36.0,F,Premium,34.24,623,1,36-50,North America,175,5.0,1087.8,31.08,7.171428571428572,17,35,0,2.7116307227332017,0.0,0.0,0.0,0.0,0.0,0.0,0.0,0
2413,2024-02-27,Mexico,43.5,M,Basic,13.35,308,0,36-50,North America,201,4.785714285714286,1384.22,32.95761904761905,7.119047619047619,24,42,0,2.590185173583054,0.0,0.0,0.0,0.0,0.0,0.0,0.0,0
2414,2022-10-16,USA,35.0,F,Enterprise,160.43,807,1,26-35,North America,227,4.829787234042553,1434.99,30.531702127659575,7.74468085106383,20,47,0,2.573435775937874,2.0,24.870416666666667,0.0,100.0,1.0,3.0,63.0,0
2415,2024-03-07,Germany,48.0,F,Premium,32.43,299,1,36-50,Europe,267,4.8545454545454545,1444.6200000000001,26.265818181818183,7.890909090909091,32,55,0,2.5416397580956787,0.0,0.0,0.0,0.0,0.0,0.0,0.0,1
2416,2023-01-27,UK,54.0,M,Basic,14.05,704,0,51+,Europe,243,4.959183673469388,1640.21,33.473673469387755,7.591836734693878,28,49,1,2.7230435153325327,0.0,0.0,0.0,0.0,0.0,0.0,0.0,0
2417,2023-05-30,UK,43.5,M,Basic,13.98,581,0,36-50,Europe,424,4.988235294117647,2267.59,26.67752941176471,6.964705882352941,37,85,0,2.34771478375938,0.0,0.0,0.0,0.0,0.0,0.0,0.0,1
2418,2023-06-25,UK,59.0,M,Basic,14.93,555,0,51+,Europe,381,5.442857142857143,2132.58,30.46542857142857,6.928571428571429,33,70,1,2.5058523632194674,1.0,0.0,1.0,0.0,0.0,0.0,191.0,0
2419,2023-03-05,Brazil,50.0,F,Basic,10.87,667,0,36-50,South America,171,5.516129032258065,1048.62,33.82645161290322,6.774193548387097,15,31,1,2.8620618178967354,5.0,4.888166666666667,0.0,40.0,2.0,2.6666666666666665,16.0,1
2420,2022-06-15,France,27.0,M,Enterprise,184.77,930,1,26-35,Europe,219,5.341463414634147,1250.98,30.51170731707317,8.121951219512194,19,41,0,2.5358406505295337,0.0,0.0,0.0,0.0,0.0,0.0,0.0,0
2421,2024-04-16,Mexico,54.0,M,Basic,14.35,259,0,51+,North America,249,4.788461538461538,1567.3400000000001,30.14115384615385,7.8076923076923075,16,52,0,2.7032046229957922,0.0,0.0,0.0,0.0,0.0,0.0,0.0,0
2422,2022-07-24,UK,29.0,F,Basic,13.2,891,0,26-35,Europe,126,5.04,674.6899999999999,26.987599999999997,7.32,9,25,8,2.761038451983843,0.0,0.0,0.0,0.0,0.0,0.0,0.0,1
2423,2024-03-31,Australia,47.0,F,Basic,12.52,275,0,36-50,Oceania,430,5.308641975308642,2520.22,31.113827160493823,7.728395061728395,37,81,0,2.3110710466612767,0.0,0.0,0.0,0.0,0.0,0.0,0.0,0
2424,2023-09-12,Brazil,44.0,F,Basic,14.78,476,0,36-50,South America,379,4.511904761904762,2661.91,31.68940476190476,7.369047619047619,34,84,0,2.567141993524474,0.0,0.0,0.0,0.0,0.0,0.0,0.0,0
2425,2022-05-22,Mexico,56.0,F,Basic,14.85,954,0,51+,North America,61,5.083333333333333,243.0,20.25,7.166666666666667,8,12,2,2.429303429280737,0.0,0.0,0.0,0.0,0.0,0.0,0.0,0
2426,2024-06-12,Spain,26.0,F,Basic,13.2,202,0,26-35,Europe,358,5.343283582089552,2189.67,32.681641791044775,6.611940298507463,25,67,1,2.459072495794879,0.0,0.0,0.0,0.0,0.0,0.0,0.0,1
2427,2022-09-14,Germany,38.0,F,Premium,33.59,839,1,36-50,Europe,278,4.557377049180328,1661.79,27.242459016393443,8.721311475409836,37,61,0,2.5001639290516824,5.0,19.947555555555557,0.0,60.0,0.0,4.75,106.0,0
2428,2022-02-23,France,29.0,M,Basic,14.08,1042,0,26-35,Europe,428,4.863636363636363,2711.7799999999997,30.815681818181815,7.363636363636363,49,88,0,2.6917576114246407,0.0,0.0,0.0,0.0,0.0,0.0,0.0,1
2429,2023-10-19,UK,46.0,M,Basic,10.44,439,0,36-50,Europe,208,5.2,1210.6,30.264999999999997,6.875,15,40,2,2.554031503931955,4.0,9.591574074074074,1.0,25.0,1.0,4.0,158.0,0
2430,2023-05-08,USA,50.0,F,Premium,32.9,603,1,36-50,North America,36,4.5,339.92,42.49,9.5,7,8,18,2.7774602993176543,0.0,0.0,0.0,0.0,0.0,0.0,0.0,1
2431,2024-06-14,Germany,60.0,Other,Basic,14.92,200,0,51+,Europe,108,4.695652173913044,826.01,35.91347826086957,7.6521739130434785,9,23,2,1.917260892018413,3.0,13.87736111111111,1.0,66.66666666666666,0.0,4.0,207.0,1
2432,2023-01-16,UK,70.0,F,Basic,14.06,715,0,51+,Europe,355,4.930555555555555,2046.31,28.420972222222222,7.208333333333333,37,72,1,2.5526919725515778,3.0,14.54486111111111,1.0,33.33333333333333,0.0,0.0,4.0,0
2433,2023-07-22,USA,32.0,M,Basic,14.69,528,0,26-35,North America,159,4.96875,994.89,31.0903125,7.46875,22,32,3,2.4949545861792304,0.0,0.0,0.0,0.0,0.0,0.0,0.0,0
2434,2022-04-16,Canada,19.0,M,Basic,12.96,990,0,18-25,North America,141,4.548387096774194,744.79,24.02548387096774,7.064516129032258,14,31,0,2.5539343462903052,0.0,0.0,0.0,0.0,0.0,0.0,0.0,0
2435,2023-12-30,France,69.0,M,Enterprise,140.76,367,1,51+,Europe,463,5.261363636363637,2677.68,30.428181818181816,6.8522727272727275,41,88,0,2.5393198391614704,5.0,14.02522222222222,0.0,60.0,1.0,3.0,96.0,1
2436,2024-05-16,France,43.5,F,Basic,14.89,229,0,36-50,Europe,243,5.282608695652174,1382.12,30.046086956521737,6.8478260869565215,27,46,0,2.3913087395655763,4.0,24.137430555555557,0.0,25.0,1.0,5.0,58.0,0
2437,2023-06-13,Australia,70.0,F,Premium,33.08,567,1,51+,Oceania,218,5.317073170731708,1083.73,26.432439024390245,7.414634146341464,24,41,0,2.5926726016819392,0.0,0.0,0.0,0.0,0.0,0.0,0.0,0
2438,2024-05-21,USA,61.0,Unknown,Basic,13.78,224,0,51+,North America,303,4.887096774193548,1628.28,26.26258064516129,8.096774193548388,23,62,0,2.4900117763213356,0.0,0.0,0.0,0.0,0.0,0.0,0.0,0
2439,2022-05-08,USA,35.0,F,Basic,12.78,968,0,26-35,North America,111,4.269230769230769,752.82,28.954615384615387,7.115384615384615,13,26,9,2.4585799528620957,0.0,0.0,0.0,0.0,0.0,0.0,0.0,0
2440,2022-10-19,UK,20.0,M,Premium,32.28,804,1,18-25,Europe,289,5.160714285714286,1717.92,30.677142857142858,8.0,33,56,0,2.674980276659901,4.0,9.36111111111111,1.0,75.0,0.0,3.5,43.0,1
2441,2022-03-27,UK,24.0,M,Basic,10.08,1010,0,18-25,Europe,206,5.15,995.21,24.88025,7.025,21,40,0,2.413105244923421,0.0,0.0,0.0,0.0,0.0,0.0,0.0,0
2442,2024-02-21,USA,60.0,M,Premium,33.83,314,1,51+,North America,288,4.645161290322581,1751.47,28.24951612903226,7.758064516129032,35,62,2,2.7106152842962796,0.0,0.0,0.0,0.0,0.0,0.0,0.0,0
2443,2022-06-14,Spain,35.0,F,Basic,12.73,931,0,26-35,Europe,190,5.428571428571429,1231.49,35.185428571428574,8.085714285714285,15,35,1,2.5004201327649187,0.0,0.0,0.0,0.0,0.0,0.0,0.0,0
2444,2022-10-07,Australia,61.0,M,Basic,10.91,816,0,51+,Oceania,184,4.27906976744186,1104.28,25.68093023255814,7.6976744186046515,14,43,1,2.207407242244133,3.0,26.787500000000005,0.0,0.0,0.0,3.5,126.0,0
2445,2023-04-06,Spain,55.0,F,Premium,34.14,635,1,51+,Europe,256,4.830188679245283,1534.6599999999999,28.95584905660377,6.943396226415095,19,53,0,2.4078066068567927,2.0,7.112916666666667,0.0,50.0,0.0,5.0,99.0,1
2446,2023-06-10,UK,54.0,F,Basic,13.07,570,0,51+,Europe,362,4.891891891891892,2435.32,32.90972972972973,8.135135135135135,36,74,0,2.561931888604997,4.0,29.950092592592593,1.0,0.0,0.0,5.0,83.0,0
2447,2022-05-31,Brazil,50.0,M,Premium,37.14,945,1,36-50,South America,284,4.655737704918033,1532.53,25.12344262295082,8.065573770491802,21,61,0,2.57478313586238,0.0,0.0,0.0,0.0,0.0,0.0,0.0,0
2448,2024-04-30,Germany,61.0,M,Basic,10.25,245,0,51+,Europe,37,6.166666666666667,114.61,19.101666666666667,8.666666666666666,3,6,18,1.3291601358251257,0.0,0.0,0.0,0.0,0.0,0.0,0.0,0
2449,2023-03-24,Canada,48.0,M,Premium,36.63,648,1,36-50,North America,110,5.0,417.45,18.974999999999998,8.5,14,22,2,2.70801280154532,0.0,0.0,0.0,0.0,0.0,0.0,0.0,1
2450,2022-04-04,Italy,28.0,F,Basic,10.27,1002,0,26-35,Europe,44,4.888888888888889,298.12,33.12444444444444,5.777777777777778,1,9,5,3.140240613569462,0.0,0.0,0.0,0.0,0.0,0.0,0.0,1
2451,2022-08-16,USA,21.0,M,Premium,30.27,868,1,18-25,North America,323,5.568965517241379,1668.52,28.767586206896553,8.689655172413794,25,58,0,2.332922788184852,1.0,0.0,1.0,100.0,0.0,0.0,144.0,0
2452,2024-04-16,UK,35.0,M,Enterprise,115.23,259,1,26-35,Europe,422,4.964705882352941,2820.75,33.18529411764706,7.729411764705882,46,85,0,2.6251850675058055,0.0,0.0,0.0,0.0,0.0,0.0,0.0,0
2453,2023-04-07,Mexico,21.0,F,Basic,13.26,634,0,18-25,North America,413,5.036585365853658,2468.34,30.101707317073174,7.390243902439025,37,82,0,2.5601172906735,0.0,0.0,0.0,0.0,0.0,0.0,0.0,0
2454,2024-06-24,Italy,66.0,F,Basic,10.25,190,0,51+,Europe,56,8.0,173.19,24.74142857142857,6.571428571428571,4,7,4,1.1547005383792515,1.0,12.831388888888888,0.0,100.0,0.0,0.0,132.0,1
2455,2022-12-24,Brazil,51.0,F,Premium,30.2,738,1,51+,South America,63,5.25,396.85,33.07083333333333,7.0,6,12,20,2.988614759686866,0.0,0.0,0.0,0.0,0.0,0.0,0.0,1
2456,2022-01-28,Italy,46.0,F,Basic,10.58,1068,0,36-50,Europe,130,5.2,810.14,32.4056,8.12,12,25,5,2.677063067368169,0.0,0.0,0.0,0.0,0.0,0.0,0.0,1
2457,2023-03-01,Australia,41.0,F,Premium,39.49,671,1,36-50,Oceania,206,5.282051282051282,1054.3600000000001,27.034871794871798,6.871794871794871,21,39,1,2.405571580493894,0.0,0.0,0.0,0.0,0.0,0.0,0.0,0
2458,2022-02-24,Mexico,39.0,F,Enterprise,190.72,1041,1,36-50,North America,366,5.013698630136986,2396.7400000000002,32.83205479452055,7.616438356164384,45,73,0,2.7207696556353085,0.0,0.0,0.0,0.0,0.0,0.0,0.0,0
2459,2023-02-10,France,19.0,M,Premium,30.85,690,1,18-25,Europe,417,5.085365853658536,2269.8,27.68048780487805,7.2926829268292686,54,82,0,2.5637608347084693,4.0,18.28048611111111,0.0,75.0,0.0,3.75,31.0,0
2460,2023-05-30,USA,61.0,M,Basic,11.51,581,0,51+,North America,307,5.293103448275862,1754.94,30.25758620689655,6.9655172413793105,23,58,2,2.943971662058832,0.0,0.0,0.0,0.0,0.0,0.0,0.0,0
2461,2023-01-18,UK,23.0,F,Basic,14.73,713,0,18-25,Europe,195,4.875,1376.73,34.41825,8.175,20,40,2,2.4514516892273006,2.0,22.944166666666668,0.0,0.0,2.0,3.0,34.0,0
2462,2022-08-30,UK,59.0,F,Basic,10.48,854,0,51+,Europe,405,5.259740259740259,2047.29,26.588181818181816,7.441558441558442,49,77,0,2.430088786566176,0.0,0.0,0.0,0.0,0.0,0.0,0.0,1
2463,2023-01-31,Spain,42.0,F,Basic,10.46,700,0,36-50,Europe,126,6.3,700.02,35.001,8.6,13,20,2,2.5975697143777743,1.0,15.035555555555556,0.0,0.0,0.0,1.0,174.0,0
2464,2022-03-25,Canada,38.0,F,Basic,10.42,1012,0,36-50,North America,446,5.309523809523809,2357.22,28.062142857142856,7.940476190476191,55,84,1,2.6705722976576833,4.0,17.706111111111113,0.0,75.0,1.0,4.0,44.0,0
2465,2023-01-19,Australia,33.0,Unknown,Premium,39.75,712,1,26-35,Oceania,78,4.333333333333333,560.0699999999999,31.114999999999995,8.277777777777779,15,18,8,2.6568446566202857,0.0,0.0,0.0,0.0,0.0,0.0,0.0,0
2466,2022-08-18,USA,48.0,M,Basic,13.71,866,0,36-50,North America,60,3.75,557.64,34.8525,6.6875,4,16,0,2.6708300832013503,0.0,0.0,0.0,0.0,0.0,0.0,0.0,0
2467,2022-01-29,France,31.0,M,Enterprise,121.44,1067,1,26-35,Europe,296,5.103448275862069,1881.59,32.44120689655172,7.896551724137931,32,58,1,2.606938482523829,0.0,0.0,0.0,0.0,0.0,0.0,0.0,0
2468,2022-11-23,UK,56.0,M,Premium,30.45,769,1,51+,Europe,208,4.837209302325581,1314.73,30.575116279069768,7.3023255813953485,27,43,1,2.671990809063708,5.0,24.094444444444445,3.0,40.0,2.0,4.5,133.0,0
2469,2022-04-12,UK,45.0,F,Enterprise,196.51,994,1,36-50,Europe,327,5.190476190476191,1956.45,31.054761904761907,6.9523809523809526,27,63,0,2.4616880050285377,0.0,0.0,0.0,0.0,0.0,0.0,0.0,0
2470,2024-05-09,Australia,49.0,M,Basic,12.12,236,0,36-50,Oceania,193,5.078947368421052,1067.17,28.083421052631582,7.315789473684211,19,38,2,2.475628000559666,4.0,28.967083333333335,0.0,0.0,1.0,4.0,57.0,0
2471,2024-01-02,France,43.5,M,Basic,12.98,364,0,36-50,Europe,147,6.125,724.5,30.1875,7.291666666666667,9,24,7,2.472676775234201,0.0,0.0,0.0,0.0,0.0,0.0,0.0,0
2472,2023-10-28,Canada,68.0,M,Basic,11.39,430,0,51+,North America,97,6.0625,551.35,34.459375,7.875,8,16,0,2.909037641557771,0.0,0.0,0.0,0.0,0.0,0.0,0.0,0
2473,2022-12-10,UK,66.0,M,Basic,13.78,752,0,51+,Europe,253,5.75,1324.88,30.110909090909093,7.204545454545454,19,44,1,2.28366290837106,0.0,0.0,0.0,0.0,0.0,0.0,0.0,0
2474,2024-03-21,UK,26.0,M,Premium,31.96,285,1,26-35,Europe,195,4.7560975609756095,1156.51,28.207560975609756,7.146341463414634,21,41,4,2.557151616592943,0.0,0.0,0.0,0.0,0.0,0.0,0.0,0
2475,2022-05-30,Australia,62.0,M,Premium,37.86,946,1,51+,Oceania,118,4.916666666666667,610.03,25.417916666666667,8.375,12,24,4,2.552350437072305,1.0,21.94,0.0,0.0,0.0,3.0,330.0,0
2476,2022-05-21,UK,39.0,F,Basic,11.14,955,0,36-50,Europe,240,5.5813953488372094,1432.62,33.316744186046506,6.069767441860465,24,43,2,2.5749022925478795,2.0,4.893472222222222,0.0,50.0,0.0,4.0,54.0,0
2477,2022-02-09,USA,49.0,M,Basic,10.48,1056,0,36-50,North America,273,5.25,1289.55,24.799038461538462,7.076923076923077,17,52,2,2.79968485621465,2.0,12.606111111111112,0.0,50.0,0.0,5.0,25.0,0
2478,2022-10-21,USA,22.0,M,Basic,12.38,802,0,18-25,North America,298,5.0508474576271185,1918.55,32.51779661016949,7.4576271186440675,31,59,1,2.60254337678621,1.0,6.097777777777778,0.0,0.0,1.0,5.0,356.0,1
2479,2024-04-29,Spain,40.0,F,Premium,38.12,246,1,36-50,Europe,351,5.4,1687.12,25.955692307692306,7.6,30,65,0,2.416091885669913,2.0,12.54236111111111,0.0,50.0,0.0,4.0,168.0,0
2480,2023-04-29,Australia,22.0,F,Enterprise,138.48,612,1,18-25,Oceania,398,5.306666666666667,2251.7,30.022666666666666,7.2,47,75,0,2.4548536221751203,0.0,0.0,0.0,0.0,0.0,0.0,0.0,0
2481,2023-12-14,Spain,59.0,M,Basic,10.13,383,0,51+,Europe,262,4.851851851851852,1536.39,28.451666666666668,7.777777777777778,26,54,0,2.37445054146521,2.0,18.066666666666666,0.0,50.0,0.0,4.0,232.0,0
2482,2024-05-01,Australia,70.0,M,Basic,12.76,244,0,51+,Oceania,284,4.896551724137931,1726.95,29.775000000000002,8.275862068965518,27,58,0,2.5525333489060777,0.0,0.0,0.0,0.0,0.0,0.0,0.0,0
2483,2022-05-23,UK,43.5,F,Enterprise,168.04,953,1,36-50,Europe,377,4.488095238095238,2420.33,28.81345238095238,7.488095238095238,35,84,0,2.5718309432112716,1.0,4.466111111111111,0.0,100.0,0.0,2.0,241.0,1
2484,2024-02-17,Australia,27.0,M,Basic,13.69,318,0,26-35,Oceania,70,5.0,362.42,25.88714285714286,8.785714285714286,9,14,27,3.012793235010175,0.0,0.0,0.0,0.0,0.0,0.0,0.0,0
2485,2023-12-24,Canada,56.0,M,Premium,34.01,373,1,51+,North America,306,5.773584905660377,1672.05,31.548113207547168,7.773584905660377,27,53,0,2.4933874813344743,0.0,0.0,0.0,0.0,0.0,0.0,0.0,0
2486,2023-04-26,Brazil,32.0,M,Basic,10.48,615,0,26-35,South America,252,4.666666666666667,1816.1200000000001,33.631851851851856,7.777777777777778,26,54,1,2.449489742783178,0.0,0.0,0.0,0.0,0.0,0.0,0.0,0
2487,2023-04-05,UK,24.0,M,Basic,12.91,636,0,18-25,Europe,388,4.9113924050632916,2509.27,31.762911392405062,7.481012658227848,46,79,0,2.6125430847519366,1.0,11.561944444444444,0.0,0.0,0.0,3.0,250.0,0
2488,2023-09-23,USA,46.0,F,Basic,11.64,465,0,36-50,North America,121,5.041666666666667,777.47,32.39458333333334,6.875,16,24,0,2.789408019894055,0.0,0.0,0.0,0.0,0.0,0.0,0.0,1
2489,2022-01-06,Mexico,64.0,F,Premium,39.46,1090,1,51+,North America,56,4.3076923076923075,367.39,28.26076923076923,7.461538461538462,10,13,0,2.750291359856727,5.0,26.056944444444444,2.0,20.0,2.0,3.0,20.0,0
2490,2022-03-23,USA,20.0,F,Basic,12.5,1014,0,18-25,North America,59,5.363636363636363,374.37,34.03363636363636,8.363636363636363,6,11,3,2.5009089256799126,0.0,0.0,0.0,0.0,0.0,0.0,0.0,0
2491,2022-01-20,France,43.5,F,Basic,12.35,1076,0,36-50,Europe,363,4.776315789473684,2127.2,27.989473684210523,7.2894736842105265,47,76,0,2.7789623205339375,0.0,0.0,0.0,0.0,0.0,0.0,0.0,0
2492,2022-09-20,UK,27.0,M,Basic,11.54,833,0,26-35,Europe,250,5.0,1470.26,29.4052,7.42,21,50,2,2.641891715558133,2.0,8.646944444444445,0.0,100.0,0.0,4.0,130.0,0
2493,2022-08-09,UK,45.0,F,Basic,11.68,875,0,36-50,Europe,238,5.173913043478261,1358.28,29.52782608695652,8.173913043478262,28,46,1,2.815073299429239,0.0,0.0,0.0,0.0,0.0,0.0,0.0,0
2494,2024-05-05,Italy,46.0,M,Premium,35.12,240,1,36-50,Europe,293,4.966101694915254,1612.52,27.33084745762712,7.491525423728813,37,59,0,2.645530399169156,0.0,0.0,0.0,0.0,0.0,0.0,0.0,0
2495,2022-06-03,Brazil,32.0,M,Premium,33.06,942,1,26-35,South America,273,5.150943396226415,1768.42,33.36641509433962,8.09433962264151,27,53,0,2.544951461038518,0.0,0.0,0.0,0.0,0.0,0.0,0.0,0
2496,2023-07-16,USA,43.5,F,Basic,14.45,534,0,36-50,North America,410,4.767441860465116,2960.94,34.42953488372093,7.476744186046512,39,86,0,2.5514674836472913,3.0,27.880740740740737,0.0,66.66666666666666,0.0,4.0,5.0,0
2497,2024-01-15,Germany,23.0,F,Premium,34.38,351,1,18-25,Europe,322,5.4576271186440675,1677.1,28.42542372881356,7.932203389830509,35,59,0,2.660840118162742,5.0,11.652129629629629,2.0,60.0,0.0,5.0,18.0,1
2498,2023-09-16,USA,29.0,M,Basic,11.45,472,0,26-35,North America,302,5.392857142857143,1533.25,27.379464285714285,7.642857142857143,37,56,0,2.667505279392042,2.0,15.122916666666667,0.0,50.0,0.0,4.5,24.0,1
2499,2023-06-25,UK,64.0,F,Basic,10.77,555,0,51+,Europe,427,5.271604938271605,2451.72,30.268148148148146,7.716049382716049,43,81,0,2.6315981155897097,0.0,0.0,0.0,0.0,0.0,0.0,0.0,1
2500,2023-03-10,UK,55.0,M,Premium,36.71,662,1,51+,Europe,80,5.0,432.74,27.04625,8.25,9,16,5,2.6832815729997477,4.0,11.276481481481483,1.0,100.0,0.0,4.0,113.0,0
2501,2022-04-24,UK,30.0,M,Basic,10.12,982,0,26-35,Europe,279,5.264150943396227,1768.3799999999999,33.36566037735849,6.867924528301887,19,53,1,2.849770189089656,0.0,0.0,0.0,0.0,0.0,0.0,0.0,1
2502,2024-03-05,Canada,46.0,Unknown,Basic,12.24,301,0,36-50,North America,275,5.092592592592593,1582.73,29.309814814814814,7.296296296296297,23,54,1,2.636954493482739,0.0,0.0,0.0,0.0,0.0,0.0,0.0,0
2503,2022-10-23,UK,36.0,F,Basic,12.74,800,0,36-50,Europe,257,5.354166666666667,1538.93,32.06104166666667,7.270833333333333,27,48,0,2.496717703461916,0.0,0.0,0.0,0.0,0.0,0.0,0.0,1
2504,2022-09-01,USA,20.0,F,Premium,33.39,852,1,18-25,North America,149,4.806451612903226,1113.48,35.91870967741936,8.161290322580646,10,31,0,2.761875628852123,0.0,0.0,0.0,0.0,0.0,0.0,0.0,0
2505,2022-11-05,USA,25.0,F,Basic,13.74,787,0,18-25,North America,24,3.4285714285714284,198.06,28.294285714285714,6.714285714285714,3,7,15,2.29906813420444,0.0,0.0,0.0,0.0,0.0,0.0,0.0,0
2506,2022-05-05,USA,25.0,M,Basic,13.37,971,0,18-25,North America,264,5.387755102040816,1547.96,31.591020408163267,7.448979591836735,17,49,0,2.3612878418585153,0.0,0.0,0.0,0.0,0.0,0.0,0.0,0
2507,2022-02-18,Mexico,37.0,M,Premium,39.7,1047,1,36-50,North America,245,3.9516129032258065,1836.78,29.62548387096774,6.951612903225806,28,62,0,2.2934505420181255,0.0,0.0,0.0,0.0,0.0,0.0,0.0,0
2508,2022-09-02,Australia,64.0,F,Premium,35.08,851,1,51+,Oceania,403,5.10126582278481,2418.77,30.6173417721519,7.620253164556962,39,79,0,2.691843981024145,0.0,0.0,0.0,0.0,0.0,0.0,0.0,0
2509,2023-03-06,Italy,21.0,M,Premium,35.37,666,1,18-25,Europe,362,4.701298701298701,2270.08,29.48155844155844,7.402597402597403,41,77,0,2.911252827911826,3.0,10.463518518518518,0.0,66.66666666666666,0.0,2.0,293.0,0
2510,2023-10-17,UK,68.0,M,Basic,11.22,441,0,51+,Europe,99,5.2105263157894735,558.11,29.37421052631579,7.315789473684211,9,19,6,2.2749590318269974,0.0,0.0,0.0,0.0,0.0,0.0,0.0,1
2511,2024-03-23,UK,38.0,Other,Basic,11.92,283,0,36-50,Europe,249,5.297872340425532,1363.54,29.011489361702125,7.531914893617022,37,47,0,2.7890694538019947,0.0,0.0,0.0,0.0,0.0,0.0,0.0,0
2512,2023-09-30,USA,20.0,F,Basic,10.12,458,0,18-25,North America,123,4.730769230769231,730.08,28.080000000000002,5.230769230769231,15,26,1,2.554332669135989,0.0,0.0,0.0,0.0,0.0,0.0,0.0,0
2513,2023-04-14,Spain,62.0,M,Premium,36.88,627,1,51+,Europe,213,4.733333333333333,1222.93,27.176222222222222,8.044444444444444,25,45,0,2.766684921443975,0.0,0.0,0.0,0.0,0.0,0.0,0.0,0
2514,2022-03-06,Canada,25.0,M,Premium,33.11,1031,1,18-25,North America,178,4.684210526315789,1100.42,28.958421052631582,7.105263157894737,14,38,3,2.7421165937903256,0.0,0.0,0.0,0.0,0.0,0.0,0.0,0
2515,2022-04-24,Canada,40.0,M,Enterprise,154.03,982,1,36-50,North America,184,3.8333333333333335,1396.65,29.096875,7.166666666666667,23,48,0,2.1863535496281545,0.0,0.0,0.0,0.0,0.0,0.0,0.0,0
2516,2024-05-06,Mexico,33.0,F,Basic,11.26,239,0,26-35,North America,236,5.619047619047619,1380.03,32.85785714285714,7.309523809523809,25,42,1,2.4589545761223848,0.0,0.0,0.0,0.0,0.0,0.0,0.0,0
2517,2023-05-27,USA,30.0,F,Basic,13.1,584,0,26-35,North America,186,5.027027027027027,1069.25,28.89864864864865,7.756756756756757,16,37,0,2.8233794416393043,1.0,12.421944444444444,0.0,100.0,0.0,0.0,126.0,1
2518,2023-09-04,France,20.0,F,Basic,12.23,484,0,18-25,Europe,307,4.385714285714286,1957.5,27.964285714285715,7.942857142857143,41,70,2,2.486443575936261,0.0,0.0,0.0,0.0,0.0,0.0,0.0,0
2519,2023-07-03,USA,65.0,M,Basic,12.4,547,0,51+,North America,425,5.0,2731.67,32.13729411764706,7.776470588235294,45,85,1,2.614064523559687,0.0,0.0,0.0,0.0,0.0,0.0,0.0,1
2520,2022-01-17,Brazil,26.0,M,Basic,14.7,1079,0,26-35,South America,33,4.714285714285714,136.18,19.454285714285714,6.714285714285714,4,7,1,2.2886885410853175,0.0,0.0,0.0,0.0,0.0,0.0,0.0,1
2521,2023-10-10,France,31.0,Other,Enterprise,170.61,448,1,26-35,Europe,311,5.271186440677966,1657.47,28.09271186440678,7.406779661016949,24,59,3,2.571934120426294,0.0,0.0,0.0,0.0,0.0,0.0,0.0,0
2522,2023-06-12,Germany,30.0,Other,Basic,11.3,568,0,26-35,Europe,246,5.23404255319149,1337.57,28.458936170212766,7.638297872340425,17,47,2,2.486596818400662,4.0,3.5849305555555553,0.0,75.0,1.0,5.0,55.0,0
2523,2023-08-12,Spain,70.0,F,Basic,12.51,507,0,51+,Europe,195,4.642857142857143,1398.27,33.292142857142856,7.738095238095238,26,42,1,2.7124053637210754,4.0,19.065208333333334,0.0,75.0,0.0,0.0,156.0,0
2524,2022-09-05,Canada,24.0,M,Premium,34.66,848,1,18-25,North America,268,4.620689655172414,1884.05,32.48362068965517,7.568965517241379,25,58,0,2.7326973128670424,4.0,30.428472222222226,2.0,50.0,1.0,3.0,46.0,0
2525,2024-01-06,USA,32.0,F,Basic,13.97,360,0,26-35,North America,305,5.350877192982456,1654.29,29.02263157894737,6.543859649122807,27,57,1,2.3716421983073204,0.0,0.0,0.0,0.0,0.0,0.0,0.0,1
2526,2022-05-28,Germany,24.0,F,Premium,38.32,948,1,18-25,Europe,257,4.431034482758621,1832.58,31.596206896551724,7.189655172413793,35,58,1,2.643177705859935,2.0,10.234166666666669,1.0,100.0,0.0,5.0,335.0,0
2527,2022-10-26,Australia,55.0,F,Premium,32.82,797,1,51+,Oceania,292,5.407407407407407,1435.98,26.592222222222222,7.111111111111111,32,54,0,2.7301151991626305,0.0,0.0,0.0,0.0,0.0,0.0,0.0,1
2528,2023-03-16,UK,51.0,F,Basic,14.1,656,0,51+,Europe,248,5.061224489795919,1602.47,32.7034693877551,6.3061224489795915,22,49,0,2.418747637942913,5.0,26.118166666666667,0.0,80.0,1.0,3.3333333333333335,68.0,1
2529,2022-01-02,UK,58.0,Unknown,Premium,31.79,1094,1,51+,Europe,29,4.142857142857143,149.4,21.342857142857145,10.142857142857142,5,7,4,3.0783421635988546,0.0,0.0,0.0,0.0,0.0,0.0,0.0,0
2530,2023-09-22,Germany,39.0,M,Basic,13.8,466,0,36-50,Europe,23,3.8333333333333335,87.67,14.611666666666666,8.166666666666666,2,6,15,2.136976056643281,0.0,0.0,0.0,0.0,0.0,0.0,0.0,0
2531,2022-12-28,Mexico,41.0,M,Basic,11.23,734,0,36-50,North America,300,4.918032786885246,1679.24,27.528524590163933,7.049180327868853,35,61,2,2.6286567036366257,5.0,11.926666666666668,1.0,40.0,1.0,3.5,184.0,1
2532,2022-09-04,Brazil,66.0,F,Basic,11.48,849,0,51+,South America,182,4.7894736842105265,861.9,22.681578947368422,8.394736842105264,15,38,6,2.722855166189623,0.0,0.0,0.0,0.0,0.0,0.0,0.0,0
2533,2023-08-08,UK,54.0,F,Basic,14.25,511,0,51+,Europe,349,4.653333333333333,1907.02,25.426933333333334,7.986666666666666,48,75,0,2.310337130736044,0.0,0.0,0.0,0.0,0.0,0.0,0.0,0
2534,2023-03-03,USA,61.0,F,Basic,12.09,669,0,51+,North America,131,5.24,722.85,28.914,6.6,9,25,2,2.487971060924946,0.0,0.0,0.0,0.0,0.0,0.0,0.0,0
2535,2022-07-11,Italy,18.0,M,Basic,14.94,904,0,18-25,Europe,280,4.827586206896552,1625.82,28.031379310344825,8.189655172413794,28,58,0,2.643349357495396,4.0,24.637847222222224,0.0,75.0,1.0,4.0,86.0,0
2536,2023-11-12,Australia,43.5,F,Basic,10.75,415,0,36-50,Oceania,251,5.229166666666667,1252.94,26.10291666666667,7.0625,27,48,1,2.345113374143914,0.0,0.0,0.0,0.0,0.0,0.0,0.0,0
2537,2023-11-16,Germany,60.0,F,Basic,12.31,411,0,51+,Europe,166,5.03030303030303,1339.65,40.59545454545455,7.606060606060606,17,33,1,2.543187572772215,0.0,0.0,0.0,0.0,0.0,0.0,0.0,0
2538,2022-03-29,Spain,33.0,Unknown,Premium,37.31,1008,1,26-35,Europe,162,4.628571428571429,1109.75,31.707142857142856,7.942857142857143,16,35,1,2.7979584393931636,4.0,10.180902777777778,0.0,100.0,1.0,4.5,237.0,0
2539,2023-06-21,USA,63.0,F,Enterprise,100.53,559,1,51+,North America,337,5.106060606060606,1930.08,29.243636363636362,7.287878787878788,36,66,1,2.5245184636269697,5.0,17.348055555555554,1.0,60.0,0.0,4.25,176.0,0
2540,2023-01-05,UK,25.0,M,Premium,31.51,726,1,18-25,Europe,222,5.162790697674419,1364.82,31.74,7.883720930232558,19,43,1,2.1594778089923623,0.0,0.0,0.0,0.0,0.0,0.0,0.0,0
2541,2022-03-11,USA,66.0,M,Basic,10.09,1026,0,51+,North America,272,4.857142857142857,1521.9,27.176785714285717,7.232142857142857,24,56,0,2.561452510010475,0.0,0.0,0.0,0.0,0.0,0.0,0.0,0
2542,2023-06-23,Germany,42.0,Unknown,Premium,39.92,557,1,36-50,Europe,239,5.085106382978723,1340.0,28.51063829787234,7.340425531914893,23,47,1,2.586165427591865,4.0,12.54451388888889,0.0,50.0,0.0,0.0,65.0,0
2543,2023-07-12,Spain,67.0,F,Premium,37.6,538,1,51+,Europe,238,4.490566037735849,1733.24,32.70264150943396,7.39622641509434,22,53,0,2.598983836258332,5.0,10.04652777777778,3.0,100.0,0.0,3.5,46.0,0
2544,2023-06-04,Brazil,29.0,F,Basic,11.86,576,0,26-35,South America,282,4.862068965517241,1653.32,28.50551724137931,7.810344827586207,33,58,5,2.7044360949468826,2.0,8.266666666666666,0.0,50.0,0.0,2.5,30.0,1
2545,2024-03-16,UK,42.0,M,Basic,10.77,290,0,36-50,Europe,26,5.2,131.73000000000002,26.346000000000004,6.6,1,5,33,2.16794833886788,0.0,0.0,0.0,0.0,0.0,0.0,0.0,0
2546,2023-06-04,UK,34.0,F,Premium,30.89,576,1,26-35,Europe,53,4.416666666666667,401.89,33.490833333333335,7.416666666666667,5,12,2,3.058767824804721,0.0,0.0,0.0,0.0,0.0,0.0,0.0,0
2547,2023-07-22,UK,43.0,F,Premium,35.31,528,1,36-50,Europe,70,4.666666666666667,471.24,31.416,6.333333333333333,2,15,8,2.8949874578229835,0.0,0.0,0.0,0.0,0.0,0.0,0.0,1
2548,2022-01-21,USA,63.0,F,Enterprise,197.58,1075,1,51+,North America,195,5.416666666666667,1069.16,29.69888888888889,8.027777777777779,18,36,3,2.3222526010012654,0.0,0.0,0.0,0.0,0.0,0.0,0.0,0
2549,2023-02-04,USA,43.5,M,Premium,36.74,696,1,36-50,North America,141,4.7,984.01,32.800333333333334,7.666666666666667,16,30,2,2.351081922625528,0.0,0.0,0.0,0.0,0.0,0.0,0.0,0
2550,2024-06-13,Germany,31.0,F,Premium,33.64,201,1,26-35,Europe,265,4.416666666666667,1629.98,27.166333333333334,6.766666666666667,32,60,2,2.6635751854155685,5.0,14.423055555555555,0.0,100.0,1.0,2.0,88.0,0
2551,2023-04-27,Germany,58.0,F,Basic,12.49,614,0,51+,Europe,51,3.923076923076923,310.06,23.85076923076923,7.076923076923077,7,13,16,2.7827306272059005,1.0,9.971944444444444,0.0,100.0,0.0,0.0,198.0,0
2552,2022-02-14,Italy,53.0,M,Basic,14.98,1051,0,51+,Europe,185,5.138888888888889,712.81,19.800277777777776,8.472222222222221,14,36,1,2.8800077160390463,0.0,0.0,0.0,0.0,0.0,0.0,0.0,0
2553,2023-10-13,Canada,40.0,M,Enterprise,151.87,445,1,36-50,North America,53,6.625,249.37,31.17125,4.375,5,8,15,2.559994419636775,5.0,25.6675,0.0,40.0,1.0,4.5,37.0,0
2554,2023-02-01,Italy,60.0,F,Basic,14.81,699,0,51+,Europe,267,4.8545454545454545,1588.5,28.881818181818183,7.545454545454546,27,55,1,2.5123265137685657,0.0,0.0,0.0,0.0,0.0,0.0,0.0,0
2555,2023-01-18,Mexico,23.0,M,Basic,10.07,713,0,18-25,North America,385,4.529411764705882,2227.98,26.211529411764705,7.141176470588236,40,85,0,2.6483967984878887,3.0,14.44527777777778,0.0,33.33333333333333,0.0,4.333333333333333,3.0,0
2556,2022-09-17,USA,64.0,F,Basic,13.59,836,0,51+,North America,67,5.583333333333333,389.34,32.445,7.166666666666667,2,12,12,2.6784776318353725,0.0,0.0,0.0,0.0,0.0,0.0,0.0,0
2557,2024-02-05,USA,22.0,M,Premium,36.26,330,1,18-25,North America,66,5.076923076923077,438.09000000000003,33.69923076923077,6.230769230769231,6,13,10,2.660248687044705,3.0,7.836111111111111,0.0,66.66666666666666,0.0,5.0,85.0,1
2558,2022-01-17,USA,60.0,F,Basic,13.42,1079,0,51+,North America,290,5.0,1718.08,29.62206896551724,7.482758620689655,21,58,1,2.6022931857424143,3.0,11.388240740740741,0.0,66.66666666666666,1.0,5.0,82.0,1
2559,2023-01-01,Italy,42.0,M,Premium,35.7,730,1,36-50,Europe,236,4.627450980392157,1527.48,29.950588235294116,6.7254901960784315,23,51,0,2.489664911699769,0.0,0.0,0.0,0.0,0.0,0.0,0.0,0
2560,2024-03-18,Spain,35.0,M,Basic,10.21,288,0,26-35,Europe,428,5.035294117647059,2527.37,29.73376470588235,7.458823529411765,39,85,0,2.8470831306692075,0.0,0.0,0.0,0.0,0.0,0.0,0.0,0
2561,2022-03-11,Spain,30.0,M,Basic,10.74,1026,0,26-35,Europe,275,4.824561403508772,1594.26,27.969473684210527,7.245614035087719,33,57,0,2.7000185648670207,0.0,0.0,0.0,0.0,0.0,0.0,0.0,0
2562,2022-12-20,USA,60.0,F,Enterprise,192.22,742,1,51+,North America,232,5.2727272727272725,1396.96,31.74909090909091,7.4772727272727275,31,44,0,2.7983685975244565,0.0,0.0,0.0,0.0,0.0,0.0,0.0,0
2563,2022-09-04,Australia,31.0,F,Basic,11.15,849,0,26-35,Oceania,233,4.854166666666667,1358.96,28.311666666666667,7.729166666666667,22,48,1,2.8208161134854732,0.0,0.0,0.0,0.0,0.0,0.0,0.0,0
2564,2024-01-21,Canada,45.0,M,Basic,14.95,345,0,36-50,North America,132,4.714285714285714,805.46,28.766428571428573,7.142857142857143,14,28,2,2.6507461263680137,2.0,20.474583333333335,0.0,0.0,1.0,3.5,134.0,0
2565,2023-11-04,Spain,35.0,M,Basic,13.39,423,0,26-35,Europe,265,5.520833333333333,1700.41,35.42520833333334,7.041666666666667,15,48,3,2.306231921069272,1.0,24.240555555555556,0.0,0.0,0.0,0.0,142.0,0
2566,2023-10-06,France,45.0,F,Basic,12.21,452,0,36-50,Europe,120,5.0,756.21,31.508750000000003,8.041666666666666,8,24,0,2.226324715563845,0.0,0.0,0.0,0.0,0.0,0.0,0.0,0
2567,2022-04-17,Mexico,68.0,M,Basic,14.59,989,0,51+,North America,180,5.294117647058823,1182.22,34.77117647058824,7.970588235294118,16,34,0,2.8233808635908946,3.0,15.590694444444445,1.0,66.66666666666666,0.0,5.0,157.0,1
2568,2024-03-01,UK,44.0,F,Basic,13.96,305,0,36-50,Europe,445,5.5625,2144.25,26.803125,7.875,44,80,0,2.5893831433936425,0.0,0.0,0.0,0.0,0.0,0.0,0.0,0
2569,2023-08-19,USA,49.0,M,Enterprise,142.89,500,1,36-50,North America,41,4.1,227.11,22.711000000000002,6.1,4,10,8,2.282785822435191,0.0,0.0,0.0,0.0,0.0,0.0,0.0,0
2570,2024-01-23,USA,64.0,F,Basic,10.33,343,0,51+,North America,159,4.416666666666667,1258.08,34.946666666666665,8.666666666666666,18,36,0,2.5453037988757696,0.0,0.0,0.0,0.0,0.0,0.0,0.0,0
2571,2024-02-14,USA,26.0,F,Basic,14.33,321,0,26-35,North America,281,4.9298245614035086,1881.82,33.01438596491228,7.298245614035087,33,57,1,2.7114812051376154,2.0,12.0,1.0,50.0,0.0,5.0,182.0,0
2572,2022-12-07,Mexico,57.0,Other,Basic,13.82,755,0,51+,North America,238,5.534883720930233,1396.08,32.46697674418604,7.72093023255814,21,43,0,2.353809852025135,0.0,0.0,0.0,0.0,0.0,0.0,0.0,0
2573,2022-05-17,UK,49.0,F,Basic,13.94,959,0,36-50,Europe,82,5.857142857142857,340.58,24.327142857142857,7.357142857142857,10,14,7,2.2822776362202752,0.0,0.0,0.0,0.0,0.0,0.0,0.0,0
2574,2022-02-15,UK,37.0,M,Basic,13.71,1050,0,36-50,Europe,106,4.416666666666667,767.21,31.967083333333335,9.666666666666666,8,24,4,2.6851713032013866,0.0,0.0,0.0,0.0,0.0,0.0,0.0,1
2575,2022-12-27,France,45.0,M,Premium,32.75,735,1,36-50,Europe,376,4.7594936708860756,2239.66,28.35012658227848,7.518987341772152,38,79,0,2.5278712533824534,2.0,6.3438888888888885,0.0,50.0,0.0,4.0,34.0,0
2576,2023-07-14,Italy,50.0,F,Enterprise,185.87,536,1,36-50,Europe,242,5.377777777777778,1152.36,25.607999999999997,7.2,28,45,1,2.5698327579903726,0.0,0.0,0.0,0.0,0.0,0.0,0.0,0
2577,2022-12-13,Mexico,21.0,F,Basic,10.0,749,0,18-25,North America,208,4.622222222222222,1303.39,28.964222222222226,7.311111111111111,27,45,0,2.5786614646934467,5.0,15.121203703703705,2.0,60.0,0.0,4.0,118.0,0
2578,2024-04-13,Australia,63.0,F,Premium,32.36,262,1,51+,Oceania,326,5.344262295081967,1800.25,29.512295081967213,8.098360655737705,38,61,0,2.606947422444108,0.0,0.0,0.0,0.0,0.0,0.0,0.0,0
2579,2023-10-21,USA,51.0,F,Basic,10.22,437,0,51+,North America,167,5.0606060606060606,927.42,28.10363636363636,6.0606060606060606,9,33,3,2.2211961014759867,3.0,10.26611111111111,0.0,66.66666666666666,1.0,2.5,139.0,0
2580,2022-06-29,USA,65.0,F,Premium,31.1,916,1,51+,North America,207,5.3076923076923075,1402.4,35.95897435897436,7.0256410256410255,18,39,4,2.5251768687803793,2.0,9.528472222222222,0.0,0.0,0.0,5.0,103.0,1
2581,2024-04-30,UK,20.0,M,Basic,12.65,245,0,18-25,Europe,230,5.0,1277.61,27.774130434782606,7.8478260869565215,18,46,1,2.5210227201585385,4.0,22.09701388888889,0.0,25.0,0.0,3.0,66.0,0
2582,2024-03-08,France,43.0,M,Basic,10.18,298,0,36-50,Europe,48,6.0,295.75,36.96875,10.25,4,8,2,2.9277002188455996,2.0,20.130833333333335,0.0,100.0,1.0,4.0,133.0,0
2583,2023-12-03,USA,25.0,M,Basic,10.9,394,0,18-25,North America,124,5.166666666666667,686.52,28.605,7.25,7,24,7,2.6154501926331784,5.0,16.194791666666667,1.0,60.0,2.0,5.0,63.0,0
2584,2023-04-21,France,23.0,M,Basic,11.15,620,0,18-25,Europe,230,4.791666666666667,1453.07,30.272291666666664,7.916666666666667,26,48,0,2.5595738785423467,0.0,0.0,0.0,0.0,0.0,0.0,0.0,0
2585,2023-12-14,France,33.0,F,Premium,36.54,383,1,26-35,Europe,49,5.444444444444445,252.22,28.024444444444445,3.888888888888889,5,9,13,2.697735676039774,0.0,0.0,0.0,0.0,0.0,0.0,0.0,0
2586,2023-05-06,Brazil,41.0,M,Basic,12.33,605,0,36-50,South America,338,4.898550724637682,2095.86,30.374782608695654,7.6521739130434785,42,69,1,2.613004398457791,0.0,0.0,0.0,0.0,0.0,0.0,0.0,0
2587,2023-10-09,France,65.0,M,Basic,12.28,449,0,51+,Europe,430,5.119047619047619,2702.44,32.17190476190476,6.488095238095238,51,84,0,2.381680898298419,5.0,12.377055555555554,0.0,40.0,0.0,3.5,43.0,0
2588,2022-07-06,UK,56.0,M,Enterprise,176.83,909,1,51+,Europe,46,4.6,387.83,38.783,9.6,5,10,15,2.503331114069145,0.0,0.0,0.0,0.0,0.0,0.0,0.0,0
2589,2024-04-10,Brazil,47.0,M,Basic,12.27,265,0,36-50,South America,198,5.6571428571428575,958.55,27.387142857142855,7.942857142857143,15,35,0,2.531482443420167,4.0,16.825648148148147,1.0,50.0,1.0,5.0,4.0,0
2590,2022-05-19,France,62.0,M,Premium,33.47,957,1,51+,Europe,488,5.609195402298851,2822.51,32.44264367816092,7.67816091954023,45,87,0,2.2740002753015744,1.0,15.23277777777778,0.0,100.0,0.0,0.0,27.0,0
2591,2022-03-06,Canada,30.0,F,Basic,14.8,1031,0,26-35,North America,372,5.636363636363637,2040.59,30.918030303030303,7.393939393939394,37,66,0,2.4722233135152076,0.0,0.0,0.0,0.0,0.0,0.0,0.0,0
2592,2024-01-04,UK,22.0,M,Basic,10.03,362,0,18-25,Europe,50,3.8461538461538463,298.39,22.95307692307692,6.538461538461538,7,13,7,2.8823067684915684,0.0,0.0,0.0,0.0,0.0,0.0,0.0,0
2593,2024-03-05,USA,42.0,F,Basic,11.52,301,0,36-50,North America,418,5.358974358974359,2594.11,33.257820512820516,7.3076923076923075,34,78,0,2.6627510379761543,0.0,0.0,0.0,0.0,0.0,0.0,0.0,1
2594,2023-04-14,Brazil,37.0,F,Basic,13.04,627,0,36-50,South America,158,4.647058823529412,977.34,28.74529411764706,8.235294117647058,13,34,2,2.65012696026546,0.0,0.0,0.0,0.0,0.0,0.0,0.0,1
2595,2022-02-07,UK,35.0,Other,Basic,13.9,1058,0,26-35,Europe,55,4.230769230769231,490.2,37.707692307692305,9.0,6,13,3,2.586949495507729,0.0,0.0,0.0,0.0,0.0,0.0,0.0,0
2596,2022-10-28,Mexico,64.0,M,Premium,38.15,795,1,51+,North America,333,5.370967741935484,2015.71,32.51145161290323,7.370967741935484,31,62,1,2.650294576684761,0.0,0.0,0.0,0.0,0.0,0.0,0.0,1
2597,2022-07-26,UK,35.0,M,Premium,30.45,889,1,26-35,Europe,265,5.638297872340425,1507.68,32.07829787234043,7.085106382978723,32,47,1,2.599544541335401,0.0,0.0,0.0,0.0,0.0,0.0,0.0,1
2598,2022-02-14,UK,19.0,Unknown,Premium,37.08,1051,1,18-25,Europe,453,5.392857142857143,2698.93,32.13011904761905,7.535714285714286,50,84,0,2.5695991771389535,0.0,0.0,0.0,0.0,0.0,0.0,0.0,0
2599,2024-03-21,USA,27.0,M,Premium,37.19,285,1,26-35,North America,239,5.085106382978723,1590.32,33.83659574468085,6.723404255319149,23,47,0,2.917933956653774,1.0,25.46472222222222,0.0,0.0,0.0,2.0,251.0,1
2600,2022-07-24,UK,62.0,F,Enterprise,121.4,891,1,51+,Europe,205,6.212121212121212,1035.03,31.364545454545453,8.969696969696969,26,33,0,2.218636627491867,0.0,0.0,0.0,0.0,0.0,0.0,0.0,0
2601,2024-06-26,USA,67.0,F,Basic,10.55,188,0,51+,North America,151,4.870967741935484,1040.15,33.553225806451614,6.709677419354839,6,31,0,2.334408354506854,4.0,13.848611111111111,0.0,50.0,1.0,2.3333333333333335,12.0,0
2602,2022-02-12,USA,64.0,F,Premium,37.49,1053,1,51+,North America,289,5.160714285714286,1410.12,25.180714285714284,8.089285714285714,28,56,2,2.5282173792779603,0.0,0.0,0.0,0.0,0.0,0.0,0.0,0
2603,2022-11-20,Brazil,29.0,M,Basic,11.24,772,0,26-35,South America,195,4.875,1217.03,30.42575,6.7,25,40,0,2.775233877878237,3.0,16.01763888888889,1.0,33.33333333333333,0.0,5.0,75.0,0
2604,2022-11-14,France,64.0,F,Premium,30.01,778,1,51+,Europe,340,4.927536231884058,2403.1,34.827536231884054,7.63768115942029,32,69,1,2.3721350557952325,0.0,0.0,0.0,0.0,0.0,0.0,0.0,1
2605,2023-06-12,Germany,30.0,M,Premium,32.23,568,1,26-35,Europe,241,4.381818181818182,1575.54,28.646181818181816,7.709090909090909,26,55,1,2.5855073940811852,0.0,0.0,0.0,0.0,0.0,0.0,0.0,0
2606,2023-02-12,USA,67.0,F,Basic,10.15,688,0,51+,North America,255,5.543478260869565,1219.55,26.51195652173913,8.065217391304348,21,46,0,2.7544430510974682,4.0,18.167569444444446,0.0,75.0,1.0,4.333333333333333,6.0,0
2607,2024-04-14,Brazil,64.0,F,Basic,11.24,261,0,51+,South America,254,5.7727272727272725,1637.43,37.214318181818186,7.704545454545454,21,44,0,2.321423344091877,4.0,19.970694444444444,2.0,50.0,0.0,2.0,75.0,1
2608,2023-07-11,Canada,28.0,M,Enterprise,133.49,539,1,26-35,North America,195,5.0,1175.69,30.14589743589744,8.717948717948717,25,39,0,2.5026301953618404,3.0,26.15268518518518,0.0,33.33333333333333,0.0,3.0,56.0,0
2609,2023-04-30,USA,43.5,M,Basic,11.35,611,0,36-50,North America,55,5.5,342.98,34.298,9.3,8,10,10,2.798809270624444,0.0,0.0,0.0,0.0,0.0,0.0,0.0,1
2610,2022-09-17,Spain,52.0,F,Basic,14.59,836,0,51+,Europe,192,5.052631578947368,1382.53,36.38236842105263,6.5,24,38,0,2.546299577086937,0.0,0.0,0.0,0.0,0.0,0.0,0.0,0
2611,2022-02-07,Mexico,56.0,M,Basic,11.15,1058,0,51+,North America,327,4.671428571428572,2013.24,28.760571428571428,6.942857142857143,28,70,0,2.563520160007728,0.0,0.0,0.0,0.0,0.0,0.0,0.0,0
2612,2024-02-11,UK,70.0,Unknown,Basic,12.33,324,0,51+,Europe,231,5.634146341463414,1269.85,30.971951219512192,6.634146341463414,17,41,1,2.331910135071414,0.0,0.0,0.0,0.0,0.0,0.0,0.0,1
2613,2023-10-25,Germany,43.0,M,Basic,14.78,433,0,36-50,Europe,38,6.333333333333333,141.01,23.501666666666665,9.0,2,6,11,2.422120283277993,3.0,18.199583333333333,1.0,66.66666666666666,0.0,4.0,56.0,0
2614,2022-07-15,France,63.0,M,Basic,14.39,900,0,51+,Europe,224,5.333333333333333,1258.31,29.959761904761905,7.5,21,42,2,2.619501597229171,0.0,0.0,0.0,0.0,0.0,0.0,0.0,0
2615,2022-10-20,UK,43.5,F,Basic,11.54,803,0,36-50,Europe,132,4.551724137931035,902.45,31.11896551724138,7.862068965517241,16,29,3,2.640159720500579,0.0,0.0,0.0,0.0,0.0,0.0,0.0,0
2616,2023-01-01,USA,62.0,F,Premium,33.25,730,1,51+,North America,225,5.625,1173.6100000000001,29.340250000000005,7.675,24,40,2,2.5888072691730213,1.0,17.28388888888889,0.0,100.0,0.0,5.0,121.0,0
2617,2024-06-01,Australia,43.5,F,Basic,12.96,213,0,36-50,Oceania,238,5.409090909090909,1174.3,26.688636363636363,7.613636363636363,33,44,1,2.839244755606852,4.0,5.782222222222222,0.0,50.0,2.0,4.333333333333333,24.0,1
2618,2024-03-10,Italy,41.0,M,Basic,14.58,296,0,36-50,Europe,216,4.909090909090909,1386.43,31.50977272727273,6.9772727272727275,21,44,0,2.438243571194964,0.0,0.0,0.0,0.0,0.0,0.0,0.0,0
2619,2022-02-18,Germany,58.0,F,Basic,10.04,1047,0,51+,Europe,357,4.697368421052632,2461.38,32.38657894736842,7.723684210526316,37,76,0,2.78098177791995,4.0,3.0714814814814813,1.0,75.0,0.0,0.0,91.0,0
2620,2024-06-05,UK,18.0,Unknown,Basic,11.96,209,0,18-25,Europe,246,4.823529411764706,1623.3899999999999,31.831176470588233,7.686274509803922,29,51,2,2.566755791678992,0.0,0.0,0.0,0.0,0.0,0.0,0.0,0
2621,2023-11-03,USA,68.0,M,Enterprise,184.97,424,1,51+,North America,160,5.333333333333333,694.89,23.163,7.4,15,30,0,2.630501896955229,0.0,0.0,0.0,0.0,0.0,0.0,0.0,0
2622,2022-12-06,Australia,60.0,M,Premium,34.09,756,1,51+,Oceania,408,4.689655172413793,2725.53,31.32793103448276,7.068965517241379,47,87,0,2.6602602811439784,0.0,0.0,0.0,0.0,0.0,0.0,0.0,0
2623,2022-10-07,Brazil,39.0,F,Basic,13.59,816,0,36-50,South America,294,4.983050847457627,1779.8700000000001,30.16728813559322,8.305084745762711,25,59,0,2.6941285164013986,0.0,0.0,0.0,0.0,0.0,0.0,0.0,0
2624,2022-05-08,France,40.0,M,Basic,13.45,968,0,36-50,Europe,218,4.36,1663.03,33.2606,6.86,16,50,2,2.7976666662614056,0.0,0.0,0.0,0.0,0.0,0.0,0.0,0
2625,2024-03-29,USA,36.0,M,Premium,32.04,277,1,36-50,North America,77,4.529411764705882,470.31,27.665294117647058,9.058823529411764,9,17,1,2.400980191995124,4.0,20.773333333333333,0.0,25.0,0.0,4.666666666666667,29.0,0
2626,2023-01-12,USA,35.0,M,Basic,12.24,719,0,26-35,North America,165,4.583333333333333,1007.37,27.9825,7.861111111111111,17,36,3,2.6978827677590864,0.0,0.0,0.0,0.0,0.0,0.0,0.0,0
2627,2023-03-24,USA,29.0,M,Basic,12.82,648,0,26-35,North America,95,4.75,581.97,29.0985,6.9,10,20,4,2.425196682202996,3.0,24.246805555555554,1.0,0.0,1.0,4.5,27.0,0
2628,2024-06-29,USA,45.0,M,Basic,13.57,185,0,36-50,North America,224,4.977777777777778,1112.1399999999999,24.71422222222222,6.7555555555555555,24,45,1,2.499898987858299,0.0,0.0,0.0,0.0,0.0,0.0,0.0,0
2629,2023-02-14,Australia,45.0,M,Enterprise,182.23,686,1,36-50,Oceania,181,5.484848484848484,876.67,26.565757575757573,8.424242424242424,24,33,0,2.7055638520603718,2.0,26.246944444444445,1.0,100.0,0.0,0.0,173.0,0
2630,2024-02-01,UK,50.0,F,Basic,13.79,334,0,36-50,Europe,217,4.822222222222222,1429.46,31.765777777777778,7.466666666666667,23,45,1,2.4798175234268647,0.0,0.0,0.0,0.0,0.0,0.0,0.0,1
2631,2023-03-27,Italy,36.0,M,Basic,10.13,645,0,36-50,Europe,208,4.425531914893617,1517.78,32.2931914893617,7.851063829787234,16,47,0,2.1943076639248416,5.0,13.66423611111111,1.0,60.0,1.0,3.0,54.0,0
2632,2023-01-31,Canada,45.0,F,Basic,13.34,700,0,36-50,North America,187,4.921052631578948,1158.62,30.49,8.0,17,38,0,2.4973670345512207,0.0,0.0,0.0,0.0,0.0,0.0,0.0,0
2633,2022-12-14,USA,69.0,M,Basic,12.48,748,0,51+,North America,39,3.0,411.77,31.674615384615382,7.6923076923076925,5,13,14,2.1984843263788196,3.0,23.377407407407407,0.0,33.33333333333333,0.0,4.0,33.0,0
2634,2022-07-11,Spain,66.0,Other,Basic,12.86,904,0,51+,Europe,261,4.660714285714286,1950.01,34.82160714285714,7.178571428571429,30,56,1,2.6165680903482276,0.0,0.0,0.0,0.0,0.0,0.0,0.0,0
2635,2023-05-24,Mexico,54.0,F,Basic,11.85,587,0,51+,North America,70,5.833333333333333,443.75,36.979166666666664,6.0,6,12,11,2.757908737804898,0.0,0.0,0.0,0.0,0.0,0.0,0.0,0
2636,2023-12-10,Mexico,43.0,F,Enterprise,171.39,387,1,36-50,North America,37,6.166666666666667,256.40000000000003,42.73333333333334,6.5,5,6,1,2.9268868558020253,0.0,0.0,0.0,0.0,0.0,0.0,0.0,0
2637,2023-05-25,Italy,52.0,F,Basic,13.36,586,0,51+,Europe,278,5.346153846153846,1351.63,25.992884615384618,7.1923076923076925,29,52,2,2.3337642351529504,0.0,0.0,0.0,0.0,0.0,0.0,0.0,0
2638,2023-01-12,USA,51.0,Unknown,Basic,12.89,719,0,51+,North America,123,5.125,746.36,31.098333333333333,6.583333333333333,16,24,1,2.675370758540239,0.0,0.0,0.0,0.0,0.0,0.0,0.0,0
2639,2024-03-27,Mexico,52.0,F,Basic,14.3,279,0,51+,North America,35,7.0,179.3,35.86,8.8,1,5,7,1.8708286933869707,0.0,0.0,0.0,0.0,0.0,0.0,0.0,0
2640,2023-06-16,France,57.0,M,Premium,31.01,564,1,51+,Europe,79,4.157894736842105,587.72,30.93263157894737,7.052631578947368,11,19,0,2.3157230187168767,2.0,20.113611111111112,1.0,50.0,1.0,1.0,73.0,0
2641,2022-10-01,USA,33.0,M,Basic,11.5,822,0,26-35,North America,113,4.185185185185185,741.74,27.471851851851852,6.851851851851852,17,27,0,2.4967214970072718,2.0,16.691944444444445,0.0,50.0,0.0,0.0,130.0,1
2642,2024-03-31,UK,55.0,F,Basic,12.47,275,0,51+,Europe,310,5.0,1820.18,29.357741935483872,7.580645161290323,24,62,0,2.6051651091440715,0.0,0.0,0.0,0.0,0.0,0.0,0.0,0
2643,2022-03-26,Italy,30.0,M,Premium,39.58,1011,1,26-35,Europe,109,6.411764705882353,498.85,29.344117647058823,6.588235294117647,12,17,1,2.5509513796182928,1.0,14.751111111111111,0.0,100.0,0.0,0.0,218.0,0
2644,2024-01-15,Spain,40.0,F,Basic,10.35,351,0,36-50,Europe,184,4.972972972972973,881.76,23.83135135135135,7.486486486486487,13,37,3,2.4550004128364273,0.0,0.0,0.0,0.0,0.0,0.0,0.0,1
2645,2023-03-11,USA,43.5,F,Enterprise,133.7,661,1,36-50,North America,423,5.64,1826.41,24.352133333333335,6.8133333333333335,29,75,0,2.5021072200328542,0.0,0.0,0.0,0.0,0.0,0.0,0.0,0
2646,2022-03-22,UK,33.0,M,Basic,14.62,1015,0,26-35,Europe,209,4.18,1319.27,26.3854,7.38,21,50,1,2.6161975835013624,4.0,23.13722222222222,1.0,50.0,0.0,3.0,55.0,1
2647,2023-03-17,Australia,45.0,F,Basic,14.48,655,0,36-50,Oceania,304,4.606060606060606,1963.21,29.74560606060606,7.015151515151516,31,66,0,2.529084893053295,1.0,23.68611111111111,0.0,0.0,0.0,0.0,40.0,1
2648,2023-09-09,UK,65.0,M,Basic,14.32,479,0,51+,Europe,102,4.434782608695652,571.28,24.838260869565215,8.73913043478261,10,23,3,2.8094982883801634,0.0,0.0,0.0,0.0,0.0,0.0,0.0,1
2649,2024-04-22,Brazil,52.0,Unknown,Basic,11.53,253,0,51+,South America,172,5.733333333333333,1073.99,35.79966666666667,6.9,20,30,1,2.4625937172201096,0.0,0.0,0.0,0.0,0.0,0.0,0.0,0
2650,2022-07-04,Italy,62.0,F,Premium,38.46,911,1,51+,Europe,28,4.666666666666667,97.14999999999999,16.191666666666666,8.0,2,6,0,2.422120283277993,0.0,0.0,0.0,0.0,0.0,0.0,0.0,1
2651,2023-07-13,France,63.0,M,Basic,12.52,537,0,51+,Europe,423,5.158536585365853,2337.69,28.50841463414634,7.329268292682927,37,82,0,2.5017007163035365,3.0,13.607222222222223,1.0,100.0,0.0,4.0,93.0,1
2652,2022-10-28,Australia,25.0,F,Basic,13.09,795,0,18-25,Oceania,173,4.805555555555555,963.02,26.750555555555554,7.361111111111111,16,36,3,2.572596736422941,0.0,0.0,0.0,0.0,0.0,0.0,0.0,0
2653,2022-11-25,UK,61.0,F,Enterprise,123.87,767,1,51+,Europe,282,4.947368421052632,1599.9,28.06842105263158,6.842105263157895,24,57,1,2.580289661422164,0.0,0.0,0.0,0.0,0.0,0.0,0.0,1
2654,2022-04-16,USA,39.0,M,Premium,37.06,990,1,36-50,North America,272,4.945454545454545,1830.93,33.28963636363636,7.9818181818181815,31,55,1,2.717693615155797,0.0,0.0,0.0,0.0,0.0,0.0,0.0,0
2655,2022-03-23,UK,38.0,F,Basic,11.63,1014,0,36-50,Europe,163,4.794117647058823,825.82,24.288823529411765,6.882352941176471,20,34,0,2.5911201715311294,0.0,0.0,0.0,0.0,0.0,0.0,0.0,1
2656,2022-12-02,Australia,43.0,F,Basic,11.71,760,0,36-50,Oceania,152,5.066666666666666,736.77,24.559,7.333333333333333,21,30,1,2.50424926231717,5.0,9.484351851851851,2.0,60.0,1.0,5.0,101.0,0
2657,2023-11-08,UK,57.0,M,Basic,13.17,419,0,51+,Europe,125,6.25,705.56,35.278,7.25,7,20,1,1.8883298106221302,3.0,13.637407407407407,0.0,33.33333333333333,1.0,4.5,92.0,0
2658,2022-10-30,Canada,43.5,M,Premium,32.39,793,1,36-50,North America,372,4.96,2302.64,30.701866666666664,7.8,35,75,1,2.6581847087713717,4.0,8.400277777777777,3.0,75.0,1.0,5.0,51.0,0
2659,2022-11-10,Germany,42.0,F,Premium,32.23,782,1,36-50,Europe,267,4.944444444444445,1556.34,28.821111111111108,7.444444444444445,36,54,0,2.7363152931721517,0.0,0.0,0.0,0.0,0.0,0.0,0.0,0
2660,2023-04-02,UK,58.0,F,Basic,11.84,639,0,51+,Europe,217,4.428571428571429,1483.18,30.268979591836736,8.979591836734693,19,49,2,2.8284271247461903,0.0,0.0,0.0,0.0,0.0,0.0,0.0,0
2661,2023-09-10,Mexico,18.0,M,Basic,13.88,478,0,18-25,North America,181,5.027777777777778,1111.55,30.876388888888886,8.333333333333334,21,36,0,2.8833126891636405,0.0,0.0,0.0,0.0,0.0,0.0,0.0,0
2662,2024-01-05,USA,23.0,M,Basic,11.11,361,0,18-25,North America,67,6.090909090909091,389.31,35.39181818181818,7.2727272727272725,5,11,6,2.0714509627092528,0.0,0.0,0.0,0.0,0.0,0.0,0.0,0
2663,2023-03-13,Australia,40.0,F,Basic,13.93,659,0,36-50,Oceania,50,4.166666666666667,280.84,23.403333333333332,6.833333333333333,4,12,0,2.9797294975866313,1.0,14.061111111111112,0.0,100.0,0.0,0.0,34.0,1
2664,2022-06-20,Canada,68.0,F,Premium,36.95,925,1,51+,North America,402,4.962962962962963,2489.92,30.739753086419753,7.469135802469136,40,81,0,2.546784464989354,0.0,0.0,0.0,0.0,0.0,0.0,0.0,0
2665,2023-12-08,Canada,43.5,M,Basic,13.39,389,0,36-50,North America,224,5.209302325581396,1294.1200000000001,30.095813953488374,7.395348837209302,19,43,4,2.7477968623788813,3.0,13.225972222222222,1.0,33.33333333333333,0.0,4.0,47.0,0
2666,2023-03-31,Brazil,60.0,F,Basic,12.36,641,0,51+,South America,312,5.114754098360656,1871.73,30.68409836065574,7.868852459016393,39,61,1,2.633744866508129,5.0,19.299375,1.0,20.0,0.0,4.333333333333333,5.0,0
2667,2022-12-26,UK,60.0,M,Basic,13.72,736,0,51+,Europe,366,5.228571428571429,2284.72,32.63885714285714,7.885714285714286,47,70,0,2.378474901516275,4.0,14.078518518518516,1.0,25.0,1.0,4.0,16.0,1
2668,2023-04-03,Germany,40.0,F,Basic,10.06,638,0,36-50,Europe,171,4.885714285714286,992.37,28.353428571428573,7.142857142857143,21,35,0,2.586974482825433,5.0,16.029777777777777,0.0,40.0,1.0,5.0,4.0,0
2669,2022-02-13,Canada,49.0,M,Basic,11.52,1052,0,36-50,North America,221,4.169811320754717,1570.25,29.62735849056604,7.509433962264151,32,53,1,2.47087534362127,3.0,12.814074074074073,0.0,33.33333333333333,0.0,0.0,195.0,0
2670,2024-01-15,Germany,47.0,M,Premium,36.78,351,1,36-50,Europe,161,4.6,1181.14,33.746857142857145,8.228571428571428,27,35,0,2.341442491537315,0.0,0.0,0.0,0.0,0.0,0.0,0.0,0
2671,2024-06-09,UK,30.0,M,Premium,39.86,205,1,26-35,Europe,63,3.9375,442.39,27.649375,7.375,8,16,8,2.080664957811965,1.0,18.994722222222222,0.0,0.0,0.0,0.0,306.0,0
2672,2022-12-28,Australia,60.0,F,Basic,10.0,734,0,51+,Oceania,231,5.372093023255814,1318.36,30.659534883720927,6.8604651162790695,26,43,2,2.69941136276529,0.0,0.0,0.0,0.0,0.0,0.0,0.0,0
2673,2023-09-22,France,35.0,F,Premium,35.09,466,1,26-35,Europe,235,5.108695652173913,1314.68,28.580000000000002,8.108695652173912,26,46,4,2.5230339837369984,5.0,7.121203703703704,2.0,20.0,1.0,4.0,8.0,1
2674,2023-03-22,UK,40.0,F,Premium,39.23,650,1,36-50,Europe,70,4.666666666666667,320.36,21.357333333333333,7.4,10,15,8,2.581988897471611,4.0,13.825208333333332,0.0,100.0,1.0,3.6666666666666665,53.0,0
2675,2022-10-09,Canada,32.0,F,Basic,14.31,814,0,26-35,North America,106,6.235294117647059,583.23,34.307647058823534,7.411764705882353,4,17,1,1.678146736905994,0.0,0.0,0.0,0.0,0.0,0.0,0.0,0
2676,2023-10-17,USA,50.0,M,Basic,10.11,441,0,36-50,North America,206,5.15,1133.07,28.326749999999997,7.325,17,40,4,2.9225033175388595,5.0,12.754722222222222,3.0,40.0,1.0,3.0,7.0,0
2677,2024-03-21,UK,38.0,F,Basic,12.64,285,0,36-50,Europe,370,5.4411764705882355,1909.81,28.08544117647059,7.147058823529412,34,68,0,2.678729666298887,4.0,25.914930555555557,0.0,75.0,1.0,5.0,75.0,1
2678,2022-02-28,UK,43.5,M,Basic,10.01,1037,0,36-50,Europe,303,4.328571428571428,1884.11,26.915857142857142,8.714285714285714,52,70,0,2.586035119589746,0.0,0.0,0.0,0.0,0.0,0.0,0.0,0
2679,2022-03-18,Brazil,40.0,F,Premium,37.89,1019,1,36-50,South America,214,4.976744186046512,1159.91,26.9746511627907,7.790697674418604,19,43,0,2.2306135403369276,0.0,0.0,0.0,0.0,0.0,0.0,0.0,0
2680,2023-11-19,UK,44.0,M,Basic,11.53,408,0,36-50,Europe,205,5.0,1333.01,32.51243902439025,8.439024390243903,17,41,1,2.7568097504180447,0.0,0.0,0.0,0.0,0.0,0.0,0.0,0
2681,2023-10-15,USA,62.0,M,Enterprise,176.55,443,1,51+,North America,264,5.28,1350.14,27.0028,7.06,26,50,0,2.3477301239056154,3.0,13.92361111111111,1.0,100.0,0.0,4.0,95.0,0
2682,2023-02-20,USA,61.0,F,Premium,39.44,680,1,51+,North America,141,4.40625,852.17,26.6303125,6.75,16,32,0,2.8268228489516,0.0,0.0,0.0,0.0,0.0,0.0,0.0,0
2683,2023-01-08,Mexico,35.0,F,Basic,14.87,723,0,26-35,North America,228,5.428571428571429,1258.4,29.961904761904766,7.738095238095238,24,42,2,2.7062966969359974,3.0,8.415694444444444,1.0,33.33333333333333,1.0,4.0,178.0,0
2684,2023-06-10,Brazil,41.0,F,Premium,38.93,570,1,36-50,South America,155,5.0,738.29,23.815806451612904,7.451612903225806,13,31,1,2.5948667274704746,4.0,39.47361111111111,3.0,50.0,0.0,5.0,114.0,1
2685,2024-03-31,UK,68.0,F,Basic,11.01,275,0,51+,Europe,73,5.214285714285714,449.83,32.130714285714284,8.642857142857142,6,14,2,2.1901377346421156,0.0,0.0,0.0,0.0,0.0,0.0,0.0,1
2686,2024-02-07,UK,64.0,M,Basic,10.96,328,0,51+,Europe,211,5.023809523809524,1317.78,31.375714285714285,6.928571428571429,23,42,3,2.6913419921911585,3.0,7.152916666666667,1.0,33.33333333333333,1.0,0.0,180.0,0
2687,2023-11-27,UK,57.0,F,Premium,36.25,400,1,51+,Europe,284,5.3584905660377355,1800.76,33.976603773584905,7.169811320754717,27,53,1,2.7039454052767002,0.0,0.0,0.0,0.0,0.0,0.0,0.0,0
2688,2022-06-13,Mexico,68.0,M,Basic,12.71,932,0,51+,North America,42,6.0,195.56,27.937142857142856,9.0,6,7,18,2.449489742783178,4.0,13.780462962962963,1.0,50.0,2.0,4.0,101.0,0
2689,2022-02-01,Canada,59.0,Unknown,Basic,10.04,1064,0,51+,North America,130,4.814814814814815,683.79,25.325555555555553,9.407407407407407,14,27,2,2.7601147835250655,0.0,0.0,0.0,0.0,0.0,0.0,0.0,0
2690,2022-05-27,Brazil,24.0,F,Premium,33.91,949,1,18-25,South America,257,5.03921568627451,1378.22,27.02392156862745,7.313725490196078,26,51,0,2.5452762860933227,4.0,23.723680555555557,0.0,25.0,0.0,4.0,14.0,0
2691,2024-05-19,Australia,67.0,M,Premium,39.06,226,1,51+,Oceania,77,5.5,290.37,20.740714285714287,5.285714285714286,8,14,1,2.066211695163583,0.0,0.0,0.0,0.0,0.0,0.0,0.0,0
2692,2023-09-15,USA,65.0,M,Basic,14.48,473,0,51+,North America,34,3.4,322.57,32.257,8.2,5,10,16,1.577621275493231,0.0,0.0,0.0,0.0,0.0,0.0,0.0,0
2693,2023-11-26,Spain,37.0,M,Basic,11.01,401,0,36-50,Europe,198,4.829268292682927,1372.29,33.47048780487805,7.682926829268292,20,41,0,2.1783300831645125,0.0,0.0,0.0,0.0,0.0,0.0,0.0,0
2694,2024-03-11,Italy,44.0,M,Basic,11.9,295,0,36-50,Europe,330,4.714285714285714,2057.03,29.38614285714286,7.742857142857143,31,70,0,2.5545801841367726,0.0,0.0,0.0,0.0,0.0,0.0,0.0,0
2695,2023-03-25,UK,23.0,M,Premium,35.59,647,1,18-25,Europe,288,5.236363636363636,1734.61,31.538363636363634,6.818181818181818,32,55,2,2.5236924473920292,0.0,0.0,0.0,0.0,0.0,0.0,0.0,1
2696,2022-02-05,Mexico,44.0,M,Basic,14.25,1060,0,36-50,North America,108,5.142857142857143,534.25,25.44047619047619,5.904761904761905,12,21,3,2.32992949004287,0.0,0.0,0.0,0.0,0.0,0.0,0.0,0
2697,2022-05-10,USA,26.0,M,Enterprise,153.19,966,1,26-35,North America,381,5.442857142857143,2043.18,29.188285714285715,6.828571428571428,36,70,2,2.313387091337835,5.0,12.696805555555555,1.0,0.0,1.0,3.3333333333333335,61.0,0
2698,2022-03-10,USA,70.0,F,Premium,39.67,1027,1,51+,North America,195,5.131578947368421,1185.38,31.194210526315793,7.842105263157895,25,38,1,2.2199470730430435,3.0,9.88962962962963,0.0,66.66666666666666,1.0,5.0,113.0,0
2699,2022-08-30,USA,62.0,F,Premium,37.98,854,1,51+,North America,336,5.25,2142.84,33.481875,6.515625,33,64,0,2.6962643175032506,3.0,17.60638888888889,1.0,66.66666666666666,1.0,5.0,96.0,0
2700,2024-03-08,Brazil,43.5,M,Enterprise,195.3,298,1,36-50,South America,77,5.133333333333334,411.81,27.454,7.2,3,15,5,2.325838302531758,3.0,28.976666666666667,1.0,100.0,0.0,4.0,81.0,1
2701,2023-10-23,UK,38.0,M,Enterprise,173.14,435,1,36-50,Europe,450,5.232558139534884,2421.95,28.16220930232558,7.27906976744186,36,86,0,2.4718386517144357,0.0,0.0,0.0,0.0,0.0,0.0,0.0,0
2702,2023-01-11,Italy,43.0,Unknown,Basic,14.38,720,0,36-50,Europe,295,5.462962962962963,1657.73,30.698703703703703,7.944444444444445,20,54,3,2.5231977536972314,0.0,0.0,0.0,0.0,0.0,0.0,0.0,0
2703,2023-01-06,France,57.0,F,Basic,14.15,725,0,51+,Europe,425,4.941860465116279,2430.99,28.267325581395347,7.8023255813953485,39,86,0,2.6002472785703907,0.0,0.0,0.0,0.0,0.0,0.0,0.0,0
2704,2023-01-28,Mexico,65.0,F,Premium,32.53,703,1,51+,North America,270,4.909090909090909,1712.17,31.130363636363636,7.381818181818182,36,55,0,2.7370755363311576,0.0,0.0,0.0,0.0,0.0,0.0,0.0,1
2705,2023-08-04,Canada,62.0,F,Enterprise,122.94,515,1,51+,North America,198,6.0,1080.02,32.72787878787879,7.818181818181818,12,33,0,2.622022120425379,0.0,0.0,0.0,0.0,0.0,0.0,0.0,0
2706,2022-02-03,Germany,30.0,F,Premium,38.63,1062,1,26-35,Europe,253,4.685185185185185,1760.63,32.60425925925926,7.796296296296297,22,54,0,2.7801457412189543,2.0,4.573333333333333,1.0,0.0,0.0,5.0,51.0,0
2707,2023-09-12,Australia,66.0,F,Basic,10.41,476,0,51+,Oceania,59,5.9,178.76,17.875999999999998,9.2,7,10,2,2.5144029554194813,1.0,9.65277777777778,0.0,0.0,1.0,1.0,331.0,0
2708,2022-06-07,Italy,40.0,F,Premium,34.08,938,1,36-50,Europe,137,4.724137931034483,790.05,27.24310344827586,7.0,17,29,3,3.0106543157371943,0.0,0.0,0.0,0.0,0.0,0.0,0.0,0
2709,2023-11-27,Germany,37.0,M,Basic,14.09,400,0,36-50,Europe,77,5.5,430.46,30.747142857142855,7.5,4,14,0,2.5645512427953308,0.0,0.0,0.0,0.0,0.0,0.0,0.0,0
2710,2023-04-06,Brazil,54.0,Unknown,Enterprise,181.31,635,1,51+,South America,319,4.6911764705882355,1836.52,27.00764705882353,6.779411764705882,36,68,0,2.638731903385709,0.0,0.0,0.0,0.0,0.0,0.0,0.0,0
2711,2023-01-15,Germany,70.0,F,Basic,10.68,716,0,51+,Europe,409,4.927710843373494,2790.27,33.617710843373494,7.506024096385542,41,83,0,2.428404738486848,2.0,11.286944444444444,0.0,0.0,0.0,3.0,3.0,0
2712,2023-01-16,Spain,45.0,F,Enterprise,148.76,715,1,36-50,Europe,296,5.192982456140351,1476.42,25.902105263157896,7.105263157894737,24,57,1,2.6079452536652847,3.0,15.171666666666667,0.0,33.33333333333333,1.0,2.5,114.0,0
2713,2023-03-31,USA,43.5,F,Basic,12.39,641,0,36-50,North America,158,4.514285714285714,1242.69,35.505428571428574,7.942857142857143,17,35,1,2.6939084723024385,0.0,0.0,0.0,0.0,0.0,0.0,0.0,0
2714,2024-02-21,Italy,45.0,M,Enterprise,132.36,314,1,36-50,Europe,114,4.56,626.08,25.043200000000002,7.44,8,25,5,2.2,4.0,12.236527777777777,0.0,50.0,0.0,4.0,9.0,0
2715,2022-03-20,Brazil,58.0,F,Basic,14.58,1017,0,51+,South America,32,3.5555555555555554,220.5,24.5,7.666666666666667,10,9,28,2.455153310442706,0.0,0.0,0.0,0.0,0.0,0.0,0.0,1
2716,2023-08-11,Italy,19.0,M,Premium,36.52,508,1,18-25,Europe,134,5.36,712.33,28.4932,8.0,18,25,0,2.7670682439482164,5.0,10.72736111111111,1.0,40.0,0.0,5.0,38.0,0
2717,2022-05-21,Spain,42.0,M,Enterprise,198.01,955,1,36-50,Europe,163,4.17948717948718,1175.98,30.153333333333332,7.051282051282051,12,39,3,2.480150620126834,0.0,0.0,0.0,0.0,0.0,0.0,0.0,0
2718,2023-06-27,UK,67.0,M,Premium,30.66,553,1,51+,Europe,291,5.196428571428571,1557.29,27.80875,7.714285714285714,34,56,0,2.4302610623488237,3.0,10.363333333333335,0.0,33.33333333333333,1.0,4.0,269.0,1
2719,2023-01-11,UK,58.0,Other,Premium,33.93,720,1,51+,Europe,188,4.7,1513.31,37.83275,7.6,26,40,1,2.3664319132398464,0.0,0.0,0.0,0.0,0.0,0.0,0.0,0
2720,2023-02-12,UK,43.5,F,Basic,14.17,688,0,36-50,Europe,251,5.229166666666667,1426.06,29.70958333333333,7.458333333333333,22,48,0,2.477469396365791,0.0,0.0,0.0,0.0,0.0,0.0,0.0,0
2721,2022-11-18,UK,28.0,F,Basic,12.1,774,0,26-35,Europe,133,5.32,816.45,32.658,7.76,8,25,0,2.212088003071608,0.0,0.0,0.0,0.0,0.0,0.0,0.0,0
2722,2023-10-28,Germany,55.0,F,Premium,32.61,430,1,51+,Europe,30,5.0,172.53,28.755,8.333333333333334,3,6,2,3.03315017762062,0.0,0.0,0.0,0.0,0.0,0.0,0.0,0
2723,2022-10-13,UK,23.0,M,Basic,14.98,810,0,18-25,Europe,263,5.0576923076923075,1660.57,31.93403846153846,7.365384615384615,27,52,1,2.3632269524866363,1.0,11.496666666666666,0.0,100.0,1.0,2.0,82.0,1
2724,2022-09-13,USA,62.0,F,Premium,38.72,840,1,51+,North America,162,5.0625,782.91,24.4659375,6.90625,23,32,0,2.7349293792852167,0.0,0.0,0.0,0.0,0.0,0.0,0.0,0
2725,2022-04-27,Australia,28.0,Other,Premium,35.45,979,1,26-35,Oceania,173,4.675675675675675,1130.52,30.554594594594594,6.297297297297297,14,37,1,2.887271434475175,3.0,15.539814814814816,0.0,0.0,1.0,5.0,24.0,0
2726,2022-01-27,Spain,31.0,F,Basic,12.8,1069,0,26-35,Europe,195,4.431818181818182,1364.69,31.015681818181818,7.909090909090909,23,44,0,2.4532629176094334,0.0,0.0,0.0,0.0,0.0,0.0,0.0,1
2727,2024-01-24,Brazil,19.0,Unknown,Basic,10.02,342,0,18-25,South America,208,5.333333333333333,1008.62,25.862051282051283,7.0,22,39,0,2.9049262454024665,3.0,11.404027777777777,1.0,66.66666666666666,0.0,5.0,46.0,0
2728,2022-07-10,Italy,57.0,F,Basic,14.89,905,0,51+,Europe,121,4.481481481481482,753.6,27.91111111111111,6.7407407407407405,12,27,0,2.679988093692989,0.0,0.0,0.0,0.0,0.0,0.0,0.0,0
2729,2023-05-27,Canada,20.0,Other,Basic,14.02,584,0,18-25,North America,54,4.909090909090909,410.42,37.31090909090909,6.181818181818182,9,11,15,2.3001976199685736,0.0,0.0,0.0,0.0,0.0,0.0,0.0,0
2730,2023-06-15,Brazil,70.0,F,Enterprise,103.66,565,1,51+,South America,330,5.076923076923077,2270.73,34.93430769230769,6.815384615384615,23,65,0,2.5575115609934955,0.0,0.0,0.0,0.0,0.0,0.0,0.0,0
2731,2023-02-01,Germany,52.0,F,Premium,31.75,699,1,51+,Europe,215,5.119047619047619,1043.08,24.835238095238093,7.476190476190476,24,42,0,2.670547408508554,0.0,0.0,0.0,0.0,0.0,0.0,0.0,1
2732,2023-07-30,UK,50.0,F,Basic,14.1,520,0,36-50,Europe,164,4.96969696969697,840.56,25.47151515151515,7.696969696969697,18,33,3,2.506053277626601,4.0,9.503981481481482,1.0,50.0,2.0,5.0,27.0,1
2733,2022-05-01,UK,41.0,F,Basic,10.42,975,0,36-50,Europe,267,4.377049180327869,1810.03,29.672622950819672,6.967213114754099,26,61,2,2.5636168098101138,0.0,0.0,0.0,0.0,0.0,0.0,0.0,0
2734,2022-09-26,UK,36.0,F,Premium,39.41,827,1,36-50,Europe,225,5.487804878048781,1142.28,27.860487804878048,8.536585365853659,21,41,0,2.665726460268497,0.0,0.0,0.0,0.0,0.0,0.0,0.0,0
2735,2024-03-04,UK,35.0,F,Basic,14.99,302,0,26-35,Europe,193,4.948717948717949,1120.42,28.72871794871795,7.487179487179487,24,39,1,2.4915511755649007,0.0,0.0,0.0,0.0,0.0,0.0,0.0,0
2736,2022-09-24,Australia,66.0,M,Basic,14.42,829,0,51+,Oceania,194,5.388888888888889,927.7,25.769444444444446,7.583333333333333,16,36,6,2.2712838128974897,0.0,0.0,0.0,0.0,0.0,0.0,0.0,0
2737,2023-12-22,France,69.0,F,Basic,13.68,375,0,51+,Europe,428,5.035294117647059,2241.88,26.375058823529415,7.1647058823529415,33,85,0,2.412502449164952,5.0,8.761203703703705,2.0,100.0,2.0,4.0,44.0,0
2738,2023-04-02,Italy,41.0,F,Premium,34.86,639,1,36-50,Europe,61,3.8125,311.22,19.45125,6.5625,8,16,1,2.688710967483613,0.0,0.0,0.0,0.0,0.0,0.0,0.0,0
2739,2022-08-08,France,62.0,F,Basic,10.4,876,0,51+,Europe,217,4.822222222222222,1201.28,26.69511111111111,6.622222222222222,33,45,0,2.5874600470247833,0.0,0.0,0.0,0.0,0.0,0.0,0.0,0
2740,2023-09-19,Italy,52.0,F,Basic,13.64,469,0,51+,Europe,269,4.890909090909091,1573.81,28.614727272727272,7.527272727272727,28,55,0,2.6574335103540903,1.0,0.0,1.0,100.0,0.0,0.0,67.0,0
2741,2022-10-20,Spain,18.0,M,Enterprise,139.68,803,1,18-25,Europe,92,5.411764705882353,530.91,31.229999999999997,7.470588235294118,9,17,3,2.5994909003834716,0.0,0.0,0.0,0.0,0.0,0.0,0.0,0
2742,2023-12-12,Italy,53.0,M,Basic,12.84,385,0,51+,Europe,91,4.7894736842105265,499.7,26.3,7.947368421052632,11,19,5,2.4850429767895825,0.0,0.0,0.0,0.0,0.0,0.0,0.0,0
2743,2023-05-18,France,42.0,F,Premium,32.92,593,1,36-50,Europe,304,5.1525423728813555,1801.89,30.540508474576274,8.135593220338983,34,59,1,2.4411243828375335,0.0,0.0,0.0,0.0,0.0,0.0,0.0,0
2744,2022-07-24,Brazil,62.0,F,Basic,11.2,891,0,51+,South America,35,4.375,301.62,37.7025,7.625,5,8,0,2.1998376563477846,0.0,0.0,0.0,0.0,0.0,0.0,0.0,1
2745,2022-05-06,Italy,66.0,Unknown,Basic,11.61,970,0,51+,Europe,89,4.045454545454546,533.78,24.262727272727272,8.090909090909092,11,22,1,2.4971845618477495,0.0,0.0,0.0,0.0,0.0,0.0,0.0,1
2746,2022-05-19,Spain,60.0,M,Basic,14.06,957,0,51+,Europe,261,5.019230769230769,1595.54,30.683461538461536,7.096153846153846,20,52,0,2.270789658068654,0.0,0.0,0.0,0.0,0.0,0.0,0.0,0
2747,2024-05-23,Spain,51.0,M,Basic,12.12,222,0,51+,Europe,145,4.264705882352941,864.4,25.423529411764704,7.735294117647059,18,34,4,2.5973042380154148,4.0,21.80388888888889,1.0,75.0,0.0,2.6666666666666665,7.0,0
2748,2022-03-17,USA,42.0,M,Basic,11.55,1020,0,36-50,North America,112,4.48,637.64,25.5056,6.6,8,25,1,2.4852900568478256,0.0,0.0,0.0,0.0,0.0,0.0,0.0,1
2749,2023-04-08,Italy,33.0,M,Basic,12.15,633,0,26-35,Europe,413,4.8023255813953485,2673.5099999999998,31.087325581395348,8.116279069767442,36,86,0,2.3902732673796225,0.0,0.0,0.0,0.0,0.0,0.0,0.0,0
2750,2022-06-26,Canada,51.0,M,Basic,10.15,919,0,51+,North America,60,4.0,480.45,32.03,6.066666666666666,7,15,3,2.8784916685156974,4.0,15.097291666666667,0.0,75.0,0.0,4.0,26.0,0
2751,2024-01-01,UK,46.0,M,Basic,14.44,365,0,36-50,Europe,128,5.333333333333333,827.87,34.49458333333333,7.166666666666667,12,24,0,2.4788964351565563,5.0,19.294583333333335,1.0,60.0,1.0,4.0,127.0,0
2752,2023-04-01,UK,36.0,M,Premium,35.51,640,1,36-50,Europe,104,5.473684210526316,673.53,35.44894736842105,7.157894736842105,7,19,3,2.756173294274178,0.0,0.0,0.0,0.0,0.0,0.0,0.0,0
2753,2022-03-31,USA,40.0,M,Premium,31.04,1006,1,36-50,North America,163,4.6571428571428575,991.95,28.341428571428573,7.285714285714286,15,35,2,2.400280095700318,5.0,11.028611111111111,0.0,60.0,0.0,3.6666666666666665,1.0,0
2754,2024-04-09,Spain,36.0,F,Premium,32.87,266,1,36-50,Europe,203,5.8,881.12,25.174857142857142,7.571428571428571,13,35,0,2.298336994693439,4.0,21.882361111111113,0.0,50.0,0.0,3.0,82.0,0
2755,2023-11-30,USA,42.0,M,Basic,14.91,397,0,36-50,North America,23,3.8333333333333335,135.42000000000002,22.570000000000004,3.8333333333333335,5,6,0,2.136976056643281,0.0,0.0,0.0,0.0,0.0,0.0,0.0,0
2756,2024-05-15,UK,33.0,M,Enterprise,159.3,230,1,26-35,Europe,198,5.823529411764706,817.42,24.04176470588235,7.647058823529412,18,34,2,2.479865443995068,2.0,24.008333333333333,1.0,0.0,0.0,3.0,189.0,0
2757,2022-11-24,Australia,68.0,M,Basic,11.45,768,0,51+,Oceania,265,5.3,1398.48,27.9696,7.3,34,50,2,2.6283384989962992,0.0,0.0,0.0,0.0,0.0,0.0,0.0,1
2758,2023-11-15,Germany,26.0,M,Basic,12.12,412,0,26-35,Europe,183,4.945945945945946,1072.87,28.996486486486482,7.54054054054054,10,37,0,2.7380644618045418,1.0,13.001666666666669,0.0,0.0,0.0,0.0,350.0,0
2759,2022-12-22,Italy,18.0,M,Basic,11.28,740,0,18-25,Europe,360,6.0,1926.11,32.10183333333333,7.566666666666666,32,60,0,2.6425462810436504,2.0,18.504166666666663,0.0,0.0,0.0,4.0,208.0,1
2760,2023-12-28,France,59.0,M,Premium,30.31,369,1,51+,Europe,230,5.2272727272727275,1353.17,30.753863636363636,8.022727272727273,28,44,0,2.2809997437235294,1.0,13.605555555555556,0.0,0.0,0.0,0.0,79.0,1
2761,2022-03-08,USA,36.0,F,Premium,38.41,1029,1,36-50,North America,267,5.448979591836735,1697.1399999999999,34.63551020408163,7.8979591836734695,19,49,4,2.432944242491971,0.0,0.0,0.0,0.0,0.0,0.0,0.0,0
2762,2023-07-18,USA,50.0,F,Premium,32.91,532,1,36-50,North America,108,4.153846153846154,851.44,32.74769230769231,6.269230769230769,22,26,1,2.4607691105393483,1.0,35.86416666666667,0.0,0.0,0.0,5.0,205.0,0
2763,2023-07-10,UK,51.0,F,Basic,14.18,540,0,51+,Europe,105,5.25,389.33,19.4665,7.0,9,20,1,3.126710058427817,0.0,0.0,0.0,0.0,0.0,0.0,0.0,0
2764,2022-10-25,Italy,33.0,F,Premium,34.78,798,1,26-35,Europe,145,5.0,820.17,28.281724137931032,7.793103448275862,10,29,1,2.604940361258638,0.0,0.0,0.0,0.0,0.0,0.0,0.0,1
2765,2022-11-04,USA,61.0,M,Basic,10.9,788,0,51+,North America,100,4.3478260869565215,680.04,29.56695652173913,6.913043478260869,14,23,8,2.673246165112472,0.0,0.0,0.0,0.0,0.0,0.0,0.0,0
2766,2024-05-21,Germany,57.0,F,Basic,14.0,224,0,51+,Europe,264,5.387755102040816,1200.18,24.493469387755102,6.714285714285714,21,49,7,2.667835628140443,0.0,0.0,0.0,0.0,0.0,0.0,0.0,0
2767,2022-06-11,USA,35.0,M,Basic,11.88,934,0,26-35,North America,129,5.608695652173913,630.9399999999999,27.432173913043474,6.869565217391305,4,23,0,2.824231680471742,4.0,18.036527777777778,0.0,50.0,1.0,3.0,61.0,0
2768,2023-12-30,UK,43.5,F,Basic,13.53,367,0,36-50,Europe,159,4.416666666666667,1075.61,29.87805555555555,8.277777777777779,16,36,2,2.45385993313159,5.0,17.837847222222223,1.0,40.0,2.0,4.0,31.0,0
2769,2023-12-28,USA,42.0,M,Basic,14.18,369,0,36-50,North America,89,4.944444444444445,382.83,21.26833333333333,7.277777777777778,9,18,0,2.412521800504297,4.0,14.127777777777778,1.0,50.0,0.0,3.3333333333333335,54.0,1
2770,2023-12-19,USA,62.0,F,Premium,39.62,378,1,51+,North America,260,4.56140350877193,1528.07,26.808245614035087,7.578947368421052,37,57,0,2.5566268503890677,0.0,0.0,0.0,0.0,0.0,0.0,0.0,1
2771,2023-10-16,Australia,23.0,F,Basic,10.42,442,0,18-25,Oceania,232,5.8,938.0,23.45,8.05,18,40,0,2.543972262387087,0.0,0.0,0.0,0.0,0.0,0.0,0.0,1
2772,2022-06-28,USA,38.0,M,Basic,10.03,917,0,36-50,North America,71,4.733333333333333,390.35,26.023333333333333,7.666666666666667,8,15,1,2.865226659362887,5.0,9.920277777777777,3.0,100.0,1.0,4.0,155.0,0
2773,2024-03-23,USA,23.0,Unknown,Basic,12.73,283,0,18-25,North America,222,4.933333333333334,1129.1399999999999,25.092,7.177777777777778,18,45,4,2.2401298663653,0.0,0.0,0.0,0.0,0.0,0.0,0.0,1
2774,2023-01-06,Germany,49.0,M,Enterprise,126.41,725,1,36-50,Europe,39,5.571428571428571,205.55,29.364285714285717,6.857142857142857,6,7,8,2.5727509827124,0.0,0.0,0.0,0.0,0.0,0.0,0.0,0
2775,2023-06-05,UK,58.0,F,Basic,12.34,575,0,51+,Europe,354,4.783783783783784,2472.48,33.41189189189189,8.216216216216216,39,74,0,2.6027923375886415,0.0,0.0,0.0,0.0,0.0,0.0,0.0,1
2776,2022-08-18,USA,65.0,F,Basic,10.35,866,0,51+,North America,53,4.818181818181818,264.57,24.05181818181818,9.0,3,11,2,2.926369143432927,0.0,0.0,0.0,0.0,0.0,0.0,0.0,1
2777,2022-05-05,UK,60.0,M,Basic,12.5,971,0,51+,Europe,263,5.0576923076923075,1423.8799999999999,27.38230769230769,7.5,24,52,0,2.6598943038005567,3.0,21.326666666666668,0.0,33.33333333333333,1.0,3.0,42.0,0
2778,2022-07-25,UK,56.0,M,Premium,31.24,890,1,51+,Europe,205,4.659090909090909,1610.15,36.59431818181818,8.068181818181818,15,44,0,2.560370447562743,2.0,15.270972222222222,0.0,0.0,0.0,2.0,8.0,0
2779,2024-03-22,USA,48.0,M,Basic,14.18,284,0,36-50,North America,213,4.531914893617022,1459.27,31.048297872340424,8.063829787234043,24,47,1,2.492170904790922,3.0,13.291111111111112,0.0,0.0,1.0,4.5,128.0,0
2780,2022-05-23,Australia,59.0,F,Basic,13.79,953,0,51+,Oceania,327,5.030769230769231,2018.1399999999999,31.04830769230769,7.676923076923077,41,65,0,2.6632289540215006,0.0,0.0,0.0,0.0,0.0,0.0,0.0,0
2781,2022-08-31,Germany,27.0,M,Basic,10.36,853,0,26-35,Europe,268,4.39344262295082,1816.62,29.780655737704915,7.39344262295082,33,61,0,2.4240371870400432,0.0,0.0,0.0,0.0,0.0,0.0,0.0,0
2782,2024-03-20,Canada,47.0,F,Basic,14.17,286,0,36-50,North America,72,5.142857142857143,479.71,34.265,5.857142857142857,16,14,4,2.9050921568102517,5.0,11.856388888888889,1.0,20.0,0.0,5.0,18.0,0
2783,2023-05-21,Italy,69.0,F,Basic,11.61,590,0,51+,Europe,405,5.472972972972973,2031.6,27.45405405405405,7.013513513513513,39,74,3,2.472993709994122,2.0,15.75861111111111,0.0,50.0,0.0,4.5,27.0,0
2784,2022-01-27,France,35.0,M,Premium,33.52,1069,1,26-35,Europe,45,3.75,298.68,24.89,7.25,5,12,6,2.220769727328383,0.0,0.0,0.0,0.0,0.0,0.0,0.0,0
2785,2023-01-05,Mexico,41.0,Other,Enterprise,117.97,726,1,36-50,North America,81,6.75,284.08,23.673333333333332,8.083333333333334,2,12,20,2.220769727328383,3.0,19.91296296296296,0.0,100.0,1.0,3.0,51.0,0
2786,2023-07-22,Brazil,69.0,F,Enterprise,183.52,528,1,51+,South America,368,4.779220779220779,2047.82,26.595064935064933,7.597402597402597,42,77,1,2.542395144157616,0.0,0.0,0.0,0.0,0.0,0.0,0.0,1
2787,2023-08-10,Brazil,26.0,M,Premium,34.04,509,1,26-35,South America,240,4.444444444444445,1315.98,24.37,8.5,25,54,1,2.5819888974716108,0.0,0.0,0.0,0.0,0.0,0.0,0.0,0
2788,2023-01-13,France,48.0,M,Basic,10.23,718,0,36-50,Europe,160,5.517241379310345,686.16,23.660689655172412,7.793103448275862,17,29,0,2.667538855724135,5.0,15.656333333333333,0.0,60.0,1.0,4.0,43.0,0
2789,2023-04-24,Mexico,32.0,F,Premium,39.65,617,1,26-35,North America,305,4.295774647887324,2190.81,30.856478873239436,7.295774647887324,39,71,0,2.5263998450487555,0.0,0.0,0.0,0.0,0.0,0.0,0.0,0
2790,2024-04-02,France,21.0,M,Premium,32.55,273,1,18-25,Europe,146,5.214285714285714,843.55,30.126785714285713,6.892857142857143,12,28,3,2.740061405869676,0.0,0.0,0.0,0.0,0.0,0.0,0.0,1
2791,2023-07-19,USA,57.0,M,Premium,39.35,531,1,51+,North America,168,5.090909090909091,1031.73,31.264545454545456,6.696969696969697,17,33,0,2.389608183934612,2.0,0.0,2.0,0.0,1.0,0.0,233.0,1
2792,2022-05-13,USA,26.0,M,Basic,11.5,963,0,26-35,North America,297,4.304347826086956,1931.97,27.999565217391304,7.463768115942029,26,69,2,2.4392883956674436,0.0,0.0,0.0,0.0,0.0,0.0,0.0,0
2793,2023-09-19,Germany,62.0,F,Basic,14.15,469,0,51+,Europe,191,4.775,1027.65,25.691250000000004,7.125,23,40,4,2.895509343617175,1.0,10.622777777777776,0.0,100.0,0.0,0.0,365.0,1
2794,2024-06-24,UK,26.0,F,Enterprise,166.41,190,1,26-35,Europe,308,5.133333333333334,2134.14,35.568999999999996,7.533333333333333,28,60,1,2.361173700289297,0.0,0.0,0.0,0.0,0.0,0.0,0.0,1
2795,2022-03-30,USA,43.0,F,Enterprise,186.12,1007,1,36-50,North America,97,4.85,664.23,33.2115,7.1,11,20,0,2.3680993933621335,0.0,0.0,0.0,0.0,0.0,0.0,0.0,1
2796,2022-03-09,USA,21.0,M,Basic,14.87,1028,0,18-25,North America,172,4.526315789473684,979.9300000000001,25.78763157894737,6.631578947368421,13,38,1,2.9292268337443135,5.0,20.550694444444442,1.0,40.0,0.0,4.0,50.0,0
2797,2022-11-13,Italy,43.5,F,Enterprise,187.14,779,1,36-50,Europe,215,5.0,1432.08,33.304186046511624,7.627906976744186,25,43,0,2.6186146828319083,0.0,0.0,0.0,0.0,0.0,0.0,0.0,0
2798,2023-02-12,UK,33.0,Other,Premium,34.03,688,1,26-35,Europe,104,4.7272727272727275,654.45,29.747727272727275,7.2727272727272725,13,22,1,2.4723580065504493,0.0,0.0,0.0,0.0,0.0,0.0,0.0,0
2799,2024-01-05,Brazil,32.0,M,Basic,14.06,361,0,26-35,South America,249,5.081632653061225,1594.62,32.54326530612245,7.448979591836735,19,49,2,2.652331794021674,0.0,0.0,0.0,0.0,0.0,0.0,0.0,0
2800,2024-01-07,Germany,52.0,M,Basic,13.55,359,0,51+,Europe,284,5.2592592592592595,1485.97,27.517962962962965,7.407407407407407,32,54,0,2.5117473823313716,3.0,12.567037037037037,0.0,100.0,0.0,4.666666666666667,162.0,0
2801,2023-05-06,France,69.0,F,Basic,10.3,605,0,51+,Europe,294,4.454545454545454,1987.3700000000001,30.111666666666668,7.106060606060606,37,66,0,2.5187409442131887,1.0,12.3725,0.0,100.0,0.0,0.0,332.0,0
2802,2023-06-23,USA,22.0,F,Basic,14.64,557,0,18-25,North America,408,4.857142857142857,2462.37,29.31392857142857,7.678571428571429,45,84,0,2.8290355849285,0.0,0.0,0.0,0.0,0.0,0.0,0.0,0
2803,2023-02-25,Canada,43.5,F,Enterprise,146.59,675,1,36-50,North America,474,5.448275862068965,2628.31,30.21045977011494,8.057471264367816,40,87,0,2.609279597137587,0.0,0.0,0.0,0.0,0.0,0.0,0.0,0
2804,2024-02-27,Germany,37.0,F,Basic,10.66,308,0,36-50,Europe,110,5.0,723.54,32.88818181818181,6.681818181818182,11,22,4,2.507132682112035,3.0,18.737962962962964,0.0,66.66666666666666,0.0,0.0,118.0,0
2805,2023-02-24,Spain,32.0,Unknown,Premium,34.24,676,1,26-35,Europe,303,5.315789473684211,1900.87,33.348596491228065,7.333333333333333,29,57,2,2.399091306670999,0.0,0.0,0.0,0.0,0.0,0.0,0.0,0
2806,2024-04-23,Australia,35.0,M,Premium,36.02,252,1,26-35,Oceania,306,5.464285714285714,1843.16,32.91357142857143,7.410714285714286,30,56,0,2.500649266339995,0.0,0.0,0.0,0.0,0.0,0.0,0.0,0
2807,2023-08-12,Mexico,64.0,F,Basic,12.85,507,0,51+,North America,205,4.555555555555555,1274.18,28.31511111111111,8.133333333333333,16,45,0,2.7432193724258593,2.0,14.866111111111111,1.0,50.0,0.0,4.0,286.0,1
2808,2022-03-17,USA,19.0,F,Basic,12.86,1020,0,18-25,North America,232,4.833333333333333,1140.2,23.754166666666666,6.604166666666667,21,48,1,2.554373248966458,0.0,0.0,0.0,0.0,0.0,0.0,0.0,0
2809,2022-05-09,UK,46.0,Other,Premium,32.55,967,1,36-50,Europe,134,4.962962962962963,809.09,29.966296296296296,7.074074074074074,8,27,7,2.5642734985758784,4.0,15.199074074074074,1.0,75.0,0.0,4.5,211.0,0
2810,2022-11-21,Italy,43.5,M,Basic,13.15,771,0,36-50,Europe,173,5.40625,738.58,23.080625,7.34375,12,32,1,2.637928989726355,0.0,0.0,0.0,0.0,0.0,0.0,0.0,0
2811,2023-10-20,UK,21.0,F,Premium,39.06,438,1,18-25,Europe,235,4.895833333333333,1283.24,26.734166666666667,7.020833333333333,26,48,1,2.545246577808125,0.0,0.0,0.0,0.0,0.0,0.0,0.0,0
2812,2022-03-17,Italy,59.0,F,Basic,11.93,1020,0,51+,Europe,106,6.625,485.48,30.3425,7.5,12,16,1,2.362907813126304,0.0,0.0,0.0,0.0,0.0,0.0,0.0,1
2813,2023-04-06,Germany,62.0,M,Basic,13.14,635,0,51+,Europe,155,5.166666666666667,1055.18,35.17266666666667,6.266666666666667,17,30,1,2.653343152526162,0.0,0.0,0.0,0.0,0.0,0.0,0.0,0
2814,2023-04-23,Brazil,27.0,M,Basic,11.21,618,0,26-35,South America,96,3.6923076923076925,1098.0,42.23076923076923,7.115384615384615,12,26,1,2.186672920566416,0.0,0.0,0.0,0.0,0.0,0.0,0.0,1
2815,2023-11-28,Mexico,48.0,F,Basic,10.23,399,0,36-50,North America,391,4.7682926829268295,1936.16,23.611707317073172,7.121951219512195,47,82,0,2.6541315591040733,0.0,0.0,0.0,0.0,0.0,0.0,0.0,0
2816,2023-06-14,UK,58.0,M,Basic,12.92,566,0,51+,Europe,323,4.82089552238806,1905.16,28.435223880597015,6.447761194029851,34,67,0,2.7629879145938676,2.0,0.0,2.0,50.0,0.0,0.0,38.0,1
2817,2022-12-19,Spain,25.0,F,Enterprise,104.74,743,1,18-25,Europe,237,5.511627906976744,1310.21,30.470000000000002,7.348837209302325,24,43,0,2.6128992565571574,2.0,7.940555555555555,1.0,50.0,1.0,3.0,47.0,0
2818,2022-05-12,UK,20.0,F,Basic,13.61,964,0,18-25,Europe,189,4.846153846153846,1014.25,26.006410256410255,8.179487179487179,17,39,2,2.345639420605387,0.0,0.0,0.0,0.0,0.0,0.0,0.0,0
2819,2024-06-18,USA,65.0,M,Enterprise,167.03,196,1,51+,North America,79,5.266666666666667,501.64,33.44266666666667,7.133333333333334,4,15,9,2.6313132697969515,5.0,12.860972222222223,1.0,60.0,3.0,3.0,14.0,0
2820,2024-04-28,UK,63.0,Other,Enterprise,136.92,247,1,51+,Europe,216,5.538461538461538,1249.7,32.04358974358974,6.717948717948718,18,39,3,2.5115119565099246,4.0,13.007129629629631,1.0,50.0,1.0,4.0,150.0,0
2821,2024-03-09,USA,26.0,F,Enterprise,141.12,297,1,26-35,North America,190,5.0,1275.83,33.574473684210524,7.7631578947368425,24,38,3,2.69132741286586,1.0,50.19888888888889,0.0,0.0,0.0,3.0,48.0,0
2822,2023-07-19,France,47.0,F,Basic,14.58,531,0,36-50,Europe,385,4.695121951219512,2541.98,30.999756097560976,7.963414634146342,35,82,0,2.6232061449248434,5.0,12.274027777777778,1.0,60.0,0.0,4.0,15.0,0
2823,2023-10-18,Spain,70.0,M,Premium,30.12,440,1,51+,Europe,30,5.0,224.93,37.48833333333334,6.0,5,6,5,2.756809750418044,1.0,11.80638888888889,0.0,100.0,0.0,0.0,149.0,0
2824,2023-08-25,USA,28.0,F,Basic,12.81,494,0,26-35,North America,390,4.7560975609756095,2315.6,28.2390243902439,7.914634146341464,44,82,0,2.5070812088752157,0.0,0.0,0.0,0.0,0.0,0.0,0.0,0
2825,2022-07-06,Canada,52.0,M,Basic,14.61,909,0,51+,North America,210,4.883720930232558,1360.04,31.628837209302326,6.627906976744186,17,43,5,2.744772540888983,0.0,0.0,0.0,0.0,0.0,0.0,0.0,0
2826,2024-02-26,UK,54.0,M,Premium,39.13,309,1,51+,Europe,308,4.967741935483871,1878.34,30.2958064516129,8.241935483870968,37,62,0,2.482514206358135,0.0,0.0,0.0,0.0,0.0,0.0,0.0,0
2827,2022-05-13,France,59.0,M,Basic,12.91,963,0,51+,Europe,91,4.333333333333333,643.22,30.62952380952381,7.571428571428571,10,21,2,2.689485700525908,2.0,39.89930555555556,0.0,0.0,0.0,0.0,47.0,0
2828,2023-03-20,Germany,30.0,M,Enterprise,138.11,652,1,26-35,Europe,165,4.852941176470588,1153.3300000000002,33.9214705882353,7.647058823529412,16,34,0,2.664381819725436,0.0,0.0,0.0,0.0,0.0,0.0,0.0,0
2829,2023-05-30,UK,43.5,M,Premium,30.98,581,1,36-50,Europe,275,5.5,1224.99,24.4998,6.86,31,50,1,2.689738626251819,5.0,18.096333333333334,0.0,40.0,1.0,4.0,120.0,0
2830,2024-06-08,Brazil,30.0,Other,Basic,10.86,206,0,26-35,South America,289,4.898305084745763,1467.64,24.875254237288136,7.813559322033898,36,59,0,2.67617144993673,0.0,0.0,0.0,0.0,0.0,0.0,0.0,0
2831,2022-02-26,USA,43.5,F,Basic,13.39,1039,0,36-50,North America,63,4.5,388.52,27.75142857142857,9.571428571428571,6,14,3,3.0064034224404312,1.0,11.1175,0.0,100.0,0.0,4.0,152.0,0
2832,2024-05-01,Australia,54.0,M,Premium,30.16,244,1,51+,Oceania,388,4.7317073170731705,2529.77,30.850853658536586,7.390243902439025,51,82,0,2.586998740080939,0.0,0.0,0.0,0.0,0.0,0.0,0.0,0
2833,2022-05-08,USA,27.0,M,Basic,14.41,968,0,26-35,North America,121,4.033333333333333,791.4100000000001,26.380333333333336,6.9,24,30,3,2.809875851145487,0.0,0.0,0.0,0.0,0.0,0.0,0.0,0
2834,2023-06-15,Australia,26.0,F,Premium,35.87,565,1,26-35,Oceania,269,5.0754716981132075,1607.52,30.33056603773585,6.849056603773585,26,53,1,2.502683610445254,2.0,8.025555555555556,1.0,0.0,1.0,5.0,182.0,0
2835,2022-06-06,UK,69.0,M,Basic,10.22,939,0,51+,Europe,228,5.560975609756097,1182.12,28.832195121951216,7.073170731707317,20,41,0,2.729915570927102,1.0,9.919444444444444,0.0,100.0,0.0,0.0,71.0,0
2836,2022-11-08,Australia,24.0,F,Basic,11.19,784,0,18-25,Oceania,295,5.462962962962963,1765.14,32.68777777777778,8.185185185185185,27,54,1,2.4626490029660992,0.0,0.0,0.0,0.0,0.0,0.0,0.0,1
2837,2022-06-18,Canada,19.0,F,Basic,12.96,927,0,18-25,North America,53,5.3,326.44,32.644,10.0,3,10,5,2.9458068127047605,0.0,0.0,0.0,0.0,0.0,0.0,0.0,0
2838,2022-06-15,UK,40.0,F,Basic,10.17,930,0,36-50,Europe,206,4.5777777777777775,1350.03,30.000666666666667,8.088888888888889,26,45,0,2.6924886164095385,0.0,0.0,0.0,0.0,0.0,0.0,0.0,0
2839,2022-11-27,Spain,56.0,M,Basic,13.89,765,0,51+,Europe,227,5.404761904761905,1126.29,26.81642857142857,7.142857142857143,20,42,1,2.7235156960821874,1.0,9.344722222222222,0.0,100.0,1.0,5.0,37.0,0
2840,2023-12-28,UK,57.0,M,Basic,14.59,369,0,51+,Europe,236,4.627450980392157,1467.93,28.78294117647059,7.764705882352941,29,51,2,2.2800068799345805,0.0,0.0,0.0,0.0,0.0,0.0,0.0,0
2841,2022-08-19,Spain,56.0,M,Basic,14.8,865,0,51+,Europe,166,4.742857142857143,1078.17,30.804857142857145,7.942857142857143,16,35,1,2.2924794840682763,0.0,0.0,0.0,0.0,0.0,0.0,0.0,0
2842,2022-12-21,USA,43.5,M,Premium,37.33,741,1,36-50,North America,178,5.085714285714285,1239.71,35.42028571428572,6.4,19,35,2,2.758638075865235,0.0,0.0,0.0,0.0,0.0,0.0,0.0,0
2843,2023-06-16,USA,40.0,M,Premium,38.56,564,1,36-50,North America,196,4.666666666666667,1263.03,30.072142857142858,7.214285714285714,20,42,3,2.3443410501353235,0.0,0.0,0.0,0.0,0.0,0.0,0.0,0
2844,2022-10-18,UK,46.0,F,Basic,13.04,805,0,36-50,Europe,246,4.730769230769231,1503.5,28.91346153846154,8.288461538461538,19,52,0,2.723286542536459,0.0,0.0,0.0,0.0,0.0,0.0,0.0,0
2845,2024-05-16,Australia,31.0,F,Premium,34.58,229,1,26-35,Oceania,173,4.552631578947368,1198.18,31.531052631578948,7.2631578947368425,13,38,5,2.6882865880549938,0.0,0.0,0.0,0.0,0.0,0.0,0.0,0
2846,2022-03-22,Brazil,43.0,Unknown,Premium,37.12,1015,1,36-50,South America,169,5.28125,1068.95,33.4046875,5.90625,17,32,0,2.6425107196047106,5.0,34.06701388888889,1.0,80.0,2.0,5.0,65.0,0
2847,2022-09-14,Italy,68.0,F,Basic,11.11,839,0,51+,Europe,119,5.173913043478261,738.48,32.10782608695652,8.304347826086957,17,23,2,2.6569321665314316,0.0,0.0,0.0,0.0,0.0,0.0,0.0,1
2848,2022-07-21,USA,22.0,M,Basic,10.54,894,0,18-25,North America,198,5.351351351351352,1293.06,34.94756756756757,7.972972972972973,22,37,0,2.781049124743077,0.0,0.0,0.0,0.0,0.0,0.0,0.0,0
2849,2023-10-13,UK,48.0,F,Basic,13.8,445,0,36-50,Europe,238,4.76,1473.81,29.4762,6.96,27,50,0,2.527885298353676,0.0,0.0,0.0,0.0,0.0,0.0,0.0,1
2850,2023-07-19,UK,42.0,M,Basic,14.78,531,0,36-50,Europe,289,4.816666666666666,1710.04,28.500666666666667,7.85,32,60,0,2.5344518791414474,0.0,0.0,0.0,0.0,0.0,0.0,0.0,0
2851,2022-10-09,USA,48.0,M,Basic,12.88,814,0,36-50,North America,142,5.68,701.41,28.0564,7.4,12,25,2,2.478574859336174,0.0,0.0,0.0,0.0,0.0,0.0,0.0,0
2852,2022-05-09,Germany,67.0,F,Basic,12.4,967,0,51+,Europe,32,4.0,126.75999999999999,15.844999999999999,10.0,4,8,9,2.267786838055363,2.0,8.537638888888889,0.0,0.0,0.0,3.5,188.0,0
2853,2023-10-03,Australia,37.0,F,Basic,12.66,455,0,36-50,Oceania,166,4.611111111111111,1265.07,35.14083333333333,8.277777777777779,24,36,2,2.4293182791860146,0.0,0.0,0.0,0.0,0.0,0.0,0.0,0
2854,2022-11-07,USA,61.0,F,Premium,34.77,785,1,51+,North America,265,5.408163265306122,1746.72,35.64734693877551,7.714285714285714,29,49,2,2.691950712672092,0.0,0.0,0.0,0.0,0.0,0.0,0.0,0
2855,2023-09-22,UK,43.5,M,Basic,12.2,466,0,36-50,Europe,389,4.370786516853933,2666.27,29.958089887640448,7.876404494382022,38,89,0,2.5198395623166445,0.0,0.0,0.0,0.0,0.0,0.0,0.0,1
2856,2023-07-01,USA,62.0,M,Premium,39.46,549,1,51+,North America,184,5.575757575757576,920.7,27.900000000000002,7.575757575757576,23,33,1,2.6104394150016086,2.0,35.733333333333334,0.0,50.0,1.0,2.0,232.0,1
2857,2022-04-06,USA,19.0,M,Premium,34.79,1000,1,18-25,North America,80,5.0,571.11,35.694375,6.5,8,16,4,2.70801280154532,0.0,0.0,0.0,0.0,0.0,0.0,0.0,0
2858,2023-05-30,USA,42.0,M,Basic,10.4,581,0,36-50,North America,201,5.4324324324324325,1238.83,33.48189189189189,7.864864864864865,20,37,1,2.315893642498153,0.0,0.0,0.0,0.0,0.0,0.0,0.0,0
2859,2023-10-19,Germany,43.5,Unknown,Enterprise,176.54,439,1,36-50,Europe,440,4.943820224719101,2123.9900000000002,23.865056179775284,7.46067415730337,48,89,0,2.49253225821105,0.0,0.0,0.0,0.0,0.0,0.0,0.0,1
2860,2022-06-22,Mexico,56.0,F,Basic,11.95,923,0,51+,North America,116,5.8,578.32,28.916000000000004,6.55,6,20,0,2.7260922485067196,0.0,0.0,0.0,0.0,0.0,0.0,0.0,0
2861,2023-08-30,UK,45.0,F,Enterprise,171.06,489,1,36-50,Europe,332,5.442622950819672,1756.42,28.79377049180328,7.639344262295082,43,61,0,2.759979409125694,0.0,0.0,0.0,0.0,0.0,0.0,0.0,0
2862,2023-08-18,Spain,59.0,M,Basic,12.89,501,0,51+,Europe,406,5.075,2441.68,30.520999999999997,8.425,56,80,2,2.6613739670337693,0.0,0.0,0.0,0.0,0.0,0.0,0.0,0
2863,2022-06-07,UK,23.0,F,Basic,13.56,938,0,18-25,Europe,224,4.392156862745098,1482.02,29.05921568627451,7.509803921568627,11,51,0,2.6689206160734646,3.0,11.285277777777775,2.0,100.0,0.0,5.0,131.0,0
2864,2022-06-25,Australia,20.0,M,Premium,30.61,920,1,18-25,Oceania,51,3.642857142857143,432.3,30.87857142857143,7.714285714285714,4,14,6,2.560262692565951,0.0,0.0,0.0,0.0,0.0,0.0,0.0,0
2865,2023-11-06,Italy,52.0,Other,Enterprise,103.38,421,1,51+,Europe,266,5.115384615384615,1544.25,29.697115384615383,7.288461538461538,22,52,0,2.2893945269766918,0.0,0.0,0.0,0.0,0.0,0.0,0.0,0
2866,2023-10-02,UK,35.0,Unknown,Basic,11.88,456,0,26-35,Europe,170,4.25,1128.01,28.20025,6.225,19,40,0,2.5595472356028224,0.0,0.0,0.0,0.0,0.0,0.0,0.0,0
2867,2024-01-08,UK,43.5,F,Premium,36.92,358,1,36-50,Europe,397,4.670588235294118,2592.45,30.49941176470588,7.7176470588235295,46,85,0,2.3774147388152818,5.0,2.663388888888889,0.0,100.0,0.0,4.333333333333333,157.0,0
2868,2023-09-12,Brazil,37.0,F,Premium,32.23,476,1,36-50,South America,432,5.2682926829268295,2446.9,29.840243902439024,7.280487804878049,36,82,0,2.6807442327969664,3.0,18.585833333333333,0.0,33.33333333333333,0.0,3.0,62.0,0
2869,2022-12-12,Brazil,22.0,F,Basic,12.16,750,0,18-25,South America,407,5.652777777777778,2395.53,33.27125,7.236111111111111,35,72,0,2.3566491024705556,0.0,0.0,0.0,0.0,0.0,0.0,0.0,1
2870,2024-05-12,France,36.0,M,Basic,14.89,233,0,36-50,Europe,38,4.75,157.92000000000002,19.740000000000002,8.625,6,8,6,3.058944729337694,5.0,8.475416666666666,1.0,40.0,0.0,4.0,111.0,0
2871,2023-08-01,Germany,39.0,F,Basic,11.06,518,0,36-50,Europe,319,5.406779661016949,1567.8799999999999,26.574237288135592,7.52542372881356,38,59,0,2.573864959535372,0.0,0.0,0.0,0.0,0.0,0.0,0.0,0
2872,2022-02-12,Italy,36.0,M,Basic,14.23,1053,0,36-50,Europe,108,5.684210526315789,685.66,36.08736842105263,6.315789473684211,12,19,7,2.381704141971257,4.0,10.679722222222221,0.0,75.0,1.0,4.0,98.0,1
2873,2024-04-25,Mexico,64.0,M,Premium,38.24,250,1,51+,North America,396,5.28,2128.95,28.386,7.16,41,75,0,2.544522468872027,0.0,0.0,0.0,0.0,0.0,0.0,0.0,0
2874,2024-06-03,Mexico,33.0,M,Enterprise,189.13,211,1,26-35,North America,284,5.2592592592592595,1395.95,25.850925925925928,8.314814814814815,21,54,0,2.6577418786971347,0.0,0.0,0.0,0.0,0.0,0.0,0.0,0
2875,2022-01-30,France,43.5,F,Premium,39.14,1066,1,36-50,Europe,87,5.8,532.4,35.49333333333333,5.066666666666666,7,15,4,2.9808915253182704,1.0,10.2,0.0,100.0,0.0,4.0,141.0,1
2876,2022-03-25,Germany,58.0,F,Enterprise,150.72,1012,1,51+,Europe,193,4.288888888888889,1290.22,28.671555555555557,8.311111111111112,22,45,1,2.436672677520257,0.0,0.0,0.0,0.0,0.0,0.0,0.0,0
2877,2022-02-16,Australia,21.0,M,Basic,13.4,1049,0,18-25,Oceania,513,5.764044943820225,2759.56,31.00629213483146,8.067415730337078,56,89,0,2.3012964325971508,3.0,18.621944444444445,0.0,66.66666666666666,0.0,3.5,12.0,0
2878,2023-10-19,USA,32.0,F,Basic,13.08,439,0,26-35,North America,171,4.621621621621622,1156.54,31.257837837837837,7.054054054054054,22,37,3,2.782398559110779,0.0,0.0,0.0,0.0,0.0,0.0,0.0,1
2879,2024-02-29,Australia,42.0,F,Premium,33.08,306,1,36-50,Oceania,345,4.5394736842105265,2216.5,29.164473684210527,7.473684210526316,41,76,0,2.5478921456696146,3.0,7.0845370370370375,0.0,0.0,2.0,3.6666666666666665,43.0,0
2880,2023-08-14,Spain,61.0,F,Premium,32.79,505,1,51+,Europe,289,5.160714285714286,1833.1,32.73392857142857,7.357142857142857,42,56,0,2.620040150381362,1.0,0.0,1.0,100.0,0.0,0.0,123.0,0
2881,2022-09-29,UK,52.0,M,Basic,11.7,824,0,51+,Europe,40,6.666666666666667,189.16,31.526666666666667,5.333333333333333,1,6,0,1.96638416050035,0.0,0.0,0.0,0.0,0.0,0.0,0.0,0
2882,2023-10-29,USA,31.0,F,Basic,11.08,429,0,26-35,North America,227,5.404761904761905,1082.83,25.781666666666666,6.309523809523809,21,42,2,2.5856972811473637,4.0,21.795277777777773,1.0,25.0,1.0,3.6666666666666665,22.0,0
2883,2022-08-04,Mexico,66.0,F,Premium,37.56,880,1,51+,North America,405,5.472972972972973,2249.4,30.3972972972973,7.297297297297297,31,74,1,2.527779755518708,0.0,0.0,0.0,0.0,0.0,0.0,0.0,0
2884,2024-02-25,Brazil,36.0,M,Basic,14.81,310,0,36-50,South America,91,4.333333333333333,512.1700000000001,24.389047619047624,8.80952380952381,10,21,1,2.41522945769824,0.0,0.0,0.0,0.0,0.0,0.0,0.0,1
2885,2023-08-09,Germany,55.0,F,Basic,14.33,510,0,51+,Europe,32,4.0,318.15,39.76875,7.125,8,8,8,1.6903085094570331,0.0,0.0,0.0,0.0,0.0,0.0,0.0,0
2886,2023-03-03,Australia,53.0,M,Premium,32.17,669,1,51+,Oceania,258,4.607142857142857,1467.8899999999999,26.212321428571425,6.339285714285714,24,56,1,2.45452140440358,0.0,0.0,0.0,0.0,0.0,0.0,0.0,0
2887,2023-09-25,USA,24.0,M,Enterprise,105.18,463,1,18-25,North America,357,5.25,1905.61,28.023676470588235,6.573529411764706,30,68,0,2.803915173201119,0.0,0.0,0.0,0.0,0.0,0.0,0.0,0
2888,2023-10-17,Spain,47.0,M,Premium,37.56,441,1,36-50,Europe,139,4.212121212121212,1051.02,31.849090909090908,8.181818181818182,13,33,2,2.769900446739645,0.0,0.0,0.0,0.0,0.0,0.0,0.0,0
2889,2022-02-01,UK,36.0,M,Premium,33.89,1064,1,36-50,Europe,255,4.811320754716981,1636.95,30.885849056603774,7.433962264150943,18,53,0,2.6021928901304707,0.0,0.0,0.0,0.0,0.0,0.0,0.0,0
2890,2023-05-25,UK,66.0,F,Basic,14.11,586,0,51+,Europe,286,5.296296296296297,1498.92,27.75777777777778,8.314814814814815,23,54,0,2.2287116985111295,0.0,0.0,0.0,0.0,0.0,0.0,0.0,0
2891,2024-06-29,UK,42.0,M,Premium,37.78,185,1,36-50,Europe,88,4.190476190476191,613.05,29.19285714285714,8.285714285714286,10,21,8,2.2275333357561142,0.0,0.0,0.0,0.0,0.0,0.0,0.0,1
2892,2023-10-05,Spain,33.0,F,Basic,13.12,453,0,26-35,Europe,232,4.377358490566038,1596.17,30.116415094339622,8.150943396226415,34,53,4,2.5055815776162595,0.0,0.0,0.0,0.0,0.0,0.0,0.0,1
2893,2023-07-13,Spain,64.0,M,Enterprise,125.52,537,1,51+,Europe,385,4.935897435897436,2462.62,31.57205128205128,7.641025641025641,36,78,0,2.4085332260594416,0.0,0.0,0.0,0.0,0.0,0.0,0.0,1
2894,2022-10-24,Australia,57.0,F,Basic,10.51,799,0,51+,Oceania,88,5.176470588235294,540.54,31.79647058823529,8.529411764705882,7,17,11,2.8773966992241236,0.0,0.0,0.0,0.0,0.0,0.0,0.0,0
2895,2023-10-20,USA,68.0,F,Premium,32.52,438,1,51+,North America,343,5.359375,1951.14,30.4865625,7.578125,38,64,0,2.4453855962374753,0.0,0.0,0.0,0.0,0.0,0.0,0.0,1
2896,2022-11-06,France,25.0,F,Premium,35.09,786,1,18-25,Europe,71,3.9444444444444446,450.97,25.053888888888892,8.777777777777779,8,18,3,2.31293605675003,0.0,0.0,0.0,0.0,0.0,0.0,0.0,0
2897,2023-05-10,Mexico,35.0,F,Basic,14.89,601,0,26-35,North America,446,5.01123595505618,2330.82,26.188988764044947,7.932584269662922,34,89,0,2.773635545069749,0.0,0.0,0.0,0.0,0.0,0.0,0.0,0
2898,2022-09-08,UK,45.0,F,Enterprise,106.36,845,1,36-50,Europe,193,5.848484848484849,936.88,28.39030303030303,8.484848484848484,11,33,5,2.5139760853229607,3.0,14.330416666666665,1.0,66.66666666666666,1.0,3.0,50.0,0
2899,2024-04-04,UK,33.0,Unknown,Basic,10.99,271,0,26-35,Europe,416,5.265822784810126,2276.08,28.81113924050633,7.658227848101266,36,79,0,2.4895106138350314,4.0,6.779444444444445,2.0,50.0,1.0,4.0,71.0,0
2900,2024-04-06,UK,69.0,F,Basic,13.13,269,0,51+,Europe,26,3.7142857142857144,235.35999999999999,33.62285714285714,7.285714285714286,3,7,13,2.4976179127511156,1.0,26.868055555555557,0.0,0.0,0.0,0.0,134.0,1
2901,2023-12-03,UK,36.0,F,Basic,11.51,394,0,36-50,Europe,301,5.101694915254237,1666.56,28.246779661016948,6.677966101694915,31,59,1,2.720895613543689,1.0,0.0,1.0,0.0,0.0,0.0,200.0,0
2902,2023-02-20,USA,59.0,F,Premium,38.58,680,1,51+,North America,47,7.833333333333333,211.14,35.19,10.333333333333334,1,6,11,1.4719601443879746,5.0,23.921944444444446,1.0,60.0,1.0,4.25,76.0,0
2903,2022-11-01,Spain,34.0,F,Premium,31.38,791,1,26-35,Europe,130,4.482758620689655,980.09,33.79620689655172,7.517241379310345,15,29,5,2.5301141935715696,0.0,0.0,0.0,0.0,0.0,0.0,0.0,1
2904,2023-04-10,Germany,62.0,F,Basic,14.81,631,0,51+,Europe,295,5.462962962962963,1805.04,33.42666666666667,7.555555555555555,30,54,1,2.4702987594350865,0.0,0.0,0.0,0.0,0.0,0.0,0.0,0
2905,2022-03-16,USA,30.0,M,Basic,14.55,1021,0,26-35,North America,194,4.9743589743589745,1227.36,31.47076923076923,7.3076923076923075,18,39,0,2.539034000800299,0.0,0.0,0.0,0.0,0.0,0.0,0.0,1
2906,2023-12-07,UK,24.0,F,Enterprise,188.74,390,1,18-25,Europe,225,4.787234042553192,1284.86,27.337446808510638,6.872340425531915,21,47,0,2.6287389125054355,4.0,29.195740740740742,1.0,75.0,1.0,4.0,107.0,0
2907,2022-03-03,Australia,44.0,M,Basic,10.86,1034,0,36-50,Oceania,131,5.695652173913044,798.88,34.73391304347826,7.043478260869565,9,23,0,2.285026011562623,0.0,0.0,0.0,0.0,0.0,0.0,0.0,0
2908,2022-06-11,UK,27.0,M,Premium,33.28,934,1,26-35,Europe,194,4.85,1062.18,26.5545,7.425,10,40,0,2.557542891336456,0.0,0.0,0.0,0.0,0.0,0.0,0.0,1
2909,2023-03-27,UK,51.0,F,Premium,38.03,645,1,51+,Europe,67,5.153846153846154,369.26,28.404615384615383,8.384615384615385,4,13,1,3.078044667375536,0.0,0.0,0.0,0.0,0.0,0.0,0.0,0
2910,2023-03-02,USA,53.0,M,Premium,38.07,670,1,51+,North America,291,5.105263157894737,1813.26,31.81157894736842,7.701754385964913,39,57,1,2.6368556120495095,0.0,0.0,0.0,0.0,0.0,0.0,0.0,0
2911,2023-05-11,Brazil,42.0,M,Basic,13.52,600,0,36-50,South America,364,4.7894736842105265,2552.98,33.59184210526316,7.592105263157895,36,76,0,2.714483570153185,3.0,13.499814814814814,0.0,33.33333333333333,1.0,3.5,160.0,0
2912,2023-04-21,Mexico,23.0,F,Basic,12.23,620,0,18-25,North America,70,4.375,530.86,33.17875,8.625,7,16,2,2.918332857414772,2.0,0.0,2.0,100.0,0.0,0.0,272.0,0
2913,2022-07-28,UK,41.0,F,Enterprise,131.15,887,1,36-50,Europe,243,5.170212765957447,1307.97,27.829148936170213,6.808510638297872,28,47,0,2.745107497191656,0.0,0.0,0.0,0.0,0.0,0.0,0.0,0
2914,2022-12-15,USA,35.0,F,Basic,14.8,747,0,26-35,North America,385,4.63855421686747,2545.45,30.668072289156623,7.096385542168675,45,83,0,2.774352542587418,3.0,6.172777777777778,2.0,0.0,1.0,0.0,108.0,1
2915,2023-09-14,Germany,40.0,F,Basic,10.69,474,0,36-50,Europe,381,5.148648648648648,2609.4900000000002,35.263378378378384,7.256756756756757,34,74,0,2.5248487405253397,0.0,0.0,0.0,0.0,0.0,0.0,0.0,0
2916,2022-05-28,USA,23.0,Other,Basic,10.21,948,0,18-25,North America,270,4.576271186440678,1725.56,29.246779661016948,7.677966101694915,30,59,0,2.450920937613314,0.0,0.0,0.0,0.0,0.0,0.0,0.0,0
2917,2022-11-17,Brazil,46.0,M,Enterprise,100.9,775,1,36-50,South America,190,5.135135135135135,1100.81,29.75162162162162,6.324324324324325,18,37,0,2.4850906775559873,0.0,0.0,0.0,0.0,0.0,0.0,0.0,0
2918,2024-06-01,USA,42.0,F,Premium,37.74,213,1,36-50,North America,121,4.84,838.03,33.5212,7.0,16,25,3,2.748939189335891,0.0,0.0,0.0,0.0,0.0,0.0,0.0,0
2919,2024-01-06,France,34.0,M,Basic,10.27,360,0,26-35,Europe,320,5.161290322580645,2123.3,34.24677419354839,6.774193548387097,34,62,0,2.7051471787304546,0.0,0.0,0.0,0.0,0.0,0.0,0.0,0
2920,2022-11-23,UK,63.0,M,Premium,35.38,769,1,51+,Europe,302,5.206896551724138,1491.44,25.71448275862069,6.9655172413793105,11,58,0,2.757819000266971,0.0,0.0,0.0,0.0,0.0,0.0,0.0,0
2921,2024-01-22,USA,41.0,F,Basic,11.83,344,0,36-50,North America,124,4.96,926.31,37.0524,7.6,8,25,1,3.0342489460600737,0.0,0.0,0.0,0.0,0.0,0.0,0.0,1
2922,2024-05-31,Canada,28.0,F,Enterprise,114.68,214,1,26-35,North America,231,5.021739130434782,1209.5,26.293478260869566,7.804347826086956,18,46,1,2.542869161966307,0.0,0.0,0.0,0.0,0.0,0.0,0.0,0
2923,2022-12-20,France,43.0,M,Basic,13.69,742,0,36-50,Europe,275,4.296875,2143.61,33.49390625,7.109375,33,64,0,2.4538902544637926,2.0,25.933611111111112,1.0,50.0,0.0,3.0,32.0,0
2924,2023-02-13,France,68.0,M,Premium,30.54,687,1,51+,Europe,128,4.413793103448276,770.35,26.563793103448276,6.9655172413793105,16,29,0,2.7192073606017506,4.0,15.937847222222222,0.0,25.0,0.0,4.0,148.0,0
2925,2022-05-14,USA,51.0,F,Premium,33.17,962,1,51+,North America,113,6.647058823529412,332.18,19.54,6.9411764705882355,6,17,3,2.0291986247835694,1.0,16.110833333333332,0.0,0.0,0.0,4.0,91.0,0
2926,2024-02-18,Canada,45.0,F,Basic,12.8,317,0,36-50,North America,223,4.645833333333333,1391.32,28.985833333333332,6.520833333333333,22,48,0,2.488181283445959,0.0,0.0,0.0,0.0,0.0,0.0,0.0,0
2927,2023-01-15,USA,20.0,F,Premium,34.01,716,1,18-25,North America,276,4.6,1737.89,28.964833333333335,7.733333333333333,26,60,0,2.5920347350675317,0.0,0.0,0.0,0.0,0.0,0.0,0.0,0
2928,2023-06-12,UK,28.0,M,Basic,11.29,568,0,26-35,Europe,170,5.0,1100.86,32.378235294117644,7.852941176470588,18,34,2,2.8176930172383825,0.0,0.0,0.0,0.0,0.0,0.0,0.0,1
2929,2023-07-30,Mexico,55.0,F,Premium,39.25,520,1,51+,North America,200,4.3478260869565215,1414.29,30.745434782608694,8.08695652173913,28,46,6,2.8457952710336847,1.0,48.3175,0.0,0.0,0.0,5.0,103.0,0
2930,2022-04-19,Germany,31.0,M,Premium,39.3,987,1,26-35,Europe,43,5.375,162.6,20.325,9.375,7,8,3,3.1139088893910447,0.0,0.0,0.0,0.0,0.0,0.0,0.0,0
2931,2022-11-23,Italy,68.0,M,Premium,34.15,769,1,51+,Europe,372,4.769230769230769,2344.77,30.061153846153847,7.371794871794871,36,78,0,2.6478272245350545,5.0,18.685277777777777,0.0,60.0,1.0,1.5,29.0,0
2932,2022-09-05,UK,43.0,F,Basic,11.96,848,0,36-50,Europe,285,5.0,1562.24,27.407719298245613,7.333333333333333,39,57,0,2.6389933145587383,0.0,0.0,0.0,0.0,0.0,0.0,0.0,0
2933,2023-04-23,USA,65.0,F,Enterprise,130.73,618,1,51+,North America,342,4.56,2417.88,32.2384,7.8,33,75,0,2.3147003775516684,1.0,7.349166666666667,0.0,100.0,0.0,0.0,39.0,0
2934,2022-05-06,Germany,38.0,M,Basic,14.27,970,0,36-50,Europe,164,5.125,1117.12,34.91,6.09375,14,32,3,2.338320323540783,3.0,22.671666666666667,1.0,66.66666666666666,0.0,3.0,22.0,1
2935,2022-10-01,UK,56.0,M,Premium,35.67,822,1,51+,Europe,373,5.180555555555555,2100.08,29.167777777777776,7.180555555555555,36,72,1,2.628802484766089,0.0,0.0,0.0,0.0,0.0,0.0,0.0,1
2936,2023-04-06,USA,47.0,F,Premium,30.89,635,1,36-50,North America,218,4.2745098039215685,1695.12,33.237647058823526,7.352941176470588,20,51,0,2.793409611013387,0.0,0.0,0.0,0.0,0.0,0.0,0.0,0
2937,2022-09-11,UK,25.0,M,Enterprise,185.32,842,1,18-25,Europe,99,4.304347826086956,651.6,28.330434782608698,7.173913043478261,16,23,2,2.4942621902113227,0.0,0.0,0.0,0.0,0.0,0.0,0.0,0
2938,2022-05-25,Canada,68.0,M,Premium,35.34,951,1,51+,North America,75,5.0,481.15,32.07666666666667,7.266666666666667,9,15,5,2.853569193634025,3.0,33.39398148148148,0.0,0.0,1.0,4.5,22.0,0
2939,2022-04-10,UK,37.0,M,Basic,12.07,996,0,36-50,Europe,285,4.830508474576271,1793.01,30.39,7.084745762711864,36,59,0,2.620558918883668,0.0,0.0,0.0,0.0,0.0,0.0,0.0,0
2940,2022-02-21,Australia,43.5,M,Premium,33.37,1044,1,36-50,Oceania,213,4.630434782608695,1065.32,23.159130434782607,7.217391304347826,18,46,0,2.636147826340329,0.0,0.0,0.0,0.0,0.0,0.0,0.0,0
2941,2022-10-25,UK,49.0,M,Basic,10.49,798,0,36-50,Europe,312,5.2,1795.74,29.929,7.333333333333333,28,60,0,2.3274340275381324,5.0,6.873958333333333,1.0,60.0,0.0,4.0,26.0,0
2942,2023-01-29,UK,39.0,F,Basic,14.77,702,0,36-50,Europe,269,4.803571428571429,1771.86,31.64035714285714,6.821428571428571,21,56,1,2.4302610623488228,5.0,18.321319444444445,1.0,40.0,0.0,3.6666666666666665,130.0,0
2943,2024-06-03,Italy,24.0,F,Enterprise,174.11,211,1,18-25,Europe,160,5.0,872.59,27.2684375,7.5,13,32,1,2.3827335887250825,0.0,0.0,0.0,0.0,0.0,0.0,0.0,1
2944,2023-09-23,Australia,26.0,F,Basic,10.65,465,0,26-35,Oceania,206,5.421052631578948,1067.19,28.083947368421054,7.315789473684211,14,38,4,2.0876933986782586,0.0,0.0,0.0,0.0,0.0,0.0,0.0,0
2945,2023-03-05,USA,62.0,F,Basic,12.55,667,0,51+,North America,185,5.138888888888889,954.73,26.52027777777778,8.0,16,36,0,2.6202810948203656,0.0,0.0,0.0,0.0,0.0,0.0,0.0,0
2946,2022-09-12,Italy,18.0,F,Basic,12.77,841,0,18-25,Europe,276,5.3076923076923075,1715.17,32.98403846153846,7.8076923076923075,19,52,0,2.7478223929994243,0.0,0.0,0.0,0.0,0.0,0.0,0.0,0
2947,2024-06-05,UK,46.0,F,Basic,10.83,209,0,36-50,Europe,79,4.388888888888889,586.61,32.589444444444446,7.166666666666667,3,18,2,2.789452589959899,0.0,0.0,0.0,0.0,0.0,0.0,0.0,0
2948,2022-06-13,USA,25.0,F,Basic,12.13,932,0,18-25,North America,128,5.333333333333333,828.36,34.515,7.166666666666667,5,24,5,2.42570772580179,2.0,14.807361111111112,0.0,50.0,1.0,3.0,134.0,1
2949,2024-04-13,Brazil,21.0,M,Basic,13.22,262,0,18-25,South America,77,5.923076923076923,328.14,25.24153846153846,7.0,5,13,12,2.9569561619323586,0.0,0.0,0.0,0.0,0.0,0.0,0.0,1
2950,2022-12-02,USA,52.0,F,Premium,32.83,760,1,51+,North America,57,4.384615384615385,228.73000000000002,17.594615384615388,6.923076923076923,8,13,3,2.2560460078960247,0.0,0.0,0.0,0.0,0.0,0.0,0.0,1
2951,2023-08-15,Mexico,20.0,M,Premium,33.31,504,1,18-25,North America,212,5.170731707317073,1199.74,29.261951219512195,8.121951219512194,22,41,0,2.9402588238485934,0.0,0.0,0.0,0.0,0.0,0.0,0.0,0
2952,2024-01-09,Spain,62.0,F,Premium,31.21,357,1,51+,Europe,466,5.295454545454546,2530.9,28.760227272727274,7.659090909090909,40,88,0,2.804590206749497,0.0,0.0,0.0,0.0,0.0,0.0,0.0,0
2953,2022-11-17,Italy,57.0,F,Basic,12.06,775,0,51+,Europe,333,5.459016393442623,1878.31,30.791967213114752,8.049180327868852,30,61,4,2.446587899448286,0.0,0.0,0.0,0.0,0.0,0.0,0.0,0
2954,2022-07-14,Mexico,43.5,F,Premium,35.83,901,1,36-50,North America,259,4.980769230769231,1628.74,31.321923076923078,7.3076923076923075,17,52,1,2.697060016020238,0.0,0.0,0.0,0.0,0.0,0.0,0.0,0
2955,2024-02-21,Mexico,44.0,F,Basic,10.57,314,0,36-50,North America,127,5.291666666666667,699.57,29.148750000000003,5.708333333333333,14,24,3,2.7737773125667724,0.0,0.0,0.0,0.0,0.0,0.0,0.0,1
2956,2022-06-13,UK,18.0,M,Basic,13.06,932,0,18-25,Europe,169,4.694444444444445,1082.75,30.07638888888889,6.777777777777778,17,36,2,2.744547263673862,0.0,0.0,0.0,0.0,0.0,0.0,0.0,0
2957,2023-05-26,USA,44.0,Unknown,Premium,33.97,585,1,36-50,North America,358,5.114285714285714,2139.62,30.566,7.828571428571428,33,70,0,2.5397869198701857,0.0,0.0,0.0,0.0,0.0,0.0,0.0,0
2958,2023-06-12,Germany,33.0,M,Basic,13.38,568,0,26-35,Europe,259,5.285714285714286,1547.74,31.5865306122449,7.571428571428571,24,49,3,2.273030282830976,0.0,0.0,0.0,0.0,0.0,0.0,0.0,0
2959,2023-04-24,UK,55.0,M,Premium,33.14,617,1,51+,Europe,178,4.944444444444445,1182.8700000000001,32.8575,7.194444444444445,20,36,1,2.639745057435276,0.0,0.0,0.0,0.0,0.0,0.0,0.0,0
2960,2023-05-26,Mexico,24.0,M,Enterprise,156.84,585,1,18-25,North America,113,4.913043478260869,648.9300000000001,28.21434782608696,8.347826086956522,11,23,2,2.7121451335237285,3.0,22.320277777777775,0.0,33.33333333333333,0.0,3.6666666666666665,69.0,0
2961,2024-06-19,France,61.0,M,Basic,13.05,195,0,51+,Europe,272,4.771929824561403,1644.29,28.84719298245614,7.912280701754386,23,57,1,2.368072934594477,0.0,0.0,0.0,0.0,0.0,0.0,0.0,0
2962,2022-11-12,UK,40.0,M,Basic,13.44,780,0,36-50,Europe,302,4.71875,2185.11,34.14234375,7.34375,27,64,4,2.3331207386143524,0.0,0.0,0.0,0.0,0.0,0.0,0.0,0
2963,2023-05-25,USA,58.0,Other,Basic,13.77,586,0,51+,North America,35,7.0,123.64,24.728,7.6,1,5,6,1.8708286933869709,0.0,0.0,0.0,0.0,0.0,0.0,0.0,0
2964,2022-01-24,USA,28.0,M,Basic,10.67,1072,0,26-35,North America,103,4.12,652.27,26.090799999999998,7.08,14,25,2,2.471841418861655,0.0,0.0,0.0,0.0,0.0,0.0,0.0,1
2965,2022-04-03,Canada,59.0,M,Premium,39.64,1003,1,51+,North America,115,5.2272727272727275,716.63,32.574090909090906,7.363636363636363,13,22,2,2.599117399312939,0.0,0.0,0.0,0.0,0.0,0.0,0.0,0
2966,2023-02-07,USA,70.0,M,Premium,38.43,693,1,51+,North America,270,4.909090909090909,1431.83,26.033272727272728,7.654545454545454,39,55,0,2.591101062059277,1.0,4.5825,0.0,0.0,0.0,4.0,264.0,0
2967,2023-06-02,USA,50.0,F,Basic,12.8,578,0,36-50,North America,239,4.509433962264151,1673.26,31.570943396226415,8.641509433962264,24,53,0,2.7708832353978754,0.0,0.0,0.0,0.0,0.0,0.0,0.0,0
2968,2023-04-14,USA,67.0,M,Basic,14.44,627,0,51+,North America,189,4.725,1145.92,28.648000000000003,7.2,26,40,2,2.707894441755865,0.0,0.0,0.0,0.0,0.0,0.0,0.0,0
2969,2022-09-04,Mexico,53.0,F,Enterprise,138.23,849,1,51+,North America,267,4.684210526315789,1862.9,32.68245614035088,7.245614035087719,17,57,1,2.612865796242305,0.0,0.0,0.0,0.0,0.0,0.0,0.0,0
2970,2022-08-09,UK,54.0,M,Basic,10.16,875,0,51+,Europe,195,4.875,1032.85,25.82125,8.1,26,40,0,2.472282242621074,2.0,17.943055555555556,0.0,100.0,0.0,2.0,64.0,0
2971,2023-08-21,USA,58.0,F,Basic,13.63,498,0,51+,North America,261,4.9245283018867925,1319.5,24.89622641509434,8.037735849056604,23,53,4,2.3357510454453365,5.0,13.13361111111111,2.0,20.0,1.0,4.0,58.0,0
2972,2022-12-28,Italy,34.0,F,Basic,14.71,734,0,26-35,Europe,126,5.478260869565218,730.08,31.742608695652176,8.478260869565217,16,23,2,2.6946000751906376,4.0,21.531736111111112,0.0,25.0,0.0,4.0,66.0,0
2973,2022-02-19,France,52.0,M,Premium,31.61,1046,1,51+,Europe,383,5.319444444444445,2364.43,32.839305555555555,6.708333333333333,44,72,0,2.4656878529974966,0.0,0.0,0.0,0.0,0.0,0.0,0.0,0
2974,2022-02-21,USA,65.0,M,Basic,13.21,1044,0,51+,North America,231,5.25,1222.06,27.77409090909091,6.681818181818182,23,44,2,2.6687249808205817,5.0,13.203333333333333,0.0,20.0,1.0,3.5,61.0,0
2975,2022-10-16,France,43.5,M,Basic,14.06,807,0,36-50,Europe,253,4.96078431372549,1442.86,28.291372549019606,7.019607843137255,28,51,0,2.5919937061167837,1.0,25.174444444444443,0.0,0.0,0.0,4.0,255.0,0
2976,2023-05-22,Brazil,65.0,F,Premium,39.04,589,1,51+,South America,297,5.033898305084746,1682.2,28.51186440677966,7.864406779661017,24,59,0,2.4351315314961393,0.0,0.0,0.0,0.0,0.0,0.0,0.0,0
2977,2023-09-04,UK,49.0,M,Premium,32.76,484,1,36-50,Europe,135,4.821428571428571,740.49,26.44607142857143,6.678571428571429,14,28,1,2.829128532599438,5.0,13.872592592592591,2.0,40.0,0.0,4.5,74.0,0
2978,2024-06-22,USA,20.0,F,Basic,10.63,192,0,18-25,North America,289,5.0701754385964914,1774.04,31.123508771929824,7.543859649122807,26,57,0,2.7048874357540744,0.0,0.0,0.0,0.0,0.0,0.0,0.0,0
2979,2024-05-13,UK,69.0,F,Basic,11.23,232,0,51+,Europe,43,5.375,287.44,35.93,4.5,4,8,11,2.1339098923270936,0.0,0.0,0.0,0.0,0.0,0.0,0.0,0
2980,2023-11-01,Mexico,64.0,F,Basic,12.88,426,0,51+,North America,127,4.379310344827586,1016.75,35.060344827586206,6.413793103448276,15,29,0,2.6378263928503203,0.0,0.0,0.0,0.0,0.0,0.0,0.0,1
2981,2023-11-20,USA,52.0,M,Basic,14.58,407,0,51+,North America,170,4.473684210526316,1083.4,28.510526315789477,7.157894736842105,25,38,2,2.4355125117475973,1.0,0.0,1.0,100.0,0.0,0.0,131.0,1
2982,2023-04-27,Mexico,69.0,M,Basic,12.9,614,0,51+,North America,43,7.166666666666667,54.699999999999996,9.116666666666665,11.0,0,6,11,1.1690451944500122,1.0,8.373333333333333,0.0,100.0,0.0,0.0,291.0,0
2983,2022-10-20,UK,31.0,F,Basic,14.59,803,0,26-35,Europe,190,4.871794871794871,1316.75,33.76282051282051,7.0256410256410255,20,39,0,2.5358429220352288,0.0,0.0,0.0,0.0,0.0,0.0,0.0,0
2984,2023-07-04,Mexico,65.0,F,Basic,13.84,546,0,51+,North America,109,5.7368421052631575,475.91999999999996,25.04842105263158,8.052631578947368,9,19,0,2.765704757745762,4.0,20.829444444444444,1.0,75.0,1.0,4.0,24.0,0
2985,2022-01-09,Brazil,48.0,Other,Basic,12.98,1087,0,36-50,South America,100,4.3478260869565215,682.04,29.65391304347826,6.869565217391305,15,23,2,2.013786475369086,1.0,4.240555555555556,0.0,0.0,0.0,0.0,201.0,0
2986,2024-05-17,UK,48.0,F,Enterprise,102.17,228,1,36-50,Europe,228,4.75,1281.8,26.704166666666666,7.041666666666667,21,48,0,2.8769073229217605,0.0,0.0,0.0,0.0,0.0,0.0,0.0,1
2987,2022-04-21,USA,34.0,F,Basic,11.66,985,0,26-35,North America,178,5.235294117647059,1096.8700000000001,32.26088235294118,7.705882352941177,25,34,0,2.7198353730194746,3.0,25.97736111111111,1.0,0.0,0.0,5.0,10.0,0
2988,2023-03-18,USA,41.0,F,Basic,10.28,654,0,36-50,North America,109,5.45,441.37,22.0685,7.05,8,20,1,2.625281939746262,0.0,0.0,0.0,0.0,0.0,0.0,0.0,0
2989,2022-05-18,France,69.0,F,Basic,11.6,958,0,51+,Europe,204,4.636363636363637,1363.18,30.98136363636364,6.340909090909091,21,44,3,2.8861409745815534,4.0,8.153819444444444,0.0,25.0,0.0,4.0,61.0,0
2990,2024-06-22,UK,40.0,M,Basic,10.3,192,0,36-50,Europe,96,5.052631578947368,626.99,32.99947368421053,8.052631578947368,9,19,6,2.460209661583209,1.0,27.565555555555555,0.0,100.0,0.0,0.0,9.0,0
2991,2022-09-28,France,35.0,F,Premium,31.67,825,1,26-35,Europe,224,4.869565217391305,1273.08,27.675652173913043,7.782608695652174,21,46,0,2.578618886597793,0.0,0.0,0.0,0.0,0.0,0.0,0.0,0
2992,2024-01-15,Brazil,67.0,M,Basic,12.04,351,0,51+,South America,56,4.666666666666667,372.9,31.075,5.5,3,12,7,2.774341308665842,5.0,15.892555555555555,0.0,40.0,0.0,5.0,39.0,0
2993,2023-01-10,UK,31.0,M,Premium,35.14,721,1,26-35,Europe,57,5.7,202.36,20.236,6.4,2,10,3,2.9078437983419185,3.0,12.457592592592592,0.0,33.33333333333333,2.0,3.0,4.0,0
2994,2024-02-22,USA,67.0,F,Basic,11.08,313,0,51+,North America,343,5.532258064516129,2097.99,33.83854838709677,7.048387096774194,27,62,0,2.447599974920122,0.0,0.0,0.0,0.0,0.0,0.0,0.0,0
2995,2023-02-17,Spain,32.0,M,Premium,37.32,683,1,26-35,Europe,315,5.338983050847458,1546.88,26.218305084745765,7.491525423728813,37,59,0,2.439687441057276,1.0,0.0,1.0,0.0,0.0,0.0,184.0,1
2996,2023-01-10,UK,32.0,Unknown,Basic,12.94,721,0,26-35,Europe,155,4.5588235294117645,1170.15,34.41617647058824,7.264705882352941,23,34,2,2.9458874926632195,0.0,0.0,0.0,0.0,0.0,0.0,0.0,0
2997,2022-02-16,USA,23.0,M,Basic,13.45,1049,0,18-25,North America,393,5.171052631578948,2264.56,29.796842105263156,6.75,42,76,0,2.7586864405352385,2.0,6.445138888888889,0.0,0.0,0.0,5.0,238.0,0
2998,2023-02-15,UK,44.0,Unknown,Basic,13.65,685,0,36-50,Europe,139,4.483870967741935,775.53,25.017096774193547,7.0,16,31,5,2.6567018116696937,0.0,0.0,0.0,0.0,0.0,0.0,0.0,0
2999,2022-02-22,France,32.0,F,Basic,13.62,1043,0,26-35,Europe,259,5.18,1231.96,24.639200000000002,7.0,24,50,0,2.31842663045789,0.0,0.0,0.0,0.0,0.0,0.0,0.0,0
3000,2023-08-07,UK,67.0,F,Basic,14.67,512,0,51+,Europe,213,4.630434782608695,1202.71,26.145869565217392,8.195652173913043,21,46,1,2.7191395342577196,0.0,0.0,0.0,0.0,0.0,0.0,0.0,0
3001,2023-07-30,Brazil,53.0,M,Basic,11.18,520,0,51+,South America,103,4.291666666666667,716.36,29.848333333333333,9.0,12,24,3,2.6123314036160954,2.0,8.786944444444444,1.0,0.0,0.0,5.0,301.0,0
3002,2022-07-19,Australia,25.0,M,Premium,32.69,896,1,18-25,Oceania,265,5.196078431372549,1568.78,30.760392156862746,7.411764705882353,29,51,0,2.785818427989428,0.0,0.0,0.0,0.0,0.0,0.0,0.0,0
3003,2023-01-07,Australia,32.0,M,Basic,10.46,724,0,26-35,Oceania,83,4.611111111111111,479.1,26.616666666666667,7.5,11,18,4,2.5469448569953697,0.0,0.0,0.0,0.0,0.0,0.0,0.0,0
3004,2023-07-21,Australia,20.0,M,Basic,12.95,529,0,18-25,Oceania,148,4.625,820.85,25.6515625,7.25,11,32,1,2.574690711146587,0.0,0.0,0.0,0.0,0.0,0.0,0.0,1
3005,2022-10-23,Brazil,43.5,F,Basic,11.97,800,0,36-50,South America,421,5.2625,2487.04,31.088,7.3125,46,80,1,2.5094441867836546,0.0,0.0,0.0,0.0,0.0,0.0,0.0,0
3006,2022-03-17,Mexico,30.0,M,Premium,34.95,1020,1,26-35,North America,185,5.285714285714286,1268.39,36.239714285714285,6.8,14,35,0,2.674184081958772,0.0,0.0,0.0,0.0,0.0,0.0,0.0,0
3007,2023-01-31,UK,58.0,M,Basic,10.84,700,0,51+,Europe,137,5.48,875.47,35.0188,7.44,11,25,1,2.7098585448936876,4.0,23.575763888888886,0.0,25.0,0.0,4.0,40.0,0
3008,2023-06-01,USA,51.0,M,Basic,13.24,579,0,51+,North America,259,4.980769230769231,1394.85,26.82403846153846,8.0,27,52,1,2.8525213107099305,0.0,0.0,0.0,0.0,0.0,0.0,0.0,0
3009,2023-04-07,Brazil,41.0,M,Basic,13.09,634,0,36-50,South America,276,5.0181818181818185,1696.38,30.84327272727273,7.4,20,55,0,2.8576791223526072,3.0,14.086203703703703,0.0,66.66666666666666,0.0,3.5,14.0,1
3010,2024-02-22,Australia,57.0,M,Premium,32.64,313,1,51+,Oceania,268,4.785714285714286,1647.77,29.424464285714286,6.821428571428571,30,56,0,2.5349504977364004,4.0,14.239583333333334,0.0,75.0,2.0,3.5,6.0,0
3011,2023-07-18,UK,43.5,Unknown,Premium,34.64,532,1,36-50,Europe,377,4.435294117647059,2418.3,28.45058823529412,6.9411764705882355,35,85,0,2.551596413562122,2.0,19.511805555555554,0.0,100.0,1.0,3.5,64.0,0
3012,2022-10-14,Brazil,49.0,F,Basic,14.46,809,0,36-50,South America,337,5.711864406779661,1985.35,33.65,8.016949152542374,15,59,0,2.456875275472591,0.0,0.0,0.0,0.0,0.0,0.0,0.0,0
3013,2024-04-25,Canada,47.0,F,Basic,13.86,250,0,36-50,North America,135,4.090909090909091,915.42,27.74,7.121212121212121,20,33,2,2.441357669971213,2.0,13.755972222222223,0.0,0.0,1.0,0.0,127.0,0
3014,2023-10-01,Mexico,69.0,F,Basic,11.12,457,0,51+,North America,327,4.671428571428572,1816.73,25.953285714285716,8.128571428571428,33,70,0,2.690409314106817,1.0,4.5008333333333335,0.0,0.0,0.0,0.0,247.0,0
3015,2023-11-28,USA,66.0,M,Basic,14.38,399,0,51+,North America,261,5.117647058823529,1573.34,30.849803921568625,6.411764705882353,22,51,2,2.612638963374231,0.0,0.0,0.0,0.0,0.0,0.0,0.0,0
3016,2023-09-18,Australia,30.0,F,Basic,10.33,470,0,26-35,Oceania,287,5.519230769230769,1440.4,27.700000000000003,6.961538461538462,20,52,0,2.3135609139515005,0.0,0.0,0.0,0.0,0.0,0.0,0.0,0
3017,2022-05-02,Germany,18.0,F,Basic,12.06,974,0,18-25,Europe,119,4.103448275862069,887.01,30.58655172413793,6.655172413793103,21,29,1,2.6368924836715184,1.0,39.27055555555555,0.0,100.0,0.0,0.0,248.0,0
3018,2022-05-12,USA,51.0,M,Basic,10.39,964,0,51+,North America,179,4.972222222222222,970.92,26.97,8.194444444444445,16,36,1,2.557745783314575,0.0,0.0,0.0,0.0,0.0,0.0,0.0,0
3019,2022-04-10,USA,32.0,F,Basic,14.61,996,0,26-35,North America,159,5.482758620689655,876.2,30.21379310344828,7.862068965517241,18,29,0,2.3546411563908114,0.0,0.0,0.0,0.0,0.0,0.0,0.0,0
3020,2023-02-08,UK,61.0,F,Basic,10.19,692,0,51+,Europe,158,4.647058823529412,959.09,28.208529411764708,7.823529411764706,12,34,5,2.3853384607205146,4.0,7.556111111111111,0.0,25.0,0.0,5.0,7.0,0
3021,2023-01-18,USA,31.0,M,Basic,10.75,713,0,26-35,North America,77,4.529411764705882,376.52,22.148235294117647,9.0,8,17,2,3.0845916881092936,0.0,0.0,0.0,0.0,0.0,0.0,0.0,0
3022,2024-03-24,USA,46.0,F,Basic,14.57,282,0,36-50,North America,200,4.3478260869565215,1086.1200000000001,23.61130434782609,7.630434782608695,27,46,1,2.3590712984783537,5.0,21.078833333333336,0.0,40.0,1.0,4.0,39.0,0
3023,2022-12-14,Italy,51.0,F,Basic,12.9,748,0,51+,Europe,102,4.636363636363637,566.49,25.749545454545455,6.954545454545454,13,22,4,2.8875010541404724,0.0,0.0,0.0,0.0,0.0,0.0,0.0,0
3024,2023-07-26,France,35.0,F,Premium,37.94,524,1,26-35,Europe,120,5.0,508.69,21.195416666666667,7.583333333333333,9,24,6,2.5194892512087685,0.0,0.0,0.0,0.0,0.0,0.0,0.0,0
3025,2023-01-10,USA,24.0,F,Premium,30.15,721,1,18-25,North America,294,5.345454545454546,1743.95,31.70818181818182,7.527272727272727,29,55,7,2.6191473154316194,0.0,0.0,0.0,0.0,0.0,0.0,0.0,0
3026,2024-02-13,Mexico,46.0,M,Basic,12.09,322,0,36-50,North America,188,5.081081081081081,1097.22,29.654594594594595,6.837837837837838,11,37,0,2.938049035011521,5.0,16.700555555555557,1.0,40.0,0.0,3.5,87.0,0
3027,2022-05-28,Canada,48.0,M,Basic,14.91,948,0,36-50,North America,190,4.634146341463414,1199.26,29.250243902439024,7.170731707317073,20,41,0,2.835102269416181,0.0,0.0,0.0,0.0,0.0,0.0,0.0,1
3028,2022-07-23,USA,42.0,F,Basic,12.89,892,0,36-50,North America,41,4.555555555555555,304.75,33.861111111111114,6.0,7,9,10,2.96273147243853,4.0,16.11888888888889,1.0,50.0,0.0,4.0,36.0,1
3029,2023-09-09,Brazil,55.0,F,Basic,14.24,479,0,51+,South America,98,4.9,641.42,32.071,6.65,10,20,0,2.6137289353275373,5.0,11.327152777777778,1.0,80.0,0.0,5.0,62.0,0
3030,2023-06-06,Spain,31.0,F,Enterprise,196.35,574,1,26-35,Europe,368,4.906666666666666,2180.11,29.068133333333336,6.826666666666667,49,75,0,2.7419332957236935,2.0,20.12527777777778,1.0,100.0,0.0,0.0,294.0,0
3031,2023-02-16,France,43.5,M,Basic,13.42,684,0,36-50,Europe,320,4.705882352941177,1960.3,28.82794117647059,7.220588235294118,30,68,1,2.557160409338241,0.0,0.0,0.0,0.0,0.0,0.0,0.0,0
3032,2023-05-28,Germany,44.0,M,Premium,33.27,583,1,36-50,Europe,193,4.948717948717949,1289.25,33.05769230769231,7.102564102564102,23,39,0,2.625269088450673,0.0,0.0,0.0,0.0,0.0,0.0,0.0,0
3033,2022-02-11,USA,19.0,M,Basic,11.53,1054,0,18-25,North America,444,5.285714285714286,2663.84,31.712380952380954,7.345238095238095,50,84,0,2.6506258800400406,0.0,0.0,0.0,0.0,0.0,0.0,0.0,1
3034,2022-02-16,France,34.0,M,Premium,30.7,1049,1,26-35,Europe,66,6.0,369.62,33.60181818181818,5.454545454545454,4,11,19,1.3416407864998738,3.0,14.711944444444446,1.0,33.33333333333333,0.0,4.5,106.0,0
3035,2022-02-09,USA,54.0,M,Premium,34.27,1056,1,51+,North America,303,4.967213114754099,1775.25,29.102459016393443,7.426229508196721,38,61,0,2.4424524090536144,0.0,0.0,0.0,0.0,0.0,0.0,0.0,1
3036,2022-05-21,UK,43.5,M,Premium,39.14,955,1,36-50,Europe,418,5.097560975609756,2866.65,34.959146341463416,7.829268292682927,39,82,0,2.8179747394252033,0.0,0.0,0.0,0.0,0.0,0.0,0.0,1
3037,2024-01-01,France,42.0,M,Basic,12.38,365,0,36-50,Europe,234,4.775510204081633,1010.45,20.621428571428574,7.469387755102041,23,49,0,2.4175168572529206,0.0,0.0,0.0,0.0,0.0,0.0,0.0,0
3038,2022-12-08,Australia,47.0,M,Premium,39.1,754,1,36-50,Oceania,332,5.26984126984127,2024.96,32.14222222222222,7.634920634920635,27,63,0,2.3362939304028227,0.0,0.0,0.0,0.0,0.0,0.0,0.0,1
3039,2024-04-03,Mexico,46.0,M,Basic,14.08,272,0,36-50,North America,375,5.0675675675675675,2201.4900000000002,29.74986486486487,7.081081081081081,43,74,0,2.6961722287630123,5.0,6.301527777777777,1.0,80.0,0.0,4.0,1.0,0
3040,2023-05-01,Mexico,37.0,Other,Enterprise,198.41,610,1,36-50,North America,185,5.138888888888889,988.13,27.448055555555555,8.083333333333334,22,36,1,2.23162692450121,2.0,1.3094444444444444,1.0,50.0,0.0,4.0,134.0,1
3041,2023-06-16,USA,38.0,F,Premium,39.47,564,1,36-50,North America,244,4.4363636363636365,1443.71,26.24927272727273,7.836363636363636,23,55,0,2.7063959659626904,2.0,22.592222222222222,0.0,0.0,0.0,3.0,42.0,1
3042,2023-04-13,Germany,70.0,M,Basic,13.52,628,0,51+,Europe,219,5.615384615384615,1017.46,26.08871794871795,7.538461538461538,18,39,1,2.5299821573677534,0.0,0.0,0.0,0.0,0.0,0.0,0.0,0
3043,2022-06-02,Australia,39.0,F,Enterprise,187.11,943,1,36-50,Oceania,375,5.0,1983.07,26.440933333333334,7.8933333333333335,44,75,2,2.5732511773283266,4.0,17.915277777777778,1.0,25.0,1.0,2.5,205.0,0
3044,2023-09-13,USA,52.0,F,Premium,37.47,475,1,51+,North America,408,5.666666666666667,2361.09,32.79291666666667,7.055555555555555,32,72,0,2.523132414895934,0.0,0.0,0.0,0.0,0.0,0.0,0.0,1
3045,2023-06-12,UK,54.0,F,Premium,37.02,568,1,51+,Europe,112,5.6,580.37,29.0185,8.45,12,20,2,2.8172401575412693,0.0,0.0,0.0,0.0,0.0,0.0,0.0,0
3046,2022-05-24,UK,33.0,M,Basic,13.57,952,0,26-35,Europe,113,4.913043478260869,559.33,24.318695652173915,7.260869565217392,11,23,2,2.8748603678069915,0.0,0.0,0.0,0.0,0.0,0.0,0.0,0
3047,2022-12-02,Germany,67.0,M,Enterprise,172.09,760,1,51+,Europe,151,5.033333333333333,820.45,27.348333333333336,7.6,13,30,3,2.7728154909994354,0.0,0.0,0.0,0.0,0.0,0.0,0.0,1
3048,2023-09-20,Spain,66.0,F,Premium,33.78,468,1,51+,Europe,290,5.2727272727272725,1480.74,26.922545454545453,8.218181818181819,30,55,0,2.6974236367493845,2.0,12.9025,1.0,0.0,1.0,0.0,200.0,0
3049,2022-11-23,USA,60.0,M,Premium,34.23,769,1,51+,North America,192,5.333333333333333,839.93,23.33138888888889,6.861111111111111,13,36,3,2.618614682831909,0.0,0.0,0.0,0.0,0.0,0.0,0.0,1
3050,2022-06-16,UK,34.0,F,Enterprise,129.4,929,1,26-35,Europe,51,5.1,151.12,15.112,10.5,4,10,1,3.2812599206199233,1.0,44.155,0.0,100.0,0.0,0.0,93.0,0
3051,2023-02-07,Germany,33.0,F,Basic,10.73,693,0,26-35,Europe,266,5.215686274509804,1643.78,32.23098039215686,7.607843137254902,32,51,0,2.7225996803804713,0.0,0.0,0.0,0.0,0.0,0.0,0.0,0
3052,2023-09-24,Australia,19.0,Other,Basic,12.28,464,0,18-25,Oceania,146,4.866666666666666,863.12,28.770666666666667,6.833333333333333,18,30,0,2.8006567374313365,5.0,20.93738888888889,0.0,20.0,0.0,4.4,11.0,0
3053,2024-01-28,UK,21.0,M,Basic,14.49,338,0,18-25,Europe,73,3.8421052631578947,476.29,25.067894736842106,7.894736842105263,10,19,0,2.1412135161252435,0.0,0.0,0.0,0.0,0.0,0.0,0.0,0
3054,2024-05-12,Brazil,38.0,M,Basic,13.25,233,0,36-50,South America,68,4.0,558.42,32.84823529411764,7.764705882352941,9,17,5,2.345207879911715,0.0,0.0,0.0,0.0,0.0,0.0,0.0,1
3055,2022-11-03,UK,56.0,M,Premium,30.55,789,1,51+,Europe,99,5.2105263157894735,562.89,29.62578947368421,7.315789473684211,13,19,0,3.2072651445744764,4.0,9.786203703703704,1.0,0.0,0.0,4.666666666666667,80.0,0
3056,2023-08-31,UK,51.0,F,Basic,14.05,488,0,51+,Europe,76,5.428571428571429,688.34,49.167142857142856,6.357142857142857,5,14,10,3.1553199451155436,0.0,0.0,0.0,0.0,0.0,0.0,0.0,1
3057,2022-12-11,Australia,47.0,M,Basic,14.67,751,0,36-50,Oceania,252,4.846153846153846,1584.92,30.47923076923077,6.923076923076923,21,52,1,2.6817072070781185,0.0,0.0,0.0,0.0,0.0,0.0,0.0,1
3058,2023-06-04,UK,23.0,F,Basic,14.14,576,0,18-25,Europe,88,6.285714285714286,474.24,33.87428571428571,8.071428571428571,7,14,10,2.0913216810491813,0.0,0.0,0.0,0.0,0.0,0.0,0.0,0
3059,2024-04-28,Germany,34.0,M,Basic,13.63,247,0,26-35,Europe,293,5.232142857142857,1884.26,33.6475,7.321428571428571,29,56,0,2.7302418902399066,0.0,0.0,0.0,0.0,0.0,0.0,0.0,0
3060,2023-06-06,USA,43.5,M,Basic,10.74,574,0,36-50,North America,453,5.089887640449438,2725.86,30.627640449438204,7.168539325842697,45,89,0,2.8108573968477457,0.0,0.0,0.0,0.0,0.0,0.0,0.0,0
3061,2023-06-30,UK,42.0,M,Basic,11.73,550,0,36-50,Europe,414,4.9879518072289155,2402.64,28.94746987951807,7.9397590361445785,34,83,0,2.5921738494826734,0.0,0.0,0.0,0.0,0.0,0.0,0.0,0
3062,2023-05-17,UK,22.0,F,Basic,12.82,594,0,18-25,Europe,212,5.0476190476190474,1126.42,26.81952380952381,6.666666666666667,26,42,1,2.6499183692202255,0.0,0.0,0.0,0.0,0.0,0.0,0.0,0
3063,2023-12-27,Mexico,22.0,F,Premium,30.76,370,1,18-25,North America,137,5.074074074074074,810.6800000000001,30.025185185185187,7.333333333333333,20,27,4,2.570931078361808,0.0,0.0,0.0,0.0,0.0,0.0,0.0,0
3064,2023-07-31,Brazil,37.0,M,Premium,31.05,519,1,36-50,South America,236,5.619047619047619,1289.07,30.692142857142855,7.571428571428571,17,42,2,2.6314456840149716,0.0,0.0,0.0,0.0,0.0,0.0,0.0,0
3065,2022-11-03,USA,33.0,F,Basic,14.66,789,0,26-35,North America,138,4.6,890.63,29.687666666666665,7.7,12,30,0,2.5407031337393793,0.0,0.0,0.0,0.0,0.0,0.0,0.0,0
3066,2023-05-02,Germany,68.0,F,Basic,13.5,609,0,51+,Europe,309,5.327586206896552,1760.74,30.357586206896553,7.068965517241379,38,58,0,2.3648591889721597,0.0,0.0,0.0,0.0,0.0,0.0,0.0,0
3067,2024-04-15,Canada,58.0,F,Basic,11.37,260,0,51+,North America,247,4.75,1519.37,29.218653846153845,7.461538461538462,17,52,0,2.5350484390313524,1.0,8.084722222222222,0.0,100.0,0.0,3.0,149.0,0
3068,2022-01-18,Australia,54.0,F,Basic,11.63,1078,0,51+,Oceania,283,4.879310344827586,1795.39,30.955000000000002,7.568965517241379,25,58,3,2.471433891679836,1.0,5.979722222222223,0.0,100.0,1.0,2.0,222.0,0
3069,2023-01-13,UK,57.0,M,Enterprise,138.43,718,1,51+,Europe,455,5.290697674418604,2479.14,28.82720930232558,8.116279069767442,40,86,0,2.575295661243201,3.0,9.814907407407407,0.0,66.66666666666666,1.0,3.0,54.0,0
3070,2022-12-06,Mexico,26.0,M,Basic,10.37,756,0,26-35,North America,384,5.12,2092.92,27.9056,7.666666666666667,28,75,1,2.4382093562417615,0.0,0.0,0.0,0.0,0.0,0.0,0.0,0
3071,2023-11-21,Germany,22.0,F,Basic,13.69,406,0,18-25,Europe,96,5.052631578947368,559.82,29.464210526315792,7.947368421052632,10,19,12,2.634676539508457,5.0,11.55425925925926,2.0,40.0,2.0,4.333333333333333,11.0,1
3072,2022-04-23,UK,59.0,M,Basic,10.87,983,0,51+,Europe,79,5.266666666666667,332.67,22.178,7.733333333333333,9,15,1,3.0814344217000778,3.0,10.146944444444445,0.0,66.66666666666666,0.0,3.5,65.0,1
3073,2023-03-03,Brazil,19.0,M,Enterprise,180.5,669,1,18-25,South America,106,4.818181818181818,868.0699999999999,39.45772727272727,6.090909090909091,20,22,7,2.5002164408471224,0.0,0.0,0.0,0.0,0.0,0.0,0.0,0
3074,2023-08-21,UK,26.0,M,Basic,14.22,498,0,26-35,Europe,100,5.555555555555555,436.71000000000004,24.26166666666667,7.388888888888889,16,18,1,2.6171880334844837,0.0,0.0,0.0,0.0,0.0,0.0,0.0,0
3075,2022-11-12,UK,60.0,F,Basic,13.18,780,0,51+,Europe,111,5.55,565.87,28.2935,6.05,8,20,3,2.372540277512914,0.0,0.0,0.0,0.0,0.0,0.0,0.0,0
3076,2024-03-26,Mexico,53.0,M,Basic,13.84,280,0,51+,North America,204,4.857142857142857,1149.26,27.363333333333333,7.380952380952381,16,42,3,2.627912354883194,3.0,9.76875,1.0,0.0,0.0,5.0,266.0,1
3077,2024-01-13,Germany,39.0,F,Basic,10.85,353,0,36-50,Europe,80,4.705882352941177,618.09,36.35823529411765,8.0,11,17,10,2.5437350953458417,0.0,0.0,0.0,0.0,0.0,0.0,0.0,1
3078,2024-06-12,USA,43.5,M,Premium,35.75,202,1,36-50,North America,42,5.25,234.22,29.2775,9.125,3,8,37,2.49284690951645,0.0,0.0,0.0,0.0,0.0,0.0,0.0,0
3079,2023-12-06,Mexico,39.0,Other,Basic,13.37,391,0,36-50,North America,353,5.115942028985507,2050.86,29.722608695652177,7.797101449275362,38,69,0,2.564097317851542,1.0,8.737222222222222,0.0,0.0,0.0,5.0,359.0,0
3080,2023-10-07,Canada,51.0,M,Premium,36.61,451,1,51+,North America,175,4.861111111111111,1026.48,28.513333333333335,8.13888888888889,18,36,0,2.6527912822726156,0.0,0.0,0.0,0.0,0.0,0.0,0.0,1
3081,2022-01-28,UK,46.0,F,Basic,10.58,1068,0,36-50,Europe,53,5.3,248.57999999999998,24.857999999999997,8.5,3,10,5,2.5407785333546005,0.0,0.0,0.0,0.0,0.0,0.0,0.0,0
3082,2023-09-04,UK,55.0,F,Basic,11.71,484,0,51+,Europe,37,6.166666666666667,138.02,23.003333333333334,7.666666666666667,3,6,2,3.3115957885386114,2.0,6.719861111111111,0.0,50.0,0.0,0.0,65.0,1
3083,2023-05-01,UK,63.0,F,Basic,11.62,610,0,51+,Europe,296,5.016949152542373,1707.16,28.93491525423729,7.779661016949152,36,59,0,2.6227882335521517,0.0,0.0,0.0,0.0,0.0,0.0,0.0,1
3084,2022-09-29,UK,50.0,M,Premium,35.72,824,1,36-50,Europe,192,5.485714285714286,1133.8700000000001,32.39628571428572,7.857142857142857,14,35,1,2.67198349514351,0.0,0.0,0.0,0.0,0.0,0.0,0.0,0
3085,2023-11-03,Italy,35.0,F,Basic,13.82,424,0,26-35,Europe,108,4.32,641.35,25.654,7.76,13,25,7,2.193171219946131,5.0,13.78548611111111,1.0,40.0,0.0,3.5,130.0,1
3086,2024-03-12,Germany,24.0,M,Basic,12.84,294,0,18-25,Europe,376,5.222222222222222,2107.57,29.27180555555556,7.625,28,72,0,2.4450134492111006,0.0,0.0,0.0,0.0,0.0,0.0,0.0,1
3087,2024-03-05,Italy,43.5,M,Basic,13.76,301,0,36-50,Europe,151,5.033333333333333,1120.4199999999998,37.34733333333333,7.633333333333334,14,30,4,2.9417720830318834,0.0,0.0,0.0,0.0,0.0,0.0,0.0,0
3088,2023-08-16,Spain,50.0,F,Premium,30.98,503,1,36-50,Europe,425,5.182926829268292,2331.44,28.43219512195122,8.024390243902438,32,82,0,2.7131506389512685,1.0,22.989166666666662,0.0,100.0,0.0,0.0,306.0,0
3089,2023-08-15,Germany,18.0,F,Premium,38.77,504,1,18-25,Europe,42,4.666666666666667,137.17000000000002,15.241111111111113,6.111111111111111,3,9,0,1.3228756555322954,3.0,18.992222222222225,1.0,33.33333333333333,0.0,0.0,284.0,0
3090,2022-08-22,UK,41.0,F,Premium,35.36,862,1,36-50,Europe,219,4.9772727272727275,1227.4,27.895454545454548,7.863636363636363,20,44,1,2.473004352713765,0.0,0.0,0.0,0.0,0.0,0.0,0.0,0
3091,2024-01-09,USA,21.0,F,Basic,10.18,357,0,18-25,North America,67,4.1875,457.9,28.61875,5.875,5,16,3,1.8697147732564274,0.0,0.0,0.0,0.0,0.0,0.0,0.0,1
3092,2022-02-22,Brazil,21.0,M,Basic,13.21,1043,0,18-25,South America,355,5.298507462686567,2028.21,30.27179104477612,7.343283582089552,37,67,0,2.461921677194552,4.0,17.29527777777778,1.0,100.0,0.0,4.0,120.0,0
3093,2023-08-21,UK,35.0,F,Basic,12.58,498,0,26-35,Europe,334,4.575342465753424,2086.18,28.57780821917808,7.328767123287672,34,73,1,2.743263507713932,4.0,8.25074074074074,1.0,75.0,0.0,2.0,36.0,1
3094,2023-05-07,Italy,44.0,M,Basic,11.09,604,0,36-50,Europe,263,4.696428571428571,1579.96,28.21357142857143,8.196428571428571,16,56,0,2.279710052194779,0.0,0.0,0.0,0.0,0.0,0.0,0.0,0
3095,2022-06-24,USA,60.0,F,Premium,37.63,921,1,51+,North America,175,4.72972972972973,1118.77,30.237027027027025,6.162162162162162,21,37,0,2.704406369947722,3.0,31.902129629629627,0.0,66.66666666666666,0.0,3.0,29.0,0
3096,2023-06-21,Brazil,49.0,F,Premium,39.33,559,1,36-50,South America,238,4.958333333333333,1491.3,31.068749999999998,7.5,14,48,0,2.4750528327336156,0.0,0.0,0.0,0.0,0.0,0.0,0.0,0
3097,2023-10-07,UK,50.0,F,Premium,33.22,451,1,36-50,Europe,230,6.052631578947368,1144.53,30.11921052631579,6.7368421052631575,14,38,4,2.8658979859727816,2.0,32.76583333333333,1.0,50.0,0.0,5.0,49.0,1
3098,2024-01-09,UK,45.0,M,Basic,12.46,357,0,36-50,Europe,160,4.705882352941177,1115.32,32.80352941176471,7.5588235294117645,14,34,2,2.7472235214210072,0.0,0.0,0.0,0.0,0.0,0.0,0.0,0
3099,2023-09-27,USA,59.0,F,Premium,31.27,461,1,51+,North America,72,4.5,509.24,31.8275,6.875,7,16,0,2.82842712474619,1.0,13.277222222222225,0.0,100.0,0.0,5.0,185.0,0
3100,2024-03-04,UK,58.0,M,Enterprise,192.97,302,1,51+,Europe,108,4.695652173913044,532.84,23.16695652173913,7.956521739130435,12,23,0,2.5483467476473955,3.0,20.015972222222224,1.0,33.33333333333333,1.0,2.5,98.0,0
3101,2024-05-11,Brazil,53.0,M,Basic,11.58,234,0,51+,South America,361,5.084507042253521,2008.17,28.284084507042255,6.633802816901408,34,71,0,2.6551646646447877,3.0,12.360277777777778,1.0,66.66666666666666,0.0,5.0,143.0,1
3102,2023-01-25,UK,23.0,M,Basic,10.96,706,0,18-25,Europe,292,4.634920634920635,1864.8899999999999,29.60142857142857,8.253968253968255,30,63,1,2.5983964490629243,1.0,40.02972222222222,0.0,100.0,1.0,0.0,163.0,0
3103,2022-06-01,USA,33.0,F,Basic,12.38,944,0,26-35,North America,243,5.651162790697675,1479.9,34.41627906976744,6.883720930232558,23,43,0,2.328740932351874,3.0,17.592962962962964,0.0,100.0,0.0,4.0,19.0,1
3104,2024-04-21,USA,51.0,M,Basic,10.21,254,0,51+,North America,266,4.75,1492.46,26.65107142857143,7.339285714285714,21,56,0,2.3296507736724674,4.0,25.55564814814815,1.0,25.0,0.0,4.0,30.0,0
3105,2023-11-29,USA,40.0,M,Premium,32.52,398,1,36-50,North America,130,5.2,587.83,23.5132,7.44,17,25,2,2.614064523559687,0.0,0.0,0.0,0.0,0.0,0.0,0.0,1
3106,2022-09-06,Australia,67.0,M,Basic,10.33,847,0,51+,Oceania,111,6.166666666666667,518.28,28.793333333333333,7.777777777777778,12,18,1,2.4554860546755064,0.0,0.0,0.0,0.0,0.0,0.0,0.0,0
3107,2022-02-02,Canada,59.0,M,Basic,10.63,1063,0,51+,North America,263,4.614035087719298,1732.66,30.397543859649126,7.2631578947368425,23,57,1,2.568729438325161,0.0,0.0,0.0,0.0,0.0,0.0,0.0,0
3108,2023-08-10,UK,41.0,F,Basic,10.55,509,0,36-50,Europe,419,5.172839506172839,2549.68,31.47753086419753,7.765432098765432,39,81,0,2.365323040605607,0.0,0.0,0.0,0.0,0.0,0.0,0.0,0
3109,2023-12-19,UK,66.0,F,Basic,14.35,378,0,51+,Europe,396,5.076923076923077,2678.7599999999998,34.34307692307692,6.846153846153846,44,78,0,2.785720689559483,0.0,0.0,0.0,0.0,0.0,0.0,0.0,1
3110,2022-04-23,Germany,30.0,M,Basic,14.64,983,0,26-35,Europe,105,4.7727272727272725,591.97,26.907727272727275,7.090909090909091,7,22,0,2.26635470223962,0.0,0.0,0.0,0.0,0.0,0.0,0.0,0
3111,2022-07-15,UK,35.0,F,Enterprise,147.44,900,1,26-35,Europe,422,5.341772151898734,2324.68,29.426329113924048,8.329113924050633,46,79,0,2.7074733985452055,0.0,0.0,0.0,0.0,0.0,0.0,0.0,1
3112,2022-01-20,Italy,30.0,F,Basic,13.14,1076,0,26-35,Europe,132,4.714285714285714,651.66,23.273571428571426,7.035714285714286,16,28,7,2.579938886114293,0.0,0.0,0.0,0.0,0.0,0.0,0.0,0
3113,2023-03-28,Mexico,66.0,F,Premium,36.95,644,1,51+,North America,403,5.166666666666667,2104.62,26.982307692307693,7.589743589743589,34,78,0,2.7132032473576064,2.0,2.2216666666666667,1.0,50.0,0.0,3.0,33.0,1
3114,2022-11-18,UK,54.0,F,Premium,33.9,774,1,51+,Europe,325,4.4520547945205475,2181.85,29.88835616438356,8.10958904109589,21,73,0,2.6772762687436797,0.0,0.0,0.0,0.0,0.0,0.0,0.0,0
3115,2023-03-05,USA,60.0,M,Basic,11.84,667,0,51+,North America,423,4.9186046511627906,2604.4900000000002,30.284767441860467,7.755813953488372,44,86,0,2.6622198445440213,0.0,0.0,0.0,0.0,0.0,0.0,0.0,0
3116,2022-06-05,UK,56.0,F,Enterprise,167.55,940,1,51+,Europe,82,5.125,548.69,34.293125,7.5625,5,16,13,3.364025366531392,0.0,0.0,0.0,0.0,0.0,0.0,0.0,1
3117,2023-02-27,Australia,59.0,M,Basic,11.87,673,0,51+,Oceania,319,4.6231884057971016,2103.52,30.485797101449275,7.27536231884058,41,69,1,2.5901479021781197,0.0,0.0,0.0,0.0,0.0,0.0,0.0,0
3118,2023-12-09,USA,34.0,M,Premium,35.8,388,1,26-35,North America,226,4.612244897959184,1469.6,29.991836734693877,8.122448979591837,20,49,0,2.675633309226468,5.0,16.955208333333335,1.0,20.0,3.0,3.5,32.0,0
3119,2022-07-28,Spain,32.0,F,Premium,35.14,887,1,26-35,Europe,289,5.160714285714286,1938.77,34.620892857142856,8.089285714285714,25,56,0,2.58510970904374,0.0,0.0,0.0,0.0,0.0,0.0,0.0,0
3120,2023-02-25,USA,35.0,F,Basic,12.61,675,0,26-35,North America,75,5.357142857142857,434.89,31.06357142857143,6.5,6,14,0,2.4994504890580944,4.0,19.012430555555554,0.0,50.0,0.0,4.666666666666667,43.0,0
3121,2023-05-29,France,40.0,M,Basic,14.14,582,0,36-50,Europe,124,5.166666666666667,731.84,30.493333333333336,5.666666666666667,13,24,1,2.200131748360749,2.0,19.691111111111113,1.0,50.0,0.0,3.0,82.0,0
3122,2024-03-04,Brazil,68.0,M,Premium,37.03,302,1,51+,South America,299,5.6415094339622645,1375.59,25.95452830188679,7.471698113207547,18,53,0,2.1221754043963172,2.0,5.026944444444444,1.0,0.0,0.0,5.0,104.0,0
3123,2023-09-19,UK,47.0,F,Basic,14.79,469,0,36-50,Europe,366,5.382352941176471,2192.33,32.24014705882353,7.764705882352941,34,68,0,2.608993697267067,0.0,0.0,0.0,0.0,0.0,0.0,0.0,1
3124,2023-04-28,Brazil,51.0,Unknown,Basic,13.94,613,0,51+,South America,103,5.421052631578948,497.19,26.167894736842104,9.526315789473685,9,19,3,2.693939483641098,0.0,0.0,0.0,0.0,0.0,0.0,0.0,0
3125,2024-06-12,UK,43.5,F,Premium,31.45,202,1,36-50,Europe,61,3.8125,541.35,33.834375,8.0,7,16,7,2.5876308340513594,0.0,0.0,0.0,0.0,0.0,0.0,0.0,0
3126,2024-05-18,Italy,20.0,M,Premium,37.37,227,1,18-25,Europe,356,5.085714285714285,1942.26,27.74657142857143,7.1571428571428575,27,70,0,2.5294947490161364,2.0,7.298194444444444,0.0,100.0,2.0,4.0,152.0,0
3127,2024-01-24,UK,24.0,F,Basic,13.32,342,0,18-25,Europe,86,5.733333333333333,527.01,35.134,8.4,13,15,6,2.051712409068047,0.0,0.0,0.0,0.0,0.0,0.0,0.0,0
3128,2024-01-15,Italy,35.0,M,Basic,13.22,351,0,26-35,Europe,256,4.830188679245283,1463.81,27.619056603773583,8.584905660377359,28,53,4,2.5094885247841288,0.0,0.0,0.0,0.0,0.0,0.0,0.0,0
3129,2022-03-05,Brazil,59.0,M,Basic,12.39,1032,0,51+,South America,335,5.677966101694915,1577.54,26.737966101694916,7.779661016949152,30,59,1,2.6551230763479174,0.0,0.0,0.0,0.0,0.0,0.0,0.0,0
3130,2023-12-24,USA,24.0,M,Basic,10.3,373,0,18-25,North America,415,4.825581395348837,2327.73,27.066627906976745,7.72093023255814,37,86,0,2.5026661569807622,5.0,22.837569444444444,1.0,20.0,0.0,5.0,26.0,0
3131,2022-05-22,France,57.0,F,Basic,14.75,954,0,51+,Europe,197,4.925,1210.84,30.270999999999997,6.875,29,40,5,2.585834190650758,0.0,0.0,0.0,0.0,0.0,0.0,0.0,0
3132,2023-06-16,USA,43.5,Unknown,Enterprise,185.18,564,1,36-50,North America,147,4.083333333333333,1071.22,29.75611111111111,8.972222222222221,18,36,0,2.6117864712546033,4.0,14.27787037037037,1.0,75.0,1.0,3.6666666666666665,67.0,0
3133,2022-08-01,Spain,39.0,F,Basic,12.42,883,0,36-50,Europe,198,4.95,1240.48,31.012,8.075,23,40,1,2.726414006223804,2.0,24.428194444444443,0.0,50.0,1.0,5.0,82.0,1
3134,2023-07-29,France,18.0,F,Basic,10.78,521,0,18-25,Europe,295,5.462962962962963,1660.19,30.74425925925926,7.537037037037037,22,54,0,2.439555812979099,0.0,0.0,0.0,0.0,0.0,0.0,0.0,0
3135,2022-11-29,France,21.0,M,Premium,38.23,763,1,18-25,Europe,320,4.705882352941177,1825.45,26.84485294117647,7.852941176470588,35,68,0,2.521897079873597,0.0,0.0,0.0,0.0,0.0,0.0,0.0,0
3136,2023-11-10,USA,63.0,M,Basic,12.14,417,0,51+,North America,263,4.781818181818182,1956.04,35.56436363636364,7.909090909090909,22,55,0,2.38584490113165,0.0,0.0,0.0,0.0,0.0,0.0,0.0,0
3137,2023-05-05,USA,66.0,M,Basic,11.94,606,0,51+,North America,142,5.68,650.7,26.028000000000002,7.12,10,25,1,2.2861904265976327,0.0,0.0,0.0,0.0,0.0,0.0,0.0,0
3138,2023-06-23,Australia,69.0,F,Premium,36.64,557,1,51+,Oceania,26,5.2,101.16999999999999,20.233999999999998,6.8,1,5,7,2.3874672772626644,0.0,0.0,0.0,0.0,0.0,0.0,0.0,0
3139,2023-01-21,Brazil,67.0,F,Premium,37.58,710,1,51+,South America,201,4.568181818181818,1432.33,32.55295454545455,7.613636363636363,23,44,3,2.366409578191137,0.0,0.0,0.0,0.0,0.0,0.0,0.0,0
3140,2022-11-18,USA,60.0,Other,Premium,30.62,774,1,51+,North America,36,3.272727272727273,260.46,23.678181818181816,8.454545454545455,2,11,7,2.053821272209882,0.0,0.0,0.0,0.0,0.0,0.0,0.0,0
3141,2022-06-27,Italy,46.0,F,Premium,37.67,918,1,36-50,Europe,30,6.0,177.03,35.406,5.8,1,5,3,1.8708286933869707,4.0,8.268333333333333,1.0,50.0,0.0,3.6666666666666665,156.0,0
3142,2023-04-16,USA,43.5,F,Basic,13.66,625,0,36-50,North America,199,5.2368421052631575,1194.44,31.43263157894737,7.921052631578948,16,38,0,2.6956843440031246,0.0,0.0,0.0,0.0,0.0,0.0,0.0,0
3143,2023-06-30,Italy,43.0,F,Premium,35.88,550,1,36-50,Europe,150,4.166666666666667,1176.34,32.67611111111111,8.083333333333334,20,36,0,2.7928480087537877,3.0,15.946111111111112,2.0,66.66666666666666,0.0,4.0,207.0,0
3144,2022-12-17,Australia,43.5,F,Basic,11.68,745,0,36-50,Oceania,175,5.0,1109.97,31.713428571428572,8.085714285714285,21,35,2,2.3136424046231925,1.0,10.83388888888889,0.0,100.0,0.0,0.0,322.0,0
3145,2023-07-14,Spain,26.0,F,Basic,10.81,536,0,26-35,Europe,158,4.787878787878788,827.03,25.061515151515152,7.0,17,33,2,2.558778709628577,4.0,29.434583333333332,2.0,50.0,1.0,4.0,205.0,0
3146,2022-12-29,UK,64.0,F,Basic,10.5,733,0,51+,Europe,282,5.035714285714286,1460.94,26.088214285714287,7.196428571428571,34,56,0,2.5223674717093987,0.0,0.0,0.0,0.0,0.0,0.0,0.0,1
3147,2023-11-24,Australia,29.0,F,Basic,10.0,403,0,26-35,Oceania,259,4.980769230769231,1527.48,29.374615384615385,7.1923076923076925,24,52,2,2.235983659621312,0.0,0.0,0.0,0.0,0.0,0.0,0.0,0
3148,2024-03-01,Canada,59.0,F,Basic,11.02,305,0,51+,North America,209,4.8604651162790695,1331.95,30.97558139534884,7.209302325581396,20,43,5,2.550269783570407,0.0,0.0,0.0,0.0,0.0,0.0,0.0,0
3149,2024-06-07,Germany,68.0,M,Basic,12.05,207,0,51+,Europe,81,4.5,547.62,30.423333333333332,6.277777777777778,8,18,23,2.526331914293225,3.0,13.015277777777778,0.0,100.0,0.0,4.0,276.0,1
3150,2024-01-09,USA,68.0,M,Basic,11.21,357,0,51+,North America,181,4.641025641025641,1227.75,31.48076923076923,7.102564102564102,22,39,1,2.3338152577314193,0.0,0.0,0.0,0.0,0.0,0.0,0.0,1
3151,2023-11-29,Spain,23.0,M,Basic,11.53,398,0,18-25,Europe,376,5.371428571428571,1970.22,28.146,7.4714285714285715,35,70,0,2.240415518988067,1.0,24.659166666666668,0.0,0.0,0.0,5.0,1.0,0
3152,2023-10-21,Canada,37.0,M,Premium,33.89,437,1,36-50,North America,264,4.981132075471698,1549.58,29.237358490566038,7.283018867924528,27,53,2,2.742055419667572,0.0,0.0,0.0,0.0,0.0,0.0,0.0,0
3153,2024-04-02,UK,41.0,F,Premium,33.07,273,1,36-50,Europe,225,4.591836734693878,1681.2,34.310204081632655,7.408163265306122,28,49,0,2.5651378077579214,0.0,0.0,0.0,0.0,0.0,0.0,0.0,0
3154,2023-12-11,Spain,44.0,M,Basic,13.61,386,0,36-50,Europe,229,4.490196078431373,1598.1299999999999,31.335882352941173,8.058823529411764,29,51,0,2.5327656742747275,0.0,0.0,0.0,0.0,0.0,0.0,0.0,0
3155,2022-09-28,USA,55.0,M,Basic,12.45,825,0,51+,North America,236,5.2444444444444445,1549.45,34.43222222222222,7.377777777777778,23,45,0,2.8376971742110277,1.0,19.177222222222223,0.0,100.0,0.0,2.0,278.0,0
3156,2023-09-17,USA,25.0,M,Basic,10.09,471,0,18-25,North America,69,4.6,429.53,28.63533333333333,7.0,6,15,4,2.1974010622941433,0.0,0.0,0.0,0.0,0.0,0.0,0.0,1
3157,2023-05-11,Australia,18.0,F,Basic,11.12,600,0,18-25,Oceania,266,5.115384615384615,1763.47,33.91288461538461,7.423076923076923,27,52,0,2.683675020168485,0.0,0.0,0.0,0.0,0.0,0.0,0.0,1
3158,2022-07-16,Germany,66.0,M,Premium,37.09,899,1,51+,Europe,293,5.425925925925926,1488.68,27.56814814814815,8.462962962962964,33,54,0,2.723772715505142,2.0,29.32472222222222,0.0,50.0,0.0,4.0,80.0,1
3159,2022-09-10,Spain,66.0,M,Basic,11.49,843,0,51+,Europe,265,5.408163265306122,1621.54,33.09265306122449,8.142857142857142,28,49,0,2.448795344543063,0.0,0.0,0.0,0.0,0.0,0.0,0.0,0
3160,2022-10-13,Brazil,41.0,M,Basic,14.59,810,0,36-50,South America,69,4.928571428571429,483.84000000000003,34.56,6.357142857142857,8,14,3,2.921124275508838,0.0,0.0,0.0,0.0,0.0,0.0,0.0,0
3161,2023-07-26,USA,64.0,M,Basic,13.55,524,0,51+,North America,46,6.571428571428571,255.93,36.56142857142857,10.714285714285714,2,7,3,2.5727509827124,0.0,0.0,0.0,0.0,0.0,0.0,0.0,1
3162,2022-11-02,UK,24.0,F,Premium,32.89,790,1,18-25,Europe,86,4.526315789473684,566.85,29.83421052631579,8.421052631578947,13,19,0,2.6324559942007593,3.0,33.429351851851855,0.0,33.33333333333333,1.0,4.666666666666667,223.0,1
3163,2022-08-19,Australia,36.0,M,Basic,12.57,865,0,36-50,Oceania,281,5.109090909090909,1568.36,28.51563636363636,7.054545454545455,29,55,0,2.5868093264835914,2.0,17.579444444444444,0.0,50.0,0.0,5.0,14.0,0
3164,2022-11-01,USA,39.0,F,Premium,36.66,791,1,36-50,North America,193,6.03125,902.06,28.189375,7.0625,25,32,0,2.7295796084213553,3.0,38.46055555555556,2.0,66.66666666666666,2.0,0.0,320.0,0
3165,2024-02-29,Germany,52.0,Unknown,Basic,10.96,306,0,51+,Europe,371,4.756410256410256,2304.11,29.539871794871797,8.320512820512821,29,78,0,2.5845992300844594,5.0,21.59144444444444,0.0,40.0,0.0,4.0,123.0,1
3166,2022-10-23,UK,47.0,Other,Premium,32.45,800,1,36-50,Europe,210,5.0,1360.22,32.38619047619048,8.0,20,42,3,2.4987801902176967,2.0,14.306666666666668,1.0,100.0,1.0,5.0,248.0,0
3167,2023-12-23,Spain,46.0,M,Enterprise,150.7,374,1,36-50,Europe,235,5.340909090909091,1325.22,30.118636363636366,7.568181818181818,15,44,2,2.6143004028218533,0.0,0.0,0.0,0.0,0.0,0.0,0.0,1
3168,2022-08-01,Brazil,39.0,M,Basic,14.61,883,0,36-50,South America,376,5.295774647887324,1958.72,27.587605633802816,6.690140845070423,37,71,1,2.6424791724935837,0.0,0.0,0.0,0.0,0.0,0.0,0.0,0
3169,2023-12-08,Spain,28.0,M,Premium,33.43,389,1,26-35,Europe,113,5.380952380952381,553.15,26.34047619047619,6.9523809523809526,7,21,0,2.871866822751196,0.0,0.0,0.0,0.0,0.0,0.0,0.0,1
3170,2023-12-23,France,37.0,M,Premium,34.01,374,1,36-50,Europe,407,5.0246913580246915,2624.65,32.40308641975309,7.753086419753086,43,81,0,2.3182714931710184,0.0,0.0,0.0,0.0,0.0,0.0,0.0,0
3171,2023-05-16,Germany,46.0,F,Premium,31.9,595,1,36-50,Europe,80,5.714285714285714,436.69,31.19214285714286,8.428571428571429,2,14,6,2.2677868380553634,4.0,18.679305555555555,0.0,50.0,0.0,3.5,42.0,0
3172,2022-11-21,Canada,68.0,M,Premium,35.92,771,1,51+,North America,56,5.6,366.29,36.629000000000005,6.7,3,10,4,2.8751811537130436,0.0,0.0,0.0,0.0,0.0,0.0,0.0,1
3173,2023-05-07,USA,58.0,M,Basic,13.69,604,0,51+,North America,244,4.88,1260.82,25.2164,8.72,29,50,0,2.5365893862203466,3.0,25.72513888888889,1.0,33.33333333333333,1.0,4.0,165.0,1
3174,2022-12-24,Brazil,59.0,F,Basic,12.19,738,0,51+,South America,275,4.910714285714286,1189.83,21.246964285714284,8.053571428571429,28,56,0,2.651084071327568,0.0,0.0,0.0,0.0,0.0,0.0,0.0,0
3175,2023-07-28,USA,51.0,F,Enterprise,175.01,522,1,51+,North America,180,4.390243902439025,1184.76,28.896585365853657,6.609756097560975,20,41,1,2.635128543169078,0.0,0.0,0.0,0.0,0.0,0.0,0.0,1
3176,2024-03-25,Spain,18.0,M,Basic,11.5,281,0,18-25,Europe,31,5.166666666666667,146.35999999999999,24.39333333333333,10.666666666666666,1,6,17,2.7141603981096374,0.0,0.0,0.0,0.0,0.0,0.0,0.0,0
3177,2024-01-09,USA,48.0,M,Enterprise,170.69,357,1,36-50,North America,307,5.482142857142857,2067.4,36.917857142857144,7.285714285714286,34,56,0,2.5153425317336113,0.0,0.0,0.0,0.0,0.0,0.0,0.0,0
3178,2022-10-08,Spain,43.5,Unknown,Basic,11.28,815,0,36-50,Europe,283,5.339622641509434,1447.89,27.318679245283022,8.09433962264151,18,53,0,2.218310134959068,0.0,0.0,0.0,0.0,0.0,0.0,0.0,0
3179,2022-10-22,USA,65.0,F,Basic,13.89,801,0,51+,North America,248,4.428571428571429,1751.21,31.271607142857142,7.517857142857143,35,56,0,2.2470760221564934,4.0,13.956527777777778,0.0,100.0,0.0,3.5,72.0,0
3180,2022-05-05,UK,35.0,F,Premium,38.3,971,1,26-35,Europe,313,4.4714285714285715,1946.69,27.809857142857144,7.4,33,70,0,2.546503306305907,0.0,0.0,0.0,0.0,0.0,0.0,0.0,0
3181,2023-08-11,UK,34.0,F,Premium,37.97,508,1,26-35,Europe,299,6.1020408163265305,1541.2,31.453061224489797,7.673469387755102,24,49,0,2.3025791513646867,0.0,0.0,0.0,0.0,0.0,0.0,0.0,0
3182,2023-11-24,UK,55.0,F,Basic,11.07,403,0,51+,Europe,147,4.59375,1206.28,37.69625,7.1875,17,32,4,2.2980970388562794,1.0,24.1425,0.0,0.0,0.0,0.0,225.0,0
3183,2023-07-11,Spain,31.0,F,Basic,13.46,539,0,26-35,Europe,109,4.36,651.13,26.0452,8.28,21,25,3,2.6280537792569367,4.0,9.531458333333333,0.0,50.0,1.0,3.5,55.0,0
3184,2023-01-24,Italy,40.0,M,Premium,35.38,707,1,36-50,Europe,340,5.573770491803279,1630.92,26.73639344262295,7.491803278688525,29,61,0,2.4729133722085956,0.0,0.0,0.0,0.0,0.0,0.0,0.0,0
3185,2023-02-09,Mexico,42.0,M,Enterprise,198.59,691,1,36-50,North America,185,4.868421052631579,1296.52,34.118947368421054,6.973684210526316,23,38,1,2.350055233756639,0.0,0.0,0.0,0.0,0.0,0.0,0.0,1
3186,2024-04-18,UK,32.0,F,Premium,33.61,257,1,26-35,Europe,251,4.5636363636363635,1519.25,27.62272727272727,7.545454545454546,32,55,2,2.4627870117653012,3.0,17.613611111111112,0.0,66.66666666666666,1.0,3.3333333333333335,69.0,1
3187,2022-12-20,Canada,63.0,F,Basic,13.85,742,0,51+,North America,139,5.148148148148148,853.69,31.61814814814815,8.0,10,27,0,2.810744545540363,4.0,8.350694444444445,0.0,25.0,1.0,4.666666666666667,104.0,0
3188,2024-03-02,UK,39.0,M,Basic,11.84,304,0,36-50,Europe,409,5.1125,2177.76,27.222,7.5625,55,80,0,2.3653284087019837,0.0,0.0,0.0,0.0,0.0,0.0,0.0,0
3189,2024-04-03,USA,20.0,F,Enterprise,139.68,272,1,18-25,North America,464,5.2727272727272725,2709.97,30.795113636363634,6.818181818181818,40,88,0,2.494717512063194,3.0,25.44814814814815,0.0,33.33333333333333,0.0,5.0,21.0,1
3190,2022-05-30,Germany,36.0,F,Basic,10.54,946,0,36-50,Europe,329,5.483333333333333,1822.79,30.379833333333334,7.816666666666666,29,60,0,2.4390305566960766,5.0,17.496574074074072,2.0,40.0,0.0,3.0,64.0,0
3191,2022-10-25,USA,61.0,M,Basic,11.19,798,0,51+,North America,404,4.6976744186046515,2455.62,28.553720930232558,8.186046511627907,50,86,0,2.415975104282816,0.0,0.0,0.0,0.0,0.0,0.0,0.0,0
3192,2022-02-13,Australia,51.0,F,Basic,10.81,1052,0,51+,Oceania,330,5.15625,1571.56,24.555625,7.484375,42,64,1,2.4051449482769685,0.0,0.0,0.0,0.0,0.0,0.0,0.0,1
3193,2022-10-22,USA,52.0,M,Basic,10.79,801,0,51+,North America,39,4.333333333333333,372.34000000000003,41.37111111111111,5.444444444444445,6,9,19,2.2360679774997894,0.0,0.0,0.0,0.0,0.0,0.0,0.0,0
3194,2024-01-02,Canada,67.0,F,Basic,10.04,364,0,51+,North America,161,4.735294117647059,950.41,27.953235294117647,7.0,14,34,3,2.744789261981987,0.0,0.0,0.0,0.0,0.0,0.0,0.0,1
3195,2022-03-22,Italy,18.0,M,Basic,13.96,1015,0,18-25,Europe,191,5.162162162162162,1093.98,29.567027027027027,7.1891891891891895,14,37,0,2.7336738966037943,0.0,0.0,0.0,0.0,0.0,0.0,0.0,1
3196,2022-12-21,UK,69.0,F,Premium,34.67,741,1,51+,Europe,271,4.672413793103448,1846.43,31.835,6.931034482758621,27,58,1,2.6450080823309197,1.0,5.808055555555556,0.0,100.0,0.0,0.0,78.0,0
3197,2023-03-29,UK,38.0,F,Basic,14.01,643,0,36-50,Europe,413,4.916666666666667,2471.89,29.427261904761902,8.214285714285714,50,84,0,2.527956140639307,4.0,11.352685185185186,1.0,0.0,1.0,0.0,16.0,0
3198,2023-11-03,Mexico,46.0,M,Basic,13.05,424,0,36-50,North America,191,4.897435897435898,1059.42,27.164615384615388,7.153846153846154,20,39,1,2.5832952415458155,0.0,0.0,0.0,0.0,0.0,0.0,0.0,0
3199,2022-09-20,UK,23.0,F,Basic,14.15,833,0,18-25,Europe,208,4.622222222222222,1221.07,27.134888888888888,7.533333333333333,20,45,0,2.5874600470247833,2.0,7.304861111111111,0.0,0.0,0.0,0.0,72.0,1
3200,2024-02-05,Spain,54.0,F,Enterprise,150.37,330,1,51+,Europe,183,5.228571428571429,940.34,26.866857142857143,7.257142857142857,23,35,4,2.438486925819976,0.0,0.0,0.0,0.0,0.0,0.0,0.0,1
3201,2023-05-06,Italy,18.0,F,Premium,30.93,605,1,18-25,Europe,443,5.151162790697675,2665.25,30.99127906976744,7.232558139534884,29,86,0,2.5645430362838755,0.0,0.0,0.0,0.0,0.0,0.0,0.0,0
3202,2022-08-08,UK,68.0,M,Basic,13.07,876,0,51+,Europe,110,4.782608695652174,733.16,31.876521739130432,6.6521739130434785,7,23,0,2.173320077232704,0.0,0.0,0.0,0.0,0.0,0.0,0.0,0
3203,2022-07-26,Australia,18.0,F,Basic,13.38,889,0,18-25,Oceania,456,5.181818181818182,2681.55,30.47215909090909,6.8977272727272725,37,88,0,2.535021161332042,0.0,0.0,0.0,0.0,0.0,0.0,0.0,0
3204,2024-04-27,USA,44.0,M,Basic,13.12,248,0,36-50,North America,93,5.166666666666667,410.46,22.80333333333333,7.277777777777778,11,18,3,2.431412080640045,0.0,0.0,0.0,0.0,0.0,0.0,0.0,0
3205,2023-07-06,Spain,38.0,M,Premium,38.0,544,1,36-50,Europe,178,5.741935483870968,910.07,29.35709677419355,8.806451612903226,18,31,1,2.9548574916058006,5.0,12.448611111111111,3.0,80.0,1.0,3.0,3.0,0
3206,2022-10-05,Spain,70.0,M,Basic,13.65,818,0,51+,Europe,152,4.903225806451613,984.43,31.7558064516129,6.258064516129032,6,31,0,2.7731430869403697,0.0,0.0,0.0,0.0,0.0,0.0,0.0,0
3207,2023-07-30,France,33.0,M,Basic,12.15,520,0,26-35,Europe,350,5.0,1863.89,26.627000000000002,7.8,39,70,1,2.6539552107881486,4.0,8.235277777777776,2.0,25.0,0.0,0.0,12.0,0
3208,2023-12-14,France,61.0,F,Premium,38.18,383,1,51+,Europe,215,5.375,1191.6,29.79,7.2,15,40,2,2.55892104666731,5.0,6.920185185185185,2.0,40.0,0.0,0.0,57.0,0
3209,2022-10-06,USA,57.0,M,Premium,36.91,817,1,51+,North America,70,3.6842105263157894,621.71,32.72157894736842,6.052631578947368,7,19,0,2.539742584920924,0.0,0.0,0.0,0.0,0.0,0.0,0.0,0
3210,2022-05-21,USA,43.0,M,Basic,10.59,955,0,36-50,North America,87,5.117647058823529,513.75,30.220588235294116,7.647058823529412,15,17,3,2.521962354526145,0.0,0.0,0.0,0.0,0.0,0.0,0.0,0
3211,2022-04-22,USA,33.0,F,Basic,12.69,984,0,26-35,North America,205,4.880952380952381,1084.57,25.823095238095238,7.714285714285714,21,42,0,2.6151750484934055,0.0,0.0,0.0,0.0,0.0,0.0,0.0,0
3212,2023-09-23,USA,45.0,F,Basic,13.63,465,0,36-50,North America,94,4.947368421052632,557.16,29.324210526315788,5.894736842105263,7,19,1,3.407078973916355,0.0,0.0,0.0,0.0,0.0,0.0,0.0,0
3213,2024-01-29,UK,18.0,F,Basic,12.76,337,0,18-25,Europe,297,5.2105263157894735,1706.8,29.943859649122807,7.543859649122807,26,57,1,2.425584186668553,0.0,0.0,0.0,0.0,0.0,0.0,0.0,0
3214,2023-08-24,Mexico,53.0,M,Basic,14.74,495,0,51+,North America,300,5.0,1535.31,25.5885,7.866666666666666,23,60,0,2.364999014583949,0.0,0.0,0.0,0.0,0.0,0.0,0.0,0
3215,2022-09-03,UK,27.0,F,Enterprise,110.14,850,1,26-35,Europe,227,5.044444444444444,1257.09,27.935333333333332,8.377777777777778,20,45,0,2.9151294650460717,0.0,0.0,0.0,0.0,0.0,0.0,0.0,1
3216,2022-09-06,Mexico,60.0,M,Basic,13.6,847,0,51+,North America,439,4.988636363636363,2505.66,28.47340909090909,7.181818181818182,49,88,0,2.4704893562515386,0.0,0.0,0.0,0.0,0.0,0.0,0.0,0
3217,2022-02-21,France,34.0,Other,Premium,38.23,1044,1,26-35,Europe,255,5.3125,1289.04,26.855,7.104166666666667,26,48,1,2.433421984200745,0.0,0.0,0.0,0.0,0.0,0.0,0.0,1
3218,2023-11-17,France,40.0,F,Basic,13.5,410,0,36-50,Europe,349,4.915492957746479,2079.17,29.284084507042255,7.549295774647887,30,71,0,2.545284036202973,0.0,0.0,0.0,0.0,0.0,0.0,0.0,0
3219,2023-06-28,France,24.0,F,Basic,11.92,552,0,18-25,Europe,209,4.8604651162790695,1101.13,25.607674418604653,7.511627906976744,20,43,0,2.5315287621818867,1.0,14.289722222222222,0.0,0.0,0.0,4.0,272.0,0
3220,2022-08-20,Italy,43.5,M,Premium,33.84,864,1,36-50,Europe,248,4.679245283018868,1703.6399999999999,32.14415094339623,7.716981132075472,25,53,1,2.8539687946764483,0.0,0.0,0.0,0.0,0.0,0.0,0.0,0
3221,2023-10-16,Germany,70.0,M,Premium,35.86,442,1,51+,Europe,231,5.372093023255814,1212.95,28.20813953488372,8.093023255813954,20,43,2,2.582203339471688,5.0,23.080833333333334,1.0,40.0,0.0,5.0,47.0,1
3222,2022-08-27,Mexico,24.0,M,Enterprise,139.7,857,1,18-25,North America,268,4.5423728813559325,1451.09,24.594745762711863,6.610169491525424,34,59,0,2.3217267199243152,0.0,0.0,0.0,0.0,0.0,0.0,0.0,0
3223,2022-02-23,USA,61.0,M,Basic,14.41,1042,0,51+,North America,153,5.1,1014.52,33.81733333333333,6.666666666666667,15,30,1,2.2026629651244956,0.0,0.0,0.0,0.0,0.0,0.0,0.0,0
3224,2022-04-13,Italy,32.0,M,Basic,10.54,993,0,26-35,Europe,378,4.846153846153846,2869.94,36.794102564102566,6.987179487179487,29,78,0,2.805731254437579,0.0,0.0,0.0,0.0,0.0,0.0,0.0,1
3225,2023-02-28,UK,51.0,F,Basic,13.19,672,0,51+,Europe,347,4.626666666666667,2459.91,32.7988,7.8133333333333335,53,75,0,2.486576574944569,1.0,9.164444444444444,0.0,100.0,1.0,2.0,188.0,0
3226,2022-12-05,UK,63.0,M,Basic,10.66,757,0,51+,Europe,379,5.053333333333334,2761.73,36.82306666666667,6.64,32,75,1,2.5568843653277824,0.0,0.0,0.0,0.0,0.0,0.0,0.0,0
3227,2024-01-05,Australia,62.0,F,Basic,12.69,361,0,51+,Oceania,195,4.239130434782608,1668.79,36.27804347826087,6.956521739130435,18,46,1,2.6262333196567593,0.0,0.0,0.0,0.0,0.0,0.0,0.0,0
3228,2023-04-29,Canada,21.0,M,Premium,37.15,612,1,18-25,North America,440,4.943820224719101,2887.83,32.44752808988764,6.820224719101123,32,89,0,2.2781549081428594,2.0,18.61,1.0,50.0,0.0,2.0,118.0,1
3229,2022-04-13,Spain,31.0,M,Basic,10.82,993,0,26-35,Europe,302,5.592592592592593,1469.16,27.206666666666667,7.0,25,54,0,2.5440905890370953,5.0,8.028611111111111,1.0,60.0,1.0,3.0,1.0,1
3230,2023-11-29,USA,31.0,F,Enterprise,170.39,398,1,26-35,North America,365,5.0,2289.08,31.357260273972603,7.410958904109589,36,73,0,2.5166114784235836,0.0,0.0,0.0,0.0,0.0,0.0,0.0,0
3231,2024-02-29,UK,33.0,F,Basic,10.69,306,0,26-35,Europe,229,4.58,1471.74,29.4348,7.34,28,50,0,2.3568398073587904,4.0,20.171875,0.0,75.0,0.0,2.0,40.0,0
3232,2022-05-21,Brazil,43.5,M,Premium,36.2,955,1,36-50,South America,172,4.648648648648648,1298.23,35.0872972972973,7.486486486486487,15,37,1,2.4968448558599374,0.0,0.0,0.0,0.0,0.0,0.0,0.0,0
3233,2022-01-06,UK,49.0,M,Basic,12.52,1090,0,36-50,Europe,204,4.340425531914893,1377.67,29.312127659574468,7.702127659574468,21,47,0,2.6232786964663037,0.0,0.0,0.0,0.0,0.0,0.0,0.0,0
3234,2023-07-18,Australia,36.0,F,Basic,11.48,532,0,36-50,Oceania,98,5.444444444444445,503.02,27.945555555555554,6.722222222222222,8,18,7,2.6171880334844837,5.0,6.512777777777778,3.0,60.0,2.0,4.0,117.0,0
3235,2022-06-11,USA,19.0,M,Premium,31.11,934,1,18-25,North America,89,4.944444444444445,519.5,28.86111111111111,7.777777777777778,8,18,7,1.9545489090602202,3.0,16.4775,0.0,33.33333333333333,1.0,4.5,89.0,0
3236,2023-02-21,Canada,27.0,M,Basic,13.67,679,0,26-35,North America,283,5.4423076923076925,1531.21,29.446346153846154,7.115384615384615,30,52,2,2.60025233721548,4.0,18.527916666666666,0.0,25.0,1.0,5.0,48.0,0
3237,2023-10-31,Italy,67.0,F,Premium,33.81,427,1,51+,Europe,267,4.684210526315789,2102.35,36.88333333333333,7.43859649122807,28,57,1,2.2690298016115835,1.0,20.88722222222222,0.0,100.0,0.0,0.0,273.0,0
3238,2024-06-20,USA,34.0,M,Basic,10.42,194,0,26-35,North America,450,5.232558139534884,2467.34,28.69,7.476744186046512,39,86,0,2.7036986370728227,4.0,14.531851851851853,1.0,75.0,1.0,4.5,10.0,0
3239,2024-06-18,Spain,54.0,Unknown,Premium,37.72,196,1,51+,Europe,149,4.65625,888.59,27.7684375,6.8125,14,32,1,2.350145843106544,0.0,0.0,0.0,0.0,0.0,0.0,0.0,1
3240,2023-05-03,USA,29.0,F,Premium,32.32,608,1,26-35,North America,100,4.545454545454546,613.77,27.898636363636363,7.0,15,22,4,2.364967989862356,0.0,0.0,0.0,0.0,0.0,0.0,0.0,0
3241,2023-05-04,Germany,23.0,F,Basic,13.67,607,0,18-25,Europe,188,5.875,1003.53,31.3603125,7.53125,12,32,1,2.744495958189068,0.0,0.0,0.0,0.0,0.0,0.0,0.0,0
3242,2023-10-29,France,39.0,M,Basic,12.81,429,0,36-50,Europe,455,5.352941176470588,2360.11,27.766000000000002,6.635294117647059,48,85,0,2.4334273417242147,0.0,0.0,0.0,0.0,0.0,0.0,0.0,0
3243,2022-07-24,France,49.0,F,Basic,10.96,891,0,36-50,Europe,283,5.2407407407407405,1390.24,25.745185185185186,7.037037037037037,23,54,0,2.561950798469902,0.0,0.0,0.0,0.0,0.0,0.0,0.0,1
3244,2024-02-14,Spain,58.0,M,Basic,10.37,321,0,51+,Europe,343,5.196969696969697,1952.58,29.584545454545452,7.045454545454546,27,66,0,2.4065276419304413,0.0,0.0,0.0,0.0,0.0,0.0,0.0,0
3245,2022-10-22,Canada,37.0,F,Basic,12.96,801,0,36-50,North America,258,4.777777777777778,2023.86,37.47888888888889,7.166666666666667,38,54,0,2.4391977235540367,0.0,0.0,0.0,0.0,0.0,0.0,0.0,1
3246,2022-11-25,Mexico,18.0,F,Basic,10.12,767,0,18-25,North America,84,6.0,357.37,25.52642857142857,7.5,6,14,3,2.4806946917841692,4.0,9.151736111111111,0.0,50.0,0.0,5.0,103.0,0
3247,2022-10-20,Australia,64.0,M,Basic,10.32,803,0,51+,Oceania,251,5.340425531914893,1734.66,36.907659574468084,7.0212765957446805,16,47,0,2.3981568624102247,0.0,0.0,0.0,0.0,0.0,0.0,0.0,0
3248,2023-10-24,Italy,70.0,M,Enterprise,170.21,434,1,51+,Europe,89,4.45,538.91,26.9455,9.45,13,20,7,2.5644328397276626,4.0,18.658125,0.0,100.0,1.0,4.0,52.0,0
3249,2022-03-02,France,23.0,M,Basic,12.68,1035,0,18-25,Europe,339,5.557377049180328,1575.43,25.82672131147541,7.475409836065574,39,61,0,2.4666075904903235,5.0,13.017333333333335,0.0,60.0,0.0,4.0,52.0,1
3250,2024-02-27,USA,36.0,F,Enterprise,132.62,308,1,36-50,North America,186,5.027027027027027,1083.08,29.27243243243243,7.0,16,37,2,2.48871326064167,1.0,0.0,1.0,100.0,0.0,0.0,23.0,0
3251,2022-04-02,UK,35.0,F,Basic,12.69,1004,0,26-35,Europe,391,4.7682926829268295,2611.93,31.85280487804878,7.963414634146342,32,82,0,2.4909653069026696,0.0,0.0,0.0,0.0,0.0,0.0,0.0,0
3252,2023-10-30,UK,23.0,M,Premium,35.91,428,1,18-25,Europe,250,5.0,1541.08,30.8216,7.58,16,50,0,2.523360247522242,2.0,10.94986111111111,0.0,100.0,0.0,0.0,36.0,0
3253,2023-08-11,Mexico,62.0,M,Basic,12.82,508,0,51+,North America,182,5.352941176470588,1122.0,33.0,6.970588235294118,28,34,1,2.3853384607205146,0.0,0.0,0.0,0.0,0.0,0.0,0.0,1
3254,2022-08-26,UK,50.0,M,Basic,13.2,858,0,36-50,Europe,237,4.5576923076923075,1339.55,25.760576923076922,7.096153846153846,25,52,0,2.6227770160686745,0.0,0.0,0.0,0.0,0.0,0.0,0.0,0
3255,2023-07-02,UK,43.5,M,Premium,39.39,548,1,36-50,Europe,140,4.242424242424242,939.38,28.466060606060605,8.393939393939394,19,33,1,2.385245048080792,0.0,0.0,0.0,0.0,0.0,0.0,0.0,0
3256,2024-01-27,Australia,40.0,M,Enterprise,138.87,339,1,36-50,Oceania,353,5.515625,1989.56,31.086875,6.59375,30,64,0,2.6666201632849953,1.0,7.290277777777778,0.0,100.0,0.0,0.0,182.0,0
3257,2024-01-11,USA,43.0,F,Basic,11.5,355,0,36-50,North America,453,5.089887640449438,2416.69,27.1538202247191,7.01123595505618,46,89,0,2.7495472744625786,0.0,0.0,0.0,0.0,0.0,0.0,0.0,0
3258,2024-05-20,Mexico,30.0,F,Enterprise,103.83,225,1,26-35,North America,33,6.6,86.02000000000001,17.204,10.6,4,5,6,1.5165750888103104,3.0,17.746296296296297,0.0,66.66666666666666,0.0,3.5,120.0,0
3259,2022-02-08,USA,24.0,Other,Premium,31.46,1057,1,18-25,North America,397,5.089743589743589,2566.41,32.902692307692305,7.012820512820513,35,78,0,2.3420819766498324,5.0,18.091833333333334,0.0,80.0,1.0,4.5,1.0,0
3260,2022-06-29,Spain,32.0,F,Enterprise,110.61,916,1,26-35,Europe,272,5.44,1581.38,31.6276,7.22,30,50,0,2.612059942431862,0.0,0.0,0.0,0.0,0.0,0.0,0.0,1
3261,2023-03-04,UK,61.0,F,Basic,11.67,668,0,51+,Europe,256,4.654545454545454,1581.72,28.758545454545455,6.254545454545455,31,55,0,2.6191473154316194,4.0,13.645,2.0,25.0,1.0,4.0,47.0,0
3262,2024-06-22,USA,44.0,F,Enterprise,160.99,192,1,36-50,North America,195,4.534883720930233,1320.2,30.70232558139535,7.209302325581396,23,43,2,2.433387186709704,4.0,14.641597222222222,0.0,100.0,1.0,4.0,64.0,0
3263,2024-05-07,Italy,43.0,F,Premium,30.45,238,1,36-50,Europe,207,4.6,1437.77,31.950444444444443,8.355555555555556,17,45,0,2.535206643899611,0.0,0.0,0.0,0.0,0.0,0.0,0.0,0
3264,2022-06-30,Mexico,50.0,M,Basic,13.63,915,0,36-50,North America,209,4.8604651162790695,1121.18,26.073953488372094,7.395348837209302,19,43,3,2.5688740849310503,0.0,0.0,0.0,0.0,0.0,0.0,0.0,0
3265,2022-02-07,Germany,32.0,M,Basic,11.98,1058,0,26-35,Europe,131,4.678571428571429,713.0699999999999,25.466785714285713,8.214285714285714,10,28,0,2.708745389899461,0.0,0.0,0.0,0.0,0.0,0.0,0.0,0
3266,2024-05-06,Germany,53.0,M,Basic,14.81,239,0,51+,Europe,412,4.847058823529411,2193.32,25.803764705882354,7.564705882352941,40,85,0,2.670410537159931,4.0,23.252222222222223,0.0,75.0,0.0,4.333333333333333,73.0,0
3267,2023-02-11,USA,62.0,F,Basic,12.83,689,0,51+,North America,134,4.0606060606060606,861.54,26.107272727272726,7.090909090909091,13,33,0,2.1785802994638788,3.0,12.455972222222222,1.0,33.33333333333333,1.0,0.0,95.0,0
3268,2024-03-17,Australia,44.0,F,Premium,37.7,289,1,36-50,Oceania,225,5.357142857142857,1319.68,31.420952380952382,7.190476190476191,19,42,0,2.676195229411215,5.0,7.078777777777778,0.0,40.0,2.0,3.3333333333333335,6.0,0
3269,2023-05-23,France,22.0,M,Premium,38.6,588,1,18-25,Europe,118,4.37037037037037,718.07,26.595185185185187,7.592592592592593,14,27,1,2.5441962331814096,0.0,0.0,0.0,0.0,0.0,0.0,0.0,0
3270,2022-07-10,USA,19.0,F,Premium,38.88,905,1,18-25,North America,346,4.613333333333333,2523.95,33.65266666666666,6.546666666666667,39,75,0,2.5621640627962696,0.0,0.0,0.0,0.0,0.0,0.0,0.0,0
3271,2024-02-06,UK,50.0,F,Basic,12.58,329,0,36-50,Europe,217,4.822222222222222,1323.33,29.40733333333333,7.688888888888889,19,45,0,2.878516733642274,2.0,0.0,2.0,50.0,1.0,0.0,3.0,0
3272,2024-06-12,Brazil,33.0,M,Basic,11.97,202,0,26-35,South America,311,5.553571428571429,1319.65,23.56517857142857,7.0,32,56,2,2.4190128930254544,5.0,13.81263888888889,3.0,40.0,0.0,0.0,107.0,0
3273,2022-10-24,Mexico,40.0,M,Basic,12.79,799,0,36-50,North America,350,5.384615384615385,1709.11,26.293999999999997,6.615384615384615,38,65,1,2.4347247514625994,1.0,11.422777777777778,0.0,0.0,0.0,4.0,290.0,1
3274,2024-06-16,UK,55.0,M,Premium,34.01,198,1,51+,Europe,39,4.875,192.7,24.0875,6.25,3,8,11,2.416461403433896,1.0,44.81777777777778,0.0,100.0,0.0,4.0,179.0,0
3275,2022-02-08,Mexico,33.0,M,Basic,11.19,1057,0,26-35,North America,231,4.62,1283.52,25.6704,7.26,27,50,0,2.33771212068203,0.0,0.0,0.0,0.0,0.0,0.0,0.0,0
3276,2022-01-10,Spain,31.0,F,Basic,11.61,1086,0,26-35,Europe,182,5.055555555555555,1064.26,29.56277777777778,6.555555555555555,19,36,2,2.413585885233178,0.0,0.0,0.0,0.0,0.0,0.0,0.0,0
3277,2022-11-02,Mexico,46.0,F,Basic,11.15,790,0,36-50,North America,91,3.7916666666666665,760.12,31.671666666666667,7.916666666666667,7,24,0,2.484371439474251,0.0,0.0,0.0,0.0,0.0,0.0,0.0,0
3278,2023-08-05,Spain,43.0,F,Basic,11.34,514,0,36-50,Europe,182,5.352941176470588,871.14,25.621764705882352,6.4411764705882355,14,34,0,3.161150087424325,0.0,0.0,0.0,0.0,0.0,0.0,0.0,1
3279,2023-09-10,Mexico,52.0,F,Basic,10.46,478,0,51+,North America,231,5.372093023255814,1337.3700000000001,31.10162790697675,7.27906976744186,18,43,2,2.7862182580725494,0.0,0.0,0.0,0.0,0.0,0.0,0.0,1
3280,2022-04-20,Germany,32.0,F,Basic,12.12,986,0,26-35,Europe,70,5.384615384615385,409.95,31.534615384615385,8.0,9,13,8,2.930826434598881,1.0,0.0,1.0,0.0,0.0,0.0,124.0,0
3281,2022-12-10,Germany,20.0,F,Enterprise,123.52,752,1,18-25,Europe,417,4.793103448275862,2371.83,27.26241379310345,7.045977011494253,47,87,0,2.575095080811683,0.0,0.0,0.0,0.0,0.0,0.0,0.0,1
3282,2022-10-19,Australia,40.0,F,Basic,12.23,804,0,36-50,Oceania,189,5.5588235294117645,885.83,26.053823529411765,8.411764705882353,16,34,0,2.8089810130278208,4.0,32.07194444444445,0.0,25.0,1.0,3.0,41.0,0
3283,2023-04-11,Canada,46.0,F,Premium,37.91,630,1,36-50,North America,198,4.604651162790698,1229.31,28.58860465116279,7.6976744186046515,26,43,2,2.2901396805364653,0.0,0.0,0.0,0.0,0.0,0.0,0.0,0
3284,2023-10-19,UK,51.0,Unknown,Basic,12.23,439,0,51+,Europe,390,4.534883720930233,2537.1,29.501162790697673,7.162790697674419,49,86,0,2.314647346629997,4.0,10.37675925925926,1.0,75.0,2.0,4.666666666666667,40.0,0
3285,2023-07-11,UK,50.0,M,Premium,39.54,539,1,36-50,Europe,256,4.7407407407407405,1683.58,31.177407407407404,6.981481481481482,23,54,2,2.435470472430832,2.0,12.356250000000001,0.0,50.0,0.0,4.0,79.0,0
3286,2023-06-21,Canada,58.0,F,Basic,10.73,559,0,51+,North America,84,5.25,422.66,26.41625,7.0625,13,16,8,1.879716290649558,0.0,0.0,0.0,0.0,0.0,0.0,0.0,0
3287,2023-05-21,France,58.0,Unknown,Premium,38.49,590,1,51+,Europe,234,5.2,1255.93,27.909555555555556,8.133333333333333,34,45,0,2.554852779960663,0.0,0.0,0.0,0.0,0.0,0.0,0.0,1
3288,2024-06-29,UK,40.0,F,Premium,32.47,185,1,36-50,Europe,229,5.325581395348837,1556.34,36.19395348837209,7.093023255813954,24,43,0,2.407537076137968,0.0,0.0,0.0,0.0,0.0,0.0,0.0,0
3289,2022-05-18,Australia,24.0,M,Basic,14.66,958,0,18-25,Oceania,254,4.535714285714286,1885.4,33.667857142857144,7.839285714285714,26,56,1,2.493367826230842,1.0,0.0,1.0,100.0,1.0,0.0,134.0,0
3290,2024-05-21,Brazil,20.0,M,Enterprise,122.7,224,1,18-25,South America,294,5.25,1813.77,32.38875,7.410714285714286,23,56,7,2.574348990963099,0.0,0.0,0.0,0.0,0.0,0.0,0.0,1
3291,2023-06-01,Brazil,49.0,Other,Basic,13.72,579,0,36-50,South America,84,7.636363636363637,307.63,27.966363636363635,6.181818181818182,2,11,12,1.6895400127092148,4.0,12.062222222222223,1.0,25.0,2.0,4.0,41.0,1
3292,2023-04-25,USA,48.0,M,Premium,30.61,616,1,36-50,North America,399,4.586206896551724,2625.57,30.17896551724138,8.137931034482758,47,87,0,2.6787350543829063,0.0,0.0,0.0,0.0,0.0,0.0,0.0,0
3293,2022-10-07,USA,35.0,M,Basic,13.14,816,0,26-35,North America,221,4.911111111111111,1238.06,27.512444444444444,8.155555555555555,39,45,1,2.304365641581433,5.0,26.229097222222222,1.0,60.0,1.0,5.0,40.0,0
3294,2022-07-17,Brazil,60.0,M,Enterprise,121.86,898,1,51+,South America,212,4.818181818181818,1288.52,29.284545454545455,7.318181818181818,26,44,0,2.404189437189651,0.0,0.0,0.0,0.0,0.0,0.0,0.0,0
3295,2024-04-08,UK,24.0,F,Premium,36.69,267,1,18-25,Europe,293,5.528301886792453,1700.29,32.08094339622642,7.264150943396227,26,53,0,2.6646097533937287,0.0,0.0,0.0,0.0,0.0,0.0,0.0,0
3296,2022-04-26,UK,58.0,F,Basic,13.17,980,0,51+,Europe,218,5.45,1244.0,31.1,7.475,21,40,0,2.4594141474582822,3.0,11.233888888888888,1.0,66.66666666666666,0.0,3.5,69.0,0
3297,2022-12-05,Canada,18.0,F,Basic,14.61,757,0,18-25,North America,69,4.3125,517.9499999999999,32.371874999999996,7.4375,11,16,5,2.8217902119044926,2.0,7.14,1.0,0.0,0.0,4.0,11.0,1
3298,2022-06-16,USA,31.0,F,Premium,36.26,929,1,26-35,North America,143,4.931034482758621,795.56,27.433103448275862,7.586206896551724,18,29,0,2.3134858436498966,0.0,0.0,0.0,0.0,0.0,0.0,0.0,1
3299,2024-01-19,USA,69.0,M,Premium,34.07,347,1,51+,North America,114,5.7,689.7,34.485,7.65,6,20,4,2.848822471422923,0.0,0.0,0.0,0.0,0.0,0.0,0.0,0
3300,2023-04-15,Germany,49.0,M,Enterprise,119.35,626,1,36-50,Europe,272,4.689655172413793,1770.24,30.521379310344827,8.327586206896552,31,58,1,2.4509711397996248,1.0,17.30472222222222,0.0,0.0,0.0,0.0,319.0,0
3301,2023-10-26,Spain,23.0,M,Basic,13.28,432,0,18-25,Europe,275,5.288461538461538,1648.34,31.69884615384615,7.769230769230769,28,52,1,2.592118812799324,0.0,0.0,0.0,0.0,0.0,0.0,0.0,0
3302,2022-09-21,Australia,56.0,F,Basic,10.57,832,0,51+,Oceania,338,5.451612903225806,1703.36,27.473548387096773,8.306451612903226,42,62,0,2.5650706656602615,0.0,0.0,0.0,0.0,0.0,0.0,0.0,0
3303,2024-01-06,Brazil,27.0,F,Basic,14.13,360,0,26-35,South America,119,4.958333333333333,716.91,29.87125,8.166666666666666,9,24,6,2.851074041200228,0.0,0.0,0.0,0.0,0.0,0.0,0.0,0
3304,2022-07-10,UK,24.0,M,Basic,11.23,905,0,18-25,Europe,47,4.7,440.63,44.063,7.9,4,10,7,2.6687491868330793,0.0,0.0,0.0,0.0,0.0,0.0,0.0,0
3305,2022-01-15,Canada,43.0,M,Basic,12.61,1081,0,36-50,North America,108,4.695652173913044,569.5799999999999,24.764347826086954,7.782608695652174,14,23,1,2.8354057366979433,0.0,0.0,0.0,0.0,0.0,0.0,0.0,0
3306,2024-01-25,UK,51.0,M,Basic,12.97,341,0,51+,Europe,210,4.7727272727272725,1512.31,34.370681818181815,8.045454545454545,16,44,1,2.559647835185366,0.0,0.0,0.0,0.0,0.0,0.0,0.0,0
3307,2022-12-12,Brazil,47.0,F,Basic,11.8,750,0,36-50,South America,135,4.821428571428571,797.02,28.465,6.857142857142857,13,28,0,2.4803460246740583,2.0,4.519444444444445,1.0,50.0,0.0,0.0,60.0,1
3308,2024-03-20,USA,53.0,M,Basic,13.31,286,0,51+,North America,362,4.891891891891892,2059.44,27.830270270270272,7.9324324324324325,48,74,0,2.502423852755058,2.0,7.775416666666667,0.0,50.0,1.0,2.0,142.0,0
3309,2022-10-30,Spain,38.0,M,Basic,11.24,793,0,36-50,Europe,230,4.509803921568627,1832.02,35.921960784313725,8.058823529411764,23,51,0,2.6181867696526755,0.0,0.0,0.0,0.0,0.0,0.0,0.0,0
3310,2023-08-05,USA,34.0,M,Premium,30.34,514,1,26-35,North America,211,5.146341463414634,1117.66,27.26,7.121951219512195,21,41,0,2.5841920943474395,0.0,0.0,0.0,0.0,0.0,0.0,0.0,0
3311,2023-11-22,UK,50.0,F,Basic,14.79,405,0,36-50,Europe,234,4.68,1528.22,30.5644,6.96,23,50,1,2.461458004964554,4.0,7.376759259259259,1.0,75.0,1.0,5.0,75.0,0
3312,2024-02-15,USA,27.0,F,Basic,11.59,320,0,26-35,North America,44,4.0,182.63,16.60272727272727,9.545454545454545,7,11,5,2.32379000772445,2.0,9.189305555555556,0.0,50.0,1.0,4.0,46.0,0
3313,2022-07-17,Germany,68.0,M,Basic,13.56,898,0,51+,Europe,81,4.764705882352941,542.97,31.939411764705884,7.235294117647059,12,17,19,2.7732970397323538,1.0,20.669722222222223,0.0,100.0,0.0,0.0,93.0,0
3314,2022-06-29,Brazil,64.0,F,Basic,12.53,916,0,51+,South America,152,5.846153846153846,952.46,36.63307692307693,8.576923076923077,21,26,2,2.57203899958469,3.0,14.868703703703703,0.0,66.66666666666666,0.0,3.6666666666666665,82.0,1
3315,2023-09-18,Mexico,43.5,F,Enterprise,166.89,470,1,36-50,North America,263,5.0576923076923075,1462.66,28.128076923076925,7.038461538461538,36,52,1,2.460778304572233,3.0,19.075,2.0,33.33333333333333,0.0,5.0,15.0,0
3316,2024-05-26,Germany,68.0,Other,Basic,10.54,219,0,51+,Europe,200,5.0,1184.1399999999999,29.603499999999997,6.9,18,40,1,2.438999374480844,0.0,0.0,0.0,0.0,0.0,0.0,0.0,0
3317,2023-10-17,Australia,29.0,M,Premium,35.18,441,1,26-35,Oceania,42,4.666666666666667,380.82,42.31333333333333,7.333333333333333,4,9,16,2.449489742783178,1.0,8.69111111111111,0.0,100.0,0.0,0.0,116.0,1
3318,2023-02-20,France,33.0,F,Basic,11.95,680,0,26-35,Europe,266,4.836363636363636,1831.94,33.308,6.8,30,55,0,2.3786366805194223,0.0,0.0,0.0,0.0,0.0,0.0,0.0,0
3319,2024-04-26,UK,58.0,F,Premium,34.51,249,1,51+,Europe,25,5.0,322.9,64.58,6.0,2,5,9,2.1213203435596424,0.0,0.0,0.0,0.0,0.0,0.0,0.0,0
3320,2023-03-14,Spain,49.0,M,Basic,14.82,658,0,36-50,Europe,471,5.7439024390243905,2403.84,29.315121951219513,7.439024390243903,42,82,0,2.392431355929253,3.0,11.011481481481482,0.0,66.66666666666666,0.0,2.0,113.0,0
3321,2023-06-12,Italy,32.0,F,Basic,10.67,568,0,26-35,Europe,153,4.78125,1065.1200000000001,33.285000000000004,9.40625,22,32,1,2.5110642262568867,5.0,8.481851851851852,2.0,40.0,0.0,3.0,127.0,0
3322,2022-12-02,Italy,44.0,M,Premium,37.54,760,1,36-50,Europe,49,4.9,238.47000000000003,23.847,9.2,5,10,24,2.960855732160327,0.0,0.0,0.0,0.0,0.0,0.0,0.0,1
3323,2022-03-30,Spain,45.0,M,Basic,11.64,1007,0,36-50,Europe,134,4.962962962962963,779.67,28.876666666666665,8.185185185185185,9,27,6,2.623583595617049,0.0,0.0,0.0,0.0,0.0,0.0,0.0,0
3324,2023-02-15,USA,34.0,M,Premium,32.89,685,1,26-35,North America,38,5.428571428571429,194.34,27.762857142857143,6.428571428571429,4,7,9,0.9759000729485332,3.0,27.188333333333333,2.0,33.33333333333333,0.0,5.0,96.0,0
3325,2023-11-17,Australia,63.0,M,Basic,11.34,410,0,51+,Oceania,294,5.068965517241379,1557.04,26.84551724137931,7.172413793103448,21,58,0,2.758477007752439,0.0,0.0,0.0,0.0,0.0,0.0,0.0,0
3326,2022-04-08,UK,67.0,M,Premium,33.48,998,1,51+,Europe,400,4.938271604938271,2658.29,32.818395061728395,8.814814814814815,38,81,0,2.4967262515759794,1.0,10.310277777777776,0.0,0.0,0.0,5.0,196.0,1
3327,2022-07-09,USA,19.0,M,Enterprise,135.7,906,1,18-25,North America,233,4.66,1421.8799999999999,28.437599999999996,8.22,32,50,2,2.479384387055688,5.0,18.924722222222222,2.0,20.0,1.0,2.6666666666666665,103.0,0
3328,2022-05-24,USA,53.0,F,Enterprise,127.06,952,1,51+,North America,204,5.828571428571428,1098.71,31.391714285714286,6.542857142857143,19,35,2,2.369980321160721,0.0,0.0,0.0,0.0,0.0,0.0,0.0,0
3329,2023-05-04,UK,43.5,F,Basic,13.33,607,0,36-50,Europe,53,5.3,316.8,31.68,7.3,9,10,11,2.8303906287138374,5.0,15.86712962962963,2.0,40.0,0.0,4.0,11.0,1
3330,2022-11-28,Spain,24.0,M,Basic,10.23,764,0,18-25,Europe,26,4.333333333333333,189.64000000000001,31.60666666666667,8.5,2,6,11,2.503331114069145,3.0,15.461527777777778,1.0,66.66666666666666,0.0,0.0,10.0,1
3331,2022-09-12,USA,30.0,F,Enterprise,133.22,841,1,26-35,North America,396,5.012658227848101,1984.96,25.126075949367088,7.430379746835443,42,79,0,2.5494779298961556,0.0,0.0,0.0,0.0,0.0,0.0,0.0,0
3332,2022-01-07,Italy,32.0,F,Premium,32.79,1089,1,26-35,Europe,328,5.046153846153846,2118.3,32.589230769230774,6.923076923076923,29,65,0,2.6776317032895953,0.0,0.0,0.0,0.0,0.0,0.0,0.0,1
3333,2022-09-25,USA,42.0,M,Basic,13.75,828,0,36-50,North America,163,4.6571428571428575,1167.71,33.36314285714286,8.457142857142857,16,35,1,2.4963839394430583,0.0,0.0,0.0,0.0,0.0,0.0,0.0,0
3334,2023-01-28,Canada,40.0,M,Basic,10.72,703,0,36-50,North America,51,4.25,444.74,37.06166666666667,8.833333333333334,6,12,13,2.3403573930647275,0.0,0.0,0.0,0.0,0.0,0.0,0.0,1
3335,2022-08-30,France,39.0,F,Basic,14.69,854,0,36-50,Europe,143,5.5,819.47,31.518076923076926,7.346153846153846,7,26,2,2.517935662402834,0.0,0.0,0.0,0.0,0.0,0.0,0.0,0
3336,2023-04-03,Italy,43.0,F,Enterprise,117.04,638,1,36-50,Europe,250,4.901960784313726,1374.26,26.94627450980392,7.0588235294117645,37,51,1,2.555424833257941,1.0,11.69,0.0,0.0,0.0,0.0,165.0,0
3337,2024-02-11,UK,50.0,M,Basic,11.84,324,0,36-50,Europe,310,5.254237288135593,1568.0,26.576271186440678,8.186440677966102,31,59,2,2.630020455794207,4.0,22.23638888888889,2.0,50.0,0.0,5.0,1.0,0
3338,2022-10-01,Mexico,28.0,M,Basic,10.99,822,0,26-35,North America,273,4.963636363636364,1519.35,27.62454545454545,7.527272727272727,31,55,0,2.4340458345271814,0.0,0.0,0.0,0.0,0.0,0.0,0.0,0
3339,2022-12-04,Germany,27.0,F,Premium,32.86,758,1,26-35,Europe,417,5.085365853658536,2332.0,28.4390243902439,7.573170731707317,37,82,0,2.578166730771914,0.0,0.0,0.0,0.0,0.0,0.0,0.0,0
3340,2022-11-06,Canada,43.5,Other,Enterprise,176.09,786,1,36-50,North America,346,4.873239436619718,1716.77,24.179859154929577,6.957746478873239,30,71,0,2.5575075895141617,5.0,17.42652777777778,3.0,40.0,0.0,5.0,1.0,0
3341,2023-08-20,Canada,54.0,M,Premium,34.75,499,1,51+,North America,166,5.533333333333333,940.55,31.351666666666667,8.066666666666666,12,30,0,2.7634727444278155,5.0,27.307777777777783,2.0,80.0,2.0,1.0,91.0,0
3342,2024-01-11,USA,65.0,Other,Basic,10.8,355,0,51+,North America,119,5.173913043478261,831.52,36.15304347826087,6.739130434782608,9,23,3,2.6397688244693542,0.0,0.0,0.0,0.0,0.0,0.0,0.0,0
3343,2023-08-10,France,60.0,M,Basic,10.22,509,0,51+,Europe,300,5.084745762711864,1815.28,30.767457627118645,7.11864406779661,32,59,0,2.6148655638498126,0.0,0.0,0.0,0.0,0.0,0.0,0.0,0
3344,2022-01-12,Brazil,70.0,M,Enterprise,122.98,1084,1,51+,South America,102,4.08,756.01,30.2404,6.96,10,25,0,2.2345767682792492,5.0,13.299652777777778,1.0,40.0,0.0,4.25,319.0,0
3345,2022-09-25,France,55.0,M,Premium,39.45,828,1,51+,Europe,49,4.9,271.55,27.155,6.2,10,10,6,2.330951164939612,0.0,0.0,0.0,0.0,0.0,0.0,0.0,0
3346,2023-11-01,UK,58.0,F,Premium,38.44,426,1,51+,Europe,264,5.5,1540.49,32.09354166666667,7.5625,20,48,2,2.4407881531404234,0.0,0.0,0.0,0.0,0.0,0.0,0.0,0
3347,2023-01-04,UK,62.0,M,Premium,34.39,727,1,51+,Europe,37,4.111111111111111,193.44,21.493333333333332,7.333333333333333,4,9,17,2.2047927592204917,0.0,0.0,0.0,0.0,0.0,0.0,0.0,0
3348,2023-12-11,UK,41.0,M,Basic,12.4,386,0,36-50,Europe,166,4.486486486486487,1247.35,33.71216216216216,9.162162162162161,16,37,0,2.814857620453195,0.0,0.0,0.0,0.0,0.0,0.0,0.0,0
3349,2022-08-30,Italy,57.0,F,Premium,38.98,854,1,51+,Europe,168,4.54054054054054,846.09,22.8672972972973,8.135135135135135,24,37,0,2.501050830202228,1.0,19.120833333333337,0.0,100.0,0.0,4.0,145.0,1
3350,2022-03-05,Italy,63.0,Other,Basic,12.95,1032,0,51+,Europe,255,4.903846153846154,1509.99,29.03826923076923,7.730769230769231,22,52,0,2.629095239771438,0.0,0.0,0.0,0.0,0.0,0.0,0.0,0
3351,2023-11-15,Italy,50.0,M,Basic,14.39,412,0,36-50,Europe,156,5.2,957.75,31.925,7.3,15,30,4,2.952497481677223,1.0,14.074722222222222,0.0,0.0,0.0,3.0,269.0,1
3352,2022-05-02,UK,34.0,M,Premium,34.91,974,1,26-35,Europe,158,4.787878787878788,997.35,30.222727272727273,6.515151515151516,19,33,0,2.7811595576033543,2.0,21.62916666666667,0.0,50.0,0.0,2.5,3.0,0
3353,2023-04-22,Australia,41.0,F,Basic,10.99,619,0,36-50,Oceania,317,4.876923076923077,1601.03,24.63123076923077,7.507692307692308,26,65,1,2.534189295339909,0.0,0.0,0.0,0.0,0.0,0.0,0.0,0
3354,2022-11-11,USA,54.0,F,Basic,13.62,781,0,51+,North America,147,4.9,1039.48,34.64933333333333,7.1,18,30,2,2.9402087657523395,0.0,0.0,0.0,0.0,0.0,0.0,0.0,0
3355,2022-06-13,Mexico,19.0,M,Basic,12.62,932,0,18-25,North America,214,5.219512195121951,1046.39,25.521707317073172,7.048780487804878,23,41,1,2.230607485887546,4.0,17.034375,0.0,75.0,0.0,5.0,141.0,1
3356,2023-02-20,Mexico,49.0,F,Basic,13.33,680,0,36-50,North America,224,5.090909090909091,1208.62,27.46863636363636,7.613636363636363,27,44,4,2.50411922795669,4.0,13.614722222222222,1.0,50.0,1.0,2.5,18.0,0
3357,2023-12-04,France,41.0,M,Premium,31.56,393,1,36-50,Europe,207,4.3125,1488.68,31.014166666666668,7.291666666666667,28,48,2,2.519340085833016,0.0,0.0,0.0,0.0,0.0,0.0,0.0,0
3358,2023-05-30,USA,26.0,F,Premium,36.47,581,1,26-35,North America,118,4.916666666666667,794.22,33.0925,6.708333333333333,12,24,2,3.034822058628188,0.0,0.0,0.0,0.0,0.0,0.0,0.0,0
3359,2024-06-28,UK,21.0,M,Basic,11.9,186,0,18-25,Europe,168,6.0,915.24,32.68714285714286,8.071428571428571,11,28,2,2.694301256218253,2.0,8.5975,0.0,50.0,0.0,3.0,75.0,0
3360,2023-12-22,France,34.0,F,Basic,11.65,375,0,26-35,Europe,410,5.061728395061729,2192.35,27.06604938271605,8.160493827160494,32,81,0,2.7356246042373296,0.0,0.0,0.0,0.0,0.0,0.0,0.0,0
3361,2024-02-28,UK,43.5,M,Basic,13.35,307,0,36-50,Europe,215,5.0,1427.27,33.19232558139535,6.837209302325581,26,43,1,2.6726124191242437,0.0,0.0,0.0,0.0,0.0,0.0,0.0,1
3362,2022-11-15,Canada,70.0,F,Basic,12.95,777,0,51+,North America,84,4.9411764705882355,627.31,36.900588235294116,8.294117647058824,9,17,3,2.3040884378451634,2.0,10.573611111111113,1.0,100.0,1.0,5.0,5.0,0
3363,2023-12-08,USA,67.0,Unknown,Premium,36.48,389,1,51+,North America,216,5.023255813953488,1187.81,27.62348837209302,7.558139534883721,20,43,3,2.492735847303055,3.0,24.58962962962963,0.0,33.33333333333333,1.0,5.0,53.0,0
3364,2022-05-01,Germany,65.0,Unknown,Basic,14.82,975,0,51+,Europe,151,4.081081081081081,971.89,26.267297297297297,7.243243243243243,22,37,2,2.7016289158207494,1.0,6.2775,0.0,100.0,0.0,0.0,271.0,0
3365,2023-10-17,UK,47.0,F,Premium,37.0,441,1,36-50,Europe,390,4.875,2148.4900000000002,26.856125000000002,7.1875,36,80,0,2.6499343197019387,5.0,20.86935185185185,2.0,40.0,3.0,0.0,43.0,1
3366,2022-10-30,Spain,57.0,M,Basic,13.19,793,0,51+,Europe,242,5.148936170212766,1405.68,29.90808510638298,7.425531914893617,28,47,0,2.7895669245013592,2.0,5.098611111111111,0.0,0.0,0.0,5.0,49.0,1
3367,2023-01-12,USA,28.0,F,Basic,13.06,719,0,26-35,North America,55,5.0,421.73,38.33909090909091,7.181818181818182,6,11,6,3.1304951684997055,4.0,10.938402777777778,0.0,50.0,0.0,4.0,160.0,0
3368,2023-09-22,UK,38.0,Other,Basic,11.98,466,0,36-50,Europe,223,4.46,1277.1,25.541999999999998,8.4,22,50,0,2.4092508785758215,0.0,0.0,0.0,0.0,0.0,0.0,0.0,0
3369,2022-08-15,Italy,38.0,F,Basic,14.19,869,0,36-50,Europe,185,5.0,1020.59,27.583513513513516,8.324324324324325,21,37,0,2.848001248439177,1.0,0.0,1.0,0.0,0.0,0.0,193.0,1
3370,2022-08-13,UK,35.0,F,Premium,33.8,871,1,26-35,Europe,225,4.891304347826087,1518.68,33.014782608695654,8.891304347826088,16,46,1,2.6851713032013866,3.0,15.109814814814817,0.0,100.0,0.0,5.0,62.0,1
3371,2022-05-17,Brazil,46.0,F,Basic,13.49,959,0,36-50,South America,193,4.7073170731707314,1224.44,29.86439024390244,7.2926829268292686,15,41,1,2.561678184696747,0.0,0.0,0.0,0.0,0.0,0.0,0.0,0
3372,2023-05-05,UK,41.0,M,Basic,11.46,606,0,36-50,Europe,69,4.928571428571429,379.48,27.10571428571429,6.142857142857143,3,14,8,2.5858873113136975,1.0,15.435,0.0,0.0,0.0,5.0,149.0,0
3373,2022-06-06,UK,27.0,M,Enterprise,114.77,939,1,26-35,Europe,55,5.0,390.62,35.51090909090909,7.545454545454546,6,11,18,3.1622776601683786,5.0,20.247569444444444,1.0,40.0,0.0,4.0,43.0,0
3374,2023-04-11,Italy,62.0,F,Premium,31.29,630,1,51+,Europe,434,4.988505747126437,2705.0,31.091954022988507,7.67816091954023,40,87,0,2.5311742512286397,3.0,24.801944444444445,1.0,100.0,0.0,4.0,48.0,1
3375,2024-02-05,Spain,34.0,F,Basic,13.16,330,0,26-35,Europe,113,5.136363636363637,800.08,36.36727272727273,6.636363636363637,3,22,6,2.2102672655770355,5.0,14.610347222222222,1.0,60.0,2.0,4.0,7.0,0
3376,2023-09-13,UK,35.0,F,Enterprise,132.79,475,1,26-35,Europe,302,4.71875,1771.96,27.686875,7.53125,36,64,0,2.5601881751276587,5.0,19.879305555555554,1.0,60.0,1.0,5.0,92.0,0
3377,2023-01-18,USA,59.0,F,Basic,11.37,713,0,51+,North America,32,4.0,157.24,19.655,9.125,6,8,0,3.251373336211726,5.0,10.909333333333333,0.0,40.0,1.0,3.25,81.0,0
3378,2023-03-02,Italy,65.0,M,Premium,35.91,670,1,51+,Europe,83,3.9523809523809526,552.33,26.301428571428573,7.333333333333333,9,21,4,2.3124919562279667,3.0,8.984814814814815,0.0,33.33333333333333,0.0,5.0,129.0,0
3379,2023-12-20,UK,37.0,M,Basic,10.12,377,0,36-50,Europe,163,4.794117647058823,1107.88,32.58470588235294,7.382352941176471,21,34,2,2.868632994732338,0.0,0.0,0.0,0.0,0.0,0.0,0.0,0
3380,2023-07-17,UK,54.0,M,Premium,32.45,533,1,51+,Europe,148,4.625,886.85,27.7140625,8.46875,15,32,1,2.9265194564588595,0.0,0.0,0.0,0.0,0.0,0.0,0.0,1
3381,2023-04-28,UK,62.0,F,Basic,11.69,613,0,51+,Europe,97,5.705882352941177,546.81,32.16529411764706,6.529411764705882,8,17,5,2.592409735225919,0.0,0.0,0.0,0.0,0.0,0.0,0.0,0
3382,2024-02-15,UK,35.0,M,Basic,13.53,320,0,26-35,Europe,71,5.071428571428571,410.0,29.285714285714285,7.214285714285714,5,14,1,2.200149845046773,0.0,0.0,0.0,0.0,0.0,0.0,0.0,0
3383,2023-07-05,Spain,34.0,M,Premium,35.44,545,1,26-35,Europe,321,4.585714285714285,2138.52,30.550285714285714,7.728571428571429,36,70,0,2.5565650480127626,0.0,0.0,0.0,0.0,0.0,0.0,0.0,0
3384,2024-04-01,Germany,26.0,F,Premium,38.55,274,1,26-35,Europe,209,4.75,1227.18,27.890454545454546,8.068181818181818,18,44,0,2.7119460103015873,2.0,7.143472222222222,0.0,0.0,0.0,4.5,79.0,0
3385,2023-11-12,UK,31.0,F,Premium,33.34,415,1,26-35,Europe,91,4.136363636363637,407.98,18.544545454545457,7.409090909090909,13,22,6,2.5127381108768208,0.0,0.0,0.0,0.0,0.0,0.0,0.0,0
3386,2024-04-25,Italy,66.0,F,Premium,32.95,250,1,51+,Europe,159,5.129032258064516,873.78,28.186451612903223,8.161290322580646,20,31,2,2.539579170963449,3.0,6.101111111111112,1.0,66.66666666666666,1.0,5.0,98.0,0
3387,2022-08-12,UK,46.0,Other,Basic,10.16,872,0,36-50,Europe,457,5.376470588235295,2258.52,26.570823529411765,7.258823529411765,35,85,0,2.434750747916877,5.0,9.811444444444444,0.0,40.0,1.0,3.6666666666666665,30.0,0
3388,2024-02-20,Mexico,48.0,F,Basic,14.75,315,0,36-50,North America,361,5.3088235294117645,2177.3,32.01911764705883,7.823529411764706,25,68,0,2.395626319134652,0.0,0.0,0.0,0.0,0.0,0.0,0.0,0
3389,2022-09-11,UK,21.0,M,Premium,35.0,842,1,18-25,Europe,245,4.622641509433962,1570.3,29.628301886792453,6.735849056603773,22,53,0,2.6034475301203948,2.0,6.153333333333334,0.0,50.0,1.0,3.0,46.0,1
3390,2023-11-28,Australia,35.0,F,Premium,35.02,399,1,26-35,Oceania,313,4.890625,2053.26,32.0821875,7.296875,29,64,1,2.5455668748405946,3.0,10.168333333333335,1.0,33.33333333333333,1.0,4.0,136.0,0
3391,2024-02-12,France,37.0,M,Basic,14.61,323,0,36-50,Europe,471,5.292134831460674,2367.76,26.604044943820227,6.98876404494382,46,89,0,2.559306756237514,3.0,18.03138888888889,1.0,33.33333333333333,1.0,5.0,211.0,0
3392,2023-09-03,Brazil,64.0,F,Basic,11.44,485,0,51+,South America,286,5.5,1747.02,33.59653846153846,7.4423076923076925,19,52,0,2.3051519451428963,0.0,0.0,0.0,0.0,0.0,0.0,0.0,1
3393,2024-06-13,UK,60.0,F,Basic,11.65,201,0,51+,Europe,140,5.185185185185185,689.93,25.55296296296296,6.851851851851852,11,27,1,2.481268860219536,0.0,0.0,0.0,0.0,0.0,0.0,0.0,1
3394,2024-03-17,USA,61.0,F,Enterprise,165.62,289,1,51+,North America,53,5.888888888888889,349.01,38.778888888888886,5.888888888888889,5,9,30,2.5221243250702594,0.0,0.0,0.0,0.0,0.0,0.0,0.0,0
3395,2022-03-25,Germany,26.0,M,Basic,13.92,1012,0,26-35,Europe,299,5.245614035087719,1846.74,32.398947368421055,8.035087719298245,29,57,0,2.6476451919878996,0.0,0.0,0.0,0.0,0.0,0.0,0.0,0
3396,2023-06-23,Germany,30.0,M,Basic,13.49,557,0,26-35,Europe,376,4.947368421052632,2080.01,27.36855263157895,7.7894736842105265,48,76,1,2.539788636046211,2.0,4.373888888888889,0.0,0.0,0.0,5.0,48.0,0
3397,2023-04-03,UK,32.0,F,Basic,13.93,638,0,26-35,Europe,224,4.977777777777778,1539.1100000000001,34.202444444444446,7.466666666666667,21,45,1,2.3883132968771923,0.0,0.0,0.0,0.0,0.0,0.0,0.0,0
3398,2023-06-25,Brazil,44.0,M,Premium,35.74,555,1,36-50,South America,173,4.552631578947368,1056.04,27.790526315789474,5.7368421052631575,19,38,2,2.6983214844733405,1.0,21.37611111111111,0.0,0.0,1.0,0.0,62.0,0
3399,2023-12-22,Mexico,32.0,Other,Premium,38.62,375,1,26-35,North America,202,5.315789473684211,1205.53,31.724473684210526,7.131578947368421,19,38,0,2.3028215731410975,3.0,16.495277777777776,0.0,33.33333333333333,1.0,3.0,23.0,1
3400,2023-01-06,USA,45.0,F,Premium,35.49,725,1,36-50,North America,243,4.673076923076923,1442.45,27.739423076923078,6.8076923076923075,18,52,0,2.4790981428354053,0.0,0.0,0.0,0.0,0.0,0.0,0.0,1
3401,2022-03-21,Spain,54.0,F,Premium,32.28,1016,1,51+,Europe,314,5.508771929824562,1812.62,31.80035087719298,7.473684210526316,27,57,0,2.81020339259802,0.0,0.0,0.0,0.0,0.0,0.0,0.0,1
3402,2023-08-01,UK,36.0,F,Basic,12.7,518,0,36-50,Europe,195,4.875,1433.99,35.84975,7.225,29,40,0,2.623244223554158,1.0,9.255555555555556,0.0,100.0,0.0,0.0,231.0,0
3403,2022-04-25,Italy,43.0,F,Basic,13.55,981,0,36-50,Europe,343,4.971014492753623,1744.58,25.283768115942028,7.449275362318841,28,69,1,2.413022357303325,5.0,15.446041666666666,1.0,40.0,1.0,3.25,9.0,0
3404,2022-03-05,Germany,69.0,M,Premium,36.53,1032,1,51+,Europe,157,4.617647058823529,1103.28,32.44941176470588,7.4411764705882355,11,34,3,2.785402488541451,0.0,0.0,0.0,0.0,0.0,0.0,0.0,0
3405,2024-04-28,UK,43.5,M,Basic,11.21,247,0,36-50,Europe,275,4.741379310344827,1651.87,28.48051724137931,7.913793103448276,22,58,1,2.481937166653007,0.0,0.0,0.0,0.0,0.0,0.0,0.0,0
3406,2023-07-15,UK,42.0,F,Basic,10.2,535,0,36-50,Europe,340,4.927536231884058,2419.89,35.07086956521739,7.840579710144928,25,69,0,2.927148987243541,3.0,17.311666666666667,1.0,0.0,0.0,5.0,55.0,0
3407,2023-06-02,Spain,43.0,F,Premium,32.51,578,1,36-50,Europe,346,5.164179104477612,2246.54,33.53044776119403,7.686567164179104,27,67,0,2.6889054601261377,0.0,0.0,0.0,0.0,0.0,0.0,0.0,1
3408,2022-07-27,Mexico,43.0,F,Premium,39.83,888,1,36-50,North America,130,4.333333333333333,815.46,27.182000000000002,7.933333333333334,18,30,5,2.820287749238674,2.0,10.821388888888889,0.0,100.0,0.0,3.0,169.0,0
3409,2023-08-10,Spain,63.0,Other,Enterprise,118.44,509,1,51+,Europe,32,4.0,285.94,35.7425,9.75,6,8,4,2.5634797778466227,0.0,0.0,0.0,0.0,0.0,0.0,0.0,1
3410,2023-07-04,USA,45.0,M,Enterprise,146.43,546,1,36-50,North America,221,5.261904761904762,1112.24,26.48190476190476,8.261904761904763,13,42,1,2.389606803144674,0.0,0.0,0.0,0.0,0.0,0.0,0.0,0
3411,2022-06-03,Mexico,66.0,M,Basic,13.18,942,0,51+,North America,79,4.157894736842105,499.90999999999997,26.311052631578946,8.736842105263158,7,19,10,2.6302335742231637,0.0,0.0,0.0,0.0,0.0,0.0,0.0,0
3412,2022-06-18,USA,35.0,M,Enterprise,187.94,927,1,26-35,North America,94,5.222222222222222,428.75,23.819444444444443,7.0,9,18,5,2.579456293725837,0.0,0.0,0.0,0.0,0.0,0.0,0.0,1
3413,2022-12-02,USA,49.0,F,Basic,13.79,760,0,36-50,North America,119,4.76,777.0699999999999,31.0828,6.52,13,25,2,2.6185237571323783,0.0,0.0,0.0,0.0,0.0,0.0,0.0,0
3414,2024-05-24,Australia,70.0,M,Premium,39.08,221,1,51+,Oceania,143,5.107142857142857,874.89,31.24607142857143,8.357142857142858,14,28,6,2.586851163441558,0.0,0.0,0.0,0.0,0.0,0.0,0.0,0
3415,2023-06-17,Australia,20.0,M,Basic,13.01,563,0,18-25,Oceania,276,4.842105263157895,1762.94,30.928771929824563,8.035087719298245,32,57,0,2.568973347497084,4.0,14.714166666666667,0.0,50.0,0.0,4.0,13.0,0
3416,2023-03-29,USA,19.0,F,Basic,14.32,643,0,18-25,North America,183,4.6923076923076925,1058.6100000000001,27.14384615384616,7.256410256410256,15,39,0,2.6072151522654265,0.0,0.0,0.0,0.0,0.0,0.0,0.0,0
3417,2022-04-30,USA,50.0,M,Enterprise,126.37,976,1,36-50,North America,281,5.017857142857143,1650.88,29.48,7.267857142857143,28,56,0,2.624992269623744,4.0,9.246203703703705,1.0,25.0,0.0,5.0,236.0,0
3418,2023-11-28,Mexico,59.0,Unknown,Basic,12.14,399,0,51+,North America,249,5.413043478260869,1492.4,32.44347826086957,8.978260869565217,19,46,0,2.4906588771873346,0.0,0.0,0.0,0.0,0.0,0.0,0.0,0
3419,2022-07-30,USA,36.0,F,Premium,38.43,885,1,36-50,North America,81,4.764705882352941,693.13,40.77235294117647,6.529411764705882,7,17,1,2.6346112560657287,4.0,7.070347222222222,0.0,25.0,1.0,3.0,37.0,0
3420,2024-01-05,UK,34.0,M,Basic,11.62,361,0,26-35,Europe,116,4.64,835.78,33.4312,6.96,12,25,8,2.4303634844744244,0.0,0.0,0.0,0.0,0.0,0.0,0.0,0
3421,2023-08-21,Spain,61.0,M,Basic,14.35,498,0,51+,Europe,223,4.8478260869565215,1297.09,28.19760869565217,8.41304347826087,22,46,0,2.3186911183716257,2.0,21.652916666666666,0.0,0.0,0.0,4.0,65.0,0
3422,2023-05-16,Brazil,50.0,F,Basic,11.81,595,0,36-50,South America,149,5.730769230769231,758.81,29.185,8.615384615384615,8,26,7,2.6162215855342574,0.0,0.0,0.0,0.0,0.0,0.0,0.0,0
3423,2022-04-04,Australia,29.0,M,Premium,33.62,1002,1,26-35,Oceania,99,5.2105263157894735,615.07,32.3721052631579,6.578947368421052,15,19,7,2.8397759568987335,3.0,30.324537037037036,0.0,33.33333333333333,0.0,3.0,125.0,1
3424,2023-06-07,Mexico,66.0,M,Basic,11.54,573,0,51+,North America,236,4.816326530612245,1400.12,28.573877551020406,7.571428571428571,24,49,1,2.7054995640651027,0.0,0.0,0.0,0.0,0.0,0.0,0.0,0
3425,2023-04-02,Italy,20.0,M,Basic,12.72,639,0,18-25,Europe,109,4.541666666666667,870.75,36.28125,8.791666666666666,11,24,12,2.5872457517039518,2.0,17.545694444444443,0.0,100.0,1.0,3.0,29.0,0
3426,2024-04-08,UK,60.0,M,Premium,31.28,267,1,51+,Europe,53,4.416666666666667,425.87,35.48916666666667,6.583333333333333,2,12,17,2.4664414311581235,0.0,0.0,0.0,0.0,0.0,0.0,0.0,0
3427,2022-02-26,UK,66.0,F,Basic,10.17,1039,0,51+,Europe,53,5.3,369.96,36.995999999999995,10.3,4,10,2,2.9832867780352594,0.0,0.0,0.0,0.0,0.0,0.0,0.0,0
3428,2023-04-10,UK,43.0,M,Basic,14.48,631,0,36-50,Europe,48,4.8,243.37,24.337,6.8,5,10,2,2.699794230842212,5.0,9.533111111111111,0.0,20.0,0.0,3.5,46.0,0
3429,2022-05-16,USA,52.0,F,Enterprise,192.88,960,1,51+,North America,432,4.853932584269663,3014.47,33.87044943820224,7.280898876404494,43,89,0,2.4934029402958924,0.0,0.0,0.0,0.0,0.0,0.0,0.0,1
3430,2023-06-10,Brazil,25.0,M,Basic,10.37,570,0,18-25,South America,173,4.942857142857143,1131.7,32.33428571428571,7.142857142857143,17,35,0,2.7001400523900627,4.0,11.15925925925926,1.0,100.0,1.0,4.5,110.0,1
3431,2023-03-02,UK,69.0,F,Basic,12.74,670,0,51+,Europe,414,5.52,2259.72,30.129599999999996,6.8933333333333335,29,75,1,2.632232635738842,0.0,0.0,0.0,0.0,0.0,0.0,0.0,0
3432,2023-04-13,Mexico,53.0,F,Premium,35.39,628,1,51+,North America,57,5.7,259.74,25.974,6.5,8,10,4,3.1287200080686173,0.0,0.0,0.0,0.0,0.0,0.0,0.0,0
3433,2023-08-01,Germany,70.0,F,Premium,33.71,518,1,51+,Europe,165,4.583333333333333,860.62,23.906111111111112,7.083333333333333,16,36,3,2.534053782268358,0.0,0.0,0.0,0.0,0.0,0.0,0.0,1
3434,2022-03-01,USA,24.0,F,Premium,35.68,1036,1,18-25,North America,155,4.5588235294117645,965.7,28.40294117647059,7.647058823529412,18,34,0,2.324978676612394,0.0,0.0,0.0,0.0,0.0,0.0,0.0,0
3435,2023-07-27,Germany,63.0,M,Enterprise,145.8,523,1,51+,Europe,211,4.586956521739131,1332.82,28.974347826086955,6.391304347826087,31,46,0,2.561042209349083,0.0,0.0,0.0,0.0,0.0,0.0,0.0,0
3436,2023-04-19,USA,63.0,F,Basic,12.44,622,0,51+,North America,107,4.863636363636363,787.5,35.79545454545455,7.909090909090909,8,22,3,3.121285671389955,0.0,0.0,0.0,0.0,0.0,0.0,0.0,1
3437,2023-11-20,USA,53.0,M,Enterprise,175.52,407,1,51+,North America,198,4.714285714285714,1329.68,31.65904761904762,8.214285714285714,22,42,0,2.707583877364037,2.0,12.664305555555556,0.0,0.0,0.0,0.0,95.0,0
3438,2024-04-06,UK,33.0,M,Enterprise,152.59,269,1,26-35,Europe,168,4.666666666666667,1056.99,29.360833333333332,6.833333333333333,26,36,1,2.495710605933995,0.0,0.0,0.0,0.0,0.0,0.0,0.0,0
3439,2022-11-12,USA,41.0,F,Premium,33.23,780,1,36-50,North America,184,4.842105263157895,1362.12,35.845263157894735,6.578947368421052,12,38,0,2.5418264957636554,0.0,0.0,0.0,0.0,0.0,0.0,0.0,0
3440,2024-01-11,Canada,18.0,M,Basic,12.9,355,0,18-25,North America,168,4.9411764705882355,1033.19,30.38794117647059,6.647058823529412,17,34,3,2.4611056454808007,0.0,0.0,0.0,0.0,0.0,0.0,0.0,0
3441,2022-01-23,Australia,66.0,F,Premium,36.4,1073,1,51+,Oceania,310,5.254237288135593,1621.59,27.48457627118644,7.627118644067797,36,59,0,2.7202511315291504,4.0,19.8425,1.0,50.0,1.0,3.0,45.0,0
3442,2023-02-10,Canada,42.0,M,Basic,13.3,690,0,36-50,North America,259,4.886792452830188,1687.32,31.836226415094337,7.226415094339623,30,53,0,2.7150603999407745,4.0,16.557222222222222,0.0,25.0,0.0,3.6666666666666665,97.0,0
3443,2022-09-18,Canada,27.0,F,Premium,36.17,835,1,26-35,North America,189,4.846153846153846,1130.19,28.97923076923077,8.64102564102564,19,39,1,2.748573424605089,2.0,56.34027777777778,1.0,50.0,0.0,4.0,237.0,0
3444,2024-04-16,France,33.0,F,Basic,13.31,259,0,26-35,Europe,386,4.825,2462.06,30.77575,7.225,30,80,0,2.5045528163978856,5.0,18.32034722222222,1.0,40.0,2.0,4.0,4.0,1
3445,2022-01-04,Australia,43.5,F,Premium,33.09,1092,1,36-50,Oceania,308,5.4035087719298245,1437.21,25.21421052631579,7.754385964912281,28,57,0,2.5555237730034843,0.0,0.0,0.0,0.0,0.0,0.0,0.0,0
3446,2024-02-03,UK,25.0,F,Premium,34.45,332,1,18-25,Europe,69,5.75,396.56,33.04666666666667,6.333333333333333,4,12,3,2.9886147596868655,5.0,17.7375,1.0,60.0,1.0,4.0,61.0,1
3447,2022-08-12,Brazil,46.0,F,Basic,13.33,872,0,36-50,South America,233,5.065217391304348,1427.21,31.026304347826088,7.260869565217392,27,46,0,2.7680893844996612,0.0,0.0,0.0,0.0,0.0,0.0,0.0,0
3448,2023-08-16,USA,43.5,F,Premium,37.53,503,1,36-50,North America,185,4.512195121951219,1299.1100000000001,31.685609756097563,7.439024390243903,17,41,8,2.7029793859694173,2.0,8.252361111111112,0.0,0.0,1.0,4.5,124.0,0
3449,2022-03-16,USA,45.0,M,Basic,12.16,1021,0,36-50,North America,68,4.0,580.38,34.14,8.705882352941176,10,17,4,2.179449471770337,0.0,0.0,0.0,0.0,0.0,0.0,0.0,0
3450,2022-02-16,UK,23.0,F,Premium,33.64,1049,1,18-25,Europe,426,5.68,2105.0,28.066666666666666,7.306666666666667,36,75,0,2.7517070868629703,0.0,0.0,0.0,0.0,0.0,0.0,0.0,0
3451,2023-03-10,UK,33.0,M,Basic,13.57,662,0,26-35,Europe,341,5.166666666666667,2303.52,34.90181818181818,7.848484848484849,36,66,0,2.330951164939612,0.0,0.0,0.0,0.0,0.0,0.0,0.0,0
3452,2022-12-19,UK,37.0,M,Premium,32.21,743,1,36-50,Europe,118,4.72,821.86,32.8744,6.64,6,25,7,2.7160019636713573,2.0,8.390833333333333,1.0,0.0,0.0,4.0,31.0,1
3453,2023-12-19,Canada,33.0,M,Basic,10.04,378,0,26-35,North America,389,4.7439024390243905,2303.98,28.097317073170732,7.170731707317073,27,82,0,2.4736187097506654,0.0,0.0,0.0,0.0,0.0,0.0,0.0,0
3454,2022-03-07,UK,24.0,M,Basic,12.35,1030,0,18-25,Europe,372,4.96,2338.2,31.176,8.186666666666667,43,75,0,2.6428894916104357,0.0,0.0,0.0,0.0,0.0,0.0,0.0,0
3455,2023-07-09,Mexico,58.0,F,Basic,10.86,541,0,51+,North America,321,4.938461538461539,1795.04,27.616,7.615384615384615,30,65,0,2.435909244235886,1.0,5.615555555555556,0.0,100.0,0.0,4.0,198.0,0
3456,2022-03-03,Australia,31.0,F,Premium,33.77,1034,1,26-35,Oceania,150,5.172413793103448,999.5600000000001,34.467586206896556,6.793103448275862,13,29,0,2.4504950741379554,0.0,0.0,0.0,0.0,0.0,0.0,0.0,1
3457,2022-03-12,Canada,60.0,F,Premium,32.9,1025,1,51+,North America,33,4.714285714285714,198.47,28.352857142857143,8.285714285714286,2,7,4,2.627691364061218,1.0,4.727777777777778,0.0,0.0,1.0,2.0,100.0,0
3458,2023-04-29,Germany,43.0,F,Basic,13.88,612,0,36-50,Europe,111,5.842105263157895,408.37,21.493157894736843,6.578947368421052,10,19,3,2.192491173040304,2.0,4.333333333333333,1.0,0.0,1.0,4.0,163.0,0
3459,2022-02-02,France,43.0,M,Basic,11.65,1063,0,36-50,Europe,171,4.75,1047.2,29.08888888888889,7.222222222222222,12,36,0,2.6117864712546033,0.0,0.0,0.0,0.0,0.0,0.0,0.0,0
3460,2022-10-21,Italy,31.0,M,Basic,13.19,802,0,26-35,Europe,281,4.762711864406779,1875.34,31.78542372881356,7.169491525423729,35,59,0,2.6283532477307556,0.0,0.0,0.0,0.0,0.0,0.0,0.0,0
3461,2023-02-23,UK,24.0,M,Enterprise,167.38,677,1,18-25,Europe,231,5.25,1319.25,29.982954545454547,7.931818181818182,30,44,2,2.552928095435732,0.0,0.0,0.0,0.0,0.0,0.0,0.0,1
3462,2022-07-04,France,50.0,F,Premium,34.55,911,1,36-50,Europe,232,5.395348837209302,1132.05,26.32674418604651,8.348837209302326,19,43,1,2.8463806164163152,0.0,0.0,0.0,0.0,0.0,0.0,0.0,0
3463,2024-02-27,UK,43.5,M,Basic,10.4,308,0,36-50,Europe,213,4.733333333333333,1519.33,33.76288888888889,6.688888888888889,27,45,1,2.290295733186993,0.0,0.0,0.0,0.0,0.0,0.0,0.0,0
3464,2022-05-19,Brazil,62.0,F,Basic,13.49,957,0,51+,South America,52,5.2,257.28999999999996,25.728999999999996,9.0,5,10,2,3.190262963734773,5.0,15.084305555555556,1.0,80.0,0.0,3.0,111.0,0
3465,2024-02-24,Italy,37.0,F,Basic,10.37,311,0,36-50,Europe,151,5.033333333333333,1065.19,35.50633333333334,7.866666666666666,14,30,1,2.539119224609512,0.0,0.0,0.0,0.0,0.0,0.0,0.0,0
3466,2023-10-19,USA,20.0,F,Premium,30.98,439,1,18-25,North America,144,4.5,908.86,28.401875,7.0625,15,32,4,2.8736848324283986,4.0,23.600694444444443,2.0,50.0,1.0,0.0,154.0,1
3467,2024-01-17,USA,69.0,F,Basic,10.97,349,0,51+,North America,320,4.776119402985074,1932.69,28.846119402985074,6.432835820895522,28,67,0,2.4483816270319294,0.0,0.0,0.0,0.0,0.0,0.0,0.0,0
3468,2023-10-24,Brazil,21.0,F,Premium,32.79,434,1,18-25,South America,437,5.022988505747127,2529.77,29.077816091954023,6.793103448275862,43,87,0,2.352519735202557,5.0,13.932444444444446,0.0,100.0,0.0,3.5,14.0,0
3469,2023-03-07,Canada,43.0,M,Basic,14.22,665,0,36-50,North America,95,5.9375,456.65,28.540625,6.6875,4,16,0,2.2647663602823727,0.0,0.0,0.0,0.0,0.0,0.0,0.0,0
3470,2023-01-19,USA,28.0,M,Basic,13.36,712,0,26-35,North America,118,3.933333333333333,943.11,31.437,6.6,12,30,0,2.7659672291340827,0.0,0.0,0.0,0.0,0.0,0.0,0.0,1
3471,2023-01-27,Mexico,19.0,F,Basic,11.93,704,0,18-25,North America,299,5.75,1620.97,31.1725,6.326923076923077,26,52,0,2.641115331839644,0.0,0.0,0.0,0.0,0.0,0.0,0.0,0
3472,2023-04-05,Mexico,31.0,F,Premium,39.78,636,1,26-35,North America,179,4.7105263157894735,1342.78,35.33631578947368,7.7105263157894735,18,38,1,2.690402308274702,0.0,0.0,0.0,0.0,0.0,0.0,0.0,1
3473,2024-06-09,UK,61.0,F,Enterprise,124.35,205,1,51+,Europe,207,5.3076923076923075,1102.2,28.261538461538464,7.923076923076923,11,39,0,2.820543491429362,0.0,0.0,0.0,0.0,0.0,0.0,0.0,0
3474,2023-01-22,Brazil,47.0,M,Basic,13.04,709,0,36-50,South America,379,4.7974683544303796,2043.64,25.86886075949367,7.569620253164557,44,79,0,2.5083437524382446,0.0,0.0,0.0,0.0,0.0,0.0,0.0,0
3475,2023-01-20,UK,66.0,F,Basic,14.23,711,0,51+,Europe,91,4.333333333333333,579.2,27.580952380952382,7.523809523809524,9,21,6,2.575525836277581,3.0,11.935416666666669,1.0,33.33333333333333,2.0,0.0,88.0,0
3476,2022-03-24,USA,29.0,M,Basic,14.0,1013,0,26-35,North America,46,5.111111111111111,314.11,34.90111111111111,9.11111111111111,2,9,27,2.2607766610417563,3.0,9.132222222222222,1.0,66.66666666666666,0.0,3.0,143.0,0
3477,2023-12-01,Canada,43.0,M,Premium,30.89,396,1,36-50,North America,21,4.2,139.47,27.894,8.8,2,5,1,2.949576240750525,0.0,0.0,0.0,0.0,0.0,0.0,0.0,0
3478,2023-11-09,Brazil,61.0,M,Premium,36.96,418,1,51+,South America,285,4.913793103448276,1591.87,27.44603448275862,8.068965517241379,21,58,0,2.5839211516310514,3.0,18.695833333333333,1.0,33.33333333333333,0.0,4.0,137.0,1
3479,2024-06-14,USA,43.5,M,Basic,11.28,200,0,36-50,North America,192,5.647058823529412,1007.51,29.63264705882353,7.0,15,34,2,2.2946889000363617,0.0,0.0,0.0,0.0,0.0,0.0,0.0,0
3480,2023-07-07,UK,30.0,M,Basic,11.77,543,0,26-35,Europe,188,5.529411764705882,1008.69,29.66735294117647,7.176470588235294,16,34,4,2.8094569098568223,0.0,0.0,0.0,0.0,0.0,0.0,0.0,0
3481,2022-05-17,USA,31.0,M,Premium,34.88,959,1,26-35,North America,286,5.296296296296297,1607.12,29.76148148148148,7.185185185185185,28,54,0,2.287205014526811,2.0,10.271388888888888,0.0,100.0,0.0,0.0,23.0,0
3482,2023-11-01,Italy,41.0,F,Premium,37.9,426,1,36-50,Europe,208,4.7272727272727275,1566.2,35.595454545454544,7.136363636363637,24,44,0,2.6002114078956216,0.0,0.0,0.0,0.0,0.0,0.0,0.0,0
3483,2024-05-30,USA,51.0,F,Basic,10.82,215,0,51+,North America,434,5.166666666666667,2687.25,31.991071428571427,7.654761904761905,44,84,0,2.605986312058169,0.0,0.0,0.0,0.0,0.0,0.0,0.0,0
3484,2022-12-23,Mexico,61.0,F,Premium,31.08,739,1,51+,North America,171,5.029411764705882,931.86,27.407647058823528,7.676470588235294,11,34,2,2.504363393585309,0.0,0.0,0.0,0.0,0.0,0.0,0.0,0
3485,2022-05-02,Italy,43.5,M,Premium,31.52,974,1,36-50,Europe,392,5.226666666666667,2048.11,27.308133333333334,8.146666666666667,44,75,0,2.6333276314227243,4.0,13.535694444444445,0.0,75.0,0.0,4.0,6.0,0
3486,2022-07-02,USA,38.0,Other,Basic,11.08,913,0,36-50,North America,324,5.586206896551724,1821.02,31.396896551724137,7.206896551724138,25,58,0,2.753208544548735,2.0,12.873055555555554,0.0,100.0,0.0,3.0,70.0,0
3487,2023-07-05,UK,45.0,M,Basic,10.29,545,0,36-50,Europe,328,4.96969696969697,2214.9,33.55909090909091,6.742424242424242,28,66,1,2.499044106297735,0.0,0.0,0.0,0.0,0.0,0.0,0.0,0
3488,2023-02-07,Brazil,65.0,M,Basic,14.62,693,0,51+,South America,401,4.890243902439025,2583.88,31.510731707317074,7.817073170731708,49,82,0,2.533752877350291,1.0,3.5838888888888887,0.0,0.0,0.0,2.0,299.0,0
3489,2023-06-26,UK,43.5,F,Premium,33.18,554,1,36-50,Europe,122,4.88,895.31,35.8124,7.8,9,25,3,2.8769196489764304,1.0,22.171388888888888,0.0,100.0,1.0,2.0,14.0,0
3490,2022-05-11,UK,57.0,M,Premium,31.76,965,1,51+,Europe,269,5.0754716981132075,1456.45,27.480188679245284,8.735849056603774,30,53,2,2.6300706089071917,0.0,0.0,0.0,0.0,0.0,0.0,0.0,1
3491,2024-01-16,USA,19.0,F,Enterprise,163.77,350,1,18-25,North America,112,4.869565217391305,645.67,28.07260869565217,7.043478260869565,6,23,1,2.262427252995953,0.0,0.0,0.0,0.0,0.0,0.0,0.0,0
3492,2022-08-17,UK,59.0,F,Basic,13.92,867,0,51+,Europe,38,4.75,305.76,38.22,8.0,8,8,12,3.1509635714446826,0.0,0.0,0.0,0.0,0.0,0.0,0.0,0
3493,2024-05-04,Italy,43.5,Other,Premium,37.52,241,1,36-50,Europe,392,5.090909090909091,2537.63,32.956233766233765,7.467532467532467,41,77,0,2.6713973190754756,3.0,19.16490740740741,0.0,66.66666666666666,0.0,3.0,55.0,1
3494,2022-01-04,UK,40.0,F,Basic,13.58,1092,0,36-50,Europe,357,5.1,1795.98,25.65685714285714,7.085714285714285,35,70,0,2.761799455406576,0.0,0.0,0.0,0.0,0.0,0.0,0.0,0
3495,2024-02-14,UK,32.0,F,Basic,10.24,321,0,26-35,Europe,69,4.928571428571429,433.66,30.975714285714286,8.714285714285714,12,14,15,2.5559669467673154,0.0,0.0,0.0,0.0,0.0,0.0,0.0,0
3496,2022-01-24,UK,30.0,M,Premium,37.81,1072,1,26-35,Europe,326,5.344262295081967,1718.68,28.175081967213117,8.049180327868852,25,61,0,2.6323959042517355,0.0,0.0,0.0,0.0,0.0,0.0,0.0,0
3497,2022-11-02,Italy,40.0,F,Enterprise,150.18,790,1,36-50,Europe,34,3.4,443.02,44.302,5.7,6,10,30,2.065591117977289,0.0,0.0,0.0,0.0,0.0,0.0,0.0,1
3498,2023-04-20,UK,34.0,M,Basic,13.24,621,0,26-35,Europe,247,4.75,1587.88,30.536153846153848,7.403846153846154,26,52,0,2.5427713767678375,2.0,6.953055555555555,1.0,50.0,1.0,5.0,134.0,0
3499,2023-11-21,Mexico,65.0,F,Enterprise,195.63,406,1,51+,North America,94,5.222222222222222,408.72,22.706666666666667,8.722222222222221,9,18,0,3.1910823455291326,3.0,11.82263888888889,1.0,33.33333333333333,0.0,4.0,71.0,0
3500,2024-01-07,Germany,19.0,F,Basic,14.04,359,0,18-25,Europe,43,3.3076923076923075,412.62,31.740000000000002,7.230769230769231,5,13,2,2.496150883013531,0.0,0.0,0.0,0.0,0.0,0.0,0.0,1
3501,2023-07-12,Germany,37.0,M,Basic,14.12,538,0,36-50,Europe,213,4.26,1490.68,29.8136,7.36,19,50,1,2.6404235900123822,0.0,0.0,0.0,0.0,0.0,0.0,0.0,0
3502,2023-03-11,USA,37.0,F,Basic,10.9,661,0,36-50,North America,138,5.111111111111111,747.9399999999999,27.70148148148148,6.814814814814815,17,27,2,2.2417941532712202,1.0,30.971944444444443,0.0,0.0,1.0,3.0,87.0,0
3503,2023-06-29,USA,63.0,M,Premium,34.75,551,1,51+,North America,222,4.826086956521739,1220.32,26.528695652173912,7.695652173913044,21,46,0,2.7186953392806052,0.0,0.0,0.0,0.0,0.0,0.0,0.0,0
3504,2023-01-24,USA,20.0,M,Basic,14.74,707,0,18-25,North America,169,5.633333333333334,936.19,31.206333333333337,7.133333333333334,22,30,0,2.442205522901779,3.0,27.320138888888888,1.0,0.0,2.0,4.5,38.0,0
3505,2024-04-23,Spain,29.0,F,Basic,12.9,252,0,26-35,Europe,239,5.311111111111111,1159.69,25.77088888888889,6.711111111111111,17,45,2,2.457106781841957,3.0,3.487638888888889,1.0,33.33333333333333,0.0,5.0,3.0,1
3506,2022-08-24,France,57.0,M,Basic,10.5,860,0,51+,Europe,298,5.137931034482759,1744.72,30.08137931034483,8.327586206896552,29,58,0,2.365306818583481,4.0,6.658888888888889,3.0,25.0,1.0,1.0,79.0,0
3507,2022-09-11,UK,43.5,Unknown,Premium,37.31,842,1,36-50,Europe,406,5.075,2592.63,32.407875000000004,6.825,44,80,0,2.713188604771753,0.0,0.0,0.0,0.0,0.0,0.0,0.0,0
3508,2023-04-17,UK,53.0,M,Basic,10.2,624,0,51+,Europe,177,5.057142857142857,960.57,27.444857142857146,7.171428571428572,22,35,1,2.566100923498496,0.0,0.0,0.0,0.0,0.0,0.0,0.0,1
3509,2022-12-21,France,31.0,F,Basic,13.7,741,0,26-35,Europe,206,5.722222222222222,1094.38,30.39944444444445,8.972222222222221,15,36,0,2.657723097595395,0.0,0.0,0.0,0.0,0.0,0.0,0.0,0
3510,2022-06-08,UK,33.0,M,Premium,38.79,937,1,26-35,Europe,122,4.357142857142857,790.8,28.24285714285714,7.321428571428571,15,28,2,2.4677818157096243,1.0,8.52111111111111,0.0,0.0,0.0,5.0,125.0,0
3511,2022-10-10,Mexico,36.0,M,Premium,34.24,813,1,36-50,North America,243,5.282608695652174,1432.3600000000001,31.13826086956522,6.586956521739131,14,46,3,2.8257785041629453,0.0,0.0,0.0,0.0,0.0,0.0,0.0,0
3512,2022-07-13,Australia,51.0,F,Basic,12.06,902,0,51+,Oceania,82,5.466666666666667,590.17,39.34466666666666,6.8,11,15,2,2.294921930407801,0.0,0.0,0.0,0.0,0.0,0.0,0.0,1
3513,2024-06-15,Australia,61.0,M,Basic,11.51,199,0,51+,Oceania,199,4.627906976744186,1198.25,27.86627906976744,7.627906976744186,19,43,0,2.563695768054518,4.0,20.66861111111111,0.0,75.0,0.0,4.0,96.0,0
3514,2024-01-13,Australia,63.0,M,Premium,38.76,353,1,51+,Oceania,146,4.709677419354839,1047.66,33.79548387096774,7.064516129032258,18,31,9,2.224013614872846,0.0,0.0,0.0,0.0,0.0,0.0,0.0,0
3515,2024-02-23,France,43.5,F,Basic,12.73,312,0,36-50,Europe,249,5.297872340425532,1445.4,30.753191489361704,8.106382978723405,21,47,1,2.8354502258633905,0.0,0.0,0.0,0.0,0.0,0.0,0.0,0
3516,2022-04-26,UK,30.0,F,Premium,35.78,980,1,26-35,Europe,235,4.7,1517.47,30.3494,6.84,24,50,0,2.7719439874188936,4.0,14.112083333333334,2.0,50.0,1.0,5.0,18.0,0
3517,2022-02-02,Spain,53.0,F,Basic,13.3,1063,0,51+,Europe,405,5.0,2652.7,32.74938271604938,8.0,49,81,0,2.598076211353316,4.0,20.629166666666666,0.0,25.0,1.0,5.0,29.0,1
3518,2024-04-08,France,39.0,M,Basic,11.49,267,0,36-50,Europe,277,4.946428571428571,1762.5,31.473214285714285,7.678571428571429,16,56,1,2.4152518623202757,0.0,0.0,0.0,0.0,0.0,0.0,0.0,0
3519,2023-11-08,UK,35.0,F,Basic,12.15,419,0,26-35,Europe,203,5.075,1328.93,33.22325,6.825,24,40,0,2.7022070751374834,3.0,22.630694444444444,1.0,0.0,1.0,5.0,123.0,0
3520,2023-03-06,UK,29.0,F,Enterprise,174.15,666,1,26-35,Europe,50,3.5714285714285716,463.88,33.13428571428572,8.928571428571429,6,14,10,1.9100658753958324,0.0,0.0,0.0,0.0,0.0,0.0,0.0,0
3521,2023-09-22,Mexico,69.0,M,Enterprise,198.54,466,1,51+,North America,222,5.045454545454546,1224.33,27.825681818181817,8.090909090909092,21,44,0,2.5513748729012526,3.0,9.75222222222222,0.0,100.0,0.0,4.5,26.0,0
3522,2024-02-24,Spain,47.0,M,Enterprise,103.42,311,1,36-50,Europe,74,4.625,466.6,29.1625,8.9375,6,16,3,2.305789814069502,5.0,7.0874999999999995,1.0,20.0,1.0,4.333333333333333,29.0,0
3523,2024-06-23,Australia,70.0,Other,Basic,10.2,191,0,51+,Oceania,61,5.545454545454546,389.67,35.42454545454546,7.7272727272727275,4,11,6,3.1737560197228887,0.0,0.0,0.0,0.0,0.0,0.0,0.0,0
3524,2024-06-29,Italy,68.0,F,Premium,34.27,185,1,51+,Europe,346,5.088235294117647,1804.13,26.531323529411765,8.264705882352942,31,68,0,2.69734692270429,3.0,24.45388888888889,2.0,33.33333333333333,1.0,5.0,70.0,0
3525,2022-01-17,Mexico,57.0,F,Basic,13.29,1079,0,51+,North America,167,5.387096774193548,1019.19,32.877096774193554,7.419354838709677,19,31,1,2.5778210353557482,3.0,32.83125,1.0,33.33333333333333,0.0,4.0,25.0,0
3526,2022-09-04,UK,24.0,F,Premium,33.85,849,1,18-25,Europe,218,4.739130434782608,1234.8,26.843478260869563,8.304347826086957,25,46,0,2.5160355288844185,0.0,0.0,0.0,0.0,0.0,0.0,0.0,1
3527,2022-07-31,Australia,49.0,F,Basic,14.99,884,0,36-50,Oceania,169,4.970588235294118,1060.82,31.200588235294116,6.4411764705882355,19,34,4,2.5876781931632356,2.0,18.643333333333334,0.0,50.0,0.0,0.0,6.0,0
3528,2022-03-10,Germany,65.0,F,Premium,31.94,1027,1,51+,Europe,81,5.0625,425.41,26.588125,5.5625,5,16,1,2.322893310794392,4.0,7.857777777777778,3.0,25.0,1.0,0.0,70.0,1
3529,2022-04-14,USA,36.0,M,Enterprise,100.78,992,1,36-50,North America,163,4.794117647058823,1098.03,32.295,7.852941176470588,12,34,2,2.555794506899435,2.0,14.642777777777775,1.0,50.0,0.0,4.0,58.0,1
3530,2023-09-01,Germany,23.0,M,Basic,10.94,487,0,18-25,Europe,56,5.090909090909091,349.7,31.79090909090909,7.7272727272727275,7,11,1,2.21153998175685,3.0,10.709166666666667,0.0,33.33333333333333,1.0,3.5,97.0,0
3531,2022-02-04,Australia,37.0,F,Basic,14.42,1061,0,36-50,Oceania,67,4.785714285714286,400.93,28.637857142857143,7.071428571428571,5,14,3,2.722514997587325,0.0,0.0,0.0,0.0,0.0,0.0,0.0,1
3532,2023-04-03,Mexico,44.0,F,Basic,10.72,638,0,36-50,North America,70,4.375,388.23,24.264375,7.4375,10,16,4,2.9410882339705484,0.0,0.0,0.0,0.0,0.0,0.0,0.0,0
3533,2023-09-05,Spain,70.0,F,Basic,12.38,483,0,51+,Europe,72,5.142857142857143,332.44,23.745714285714286,6.714285714285714,1,14,5,3.183059555187137,0.0,0.0,0.0,0.0,0.0,0.0,0.0,1
3534,2023-11-20,Italy,60.0,Other,Basic,12.09,407,0,51+,Europe,316,5.180327868852459,1956.04,32.06622950819672,8.01639344262295,31,61,1,2.4256146761959227,3.0,10.410648148148148,0.0,0.0,1.0,4.5,103.0,0
3535,2023-12-22,UK,43.5,F,Premium,36.65,375,1,36-50,Europe,234,5.571428571428571,1451.63,34.56261904761905,7.523809523809524,22,42,2,2.519609504615572,5.0,16.941666666666666,1.0,40.0,0.0,5.0,11.0,0
3536,2024-06-12,Italy,65.0,M,Basic,10.26,202,0,51+,Europe,229,4.673469387755102,1431.21,29.208367346938775,6.73469387755102,27,49,2,2.3663241104967776,0.0,0.0,0.0,0.0,0.0,0.0,0.0,0
3537,2022-02-19,France,24.0,F,Premium,36.58,1046,1,18-25,Europe,224,4.977777777777778,1299.97,28.888222222222222,6.866666666666666,22,45,3,2.5627478938976362,0.0,0.0,0.0,0.0,0.0,0.0,0.0,0
3538,2022-09-08,Brazil,43.5,M,Basic,11.76,845,0,36-50,South America,221,5.0227272727272725,1290.51,29.329772727272726,6.863636363636363,22,44,0,2.601329144733304,5.0,10.700555555555555,2.0,40.0,0.0,4.0,82.0,1
3539,2024-01-29,UK,28.0,M,Basic,14.62,337,0,26-35,Europe,469,5.517647058823529,2492.61,29.324823529411766,7.352941176470588,27,85,0,2.6440038393544376,0.0,0.0,0.0,0.0,0.0,0.0,0.0,0
3540,2022-02-15,Australia,32.0,M,Basic,14.23,1050,0,26-35,Oceania,51,5.666666666666667,234.91,26.10111111111111,5.444444444444445,0,9,4,2.29128784747792,0.0,0.0,0.0,0.0,0.0,0.0,0.0,0
3541,2023-02-16,France,20.0,F,Basic,11.99,684,0,18-25,Europe,320,5.517241379310345,1364.1399999999999,23.519655172413792,7.5,35,58,0,2.6506628056270953,3.0,20.120833333333334,0.0,66.66666666666666,2.0,3.0,189.0,0
3542,2023-03-26,Brazil,22.0,Other,Premium,39.92,646,1,18-25,South America,326,4.591549295774648,2198.32,30.96225352112676,7.154929577464789,43,71,0,2.38793075269742,4.0,22.45013888888889,2.0,50.0,0.0,4.5,67.0,0
3543,2022-08-28,UK,40.0,M,Basic,10.25,856,0,36-50,Europe,292,5.12280701754386,1737.46,30.481754385964912,6.842105263157895,24,57,0,2.666392529768829,0.0,0.0,0.0,0.0,0.0,0.0,0.0,0
3544,2023-07-07,Spain,70.0,M,Premium,37.88,543,1,51+,Europe,287,4.864406779661017,1750.68,29.672542372881356,8.288135593220339,36,59,1,2.4737074445723275,3.0,5.403333333333333,2.0,100.0,1.0,0.0,128.0,1
3545,2022-08-11,Canada,54.0,F,Basic,12.16,873,0,51+,North America,122,4.88,978.1800000000001,39.1272,7.88,7,25,1,2.6820390253188586,5.0,13.852944444444443,0.0,80.0,0.0,4.0,18.0,1
3546,2024-02-12,UK,26.0,F,Enterprise,143.32,323,1,26-35,Europe,80,5.0,475.75,29.734375,5.6875,8,16,18,2.6583202716502514,0.0,0.0,0.0,0.0,0.0,0.0,0.0,0
3547,2024-06-03,USA,32.0,F,Premium,31.69,211,1,26-35,North America,146,5.214285714285714,843.54,30.12642857142857,6.428571428571429,15,28,5,2.4245219896521624,4.0,11.837314814814816,1.0,50.0,1.0,4.666666666666667,13.0,0
3548,2024-03-05,Italy,20.0,F,Basic,12.56,301,0,18-25,Europe,452,5.136363636363637,2434.55,27.66534090909091,8.340909090909092,39,88,0,2.6487117587973255,0.0,0.0,0.0,0.0,0.0,0.0,0.0,0
3549,2022-02-27,Canada,46.0,F,Basic,10.41,1038,0,36-50,North America,48,4.8,210.01,21.000999999999998,4.7,4,10,3,2.8205594401741574,0.0,0.0,0.0,0.0,0.0,0.0,0.0,0
3550,2022-05-24,France,23.0,M,Basic,13.07,952,0,18-25,Europe,369,4.92,2450.32,32.67093333333334,8.173333333333334,34,75,0,2.8840661985879996,0.0,0.0,0.0,0.0,0.0,0.0,0.0,0
3551,2023-05-31,UK,34.0,M,Premium,32.41,580,1,26-35,Europe,353,5.042857142857143,1882.57,26.893857142857144,7.385714285714286,46,70,0,2.5619043770732506,3.0,19.062685185185185,0.0,100.0,1.0,5.0,311.0,0
3552,2022-10-24,UK,43.0,M,Basic,13.61,799,0,36-50,Europe,52,5.2,225.06,22.506,7.4,8,10,10,1.9321835661585918,0.0,0.0,0.0,0.0,0.0,0.0,0.0,0
3553,2022-08-28,USA,38.0,F,Premium,36.06,856,1,36-50,North America,43,5.375,128.69,16.08625,8.75,3,8,1,2.065879266282796,3.0,11.262777777777778,1.0,33.33333333333333,0.0,2.5,180.0,0
3554,2024-04-15,USA,25.0,M,Basic,13.72,260,0,18-25,North America,268,5.153846153846154,1607.83,30.919807692307693,8.0,21,52,0,2.7962482945702223,0.0,0.0,0.0,0.0,0.0,0.0,0.0,1
3555,2024-01-20,Canada,38.0,F,Basic,13.74,346,0,36-50,North America,203,4.951219512195122,1009.22,24.615121951219514,7.7073170731707314,22,41,1,2.539204791979126,4.0,3.4285185185185187,1.0,50.0,0.0,4.0,50.0,0
3556,2023-08-13,Germany,28.0,M,Basic,10.97,506,0,26-35,Europe,210,5.121951219512195,1185.82,28.922439024390243,7.2926829268292686,16,41,0,2.580650324542435,0.0,0.0,0.0,0.0,0.0,0.0,0.0,1
3557,2022-11-23,UK,55.0,M,Basic,9.99,769,0,51+,Europe,193,4.195652173913044,1591.99,34.60847826086957,8.217391304347826,35,46,0,2.4094219243756028,0.0,0.0,0.0,0.0,0.0,0.0,0.0,0
3558,2023-08-15,USA,25.0,M,Premium,33.65,504,1,18-25,North America,115,5.476190476190476,707.06,33.66952380952381,8.095238095238095,8,21,9,2.6761735298565306,0.0,0.0,0.0,0.0,0.0,0.0,0.0,0
3559,2023-09-05,Spain,59.0,M,Basic,14.59,483,0,51+,Europe,274,5.074074074074074,1488.04,27.556296296296296,7.2592592592592595,27,54,0,2.6482593204540543,0.0,0.0,0.0,0.0,0.0,0.0,0.0,0
3560,2024-03-02,Canada,41.0,M,Premium,35.77,304,1,36-50,North America,111,4.44,660.62,26.4248,7.76,14,25,3,2.567099530598687,0.0,0.0,0.0,0.0,0.0,0.0,0.0,0
3561,2023-11-20,UK,52.0,F,Premium,37.27,407,1,51+,Europe,171,4.885714285714286,921.85,26.33857142857143,8.2,13,35,0,2.4825441003301503,5.0,23.70951388888889,1.0,20.0,0.0,4.5,33.0,0
3562,2024-04-18,Spain,31.0,M,Basic,14.39,257,0,26-35,Europe,258,5.26530612244898,1492.55,30.460204081632654,6.387755102040816,29,49,0,2.5230232378048765,0.0,0.0,0.0,0.0,0.0,0.0,0.0,0
3563,2022-11-25,Germany,31.0,F,Basic,14.52,767,0,26-35,Europe,262,5.346938775510204,1571.29,32.067142857142855,7.551020408163265,26,49,1,2.3143665476770963,2.0,10.296527777777778,0.0,100.0,0.0,4.0,80.0,0
3564,2022-08-31,UK,27.0,M,Basic,12.64,853,0,26-35,Europe,120,4.615384615384615,701.23,26.970384615384617,5.6923076923076925,14,26,0,2.5780135465419582,3.0,10.930416666666666,1.0,66.66666666666666,0.0,5.0,54.0,0
3565,2022-11-06,Italy,29.0,F,Premium,35.4,786,1,26-35,Europe,127,4.379310344827586,709.73,24.47344827586207,8.586206896551724,12,29,2,2.2899437470234982,0.0,0.0,0.0,0.0,0.0,0.0,0.0,0
3566,2024-06-16,Italy,55.0,F,Basic,14.24,198,0,51+,Europe,358,4.904109589041096,2118.64,29.022465753424655,7.726027397260274,36,73,0,2.6308236118585238,0.0,0.0,0.0,0.0,0.0,0.0,0.0,0
3567,2022-05-27,Australia,61.0,Other,Basic,14.03,949,0,51+,Oceania,183,5.545454545454546,887.6,26.8969696969697,7.606060606060606,16,33,2,2.575011032633029,5.0,14.447314814814815,2.0,80.0,1.0,5.0,35.0,0
3568,2023-11-08,Spain,63.0,M,Basic,13.48,419,0,51+,Europe,431,4.954022988505747,2413.54,27.74183908045977,7.758620689655173,44,87,0,2.5468085180029463,3.0,4.814166666666667,1.0,66.66666666666666,0.0,3.5,5.0,0
3569,2023-06-18,Mexico,51.0,M,Basic,13.01,562,0,51+,North America,306,5.275862068965517,1704.58,29.389310344827585,7.620689655172414,38,58,0,2.6210557900062845,1.0,7.307222222222222,0.0,100.0,0.0,5.0,205.0,1
3570,2022-08-15,France,58.0,F,Enterprise,161.71,869,1,51+,Europe,47,3.9166666666666665,379.05,31.587500000000002,6.0,8,12,0,2.2343733444579583,0.0,0.0,0.0,0.0,0.0,0.0,0.0,0
3571,2023-02-28,UK,27.0,Unknown,Premium,33.62,672,1,26-35,Europe,38,4.75,299.86,37.4825,8.875,7,8,6,2.2519832529192065,0.0,0.0,0.0,0.0,0.0,0.0,0.0,0
3572,2022-11-04,Italy,34.0,F,Basic,14.19,788,0,26-35,Europe,183,4.6923076923076925,978.47,25.088974358974358,5.923076923076923,22,39,1,2.295921396896842,5.0,12.172037037037034,2.0,60.0,2.0,3.5,38.0,0
3573,2022-10-09,UK,34.0,M,Premium,36.17,814,1,26-35,Europe,256,4.830188679245283,1388.69,26.20169811320755,7.433962264150943,26,53,2,2.4157802454869026,0.0,0.0,0.0,0.0,0.0,0.0,0.0,1
3574,2022-03-04,USA,20.0,F,Enterprise,122.34,1033,1,18-25,North America,187,5.84375,916.42,28.638125,8.28125,18,32,8,2.665301229722691,3.0,21.436111111111114,1.0,33.33333333333333,0.0,1.0,115.0,0
3575,2023-07-25,UK,48.0,M,Basic,11.19,525,0,36-50,Europe,206,4.478260869565218,1450.62,31.535217391304347,8.456521739130435,15,46,0,2.373362644339439,3.0,22.11888888888889,1.0,33.33333333333333,1.0,1.0,154.0,0
3576,2023-08-29,USA,68.0,F,Premium,38.61,490,1,51+,North America,133,4.75,675.3,24.11785714285714,6.821428571428571,7,28,12,2.689141402284655,0.0,0.0,0.0,0.0,0.0,0.0,0.0,0
3577,2024-06-19,Germany,18.0,F,Basic,13.12,195,0,18-25,Europe,177,4.657894736842105,1269.64,33.411578947368426,8.5,22,38,0,2.622937447497569,0.0,0.0,0.0,0.0,0.0,0.0,0.0,0
3578,2024-01-23,Italy,29.0,M,Premium,33.98,343,1,26-35,Europe,312,5.288135593220339,1677.71,28.435762711864406,7.796610169491525,33,59,0,2.5260767417945593,0.0,0.0,0.0,0.0,0.0,0.0,0.0,0
3579,2022-06-29,UK,56.0,M,Premium,31.86,916,1,51+,Europe,178,5.933333333333334,939.17,31.305666666666664,8.4,16,30,7,2.4485510611074814,4.0,6.059074074074075,1.0,75.0,0.0,3.3333333333333335,181.0,0
3580,2023-10-04,Spain,21.0,M,Enterprise,161.01,454,1,18-25,Europe,158,4.388888888888889,1075.59,29.877499999999998,7.0,14,36,2,2.6862377065094254,0.0,0.0,0.0,0.0,0.0,0.0,0.0,0
3581,2023-11-27,USA,59.0,F,Basic,10.91,400,0,51+,North America,92,5.411764705882353,391.29,23.017058823529414,7.882352941176471,6,17,13,2.6471405216150634,4.0,12.008148148148146,1.0,50.0,1.0,4.0,127.0,0
3582,2023-03-14,USA,30.0,M,Premium,34.69,658,1,26-35,North America,101,4.809523809523809,764.15,36.38809523809524,6.523809523809524,13,21,0,2.7498917727621137,0.0,0.0,0.0,0.0,0.0,0.0,0.0,0
3583,2023-07-24,USA,51.0,M,Basic,13.38,526,0,51+,North America,29,5.8,167.67000000000002,33.534000000000006,11.4,2,5,0,2.3874672772626644,2.0,0.0,2.0,0.0,1.0,0.0,2.0,1
3584,2023-05-23,France,59.0,F,Basic,12.82,588,0,51+,Europe,262,5.346938775510204,1861.84,37.99673469387755,6.551020408163265,21,49,3,2.3589459193334923,2.0,4.341388888888889,1.0,0.0,0.0,5.0,299.0,1
3585,2022-02-18,UK,38.0,M,Enterprise,192.2,1047,1,36-50,Europe,22,3.6666666666666665,180.07,30.011666666666667,11.0,4,6,4,0.816496580927726,0.0,0.0,0.0,0.0,0.0,0.0,0.0,0
3586,2022-12-19,Australia,39.0,M,Premium,30.39,743,1,36-50,Oceania,151,4.4411764705882355,1188.39,34.95264705882353,6.882352941176471,23,34,3,2.5959312741356713,0.0,0.0,0.0,0.0,0.0,0.0,0.0,0
3587,2023-10-21,France,21.0,M,Basic,11.39,437,0,18-25,Europe,172,5.0588235294117645,941.28,27.68470588235294,7.235294117647059,21,34,0,2.4856092048891334,1.0,26.885555555555555,0.0,100.0,0.0,0.0,30.0,1
3588,2023-11-19,Brazil,35.0,F,Premium,30.56,408,1,26-35,South America,420,5.384615384615385,2184.62,28.007948717948718,7.3076923076923075,43,78,0,2.5595797607124005,0.0,0.0,0.0,0.0,0.0,0.0,0.0,0
3589,2023-01-26,France,22.0,Other,Basic,10.96,705,0,18-25,Europe,35,5.0,187.81,26.830000000000002,5.285714285714286,2,7,15,2.943920288775949,0.0,0.0,0.0,0.0,0.0,0.0,0.0,0
3590,2024-03-15,USA,36.0,M,Basic,10.61,291,0,36-50,North America,100,4.545454545454546,832.46,37.83909090909091,5.636363636363637,11,22,2,2.7382175767888675,5.0,22.488333333333333,1.0,40.0,2.0,3.3333333333333335,35.0,0
3591,2023-06-22,USA,19.0,F,Premium,37.32,558,1,18-25,North America,189,5.7272727272727275,899.49,27.257272727272728,7.03030303030303,18,33,1,2.3488391717070485,0.0,0.0,0.0,0.0,0.0,0.0,0.0,0
3592,2022-11-23,UK,29.0,M,Basic,11.84,769,0,26-35,Europe,134,5.583333333333333,654.22,27.25916666666667,7.75,16,24,0,2.552350437072305,2.0,11.842916666666667,0.0,50.0,0.0,3.5,68.0,1
3593,2023-12-15,UK,34.0,M,Basic,14.62,382,0,26-35,Europe,29,4.142857142857143,93.05,13.292857142857143,8.428571428571429,4,7,16,2.853569193634026,4.0,26.626666666666665,1.0,75.0,2.0,2.5,48.0,0
3594,2023-03-03,Italy,27.0,F,Premium,30.22,669,1,26-35,Europe,110,5.5,758.03,37.9015,7.3,14,20,12,2.6457513110645907,0.0,0.0,0.0,0.0,0.0,0.0,0.0,1
3595,2023-02-23,France,51.0,M,Basic,13.25,677,0,51+,Europe,183,4.6923076923076925,1049.42,26.90820512820513,7.743589743589744,28,39,0,2.7544590275429686,0.0,0.0,0.0,0.0,0.0,0.0,0.0,0
3596,2022-06-02,Germany,23.0,F,Basic,14.84,943,0,18-25,Europe,111,5.045454545454546,654.09,29.73136363636364,9.181818181818182,10,22,1,2.5537511667437416,4.0,19.77138888888889,0.0,75.0,1.0,3.0,129.0,0
3597,2022-11-04,UK,25.0,F,Basic,10.87,788,0,18-25,Europe,286,4.333333333333333,1699.67,25.75257575757576,8.257575757575758,38,66,0,2.438999374480844,0.0,0.0,0.0,0.0,0.0,0.0,0.0,1
3598,2023-01-21,Germany,68.0,F,Enterprise,144.23,710,1,51+,Europe,388,4.674698795180723,2342.14,28.218554216867467,8.012048192771084,39,83,0,2.6737588127310707,2.0,34.805,1.0,50.0,0.0,4.0,59.0,0
3599,2022-07-08,USA,28.0,M,Premium,37.01,907,1,26-35,North America,167,5.566666666666666,754.1,25.136666666666667,7.5,14,30,0,2.2846313115872894,0.0,0.0,0.0,0.0,0.0,0.0,0.0,0
3600,2024-02-12,USA,29.0,M,Basic,13.16,323,0,26-35,North America,59,4.214285714285714,421.75,30.125,8.142857142857142,10,14,5,2.9135907380774997,0.0,0.0,0.0,0.0,0.0,0.0,0.0,1
3601,2023-07-05,Spain,26.0,Other,Basic,12.82,545,0,26-35,Europe,121,5.041666666666667,766.16,31.923333333333332,6.0,10,24,0,2.7103532044280914,1.0,2.0630555555555556,0.0,100.0,0.0,0.0,193.0,0
3602,2023-04-30,Brazil,19.0,M,Premium,33.26,611,1,18-25,South America,34,5.666666666666667,203.09,33.848333333333336,12.166666666666666,3,6,21,2.160246899469287,3.0,19.62787037037037,0.0,66.66666666666666,0.0,5.0,71.0,0
3603,2022-09-04,Brazil,25.0,F,Premium,37.27,849,1,18-25,South America,36,5.142857142857143,237.49,33.92714285714286,7.285714285714286,8,7,5,2.4784787961282104,1.0,9.705833333333333,0.0,0.0,0.0,4.0,86.0,0
3604,2024-05-19,USA,28.0,M,Basic,13.26,226,0,26-35,North America,245,4.537037037037037,1549.13,28.687592592592594,7.814814814814815,29,54,0,2.447277755731195,0.0,0.0,0.0,0.0,0.0,0.0,0.0,0
3605,2022-08-19,Australia,70.0,M,Basic,10.8,865,0,51+,Oceania,226,4.52,1415.01,28.3002,7.34,34,50,0,2.8229381133557876,0.0,0.0,0.0,0.0,0.0,0.0,0.0,1
3606,2022-11-04,Italy,53.0,M,Enterprise,196.4,788,1,51+,Europe,278,4.87719298245614,1663.47,29.183684210526316,7.7894736842105265,24,57,1,2.712867324954727,0.0,0.0,0.0,0.0,0.0,0.0,0.0,1
3607,2024-05-28,Canada,27.0,F,Basic,12.77,217,0,26-35,North America,262,4.5964912280701755,1739.51,30.517719298245613,6.7894736842105265,32,57,0,2.67835003262141,2.0,4.444444444444445,0.0,50.0,1.0,3.5,161.0,0
3608,2023-12-26,France,38.0,F,Basic,12.62,371,0,36-50,Europe,140,4.827586206896552,641.32,22.114482758620692,7.379310344827586,14,29,0,2.5364340198289828,0.0,0.0,0.0,0.0,0.0,0.0,0.0,1
3609,2022-05-28,Germany,37.0,M,Premium,38.47,948,1,36-50,Europe,161,5.03125,962.8,30.0875,6.6875,15,32,2,2.811088355412452,2.0,8.574166666666667,0.0,50.0,0.0,4.0,234.0,0
3610,2024-04-05,UK,65.0,F,Basic,13.19,270,0,51+,Europe,364,4.918918918918919,2692.56,36.38594594594595,7.027027027027027,36,74,0,2.492491501238622,0.0,0.0,0.0,0.0,0.0,0.0,0.0,0
3611,2023-04-20,USA,25.0,M,Basic,10.36,621,0,18-25,North America,287,4.864406779661017,1643.41,27.85440677966102,7.711864406779661,29,59,0,2.459728237852949,0.0,0.0,0.0,0.0,0.0,0.0,0.0,0
3612,2022-03-01,USA,43.5,M,Enterprise,150.65,1036,1,36-50,North America,132,4.125,974.64,30.4575,7.5,11,32,3,2.673043450885634,0.0,0.0,0.0,0.0,0.0,0.0,0.0,1
3613,2023-07-30,USA,46.0,F,Basic,13.89,520,0,36-50,North America,440,4.943820224719101,2612.11,29.349550561797756,7.415730337078652,48,89,0,2.5644401770872025,0.0,0.0,0.0,0.0,0.0,0.0,0.0,0
3614,2023-02-27,UK,59.0,F,Basic,13.49,673,0,51+,Europe,54,4.909090909090909,275.74,25.067272727272726,7.454545454545454,3,11,0,2.6628760937957834,0.0,0.0,0.0,0.0,0.0,0.0,0.0,0
3615,2023-03-03,Mexico,29.0,M,Basic,14.84,669,0,26-35,North America,186,5.027027027027027,1303.83,35.23864864864865,7.081081081081081,21,37,6,2.4662892333590123,0.0,0.0,0.0,0.0,0.0,0.0,0.0,0
3616,2023-07-25,UK,31.0,M,Premium,30.24,525,1,26-35,Europe,48,3.6923076923076925,450.92,34.68615384615385,6.846153846153846,5,13,6,2.42846369077981,0.0,0.0,0.0,0.0,0.0,0.0,0.0,0
3617,2023-06-27,USA,65.0,Other,Premium,32.6,553,1,51+,North America,365,5.447761194029851,1989.18,29.689253731343285,8.537313432835822,31,67,0,2.612809831356832,1.0,16.890833333333333,0.0,100.0,1.0,0.0,106.0,0
3618,2022-05-18,USA,67.0,F,Basic,12.74,958,0,51+,North America,390,5.2,2337.55,31.167333333333335,7.866666666666666,51,75,0,2.557448052364024,0.0,0.0,0.0,0.0,0.0,0.0,0.0,1
3619,2023-02-02,Italy,38.0,F,Premium,36.18,698,1,36-50,Europe,48,5.333333333333333,223.39,24.821111111111108,8.777777777777779,3,9,5,1.8027756377319946,2.0,9.726388888888888,0.0,0.0,0.0,0.0,195.0,0
3620,2022-09-06,UK,39.0,M,Basic,11.36,847,0,36-50,Europe,283,5.66,1479.03,29.5806,7.02,21,50,5,2.273269694084012,0.0,0.0,0.0,0.0,0.0,0.0,0.0,0
3621,2022-09-19,UK,38.0,F,Basic,14.12,834,0,36-50,Europe,228,4.30188679245283,1715.57,32.36924528301887,7.415094339622642,20,53,1,2.4852248440330564,0.0,0.0,0.0,0.0,0.0,0.0,0.0,0
3622,2022-07-28,USA,61.0,M,Premium,31.63,887,1,51+,North America,311,4.936507936507937,1904.76,30.234285714285715,8.031746031746032,33,63,0,2.72901385871619,4.0,18.285648148148148,1.0,50.0,1.0,4.0,106.0,0
3623,2022-12-05,UK,67.0,Other,Basic,9.99,757,0,51+,Europe,334,4.911764705882353,1877.54,27.610882352941175,8.367647058823529,37,68,0,2.549423663975296,5.0,19.81072222222222,0.0,60.0,1.0,3.5,78.0,0
3624,2023-10-25,France,47.0,M,Enterprise,195.23,433,1,36-50,Europe,87,3.9545454545454546,699.36,31.78909090909091,6.7727272727272725,16,22,3,2.419706253861893,5.0,14.080277777777779,1.0,20.0,1.0,4.0,93.0,0
3625,2022-03-22,USA,43.5,M,Premium,33.91,1015,1,36-50,North America,55,5.5,320.14,32.013999999999996,7.3,7,10,18,2.6770630673681683,0.0,0.0,0.0,0.0,0.0,0.0,0.0,0
3626,2023-04-06,Italy,37.0,M,Basic,14.78,635,0,36-50,Europe,287,5.519230769230769,1521.48,29.25923076923077,8.98076923076923,26,52,0,2.508732862054535,0.0,0.0,0.0,0.0,0.0,0.0,0.0,0
3627,2024-05-17,USA,41.0,F,Premium,32.77,228,1,36-50,North America,146,4.294117647058823,1049.93,30.88029411764706,8.264705882352942,12,34,4,2.5048971643405977,4.0,17.880092592592593,1.0,25.0,0.0,4.5,6.0,1
3628,2023-01-15,USA,40.0,F,Basic,10.31,716,0,36-50,North America,296,5.192982456140351,1730.04,30.35157894736842,7.701754385964913,33,57,2,2.7866941275283517,0.0,0.0,0.0,0.0,0.0,0.0,0.0,0
3629,2022-04-05,Brazil,24.0,M,Premium,37.72,1001,1,18-25,South America,21,3.0,200.89,28.698571428571427,8.0,10,7,12,2.449489742783178,0.0,0.0,0.0,0.0,0.0,0.0,0.0,0
3630,2023-07-03,Germany,26.0,F,Basic,14.17,547,0,26-35,Europe,31,5.166666666666667,128.87,21.478333333333335,5.666666666666667,8,6,11,3.3115957885386114,0.0,0.0,0.0,0.0,0.0,0.0,0.0,0
3631,2024-01-12,UK,18.0,F,Basic,12.45,354,0,18-25,Europe,123,4.555555555555555,759.71,28.13740740740741,9.037037037037036,8,27,3,2.2417941532712202,1.0,27.038055555555555,0.0,100.0,0.0,0.0,175.0,0
3632,2024-04-29,Australia,43.0,M,Premium,30.73,246,1,36-50,Oceania,45,5.625,248.94,31.1175,8.875,0,8,4,3.020761493398643,3.0,54.67333333333333,2.0,100.0,0.0,5.0,99.0,0
3633,2022-07-15,Spain,55.0,F,Premium,36.53,900,1,51+,Europe,131,4.517241379310345,893.84,30.822068965517243,8.0,11,29,1,2.4874067054317033,0.0,0.0,0.0,0.0,0.0,0.0,0.0,0
3634,2022-02-22,Spain,55.0,F,Basic,10.9,1043,0,51+,Europe,129,5.608695652173913,654.48,28.455652173913045,6.695652173913044,9,23,1,2.856239269878912,2.0,13.628055555555557,0.0,50.0,0.0,4.0,59.0,0
3635,2022-10-02,UK,61.0,M,Basic,14.24,821,0,51+,Europe,350,4.861111111111111,2088.8,29.011111111111113,7.166666666666667,39,72,1,2.6393850946046666,2.0,26.95041666666667,0.0,100.0,0.0,0.0,131.0,1
3636,2023-01-22,Australia,39.0,M,Basic,11.36,709,0,36-50,Oceania,83,4.611111111111111,514.99,28.610555555555557,7.611111111111111,12,18,0,2.4528228369128184,1.0,26.694444444444443,0.0,100.0,0.0,0.0,280.0,0
3637,2023-11-21,Canada,61.0,M,Basic,14.23,406,0,51+,North America,274,4.6440677966101696,1726.57,29.263898305084744,7.830508474576271,33,59,0,2.617992860191568,0.0,0.0,0.0,0.0,0.0,0.0,0.0,1
3638,2023-09-12,Italy,27.0,M,Basic,12.12,476,0,26-35,Europe,405,5.0625,2684.05,33.550625000000004,7.925,36,80,0,2.6064367742624883,0.0,0.0,0.0,0.0,0.0,0.0,0.0,0
3639,2023-09-10,USA,23.0,M,Premium,35.95,478,1,18-25,North America,204,5.1,1377.89,34.447250000000004,6.9,23,40,2,2.844698172444256,0.0,0.0,0.0,0.0,0.0,0.0,0.0,0
3640,2022-02-10,USA,34.0,F,Basic,13.94,1055,0,26-35,North America,45,4.090909090909091,359.36,32.66909090909091,7.545454545454546,4,11,2,2.736952518935813,0.0,0.0,0.0,0.0,0.0,0.0,0.0,0
3641,2024-06-13,USA,43.5,F,Enterprise,104.03,201,1,36-50,North America,222,4.723404255319149,1366.03,29.064468085106384,7.404255319148936,24,47,0,2.724303881246144,3.0,20.845185185185183,0.0,66.66666666666666,1.0,4.0,39.0,0
3642,2022-03-16,Germany,67.0,M,Basic,14.1,1021,0,51+,Europe,229,4.770833333333333,1457.94,30.37375,7.458333333333333,26,48,1,2.627510619719279,0.0,0.0,0.0,0.0,0.0,0.0,0.0,0
3643,2022-07-12,UK,55.0,F,Premium,31.38,903,1,51+,Europe,97,4.85,549.15,27.4575,8.65,10,20,7,2.852053738328889,5.0,16.603166666666667,0.0,80.0,2.0,3.6666666666666665,55.0,1
3644,2024-04-03,UK,41.0,F,Basic,11.78,272,0,36-50,Europe,208,4.837209302325581,1364.16,31.7246511627907,7.162790697674419,22,43,2,2.8944136058649543,0.0,0.0,0.0,0.0,0.0,0.0,0.0,0
3645,2024-02-19,Italy,68.0,F,Premium,34.72,316,1,51+,Europe,58,6.444444444444445,288.08,32.00888888888889,6.111111111111111,5,9,3,2.455153310442706,0.0,0.0,0.0,0.0,0.0,0.0,0.0,1
3646,2023-08-25,UK,27.0,M,Basic,14.47,494,0,26-35,Europe,443,5.034090909090909,2647.34,30.083409090909093,7.409090909090909,34,88,1,2.6455291439352275,0.0,0.0,0.0,0.0,0.0,0.0,0.0,0
3647,2024-01-12,Mexico,25.0,F,Premium,30.21,354,1,18-25,North America,194,5.542857142857143,1002.7,28.64857142857143,7.6,20,35,0,2.477461427762382,4.0,21.813703703703705,1.0,0.0,1.0,3.5,116.0,0
3648,2023-11-19,UK,38.0,F,Basic,12.79,408,0,36-50,Europe,250,4.8076923076923075,1677.57,32.26096153846154,7.846153846153846,31,52,0,2.7082912747633476,0.0,0.0,0.0,0.0,0.0,0.0,0.0,1
3649,2023-07-27,UK,23.0,F,Basic,13.2,523,0,18-25,Europe,256,4.654545454545454,1609.74,29.268,7.636363636363637,28,55,1,2.7434648396870926,1.0,23.155555555555555,0.0,100.0,0.0,3.0,221.0,1
3650,2022-08-11,Spain,38.0,M,Basic,11.57,873,0,36-50,Europe,237,4.232142857142857,1809.27,32.308392857142856,7.446428571428571,32,56,0,2.607618707686253,0.0,0.0,0.0,0.0,0.0,0.0,0.0,0
3651,2023-05-06,Spain,56.0,M,Basic,11.44,605,0,51+,Europe,416,4.894117647058824,2379.98,27.999764705882352,7.529411764705882,44,85,0,2.415345432318734,0.0,0.0,0.0,0.0,0.0,0.0,0.0,0
3652,2022-08-02,UK,41.0,F,Premium,34.89,882,1,36-50,Europe,440,5.0,2635.9,29.95340909090909,7.488636363636363,35,88,0,2.5953096508717497,0.0,0.0,0.0,0.0,0.0,0.0,0.0,0
3653,2024-06-09,UK,50.0,M,Basic,10.93,205,0,36-50,Europe,147,5.068965517241379,989.8199999999999,34.13172413793103,8.413793103448276,8,29,1,2.5061500707938262,2.0,19.977222222222224,0.0,100.0,0.0,0.0,154.0,1
3654,2022-12-07,UK,35.0,Unknown,Premium,34.67,755,1,26-35,Europe,352,4.821917808219178,2093.41,28.67684931506849,7.2465753424657535,39,73,0,2.704638329453808,0.0,0.0,0.0,0.0,0.0,0.0,0.0,0
3655,2022-11-07,Australia,45.0,F,Basic,13.82,785,0,36-50,Oceania,198,4.95,1030.03,25.75075,6.95,16,40,1,2.8640118893894457,0.0,0.0,0.0,0.0,0.0,0.0,0.0,0
3656,2022-01-16,Mexico,69.0,M,Basic,14.22,1080,0,51+,North America,27,5.4,235.57999999999998,47.116,7.2,3,5,1,3.361547262794322,0.0,0.0,0.0,0.0,0.0,0.0,0.0,1
3657,2022-08-05,Canada,49.0,F,Premium,33.84,879,1,36-50,North America,417,4.848837209302325,2377.8,27.64883720930233,7.058139534883721,40,86,0,2.6190139224770435,1.0,18.200277777777774,0.0,100.0,0.0,3.0,333.0,0
3658,2022-07-14,Brazil,29.0,M,Premium,36.16,901,1,26-35,South America,64,4.571428571428571,287.76,20.554285714285715,6.571428571428571,11,14,10,1.8277470669267508,5.0,15.53711111111111,0.0,60.0,1.0,4.0,54.0,0
3659,2024-01-30,France,65.0,M,Basic,9.99,336,0,51+,Europe,339,5.745762711864407,1815.57,30.77237288135593,7.8474576271186445,24,59,1,2.5229513391987832,5.0,17.479791666666667,1.0,40.0,1.0,4.0,5.0,0
3660,2022-05-01,Spain,59.0,F,Premium,35.49,975,1,51+,Europe,255,4.811320754716981,1390.02,26.22679245283019,7.377358490566038,39,53,1,2.5042779073907857,0.0,0.0,0.0,0.0,0.0,0.0,0.0,0
3661,2024-02-04,Italy,44.0,F,Premium,39.74,331,1,36-50,Europe,136,5.230769230769231,710.0699999999999,27.310384615384613,6.1923076923076925,12,26,1,2.3204774044612857,0.0,0.0,0.0,0.0,0.0,0.0,0.0,0
3662,2024-02-12,Australia,43.5,M,Premium,33.11,323,1,36-50,Oceania,275,5.188679245283019,1626.33,30.685471698113208,7.981132075471698,32,53,0,2.3292174632892757,1.0,13.905277777777778,0.0,0.0,0.0,4.0,44.0,0
3663,2023-05-06,Italy,63.0,F,Basic,12.96,605,0,51+,Europe,145,4.53125,1144.3799999999999,35.761874999999996,5.9375,20,32,1,3.17230327436015,0.0,0.0,0.0,0.0,0.0,0.0,0.0,0
3664,2022-09-06,USA,69.0,M,Premium,37.61,847,1,51+,North America,284,4.896551724137931,1669.86,28.79068965517241,6.879310344827586,23,58,1,2.489907031114509,5.0,13.082111111111113,0.0,100.0,0.0,4.333333333333333,71.0,0
3665,2023-12-14,USA,59.0,M,Basic,13.03,383,0,51+,North America,176,4.631578947368421,1356.1200000000001,35.68736842105263,6.947368421052632,19,38,1,2.572421854265269,0.0,0.0,0.0,0.0,0.0,0.0,0.0,0
3666,2023-09-11,France,49.0,M,Premium,34.17,477,1,36-50,Europe,72,4.5,430.06,26.87875,6.5,2,16,0,2.780887148615228,0.0,0.0,0.0,0.0,0.0,0.0,0.0,0
3667,2023-12-22,Spain,59.0,M,Basic,10.75,375,0,51+,Europe,248,4.592592592592593,1738.7,32.19814814814815,7.537037037037037,26,54,2,2.5440905890370953,4.0,20.404305555555556,2.0,25.0,1.0,3.5,1.0,0
3668,2022-07-29,Mexico,43.0,F,Premium,34.63,886,1,36-50,North America,387,5.608695652173913,1925.81,27.910289855072463,6.6231884057971016,26,69,0,2.696497681112581,0.0,0.0,0.0,0.0,0.0,0.0,0.0,1
3669,2023-02-11,USA,42.0,F,Premium,32.94,689,1,36-50,North America,255,5.930232558139535,1291.54,30.035813953488372,7.4186046511627906,20,43,2,2.261429687242851,0.0,0.0,0.0,0.0,0.0,0.0,0.0,0
3670,2022-09-03,Spain,28.0,F,Basic,13.47,850,0,26-35,Europe,229,4.403846153846154,1563.96,30.076153846153847,7.096153846153846,26,52,1,2.5763602185772214,0.0,0.0,0.0,0.0,0.0,0.0,0.0,0
3671,2023-07-20,Australia,40.0,F,Basic,12.2,530,0,36-50,Oceania,164,4.1,1188.48,29.712,8.25,29,40,0,2.3402826916684822,0.0,0.0,0.0,0.0,0.0,0.0,0.0,0
3672,2022-11-26,USA,51.0,M,Premium,38.49,766,1,51+,North America,279,5.264150943396227,1595.11,30.09641509433962,8.056603773584905,22,53,0,2.5806300914865017,0.0,0.0,0.0,0.0,0.0,0.0,0.0,1
3673,2024-03-05,Italy,69.0,M,Basic,10.96,301,0,51+,Europe,247,5.145833333333333,1641.81,34.204375,7.375,21,48,3,2.728802896551334,4.0,17.954305555555557,0.0,25.0,1.0,4.0,139.0,0
3674,2022-10-17,UK,57.0,F,Basic,12.08,806,0,51+,Europe,228,5.181818181818182,1396.28,31.733636363636364,6.954545454545454,24,44,0,2.6873755440969864,2.0,39.75194444444445,0.0,0.0,1.0,4.5,153.0,1
3675,2023-01-25,USA,40.0,F,Basic,12.78,706,0,36-50,North America,398,5.1688311688311686,2177.15,28.274675324675325,7.792207792207792,44,77,0,2.3863790970433003,2.0,31.635416666666668,0.0,0.0,0.0,2.0,105.0,0
3676,2023-04-23,UK,46.0,F,Premium,31.25,618,1,36-50,Europe,338,5.044776119402985,2130.1,31.792537313432835,7.388059701492537,32,67,0,2.7048376180516156,0.0,0.0,0.0,0.0,0.0,0.0,0.0,0
3677,2023-07-01,Germany,48.0,M,Premium,35.87,549,1,36-50,Europe,310,5.344827586206897,1730.3700000000001,29.83396551724138,7.310344827586207,24,58,1,2.5515851566932324,0.0,0.0,0.0,0.0,0.0,0.0,0.0,0
3678,2023-10-27,UK,24.0,M,Premium,32.9,431,1,18-25,Europe,253,5.270833333333333,1366.53,28.469375,6.145833333333333,17,48,0,2.5825896893517752,3.0,23.28888888888889,1.0,66.66666666666666,0.0,5.0,35.0,0
3679,2023-01-03,Germany,43.5,M,Basic,11.14,728,0,36-50,Europe,276,5.0181818181818185,1601.79,29.123454545454546,6.6909090909090905,24,55,3,2.5855073940811857,0.0,0.0,0.0,0.0,0.0,0.0,0.0,0
3680,2022-11-12,France,50.0,M,Basic,10.7,780,0,36-50,Europe,400,5.063291139240507,2382.46,30.15772151898734,8.544303797468354,39,79,0,2.64255981254336,0.0,0.0,0.0,0.0,0.0,0.0,0.0,1
3681,2022-09-25,Canada,43.5,M,Basic,11.74,828,0,36-50,North America,322,5.75,1606.25,28.683035714285715,7.464285714285714,29,56,0,2.443916380060347,3.0,5.708611111111111,2.0,0.0,0.0,4.0,52.0,0
3682,2023-01-04,USA,19.0,F,Enterprise,192.89,727,1,18-25,North America,37,6.166666666666667,149.76,24.959999999999997,9.833333333333334,1,6,28,1.6020819787597222,3.0,8.490694444444443,1.0,100.0,0.0,4.0,76.0,0
3683,2023-06-10,Canada,35.0,M,Basic,10.15,570,0,26-35,North America,292,5.12280701754386,1937.07,33.98368421052631,6.719298245614035,31,57,0,2.8225506160120273,5.0,14.835888888888888,0.0,60.0,0.0,4.0,82.0,1
3684,2024-06-22,USA,64.0,F,Basic,14.25,192,0,51+,North America,190,4.871794871794871,1241.9,31.843589743589746,7.410256410256411,22,39,3,2.735531192325091,0.0,0.0,0.0,0.0,0.0,0.0,0.0,0
3685,2023-05-25,UK,43.5,F,Premium,33.96,586,1,36-50,Europe,259,5.18,1803.1,36.062,6.54,24,50,0,2.616197583501362,2.0,17.788333333333334,1.0,50.0,0.0,0.0,21.0,0
3686,2023-04-23,USA,54.0,M,Premium,35.61,618,1,51+,North America,55,5.0,319.94,29.085454545454546,6.545454545454546,5,11,1,2.280350850198276,0.0,0.0,0.0,0.0,0.0,0.0,0.0,0
3687,2022-04-11,Canada,51.0,F,Basic,12.55,995,0,51+,North America,135,5.0,793.8,29.4,7.888888888888889,18,27,3,2.882306768491569,0.0,0.0,0.0,0.0,0.0,0.0,0.0,1
3688,2024-04-02,Spain,37.0,Unknown,Basic,14.62,273,0,36-50,Europe,365,5.0,1875.03,25.685342465753426,8.534246575342467,33,73,0,2.4608038433722337,0.0,0.0,0.0,0.0,0.0,0.0,0.0,0
3689,2024-01-10,Australia,52.0,F,Basic,13.84,356,0,51+,Oceania,212,4.711111111111111,1261.34,28.029777777777777,7.377777777777778,28,45,1,2.6425041689329998,0.0,0.0,0.0,0.0,0.0,0.0,0.0,0
3690,2023-04-26,Italy,68.0,F,Premium,39.84,615,1,51+,Europe,400,5.128205128205129,2032.06,26.05205128205128,7.564102564102564,42,78,0,2.482975667453905,3.0,20.394166666666663,0.0,33.33333333333333,2.0,4.0,190.0,0
3691,2024-02-19,Spain,67.0,F,Basic,13.96,316,0,51+,Europe,187,4.675,1333.11,33.327749999999995,7.15,25,40,2,2.4007210455322667,0.0,0.0,0.0,0.0,0.0,0.0,0.0,0
3692,2024-05-09,Spain,35.0,F,Premium,32.95,236,1,26-35,Europe,98,4.454545454545454,633.98,28.817272727272726,7.363636363636363,9,22,0,2.6318067798390756,0.0,0.0,0.0,0.0,0.0,0.0,0.0,0
3693,2022-11-24,Australia,63.0,M,Basic,14.8,768,0,51+,Oceania,172,4.648648648648648,1016.39,27.47,7.783783783783784,15,37,1,2.463243302552058,3.0,24.492962962962963,0.0,66.66666666666666,1.0,3.3333333333333335,208.0,0
3694,2022-07-28,Australia,41.0,F,Premium,39.83,887,1,36-50,Oceania,140,4.516129032258065,907.73,29.281612903225806,7.67741935483871,17,31,2,2.5803225604813504,2.0,7.145416666666667,0.0,0.0,0.0,4.0,9.0,0
3695,2023-01-15,France,25.0,F,Basic,10.61,716,0,18-25,Europe,100,5.0,650.53,32.5265,7.15,9,20,1,2.8654015976455156,0.0,0.0,0.0,0.0,0.0,0.0,0.0,0
3696,2022-11-17,UK,47.0,F,Basic,14.5,775,0,36-50,Europe,91,5.055555555555555,528.95,29.386111111111113,8.277777777777779,12,18,7,2.999455288238815,0.0,0.0,0.0,0.0,0.0,0.0,0.0,1
3697,2023-02-28,UK,61.0,F,Premium,36.63,672,1,51+,Europe,146,5.214285714285714,835.9,29.853571428571428,7.178571428571429,18,28,2,2.9358214555806383,0.0,0.0,0.0,0.0,0.0,0.0,0.0,0
3698,2022-02-16,UK,70.0,F,Premium,39.21,1049,1,51+,Europe,362,4.826666666666667,2298.51,30.646800000000002,7.493333333333333,42,75,0,2.5275419815442173,1.0,15.768055555555556,0.0,100.0,0.0,0.0,77.0,1
3699,2023-07-31,Spain,27.0,F,Premium,39.15,519,1,26-35,Europe,182,5.2,1103.79,31.53685714285714,7.6571428571428575,19,35,0,3.0175954587951606,2.0,21.628333333333334,0.0,100.0,0.0,5.0,46.0,0
3700,2024-06-03,Germany,40.0,M,Premium,38.9,211,1,36-50,Europe,310,4.84375,1753.77,27.40265625,7.078125,33,64,0,2.5648339158458215,0.0,0.0,0.0,0.0,0.0,0.0,0.0,0
3701,2022-08-15,France,69.0,M,Basic,14.42,869,0,51+,Europe,118,5.363636363636363,771.55,35.070454545454545,8.272727272727273,10,22,4,2.555022216760263,3.0,15.709444444444445,1.0,33.33333333333333,0.0,4.0,78.0,0
3702,2024-01-30,Mexico,66.0,F,Basic,10.58,336,0,51+,North America,232,4.9361702127659575,1106.38,23.540000000000003,7.085106382978723,25,47,1,2.531576715418664,3.0,12.070694444444445,1.0,33.33333333333333,0.0,3.0,91.0,0
3703,2022-05-30,Spain,28.0,F,Basic,10.71,946,0,26-35,Europe,63,4.2,619.92,41.327999999999996,6.666666666666667,7,15,9,2.2424476423255526,3.0,6.682638888888889,1.0,33.33333333333333,0.0,4.5,237.0,0
3704,2022-01-17,USA,19.0,Other,Enterprise,111.77,1079,1,18-25,North America,172,4.914285714285715,1069.4,30.554285714285715,9.0,17,35,3,2.593787017555022,0.0,0.0,0.0,0.0,0.0,0.0,0.0,1
3705,2022-09-25,Italy,43.0,M,Basic,10.45,828,0,36-50,Europe,178,4.944444444444445,993.64,27.60111111111111,7.444444444444445,19,36,0,2.241739687251137,1.0,16.790277777777778,0.0,100.0,0.0,3.0,179.0,0
3706,2023-07-21,Australia,53.0,M,Basic,11.76,529,0,51+,Oceania,88,5.176470588235294,577.13,33.94882352941176,8.588235294117647,4,17,1,2.2976970567735604,1.0,0.0,1.0,0.0,0.0,0.0,157.0,0
3707,2023-08-22,UK,50.0,F,Basic,13.41,497,0,36-50,Europe,425,4.885057471264368,2665.56,30.638620689655173,7.724137931034483,40,87,0,2.6781861588227605,1.0,19.0725,0.0,0.0,1.0,0.0,17.0,0
3708,2023-08-17,UK,64.0,F,Premium,33.54,502,1,51+,Europe,113,5.65,502.90999999999997,25.1455,6.0,13,20,0,2.621269278723372,0.0,0.0,0.0,0.0,0.0,0.0,0.0,0
3709,2024-01-08,Australia,30.0,F,Premium,37.19,358,1,26-35,Oceania,305,5.258620689655173,1593.95,27.481896551724137,8.051724137931034,37,58,0,2.5239925544666377,0.0,0.0,0.0,0.0,0.0,0.0,0.0,1
3710,2023-03-04,USA,57.0,M,Enterprise,182.02,668,1,51+,North America,190,4.523809523809524,1415.92,33.712380952380954,6.761904761904762,15,42,0,2.318936838379797,4.0,25.539791666666666,0.0,50.0,0.0,2.6666666666666665,195.0,1
3711,2022-10-30,Germany,42.0,M,Basic,13.32,793,0,36-50,Europe,277,4.946428571428571,1759.89,31.426607142857144,7.339285714285714,23,56,0,2.759576007335138,3.0,8.147361111111111,1.0,33.33333333333333,0.0,5.0,26.0,0
3712,2022-06-06,USA,21.0,M,Premium,34.64,939,1,18-25,North America,288,5.236363636363636,1524.09,27.710727272727272,7.709090909090909,26,55,0,2.4340458345271823,0.0,0.0,0.0,0.0,0.0,0.0,0.0,0
3713,2022-07-20,Brazil,59.0,M,Basic,11.47,895,0,51+,South America,182,4.7894736842105265,1277.7,33.623684210526314,6.684210526315789,17,38,2,2.6320056553052904,2.0,4.0136111111111115,1.0,0.0,0.0,0.0,28.0,0
3714,2022-12-04,USA,36.0,Other,Basic,10.61,758,0,36-50,North America,300,5.084745762711864,1559.36,26.429830508474573,7.711864406779661,30,59,0,2.328890038958328,2.0,12.052222222222222,1.0,50.0,0.0,2.0,2.0,0
3715,2022-08-24,Canada,35.0,M,Basic,12.46,860,0,26-35,North America,132,4.888888888888889,939.02,34.77851851851852,7.0,10,27,2,2.846500325410855,1.0,0.0,1.0,100.0,0.0,0.0,1.0,1
3716,2023-01-24,USA,54.0,M,Basic,13.59,707,0,51+,North America,62,4.428571428571429,383.31,27.379285714285714,8.0,10,14,3,2.064881658530644,0.0,0.0,0.0,0.0,0.0,0.0,0.0,0
3717,2023-08-07,Canada,47.0,M,Premium,35.47,512,1,36-50,North America,29,4.833333333333333,145.81,24.301666666666666,4.5,1,6,0,2.136976056643281,0.0,0.0,0.0,0.0,0.0,0.0,0.0,0
3718,2024-05-03,Spain,36.0,M,Enterprise,172.14,242,1,36-50,Europe,43,5.375,370.4,46.3,7.375,3,8,6,3.1594529363709247,0.0,0.0,0.0,0.0,0.0,0.0,0.0,0
3719,2022-09-09,UK,40.0,F,Basic,11.67,844,0,36-50,Europe,181,4.641025641025641,1254.95,32.17820512820513,7.384615384615385,23,39,0,2.5801589046044136,0.0,0.0,0.0,0.0,0.0,0.0,0.0,0
3720,2023-05-27,USA,33.0,M,Enterprise,106.67,584,1,26-35,North America,397,5.025316455696203,1976.59,25.02012658227848,7.772151898734177,40,79,0,2.8146807604393214,0.0,0.0,0.0,0.0,0.0,0.0,0.0,0
3721,2023-07-18,Australia,18.0,Unknown,Basic,13.85,532,0,18-25,Oceania,219,4.469387755102041,1519.68,31.01387755102041,7.244897959183674,20,49,1,2.3549773602620765,0.0,0.0,0.0,0.0,0.0,0.0,0.0,0
3722,2023-11-02,USA,29.0,Other,Basic,11.09,425,0,26-35,North America,263,5.717391304347826,1486.13,32.30717391304348,8.217391304347826,15,46,0,2.247596676731846,2.0,6.176111111111111,1.0,100.0,0.0,5.0,221.0,1
3723,2023-12-03,Germany,41.0,M,Basic,13.07,394,0,36-50,Europe,194,5.105263157894737,1120.51,29.487105263157893,8.68421052631579,12,38,1,2.5125573671999684,2.0,25.80652777777778,0.0,50.0,0.0,4.0,121.0,0
3724,2022-12-12,Spain,51.0,F,Basic,14.01,750,0,51+,Europe,78,4.588235294117647,567.4300000000001,33.37823529411765,8.058823529411764,10,17,2,2.5509513796182923,0.0,0.0,0.0,0.0,0.0,0.0,0.0,0
3725,2022-09-21,UK,70.0,M,Basic,10.69,832,0,51+,Europe,248,5.166666666666667,988.0,20.583333333333332,7.104166666666667,19,48,0,2.676400673923074,1.0,7.936944444444444,0.0,100.0,1.0,3.0,11.0,0
3726,2024-02-21,Australia,25.0,F,Premium,35.97,314,1,18-25,Oceania,264,5.387755102040816,1405.03,28.67408163265306,8.306122448979592,13,49,0,2.4564229288626533,0.0,0.0,0.0,0.0,0.0,0.0,0.0,0
3727,2024-04-21,Canada,35.0,M,Premium,36.88,254,1,26-35,North America,126,4.064516129032258,906.9,29.25483870967742,6.935483870967742,14,31,7,2.462187156045992,0.0,0.0,0.0,0.0,0.0,0.0,0.0,1
3728,2023-05-16,UK,65.0,M,Premium,37.46,595,1,51+,Europe,226,4.612244897959184,1341.31,27.373673469387754,7.326530612244898,21,49,0,2.596602961327647,0.0,0.0,0.0,0.0,0.0,0.0,0.0,0
3729,2024-01-11,UK,22.0,F,Basic,10.73,355,0,18-25,Europe,165,4.714285714285714,1029.35,29.409999999999997,6.542857142857143,19,35,1,2.855041243870512,0.0,0.0,0.0,0.0,0.0,0.0,0.0,0
3730,2023-10-20,Mexico,43.0,M,Premium,38.24,438,1,36-50,North America,239,4.979166666666667,1398.6,29.1375,7.229166666666667,24,48,0,2.7249015858342975,0.0,0.0,0.0,0.0,0.0,0.0,0.0,0
3731,2024-01-28,UK,47.0,F,Premium,30.93,338,1,36-50,Europe,190,5.757575757575758,1071.53,32.47060606060606,7.848484848484849,17,33,0,2.669624306788118,3.0,12.214583333333334,1.0,33.33333333333333,2.0,3.0,106.0,0
3732,2023-05-18,Mexico,30.0,M,Enterprise,151.95,593,1,26-35,North America,353,5.042857142857143,1992.8600000000001,28.469428571428573,7.757142857142857,27,70,0,2.5277343598148954,0.0,0.0,0.0,0.0,0.0,0.0,0.0,0
3733,2023-04-17,UK,36.0,F,Basic,12.21,624,0,36-50,Europe,338,5.28125,1947.72,30.433125,7.875,32,64,1,2.6635025871483644,0.0,0.0,0.0,0.0,0.0,0.0,0.0,0
3734,2022-06-22,USA,46.0,F,Enterprise,122.17,923,1,36-50,North America,254,4.535714285714286,1608.96,28.731428571428573,7.785714285714286,30,56,0,2.4417898481109432,0.0,0.0,0.0,0.0,0.0,0.0,0.0,0
3735,2024-01-21,France,20.0,M,Premium,33.01,345,1,18-25,Europe,117,4.68,725.51,29.0204,7.56,11,25,0,2.4447222064411873,1.0,24.321666666666665,0.0,0.0,0.0,0.0,25.0,0
3736,2024-03-25,Australia,43.0,M,Premium,31.63,281,1,36-50,Oceania,227,5.27906976744186,1351.87,31.438837209302324,7.3023255813953485,19,43,1,2.2606950195033133,0.0,0.0,0.0,0.0,0.0,0.0,0.0,0
3737,2022-12-27,Canada,57.0,F,Basic,12.12,735,0,51+,North America,442,5.261904761904762,2595.68,30.90095238095238,7.583333333333333,34,84,0,2.400396792595916,0.0,0.0,0.0,0.0,0.0,0.0,0.0,1
3738,2022-06-23,Mexico,29.0,F,Basic,10.17,922,0,26-35,North America,334,5.0606060606060606,2151.95,32.60530303030303,7.166666666666667,37,66,0,2.6363073701897033,0.0,0.0,0.0,0.0,0.0,0.0,0.0,1
3739,2022-05-24,Germany,19.0,M,Basic,14.43,952,0,18-25,Europe,49,4.454545454545454,341.99,31.09,6.7272727272727275,2,11,5,3.4165373220158552,0.0,0.0,0.0,0.0,0.0,0.0,0.0,0
3740,2024-01-08,USA,28.0,F,Basic,10.81,358,0,26-35,North America,219,4.760869565217392,1368.76,29.75565217391304,7.913043478260869,26,46,1,2.487165120808076,0.0,0.0,0.0,0.0,0.0,0.0,0.0,1
3741,2023-07-14,Brazil,61.0,M,Basic,14.42,536,0,51+,South America,49,6.125,230.23000000000002,28.778750000000002,9.375,1,8,9,2.356601669474803,0.0,0.0,0.0,0.0,0.0,0.0,0.0,0
3742,2023-05-16,Germany,45.0,M,Enterprise,186.35,595,1,36-50,Europe,352,5.176470588235294,2170.62,31.920882352941174,6.764705882352941,32,68,0,2.5152737987551426,0.0,0.0,0.0,0.0,0.0,0.0,0.0,1
3743,2022-07-08,UK,35.0,F,Basic,12.25,907,0,26-35,Europe,279,5.072727272727272,1681.53,30.573272727272727,8.127272727272727,31,55,0,2.485919946377594,4.0,26.01534722222222,0.0,25.0,0.0,2.0,96.0,0
3744,2024-06-29,UK,30.0,F,Basic,12.48,185,0,26-35,Europe,142,5.461538461538462,939.87,36.14884615384615,7.5,14,26,0,2.817527557711111,1.0,12.147777777777778,0.0,100.0,0.0,5.0,303.0,0
3745,2023-07-10,Mexico,43.5,F,Basic,11.5,540,0,36-50,North America,368,4.487804878048781,2337.74,28.5090243902439,7.597560975609756,42,82,0,2.347806448996854,5.0,15.69638888888889,1.0,80.0,0.0,4.0,30.0,0
3746,2023-10-20,Brazil,39.0,M,Basic,14.97,438,0,36-50,South America,329,4.768115942028985,2010.98,29.14463768115942,7.565217391304348,36,69,0,2.906103756782144,3.0,15.57875,1.0,33.33333333333333,0.0,4.5,39.0,0
3747,2022-03-02,USA,29.0,M,Basic,13.34,1035,0,26-35,North America,86,4.526315789473684,510.43,26.864736842105263,7.842105263157895,16,19,0,2.2698120590977857,4.0,14.356458333333332,0.0,75.0,0.0,2.0,51.0,0
3748,2023-06-21,UK,19.0,F,Basic,14.75,559,0,18-25,Europe,27,3.375,257.84000000000003,32.230000000000004,9.5,4,8,20,1.8468119248354136,0.0,0.0,0.0,0.0,0.0,0.0,0.0,0
3749,2022-02-04,Australia,54.0,M,Basic,12.06,1061,0,51+,Oceania,262,5.137254901960785,1489.44,29.204705882352943,8.313725490196079,25,51,4,2.4901374086032866,5.0,12.836666666666666,3.0,100.0,0.0,4.5,163.0,0
3750,2024-05-09,UK,24.0,M,Premium,38.82,236,1,18-25,Europe,265,4.649122807017544,1506.35,26.427192982456138,7.526315789473684,30,57,1,2.4748104405776172,1.0,16.718611111111112,0.0,0.0,0.0,0.0,160.0,0
3751,2024-05-17,Italy,43.0,M,Basic,12.23,228,0,36-50,Europe,141,4.7,952.83,31.761000000000003,8.6,18,30,13,2.2460693636232376,0.0,0.0,0.0,0.0,0.0,0.0,0.0,1
3752,2022-03-18,Canada,43.0,F,Premium,38.66,1019,1,36-50,North America,238,4.857142857142857,1388.91,28.34510204081633,7.040816326530612,25,49,0,2.9083213944358572,0.0,0.0,0.0,0.0,0.0,0.0,0.0,1
3753,2024-04-17,Germany,43.5,M,Enterprise,113.08,258,1,36-50,Europe,118,5.130434782608695,635.05,27.61086956521739,8.08695652173913,9,23,2,2.37992260810165,5.0,24.470388888888888,0.0,60.0,0.0,4.0,26.0,0
3754,2023-11-16,Canada,29.0,M,Basic,13.17,411,0,26-35,North America,219,5.475,1197.98,29.9495,6.45,15,40,0,2.4388679593362417,0.0,0.0,0.0,0.0,0.0,0.0,0.0,0
3755,2022-02-19,UK,33.0,F,Premium,36.78,1046,1,26-35,Europe,211,5.410256410256411,1067.21,27.364358974358975,7.512820512820513,20,39,3,2.403045750686416,0.0,0.0,0.0,0.0,0.0,0.0,0.0,0
3756,2024-02-22,France,40.0,F,Basic,13.27,313,0,36-50,Europe,164,5.290322580645161,1171.93,37.8041935483871,8.580645161290322,17,31,2,2.5454999297727587,0.0,0.0,0.0,0.0,0.0,0.0,0.0,0
3757,2022-01-07,USA,57.0,M,Basic,12.23,1089,0,51+,North America,378,4.395348837209302,2526.82,29.381627906976746,7.6976744186046515,50,86,0,2.7580004255745183,1.0,23.128333333333337,0.0,100.0,0.0,5.0,356.0,0
3758,2023-02-27,USA,26.0,F,Basic,13.41,673,0,26-35,North America,310,5.254237288135593,1848.89,31.337118644067797,7.271186440677966,34,59,0,2.745486706044737,5.0,23.178703703703704,2.0,80.0,0.0,4.0,41.0,1
3759,2022-05-21,UK,49.0,M,Basic,11.19,955,0,36-50,Europe,306,5.1,1674.1299999999999,27.902166666666666,7.5,26,60,1,2.312090550100581,5.0,14.403666666666666,0.0,60.0,2.0,4.0,176.0,1
3760,2024-05-12,France,32.0,M,Enterprise,159.57,233,1,26-35,Europe,280,5.090909090909091,1754.91,31.90745454545455,6.745454545454545,25,55,0,2.41348623880805,5.0,22.769444444444446,1.0,60.0,1.0,3.0,11.0,1
3761,2023-10-08,UK,54.0,F,Basic,12.76,450,0,51+,Europe,194,4.217391304347826,1242.6100000000001,27.01326086956522,7.217391304347826,19,46,0,2.159352202019659,3.0,14.744351851851851,0.0,66.66666666666666,0.0,3.0,6.0,0
3762,2022-08-25,USA,30.0,M,Basic,11.58,859,0,26-35,North America,192,5.052631578947368,858.1,22.58157894736842,8.0,19,38,5,2.6092078990753955,0.0,0.0,0.0,0.0,0.0,0.0,0.0,0
3763,2022-03-11,Italy,22.0,M,Basic,13.88,1026,0,18-25,Europe,87,4.142857142857143,776.51,36.97666666666667,8.904761904761905,12,21,3,2.743824234270743,5.0,15.073125,1.0,40.0,0.0,3.3333333333333335,192.0,0
3764,2023-12-26,Mexico,28.0,F,Basic,10.39,371,0,26-35,North America,221,4.911111111111111,1228.47,27.299333333333333,7.688888888888889,28,45,1,2.493830771963471,5.0,8.976111111111111,1.0,60.0,1.0,4.0,74.0,0
3765,2022-06-04,Mexico,43.5,F,Enterprise,117.13,941,1,36-50,North America,61,5.083333333333333,262.65,21.8875,7.333333333333333,4,12,9,2.3143164446679725,0.0,0.0,0.0,0.0,0.0,0.0,0.0,0
3766,2022-01-10,UK,69.0,F,Basic,12.35,1086,0,51+,Europe,231,4.8125,1207.17,25.149375000000003,8.395833333333334,31,48,0,2.6470075436557052,2.0,9.835972222222221,0.0,50.0,1.0,5.0,21.0,1
3767,2022-08-12,USA,30.0,M,Basic,14.45,872,0,26-35,North America,284,4.982456140350878,1564.35,27.44473684210526,7.052631578947368,24,57,0,2.6083056081225235,1.0,0.0,1.0,0.0,1.0,0.0,339.0,0
3768,2023-06-02,Brazil,58.0,M,Basic,12.87,578,0,51+,South America,108,4.5,740.59,30.857916666666668,7.916666666666667,9,24,1,2.8130132381950976,0.0,0.0,0.0,0.0,0.0,0.0,0.0,0
3769,2023-04-12,Australia,70.0,M,Basic,14.2,629,0,51+,Oceania,179,5.59375,921.95,28.8109375,7.4375,17,32,3,2.1829157033064592,1.0,12.061944444444444,0.0,0.0,0.0,0.0,49.0,1
3770,2023-01-18,Brazil,63.0,M,Basic,12.58,713,0,51+,South America,206,5.282051282051282,982.09,25.18179487179487,7.0,18,39,0,2.818628986887419,1.0,4.197222222222222,0.0,100.0,0.0,0.0,61.0,1
3771,2022-03-03,France,67.0,M,Basic,13.92,1034,0,51+,Europe,218,5.589743589743589,1288.48,33.037948717948716,7.948717948717949,27,39,1,2.256195548611921,0.0,0.0,0.0,0.0,0.0,0.0,0.0,0
3772,2023-09-25,UK,32.0,F,Basic,11.62,463,0,26-35,Europe,249,5.413043478260869,1126.6299999999999,24.491956521739127,6.739130434782608,21,46,0,2.8796302768586397,0.0,0.0,0.0,0.0,0.0,0.0,0.0,1
3773,2023-10-16,UK,59.0,M,Premium,38.14,442,1,51+,Europe,260,5.098039215686274,1515.03,29.706470588235295,8.764705882352942,19,51,2,2.58654133514842,0.0,0.0,0.0,0.0,0.0,0.0,0.0,1
3774,2023-11-14,USA,24.0,M,Basic,12.0,413,0,18-25,North America,428,5.156626506024097,2890.64,34.826987951807226,7.325301204819277,35,83,0,2.4766318971383314,2.0,39.06638888888889,1.0,0.0,0.0,0.0,128.0,1
3775,2023-09-24,UK,57.0,F,Premium,35.58,464,1,51+,Europe,232,5.658536585365853,1271.25,31.00609756097561,7.2439024390243905,19,41,1,2.660918601700933,0.0,0.0,0.0,0.0,0.0,0.0,0.0,1
3776,2023-05-10,USA,45.0,M,Enterprise,117.58,601,1,36-50,North America,102,4.857142857142857,516.4499999999999,24.592857142857138,6.095238095238095,15,21,2,2.815771906346718,5.0,14.613333333333333,1.0,60.0,1.0,4.5,17.0,0
3777,2023-11-07,Australia,49.0,Other,Enterprise,192.03,420,1,36-50,Oceania,152,4.470588235294118,762.16,22.416470588235292,7.147058823529412,20,34,1,2.7659761181033367,0.0,0.0,0.0,0.0,0.0,0.0,0.0,0
3778,2023-05-15,Australia,52.0,M,Basic,13.5,596,0,51+,Oceania,117,4.875,910.4,37.93333333333333,6.916666666666667,13,24,11,2.21285768418007,0.0,0.0,0.0,0.0,0.0,0.0,0.0,0
3779,2022-01-17,France,43.5,F,Enterprise,185.88,1079,1,36-50,Europe,124,5.904761904761905,605.89,28.851904761904763,8.285714285714286,10,21,2,2.586595482574767,0.0,0.0,0.0,0.0,0.0,0.0,0.0,0
3780,2022-01-07,Canada,65.0,F,Premium,32.07,1089,1,51+,North America,92,5.75,440.88,27.555,6.0625,9,16,2,2.7202941017470885,3.0,1.4088888888888889,2.0,66.66666666666666,0.0,4.0,199.0,1
3781,2023-06-29,USA,53.0,F,Premium,30.67,551,1,51+,North America,98,5.157894736842105,521.6,27.45263157894737,7.0,12,19,3,2.0619073665672016,1.0,13.958055555555555,0.0,100.0,0.0,0.0,122.0,0
3782,2023-07-19,Australia,38.0,M,Basic,11.68,531,0,36-50,Oceania,107,5.631578947368421,455.83,23.991052631578945,6.526315789473684,9,19,3,2.4991226530700166,0.0,0.0,0.0,0.0,0.0,0.0,0.0,0
3783,2023-02-26,Australia,23.0,F,Basic,12.57,674,0,18-25,Oceania,29,4.833333333333333,243.61,40.60166666666667,9.166666666666666,3,6,1,2.316606713852541,3.0,9.253333333333334,1.0,0.0,2.0,3.0,11.0,0
3784,2022-01-13,France,18.0,M,Enterprise,180.23,1083,1,18-25,Europe,197,5.051282051282051,1259.32,32.29025641025641,7.435897435897436,17,39,0,2.625269088450673,3.0,2.595,2.0,33.33333333333333,1.0,0.0,164.0,0
3785,2022-01-18,UK,21.0,M,Basic,11.98,1078,0,18-25,Europe,46,3.066666666666667,383.09000000000003,25.539333333333335,7.066666666666666,6,15,11,2.0517124090680467,0.0,0.0,0.0,0.0,0.0,0.0,0.0,0
3786,2023-06-27,Spain,28.0,Unknown,Basic,11.34,553,0,26-35,Europe,378,4.909090909090909,2458.82,31.932727272727274,8.233766233766234,35,77,0,2.7633971188310293,4.0,14.599305555555555,0.0,50.0,0.0,4.0,34.0,0
3787,2024-01-10,USA,61.0,M,Basic,11.85,356,0,51+,North America,442,5.080459770114943,2691.41,30.93574712643678,7.620689655172414,36,87,0,2.552784119916454,0.0,0.0,0.0,0.0,0.0,0.0,0.0,1
3788,2022-10-09,UK,43.0,M,Enterprise,170.35,814,1,36-50,Europe,361,4.8133333333333335,2159.11,28.788133333333334,7.68,29,75,0,2.6948064832158134,5.0,7.683263888888888,1.0,60.0,0.0,4.75,69.0,0
3789,2023-07-03,USA,54.0,M,Basic,11.67,547,0,51+,North America,356,4.876712328767123,2159.02,29.575616438356164,8.424657534246576,37,73,2,2.634942575167288,0.0,0.0,0.0,0.0,0.0,0.0,0.0,0
3790,2022-10-21,Australia,40.0,M,Enterprise,197.91,802,1,36-50,Oceania,213,3.8727272727272726,1625.66,29.557454545454547,7.109090909090909,19,55,0,2.5751989887482156,0.0,0.0,0.0,0.0,0.0,0.0,0.0,1
3791,2022-01-18,Australia,43.5,F,Basic,10.86,1078,0,36-50,Oceania,419,4.761363636363637,2626.54,29.847045454545455,7.2272727272727275,36,88,0,2.463500538001047,0.0,0.0,0.0,0.0,0.0,0.0,0.0,1
3792,2023-05-30,Mexico,38.0,M,Basic,13.76,581,0,36-50,North America,197,4.282608695652174,1315.93,28.60717391304348,7.391304347826087,19,46,2,2.5180507759266746,2.0,25.121666666666666,0.0,50.0,0.0,4.0,130.0,0
3793,2024-04-12,Italy,65.0,F,Basic,12.94,263,0,51+,Europe,213,5.756756756756757,1010.71,27.316486486486486,7.243243243243243,15,37,0,2.8225816138717703,0.0,0.0,0.0,0.0,0.0,0.0,0.0,0
3794,2023-12-16,UK,62.0,Other,Premium,32.32,381,1,51+,Europe,52,4.0,359.59000000000003,27.660769230769233,7.846153846153846,3,13,20,2.82842712474619,0.0,0.0,0.0,0.0,0.0,0.0,0.0,1
3795,2023-11-22,Australia,62.0,M,Basic,13.76,405,0,51+,Oceania,262,4.678571428571429,1594.3799999999999,28.471071428571427,7.696428571428571,27,56,0,2.5161813987009825,0.0,0.0,0.0,0.0,0.0,0.0,0.0,0
3796,2023-03-17,Spain,66.0,F,Basic,12.23,655,0,51+,Europe,260,5.3061224489795915,1360.49,27.765102040816327,7.489795918367347,32,49,1,2.5916860795038192,1.0,4.788888888888889,0.0,0.0,1.0,0.0,310.0,1
3797,2024-04-05,Italy,44.0,Other,Basic,13.4,270,0,36-50,Europe,179,4.972222222222222,973.3299999999999,27.036944444444444,8.166666666666666,18,36,2,2.8029179806675053,4.0,9.780833333333334,0.0,75.0,0.0,4.5,202.0,0
3798,2022-07-03,Mexico,56.0,M,Basic,13.3,912,0,51+,North America,271,5.113207547169812,1598.41,30.15867924528302,7.584905660377358,31,53,0,2.628690646270135,5.0,21.048518518518517,2.0,40.0,1.0,3.5,12.0,0
3799,2022-04-20,USA,57.0,M,Premium,31.1,986,1,51+,North America,247,5.25531914893617,1513.05,32.19255319148936,8.085106382978724,31,47,0,2.5662363331674705,0.0,0.0,0.0,0.0,0.0,0.0,0.0,0
3800,2022-04-09,UK,30.0,F,Basic,14.19,997,0,26-35,Europe,64,5.818181818181818,308.18,28.016363636363636,8.818181818181818,8,11,5,1.9400093720485894,0.0,0.0,0.0,0.0,0.0,0.0,0.0,0
3801,2023-06-21,USA,40.0,F,Basic,13.4,559,0,36-50,North America,43,4.3,242.1,24.21,7.3,4,10,0,2.7100635498903793,3.0,7.671388888888889,1.0,66.66666666666666,0.0,3.5,112.0,0
3802,2022-06-02,UK,33.0,F,Basic,13.89,943,0,26-35,Europe,71,5.071428571428571,517.88,36.99142857142857,9.285714285714286,7,14,1,3.02462421605588,1.0,21.77611111111111,0.0,0.0,1.0,3.0,138.0,0
3803,2022-09-04,USA,47.0,M,Basic,12.23,849,0,36-50,North America,177,4.538461538461538,1115.86,28.61179487179487,8.58974358974359,13,39,0,2.963338745101313,0.0,0.0,0.0,0.0,0.0,0.0,0.0,0
3804,2022-07-16,France,21.0,F,Enterprise,119.5,899,1,18-25,Europe,171,5.029411764705882,1079.56,31.75176470588235,7.588235294117647,15,34,3,2.5043633935853093,0.0,0.0,0.0,0.0,0.0,0.0,0.0,0
3805,2023-09-27,USA,57.0,M,Basic,11.62,461,0,51+,North America,115,4.6,992.29,39.6916,8.4,15,25,3,2.661453237111885,0.0,0.0,0.0,0.0,0.0,0.0,0.0,0
3806,2023-06-24,USA,33.0,M,Basic,14.5,556,0,26-35,North America,37,6.166666666666667,206.53,34.42166666666667,8.833333333333334,4,6,25,1.6020819787597222,4.0,19.516666666666666,1.0,50.0,0.0,5.0,22.0,1
3807,2022-09-16,Italy,48.0,M,Basic,14.68,837,0,36-50,Europe,383,4.7875,2172.1,27.151249999999997,7.525,29,80,0,2.504142138158549,0.0,0.0,0.0,0.0,0.0,0.0,0.0,0
3808,2024-04-14,Canada,70.0,M,Premium,34.81,261,1,51+,North America,24,4.8,80.99,16.198,8.6,0,5,14,2.588435821108957,0.0,0.0,0.0,0.0,0.0,0.0,0.0,0
3809,2022-12-29,France,59.0,F,Basic,11.48,733,0,51+,Europe,135,4.821428571428571,840.63,30.0225,7.892857142857143,14,28,0,2.66741061051338,4.0,5.6436111111111105,1.0,50.0,1.0,5.0,4.0,0
3810,2022-10-01,Germany,43.5,F,Basic,13.64,822,0,36-50,Europe,290,4.53125,2011.06,31.4228125,8.203125,27,64,0,2.4166666666666665,0.0,0.0,0.0,0.0,0.0,0.0,0.0,0
3811,2024-03-25,UK,61.0,Unknown,Premium,37.65,281,1,51+,Europe,192,5.333333333333333,1140.1,31.66944444444444,7.111111111111111,18,36,4,2.693908472302438,3.0,12.92759259259259,0.0,66.66666666666666,0.0,4.0,117.0,1
3812,2023-02-11,USA,29.0,M,Premium,38.14,689,1,26-35,North America,113,4.708333333333333,534.31,22.262916666666666,8.0,9,24,1,2.911434229956486,0.0,0.0,0.0,0.0,0.0,0.0,0.0,0
3813,2022-03-22,UK,43.5,F,Basic,10.15,1015,0,36-50,Europe,285,5.0,1787.75,31.364035087719298,7.7368421052631575,24,57,1,2.6457513110645907,0.0,0.0,0.0,0.0,0.0,0.0,0.0,0
3814,2023-01-18,Australia,54.0,F,Basic,10.04,713,0,51+,Oceania,367,5.242857142857143,2054.43,29.348999999999997,6.9,30,70,0,2.731648725935449,0.0,0.0,0.0,0.0,0.0,0.0,0.0,0
3815,2023-02-20,Canada,65.0,M,Basic,11.78,680,0,51+,North America,341,5.328125,2309.34,36.0834375,7.4375,33,64,0,2.404061956125276,0.0,0.0,0.0,0.0,0.0,0.0,0.0,1
3816,2023-04-16,Mexico,50.0,F,Premium,31.51,625,1,36-50,North America,386,5.436619718309859,2425.18,34.15746478873239,7.746478873239437,34,71,0,2.516984558475803,2.0,5.865833333333334,1.0,50.0,0.0,4.0,52.0,1
3817,2023-08-02,Canada,45.0,F,Enterprise,180.49,517,1,36-50,North America,387,5.22972972972973,2143.42,28.965135135135135,8.108108108108109,35,74,0,2.524115454978821,0.0,0.0,0.0,0.0,0.0,0.0,0.0,0
3818,2022-09-07,USA,26.0,F,Basic,12.65,846,0,26-35,North America,276,5.3076923076923075,1577.69,30.34019230769231,6.980769230769231,30,52,0,2.740677328179035,0.0,0.0,0.0,0.0,0.0,0.0,0.0,0
3819,2023-12-15,USA,29.0,M,Premium,38.24,382,1,26-35,North America,66,4.125,509.3,31.83125,7.6875,3,16,0,2.7778888866667555,4.0,16.982777777777777,3.0,50.0,2.0,4.0,92.0,0
3820,2022-08-20,UK,22.0,F,Basic,10.87,864,0,18-25,Europe,262,5.695652173913044,1347.48,29.29304347826087,7.108695652173913,27,46,1,2.747682378679581,0.0,0.0,0.0,0.0,0.0,0.0,0.0,1
3821,2022-11-04,Brazil,69.0,F,Premium,36.26,788,1,51+,South America,258,5.608695652173913,1248.13,27.13326086956522,7.8478260869565215,26,46,0,2.7445158315736595,0.0,0.0,0.0,0.0,0.0,0.0,0.0,1
3822,2023-12-02,USA,45.0,M,Premium,35.79,395,1,36-50,North America,391,4.949367088607595,2256.36,28.561518987341774,7.8354430379746836,30,79,0,2.454189166727464,0.0,0.0,0.0,0.0,0.0,0.0,0.0,0
3823,2024-04-27,USA,52.0,F,Premium,33.39,248,1,51+,North America,265,4.732142857142857,1480.79,26.44267857142857,8.232142857142858,26,56,0,2.818710675136749,5.0,26.064444444444444,3.0,80.0,0.0,5.0,68.0,0
3824,2024-05-18,USA,22.0,M,Basic,12.58,227,0,18-25,North America,224,4.666666666666667,1439.08,29.980833333333333,7.645833333333333,23,48,1,2.469674225508669,0.0,0.0,0.0,0.0,0.0,0.0,0.0,0
3825,2022-03-24,Spain,51.0,F,Basic,12.94,1013,0,51+,Europe,144,6.0,713.64,29.735,6.666666666666667,19,24,5,1.9781414201873606,0.0,0.0,0.0,0.0,0.0,0.0,0.0,0
3826,2023-11-01,Spain,63.0,F,Premium,38.88,426,1,51+,Europe,150,4.6875,1028.46,32.139375,6.09375,25,32,1,2.669269563007828,0.0,0.0,0.0,0.0,0.0,0.0,0.0,1
3827,2024-05-28,Australia,51.0,F,Basic,10.27,217,0,51+,Oceania,439,5.419753086419753,1981.82,24.466913580246914,7.567901234567901,30,81,0,2.5242038226481642,0.0,0.0,0.0,0.0,0.0,0.0,0.0,0
3828,2023-10-28,Germany,43.5,F,Basic,14.11,430,0,36-50,Europe,322,5.193548387096774,1888.05,30.45241935483871,6.67741935483871,26,62,0,2.4550964701917874,0.0,0.0,0.0,0.0,0.0,0.0,0.0,0
3829,2024-02-17,UK,56.0,M,Basic,14.89,318,0,51+,Europe,182,5.352941176470588,958.88,28.20235294117647,7.176470588235294,16,34,1,3.083507968268338,2.0,11.622777777777777,0.0,100.0,0.0,4.0,71.0,0
3830,2022-02-02,France,59.0,M,Basic,13.65,1063,0,51+,Europe,211,5.146341463414634,1153.17,28.126097560975612,7.512195121951219,26,41,0,2.6321186866263844,0.0,0.0,0.0,0.0,0.0,0.0,0.0,0
3831,2022-04-06,UK,62.0,F,Premium,37.36,1000,1,51+,Europe,268,5.254901960784314,1458.17,28.591568627450982,7.137254901960785,22,51,0,2.2877337017660246,0.0,0.0,0.0,0.0,0.0,0.0,0.0,0
3832,2023-02-20,Australia,65.0,M,Basic,11.08,680,0,51+,Oceania,327,5.274193548387097,1932.08,31.162580645161288,7.403225806451613,30,62,0,2.612513109787232,0.0,0.0,0.0,0.0,0.0,0.0,0.0,1
3833,2023-01-24,USA,31.0,Unknown,Basic,12.61,707,0,26-35,North America,438,5.152941176470589,2596.51,30.547176470588237,8.047058823529412,40,85,1,2.7102358110062124,3.0,14.7325,2.0,100.0,0.0,5.0,22.0,0
3834,2023-01-22,Spain,28.0,M,Basic,13.52,709,0,26-35,Europe,21,4.2,133.98,26.796,7.0,2,5,2,2.16794833886788,1.0,3.912777777777778,0.0,0.0,0.0,4.0,96.0,0
3835,2023-07-20,Germany,59.0,Unknown,Premium,36.01,530,1,51+,Europe,245,4.9,1730.53,34.6106,8.64,22,50,0,2.5734119335216885,0.0,0.0,0.0,0.0,0.0,0.0,0.0,0
3836,2023-05-03,Germany,55.0,F,Enterprise,138.5,608,1,51+,Europe,132,5.739130434782608,605.99,26.347391304347827,9.217391304347826,13,23,0,2.378261230860361,0.0,0.0,0.0,0.0,0.0,0.0,0.0,1
3837,2022-02-27,USA,21.0,F,Basic,14.69,1038,0,18-25,North America,25,5.0,133.22,26.644,6.0,1,5,18,2.23606797749979,2.0,21.431111111111115,0.0,0.0,1.0,4.0,173.0,0
3838,2023-10-15,UK,70.0,M,Basic,12.56,443,0,51+,Europe,292,4.634920634920635,1896.43,30.102063492063493,8.380952380952381,23,63,1,2.541916899872546,0.0,0.0,0.0,0.0,0.0,0.0,0.0,0
3839,2022-01-10,Italy,50.0,M,Basic,14.84,1086,0,36-50,Europe,238,4.576923076923077,1578.66,30.358846153846155,7.038461538461538,33,52,0,2.6446109009637366,0.0,0.0,0.0,0.0,0.0,0.0,0.0,0
3840,2023-12-21,France,24.0,M,Basic,12.81,376,0,18-25,Europe,93,4.65,504.13,25.2065,6.45,11,20,0,2.1343062474478063,0.0,0.0,0.0,0.0,0.0,0.0,0.0,1
3841,2022-06-25,UK,58.0,M,Premium,37.92,920,1,51+,Europe,281,4.132352941176471,1759.66,25.877352941176472,8.264705882352942,40,68,1,2.5386822987273963,0.0,0.0,0.0,0.0,0.0,0.0,0.0,0
3842,2022-03-26,UK,25.0,M,Basic,13.7,1011,0,18-25,Europe,51,4.25,374.28,31.189999999999998,8.083333333333334,1,12,8,2.378884383296277,5.0,18.74822222222222,0.0,20.0,0.0,0.0,7.0,0
3843,2023-05-27,USA,54.0,M,Basic,13.29,584,0,51+,North America,72,5.142857142857143,449.12,32.08,7.142857142857143,9,14,4,2.957575484624652,0.0,0.0,0.0,0.0,0.0,0.0,0.0,0
3844,2024-05-15,France,68.0,F,Basic,10.06,230,0,51+,Europe,197,4.191489361702128,1334.95,28.403191489361703,7.914893617021277,23,47,1,2.6096667942590446,4.0,19.817916666666665,0.0,25.0,0.0,4.0,107.0,0
3845,2023-03-21,UK,27.0,F,Enterprise,107.73,651,1,26-35,Europe,91,5.352941176470588,547.67,32.21588235294117,6.294117647058823,10,17,2,2.5480673183461087,0.0,0.0,0.0,0.0,0.0,0.0,0.0,0
3846,2023-10-23,UK,60.0,M,Premium,35.8,435,1,51+,Europe,258,5.16,1432.79,28.6558,7.54,29,50,2,2.652376677777183,3.0,8.213888888888889,1.0,33.33333333333333,0.0,0.0,134.0,1
3847,2024-03-14,Mexico,32.0,F,Premium,39.11,292,1,26-35,North America,44,3.6666666666666665,314.93,26.24416666666667,7.166666666666667,6,12,11,2.4618298195866544,0.0,0.0,0.0,0.0,0.0,0.0,0.0,0
3848,2022-12-06,UK,55.0,F,Basic,13.0,756,0,51+,Europe,162,4.764705882352941,1062.44,31.24823529411765,7.705882352941177,25,34,2,2.652144055795541,0.0,0.0,0.0,0.0,0.0,0.0,0.0,0
3849,2023-08-03,Mexico,32.0,M,Basic,11.17,516,0,26-35,North America,250,5.1020408163265305,1583.62,32.31877551020408,7.673469387755102,12,49,2,2.5839641538340508,0.0,0.0,0.0,0.0,0.0,0.0,0.0,0
3850,2024-05-28,UK,22.0,M,Premium,33.19,217,1,18-25,Europe,271,4.754385964912281,1729.81,30.34754385964912,7.0701754385964914,29,57,0,2.5444666979432755,0.0,0.0,0.0,0.0,0.0,0.0,0.0,1
3851,2022-04-08,Australia,46.0,Unknown,Basic,13.11,998,0,36-50,Oceania,200,4.651162790697675,1062.1399999999999,24.700930232558136,7.976744186046512,19,43,0,2.741946831222146,0.0,0.0,0.0,0.0,0.0,0.0,0.0,0
3852,2023-06-25,USA,36.0,M,Premium,35.96,555,1,36-50,North America,82,5.466666666666667,417.17,27.811333333333334,7.466666666666667,9,15,8,2.4455985731416305,4.0,17.637500000000003,1.0,25.0,0.0,4.333333333333333,129.0,0
3853,2022-02-13,Germany,68.0,F,Basic,14.77,1052,0,51+,Europe,123,4.730769230769231,951.79,36.60730769230769,7.346153846153846,10,26,1,2.5854623154506395,0.0,0.0,0.0,0.0,0.0,0.0,0.0,0
3854,2022-08-24,France,27.0,F,Basic,12.64,860,0,26-35,Europe,190,5.277777777777778,1013.0,28.13888888888889,8.13888888888889,11,36,0,2.8546814794660276,3.0,8.446111111111112,0.0,0.0,0.0,4.0,148.0,1
3855,2022-08-05,USA,29.0,Unknown,Basic,11.77,879,0,26-35,North America,266,5.018867924528302,1635.29,30.85452830188679,7.471698113207547,33,53,1,2.6274480602180676,0.0,0.0,0.0,0.0,0.0,0.0,0.0,1
3856,2024-06-07,Australia,43.5,F,Premium,35.24,207,1,36-50,Oceania,247,5.25531914893617,1242.14,26.428510638297876,7.617021276595745,27,47,2,2.6413771532090817,0.0,0.0,0.0,0.0,0.0,0.0,0.0,0
3857,2023-12-10,Brazil,48.0,F,Basic,13.92,387,0,36-50,South America,140,5.185185185185185,750.82,27.80814814814815,7.444444444444445,14,27,1,2.3864527431224563,0.0,0.0,0.0,0.0,0.0,0.0,0.0,0
3858,2024-06-27,USA,35.0,M,Premium,35.39,187,1,26-35,North America,269,4.483333333333333,1829.32,30.488666666666667,7.15,21,60,0,2.593941223976813,0.0,0.0,0.0,0.0,0.0,0.0,0.0,0
3859,2023-08-04,USA,33.0,M,Premium,33.25,515,1,26-35,North America,89,4.45,593.22,29.661,7.5,9,20,4,2.350251946180731,0.0,0.0,0.0,0.0,0.0,0.0,0.0,0
3860,2023-05-02,USA,57.0,F,Enterprise,133.85,609,1,51+,North America,178,5.741935483870968,976.0699999999999,31.486129032258063,6.870967741935484,15,31,0,2.516184173644474,0.0,0.0,0.0,0.0,0.0,0.0,0.0,1
3861,2022-10-05,UK,53.0,F,Basic,13.77,818,0,51+,Europe,37,4.625,186.16,23.27,10.0,8,8,4,2.669269563007828,4.0,11.02537037037037,1.0,50.0,1.0,2.0,116.0,1
3862,2022-02-17,Canada,42.0,F,Basic,10.32,1048,0,36-50,North America,423,4.806818181818182,2999.45,34.08465909090909,7.704545454545454,41,88,0,2.5045152537402022,1.0,0.0,1.0,0.0,0.0,0.0,91.0,0
3863,2022-03-18,Canada,40.0,F,Enterprise,127.47,1019,1,36-50,North America,387,5.301369863013699,2456.25,33.647260273972606,7.027397260273973,46,73,0,2.4982490062866995,3.0,7.802777777777778,2.0,33.33333333333333,1.0,3.0,80.0,0
3864,2023-12-02,Germany,29.0,Unknown,Basic,10.76,395,0,26-35,Europe,452,5.136363636363637,2287.58,25.995227272727274,7.375,42,88,0,2.542429909212875,0.0,0.0,0.0,0.0,0.0,0.0,0.0,0
3865,2022-10-15,Canada,51.0,M,Basic,14.71,808,0,51+,North America,231,5.372093023255814,1149.52,26.733023255813954,8.069767441860465,20,43,2,2.794750656004195,2.0,6.280277777777778,1.0,0.0,1.0,3.0,54.0,0
3866,2023-07-11,Canada,53.0,M,Basic,10.44,539,0,51+,North America,160,5.0,809.91,25.3096875,8.5625,14,32,4,2.3555014533585403,0.0,0.0,0.0,0.0,0.0,0.0,0.0,0
3867,2023-08-01,USA,54.0,M,Basic,13.78,518,0,51+,North America,81,5.4,543.34,36.22266666666667,8.533333333333333,9,15,11,2.2296700588716196,0.0,0.0,0.0,0.0,0.0,0.0,0.0,0
3868,2023-11-05,Spain,20.0,F,Basic,13.14,422,0,18-25,Europe,240,5.1063829787234045,1140.77,24.271702127659573,6.702127659574468,23,47,0,2.547240984427554,0.0,0.0,0.0,0.0,0.0,0.0,0.0,1
3869,2022-02-03,Mexico,26.0,Unknown,Premium,36.32,1062,1,26-35,North America,197,4.5813953488372094,1405.23,32.67976744186046,8.232558139534884,23,43,0,2.528245751123314,0.0,0.0,0.0,0.0,0.0,0.0,0.0,0
3870,2022-07-03,UK,70.0,F,Premium,37.62,912,1,51+,Europe,287,5.218181818181818,1506.28,27.38690909090909,7.581818181818182,31,55,0,2.897578229480542,0.0,0.0,0.0,0.0,0.0,0.0,0.0,0
3871,2024-05-20,Mexico,35.0,F,Basic,11.99,225,0,26-35,North America,297,4.714285714285714,1964.3,31.179365079365077,7.571428571428571,47,63,0,2.4654291743680012,0.0,0.0,0.0,0.0,0.0,0.0,0.0,0
3872,2022-11-19,UK,60.0,M,Premium,34.0,773,1,51+,Europe,46,5.75,293.64,36.705,11.5,11,8,11,2.4928469095164494,0.0,0.0,0.0,0.0,0.0,0.0,0.0,0
3873,2022-01-17,UK,52.0,M,Basic,11.43,1079,0,51+,Europe,461,5.3604651162790695,2697.19,31.36267441860465,7.593023255813954,47,86,0,2.5387018020920222,5.0,13.961805555555555,1.0,40.0,0.0,3.5,14.0,0
3874,2022-08-01,Spain,51.0,M,Basic,12.98,883,0,51+,Europe,319,5.406779661016949,1697.8,28.776271186440677,8.254237288135593,22,59,0,2.4005649052685043,2.0,10.136805555555554,0.0,100.0,0.0,0.0,250.0,0
3875,2023-08-25,Mexico,58.0,F,Enterprise,192.97,494,1,51+,North America,264,4.714285714285714,1648.3400000000001,29.434642857142858,7.196428571428571,31,56,3,2.8007420167084014,2.0,25.67402777777778,0.0,50.0,0.0,4.5,55.0,0
3876,2022-05-28,USA,31.0,M,Basic,14.61,948,0,26-35,North America,429,5.3625,2354.56,29.432,8.0,47,80,0,2.5069208002516103,2.0,11.947222222222223,0.0,50.0,0.0,0.0,6.0,1
3877,2024-02-10,USA,21.0,F,Premium,37.02,325,1,18-25,North America,240,5.853658536585366,1110.42,27.083414634146344,7.853658536585366,19,41,0,2.64159966317529,1.0,31.240833333333335,0.0,100.0,0.0,0.0,267.0,0
3878,2024-04-20,Mexico,46.0,F,Basic,14.52,255,0,36-50,North America,209,4.8604651162790695,1180.25,27.447674418604652,7.930232558139535,22,43,0,2.6238956438747008,1.0,17.964444444444446,0.0,100.0,0.0,0.0,311.0,0
3879,2023-12-31,Mexico,58.0,M,Premium,39.63,366,1,51+,North America,173,5.580645161290323,980.81,31.639032258064514,7.387096774193548,9,31,1,2.5400025400038095,0.0,0.0,0.0,0.0,0.0,0.0,0.0,1
3880,2024-04-20,Canada,62.0,M,Basic,13.97,255,0,51+,North America,439,4.932584269662922,2634.05,29.59606741573034,7.056179775280899,45,89,0,2.5619495098680964,0.0,0.0,0.0,0.0,0.0,0.0,0.0,0
3881,2023-02-12,UK,67.0,Unknown,Basic,12.03,688,0,51+,Europe,293,5.140350877192983,1521.62,26.695087719298243,7.649122807017544,28,57,1,2.754467776509569,4.0,20.968194444444446,0.0,25.0,3.0,3.25,32.0,0
3882,2022-03-20,USA,32.0,M,Basic,12.41,1017,0,26-35,North America,179,5.264705882352941,1024.94,30.14529411764706,6.5,12,34,0,2.810249892149804,0.0,0.0,0.0,0.0,0.0,0.0,0.0,0
3883,2022-11-03,France,45.0,F,Basic,14.65,789,0,36-50,Europe,298,4.885245901639344,2023.68,33.17508196721312,6.475409836065574,33,61,0,2.5238750672708137,2.0,30.1175,0.0,50.0,2.0,0.0,10.0,1
3884,2022-06-16,Spain,59.0,F,Basic,13.34,929,0,51+,Europe,393,5.458333333333333,1912.76,26.566111111111113,7.138888888888889,34,72,1,2.679801863602795,3.0,27.69361111111111,2.0,66.66666666666666,0.0,0.0,1.0,0
3885,2023-08-01,Spain,33.0,M,Premium,38.2,518,1,26-35,Europe,114,5.428571428571429,713.83,33.99190476190476,8.047619047619047,8,21,2,2.6752836965717965,0.0,0.0,0.0,0.0,0.0,0.0,0.0,0
3886,2022-09-04,Mexico,29.0,M,Basic,10.57,849,0,26-35,North America,197,5.96969696969697,1228.25,37.21969696969697,7.242424242424242,11,33,1,2.2705292401339014,0.0,0.0,0.0,0.0,0.0,0.0,0.0,1
3887,2023-08-04,Italy,69.0,M,Premium,31.93,515,1,51+,Europe,296,4.553846153846154,2015.96,31.014769230769232,6.876923076923077,30,65,0,2.3981162479040785,1.0,7.495555555555556,0.0,0.0,0.0,0.0,152.0,1
3888,2024-05-04,UK,22.0,F,Basic,11.71,241,0,18-25,Europe,91,5.055555555555555,547.24,30.40222222222222,7.333333333333333,13,18,0,2.600276506161745,3.0,17.589537037037037,0.0,0.0,0.0,3.6666666666666665,34.0,0
3889,2024-05-19,Germany,51.0,M,Basic,10.93,226,0,51+,Europe,67,6.090909090909091,182.47,16.58818181818182,9.0,3,11,5,1.513574937328539,5.0,19.634611111111113,0.0,20.0,1.0,4.25,6.0,0
3890,2023-02-03,UK,59.0,F,Enterprise,190.64,697,1,51+,Europe,401,5.0125,2557.88,31.9735,6.675,34,80,0,2.528289310075696,0.0,0.0,0.0,0.0,0.0,0.0,0.0,1
3891,2023-11-25,France,18.0,F,Enterprise,121.68,402,1,18-25,Europe,214,5.095238095238095,1178.1000000000001,28.050000000000004,7.523809523809524,21,42,0,2.457537174961599,0.0,0.0,0.0,0.0,0.0,0.0,0.0,0
3892,2023-07-08,USA,56.0,F,Basic,12.78,542,0,51+,North America,234,3.8360655737704916,2040.95,33.458196721311474,7.540983606557377,35,61,1,2.430228575455763,0.0,0.0,0.0,0.0,0.0,0.0,0.0,0
3893,2022-12-06,Mexico,49.0,M,Premium,30.84,756,1,36-50,North America,201,4.785714285714286,1192.83,28.400714285714283,7.095238095238095,17,42,4,2.424828022925863,4.0,17.711249999999996,2.0,25.0,0.0,4.0,79.0,0
3894,2023-01-29,USA,43.0,F,Basic,10.76,702,0,36-50,North America,225,4.591836734693878,1372.15,28.003061224489798,8.061224489795919,26,49,0,2.499319635311935,1.0,25.636666666666667,0.0,0.0,0.0,0.0,275.0,0
3895,2024-02-13,USA,34.0,F,Basic,11.23,322,0,26-35,North America,233,4.755102040816326,1315.7,26.851020408163265,6.857142857142857,24,49,1,2.521000233413466,0.0,0.0,0.0,0.0,0.0,0.0,0.0,0
3896,2024-01-28,Italy,65.0,F,Basic,14.9,338,0,51+,Europe,140,4.666666666666667,724.88,24.162666666666667,7.033333333333333,19,30,1,2.7333613679526705,0.0,0.0,0.0,0.0,0.0,0.0,0.0,0
3897,2022-05-24,USA,44.0,F,Enterprise,179.7,952,1,36-50,North America,327,5.5423728813559325,1797.02,30.457966101694915,7.52542372881356,19,59,0,2.5415311289165627,1.0,13.961666666666666,0.0,0.0,0.0,0.0,71.0,0
3898,2024-03-20,France,41.0,F,Enterprise,167.35,286,1,36-50,Europe,447,5.385542168674699,2509.17,30.230963855421688,7.602409638554217,40,83,0,2.5510940995791267,0.0,0.0,0.0,0.0,0.0,0.0,0.0,0
3899,2023-12-07,Australia,52.0,F,Basic,14.57,390,0,51+,Oceania,273,4.963636363636364,1696.59,30.84709090909091,7.290909090909091,15,55,1,2.4567641799102806,0.0,0.0,0.0,0.0,0.0,0.0,0.0,0
3900,2024-01-12,UK,63.0,M,Premium,39.55,354,1,51+,Europe,223,5.186046511627907,1364.83,31.74023255813953,6.930232558139535,12,43,1,2.461666237419652,0.0,0.0,0.0,0.0,0.0,0.0,0.0,0
3901,2022-03-22,Brazil,59.0,F,Premium,34.53,1015,1,51+,South America,219,5.7631578947368425,1217.08,32.02842105263158,7.578947368421052,17,38,2,2.5514618017416604,0.0,0.0,0.0,0.0,0.0,0.0,0.0,1
3902,2023-05-28,Germany,56.0,M,Basic,11.63,583,0,51+,Europe,345,4.928571428571429,2154.09,30.772714285714287,7.9714285714285715,38,70,0,2.361045141773169,0.0,0.0,0.0,0.0,0.0,0.0,0.0,0
3903,2024-02-03,Mexico,43.5,F,Premium,33.14,332,1,36-50,North America,383,4.453488372093023,2598.71,30.217558139534884,7.6976744186046515,36,86,0,2.7123116979657826,0.0,0.0,0.0,0.0,0.0,0.0,0.0,1
3904,2022-12-21,France,66.0,F,Basic,10.17,741,0,51+,Europe,118,6.2105263157894735,656.26,34.54,7.2105263157894735,9,19,4,2.916979933051402,0.0,0.0,0.0,0.0,0.0,0.0,0.0,0
3905,2022-02-24,Canada,55.0,M,Basic,11.39,1041,0,51+,North America,74,5.6923076923076925,488.62,37.58615384615385,6.230769230769231,9,13,5,2.5293153020997394,0.0,0.0,0.0,0.0,0.0,0.0,0.0,0
3906,2022-04-11,Australia,43.5,F,Premium,33.54,995,1,36-50,Oceania,184,4.842105263157895,1222.21,32.16342105263158,7.368421052631579,17,38,4,2.2842151149405567,0.0,0.0,0.0,0.0,0.0,0.0,0.0,0
3907,2023-03-24,Germany,39.0,F,Basic,10.17,648,0,36-50,Europe,347,4.5064935064935066,2460.28,31.951688311688315,7.857142857142857,33,77,1,2.71265735232843,3.0,10.602962962962962,0.0,33.33333333333333,0.0,4.0,17.0,0
3908,2022-08-26,France,21.0,M,Basic,14.4,858,0,18-25,Europe,191,5.457142857142857,780.91,22.311714285714285,8.057142857142857,22,35,0,2.638436002220847,4.0,4.155277777777778,0.0,50.0,2.0,4.25,19.0,1
3909,2024-05-08,Australia,66.0,F,Basic,14.23,237,0,51+,Oceania,314,4.757575757575758,1978.79,29.981666666666666,7.545454545454546,37,66,0,2.530190665120872,1.0,19.252222222222223,0.0,0.0,0.0,5.0,276.0,0
3910,2022-03-19,USA,26.0,M,Premium,32.51,1018,1,26-35,North America,180,4.615384615384615,969.15,24.849999999999998,7.82051282051282,23,39,3,2.581466174741794,1.0,19.186666666666667,0.0,100.0,0.0,0.0,127.0,0
3911,2022-12-15,UK,21.0,F,Basic,14.0,747,0,18-25,Europe,283,5.053571428571429,1583.67,28.27982142857143,7.392857142857143,25,56,1,2.4893930830782676,2.0,20.07263888888889,0.0,0.0,1.0,4.0,121.0,0
3912,2023-09-12,Mexico,24.0,F,Basic,13.97,476,0,18-25,North America,349,4.985714285714286,2294.61,32.780142857142856,7.985714285714286,34,70,0,2.3986279722100132,2.0,24.966944444444444,0.0,50.0,1.0,5.0,117.0,1
3913,2024-02-27,Spain,40.0,F,Premium,33.34,308,1,36-50,Europe,209,4.446808510638298,1344.36,28.60340425531915,8.97872340425532,36,47,0,2.644177447823457,1.0,1.3375,0.0,100.0,0.0,5.0,291.0,0
3914,2023-09-21,UK,19.0,F,Basic,13.48,467,0,18-25,Europe,205,5.0,1254.3600000000001,30.594146341463418,7.048780487804878,22,41,1,2.598076211353316,2.0,20.77166666666667,1.0,50.0,1.0,4.0,114.0,0
3915,2023-09-02,UK,66.0,F,Premium,32.89,486,1,51+,Europe,171,5.7,609.43,20.31433333333333,6.966666666666667,13,30,0,2.2306640421555004,0.0,0.0,0.0,0.0,0.0,0.0,0.0,0
3916,2023-02-11,Brazil,41.0,M,Basic,10.34,689,0,36-50,South America,465,5.284090909090909,2318.06,26.341590909090908,7.761363636363637,49,88,0,2.3681258103634413,1.0,5.632777777777778,0.0,0.0,1.0,2.0,328.0,0
3917,2024-03-03,UK,57.0,M,Basic,12.51,303,0,51+,Europe,170,4.358974358974359,1130.3,28.98205128205128,8.487179487179487,10,39,3,2.24179415327122,0.0,0.0,0.0,0.0,0.0,0.0,0.0,0
3918,2022-12-01,Spain,48.0,F,Basic,12.18,761,0,36-50,Europe,198,4.95,1282.84,32.071,7.425,16,40,1,2.630686758341407,0.0,0.0,0.0,0.0,0.0,0.0,0.0,0
3919,2022-01-31,USA,64.0,F,Basic,10.68,1065,0,51+,North America,381,4.703703703703703,2531.4,31.251851851851853,6.987654320987654,39,81,1,2.4517567397911058,0.0,0.0,0.0,0.0,0.0,0.0,0.0,0
3920,2023-10-12,Mexico,48.0,F,Enterprise,149.05,446,1,36-50,North America,213,5.071428571428571,1437.97,34.23738095238095,8.023809523809524,20,42,0,2.717538853742994,1.0,15.715833333333334,0.0,100.0,1.0,3.0,31.0,0
3921,2022-10-07,France,64.0,F,Basic,14.74,816,0,51+,Europe,207,5.048780487804878,1198.43,29.23,7.2682926829268295,22,41,1,2.509494167279485,0.0,0.0,0.0,0.0,0.0,0.0,0.0,1
3922,2024-03-13,USA,57.0,F,Premium,37.3,293,1,51+,North America,188,5.222222222222222,1305.15,36.25416666666667,7.833333333333333,15,36,0,2.608898082783076,0.0,0.0,0.0,0.0,0.0,0.0,0.0,1
3923,2023-04-07,Spain,65.0,M,Basic,13.68,634,0,51+,Europe,251,4.826923076923077,1604.05,30.847115384615385,7.346153846153846,18,52,1,2.431179443019971,5.0,14.640347222222221,1.0,60.0,1.0,4.0,235.0,0
3924,2023-05-18,UK,68.0,F,Premium,37.57,593,1,51+,Europe,267,5.5625,1456.17,30.336875000000003,8.041666666666666,29,48,0,2.4573489434321765,2.0,12.740138888888888,0.0,0.0,0.0,3.5,121.0,1
3925,2022-08-22,France,60.0,M,Enterprise,174.45,862,1,51+,Europe,88,5.176470588235294,568.45,33.438235294117646,9.294117647058824,13,17,10,2.40404071610817,0.0,0.0,0.0,0.0,0.0,0.0,0.0,1
3926,2022-12-31,Mexico,51.0,M,Basic,10.09,731,0,51+,North America,57,4.75,349.45,29.120833333333334,8.25,3,12,4,2.2613350843332274,4.0,13.602638888888889,0.0,75.0,1.0,3.0,37.0,0
3927,2023-07-21,Canada,41.0,Unknown,Basic,14.61,529,0,36-50,North America,160,5.714285714285714,741.54,26.483571428571427,7.392857142857143,10,28,1,2.6367367999823097,0.0,0.0,0.0,0.0,0.0,0.0,0.0,0
3928,2023-01-20,UK,66.0,F,Enterprise,183.0,711,1,51+,Europe,46,3.8333333333333335,317.63,26.469166666666666,8.666666666666666,6,12,31,2.167249338901663,0.0,0.0,0.0,0.0,0.0,0.0,0.0,1
3929,2023-03-19,USA,43.0,M,Premium,32.74,653,1,36-50,North America,200,5.2631578947368425,1147.63,30.200789473684214,6.657894736842105,16,38,1,2.7674186481982535,0.0,0.0,0.0,0.0,0.0,0.0,0.0,0
3930,2022-07-10,France,33.0,F,Basic,12.75,905,0,26-35,Europe,164,5.125,1014.44,31.70125,7.78125,20,32,4,2.648797657854987,0.0,0.0,0.0,0.0,0.0,0.0,0.0,1
3931,2023-11-28,Canada,64.0,F,Basic,13.07,399,0,51+,North America,272,4.771929824561403,1579.58,27.711929824561402,7.087719298245614,30,57,0,2.909452230352262,0.0,0.0,0.0,0.0,0.0,0.0,0.0,0
3932,2023-08-23,Mexico,30.0,F,Basic,10.65,496,0,26-35,North America,164,5.655172413793103,852.32,29.39034482758621,8.482758620689655,16,29,4,2.594993284727969,1.0,10.68361111111111,0.0,0.0,0.0,4.0,6.0,0
3933,2023-11-08,Mexico,32.0,F,Premium,32.53,419,1,26-35,North America,402,5.2894736842105265,2235.9,29.419736842105266,7.328947368421052,41,76,0,2.4375714114595515,0.0,0.0,0.0,0.0,0.0,0.0,0.0,1
3934,2023-01-25,France,44.0,M,Premium,30.22,706,1,36-50,Europe,321,4.397260273972603,2208.47,30.253013698630134,7.2465753424657535,33,73,1,2.569801797520348,0.0,0.0,0.0,0.0,0.0,0.0,0.0,0
3935,2022-03-29,UK,21.0,F,Enterprise,186.39,1008,1,18-25,Europe,316,4.9375,1932.98,30.2028125,7.171875,40,64,0,2.202992193171506,0.0,0.0,0.0,0.0,0.0,0.0,0.0,1
3936,2024-03-01,Canada,33.0,F,Basic,10.11,305,0,26-35,North America,342,4.222222222222222,2424.36,29.930370370370373,7.444444444444445,48,81,0,2.6786190471957747,4.0,13.374722222222221,0.0,50.0,3.0,1.3333333333333333,39.0,0
3937,2023-09-26,UK,47.0,F,Basic,11.58,462,0,36-50,Europe,153,4.935483870967742,657.16,21.198709677419355,7.645161290322581,12,31,5,2.619611725313095,0.0,0.0,0.0,0.0,0.0,0.0,0.0,0
3938,2022-10-30,Australia,61.0,F,Basic,10.38,793,0,51+,Oceania,269,6.404761904761905,1102.54,26.25095238095238,8.428571428571429,24,42,6,2.7235156960821874,0.0,0.0,0.0,0.0,0.0,0.0,0.0,1
3939,2024-03-28,Spain,47.0,M,Basic,13.9,278,0,36-50,Europe,274,4.9818181818181815,1466.17,26.657636363636364,8.2,32,55,1,2.5202212505086035,1.0,7.510277777777778,0.0,100.0,0.0,0.0,20.0,1
3940,2022-09-10,USA,53.0,M,Basic,14.61,843,0,51+,North America,290,5.2727272727272725,1311.21,23.84018181818182,7.509090909090909,28,55,1,2.655912659307918,0.0,0.0,0.0,0.0,0.0,0.0,0.0,1
3941,2024-01-01,France,20.0,F,Basic,12.8,365,0,18-25,Europe,174,5.2727272727272725,1145.63,34.71606060606061,7.363636363636363,18,33,1,2.820380374088831,0.0,0.0,0.0,0.0,0.0,0.0,0.0,0
3942,2022-03-17,Brazil,39.0,F,Premium,31.39,1020,1,36-50,South America,217,4.822222222222222,1448.0,32.17777777777778,7.022222222222222,31,45,0,2.5071614598702223,3.0,16.655555555555555,2.0,66.66666666666666,1.0,3.0,218.0,0
3943,2022-03-26,Mexico,66.0,F,Basic,12.78,1011,0,51+,North America,222,5.414634146341464,1011.34,24.666829268292684,6.829268292682927,18,41,1,2.479673463947396,5.0,10.816180555555555,1.0,80.0,1.0,3.0,24.0,0
3944,2022-10-02,UK,39.0,M,Basic,13.84,821,0,36-50,Europe,150,6.0,749.92,29.996799999999997,7.44,18,25,4,2.3979157616563596,0.0,0.0,0.0,0.0,0.0,0.0,0.0,1
3945,2022-06-07,France,67.0,M,Enterprise,171.83,938,1,51+,Europe,192,4.8,1280.4,32.010000000000005,8.3,21,40,1,2.662175705542271,0.0,0.0,0.0,0.0,0.0,0.0,0.0,0
3946,2023-01-25,Spain,67.0,M,Enterprise,174.16,706,1,51+,Europe,389,5.328767123287672,2136.69,29.26972602739726,7.301369863013699,37,73,0,2.5930183748360602,0.0,0.0,0.0,0.0,0.0,0.0,0.0,0
3947,2023-12-30,Germany,66.0,F,Basic,11.39,367,0,51+,Europe,311,4.936507936507937,1718.33,27.275079365079364,7.7936507936507935,35,63,0,2.60813254086951,3.0,9.753888888888888,1.0,66.66666666666666,0.0,3.0,124.0,0
3948,2024-03-13,Brazil,29.0,M,Enterprise,107.36,293,1,26-35,South America,154,4.8125,937.63,29.3009375,7.3125,13,32,6,2.402116002678177,4.0,8.341111111111111,1.0,75.0,0.0,4.333333333333333,124.0,0
3949,2023-10-12,Mexico,43.5,F,Basic,10.73,446,0,36-50,North America,257,4.849056603773585,1684.05,31.774528301886793,6.226415094339623,21,53,0,2.871586444506392,3.0,0.7425,2.0,33.33333333333333,0.0,0.0,121.0,0
3950,2022-06-07,USA,21.0,M,Basic,14.77,938,0,18-25,North America,77,5.133333333333334,429.23,28.615333333333336,7.066666666666666,5,15,12,2.386469797679848,4.0,5.1177777777777775,1.0,25.0,0.0,4.0,7.0,0
3951,2024-01-28,Mexico,48.0,F,Premium,36.13,338,1,36-50,North America,133,4.586206896551724,971.43,33.49758620689655,6.724137931034483,16,29,1,2.809642089297272,3.0,10.926018518518518,0.0,33.33333333333333,0.0,0.0,36.0,1
3952,2023-02-03,Australia,61.0,M,Premium,37.27,697,1,51+,Oceania,165,4.125,1327.09,33.17725,7.2,26,40,0,2.6036217378578925,0.0,0.0,0.0,0.0,0.0,0.0,0.0,1
3953,2022-11-21,USA,48.0,M,Premium,38.98,771,1,36-50,North America,212,4.608695652173913,1334.02,29.000434782608696,7.695652173913044,24,46,0,2.5774945704830428,3.0,12.438518518518519,0.0,0.0,2.0,3.0,26.0,0
3954,2023-01-05,Canada,40.0,F,Premium,38.52,726,1,36-50,North America,168,5.6,1011.63,33.721,7.866666666666666,18,30,0,2.443852244531868,0.0,0.0,0.0,0.0,0.0,0.0,0.0,0
3955,2022-04-20,Mexico,70.0,F,Basic,11.08,986,0,51+,North America,228,5.3023255813953485,1201.32,27.93767441860465,9.325581395348838,22,43,2,2.4836118449215796,0.0,0.0,0.0,0.0,0.0,0.0,0.0,0
3956,2022-04-04,USA,37.0,M,Basic,10.28,1002,0,36-50,North America,77,4.8125,381.27,23.829375,8.25,7,16,7,2.5876308340513594,2.0,11.181111111111111,0.0,50.0,1.0,4.0,71.0,0
3957,2022-01-06,UK,43.5,F,Basic,14.62,1090,0,36-50,Europe,405,4.939024390243903,2138.0,26.073170731707318,6.658536585365853,45,82,0,2.705036733168855,2.0,13.869722222222222,0.0,50.0,1.0,0.0,201.0,0
3958,2022-11-12,UK,40.0,M,Basic,14.9,780,0,36-50,Europe,221,5.666666666666667,1068.69,27.402307692307694,9.333333333333334,22,39,0,2.3320798638185765,0.0,0.0,0.0,0.0,0.0,0.0,0.0,0
3959,2023-04-01,UK,45.0,M,Basic,12.83,640,0,36-50,Europe,68,4.0,638.76,37.57411764705882,8.117647058823529,11,17,2,1.541103500742244,2.0,19.529305555555556,0.0,0.0,1.0,3.5,103.0,0
3960,2023-01-04,UK,33.0,M,Basic,14.43,727,0,26-35,Europe,278,5.346153846153846,1413.05,27.174038461538462,7.403846153846154,23,52,0,2.7502913598567273,0.0,0.0,0.0,0.0,0.0,0.0,0.0,0
3961,2024-02-19,UK,54.0,M,Premium,32.31,316,1,51+,Europe,246,5.72093023255814,1499.56,34.87348837209302,7.162790697674419,25,43,1,2.831166522119282,1.0,14.779166666666669,0.0,0.0,0.0,4.0,102.0,0
3962,2022-10-04,USA,38.0,F,Premium,31.1,819,1,36-50,North America,116,5.2727272727272725,595.85,27.08409090909091,8.0,10,22,5,2.76339711883103,3.0,29.494907407407407,0.0,33.33333333333333,0.0,4.5,138.0,0
3963,2022-04-15,Australia,32.0,M,Premium,34.99,991,1,26-35,Oceania,216,5.023255813953488,1228.35,28.56627906976744,7.441860465116279,26,43,1,2.623051404585192,1.0,11.318888888888887,0.0,100.0,0.0,0.0,135.0,0
3964,2022-05-16,USA,34.0,F,Basic,14.05,960,0,26-35,North America,169,4.333333333333333,1052.67,26.991538461538465,7.153846153846154,17,39,1,2.309401076758503,0.0,0.0,0.0,0.0,0.0,0.0,0.0,0
3965,2022-03-31,UK,67.0,M,Premium,36.54,1006,1,51+,Europe,238,4.76,1434.1,28.682,7.64,33,50,2,2.699659842518335,5.0,17.751944444444444,2.0,60.0,0.0,5.0,3.0,0
3966,2022-07-11,Brazil,43.5,F,Premium,36.36,904,1,36-50,South America,233,5.065217391304348,1245.86,27.08391304347826,7.195652173913044,23,46,0,2.4621776622696654,0.0,0.0,0.0,0.0,0.0,0.0,0.0,1
3967,2023-03-18,France,30.0,M,Enterprise,101.74,654,1,26-35,Europe,247,4.8431372549019605,1480.29,29.025294117647057,7.176470588235294,32,51,0,2.7376818589427647,0.0,0.0,0.0,0.0,0.0,0.0,0.0,0
3968,2023-04-05,Brazil,43.5,M,Basic,11.58,636,0,36-50,South America,135,5.4,748.64,29.9456,7.28,13,25,12,2.7537852736430506,0.0,0.0,0.0,0.0,0.0,0.0,0.0,0
3969,2023-07-25,France,47.0,M,Basic,14.69,525,0,36-50,Europe,141,5.423076923076923,771.9,29.68846153846154,6.461538461538462,14,26,1,2.4194722882988664,5.0,8.96861111111111,2.0,80.0,2.0,2.0,27.0,0
3970,2023-07-23,UK,62.0,F,Enterprise,113.42,527,1,51+,Europe,44,5.5,214.16,26.77,6.5,4,8,2,3.162277660168379,1.0,19.459444444444443,0.0,100.0,0.0,0.0,359.0,0
3971,2023-06-09,USA,35.0,F,Enterprise,172.63,571,1,26-35,North America,91,4.55,446.93,22.3465,8.4,12,20,0,2.665076280136718,0.0,0.0,0.0,0.0,0.0,0.0,0.0,1
3972,2023-02-22,USA,31.0,F,Basic,13.79,678,0,26-35,North America,119,5.409090909090909,788.86,35.85727272727273,7.0,11,22,7,2.48153352949515,0.0,0.0,0.0,0.0,0.0,0.0,0.0,0
3973,2022-04-16,USA,53.0,M,Basic,13.65,990,0,51+,North America,158,4.157894736842105,1105.52,29.09263157894737,6.078947368421052,21,38,4,2.686566338530077,0.0,0.0,0.0,0.0,0.0,0.0,0.0,0
3974,2022-01-27,Spain,53.0,F,Premium,39.88,1069,1,51+,Europe,210,4.375,1296.95,27.019791666666666,6.770833333333333,18,48,1,2.514849515399755,2.0,36.08277777777778,1.0,50.0,1.0,2.0,320.0,0
3975,2022-04-02,USA,37.0,F,Basic,12.04,1004,0,36-50,North America,297,5.2105263157894735,2039.22,35.77578947368421,7.385964912280702,26,57,1,2.938274773845452,2.0,33.185138888888886,0.0,0.0,1.0,0.0,183.0,0
3976,2022-12-29,Spain,69.0,M,Premium,36.81,733,1,51+,Europe,154,4.967741935483871,1143.77,36.895806451612906,8.03225806451613,19,31,0,2.7384164641600433,0.0,0.0,0.0,0.0,0.0,0.0,0.0,0
3977,2023-07-22,Brazil,36.0,M,Basic,10.96,528,0,36-50,South America,305,5.169491525423729,1834.77,31.097796610169492,7.254237288135593,30,59,0,2.4435174080007713,5.0,15.70888888888889,1.0,60.0,2.0,2.0,47.0,0
3978,2022-04-06,Germany,62.0,F,Basic,11.99,1000,0,51+,Europe,79,5.266666666666667,462.17,30.811333333333334,9.2,11,15,2,2.5764501233470907,5.0,15.769722222222224,4.0,60.0,1.0,4.0,18.0,1
3979,2023-09-04,Spain,61.0,Unknown,Basic,12.45,484,0,51+,Europe,413,4.8023255813953485,2301.53,26.76197674418605,7.22093023255814,37,86,0,2.63380631492036,0.0,0.0,0.0,0.0,0.0,0.0,0.0,0
3980,2023-09-05,Australia,24.0,M,Basic,11.06,483,0,18-25,Oceania,266,4.666666666666667,1906.75,33.45175438596491,8.68421052631579,27,57,2,2.579682520148924,4.0,17.046203703703704,1.0,75.0,1.0,4.0,85.0,1
3981,2024-03-14,UK,61.0,F,Basic,14.52,292,0,51+,Europe,74,5.6923076923076925,411.0,31.615384615384617,8.846153846153847,4,13,9,1.797434068545834,0.0,0.0,0.0,0.0,0.0,0.0,0.0,1
3982,2022-11-29,Australia,70.0,F,Basic,13.57,763,0,51+,Oceania,179,4.365853658536586,1255.41,30.619756097560977,7.853658536585366,20,41,0,2.5763937738724607,1.0,19.071944444444444,0.0,100.0,0.0,3.0,359.0,1
3983,2024-06-03,Mexico,21.0,Unknown,Basic,11.41,211,0,18-25,North America,197,4.804878048780488,1274.65,31.089024390243903,6.658536585365853,14,41,2,2.713111794555487,0.0,0.0,0.0,0.0,0.0,0.0,0.0,1
3984,2023-01-30,France,51.0,M,Basic,10.66,701,0,51+,Europe,113,4.52,928.67,37.1468,5.92,19,25,2,2.551470164434615,0.0,0.0,0.0,0.0,0.0,0.0,0.0,0
3985,2022-01-13,USA,19.0,F,Basic,11.43,1083,0,18-25,North America,344,4.9855072463768115,2149.11,31.146521739130435,7.768115942028985,41,69,0,2.4822472836429084,3.0,17.96675925925926,0.0,100.0,0.0,4.0,60.0,1
3986,2022-10-26,Italy,22.0,M,Basic,13.1,797,0,18-25,Europe,170,5.0,1319.66,38.813529411764705,6.970588235294118,17,34,0,2.5702257889260633,0.0,0.0,0.0,0.0,0.0,0.0,0.0,1
3987,2023-02-28,UK,27.0,M,Enterprise,182.63,672,1,26-35,Europe,284,5.2592592592592595,1639.65,30.36388888888889,7.203703703703703,29,54,0,2.6648316537517296,0.0,0.0,0.0,0.0,0.0,0.0,0.0,1
3988,2023-02-02,Brazil,49.0,F,Basic,12.51,698,0,36-50,South America,125,4.310344827586207,941.86,32.47793103448276,7.068965517241379,12,29,1,2.4216795865069423,0.0,0.0,0.0,0.0,0.0,0.0,0.0,0
3989,2024-03-08,UK,59.0,M,Basic,10.5,298,0,51+,Europe,247,4.660377358490566,1598.31,30.15679245283019,7.849056603773585,32,53,0,2.63806015726019,4.0,16.65284722222222,0.0,25.0,0.0,4.666666666666667,104.0,0
3990,2022-03-28,Spain,58.0,M,Basic,11.24,1009,0,51+,Europe,372,5.027027027027027,2334.3,31.544594594594596,8.5,39,74,0,2.510105455258764,0.0,0.0,0.0,0.0,0.0,0.0,0.0,1
3991,2024-01-13,UK,30.0,M,Premium,33.44,353,1,26-35,Europe,336,5.014925373134329,1626.65,24.278358208955225,7.865671641791045,37,67,0,2.7987688706494045,3.0,4.999722222222222,2.0,66.66666666666666,2.0,0.0,217.0,0
3992,2023-07-27,USA,56.0,M,Basic,13.17,523,0,51+,North America,199,5.685714285714286,1151.2,32.89142857142857,7.171428571428572,11,35,1,2.598318784175968,0.0,0.0,0.0,0.0,0.0,0.0,0.0,1
3993,2022-09-06,UK,22.0,M,Basic,11.22,847,0,18-25,Europe,301,5.574074074074074,1702.99,31.536851851851853,7.37037037037037,29,54,0,2.744475423992729,0.0,0.0,0.0,0.0,0.0,0.0,0.0,0
3994,2023-08-09,UK,27.0,M,Basic,11.16,510,0,26-35,Europe,235,5.108695652173913,1312.01,28.52195652173913,7.130434782608695,19,46,0,2.618127073306541,2.0,15.761666666666667,0.0,50.0,0.0,1.0,106.0,0
3995,2023-06-18,France,27.0,F,Premium,32.85,562,1,26-35,Europe,61,4.357142857142857,410.82,29.344285714285714,7.142857142857143,7,14,7,2.7063214561791846,0.0,0.0,0.0,0.0,0.0,0.0,0.0,0
3996,2022-06-23,Brazil,55.0,M,Premium,35.92,922,1,51+,South America,424,5.108433734939759,2688.21,32.388072289156625,7.554216867469879,36,83,1,2.5423824441862806,2.0,20.835555555555555,0.0,0.0,1.0,3.0,91.0,0
3997,2023-12-03,USA,44.0,Other,Basic,12.45,394,0,36-50,North America,198,4.604651162790698,1761.66,40.96883720930233,7.511627906976744,22,43,0,2.804244528463108,0.0,0.0,0.0,0.0,0.0,0.0,0.0,0
3998,2023-01-25,UK,68.0,M,Basic,14.2,706,0,51+,Europe,239,5.558139534883721,1277.49,29.70906976744186,7.976744186046512,20,43,1,2.5939703488171637,4.0,8.614722222222223,0.0,75.0,2.0,2.6666666666666665,13.0,0
3999,2022-06-23,Germany,38.0,M,Basic,13.48,922,0,36-50,Europe,275,5.188679245283019,1580.45,29.819811320754717,8.075471698113208,27,53,0,2.6534201715288783,4.0,14.218333333333332,2.0,75.0,0.0,4.5,28.0,0
4000,2022-05-23,Germany,25.0,F,Basic,13.32,953,0,18-25,Europe,351,4.875,1957.96,27.19388888888889,7.805555555555555,37,72,0,2.539477044978322,0.0,0.0,0.0,0.0,0.0,0.0,0.0,1
4001,2022-10-03,Australia,18.0,M,Premium,31.54,820,1,18-25,Oceania,68,4.857142857142857,328.89,23.492142857142856,8.0,5,14,9,2.5677629550654775,0.0,0.0,0.0,0.0,0.0,0.0,0.0,0
4002,2022-11-05,Australia,45.0,F,Basic,10.27,787,0,36-50,Oceania,233,5.4186046511627906,1484.19,34.516046511627906,7.534883720930233,18,43,0,2.537645685609427,0.0,0.0,0.0,0.0,0.0,0.0,0.0,0
4003,2022-10-02,UK,66.0,F,Basic,12.54,821,0,51+,Europe,365,5.2898550724637685,2180.3,31.598550724637683,7.449275362318841,39,69,1,2.4320255977474603,4.0,21.186041666666668,0.0,50.0,1.0,4.0,16.0,0
4004,2023-05-20,UK,56.0,M,Basic,10.35,591,0,51+,Europe,220,4.230769230769231,1607.25,30.908653846153847,7.25,24,52,1,2.50188465914441,0.0,0.0,0.0,0.0,0.0,0.0,0.0,1
4005,2022-05-30,Australia,31.0,F,Premium,33.63,946,1,26-35,Oceania,169,4.5675675675675675,967.4300000000001,26.14675675675676,6.486486486486487,13,37,2,2.4893165119559817,0.0,0.0,0.0,0.0,0.0,0.0,0.0,0
4006,2022-03-06,Brazil,38.0,M,Premium,30.25,1031,1,36-50,South America,188,5.529411764705882,1069.33,31.450882352941175,6.588235294117647,19,34,0,2.272834222082534,0.0,0.0,0.0,0.0,0.0,0.0,0.0,0
4007,2022-06-21,USA,47.0,Other,Enterprise,117.67,924,1,36-50,North America,405,5.1923076923076925,2099.6,26.91794871794872,7.487179487179487,32,78,0,2.6337356428775145,0.0,0.0,0.0,0.0,0.0,0.0,0.0,0
4008,2023-03-22,UK,38.0,F,Basic,10.54,650,0,36-50,Europe,274,5.372549019607843,1347.18,26.41529411764706,7.450980392156863,22,51,2,2.497685202852637,4.0,20.42222222222222,1.0,25.0,1.0,2.0,137.0,1
4009,2022-10-10,Australia,66.0,F,Basic,13.99,813,0,51+,Oceania,441,5.5125,2437.9700000000003,30.474625000000003,7.7125,36,80,0,2.33299801689488,0.0,0.0,0.0,0.0,0.0,0.0,0.0,0
4010,2023-03-08,USA,26.0,M,Basic,11.72,664,0,26-35,North America,440,5.057471264367816,2279.2,26.197701149425285,8.068965517241379,46,87,0,2.3740668758780585,2.0,20.795277777777777,1.0,100.0,1.0,0.0,180.0,0
4011,2022-11-03,Spain,34.0,M,Basic,10.38,789,0,26-35,Europe,83,5.1875,418.83,26.176875,8.0,8,16,5,2.5091499224504967,5.0,9.554097222222222,1.0,20.0,0.0,4.5,164.0,0
4012,2023-05-11,USA,22.0,M,Basic,11.32,600,0,18-25,North America,289,4.982758620689655,1520.63,26.217758620689658,7.086206896551724,34,58,1,2.495549577768356,0.0,0.0,0.0,0.0,0.0,0.0,0.0,0
4013,2024-03-12,Canada,48.0,M,Basic,13.4,294,0,36-50,North America,180,5.142857142857143,1259.6299999999999,35.98942857142857,8.114285714285714,18,35,0,2.745508172643167,4.0,19.250555555555557,0.0,75.0,0.0,3.0,204.0,0
4014,2022-03-20,Germany,69.0,F,Basic,13.72,1017,0,51+,Europe,48,4.8,335.90999999999997,33.590999999999994,4.7,3,10,1,2.2997584414213788,2.0,12.925555555555556,1.0,100.0,1.0,0.0,56.0,0
4015,2023-01-05,France,57.0,F,Enterprise,111.98,726,1,51+,Europe,261,4.745454545454545,1741.42,31.662181818181818,7.1454545454545455,31,55,1,2.510851868266447,1.0,36.71611111111111,0.0,100.0,1.0,3.0,209.0,0
4016,2022-09-15,USA,55.0,M,Premium,37.78,838,1,51+,North America,352,5.415384615384616,2008.06,30.89323076923077,7.923076923076923,35,65,0,2.6686390942547127,0.0,0.0,0.0,0.0,0.0,0.0,0.0,0
4017,2022-09-10,Spain,60.0,F,Basic,11.84,843,0,51+,Europe,106,3.925925925925926,819.98,30.36962962962963,8.11111111111111,14,27,15,2.644674269981465,4.0,10.971666666666668,2.0,25.0,0.0,5.0,101.0,1
4018,2024-01-09,Germany,36.0,F,Basic,13.39,357,0,36-50,Europe,279,4.982142857142857,1543.0,27.553571428571427,8.196428571428571,18,56,0,2.400689835924601,2.0,14.086388888888889,0.0,0.0,1.0,2.0,46.0,0
4019,2023-10-03,UK,53.0,F,Basic,13.35,455,0,51+,Europe,276,5.75,1388.71,28.931458333333335,7.958333333333333,17,48,0,2.264433610081798,5.0,7.315777777777777,0.0,60.0,2.0,4.25,215.0,0
4020,2023-05-23,UK,43.5,M,Basic,13.96,588,0,36-50,Europe,204,5.513513513513513,1180.83,31.914324324324323,7.837837837837838,17,37,0,2.5453838569023297,0.0,0.0,0.0,0.0,0.0,0.0,0.0,1
4021,2023-09-01,UK,50.0,M,Basic,13.48,487,0,36-50,Europe,445,5.235294117647059,2389.31,28.109529411764704,7.788235294117647,56,85,0,2.471971734810712,0.0,0.0,0.0,0.0,0.0,0.0,0.0,1
4022,2023-09-24,France,43.5,F,Basic,10.18,464,0,36-50,Europe,163,5.09375,862.13,26.9415625,7.8125,16,32,0,2.2910678592053686,2.0,33.86958333333333,0.0,0.0,0.0,4.0,10.0,0
4023,2022-07-20,USA,31.0,F,Enterprise,151.94,895,1,26-35,North America,75,5.357142857142857,334.4,23.885714285714283,5.571428571428571,7,14,3,1.8232322463624386,0.0,0.0,0.0,0.0,0.0,0.0,0.0,0
4024,2023-04-14,USA,50.0,F,Basic,10.82,627,0,36-50,North America,320,5.423728813559322,1684.15,28.54491525423729,7.254237288135593,26,59,0,2.7241157365059956,0.0,0.0,0.0,0.0,0.0,0.0,0.0,1
4025,2022-04-20,Brazil,46.0,F,Basic,14.84,986,0,36-50,South America,316,4.9375,1823.92,28.49875,7.9375,30,64,0,2.29474900934133,0.0,0.0,0.0,0.0,0.0,0.0,0.0,0
4026,2022-05-19,Australia,60.0,M,Premium,32.55,957,1,51+,Oceania,305,5.169491525423729,1870.92,31.710508474576272,7.220338983050848,30,59,0,2.35000031087952,5.0,23.566736111111112,1.0,20.0,2.0,3.0,40.0,1
4027,2022-11-08,UK,66.0,F,Basic,12.09,784,0,51+,Europe,239,5.195652173913044,1255.35,27.290217391304346,8.021739130434783,27,46,2,2.5700805453646463,0.0,0.0,0.0,0.0,0.0,0.0,0.0,0
4028,2022-01-07,Italy,53.0,M,Basic,10.97,1089,0,51+,Europe,184,4.972972972972973,1077.93,29.133243243243246,8.108108108108109,18,37,0,2.5548046944976104,0.0,0.0,0.0,0.0,0.0,0.0,0.0,0
4029,2023-02-10,Canada,61.0,F,Basic,10.66,690,0,51+,North America,163,5.620689655172414,935.08,32.24413793103449,8.206896551724139,16,29,4,2.3362637006163784,0.0,0.0,0.0,0.0,0.0,0.0,0.0,0
4030,2022-12-07,Spain,27.0,F,Premium,36.0,755,1,26-35,Europe,72,5.538461538461538,378.15999999999997,29.089230769230767,6.6923076923076925,8,13,4,2.5695455050580644,0.0,0.0,0.0,0.0,0.0,0.0,0.0,0
4031,2024-05-11,USA,48.0,F,Basic,12.46,234,0,36-50,North America,162,4.764705882352941,898.13,26.415588235294116,6.352941176470588,16,34,1,2.57091922635644,0.0,0.0,0.0,0.0,0.0,0.0,0.0,0
4032,2023-09-28,Australia,23.0,F,Basic,11.86,460,0,18-25,Oceania,183,4.6923076923076925,1059.73,27.172564102564102,6.82051282051282,21,39,6,2.637321669240317,2.0,15.30888888888889,0.0,50.0,1.0,4.5,44.0,0
4033,2023-01-25,Italy,18.0,F,Enterprise,108.53,706,1,18-25,Europe,479,5.443181818181818,3003.32,34.12863636363637,7.534090909090909,36,88,0,2.576899832778016,0.0,0.0,0.0,0.0,0.0,0.0,0.0,0
4034,2024-04-03,USA,24.0,M,Basic,13.67,272,0,18-25,North America,170,5.0,913.04,26.85411764705882,6.970588235294118,15,34,2,2.9541957835039856,0.0,0.0,0.0,0.0,0.0,0.0,0.0,0
4035,2024-06-01,France,44.0,M,Premium,30.05,213,1,36-50,Europe,161,5.03125,1164.7,36.396875,8.09375,15,32,1,2.596329605299535,0.0,0.0,0.0,0.0,0.0,0.0,0.0,0
4036,2022-12-04,Brazil,38.0,F,Premium,34.57,758,1,36-50,South America,310,4.305555555555555,1930.78,26.816388888888888,7.638888888888889,29,72,0,2.55992346325338,0.0,0.0,0.0,0.0,0.0,0.0,0.0,0
4037,2023-03-27,Brazil,45.0,M,Basic,13.15,645,0,36-50,South America,75,4.166666666666667,419.15,23.28611111111111,6.833333333333333,5,18,1,2.3825344883621926,0.0,0.0,0.0,0.0,0.0,0.0,0.0,0
4038,2022-12-09,USA,33.0,Unknown,Premium,34.3,753,1,26-35,North America,443,4.977528089887641,2822.31,31.71134831460674,7.741573033707865,50,89,0,2.402543765990007,0.0,0.0,0.0,0.0,0.0,0.0,0.0,0
4039,2023-03-17,USA,63.0,M,Premium,31.25,655,1,51+,North America,374,5.267605633802817,2428.27,34.20098591549296,7.070422535211268,30,71,0,2.4666793553791138,0.0,0.0,0.0,0.0,0.0,0.0,0.0,0
4040,2024-04-15,Spain,40.0,F,Enterprise,177.81,260,1,36-50,Europe,148,5.285714285714286,847.73,30.27607142857143,7.428571428571429,10,28,3,2.608492438983254,0.0,0.0,0.0,0.0,0.0,0.0,0.0,0
4041,2024-04-23,Mexico,69.0,M,Basic,11.61,252,0,51+,North America,37,4.625,308.15999999999997,38.519999999999996,6.375,5,8,6,2.7222627143085005,4.0,10.20814814814815,1.0,25.0,1.0,4.0,95.0,1
4042,2024-05-30,USA,37.0,F,Enterprise,113.47,215,1,36-50,North America,26,4.333333333333333,246.88,41.14666666666667,7.5,5,6,2,2.0655911179772892,0.0,0.0,0.0,0.0,0.0,0.0,0.0,0
4043,2023-10-29,Brazil,55.0,Other,Basic,12.74,429,0,51+,South America,257,4.9423076923076925,1588.8600000000001,30.555000000000003,7.6923076923076925,29,52,0,2.63768660924059,0.0,0.0,0.0,0.0,0.0,0.0,0.0,0
4044,2023-09-01,UK,42.0,Other,Premium,30.18,487,1,36-50,Europe,292,5.214285714285714,1669.42,29.81107142857143,7.946428571428571,28,56,0,2.864924468078035,1.0,0.0,1.0,100.0,0.0,0.0,1.0,1
4045,2022-05-20,Spain,45.0,M,Basic,11.61,956,0,36-50,Europe,250,5.1020408163265305,1559.59,31.828367346938773,7.591836734693878,20,49,2,2.631894896894502,2.0,17.03763888888889,0.0,50.0,0.0,0.0,29.0,0
4046,2022-11-04,USA,22.0,F,Basic,13.74,788,0,18-25,North America,70,5.833333333333333,344.49,28.7075,7.75,7,12,2,2.79067711996189,0.0,0.0,0.0,0.0,0.0,0.0,0.0,0
4047,2022-11-25,Brazil,38.0,Other,Basic,14.55,767,0,36-50,South America,143,4.766666666666667,978.05,32.60166666666667,6.966666666666667,16,30,0,2.6740558544360433,0.0,0.0,0.0,0.0,0.0,0.0,0.0,1
4048,2023-09-10,Brazil,35.0,F,Basic,12.95,478,0,26-35,South America,373,4.6625,2426.02,30.32525,7.95,34,80,0,2.599628746620018,0.0,0.0,0.0,0.0,0.0,0.0,0.0,0
4049,2023-12-13,UK,64.0,F,Basic,11.08,384,0,51+,Europe,311,4.859375,1773.46,27.7103125,7.578125,27,64,0,2.499950396333292,0.0,0.0,0.0,0.0,0.0,0.0,0.0,0
4050,2022-07-25,USA,23.0,F,Basic,11.09,890,0,18-25,North America,97,5.105263157894737,652.61,34.34789473684211,6.526315789473684,3,19,0,2.1575381248622043,2.0,15.989027777777778,0.0,50.0,0.0,0.0,126.0,1
4051,2023-05-06,Mexico,46.0,M,Basic,13.01,605,0,36-50,North America,410,5.189873417721519,2498.09,31.621392405063293,7.936708860759493,37,79,0,2.5972171960116626,5.0,13.22888888888889,2.0,20.0,0.0,4.0,63.0,0
4052,2022-11-18,USA,36.0,F,Basic,12.02,774,0,36-50,North America,45,4.090909090909091,555.55,50.50454545454545,8.090909090909092,6,11,4,3.080731908314823,1.0,13.024166666666666,0.0,100.0,0.0,0.0,226.0,0
4053,2022-07-01,Mexico,50.0,M,Basic,10.88,914,0,36-50,North America,103,4.681818181818182,716.11,32.55045454545455,5.363636363636363,14,22,10,2.3981414159891092,3.0,22.264722222222225,2.0,0.0,1.0,0.0,38.0,0
4054,2023-02-12,Spain,18.0,M,Basic,13.93,688,0,18-25,Europe,34,3.4,371.63,37.163,7.5,8,10,5,2.7162065049951147,0.0,0.0,0.0,0.0,0.0,0.0,0.0,0
4055,2022-11-23,Canada,62.0,Other,Premium,31.99,769,1,51+,North America,157,5.814814814814815,849.4,31.45925925925926,6.777777777777778,14,27,4,2.0946275056592727,0.0,0.0,0.0,0.0,0.0,0.0,0.0,0
4056,2022-10-26,UK,20.0,M,Premium,33.21,797,1,18-25,Europe,75,4.6875,550.78,34.42375,6.75,8,16,3,2.24258035902098,0.0,0.0,0.0,0.0,0.0,0.0,0.0,0
4057,2024-01-23,Australia,59.0,M,Basic,10.3,343,0,51+,Oceania,248,4.350877192982456,1670.4,29.30526315789474,8.210526315789474,31,57,0,2.091575175983875,3.0,11.089814814814815,0.0,33.33333333333333,0.0,3.0,16.0,0
4058,2023-12-13,USA,38.0,Other,Basic,13.5,384,0,36-50,North America,201,5.583333333333333,915.42,25.42833333333333,7.083333333333333,18,36,1,2.8017851452243803,1.0,0.0,1.0,0.0,0.0,0.0,275.0,0
4059,2023-10-11,Italy,52.0,Other,Premium,32.74,447,1,51+,Europe,417,5.024096385542169,2329.11,28.061566265060243,7.108433734939759,52,83,0,2.6868056272089,2.0,11.412222222222223,0.0,50.0,0.0,3.0,283.0,0
4060,2023-05-18,Germany,58.0,M,Basic,11.15,593,0,51+,Europe,350,4.929577464788732,1999.15,28.157042253521126,7.464788732394366,45,71,0,2.6366859266997156,5.0,22.048833333333334,0.0,40.0,0.0,5.0,2.0,0
4061,2023-08-13,UK,57.0,Unknown,Basic,11.51,506,0,51+,Europe,272,4.857142857142857,1602.75,28.620535714285715,7.535714285714286,28,56,1,2.631477783428035,0.0,0.0,0.0,0.0,0.0,0.0,0.0,0
4062,2024-03-11,UK,20.0,M,Basic,14.36,295,0,18-25,Europe,37,4.625,176.66,22.0825,9.5,3,8,9,1.995530720671285,1.0,15.434166666666666,0.0,100.0,1.0,2.0,63.0,0
4063,2022-09-06,USA,42.0,M,Enterprise,151.79,847,1,36-50,North America,207,5.175,1143.3,28.5825,7.9,16,40,1,2.678379724519649,0.0,0.0,0.0,0.0,0.0,0.0,0.0,1
4064,2022-11-30,Mexico,62.0,M,Basic,10.78,762,0,51+,North America,286,5.107142857142857,1714.82,30.621785714285714,7.553571428571429,27,56,0,2.5773740789526736,4.0,20.011388888888888,2.0,50.0,1.0,3.0,116.0,1
4065,2023-01-21,Italy,55.0,M,Premium,37.73,710,1,51+,Europe,273,5.150943396226415,1428.76,26.957735849056604,8.358490566037736,23,53,0,2.6486297358263626,3.0,11.353333333333332,1.0,66.66666666666666,0.0,4.0,10.0,0
4066,2022-10-15,Canada,62.0,M,Basic,11.03,808,0,51+,North America,30,6.0,168.14999999999998,33.629999999999995,7.2,2,5,3,3.24037034920393,1.0,17.712222222222223,0.0,0.0,0.0,3.0,344.0,1
4067,2024-04-16,UK,37.0,M,Premium,34.11,259,1,36-50,Europe,166,5.03030303030303,975.96,29.574545454545454,7.333333333333333,13,33,2,2.5308700145015415,0.0,0.0,0.0,0.0,0.0,0.0,0.0,0
4068,2024-03-15,Mexico,69.0,F,Basic,12.83,291,0,51+,North America,174,4.9714285714285715,1081.37,30.89628571428571,7.857142857142857,16,35,2,2.75985628660064,0.0,0.0,0.0,0.0,0.0,0.0,0.0,1
4069,2023-02-07,France,43.5,F,Basic,12.91,693,0,36-50,Europe,59,5.9,365.14,36.513999999999996,8.3,2,10,5,2.282785822435191,0.0,0.0,0.0,0.0,0.0,0.0,0.0,0
4070,2023-01-09,France,62.0,F,Basic,10.34,722,0,51+,Europe,434,4.988505747126437,2286.42,26.280689655172413,7.206896551724138,32,87,0,2.5946915973640685,0.0,0.0,0.0,0.0,0.0,0.0,0.0,1
4071,2022-04-27,Spain,51.0,F,Enterprise,183.67,979,1,51+,Europe,81,4.5,589.47,32.748333333333335,7.722222222222222,10,18,3,2.3326329481056884,0.0,0.0,0.0,0.0,0.0,0.0,0.0,0
4072,2023-08-01,UK,38.0,M,Basic,12.39,518,0,36-50,Europe,183,4.945945945945946,1285.41,34.740810810810814,7.864864864864865,26,37,1,2.778348289761243,0.0,0.0,0.0,0.0,0.0,0.0,0.0,0
4073,2022-07-24,USA,65.0,F,Basic,14.94,891,0,51+,North America,255,5.425531914893617,1313.63,27.94957446808511,7.48936170212766,23,47,3,2.593844560150081,1.0,0.0,1.0,100.0,0.0,0.0,284.0,1
4074,2023-08-30,France,43.5,F,Premium,37.16,489,1,36-50,Europe,234,4.333333333333333,1725.28,31.94962962962963,6.666666666666667,29,54,3,2.569780843750233,2.0,12.711388888888887,0.0,100.0,0.0,3.0,13.0,1
4075,2023-07-13,USA,23.0,M,Basic,14.95,537,0,18-25,North America,141,4.7,794.72,26.490666666666666,8.066666666666666,17,30,5,2.437494473910624,0.0,0.0,0.0,0.0,0.0,0.0,0.0,1
4076,2022-07-04,Spain,68.0,M,Basic,12.26,911,0,51+,Europe,175,4.72972972972973,972.3,26.278378378378378,7.837837837837838,19,37,0,2.5565672367524455,0.0,0.0,0.0,0.0,0.0,0.0,0.0,0
4077,2023-11-30,UK,70.0,F,Basic,10.69,397,0,51+,Europe,232,5.2727272727272725,1145.2,26.027272727272727,8.227272727272727,17,44,0,2.8396170423396674,0.0,0.0,0.0,0.0,0.0,0.0,0.0,1
4078,2024-02-26,USA,30.0,F,Basic,13.63,309,0,26-35,North America,316,5.266666666666667,1861.56,31.026,7.6,20,60,0,2.503331114069145,0.0,0.0,0.0,0.0,0.0,0.0,0.0,0
4079,2023-07-18,Canada,66.0,F,Basic,13.88,532,0,51+,North America,73,4.5625,451.97,28.248125,7.25,12,16,5,2.448639077800837,2.0,8.85,0.0,50.0,0.0,5.0,240.0,0
4080,2022-01-28,Germany,40.0,M,Premium,38.52,1068,1,36-50,Europe,416,5.135802469135802,2189.47,27.03049382716049,7.333333333333333,38,81,0,2.5186955275487013,0.0,0.0,0.0,0.0,0.0,0.0,0.0,1
4081,2024-01-15,Germany,26.0,M,Basic,11.5,351,0,26-35,Europe,79,4.647058823529412,630.91,37.11235294117647,7.470588235294118,7,17,6,2.998774259397251,1.0,4.956666666666667,0.0,0.0,0.0,4.0,97.0,0
4082,2023-04-18,France,34.0,F,Premium,35.1,623,1,26-35,Europe,340,5.230769230769231,2051.52,31.561846153846155,8.553846153846154,29,65,0,2.876462838546409,2.0,25.971249999999998,0.0,100.0,0.0,4.0,98.0,1
4083,2023-12-27,Germany,19.0,F,Basic,14.28,370,0,18-25,Europe,147,4.59375,829.31,25.9159375,7.5625,20,32,3,2.0768986649608423,0.0,0.0,0.0,0.0,0.0,0.0,0.0,1
4084,2022-08-03,Brazil,36.0,M,Basic,14.31,881,0,36-50,South America,253,5.382978723404255,1470.53,31.28787234042553,7.723404255319149,29,47,1,2.6829023178944764,1.0,21.721666666666668,0.0,0.0,0.0,4.0,100.0,1
4085,2023-03-25,Canada,36.0,M,Basic,10.12,647,0,36-50,North America,277,4.694915254237288,1967.66,33.35016949152543,7.338983050847458,33,59,0,2.2069970023895364,0.0,0.0,0.0,0.0,0.0,0.0,0.0,1
4086,2024-03-27,Mexico,24.0,F,Premium,36.7,279,1,18-25,North America,40,4.0,216.44,21.644,8.0,6,10,4,3.162277660168379,0.0,0.0,0.0,0.0,0.0,0.0,0.0,1
4087,2022-10-26,USA,59.0,F,Basic,13.0,797,0,51+,North America,135,5.1923076923076925,710.39,27.322692307692307,8.038461538461538,14,26,3,2.4003204914216063,5.0,28.726296296296297,2.0,60.0,1.0,3.3333333333333335,122.0,0
4088,2024-05-01,Canada,59.0,M,Premium,30.82,244,1,51+,North America,78,4.875,535.65,33.478125,7.625,7,16,10,2.362907813126304,0.0,0.0,0.0,0.0,0.0,0.0,0.0,0
4089,2023-12-11,Brazil,37.0,F,Premium,39.29,386,1,36-50,South America,270,4.821428571428571,1878.45,33.54375,7.375,27,56,1,2.4724455530884826,0.0,0.0,0.0,0.0,0.0,0.0,0.0,0
4090,2022-03-12,Mexico,26.0,F,Basic,12.22,1025,0,26-35,North America,174,4.578947368421052,1019.67,26.83342105263158,6.657894736842105,23,38,2,2.7571193246082086,0.0,0.0,0.0,0.0,0.0,0.0,0.0,1
4091,2024-04-18,Brazil,34.0,F,Basic,13.36,257,0,26-35,South America,110,5.238095238095238,587.15,27.95952380952381,7.0,11,21,1,2.913842169795095,0.0,0.0,0.0,0.0,0.0,0.0,0.0,0
4092,2024-05-18,USA,44.0,M,Basic,14.4,227,0,36-50,North America,270,5.510204081632653,1548.21,31.596122448979592,8.061224489795919,21,49,4,2.2832948504627386,0.0,0.0,0.0,0.0,0.0,0.0,0.0,0
4093,2024-03-25,Spain,64.0,M,Premium,31.29,281,1,51+,Europe,142,5.071428571428571,859.37,30.691785714285714,6.785714285714286,15,28,0,2.6517439604430195,0.0,0.0,0.0,0.0,0.0,0.0,0.0,0
4094,2024-03-25,Australia,19.0,F,Basic,14.27,281,0,18-25,Oceania,261,5.22,1321.99,26.4398,7.0,19,50,1,2.525704589509507,0.0,0.0,0.0,0.0,0.0,0.0,0.0,0
4095,2023-02-23,USA,53.0,M,Premium,37.23,677,1,51+,North America,219,5.093023255813954,1382.27,32.14581395348837,7.209302325581396,20,43,0,2.7413409430628937,0.0,0.0,0.0,0.0,0.0,0.0,0.0,0
4096,2023-11-21,Australia,36.0,F,Basic,14.19,406,0,36-50,Oceania,231,4.8125,1433.96,29.874166666666667,7.520833333333333,22,48,2,2.5570615615951127,1.0,6.777777777777778,0.0,100.0,1.0,2.0,298.0,0
4097,2023-05-27,Spain,34.0,F,Premium,34.94,584,1,26-35,Europe,249,4.69811320754717,1564.3600000000001,29.51622641509434,8.11320754716981,28,53,0,2.5083315452275734,0.0,0.0,0.0,0.0,0.0,0.0,0.0,1
4098,2022-05-23,Spain,22.0,M,Basic,10.16,953,0,18-25,Europe,152,4.903225806451613,813.83,26.25258064516129,7.645161290322581,18,31,9,2.599420944616671,0.0,0.0,0.0,0.0,0.0,0.0,0.0,0
4099,2023-10-11,Brazil,43.5,F,Basic,13.34,447,0,36-50,South America,75,5.357142857142857,348.38,24.884285714285713,9.071428571428571,5,14,8,2.373155732746617,1.0,22.986944444444443,0.0,0.0,0.0,0.0,265.0,0
4100,2022-11-07,UK,35.0,F,Enterprise,137.44,785,1,26-35,Europe,62,5.636363636363637,323.94,29.44909090909091,9.636363636363637,7,11,16,2.2922795323750234,2.0,16.0825,0.0,50.0,0.0,4.0,27.0,0
4101,2022-09-05,Brazil,43.5,F,Premium,34.01,848,1,36-50,South America,42,6.0,302.5,43.214285714285715,9.285714285714286,4,7,2,3.1091263510296048,0.0,0.0,0.0,0.0,0.0,0.0,0.0,1
4102,2022-09-16,Australia,43.5,M,Basic,12.2,837,0,36-50,Oceania,224,4.977777777777778,1292.8,28.72888888888889,7.355555555555555,17,45,1,2.6755533742734157,2.0,19.471805555555555,0.0,0.0,0.0,5.0,19.0,0
4103,2023-11-06,Brazil,34.0,Other,Premium,34.92,421,1,26-35,South America,157,4.617647058823529,976.71,28.726764705882353,6.735294117647059,18,34,2,2.881652575975711,3.0,17.754166666666666,0.0,33.33333333333333,0.0,3.5,205.0,0
4104,2022-06-07,USA,56.0,M,Premium,36.61,938,1,51+,North America,116,5.2727272727272725,813.8199999999999,36.99181818181818,7.318181818181818,8,22,0,2.6400183654090306,0.0,0.0,0.0,0.0,0.0,0.0,0.0,0
4105,2024-01-03,Brazil,53.0,F,Basic,13.62,363,0,51+,South America,112,5.333333333333333,736.73,35.08238095238095,6.571428571428571,9,21,2,2.726414006223804,0.0,0.0,0.0,0.0,0.0,0.0,0.0,1
4106,2023-03-10,Italy,57.0,F,Basic,13.87,662,0,51+,Europe,423,5.035714285714286,2189.45,26.06488095238095,7.476190476190476,46,84,0,2.5195449415647544,0.0,0.0,0.0,0.0,0.0,0.0,0.0,0
4107,2024-03-19,Germany,62.0,M,Basic,13.35,287,0,51+,Europe,274,5.269230769230769,1416.69,27.244038461538462,7.653846153846154,23,52,0,2.5446243577730576,3.0,17.88319444444445,1.0,33.33333333333333,0.0,4.0,130.0,0
4108,2023-01-22,Australia,21.0,F,Enterprise,180.34,709,1,18-25,Oceania,248,5.391304347826087,1319.06,28.675217391304347,8.26086956521739,27,46,1,2.5340197391984423,1.0,3.298611111111111,0.0,100.0,0.0,0.0,220.0,0
4109,2022-03-17,Italy,55.0,Other,Basic,10.6,1020,0,51+,Europe,363,4.905405405405405,2095.07,28.311756756756758,6.743243243243243,39,74,0,2.7105522811802536,5.0,8.869166666666667,2.0,40.0,0.0,4.0,50.0,1
4110,2023-04-05,UK,42.0,M,Basic,14.17,636,0,36-50,Europe,453,5.392857142857143,2774.89,33.03440476190476,7.166666666666667,47,84,0,2.702153791307237,3.0,7.386388888888888,0.0,66.66666666666666,0.0,5.0,277.0,0
4111,2023-09-05,Spain,43.5,M,Basic,11.93,483,0,36-50,Europe,127,5.08,845.25,33.81,7.2,14,25,1,2.3790754506740637,0.0,0.0,0.0,0.0,0.0,0.0,0.0,1
4112,2023-05-06,France,47.0,F,Basic,12.63,605,0,36-50,Europe,88,4.888888888888889,581.53,32.30722222222222,8.277777777777779,11,18,1,2.741594402766581,0.0,0.0,0.0,0.0,0.0,0.0,0.0,0
4113,2023-08-20,Canada,29.0,M,Basic,12.16,499,0,26-35,North America,180,4.864864864864865,928.76,25.10162162162162,8.35135135135135,16,37,1,2.626384948536276,0.0,0.0,0.0,0.0,0.0,0.0,0.0,1
4114,2023-02-15,Mexico,21.0,M,Basic,12.37,685,0,18-25,North America,371,4.6375,2437.99,30.474874999999997,7.4125,39,80,0,2.747812708964042,0.0,0.0,0.0,0.0,0.0,0.0,0.0,0
4115,2023-07-02,Germany,41.0,F,Basic,11.42,548,0,36-50,Europe,87,5.4375,402.63,25.164375,7.0,6,16,2,2.874456470360962,1.0,12.205277777777775,0.0,100.0,0.0,5.0,359.0,0
4116,2023-06-03,Mexico,46.0,F,Enterprise,116.99,577,1,36-50,North America,299,5.245614035087719,1651.84,28.979649122807015,6.228070175438597,28,57,1,2.4588085221039333,0.0,0.0,0.0,0.0,0.0,0.0,0.0,0
4117,2024-06-09,Brazil,26.0,Other,Enterprise,110.48,205,1,26-35,South America,340,4.857142857142857,2238.61,31.98014285714286,7.1,36,70,0,2.155449543116065,0.0,0.0,0.0,0.0,0.0,0.0,0.0,0
4118,2023-12-10,Germany,43.5,M,Basic,12.25,387,0,36-50,Europe,113,4.346153846153846,641.78,24.683846153846154,6.923076923076923,14,26,3,2.69729208937123,0.0,0.0,0.0,0.0,0.0,0.0,0.0,0
4119,2023-03-05,USA,68.0,M,Basic,10.62,667,0,51+,North America,306,5.186440677966102,1916.77,32.48762711864407,6.915254237288136,35,59,0,2.65534319017846,0.0,0.0,0.0,0.0,0.0,0.0,0.0,1
4120,2023-07-11,UK,41.0,M,Premium,32.44,539,1,36-50,Europe,289,4.898305084745763,1515.88,25.692881355932204,7.440677966101695,27,59,1,2.287107156802636,0.0,0.0,0.0,0.0,0.0,0.0,0.0,0
4121,2022-02-07,USA,31.0,F,Basic,10.66,1058,0,26-35,North America,73,4.866666666666666,496.37,33.09133333333333,8.733333333333333,9,15,3,2.416215064536938,0.0,0.0,0.0,0.0,0.0,0.0,0.0,0
4122,2024-03-20,USA,22.0,F,Premium,31.08,286,1,18-25,North America,34,4.25,251.85000000000002,31.481250000000003,8.25,0,8,28,2.49284690951645,1.0,0.0,1.0,100.0,0.0,0.0,170.0,0
4123,2023-01-04,USA,43.5,M,Premium,38.81,727,1,36-50,North America,305,5.754716981132075,1531.53,28.896792452830187,7.735849056603773,26,53,4,2.360782630802422,0.0,0.0,0.0,0.0,0.0,0.0,0.0,0
4124,2023-12-20,UK,59.0,M,Premium,36.73,377,1,51+,Europe,470,5.465116279069767,2733.31,31.78267441860465,7.267441860465116,43,86,0,2.8437658314226875,4.0,17.80925925925926,1.0,75.0,1.0,4.0,83.0,0
4125,2024-04-11,Mexico,36.0,F,Basic,14.61,264,0,36-50,North America,94,4.476190476190476,623.85,29.70714285714286,7.095238095238095,12,21,6,2.7680145884559137,0.0,0.0,0.0,0.0,0.0,0.0,0.0,1
4126,2023-07-04,USA,29.0,F,Enterprise,164.39,546,1,26-35,North America,333,5.203125,1792.31,28.00484375,8.078125,30,64,0,2.673679395128838,3.0,24.022499999999997,0.0,100.0,0.0,5.0,190.0,0
4127,2023-09-01,UK,35.0,M,Premium,38.43,487,1,26-35,Europe,110,5.5,632.78,31.639,6.55,9,20,10,2.4602096615832094,0.0,0.0,0.0,0.0,0.0,0.0,0.0,0
4128,2023-10-16,USA,34.0,F,Premium,35.54,442,1,26-35,North America,92,4.6,530.13,26.5065,8.05,13,20,2,2.623777911012247,0.0,0.0,0.0,0.0,0.0,0.0,0.0,0
4129,2022-03-29,UK,47.0,M,Basic,12.3,1008,0,36-50,Europe,216,5.142857142857143,1187.35,28.270238095238092,6.976190476190476,21,42,2,2.6186146828319083,0.0,0.0,0.0,0.0,0.0,0.0,0.0,0
4130,2022-04-22,USA,41.0,F,Premium,35.27,984,1,36-50,North America,358,4.972222222222222,2448.56,34.007777777777775,7.638888888888889,40,72,0,2.517388666138113,4.0,12.309722222222222,0.0,50.0,0.0,0.0,13.0,0
4131,2024-02-27,Australia,28.0,F,Basic,11.59,308,0,26-35,Oceania,183,3.9782608695652173,1279.87,27.823260869565214,6.782608695652174,21,46,1,2.551593231556251,0.0,0.0,0.0,0.0,0.0,0.0,0.0,0
4132,2022-09-12,Spain,52.0,F,Basic,13.28,841,0,51+,Europe,118,4.538461538461538,645.15,24.81346153846154,7.076923076923077,9,26,1,2.2491023850553225,2.0,0.0,2.0,0.0,0.0,0.0,138.0,0
4133,2023-11-05,UK,40.0,M,Basic,14.48,422,0,36-50,Europe,140,5.833333333333333,705.29,29.387083333333333,7.333333333333333,16,24,6,2.4963741822833803,0.0,0.0,0.0,0.0,0.0,0.0,0.0,1
4134,2023-11-12,USA,34.0,M,Enterprise,178.23,415,1,26-35,North America,377,5.094594594594595,2073.77,28.02391891891892,7.945945945945946,36,74,0,2.483749479563238,0.0,0.0,0.0,0.0,0.0,0.0,0.0,1
4135,2022-12-30,USA,18.0,F,Premium,34.61,732,1,18-25,North America,183,5.228571428571429,920.29,26.294,7.6571428571428575,22,35,2,2.5562577689882144,0.0,0.0,0.0,0.0,0.0,0.0,0.0,1
4136,2022-06-20,Australia,32.0,M,Premium,39.53,925,1,26-35,Oceania,145,4.67741935483871,983.4,31.72258064516129,7.67741935483871,16,31,3,2.773530803557006,0.0,0.0,0.0,0.0,0.0,0.0,0.0,0
4137,2023-10-25,Italy,49.0,F,Basic,14.92,433,0,36-50,Europe,85,4.722222222222222,626.72,34.81777777777778,7.055555555555555,5,18,3,2.7398058229941076,0.0,0.0,0.0,0.0,0.0,0.0,0.0,0
4138,2023-09-20,USA,26.0,Other,Basic,12.46,468,0,26-35,North America,198,4.829268292682927,1377.77,33.60414634146341,6.170731707317073,17,41,2,2.4789356488661647,4.0,22.066296296296297,1.0,75.0,0.0,4.333333333333333,86.0,1
4139,2022-02-15,France,32.0,Other,Premium,38.64,1050,1,26-35,Europe,194,4.85,1164.23,29.10575,8.0,20,40,1,2.5374123705975618,1.0,23.374166666666667,0.0,0.0,0.0,5.0,253.0,0
4140,2023-07-31,Germany,45.0,F,Basic,10.01,519,0,36-50,Europe,142,4.4375,920.61,28.7690625,8.03125,14,32,2,2.8162832976998646,0.0,0.0,0.0,0.0,0.0,0.0,0.0,0
4141,2023-10-23,USA,41.0,F,Premium,30.66,435,1,36-50,North America,313,5.048387096774194,1862.99,30.04822580645161,7.080645161290323,30,62,0,2.5312953941193417,0.0,0.0,0.0,0.0,0.0,0.0,0.0,0
4142,2023-11-25,Brazil,52.0,Other,Basic,10.1,402,0,51+,South America,301,5.574074074074074,1571.3899999999999,29.099814814814813,7.351851851851852,21,54,0,2.6535974289941233,0.0,0.0,0.0,0.0,0.0,0.0,0.0,1
4143,2023-10-25,France,39.0,M,Premium,37.72,433,1,36-50,Europe,452,5.317647058823529,2481.53,29.194470588235298,8.470588235294118,40,85,0,2.5223371848247376,4.0,24.07611111111111,0.0,100.0,1.0,3.0,48.0,1
4144,2023-02-14,Italy,44.0,M,Premium,30.79,686,1,36-50,Europe,238,4.490566037735849,1689.4,31.87547169811321,7.716981132075472,25,53,0,2.493241954297765,1.0,15.3675,0.0,100.0,0.0,0.0,92.0,0
4145,2024-02-10,USA,36.0,M,Basic,10.08,325,0,36-50,North America,234,4.9787234042553195,1221.53,25.99,7.191489361702128,21,47,0,2.698545193425908,0.0,0.0,0.0,0.0,0.0,0.0,0.0,0
4146,2022-12-06,USA,62.0,M,Basic,10.73,756,0,51+,North America,84,6.0,426.77,30.483571428571427,8.214285714285714,4,14,2,2.449489742783178,0.0,0.0,0.0,0.0,0.0,0.0,0.0,0
4147,2024-03-26,Canada,29.0,F,Basic,11.52,280,0,26-35,North America,395,5.197368421052632,2303.0,30.30263157894737,7.447368421052632,51,76,0,2.7423578022915738,5.0,18.827555555555556,0.0,60.0,2.0,3.6666666666666665,145.0,0
4148,2023-03-17,Brazil,37.0,F,Enterprise,146.46,655,1,36-50,South America,265,5.096153846153846,1661.39,31.949807692307694,6.1923076923076925,35,52,1,2.4193631910850164,1.0,29.09861111111111,0.0,100.0,1.0,4.0,45.0,1
4149,2022-04-19,Italy,18.0,F,Premium,30.64,987,1,18-25,Europe,204,4.857142857142857,1554.56,37.013333333333335,6.428571428571429,23,42,1,2.4650872301532876,0.0,0.0,0.0,0.0,0.0,0.0,0.0,0
4150,2022-01-11,Mexico,38.0,F,Premium,34.98,1085,1,36-50,North America,134,4.620689655172414,733.91,25.307241379310344,7.482758620689655,15,29,0,3.004922070577922,0.0,0.0,0.0,0.0,0.0,0.0,0.0,1
4151,2022-04-11,USA,66.0,F,Basic,11.23,995,0,51+,North America,164,5.466666666666667,903.39,30.113,7.9,13,30,2,2.738402924098761,0.0,0.0,0.0,0.0,0.0,0.0,0.0,0
4152,2022-09-22,USA,62.0,F,Premium,32.73,831,1,51+,North America,416,4.674157303370786,2751.29,30.913370786516854,7.426966292134831,39,89,0,2.7168467722831506,0.0,0.0,0.0,0.0,0.0,0.0,0.0,0
4153,2022-08-16,UK,18.0,M,Premium,38.21,868,1,18-25,Europe,416,5.402597402597403,2053.5099999999998,26.668961038961037,7.597402597402597,35,77,0,2.472265848950695,0.0,0.0,0.0,0.0,0.0,0.0,0.0,0
4154,2023-06-07,France,27.0,F,Basic,14.92,573,0,26-35,Europe,394,4.5813953488372094,2213.87,25.74267441860465,7.976744186046512,41,86,0,2.403258162329142,4.0,16.67203703703704,1.0,25.0,0.0,4.5,89.0,1
4155,2024-02-04,France,64.0,M,Enterprise,146.38,331,1,51+,Europe,317,5.112903225806452,1818.76,29.33483870967742,7.693548387096774,33,62,1,2.817421438878415,0.0,0.0,0.0,0.0,0.0,0.0,0.0,0
4156,2023-06-16,Germany,49.0,F,Basic,11.6,564,0,36-50,Europe,227,4.829787234042553,1348.52,28.69191489361702,7.404255319148936,31,47,1,2.6236313113877787,0.0,0.0,0.0,0.0,0.0,0.0,0.0,0
4157,2023-07-26,Australia,56.0,M,Basic,14.65,524,0,51+,Oceania,72,4.8,521.41,34.760666666666665,6.933333333333334,7,15,2,2.756809750418044,0.0,0.0,0.0,0.0,0.0,0.0,0.0,1
4158,2023-08-18,USA,39.0,F,Basic,12.49,501,0,36-50,North America,309,5.327586206896552,1657.22,28.572758620689655,8.310344827586206,25,58,0,2.5435707118384197,0.0,0.0,0.0,0.0,0.0,0.0,0.0,0
4159,2023-12-06,UK,43.5,F,Basic,13.64,391,0,36-50,Europe,134,4.785714285714286,906.29,32.3675,7.535714285714286,11,28,1,2.0968608434575233,0.0,0.0,0.0,0.0,0.0,0.0,0.0,1
4160,2023-08-13,UK,65.0,F,Premium,34.13,506,1,51+,Europe,85,5.666666666666667,425.89,28.392666666666667,9.0,8,15,12,2.8949874578229835,0.0,0.0,0.0,0.0,0.0,0.0,0.0,0
4161,2022-08-15,Canada,63.0,F,Basic,11.0,869,0,51+,North America,22,4.4,122.47,24.494,6.6,2,5,22,1.6733200530681511,0.0,0.0,0.0,0.0,0.0,0.0,0.0,1
4162,2023-04-02,UK,49.0,F,Premium,36.54,639,1,36-50,Europe,254,4.703703703703703,1590.5,29.453703703703702,7.074074074074074,30,54,0,2.744666386089468,2.0,16.3925,0.0,50.0,0.0,3.0,52.0,1
4163,2023-01-19,USA,44.0,M,Basic,13.31,712,0,36-50,North America,250,5.813953488372093,1623.22,37.7493023255814,6.325581395348837,16,43,4,2.648052419577977,3.0,3.0088888888888885,1.0,66.66666666666666,0.0,4.0,171.0,0
4164,2023-02-05,Brazil,45.0,M,Basic,12.29,695,0,36-50,South America,253,4.773584905660377,1594.6000000000001,30.086792452830192,7.30188679245283,20,53,1,2.5240497788121425,5.0,22.475277777777777,2.0,80.0,1.0,4.666666666666667,50.0,0
4165,2023-04-20,UK,35.0,F,Premium,32.69,621,1,26-35,Europe,171,4.885714285714286,985.28,28.15085714285714,8.742857142857142,20,35,2,2.69827208948756,2.0,0.0,2.0,50.0,0.0,0.0,110.0,1
4166,2024-03-01,USA,56.0,M,Premium,38.31,305,1,51+,North America,335,5.491803278688525,1734.25,28.43032786885246,7.344262295081967,19,61,1,2.7118440885596167,2.0,7.8365277777777775,0.0,50.0,0.0,5.0,267.0,0
4167,2023-11-27,Mexico,66.0,M,Basic,11.37,400,0,51+,North America,126,5.04,769.25,30.77,6.92,9,25,1,2.226357263932872,0.0,0.0,0.0,0.0,0.0,0.0,0.0,1
4168,2023-08-26,Spain,46.0,F,Enterprise,165.89,493,1,36-50,Europe,167,4.911764705882353,849.18,24.975882352941174,7.264705882352941,18,34,3,2.6896845264918916,0.0,0.0,0.0,0.0,0.0,0.0,0.0,1
4169,2023-12-09,USA,35.0,M,Premium,33.83,388,1,26-35,North America,202,4.6976744186046515,1221.71,28.41186046511628,8.55813953488372,22,43,0,2.4740066185472753,0.0,0.0,0.0,0.0,0.0,0.0,0.0,1
4170,2023-05-28,USA,61.0,M,Basic,12.35,583,0,51+,North America,281,5.017857142857143,1875.07,33.48339285714285,6.607142857142857,22,56,3,2.5760510400686862,3.0,13.552592592592594,0.0,33.33333333333333,1.0,5.0,36.0,1
4171,2022-06-04,France,25.0,M,Basic,11.05,941,0,18-25,Europe,411,5.337662337662338,2218.66,28.81376623376623,8.467532467532468,47,77,0,2.4257955266500746,5.0,18.263444444444445,0.0,20.0,2.0,4.666666666666667,75.0,0
4172,2022-12-20,Mexico,48.0,M,Basic,13.24,742,0,36-50,North America,150,5.555555555555555,689.02,25.519259259259258,6.703703703703703,6,27,0,2.577018750615843,0.0,0.0,0.0,0.0,0.0,0.0,0.0,0
4173,2022-01-26,Australia,51.0,F,Premium,32.25,1070,1,51+,Oceania,27,5.4,188.89,37.778,6.0,1,5,34,1.5165750888103104,0.0,0.0,0.0,0.0,0.0,0.0,0.0,0
4174,2023-05-10,USA,24.0,F,Basic,12.42,601,0,18-25,North America,297,4.95,1762.72,29.378666666666668,7.216666666666667,25,60,0,2.5935055786407477,3.0,18.763611111111114,0.0,33.33333333333333,1.0,3.0,56.0,0
4175,2022-04-18,Canada,53.0,Other,Basic,11.63,988,0,51+,North America,185,4.512195121951219,1153.07,28.123658536585364,8.268292682926829,27,41,3,2.388743929552854,3.0,2.8625,2.0,33.33333333333333,0.0,4.0,57.0,0
4176,2022-10-30,USA,35.0,M,Basic,14.81,793,0,26-35,North America,156,5.2,876.43,29.214333333333332,7.433333333333334,11,30,3,2.537987255749096,0.0,0.0,0.0,0.0,0.0,0.0,0.0,0
4177,2023-03-02,Germany,55.0,F,Basic,14.9,670,0,51+,Europe,159,5.678571428571429,749.94,26.78357142857143,6.928571428571429,15,28,0,2.6394945002653856,0.0,0.0,0.0,0.0,0.0,0.0,0.0,0
4178,2022-03-29,Brazil,26.0,M,Premium,37.52,1008,1,26-35,South America,77,5.133333333333334,509.94,33.996,7.0,5,15,4,2.445598573141631,0.0,0.0,0.0,0.0,0.0,0.0,0.0,1
4179,2022-04-29,Italy,26.0,F,Premium,39.83,977,1,26-35,Europe,451,5.305882352941176,2534.8,29.821176470588238,7.4941176470588236,40,85,1,2.600473992562587,0.0,0.0,0.0,0.0,0.0,0.0,0.0,0
4180,2024-05-01,UK,63.0,F,Basic,10.56,244,0,51+,Europe,448,5.090909090909091,2701.42,30.697954545454547,7.295454545454546,39,88,0,2.6069595786114728,2.0,8.08638888888889,0.0,0.0,0.0,0.0,131.0,0
4181,2024-01-18,UK,25.0,F,Basic,14.95,348,0,18-25,Europe,353,4.5256410256410255,2146.84,27.523589743589746,7.435897435897436,33,78,0,2.3889592309468592,0.0,0.0,0.0,0.0,0.0,0.0,0.0,1
4182,2022-05-26,Mexico,68.0,F,Basic,10.51,950,0,51+,North America,328,5.2063492063492065,2127.89,33.77603174603174,7.349206349206349,30,63,1,2.706972658314499,0.0,0.0,0.0,0.0,0.0,0.0,0.0,1
4183,2022-12-23,USA,52.0,M,Premium,34.14,739,1,51+,North America,231,4.714285714285714,1568.22,32.00448979591837,6.326530612244898,38,49,1,2.7838821814150116,1.0,11.5375,0.0,0.0,1.0,0.0,150.0,0
4184,2022-11-16,France,35.0,M,Premium,32.38,776,1,26-35,Europe,196,4.558139534883721,1132.67,26.341162790697677,6.116279069767442,21,43,0,2.3934665593115434,0.0,0.0,0.0,0.0,0.0,0.0,0.0,0
4185,2022-12-18,Germany,22.0,F,Basic,14.76,744,0,18-25,Europe,155,4.84375,976.48,30.515,9.375,10,32,4,2.5916662344846304,0.0,0.0,0.0,0.0,0.0,0.0,0.0,0
4186,2023-04-12,Spain,31.0,M,Basic,13.17,629,0,26-35,Europe,409,4.869047619047619,2473.53,29.446785714285717,7.321428571428571,46,84,1,2.7802217208313107,1.0,7.009166666666666,0.0,100.0,0.0,2.0,132.0,0
4187,2024-03-14,France,45.0,M,Basic,12.98,292,0,36-50,Europe,67,6.7,360.65,36.065,7.5,5,10,8,2.2135943621178655,0.0,0.0,0.0,0.0,0.0,0.0,0.0,0
4188,2022-07-31,UK,47.0,M,Enterprise,199.73,884,1,36-50,Europe,125,4.62962962962963,738.44,27.349629629629632,7.666666666666667,18,27,1,2.5441962331814088,0.0,0.0,0.0,0.0,0.0,0.0,0.0,0
4189,2023-06-18,Australia,21.0,M,Basic,13.05,562,0,18-25,Oceania,125,5.434782608695652,499.16,21.702608695652174,7.565217391304348,12,23,12,2.7440197282043552,0.0,0.0,0.0,0.0,0.0,0.0,0.0,0
4190,2023-05-10,UK,56.0,F,Basic,13.22,601,0,51+,Europe,97,4.85,437.74,21.887,9.15,12,20,0,2.4553914898486258,1.0,10.09388888888889,0.0,0.0,0.0,0.0,354.0,0
4191,2022-12-23,UK,37.0,F,Basic,10.21,739,0,36-50,Europe,140,3.6842105263157894,1386.53,36.487631578947365,6.605263157894737,22,38,6,2.558560228129735,5.0,14.451444444444444,0.0,40.0,0.0,3.25,13.0,0
4192,2023-05-03,Canada,42.0,M,Basic,14.29,608,0,36-50,North America,204,4.857142857142857,966.36,23.00857142857143,7.785714285714286,12,42,6,2.353735262600947,0.0,0.0,0.0,0.0,0.0,0.0,0.0,0
4193,2022-04-10,USA,45.0,M,Premium,39.69,996,1,36-50,North America,19,3.8,162.75,32.55,6.4,4,5,47,3.5637059362410923,0.0,0.0,0.0,0.0,0.0,0.0,0.0,0
4194,2023-03-25,UK,29.0,F,Basic,14.79,647,0,26-35,Europe,416,4.9523809523809526,2212.24,26.336190476190474,8.214285714285714,40,84,0,2.384208903198428,0.0,0.0,0.0,0.0,0.0,0.0,0.0,0
4195,2024-01-10,USA,19.0,F,Basic,11.1,356,0,18-25,North America,203,4.511111111111111,1548.31,34.406888888888886,7.666666666666667,24,45,2,2.735475878677837,0.0,0.0,0.0,0.0,0.0,0.0,0.0,0
4196,2023-12-15,Brazil,60.0,Other,Premium,32.25,382,1,51+,South America,42,4.666666666666667,407.94,45.32666666666667,5.777777777777778,4,9,0,2.345207879911715,0.0,0.0,0.0,0.0,0.0,0.0,0.0,0
4197,2023-04-09,Germany,31.0,F,Basic,11.82,632,0,26-35,Europe,163,5.09375,714.67,22.3334375,8.15625,14,32,9,2.582314228399315,1.0,36.102222222222224,0.0,100.0,0.0,4.0,297.0,1
4198,2022-11-23,France,39.0,F,Basic,11.54,769,0,36-50,Europe,159,4.676470588235294,844.57,24.840294117647062,9.029411764705882,20,34,0,2.519266225965519,0.0,0.0,0.0,0.0,0.0,0.0,0.0,1
4199,2022-03-10,UK,48.0,F,Basic,11.52,1027,0,36-50,Europe,203,5.075,1282.21,32.05525,7.95,18,40,1,2.7398998671577908,0.0,0.0,0.0,0.0,0.0,0.0,0.0,1
4200,2022-11-04,UK,40.0,F,Premium,36.04,788,1,36-50,Europe,233,4.568627450980392,1342.23,26.31823529411765,7.9411764705882355,34,51,1,2.6249182993821676,1.0,13.9125,0.0,100.0,0.0,0.0,60.0,0
4201,2022-02-15,Italy,65.0,M,Basic,14.02,1050,0,51+,Europe,75,3.9473684210526314,550.49,28.973157894736843,6.7894736842105265,9,19,5,2.0675719579181737,4.0,13.723333333333333,0.0,50.0,0.0,3.6666666666666665,30.0,0
4202,2024-04-09,Mexico,37.0,F,Enterprise,193.67,266,1,36-50,North America,268,5.153846153846154,1466.93,28.21019230769231,7.173076923076923,25,52,0,2.5157123139292983,2.0,13.678194444444443,0.0,100.0,0.0,4.0,110.0,0
4203,2023-12-29,Australia,55.0,M,Basic,10.33,368,0,51+,Oceania,391,4.654761904761905,2383.36,28.373333333333335,6.654761904761905,48,84,0,2.60441722833615,1.0,30.18777777777778,0.0,0.0,0.0,0.0,255.0,0
4204,2022-04-28,Australia,21.0,F,Basic,11.38,978,0,18-25,Oceania,211,4.906976744186046,1338.64,31.131162790697676,7.069767441860465,24,43,4,2.50536522846824,3.0,18.773055555555555,0.0,66.66666666666666,0.0,4.0,129.0,0
4205,2022-01-24,USA,32.0,F,Premium,32.54,1072,1,26-35,North America,29,4.142857142857143,173.61,24.801428571428573,6.571428571428571,2,7,27,2.853569193634026,0.0,0.0,0.0,0.0,0.0,0.0,0.0,1
4206,2024-05-19,USA,41.0,F,Premium,33.56,226,1,36-50,North America,353,5.1911764705882355,1972.55,29.008088235294117,6.794117647058823,29,68,0,2.5757616056208197,3.0,8.455462962962963,0.0,33.33333333333333,1.0,4.5,27.0,0
4207,2022-12-18,USA,42.0,M,Basic,12.11,744,0,36-50,North America,264,4.888888888888889,1473.93,27.295,8.407407407407407,32,54,0,2.5078493128775956,3.0,18.15111111111111,0.0,100.0,0.0,3.5,72.0,0
4208,2023-10-26,Australia,18.0,F,Enterprise,138.91,432,1,18-25,Oceania,239,4.596153846153846,1392.08,26.77076923076923,7.403846153846154,28,52,3,2.6365427108361716,0.0,0.0,0.0,0.0,0.0,0.0,0.0,1
4209,2022-04-22,Australia,24.0,M,Basic,14.75,984,0,18-25,Oceania,358,5.042253521126761,1886.09,26.564647887323943,7.23943661971831,43,71,0,2.6264403923959234,0.0,0.0,0.0,0.0,0.0,0.0,0.0,0
4210,2023-11-25,France,48.0,M,Premium,34.36,402,1,36-50,Europe,75,4.6875,464.73,29.045625,6.75,13,16,2,2.75,0.0,0.0,0.0,0.0,0.0,0.0,0.0,0
4211,2024-03-30,Germany,29.0,M,Basic,12.75,276,0,26-35,Europe,185,4.625,1259.19,31.479750000000003,7.7,10,40,0,2.7427059443979585,0.0,0.0,0.0,0.0,0.0,0.0,0.0,0
4212,2022-06-18,Spain,59.0,M,Basic,13.73,927,0,51+,Europe,292,5.509433962264151,1663.85,31.393396226415092,7.9245283018867925,25,53,0,2.342111485796803,0.0,0.0,0.0,0.0,0.0,0.0,0.0,1
4213,2024-01-29,Canada,22.0,M,Basic,13.62,337,0,18-25,North America,39,5.571428571428571,154.7,22.099999999999998,6.714285714285714,3,7,19,2.9920529661723827,0.0,0.0,0.0,0.0,0.0,0.0,0.0,0
4214,2022-09-07,Italy,61.0,F,Basic,12.9,846,0,51+,Europe,219,5.093023255813954,1337.74,31.110232558139536,8.186046511627907,22,43,0,2.297140598225916,0.0,0.0,0.0,0.0,0.0,0.0,0.0,0
4215,2023-06-13,Canada,67.0,F,Basic,14.29,567,0,51+,North America,168,4.8,900.55,25.73,6.314285714285714,18,35,0,2.4710083676388424,2.0,5.473888888888889,1.0,100.0,0.0,1.0,25.0,1
4216,2022-06-28,France,59.0,M,Basic,13.11,917,0,51+,Europe,79,4.157894736842105,748.67,39.403684210526315,6.157894736842105,11,19,0,2.267234191077971,0.0,0.0,0.0,0.0,0.0,0.0,0.0,0
4217,2023-07-20,UK,55.0,M,Enterprise,187.47,530,1,51+,Europe,256,5.565217391304348,1396.44,30.35739130434783,8.08695652173913,25,46,1,2.334782158889475,0.0,0.0,0.0,0.0,0.0,0.0,0.0,1
4218,2022-06-13,UK,29.0,Other,Basic,11.5,932,0,26-35,Europe,86,4.3,588.81,29.440499999999997,7.05,7,20,2,2.4516374764204993,3.0,13.25611111111111,0.0,100.0,1.0,3.5,166.0,0
4219,2022-12-05,Australia,56.0,F,Basic,10.65,757,0,51+,Oceania,187,5.054054054054054,1010.78,27.318378378378377,6.621621621621622,17,37,1,2.2104040096520556,0.0,0.0,0.0,0.0,0.0,0.0,0.0,1
4220,2023-07-28,USA,35.0,M,Premium,38.19,522,1,26-35,North America,302,5.033333333333333,1601.01,26.6835,6.85,29,60,1,2.779871150938333,0.0,0.0,0.0,0.0,0.0,0.0,0.0,0
4221,2023-03-13,Spain,19.0,F,Basic,11.9,659,0,18-25,Europe,309,4.352112676056338,1973.47,27.795352112676056,7.352112676056338,31,71,0,2.473277706949659,4.0,11.576736111111112,0.0,75.0,1.0,4.75,136.0,0
4222,2023-04-19,Germany,27.0,F,Basic,13.25,622,0,26-35,Europe,198,4.604651162790698,1194.0,27.767441860465116,6.465116279069767,25,43,2,2.172770174813282,5.0,14.088833333333332,0.0,80.0,2.0,3.5,83.0,0
4223,2022-08-26,USA,32.0,M,Basic,13.68,858,0,26-35,North America,137,5.48,726.61,29.0644,7.4,12,25,0,2.5019992006393603,0.0,0.0,0.0,0.0,0.0,0.0,0.0,0
4224,2024-03-27,Spain,47.0,M,Basic,11.62,279,0,36-50,Europe,183,5.228571428571429,894.34,25.55257142857143,7.771428571428571,21,35,1,2.5215041529367572,1.0,12.621666666666666,0.0,0.0,0.0,5.0,181.0,0
4225,2023-02-19,Australia,61.0,F,Enterprise,150.51,681,1,51+,Oceania,216,4.909090909090909,1081.49,24.57931818181818,7.068181818181818,25,44,0,2.4572454025366546,0.0,0.0,0.0,0.0,0.0,0.0,0.0,0
4226,2023-10-07,UK,34.0,M,Basic,14.46,451,0,26-35,Europe,52,4.0,457.55,35.19615384615385,8.307692307692308,6,13,28,2.3452078799117144,0.0,0.0,0.0,0.0,0.0,0.0,0.0,1
4227,2022-07-08,Germany,21.0,F,Basic,14.39,907,0,18-25,Europe,383,5.0394736842105265,2134.41,28.084342105263158,7.526315789473684,40,76,1,2.5003508525734772,4.0,23.185902777777777,0.0,75.0,0.0,4.0,75.0,0
4228,2022-07-10,UK,24.0,M,Basic,13.74,905,0,18-25,Europe,344,4.9855072463768115,2073.77,30.05463768115942,7.0144927536231885,29,69,0,2.719714267124335,0.0,0.0,0.0,0.0,0.0,0.0,0.0,0
4229,2023-10-18,UK,58.0,F,Basic,13.8,440,0,51+,Europe,194,5.388888888888889,1138.8799999999999,31.635555555555552,6.805555555555555,15,36,5,2.566573900611784,0.0,0.0,0.0,0.0,0.0,0.0,0.0,0
4230,2023-11-05,Spain,48.0,F,Basic,14.48,422,0,36-50,Europe,124,4.592592592592593,704.71,26.10037037037037,7.703703703703703,11,27,0,2.515479144742673,0.0,0.0,0.0,0.0,0.0,0.0,0.0,0
4231,2023-03-19,USA,68.0,M,Premium,37.35,653,1,51+,North America,162,4.764705882352941,1019.21,29.976764705882353,8.205882352941176,18,34,5,2.606039878871269,0.0,0.0,0.0,0.0,0.0,0.0,0.0,0
4232,2023-02-10,USA,56.0,F,Premium,33.39,690,1,51+,North America,252,4.666666666666667,1603.79,29.699814814814815,7.462962962962963,32,54,0,2.434035394542732,3.0,16.530277777777776,1.0,33.33333333333333,0.0,3.0,5.0,0
4233,2022-01-30,UK,51.0,Other,Premium,31.2,1066,1,51+,Europe,357,5.25,1966.87,28.92455882352941,7.367647058823529,22,68,2,2.559005170507978,0.0,0.0,0.0,0.0,0.0,0.0,0.0,0
4234,2024-01-26,USA,23.0,F,Basic,12.1,340,0,18-25,North America,348,5.3538461538461535,1608.27,24.742615384615384,7.138461538461539,39,65,0,2.407220708298585,0.0,0.0,0.0,0.0,0.0,0.0,0.0,0
4235,2023-09-21,Brazil,67.0,F,Basic,10.43,467,0,51+,South America,288,5.236363636363636,1775.67,32.28490909090909,6.818181818181818,29,55,0,2.8929264714167156,2.0,16.759583333333335,0.0,50.0,0.0,4.5,246.0,0
4236,2024-06-23,Italy,55.0,M,Enterprise,111.57,191,1,51+,Europe,67,4.466666666666667,315.6,21.040000000000003,9.2,3,15,0,2.8751811537130436,4.0,23.131944444444446,1.0,50.0,1.0,3.5,39.0,0
4237,2022-07-22,Australia,62.0,F,Basic,14.74,893,0,51+,Oceania,233,4.957446808510638,1397.3799999999999,29.731489361702124,7.872340425531915,27,47,0,2.7501576777603027,0.0,0.0,0.0,0.0,0.0,0.0,0.0,0
4238,2023-04-06,USA,68.0,M,Enterprise,167.58,635,1,51+,North America,199,5.2368421052631575,949.82,24.995263157894737,6.105263157894737,18,38,0,2.5194831143678336,0.0,0.0,0.0,0.0,0.0,0.0,0.0,0
4239,2023-08-30,Australia,51.0,M,Premium,38.51,489,1,51+,Oceania,108,4.32,718.4,28.736,8.16,12,25,1,2.286190426597633,3.0,15.16388888888889,2.0,33.33333333333333,0.0,0.0,83.0,1
4240,2023-03-16,USA,61.0,M,Enterprise,164.28,656,1,51+,North America,392,4.839506172839506,2457.77,30.34283950617284,8.11111111111111,35,81,0,2.839263945653243,1.0,34.36138888888889,0.0,0.0,0.0,0.0,133.0,0
4241,2023-02-03,Canada,32.0,M,Basic,12.08,697,0,26-35,North America,63,4.846153846153846,311.84999999999997,23.988461538461536,5.769230769230769,7,13,3,2.9395621512438956,3.0,19.877407407407407,0.0,0.0,0.0,4.0,36.0,0
4242,2022-01-05,Canada,31.0,M,Basic,10.12,1091,0,26-35,North America,357,5.1,2078.94,29.699142857142856,7.5285714285714285,35,70,1,2.6051787888241242,0.0,0.0,0.0,0.0,0.0,0.0,0.0,0
4243,2023-12-23,Mexico,23.0,F,Premium,39.55,374,1,18-25,North America,75,5.0,475.19,31.679333333333332,7.4,10,15,0,2.9760952365713798,5.0,11.669236111111111,1.0,40.0,2.0,4.0,62.0,1
4244,2022-08-08,Canada,43.5,F,Premium,30.7,876,1,36-50,North America,288,5.052631578947368,1692.82,29.69859649122807,8.070175438596491,24,57,1,2.3936004905310906,0.0,0.0,0.0,0.0,0.0,0.0,0.0,0
4245,2022-07-30,USA,54.0,M,Basic,13.04,885,0,51+,North America,385,4.695121951219512,2708.22,33.027073170731704,7.7073170731707314,41,82,0,2.5027837557715946,0.0,0.0,0.0,0.0,0.0,0.0,0.0,1
4246,2022-10-13,USA,67.0,M,Premium,31.01,810,1,51+,North America,361,4.878378378378378,2218.08,29.974054054054054,6.797297297297297,36,74,1,2.4714961510655,0.0,0.0,0.0,0.0,0.0,0.0,0.0,0
4247,2024-02-10,UK,49.0,F,Basic,11.41,325,0,36-50,Europe,150,6.25,813.92,33.913333333333334,6.375,10,24,8,2.171955640511064,0.0,0.0,0.0,0.0,0.0,0.0,0.0,1
4248,2023-12-22,UK,20.0,M,Basic,10.92,375,0,18-25,Europe,140,4.666666666666667,873.25,29.108333333333334,6.966666666666667,10,30,0,2.564120247507547,5.0,3.8116666666666665,3.0,40.0,2.0,4.5,14.0,1
4249,2024-04-08,Spain,20.0,M,Premium,35.53,267,1,18-25,Europe,99,5.2105263157894735,558.44,29.391578947368423,8.210526315789474,9,19,2,2.439921386903481,0.0,0.0,0.0,0.0,0.0,0.0,0.0,0
4250,2024-03-26,USA,39.0,F,Basic,14.43,280,0,36-50,North America,136,4.857142857142857,961.96,34.355714285714285,7.892857142857143,10,28,4,2.5050214121105387,0.0,0.0,0.0,0.0,0.0,0.0,0.0,0
4251,2022-03-06,UK,39.0,M,Basic,13.17,1031,0,36-50,Europe,452,5.136363636363637,2462.49,27.982840909090907,8.170454545454545,34,88,0,2.569412554990526,4.0,13.897361111111111,0.0,50.0,2.0,4.0,14.0,0
4252,2023-08-15,Spain,27.0,M,Basic,13.31,504,0,26-35,Europe,396,4.829268292682927,2543.5,31.01829268292683,7.463414634146342,45,82,0,2.5376419405598583,4.0,18.662430555555556,0.0,75.0,0.0,4.0,211.0,1
4253,2022-04-15,Australia,68.0,F,Basic,14.53,991,0,51+,Oceania,389,5.0519480519480515,2334.62,30.319740259740257,7.623376623376624,39,77,0,2.6000814961726824,0.0,0.0,0.0,0.0,0.0,0.0,0.0,0
4254,2024-03-29,UK,20.0,F,Basic,13.74,277,0,18-25,Europe,285,4.913793103448276,1500.36,25.868275862068963,7.724137931034483,37,58,1,2.6903628057602695,0.0,0.0,0.0,0.0,0.0,0.0,0.0,1
4255,2024-06-11,USA,29.0,M,Basic,14.32,203,0,26-35,North America,169,4.828571428571428,1074.4,30.69714285714286,7.4,17,35,0,2.5493449479945918,0.0,0.0,0.0,0.0,0.0,0.0,0.0,1
4256,2023-07-04,UK,46.0,F,Basic,12.07,546,0,36-50,Europe,265,4.491525423728813,1595.33,27.039491525423728,7.9491525423728815,19,59,0,2.7125054034964915,0.0,0.0,0.0,0.0,0.0,0.0,0.0,0
4257,2022-07-11,USA,65.0,F,Premium,38.64,904,1,51+,North America,185,5.285714285714286,1159.32,33.12342857142857,6.9714285714285715,18,35,3,2.760769591888428,0.0,0.0,0.0,0.0,0.0,0.0,0.0,0
4258,2023-01-10,Brazil,34.0,M,Enterprise,164.58,721,1,26-35,South America,149,5.321428571428571,913.14,32.61214285714286,7.678571428571429,18,28,2,2.776269431750449,3.0,16.602916666666665,1.0,66.66666666666666,1.0,0.0,257.0,0
4259,2022-11-30,USA,24.0,M,Basic,10.67,762,0,18-25,North America,53,5.888888888888889,394.77,43.86333333333333,8.333333333333334,3,9,11,2.848001248439177,0.0,0.0,0.0,0.0,0.0,0.0,0.0,1
4260,2022-07-21,UK,30.0,M,Basic,10.18,894,0,26-35,Europe,116,6.105263157894737,419.21,22.063684210526315,8.736842105263158,7,19,1,2.401266722241623,1.0,82.00527777777778,0.0,100.0,0.0,4.0,42.0,1
4261,2023-04-14,Mexico,19.0,M,Basic,11.21,627,0,18-25,North America,207,5.3076923076923075,1026.1,26.310256410256407,7.410256410256411,25,39,0,2.6472810893427807,0.0,0.0,0.0,0.0,0.0,0.0,0.0,0
4262,2022-04-27,Spain,21.0,M,Premium,33.77,979,1,18-25,Europe,198,4.4,1138.8700000000001,25.308222222222224,7.733333333333333,16,45,2,2.2703624059928087,0.0,0.0,0.0,0.0,0.0,0.0,0.0,0
4263,2022-09-26,Spain,27.0,M,Premium,38.37,827,1,26-35,Europe,174,5.117647058823529,900.47,26.484411764705882,7.264705882352941,17,34,3,2.4091329495541443,0.0,0.0,0.0,0.0,0.0,0.0,0.0,0
4264,2023-11-18,Canada,56.0,M,Enterprise,174.11,409,1,51+,North America,237,4.9375,1332.17,27.753541666666667,7.541666666666667,31,48,0,2.588076176984043,4.0,17.08648148148148,1.0,50.0,1.0,3.0,67.0,0
4265,2024-06-02,USA,41.0,F,Basic,14.77,212,0,36-50,North America,148,5.103448275862069,776.36,26.771034482758623,7.655172413793103,13,29,1,2.5120399733257046,2.0,16.549166666666668,1.0,50.0,2.0,1.0,63.0,0
4266,2023-05-17,Canada,34.0,F,Premium,35.58,594,1,26-35,North America,173,5.40625,952.35,29.7609375,6.59375,14,32,1,2.613357437621994,3.0,19.57259259259259,0.0,33.33333333333333,1.0,5.0,131.0,0
4267,2023-06-25,Brazil,69.0,F,Basic,13.73,555,0,51+,South America,99,4.304347826086956,769.5,33.45652173913044,6.869565217391305,8,23,0,2.670287397005928,2.0,0.0,2.0,50.0,0.0,0.0,180.0,0
4268,2023-10-17,UK,23.0,F,Enterprise,127.52,441,1,18-25,Europe,393,4.7926829268292686,2223.66,27.11780487804878,7.878048780487805,52,82,1,2.609279759088011,1.0,6.522222222222222,0.0,0.0,0.0,0.0,221.0,0
4269,2022-11-17,Italy,36.0,F,Basic,13.39,775,0,36-50,Europe,91,5.352941176470588,835.58,49.15176470588236,7.588235294117647,5,17,0,2.4479883698301204,0.0,0.0,0.0,0.0,0.0,0.0,0.0,0
4270,2023-09-04,Canada,22.0,F,Basic,13.52,484,0,18-25,North America,184,5.257142857142857,1099.75,31.42142857142857,7.257142857142857,13,35,0,2.3682067817959944,0.0,0.0,0.0,0.0,0.0,0.0,0.0,1
4271,2023-02-02,Mexico,49.0,M,Premium,38.47,698,1,36-50,North America,364,4.986301369863014,2030.87,27.820136986301367,7.47945205479452,42,73,0,2.695124974864243,0.0,0.0,0.0,0.0,0.0,0.0,0.0,1
4272,2023-09-18,UK,27.0,M,Premium,35.35,470,1,26-35,Europe,167,5.0606060606060606,874.9,26.51212121212121,6.96969696969697,14,33,2,2.357692117561604,1.0,8.255555555555556,0.0,0.0,0.0,5.0,310.0,0
4273,2023-02-06,Canada,26.0,F,Basic,13.24,694,0,26-35,North America,30,5.0,190.23,31.705,8.0,4,6,0,3.794733192202055,0.0,0.0,0.0,0.0,0.0,0.0,0.0,0
4274,2023-08-25,Canada,44.0,Unknown,Basic,11.01,494,0,36-50,North America,67,4.466666666666667,586.3,39.086666666666666,9.0,14,15,13,2.474633209954462,1.0,0.0,1.0,0.0,0.0,0.0,257.0,0
4275,2022-04-27,Italy,30.0,M,Basic,13.67,979,0,26-35,Europe,213,5.195121951219512,1657.17,40.41878048780488,8.365853658536585,20,41,0,2.9429535520894814,1.0,8.894166666666667,0.0,100.0,0.0,4.0,237.0,0
4276,2022-12-23,USA,36.0,F,Basic,14.18,739,0,36-50,North America,245,5.0,1188.5,24.255102040816325,8.040816326530612,13,49,2,2.798809270624444,0.0,0.0,0.0,0.0,0.0,0.0,0.0,0
4277,2022-12-27,USA,38.0,F,Basic,12.96,735,0,36-50,North America,246,4.92,1383.14,27.6628,7.72,23,50,1,2.497672385830211,0.0,0.0,0.0,0.0,0.0,0.0,0.0,0
4278,2024-05-15,UK,41.0,F,Enterprise,111.56,230,1,36-50,Europe,324,4.438356164383562,2277.81,31.202876712328766,7.506849315068493,35,73,0,2.571134106499952,0.0,0.0,0.0,0.0,0.0,0.0,0.0,0
4279,2023-04-14,Canada,55.0,M,Basic,11.55,627,0,51+,North America,218,5.317073170731708,1237.91,30.192926829268295,8.097560975609756,19,41,0,2.4843412043260473,0.0,0.0,0.0,0.0,0.0,0.0,0.0,0
4280,2023-09-25,Brazil,43.5,M,Premium,34.75,463,1,36-50,South America,170,5.3125,892.85,27.9015625,6.75,15,32,0,2.5328487085977245,0.0,0.0,0.0,0.0,0.0,0.0,0.0,1
4281,2022-06-26,UK,41.0,F,Premium,36.76,919,1,36-50,Europe,294,5.157894736842105,1481.62,25.993333333333332,8.140350877192983,39,57,0,2.8833851241962276,4.0,11.385416666666666,2.0,50.0,0.0,3.5,200.0,0
4282,2024-04-13,Mexico,43.5,M,Premium,33.19,262,1,36-50,North America,142,4.580645161290323,799.39,25.786774193548386,8.32258064516129,11,31,0,2.446414976360131,3.0,19.35888888888889,1.0,66.66666666666666,1.0,4.0,23.0,0
4283,2023-11-21,Italy,20.0,M,Enterprise,184.02,406,1,18-25,Europe,229,4.770833333333333,1571.14,32.732083333333335,7.6875,23,48,2,2.4602333683921844,0.0,0.0,0.0,0.0,0.0,0.0,0.0,0
4284,2023-12-24,UK,21.0,F,Premium,33.71,373,1,18-25,Europe,386,5.436619718309859,1899.07,26.747464788732394,7.591549295774648,40,71,0,2.6604639464692577,0.0,0.0,0.0,0.0,0.0,0.0,0.0,0
4285,2024-03-30,Italy,54.0,F,Basic,10.2,276,0,51+,Europe,214,4.976744186046512,1285.8899999999999,29.90441860465116,8.046511627906977,15,43,1,2.7123032919064975,1.0,9.075,0.0,0.0,0.0,5.0,140.0,1
4286,2022-11-01,Brazil,57.0,F,Basic,13.96,791,0,51+,South America,28,4.0,179.54,25.648571428571426,4.857142857142857,4,7,6,2.581988897471611,0.0,0.0,0.0,0.0,0.0,0.0,0.0,0
4287,2023-09-22,UK,43.5,F,Basic,13.21,466,0,36-50,Europe,183,4.575,1185.89,29.647250000000003,8.25,20,40,0,2.6398086566245182,3.0,6.779722222222222,2.0,66.66666666666666,1.0,3.0,67.0,1
4288,2023-08-28,Italy,52.0,M,Basic,14.0,491,0,51+,Europe,144,5.333333333333333,783.35,29.012962962962963,7.0,9,27,4,2.4961508830135313,0.0,0.0,0.0,0.0,0.0,0.0,0.0,0
4289,2022-03-28,Australia,48.0,M,Basic,11.73,1009,0,36-50,Oceania,427,4.797752808988764,2400.64,26.973483146067416,7.50561797752809,53,89,0,2.722714952199279,0.0,0.0,0.0,0.0,0.0,0.0,0.0,1
4290,2023-11-20,UK,61.0,M,Premium,30.17,407,1,51+,Europe,264,5.076923076923077,1372.36,26.39153846153846,7.538461538461538,23,52,0,2.806478177123902,2.0,7.455972222222222,0.0,0.0,0.0,4.0,62.0,1
4291,2022-05-18,USA,42.0,F,Basic,10.36,958,0,36-50,North America,217,4.931818181818182,1315.5,29.897727272727273,7.045454545454546,24,44,8,2.5002114075518556,0.0,0.0,0.0,0.0,0.0,0.0,0.0,1
4292,2022-11-17,Germany,57.0,F,Basic,10.55,775,0,51+,Europe,34,4.857142857142857,179.19,25.59857142857143,8.142857142857142,1,7,4,2.4784787961282104,3.0,19.583796296296295,0.0,33.33333333333333,0.0,4.0,56.0,0
4293,2022-05-01,UK,30.0,M,Enterprise,180.5,975,1,26-35,Europe,105,5.25,555.71,27.785500000000003,7.95,11,20,3,3.160196529531535,0.0,0.0,0.0,0.0,0.0,0.0,0.0,0
4294,2022-09-02,UK,21.0,F,Basic,11.5,851,0,18-25,Europe,296,5.285714285714286,1998.55,35.68839285714286,7.785714285714286,30,56,3,2.735053835031311,0.0,0.0,0.0,0.0,0.0,0.0,0.0,0
4295,2022-11-09,USA,43.5,M,Basic,14.98,783,0,36-50,North America,92,5.111111111111111,446.23,24.790555555555557,8.833333333333334,16,18,9,2.6096853289888933,2.0,17.46125,0.0,0.0,0.0,4.0,84.0,0
4296,2022-04-30,Australia,31.0,F,Premium,37.57,976,1,26-35,Oceania,226,5.512195121951219,1167.0,28.463414634146343,7.7317073170731705,26,41,1,2.471051913856852,3.0,8.221388888888889,2.0,0.0,0.0,0.0,214.0,0
4297,2022-07-07,France,30.0,F,Premium,36.0,908,1,26-35,Europe,44,4.888888888888889,238.39,26.487777777777776,7.333333333333333,7,9,6,2.7131367660166177,0.0,0.0,0.0,0.0,0.0,0.0,0.0,0
4298,2023-01-18,USA,44.0,M,Basic,14.91,713,0,36-50,North America,200,5.0,1287.47,32.18675,6.575,19,40,0,2.640901167094099,0.0,0.0,0.0,0.0,0.0,0.0,0.0,1
4299,2023-12-12,Brazil,23.0,M,Premium,33.15,385,1,18-25,South America,257,4.145161290322581,2252.69,36.33370967741936,8.161290322580646,29,62,0,2.3667559189989027,0.0,0.0,0.0,0.0,0.0,0.0,0.0,0
4300,2022-05-25,Brazil,34.0,M,Basic,10.82,951,0,26-35,South America,191,5.457142857142857,1147.83,32.79514285714286,8.228571428571428,15,35,0,2.6272649292378873,0.0,0.0,0.0,0.0,0.0,0.0,0.0,0
4301,2023-06-08,Canada,53.0,M,Basic,13.68,572,0,51+,North America,68,4.857142857142857,423.63,30.259285714285713,6.642857142857143,3,14,1,2.824539250572025,0.0,0.0,0.0,0.0,0.0,0.0,0.0,0
4302,2023-02-02,Mexico,57.0,M,Basic,11.38,698,0,51+,North America,442,5.0227272727272725,2868.08,32.591818181818184,7.068181818181818,38,88,0,2.848582114437975,0.0,0.0,0.0,0.0,0.0,0.0,0.0,1
4303,2023-03-05,UK,66.0,F,Premium,39.6,667,1,51+,Europe,400,5.47945205479452,2058.17,28.194109589041098,7.835616438356165,36,73,0,2.6358089051512987,0.0,0.0,0.0,0.0,0.0,0.0,0.0,0
4304,2023-09-03,USA,52.0,M,Basic,14.93,485,0,51+,North America,328,4.259740259740259,2144.48,27.85038961038961,8.116883116883116,40,77,2,2.5308756410765563,0.0,0.0,0.0,0.0,0.0,0.0,0.0,0
4305,2022-05-22,Brazil,34.0,F,Premium,39.25,954,1,26-35,South America,184,4.717948717948718,1610.33,41.29051282051282,7.230769230769231,24,39,1,2.3277357187293224,0.0,0.0,0.0,0.0,0.0,0.0,0.0,0
4306,2023-08-12,UK,58.0,M,Basic,14.71,507,0,51+,Europe,105,5.833333333333333,635.9300000000001,35.32944444444445,7.833333333333333,8,18,2,2.3072774891123746,0.0,0.0,0.0,0.0,0.0,0.0,0.0,0
4307,2023-01-28,UK,19.0,Unknown,Premium,36.15,703,1,18-25,Europe,54,5.4,160.21,16.021,9.5,9,10,10,2.4129281427805145,0.0,0.0,0.0,0.0,0.0,0.0,0.0,1
4308,2023-03-10,UK,30.0,M,Premium,36.91,662,1,26-35,Europe,89,5.5625,511.12,31.945,7.6875,5,16,9,3.1191612120354835,1.0,6.567777777777778,0.0,100.0,0.0,4.0,250.0,0
4309,2022-07-10,UK,69.0,F,Basic,10.46,905,0,51+,Europe,82,4.823529411764706,520.31,30.60647058823529,8.647058823529411,9,17,1,2.9840260998700874,0.0,0.0,0.0,0.0,0.0,0.0,0.0,1
4310,2023-05-14,France,19.0,M,Basic,13.81,597,0,18-25,Europe,110,4.4,763.67,30.546799999999998,7.0,12,25,0,2.565800719723442,0.0,0.0,0.0,0.0,0.0,0.0,0.0,0
4311,2023-10-13,USA,69.0,F,Premium,32.01,445,1,51+,North America,145,4.67741935483871,1018.5799999999999,32.857419354838704,7.67741935483871,20,31,2,2.5349174447332405,0.0,0.0,0.0,0.0,0.0,0.0,0.0,0
4312,2023-07-05,Brazil,45.0,F,Basic,14.19,545,0,36-50,South America,318,5.129032258064516,1977.48,31.89483870967742,7.290322580645161,29,62,0,2.425843581294881,0.0,0.0,0.0,0.0,0.0,0.0,0.0,1
4313,2023-12-12,USA,60.0,F,Basic,14.8,385,0,51+,North America,42,5.25,260.46,32.5575,8.875,4,8,23,2.6049403612586386,1.0,0.0,1.0,0.0,0.0,0.0,288.0,0
4314,2023-10-23,Brazil,43.0,F,Basic,11.05,435,0,36-50,South America,186,5.027027027027027,1145.3,30.95405405405405,7.216216216216216,13,37,0,2.55480469449761,5.0,22.853749999999998,1.0,40.0,1.0,3.5,57.0,0
4315,2022-06-27,UK,43.5,M,Basic,10.38,918,0,36-50,Europe,186,4.894736842105263,1056.86,27.812105263157893,6.894736842105263,16,38,2,2.9389230761956266,5.0,14.43561111111111,0.0,60.0,1.0,2.5,37.0,1
4316,2023-07-23,UK,64.0,F,Basic,12.41,527,0,51+,Europe,248,5.061224489795919,1584.79,32.34265306122449,7.448979591836735,19,49,2,2.741716032473292,3.0,15.325092592592595,0.0,33.33333333333333,0.0,4.5,103.0,0
4317,2022-06-20,Canada,60.0,F,Basic,13.95,925,0,51+,North America,385,4.63855421686747,2484.1,29.928915662650603,7.9156626506024095,45,83,0,2.545097215321906,5.0,14.187777777777779,1.0,40.0,0.0,3.0,66.0,0
4318,2023-05-17,Germany,20.0,Other,Premium,37.7,594,1,18-25,Europe,83,3.9523809523809526,548.58,26.122857142857146,8.0,8,21,1,2.5392162270312957,0.0,0.0,0.0,0.0,0.0,0.0,0.0,1
4319,2022-10-23,USA,52.0,Unknown,Basic,13.47,800,0,51+,North America,181,5.171428571428572,1095.69,31.305428571428575,7.3428571428571425,22,35,0,2.6951559409834687,0.0,0.0,0.0,0.0,0.0,0.0,0.0,1
4320,2022-05-24,USA,29.0,F,Basic,14.09,952,0,26-35,North America,183,5.545454545454546,894.89,27.117878787878787,6.878787878787879,22,33,3,2.0930078399714174,1.0,27.11138888888889,0.0,0.0,0.0,5.0,26.0,1
4321,2022-07-11,Italy,41.0,M,Enterprise,117.49,904,1,36-50,Europe,205,5.54054054054054,893.8,24.156756756756756,7.054054054054054,20,37,3,2.501050830202228,0.0,0.0,0.0,0.0,0.0,0.0,0.0,0
4322,2022-11-19,USA,22.0,M,Premium,36.51,773,1,18-25,North America,433,5.216867469879518,2398.43,28.896746987951804,7.156626506024097,46,83,0,2.585363081408368,1.0,3.527222222222222,0.0,0.0,0.0,3.0,22.0,0
4323,2024-05-12,Brazil,37.0,F,Basic,13.02,233,0,36-50,South America,177,4.657894736842105,1263.21,33.24236842105263,7.105263157894737,18,38,0,2.802280112061968,0.0,0.0,0.0,0.0,0.0,0.0,0.0,0
4324,2023-04-07,USA,56.0,Other,Basic,10.76,634,0,51+,North America,384,4.923076923076923,2590.29,33.20884615384615,7.282051282051282,51,78,0,2.448265915705644,0.0,0.0,0.0,0.0,0.0,0.0,0.0,0
4325,2023-09-27,Italy,56.0,F,Basic,12.06,461,0,51+,Europe,56,4.0,344.95,24.639285714285712,6.928571428571429,5,14,1,2.1483446221182985,4.0,12.657129629629628,1.0,75.0,3.0,1.0,181.0,0
4326,2022-02-24,USA,30.0,F,Basic,14.25,1041,0,26-35,North America,181,5.484848484848484,1029.8,31.206060606060603,8.181818181818182,18,33,3,2.6823638376580754,0.0,0.0,0.0,0.0,0.0,0.0,0.0,0
4327,2024-06-05,UK,58.0,M,Enterprise,197.17,209,1,51+,Europe,29,4.833333333333333,158.23,26.371666666666666,9.166666666666666,6,6,14,3.371448748930742,0.0,0.0,0.0,0.0,0.0,0.0,0.0,1
4328,2023-01-03,Mexico,70.0,M,Premium,36.64,728,1,51+,North America,90,4.5,481.42,24.071,7.85,10,20,0,2.6257830912139837,4.0,15.015138888888888,0.0,75.0,0.0,4.0,96.0,1
4329,2022-01-10,Australia,62.0,F,Enterprise,192.18,1086,1,51+,Oceania,48,6.0,262.92,32.865,9.5,5,8,18,2.0,3.0,14.700740740740741,0.0,33.33333333333333,1.0,5.0,104.0,0
4330,2023-05-12,UK,43.5,M,Premium,31.31,599,1,36-50,Europe,418,4.91764705882353,2571.27,30.250235294117648,7.047058823529412,55,85,0,2.5551617445117336,0.0,0.0,0.0,0.0,0.0,0.0,0.0,0
4331,2022-05-20,Australia,30.0,F,Basic,14.87,956,0,26-35,Oceania,141,5.875,824.26,34.344166666666666,7.916666666666667,12,24,1,2.6590697948555326,4.0,12.114791666666667,0.0,50.0,0.0,4.5,192.0,0
4332,2022-07-19,Canada,27.0,M,Premium,30.33,896,1,26-35,North America,246,5.590909090909091,1214.92,27.611818181818183,7.568181818181818,18,44,2,2.6791024340268246,0.0,0.0,0.0,0.0,0.0,0.0,0.0,1
4333,2024-04-14,Germany,50.0,M,Premium,35.26,261,1,36-50,Europe,206,4.904761904761905,1160.67,27.635,7.309523809523809,16,42,3,2.6115085240520055,5.0,12.835555555555555,0.0,20.0,0.0,3.5,22.0,0
4334,2023-01-29,UK,57.0,F,Basic,11.45,702,0,51+,Europe,210,4.468085106382978,1300.47,27.669574468085106,7.702127659574468,20,47,1,2.195361353139914,5.0,12.005611111111111,0.0,80.0,1.0,3.6666666666666665,84.0,0
4335,2023-07-30,USA,33.0,M,Basic,14.06,520,0,26-35,North America,57,4.384615384615385,250.57999999999998,19.275384615384613,7.769230769230769,8,13,7,2.364263857893951,0.0,0.0,0.0,0.0,0.0,0.0,0.0,0
4336,2023-06-02,USA,62.0,F,Basic,11.08,578,0,51+,North America,175,5.303030303030303,925.28,28.03878787878788,7.545454545454546,14,33,3,2.686596923675569,0.0,0.0,0.0,0.0,0.0,0.0,0.0,1
4337,2023-10-31,Australia,52.0,M,Basic,10.05,427,0,51+,Oceania,63,5.25,498.05,41.50416666666667,9.25,7,12,3,2.454124543035107,2.0,20.99458333333333,0.0,50.0,2.0,3.0,5.0,0
4338,2023-05-22,Spain,20.0,Unknown,Premium,34.14,589,1,18-25,Europe,230,5.348837209302325,1157.72,26.92372093023256,7.372093023255814,28,43,0,2.7332496003164657,1.0,28.594166666666663,0.0,100.0,0.0,0.0,234.0,1
4339,2023-02-23,Brazil,22.0,F,Premium,30.63,677,1,18-25,South America,277,5.326923076923077,1772.53,34.08711538461539,8.173076923076923,22,52,0,2.4311794430199707,0.0,0.0,0.0,0.0,0.0,0.0,0.0,1
4340,2023-12-03,USA,43.0,M,Enterprise,129.0,394,1,36-50,North America,52,6.5,165.4,20.675,7.25,4,8,4,2.7255405754769875,0.0,0.0,0.0,0.0,0.0,0.0,0.0,0
4341,2023-05-19,Brazil,28.0,F,Premium,36.43,592,1,26-35,South America,93,5.166666666666667,438.82,24.378888888888888,7.388888888888889,10,18,15,2.7917947000198318,0.0,0.0,0.0,0.0,0.0,0.0,0.0,0
4342,2023-03-02,USA,24.0,M,Premium,32.94,670,1,18-25,North America,137,4.28125,885.39,27.6684375,7.53125,15,32,0,2.4261262765316687,3.0,9.089166666666666,0.0,100.0,0.0,4.0,123.0,0
4343,2023-12-29,Canada,70.0,M,Basic,11.22,368,0,51+,North America,101,5.315789473684211,664.09,34.9521052631579,5.421052631578948,7,19,3,2.6677629325574426,1.0,0.0,1.0,0.0,0.0,0.0,146.0,0
4344,2024-05-10,UK,27.0,F,Basic,10.77,235,0,26-35,Europe,34,5.666666666666667,125.56,20.926666666666666,7.166666666666667,2,6,1,1.8618986725025255,0.0,0.0,0.0,0.0,0.0,0.0,0.0,0
4345,2023-03-31,USA,59.0,F,Enterprise,113.51,641,1,51+,North America,273,5.055555555555555,1717.12,31.798518518518517,7.981481481481482,21,54,0,2.715550374505689,0.0,0.0,0.0,0.0,0.0,0.0,0.0,0
4346,2023-05-16,Brazil,69.0,M,Premium,35.25,595,1,51+,South America,141,4.40625,958.08,29.94,7.9375,23,32,1,2.722183362314985,0.0,0.0,0.0,0.0,0.0,0.0,0.0,1
4347,2022-06-21,USA,43.5,Unknown,Premium,36.81,924,1,36-50,North America,64,5.333333333333333,285.97,23.830833333333334,8.333333333333334,9,12,7,2.674231693686086,0.0,0.0,0.0,0.0,0.0,0.0,0.0,0
4348,2022-03-26,USA,20.0,F,Basic,12.25,1011,0,18-25,North America,300,5.454545454545454,1714.26,31.168363636363637,7.072727272727272,25,55,1,2.602122935420956,5.0,14.874537037037037,2.0,40.0,0.0,5.0,90.0,0
4349,2023-08-02,Australia,25.0,M,Premium,31.23,517,1,18-25,Oceania,276,5.0181818181818185,1655.21,30.094727272727273,6.2,21,55,0,2.4832096098255514,5.0,12.574907407407409,2.0,60.0,0.0,2.5,58.0,0
4350,2022-02-01,USA,48.0,M,Premium,36.47,1064,1,36-50,North America,437,4.965909090909091,2458.86,27.94159090909091,7.829545454545454,39,88,0,2.6928976985078825,2.0,17.925,1.0,100.0,0.0,4.0,169.0,1
4351,2024-03-25,Spain,28.0,F,Basic,12.78,281,0,26-35,Europe,273,4.7894736842105265,1818.93,31.911052631578947,7.280701754385965,29,57,0,2.8077497478615405,5.0,16.724444444444444,2.0,20.0,3.0,0.0,27.0,1
4352,2024-02-19,UK,62.0,M,Premium,33.8,316,1,51+,Europe,331,5.253968253968254,2022.0900000000001,32.09666666666667,7.603174603174603,40,63,0,2.4426866090318824,4.0,14.63673611111111,0.0,50.0,1.0,4.0,13.0,0
4353,2022-08-14,France,24.0,Unknown,Basic,11.64,870,0,18-25,Europe,69,4.6,345.24,23.016000000000002,7.666666666666667,8,15,7,2.746426249302381,3.0,7.566805555555556,1.0,66.66666666666666,1.0,0.0,132.0,0
4354,2022-10-27,Spain,43.5,F,Basic,10.91,796,0,36-50,Europe,234,5.318181818181818,1237.58,28.12681818181818,7.7727272727272725,26,44,0,2.6038676713485827,0.0,0.0,0.0,0.0,0.0,0.0,0.0,0
4355,2022-02-03,Italy,19.0,M,Premium,31.45,1062,1,18-25,Europe,236,4.72,1535.0900000000001,30.701800000000002,8.12,20,50,1,2.491127111512836,1.0,0.0,1.0,100.0,0.0,0.0,277.0,0
4356,2022-10-09,USA,23.0,F,Basic,11.68,814,0,18-25,North America,375,5.0675675675675675,2011.41,27.181216216216217,7.027027027027027,44,74,0,2.50112895649463,0.0,0.0,0.0,0.0,0.0,0.0,0.0,0
4357,2022-08-19,UK,58.0,F,Basic,10.2,865,0,51+,Europe,275,5.5,1490.65,29.813000000000002,7.8,21,50,4,2.674520746692722,2.0,12.132222222222222,0.0,0.0,1.0,3.0,146.0,0
4358,2023-07-05,Germany,49.0,F,Premium,34.36,545,1,36-50,Europe,268,4.5423728813559325,1706.15,28.917796610169493,7.5423728813559325,36,59,2,2.5819134437420703,0.0,0.0,0.0,0.0,0.0,0.0,0.0,0
4359,2022-10-23,UK,37.0,F,Premium,36.01,800,1,36-50,Europe,258,5.16,1436.05,28.721,7.36,30,50,0,2.7357049608196173,2.0,22.529722222222222,1.0,50.0,0.0,0.0,46.0,0
4360,2022-06-22,Spain,51.0,M,Basic,14.7,923,0,51+,Europe,46,4.181818181818182,265.32,24.12,8.636363636363637,7,11,3,2.442055765873573,0.0,0.0,0.0,0.0,0.0,0.0,0.0,0
4361,2024-03-10,Australia,67.0,Unknown,Enterprise,162.57,296,1,51+,Oceania,320,5.818181818181818,1460.76,26.559272727272727,7.945454545454545,32,55,0,2.6463875383939897,0.0,0.0,0.0,0.0,0.0,0.0,0.0,1
4362,2023-04-14,UK,33.0,M,Basic,13.11,627,0,26-35,Europe,44,4.4,307.83,30.782999999999998,4.9,8,10,7,2.5473297566057065,0.0,0.0,0.0,0.0,0.0,0.0,0.0,0
4363,2023-08-03,USA,42.0,F,Enterprise,137.43,516,1,36-50,North America,238,6.2631578947368425,1015.59,26.72605263157895,8.105263157894736,23,38,4,2.412626812533926,0.0,0.0,0.0,0.0,0.0,0.0,0.0,0
4364,2024-01-31,UK,29.0,M,Premium,31.32,335,1,26-35,Europe,149,4.966666666666667,734.51,24.483666666666668,6.533333333333333,11,30,2,2.65853645676602,0.0,0.0,0.0,0.0,0.0,0.0,0.0,0
4365,2024-03-02,UK,24.0,M,Basic,12.22,304,0,18-25,Europe,144,4.5,769.05,24.0328125,8.34375,19,32,1,2.4626238301925563,0.0,0.0,0.0,0.0,0.0,0.0,0.0,0
4366,2024-02-24,UK,56.0,Other,Basic,12.98,311,0,51+,Europe,203,5.8,961.79,27.479714285714284,7.3428571428571425,15,35,7,2.552968283943913,5.0,8.923833333333333,0.0,20.0,0.0,4.5,37.0,0
4367,2023-05-23,USA,34.0,Other,Basic,13.61,588,0,26-35,North America,158,4.647058823529412,927.35,27.275000000000002,8.735294117647058,19,34,0,2.448033879508781,0.0,0.0,0.0,0.0,0.0,0.0,0.0,0
4368,2023-07-17,Canada,62.0,M,Basic,14.12,533,0,51+,North America,177,5.205882352941177,964.39,28.36441176470588,7.529411764705882,13,34,1,2.446759288537142,4.0,10.656458333333333,0.0,0.0,0.0,4.333333333333333,26.0,0
4369,2023-06-08,UK,28.0,M,Premium,32.55,572,1,26-35,Europe,41,5.857142857142857,264.42,37.77428571428572,9.0,3,7,11,2.9680841985233184,0.0,0.0,0.0,0.0,0.0,0.0,0.0,0
4370,2022-04-26,USA,23.0,F,Basic,11.2,980,0,18-25,North America,153,4.5,897.25,26.389705882352942,7.735294117647059,11,34,8,2.766137225720219,0.0,0.0,0.0,0.0,0.0,0.0,0.0,0
4371,2023-08-10,Canada,40.0,F,Basic,12.82,509,0,36-50,North America,272,5.230769230769231,1375.39,26.449807692307694,7.9423076923076925,20,52,3,2.6906911759852497,0.0,0.0,0.0,0.0,0.0,0.0,0.0,0
4372,2022-04-27,UK,44.0,M,Premium,35.65,979,1,36-50,Europe,49,4.454545454545454,353.53000000000003,32.13909090909091,7.818181818181818,9,11,19,3.012096823265692,3.0,8.11222222222222,1.0,33.33333333333333,1.0,2.0,58.0,0
4373,2022-10-02,Brazil,63.0,M,Basic,11.08,821,0,51+,South America,167,5.21875,980.45,30.6390625,8.6875,13,32,3,2.9373498588946445,0.0,0.0,0.0,0.0,0.0,0.0,0.0,0
4374,2024-03-04,Australia,23.0,F,Basic,12.93,302,0,18-25,Oceania,35,5.0,197.13,28.16142857142857,6.0,4,7,6,3.4641016151377544,0.0,0.0,0.0,0.0,0.0,0.0,0.0,0
4375,2023-07-11,UK,55.0,F,Basic,11.72,539,0,51+,Europe,218,5.190476190476191,1408.33,33.531666666666666,7.523809523809524,19,42,2,2.329430949438031,5.0,9.813166666666666,0.0,40.0,1.0,3.25,52.0,1
4376,2024-04-23,UK,19.0,F,Premium,36.38,252,1,18-25,Europe,57,5.7,294.04,29.404000000000003,6.7,5,10,13,2.110818693198342,0.0,0.0,0.0,0.0,0.0,0.0,0.0,0
4377,2023-01-11,UK,39.0,M,Premium,32.9,720,1,36-50,Europe,290,4.603174603174603,1778.99,28.237936507936507,6.888888888888889,18,63,0,2.282752176930313,0.0,0.0,0.0,0.0,0.0,0.0,0.0,0
4378,2023-07-10,Canada,37.0,M,Premium,35.91,540,1,36-50,North America,256,5.224489795918367,1094.31,22.33285714285714,7.1020408163265305,24,49,2,2.493870035728013,0.0,0.0,0.0,0.0,0.0,0.0,0.0,0
4379,2024-04-22,Germany,42.0,Unknown,Basic,13.83,253,0,36-50,Europe,193,5.361111111111111,1210.15,33.61527777777778,7.805555555555555,19,36,1,2.4628993109489916,0.0,0.0,0.0,0.0,0.0,0.0,0.0,1
4380,2024-02-14,Australia,32.0,M,Basic,14.89,321,0,26-35,Oceania,248,4.350877192982456,1683.25,29.530701754385966,6.912280701754386,34,57,0,2.5599332306455587,2.0,7.233611111111111,0.0,0.0,1.0,5.0,337.0,0
4381,2022-02-12,UK,66.0,M,Basic,14.55,1053,0,51+,Europe,169,5.28125,1144.35,35.7609375,7.65625,14,32,0,2.303354846389739,2.0,15.230277777777777,0.0,100.0,0.0,2.5,120.0,0
4382,2024-02-18,USA,46.0,M,Basic,12.51,317,0,36-50,North America,42,3.5,342.0,28.5,6.5,5,12,3,2.7797972457128464,5.0,12.377777777777778,2.0,40.0,0.0,0.0,22.0,0
4383,2024-01-07,Spain,25.0,F,Basic,12.43,359,0,18-25,Europe,227,4.934782608695652,1504.03,32.696304347826086,6.826086956521739,26,46,0,2.6866102054699463,3.0,19.395462962962963,0.0,33.33333333333333,1.0,3.5,177.0,0
4384,2023-03-28,UK,54.0,F,Basic,12.18,644,0,51+,Europe,346,5.0144927536231885,2030.95,29.434057971014493,6.811594202898551,40,69,0,2.4404239845181466,0.0,0.0,0.0,0.0,0.0,0.0,0.0,0
4385,2023-07-14,France,66.0,F,Basic,10.13,536,0,51+,Europe,283,4.796610169491525,1869.68,31.68949152542373,6.9491525423728815,24,59,0,2.5310462673528917,0.0,0.0,0.0,0.0,0.0,0.0,0.0,0
4386,2022-08-12,Mexico,69.0,F,Premium,31.65,872,1,51+,North America,434,5.046511627906977,2666.08,31.00093023255814,7.5,43,86,0,2.6297258937641748,0.0,0.0,0.0,0.0,0.0,0.0,0.0,1
4387,2023-03-12,Italy,50.0,F,Basic,10.29,660,0,36-50,Europe,66,5.5,284.18,23.68166666666667,8.0,5,12,5,3.0000000000000004,0.0,0.0,0.0,0.0,0.0,0.0,0.0,1
4388,2022-04-15,Australia,39.0,F,Basic,13.47,991,0,36-50,Oceania,15,2.5,140.18,23.363333333333333,7.5,0,6,1,1.0488088481701514,5.0,15.278819444444444,1.0,20.0,1.0,3.6666666666666665,63.0,0
4389,2024-01-24,UK,67.0,M,Enterprise,141.31,342,1,51+,Europe,30,3.3333333333333335,314.37,34.93,6.555555555555555,2,9,7,2.0615528128088303,5.0,8.288402777777778,1.0,20.0,0.0,4.0,21.0,0
4390,2024-04-29,USA,64.0,M,Basic,10.31,246,0,51+,North America,56,5.6,209.84,20.984,8.3,2,10,6,1.8973665961010275,0.0,0.0,0.0,0.0,0.0,0.0,0.0,0
4391,2023-11-01,USA,22.0,F,Basic,13.44,426,0,18-25,North America,216,5.538461538461538,970.46,24.883589743589745,8.205128205128204,29,39,2,2.5939824477569724,0.0,0.0,0.0,0.0,0.0,0.0,0.0,0
4392,2024-02-09,USA,56.0,M,Enterprise,164.43,326,1,51+,North America,190,4.318181818181818,1273.74,28.948636363636364,7.818181818181818,23,44,0,2.612783664561853,0.0,0.0,0.0,0.0,0.0,0.0,0.0,0
4393,2022-09-11,Italy,35.0,F,Enterprise,171.99,842,1,26-35,Europe,50,5.0,345.98,34.598,7.2,7,10,0,2.6666666666666665,1.0,3.4586111111111113,0.0,100.0,0.0,0.0,52.0,0
4394,2022-11-01,Australia,55.0,M,Basic,12.99,791,0,51+,Oceania,320,4.383561643835616,1960.9,26.86164383561644,7.657534246575342,34,73,0,2.531085279887647,4.0,22.317962962962962,1.0,25.0,0.0,4.5,36.0,1
4395,2024-06-14,Australia,70.0,M,Premium,31.61,200,1,51+,Oceania,244,5.304347826086956,1579.54,34.33782608695652,8.0,25,46,0,2.6572296786723926,0.0,0.0,0.0,0.0,0.0,0.0,0.0,0
4396,2022-02-03,UK,54.0,F,Basic,10.3,1062,0,51+,Europe,184,5.935483870967742,807.5699999999999,26.05064516129032,7.387096774193548,15,31,5,2.3084696788271915,1.0,18.82111111111111,0.0,100.0,1.0,5.0,274.0,1
4397,2023-04-06,UK,47.0,F,Premium,38.16,635,1,36-50,Europe,186,4.536585365853658,1242.29,30.299756097560973,8.804878048780488,19,41,2,2.618182203128821,4.0,10.304930555555554,0.0,75.0,0.0,3.5,28.0,0
4398,2022-09-27,Germany,68.0,F,Enterprise,121.57,826,1,51+,Europe,191,4.897435897435898,1077.24,27.62153846153846,8.41025641025641,25,39,0,2.5934621423765996,0.0,0.0,0.0,0.0,0.0,0.0,0.0,0
4399,2022-12-23,Italy,48.0,F,Basic,12.7,739,0,36-50,Europe,327,4.671428571428572,2067.23,29.53185714285714,7.285714285714286,35,70,0,2.4240427877521062,5.0,21.90761111111111,0.0,0.0,0.0,3.8,2.0,0
4400,2024-06-01,UK,27.0,M,Premium,34.84,213,1,26-35,Europe,199,4.975,1305.1,32.6275,7.575,19,40,1,2.5164841163202896,0.0,0.0,0.0,0.0,0.0,0.0,0.0,0
4401,2024-04-16,UK,32.0,M,Premium,39.2,259,1,26-35,Europe,216,5.538461538461538,1160.8899999999999,29.766410256410254,5.461538461538462,20,39,2,2.722674322350554,0.0,0.0,0.0,0.0,0.0,0.0,0.0,0
4402,2022-03-31,Canada,59.0,F,Basic,12.75,1006,0,51+,North America,410,4.659090909090909,2399.53,27.267386363636366,7.715909090909091,49,88,0,2.6300053041175637,4.0,16.800416666666667,0.0,50.0,0.0,3.0,21.0,1
4403,2023-03-26,USA,65.0,M,Premium,35.79,646,1,51+,North America,71,3.9444444444444446,581.78,32.32111111111111,8.333333333333334,5,18,1,3.0577235327305803,3.0,8.978796296296297,0.0,100.0,0.0,2.5,106.0,0
4404,2024-06-05,Mexico,61.0,M,Basic,11.59,209,0,51+,North America,505,5.804597701149425,2631.13,30.242873563218392,7.862068965517241,52,87,0,2.336958271809897,0.0,0.0,0.0,0.0,0.0,0.0,0.0,0
4405,2022-05-01,Spain,35.0,M,Basic,14.78,975,0,26-35,Europe,256,5.446808510638298,1232.29,26.218936170212764,7.127659574468085,22,47,0,2.635943116743721,0.0,0.0,0.0,0.0,0.0,0.0,0.0,0
4406,2024-03-05,Germany,40.0,M,Enterprise,161.23,301,1,36-50,Europe,225,5.113636363636363,1490.47,33.87431818181818,8.386363636363637,19,44,2,2.46100668654213,5.0,24.319944444444445,0.0,60.0,2.0,2.6666666666666665,86.0,1
4407,2024-04-11,Canada,50.0,F,Basic,10.01,264,0,36-50,North America,33,5.5,281.75,46.958333333333336,5.666666666666667,4,6,9,1.8708286933869707,2.0,4.953888888888889,0.0,0.0,0.0,4.0,133.0,0
4408,2022-08-31,Canada,33.0,F,Basic,12.77,853,0,26-35,North America,384,5.260273972602739,2322.27,31.811917808219178,5.972602739726027,30,73,0,2.7285903832294163,0.0,0.0,0.0,0.0,0.0,0.0,0.0,0
4409,2022-08-03,France,55.0,F,Premium,33.63,881,1,51+,Europe,125,5.681818181818182,608.26,27.64818181818182,6.363636363636363,11,22,1,2.6794875778129073,0.0,0.0,0.0,0.0,0.0,0.0,0.0,0
4410,2024-04-10,USA,52.0,F,Enterprise,103.2,265,1,51+,North America,241,5.020833333333333,1685.91,35.123125,7.875,24,48,1,2.383360610864088,2.0,17.05236111111111,0.0,50.0,0.0,3.0,70.0,0
4411,2024-01-26,USA,51.0,M,Premium,34.31,340,1,51+,North America,245,5.212765957446808,1263.8799999999999,26.89106382978723,7.531914893617022,33,47,2,2.6369957396609163,1.0,0.0,1.0,100.0,0.0,0.0,360.0,0
4412,2023-08-26,USA,45.0,M,Basic,13.86,493,0,36-50,North America,133,4.75,801.38,28.620714285714286,5.857142857142857,20,28,5,2.488864087178013,0.0,0.0,0.0,0.0,0.0,0.0,0.0,0
4413,2023-12-07,USA,19.0,M,Basic,12.51,390,0,18-25,North America,246,5.590909090909091,1310.33,29.78022727272727,6.636363636363637,28,44,1,2.3852081164932337,5.0,16.038999999999998,0.0,80.0,0.0,2.6666666666666665,26.0,0
4414,2022-12-26,UK,47.0,M,Basic,13.19,736,0,36-50,Europe,247,5.25531914893617,1261.83,26.847446808510636,8.063829787234043,23,47,5,2.657786633128033,0.0,0.0,0.0,0.0,0.0,0.0,0.0,0
4415,2024-05-31,Mexico,30.0,M,Basic,13.19,214,0,26-35,North America,274,5.48,1356.74,27.1348,7.94,19,50,2,2.565389734484006,0.0,0.0,0.0,0.0,0.0,0.0,0.0,0
4416,2023-12-29,Canada,58.0,M,Enterprise,167.09,368,1,51+,North America,187,4.675,1063.1,26.577499999999997,7.875,21,40,1,2.7954862885987457,0.0,0.0,0.0,0.0,0.0,0.0,0.0,0
4417,2023-09-17,USA,33.0,F,Premium,33.87,471,1,26-35,North America,197,5.96969696969697,815.87,24.723333333333333,7.151515151515151,14,33,1,2.378088103982489,3.0,22.977222222222224,0.0,33.33333333333333,0.0,4.0,2.0,0
4418,2023-10-10,Australia,43.5,F,Basic,11.84,448,0,36-50,Oceania,351,4.943661971830986,2112.4,29.75211267605634,6.985915492957746,30,71,0,2.5739759347507616,1.0,0.0,1.0,100.0,0.0,0.0,155.0,1
4419,2023-03-15,USA,45.0,F,Basic,10.01,657,0,36-50,North America,78,4.875,407.95,25.496875,7.8125,8,16,3,2.4186773244895647,4.0,20.67787037037037,1.0,75.0,0.0,3.0,94.0,0
4420,2022-06-19,UK,70.0,F,Enterprise,115.41,926,1,51+,Europe,213,4.953488372093023,1248.57,29.036511627906975,7.72093023255814,23,43,1,2.6363167702225794,2.0,8.170277777777779,0.0,50.0,0.0,5.0,172.0,0
4421,2023-09-23,Germany,56.0,M,Premium,39.5,465,1,51+,Europe,279,5.072727272727272,1825.28,33.18690909090909,6.872727272727273,26,55,0,2.3162433302619925,5.0,23.41288888888889,0.0,60.0,0.0,3.75,47.0,0
4422,2022-05-23,Brazil,62.0,M,Basic,14.2,953,0,51+,South America,36,4.5,250.78,31.3475,8.25,5,8,6,2.32992949004287,0.0,0.0,0.0,0.0,0.0,0.0,0.0,1
4423,2024-03-14,USA,37.0,M,Premium,32.74,292,1,36-50,North America,123,4.1,847.66,28.255333333333333,8.266666666666667,19,30,5,2.3393190874917957,0.0,0.0,0.0,0.0,0.0,0.0,0.0,0
4424,2022-07-31,France,41.0,M,Basic,12.0,884,0,36-50,Europe,157,5.064516129032258,982.52,31.694193548387098,9.451612903225806,22,31,0,2.6948776579648004,0.0,0.0,0.0,0.0,0.0,0.0,0.0,1
4425,2024-04-13,Spain,44.0,M,Premium,39.39,262,1,36-50,Europe,161,5.962962962962963,622.45,23.053703703703704,6.555555555555555,15,27,1,2.6382027898010336,0.0,0.0,0.0,0.0,0.0,0.0,0.0,1
4426,2022-07-31,UK,47.0,M,Premium,32.49,884,1,36-50,Europe,387,5.450704225352113,2126.2,29.946478873239435,6.436619718309859,39,71,0,2.3891943196362013,0.0,0.0,0.0,0.0,0.0,0.0,0.0,0
4427,2024-04-04,Brazil,62.0,F,Premium,35.32,271,1,51+,South America,121,5.260869565217392,677.7,29.46521739130435,6.521739130434782,15,23,1,3.122024274909234,3.0,18.583055555555557,1.0,66.66666666666666,0.0,0.0,292.0,1
4428,2022-03-02,USA,44.0,F,Basic,10.1,1035,0,36-50,North America,81,6.75,455.2,37.93333333333333,7.75,5,12,1,2.0943647333651407,0.0,0.0,0.0,0.0,0.0,0.0,0.0,0
4429,2023-08-07,USA,43.0,F,Basic,13.09,512,0,36-50,North America,33,4.714285714285714,137.54,19.648571428571426,6.857142857142857,1,7,7,1.889822365046136,2.0,10.027777777777779,0.0,100.0,0.0,4.0,18.0,0
4430,2022-12-26,USA,24.0,M,Basic,14.64,736,0,18-25,North America,208,5.073170731707317,1128.7,27.52926829268293,6.902439024390244,15,41,5,2.4432585199118724,0.0,0.0,0.0,0.0,0.0,0.0,0.0,0
4431,2023-06-30,USA,59.0,F,Enterprise,188.46,550,1,51+,North America,61,5.083333333333333,362.24,30.186666666666667,6.583333333333333,6,12,5,2.5746432527221863,0.0,0.0,0.0,0.0,0.0,0.0,0.0,0
4432,2022-10-15,Spain,64.0,F,Enterprise,150.19,808,1,51+,Europe,72,4.5,510.72,31.92,7.1875,6,16,2,2.309401076758503,3.0,10.725,2.0,66.66666666666666,1.0,0.0,88.0,1
4433,2023-09-04,USA,70.0,F,Premium,36.49,484,1,51+,North America,201,4.568181818181818,1178.2,26.777272727272727,6.931818181818182,24,44,0,2.6272076189654494,0.0,0.0,0.0,0.0,0.0,0.0,0.0,0
4434,2023-07-06,UK,55.0,M,Enterprise,156.97,544,1,51+,Europe,270,5.1923076923076925,1524.12,29.31,7.9423076923076925,22,52,1,2.3849072949340955,1.0,12.1625,0.0,0.0,1.0,5.0,51.0,1
4435,2022-06-22,USA,22.0,F,Premium,30.66,923,1,18-25,North America,74,6.166666666666667,346.6,28.883333333333336,6.333333333333333,5,12,9,2.6227443411030134,3.0,15.692222222222222,2.0,100.0,0.0,0.0,22.0,0
4436,2022-11-28,Canada,40.0,F,Basic,10.78,764,0,36-50,North America,160,4.324324324324325,1232.6299999999999,33.31432432432432,7.243243243243243,21,37,0,2.7391610034831837,4.0,17.28,1.0,50.0,1.0,0.0,68.0,0
4437,2023-12-22,UK,45.0,M,Premium,39.63,375,1,36-50,Europe,427,4.8522727272727275,2828.1,32.137499999999996,7.545454545454546,37,88,0,2.6065336682738924,0.0,0.0,0.0,0.0,0.0,0.0,0.0,1
4438,2022-10-27,Brazil,51.0,M,Basic,11.27,796,0,51+,South America,150,4.6875,813.0600000000001,25.408125000000002,7.03125,14,32,2,2.9777399960155972,2.0,19.586111111111112,1.0,50.0,0.0,5.0,148.0,0
4439,2022-10-24,Mexico,70.0,M,Basic,11.91,799,0,51+,North America,174,5.117647058823529,1074.36,31.59882352941176,5.9411764705882355,13,34,5,2.483456851298974,5.0,18.589305555555555,1.0,60.0,1.0,3.0,51.0,0
4440,2023-08-10,Brazil,32.0,F,Basic,12.53,509,0,26-35,South America,370,5.36231884057971,1911.73,27.70623188405797,8.27536231884058,39,69,0,2.543567518344089,0.0,0.0,0.0,0.0,0.0,0.0,0.0,0
4441,2022-10-01,Germany,43.5,F,Basic,14.89,822,0,36-50,Europe,82,5.125,490.59,30.661875,5.8125,14,16,12,2.8722813232690148,0.0,0.0,0.0,0.0,0.0,0.0,0.0,0
4442,2024-05-28,USA,43.0,M,Premium,36.89,217,1,36-50,North America,289,5.0701754385964914,1909.32,33.496842105263156,6.947368421052632,26,57,1,2.6176574118502476,0.0,0.0,0.0,0.0,0.0,0.0,0.0,0
4443,2023-06-11,UK,65.0,M,Basic,13.14,569,0,51+,Europe,93,4.894736842105263,610.04,32.10736842105263,7.7894736842105265,8,19,1,2.2084367734794084,3.0,3.856527777777778,1.0,33.33333333333333,0.0,4.0,49.0,0
4444,2023-11-27,Brazil,48.0,F,Basic,12.61,400,0,36-50,South America,173,6.178571428571429,691.0699999999999,24.681071428571425,6.857142857142857,15,28,1,2.419880184186834,0.0,0.0,0.0,0.0,0.0,0.0,0.0,1
4445,2024-04-14,UK,36.0,M,Premium,37.0,261,1,36-50,Europe,417,4.738636363636363,2654.98,30.170227272727274,7.465909090909091,51,88,0,2.7396380253469355,0.0,0.0,0.0,0.0,0.0,0.0,0.0,0
4446,2022-04-08,Canada,26.0,Unknown,Premium,36.63,998,1,26-35,North America,215,4.387755102040816,1501.24,30.637551020408164,6.73469387755102,29,49,4,2.325728618184455,4.0,28.91111111111111,1.0,25.0,0.0,4.0,10.0,0
4447,2022-05-19,USA,46.0,M,Basic,14.5,957,0,36-50,North America,188,5.081081081081081,1220.61,32.989459459459454,8.18918918918919,18,37,1,2.6392168280505994,0.0,0.0,0.0,0.0,0.0,0.0,0.0,0
4448,2024-02-08,UK,68.0,F,Basic,12.7,327,0,51+,Europe,35,5.0,340.15,48.59285714285714,6.571428571428571,5,7,9,2.7688746209726918,3.0,13.995555555555557,1.0,0.0,0.0,4.0,149.0,0
4449,2024-03-15,Italy,56.0,F,Basic,12.1,291,0,51+,Europe,239,5.431818181818182,1150.96,26.15818181818182,7.340909090909091,21,44,1,2.8562272015087453,0.0,0.0,0.0,0.0,0.0,0.0,0.0,0
4450,2023-02-26,Italy,21.0,M,Premium,38.06,674,1,18-25,Europe,306,5.186440677966102,1748.47,29.63508474576271,8.152542372881356,28,59,0,2.6682977672794497,1.0,12.716666666666669,0.0,100.0,1.0,4.0,69.0,0
4451,2022-03-02,Mexico,20.0,Other,Premium,37.99,1035,1,18-25,North America,264,5.176470588235294,1618.74,31.74,7.431372549019608,17,51,1,2.5511243196123643,0.0,0.0,0.0,0.0,0.0,0.0,0.0,0
4452,2022-10-11,UK,46.0,F,Basic,10.84,812,0,36-50,Europe,203,4.319148936170213,1198.77,25.505744680851063,6.74468085106383,26,47,1,2.3041209111042704,0.0,0.0,0.0,0.0,0.0,0.0,0.0,0
4453,2024-06-06,Australia,69.0,M,Enterprise,123.67,208,1,51+,Oceania,48,4.363636363636363,268.19,24.38090909090909,10.090909090909092,2,11,8,2.656039430156385,0.0,0.0,0.0,0.0,0.0,0.0,0.0,1
4454,2023-11-03,USA,28.0,F,Basic,14.78,424,0,26-35,North America,409,4.987804878048781,2410.35,29.39451219512195,7.7682926829268295,42,82,0,2.390794601310394,0.0,0.0,0.0,0.0,0.0,0.0,0.0,1
4455,2022-05-10,France,50.0,M,Basic,12.21,966,0,36-50,Europe,108,4.5,693.82,28.909166666666668,7.541666666666667,6,24,1,2.750494026771254,0.0,0.0,0.0,0.0,0.0,0.0,0.0,0
4456,2023-12-20,Spain,55.0,F,Basic,12.59,377,0,51+,Europe,123,5.590909090909091,629.9499999999999,28.634090909090904,9.409090909090908,16,22,1,2.7716093126229358,4.0,19.959814814814816,1.0,25.0,1.0,5.0,80.0,1
4457,2024-06-05,USA,28.0,M,Basic,11.54,209,0,26-35,North America,426,5.011764705882353,2329.29,27.403411764705883,7.317647058823529,38,85,0,2.665896247253529,0.0,0.0,0.0,0.0,0.0,0.0,0.0,1
4458,2022-05-16,Spain,44.0,F,Enterprise,148.1,960,1,36-50,Europe,259,4.625,1541.69,27.53017857142857,7.267857142857143,34,56,0,2.332088412482761,1.0,0.0,1.0,0.0,1.0,0.0,296.0,0
4459,2022-09-13,Mexico,50.0,M,Basic,13.71,840,0,36-50,North America,363,5.338235294117647,1876.38,27.593823529411765,7.485294117647059,34,68,2,2.5369525385029044,0.0,0.0,0.0,0.0,0.0,0.0,0.0,0
4460,2022-05-30,France,38.0,F,Basic,12.4,946,0,36-50,Europe,190,4.4186046511627906,1212.43,28.19604651162791,6.930232558139535,20,43,0,2.422440309742134,2.0,27.08555555555556,0.0,100.0,0.0,4.0,151.0,1
4461,2023-12-30,Mexico,56.0,M,Basic,11.56,367,0,51+,North America,203,4.833333333333333,1336.49,31.821190476190477,7.142857142857143,14,42,1,2.6587789849961037,0.0,0.0,0.0,0.0,0.0,0.0,0.0,0
4462,2022-11-26,USA,48.0,F,Basic,10.47,766,0,36-50,North America,137,4.566666666666666,794.84,26.494666666666667,7.133333333333334,13,30,0,2.8367457476449327,1.0,8.57638888888889,0.0,0.0,1.0,3.0,287.0,0
4463,2024-04-28,USA,55.0,M,Basic,14.63,247,0,51+,North America,198,5.076923076923077,1106.95,28.383333333333333,6.846153846153846,26,39,3,2.5791126114127274,3.0,12.97236111111111,1.0,66.66666666666666,0.0,4.0,60.0,1
4464,2022-09-11,USA,63.0,F,Basic,14.35,842,0,51+,North America,156,4.7272727272727275,858.41,26.012424242424242,5.848484848484849,17,33,1,2.613339904135215,0.0,0.0,0.0,0.0,0.0,0.0,0.0,0
4465,2024-02-19,Spain,19.0,F,Basic,13.95,316,0,18-25,Europe,26,5.2,130.57,26.113999999999997,10.4,4,5,14,3.492849839314596,3.0,15.487777777777776,1.0,66.66666666666666,1.0,5.0,45.0,0
4466,2024-05-13,Italy,44.0,M,Basic,13.46,232,0,36-50,Europe,253,4.773584905660377,1752.1,33.05849056603773,8.20754716981132,35,53,0,2.3422664027190074,0.0,0.0,0.0,0.0,0.0,0.0,0.0,0
4467,2023-11-24,USA,53.0,F,Premium,35.15,403,1,51+,North America,412,4.963855421686747,2746.13,33.085903614457834,7.566265060240964,40,83,0,2.6843983889410903,0.0,0.0,0.0,0.0,0.0,0.0,0.0,0
4468,2023-02-07,Spain,28.0,M,Premium,38.96,693,1,26-35,Europe,256,4.654545454545454,1816.01,33.01836363636364,7.9818181818181815,33,55,2,2.4130676788883525,4.0,20.899027777777775,2.0,50.0,0.0,5.0,119.0,1
4469,2023-05-17,Germany,64.0,F,Basic,13.95,594,0,51+,Europe,163,4.6571428571428575,1041.21,29.748857142857144,8.342857142857143,11,35,10,2.2614786566062732,0.0,0.0,0.0,0.0,0.0,0.0,0.0,1
4470,2022-05-26,Mexico,35.0,F,Basic,14.07,950,0,26-35,North America,272,4.945454545454545,1735.99,31.563454545454544,6.8,25,55,0,2.4901151380354682,3.0,13.71861111111111,2.0,33.33333333333333,0.0,3.0,15.0,0
4471,2023-08-15,Germany,18.0,M,Premium,33.09,504,1,18-25,Europe,417,5.346153846153846,2158.47,27.672692307692305,6.551282051282051,49,78,0,2.5928318925023315,5.0,19.337152777777778,1.0,60.0,1.0,3.6666666666666665,155.0,1
4472,2023-10-10,USA,52.0,F,Basic,12.11,448,0,51+,North America,339,5.059701492537314,1939.72,28.951044776119403,8.194029850746269,31,67,0,2.5338950554368735,0.0,0.0,0.0,0.0,0.0,0.0,0.0,1
4473,2022-10-03,USA,52.0,M,Basic,13.52,820,0,51+,North America,244,4.6923076923076925,1430.53,27.510192307692307,8.038461538461538,37,52,1,2.818276914395421,0.0,0.0,0.0,0.0,0.0,0.0,0.0,0
4474,2023-10-05,UK,48.0,M,Premium,33.7,453,1,36-50,Europe,248,4.275862068965517,2192.8,37.806896551724144,7.137931034482759,20,58,2,2.6674983579026224,5.0,13.802555555555553,0.0,80.0,0.0,4.333333333333333,38.0,0
4475,2023-03-01,France,45.0,F,Premium,34.93,671,1,36-50,Europe,170,5.3125,746.1999999999999,23.318749999999998,6.40625,22,32,0,2.570772445733371,0.0,0.0,0.0,0.0,0.0,0.0,0.0,1
4476,2023-01-20,UK,56.0,F,Basic,13.22,711,0,51+,Europe,449,5.1022727272727275,2630.45,29.891477272727272,6.556818181818182,51,88,0,2.7251058093019664,5.0,26.93576388888889,1.0,20.0,0.0,3.6666666666666665,47.0,1
4477,2023-04-08,USA,18.0,M,Basic,12.18,633,0,18-25,North America,63,5.25,336.83,28.069166666666664,7.25,8,12,12,2.8959218974902683,1.0,13.0125,0.0,100.0,0.0,4.0,189.0,0
4478,2022-03-19,UK,42.0,M,Basic,13.96,1018,0,36-50,Europe,154,4.277777777777778,1081.37,30.03805555555555,8.694444444444445,14,36,0,2.7109419671410064,5.0,7.890462962962963,2.0,100.0,0.0,5.0,95.0,1
4479,2023-10-11,Brazil,60.0,F,Premium,31.15,447,1,51+,South America,225,5.357142857142857,1160.43,27.629285714285714,6.214285714285714,16,42,0,2.7746362413435395,5.0,12.761481481481482,2.0,60.0,2.0,3.0,28.0,0
4480,2024-03-24,Spain,55.0,M,Basic,13.58,282,0,51+,Europe,412,4.963855421686747,2298.52,27.69301204819277,7.0,46,83,0,2.582519960173755,0.0,0.0,0.0,0.0,0.0,0.0,0.0,0
4481,2024-06-20,Spain,37.0,F,Basic,10.72,194,0,36-50,Europe,165,4.852941176470588,1031.86,30.34882352941176,6.617647058823529,14,34,3,2.5835417660724973,0.0,0.0,0.0,0.0,0.0,0.0,0.0,0
4482,2024-02-27,UK,20.0,F,Basic,14.68,308,0,18-25,Europe,79,5.266666666666667,416.37,27.758,6.866666666666666,7,15,0,2.5485756993344526,4.0,18.63375,0.0,75.0,0.0,3.6666666666666665,51.0,0
4483,2022-04-06,Australia,68.0,M,Basic,11.56,1000,0,51+,Oceania,263,4.781818181818182,1666.68,30.303272727272727,8.218181818181819,26,55,1,2.462240090370203,0.0,0.0,0.0,0.0,0.0,0.0,0.0,0
4484,2023-02-17,France,19.0,Unknown,Basic,13.97,683,0,18-25,Europe,251,5.340425531914893,1212.66,25.80127659574468,8.297872340425531,23,47,2,2.451943290931225,0.0,0.0,0.0,0.0,0.0,0.0,0.0,1
4485,2023-06-12,USA,35.0,F,Basic,12.6,568,0,26-35,North America,293,5.327272727272727,1823.31,33.15109090909091,8.454545454545455,33,55,0,2.701539653293377,4.0,7.894629629629629,1.0,50.0,0.0,4.0,72.0,0
4486,2024-02-07,UK,61.0,M,Basic,10.45,328,0,51+,Europe,30,4.285714285714286,235.87,33.69571428571429,5.714285714285714,3,7,0,2.8115408417381924,0.0,0.0,0.0,0.0,0.0,0.0,0.0,1
4487,2022-10-12,USA,27.0,F,Premium,35.82,811,1,26-35,North America,159,4.818181818181818,853.99,25.87848484848485,8.848484848484848,13,33,5,2.603537802857698,1.0,7.336388888888889,0.0,100.0,0.0,4.0,26.0,0
4488,2023-12-13,USA,22.0,Other,Basic,14.55,384,0,18-25,North America,311,5.456140350877193,1770.96,31.06947368421053,7.771929824561403,32,57,0,2.3909813842750585,0.0,0.0,0.0,0.0,0.0,0.0,0.0,0
4489,2024-06-17,Spain,26.0,F,Premium,31.56,197,1,26-35,Europe,384,5.647058823529412,1755.45,25.81544117647059,7.397058823529412,26,68,0,2.472322648860831,0.0,0.0,0.0,0.0,0.0,0.0,0.0,0
4490,2023-01-13,Germany,19.0,M,Basic,11.6,718,0,18-25,Europe,323,5.209677419354839,1621.74,26.157096774193548,6.741935483870968,34,62,0,2.490224144063839,2.0,17.524305555555557,0.0,100.0,0.0,4.0,20.0,0
4491,2023-04-11,France,51.0,M,Premium,34.38,630,1,51+,Europe,330,4.782608695652174,2257.3,32.71449275362319,7.608695652173913,43,69,1,2.678177415911751,4.0,11.776944444444444,0.0,25.0,1.0,3.0,47.0,0
4492,2023-05-15,USA,55.0,F,Enterprise,127.5,596,1,51+,North America,78,4.588235294117647,436.86,25.69764705882353,5.882352941176471,9,17,1,2.9803276566808004,0.0,0.0,0.0,0.0,0.0,0.0,0.0,0
4493,2022-12-02,Mexico,48.0,Unknown,Basic,14.71,760,0,36-50,North America,182,5.055555555555555,1062.09,29.502499999999998,6.972222222222222,19,36,0,2.5516878945339516,0.0,0.0,0.0,0.0,0.0,0.0,0.0,0
4494,2023-08-19,Mexico,27.0,F,Enterprise,137.74,500,1,26-35,North America,212,5.170731707317073,1160.66,28.30878048780488,7.073170731707317,14,41,0,2.783005920083447,0.0,0.0,0.0,0.0,0.0,0.0,0.0,0
4495,2022-01-03,UK,67.0,M,Basic,13.28,1093,0,51+,Europe,160,5.333333333333333,917.66,30.588666666666665,7.566666666666666,23,30,1,2.4116575117588708,0.0,0.0,0.0,0.0,0.0,0.0,0.0,0
4496,2024-06-08,Mexico,29.0,F,Premium,32.23,206,1,26-35,North America,366,4.88,2171.11,28.948133333333335,6.826666666666667,35,75,0,2.301350954595195,0.0,0.0,0.0,0.0,0.0,0.0,0.0,0
4497,2024-03-03,UK,53.0,M,Basic,11.09,303,0,51+,Europe,51,5.666666666666667,218.6,24.288888888888888,6.0,6,9,5,2.449489742783178,3.0,22.676111111111112,2.0,0.0,0.0,1.0,114.0,0
4498,2024-05-17,Canada,38.0,Unknown,Basic,10.87,228,0,36-50,North America,212,4.818181818181818,1207.14,27.435000000000002,8.022727272727273,26,44,1,2.4803668827716003,0.0,0.0,0.0,0.0,0.0,0.0,0.0,0
4499,2024-01-21,USA,66.0,F,Basic,12.16,345,0,51+,North America,206,5.282051282051282,963.84,24.713846153846156,7.128205128205129,18,39,2,2.448938738447609,2.0,14.08361111111111,1.0,100.0,1.0,5.0,302.0,0
4500,2022-04-06,Spain,64.0,F,Basic,12.65,1000,0,51+,Europe,267,4.52542372881356,1573.0,26.661016949152543,7.101694915254237,42,59,0,2.860889252899921,0.0,0.0,0.0,0.0,0.0,0.0,0.0,0
4501,2024-01-19,USA,23.0,M,Premium,30.1,347,1,18-25,North America,408,5.298701298701299,2332.43,30.2912987012987,8.090909090909092,37,77,0,2.328682341814194,0.0,0.0,0.0,0.0,0.0,0.0,0.0,0
4502,2023-04-15,Mexico,65.0,F,Basic,14.15,626,0,51+,North America,237,4.9375,1464.76,30.515833333333333,8.520833333333334,28,48,3,2.7398264427095036,0.0,0.0,0.0,0.0,0.0,0.0,0.0,0
4503,2023-10-13,Australia,43.5,M,Basic,12.55,445,0,36-50,Oceania,240,4.8,1386.74,27.7348,8.28,22,50,0,2.294625486315573,0.0,0.0,0.0,0.0,0.0,0.0,0.0,0
4504,2023-11-12,Brazil,20.0,F,Enterprise,115.71,415,1,18-25,South America,95,4.523809523809524,610.52,29.07238095238095,9.428571428571429,5,21,0,2.379475732573199,4.0,7.521527777777777,2.0,25.0,0.0,3.5,289.0,0
4505,2023-12-16,Brazil,27.0,M,Enterprise,106.72,381,1,26-35,South America,429,5.047058823529412,2870.0,33.76470588235294,7.2,34,85,0,2.4196904679698834,0.0,0.0,0.0,0.0,0.0,0.0,0.0,0
4506,2023-01-02,USA,22.0,M,Enterprise,106.31,729,1,18-25,North America,157,5.233333333333333,830.44,27.681333333333335,6.666666666666667,21,30,0,2.4308836669612246,0.0,0.0,0.0,0.0,0.0,0.0,0.0,1
4507,2024-05-20,Brazil,63.0,M,Premium,32.57,225,1,51+,South America,330,4.852941176470588,1878.06,27.618529411764705,6.75,33,68,0,2.6780740789992254,0.0,0.0,0.0,0.0,0.0,0.0,0.0,0
4508,2022-03-06,Brazil,43.0,Unknown,Basic,12.49,1031,0,36-50,South America,335,5.153846153846154,1679.58,25.839692307692307,8.507692307692308,44,65,0,2.682295945353819,0.0,0.0,0.0,0.0,0.0,0.0,0.0,1
4509,2024-03-25,USA,38.0,Unknown,Basic,14.29,281,0,36-50,North America,358,5.59375,1879.75,29.37109375,7.78125,40,64,0,2.4990077395917933,0.0,0.0,0.0,0.0,0.0,0.0,0.0,1
4510,2023-07-02,Canada,62.0,F,Basic,14.5,548,0,51+,North America,419,5.109756097560975,2539.0099999999998,30.96353658536585,6.865853658536586,37,82,0,2.5867950405380946,0.0,0.0,0.0,0.0,0.0,0.0,0.0,1
4511,2023-02-12,UK,43.0,F,Enterprise,183.22,688,1,36-50,Europe,217,5.425,1063.15,26.578750000000003,7.35,17,40,0,2.6495040658341695,0.0,0.0,0.0,0.0,0.0,0.0,0.0,1
4512,2022-08-12,USA,55.0,F,Basic,11.63,872,0,51+,North America,190,4.318181818181818,1182.86,26.883181818181814,6.886363636363637,15,44,0,2.409021100747725,0.0,0.0,0.0,0.0,0.0,0.0,0.0,0
4513,2023-03-16,Spain,61.0,M,Basic,11.52,656,0,51+,Europe,327,4.605633802816901,2241.94,31.57661971830986,6.929577464788732,35,71,2,2.626670207367041,1.0,35.545,0.0,0.0,0.0,1.0,309.0,1
4514,2024-04-24,USA,43.0,F,Basic,14.93,251,0,36-50,North America,132,5.28,677.91,27.1164,6.68,19,25,0,2.6695817400234567,5.0,13.733819444444444,1.0,20.0,1.0,4.0,107.0,0
4515,2022-08-05,Germany,25.0,F,Basic,13.4,879,0,18-25,Europe,420,5.0,2528.41,30.100119047619046,6.738095238095238,38,84,0,2.5317263979776463,0.0,0.0,0.0,0.0,0.0,0.0,0.0,1
4516,2023-05-22,USA,22.0,M,Basic,11.51,589,0,18-25,North America,246,5.466666666666667,1487.14,33.047555555555554,7.355555555555555,23,45,2,2.642313036303265,0.0,0.0,0.0,0.0,0.0,0.0,0.0,0
4517,2022-10-02,Italy,32.0,M,Premium,33.28,821,1,26-35,Europe,212,5.0476190476190474,1334.7,31.77857142857143,7.309523809523809,23,42,0,2.4885335181282673,3.0,11.6,0.0,66.66666666666666,0.0,3.3333333333333335,152.0,0
4518,2022-11-27,Australia,33.0,M,Basic,12.16,765,0,26-35,Oceania,48,6.857142857142857,133.82999999999998,19.118571428571425,6.428571428571429,2,7,6,2.115700942049815,3.0,6.713796296296295,0.0,100.0,0.0,4.0,23.0,0
4519,2024-04-28,UK,18.0,M,Basic,13.1,247,0,18-25,Europe,32,4.571428571428571,234.82999999999998,33.54714285714285,9.428571428571429,4,7,2,2.5727509827123995,0.0,0.0,0.0,0.0,0.0,0.0,0.0,1
4520,2022-10-18,Australia,33.0,M,Premium,38.97,805,1,26-35,Oceania,162,6.0,965.41,35.75592592592592,6.888888888888889,9,27,2,2.601774542351963,0.0,0.0,0.0,0.0,0.0,0.0,0.0,0
4521,2022-12-12,USA,43.5,M,Premium,31.97,750,1,36-50,North America,77,5.133333333333334,394.18,26.278666666666666,7.866666666666666,14,15,0,2.9244454093692624,3.0,13.31486111111111,1.0,66.66666666666666,2.0,3.0,102.0,0
4522,2023-07-15,USA,20.0,F,Basic,10.41,535,0,18-25,North America,233,5.177777777777778,1337.28,29.717333333333332,6.4222222222222225,28,45,2,2.5962288112575984,0.0,0.0,0.0,0.0,0.0,0.0,0.0,0
4523,2023-08-15,Italy,69.0,M,Enterprise,140.57,504,1,51+,Europe,194,4.511627906976744,1456.46,33.871162790697674,7.767441860465116,22,43,0,2.323504055590503,0.0,0.0,0.0,0.0,0.0,0.0,0.0,0
4524,2022-05-14,Brazil,64.0,M,Premium,32.44,962,1,51+,South America,63,4.2,454.4,30.293333333333333,6.2,8,15,1,2.7307769694983985,0.0,0.0,0.0,0.0,0.0,0.0,0.0,1
4525,2023-08-03,Spain,48.0,F,Basic,12.87,516,0,36-50,Europe,94,3.9166666666666665,702.79,29.282916666666665,7.083333333333333,14,24,0,2.8729119701803945,0.0,0.0,0.0,0.0,0.0,0.0,0.0,1
4526,2024-05-22,Australia,30.0,F,Premium,36.98,223,1,26-35,Oceania,354,4.8493150684931505,2312.35,31.676027397260274,7.397260273972603,36,73,0,2.622928986609734,0.0,0.0,0.0,0.0,0.0,0.0,0.0,1
4527,2023-05-12,USA,33.0,M,Premium,33.1,599,1,26-35,North America,405,4.550561797752809,2661.58,29.905393258426965,7.550561797752809,41,89,0,2.4541765697158353,3.0,9.741388888888888,1.0,33.33333333333333,2.0,4.0,17.0,0
4528,2024-03-18,Germany,60.0,F,Basic,13.42,288,0,51+,Europe,245,5.833333333333333,1407.2,33.50476190476191,6.976190476190476,26,42,0,2.229696103832797,0.0,0.0,0.0,0.0,0.0,0.0,0.0,0
4529,2022-12-18,USA,38.0,M,Basic,11.71,744,0,36-50,North America,271,4.927272727272728,1662.03,30.21872727272727,7.490909090909091,22,55,0,2.7274635174566937,0.0,0.0,0.0,0.0,0.0,0.0,0.0,0
4530,2023-11-30,Spain,19.0,M,Basic,13.16,397,0,18-25,Europe,473,5.564705882352941,2446.05,28.777058823529416,7.823529411764706,41,85,0,2.7621896887706137,0.0,0.0,0.0,0.0,0.0,0.0,0.0,1
4531,2024-02-20,Germany,44.0,M,Premium,36.32,315,1,36-50,Europe,162,5.4,653.92,21.79733333333333,7.233333333333333,19,30,4,2.3133793761359236,3.0,21.659999999999997,0.0,66.66666666666666,0.0,5.0,66.0,1
4532,2022-02-19,Mexico,55.0,F,Basic,11.38,1046,0,51+,North America,373,5.405797101449275,1871.9,27.128985507246377,6.086956521739131,36,69,0,2.3093087874673293,1.0,0.0,1.0,100.0,0.0,0.0,162.0,0
4533,2022-02-17,Spain,43.0,F,Premium,36.35,1048,1,36-50,Europe,134,4.466666666666667,801.47,26.715666666666667,7.7,13,30,3,2.556038601690775,0.0,0.0,0.0,0.0,0.0,0.0,0.0,1
4534,2022-04-12,Mexico,55.0,F,Basic,11.89,994,0,51+,North America,189,4.2,1597.33,35.49622222222222,6.6,22,45,0,2.4550504531012645,0.0,0.0,0.0,0.0,0.0,0.0,0.0,0
4535,2023-10-04,Germany,63.0,Other,Basic,11.67,454,0,51+,Europe,105,5.526315789473684,561.93,29.575263157894735,9.947368421052632,7,19,0,2.6324559942007597,0.0,0.0,0.0,0.0,0.0,0.0,0.0,0
4536,2024-03-13,Canada,42.0,F,Basic,11.44,293,0,36-50,North America,378,5.25,2032.45,28.228472222222223,7.875,50,72,0,2.7667543399197525,0.0,0.0,0.0,0.0,0.0,0.0,0.0,1
4537,2024-05-06,UK,28.0,F,Basic,11.72,239,0,26-35,Europe,54,4.5,406.79,33.899166666666666,6.583333333333333,8,12,4,2.844452335847639,2.0,10.172083333333333,0.0,50.0,0.0,5.0,23.0,0
4538,2023-04-16,Brazil,25.0,F,Premium,37.86,625,1,18-25,South America,208,4.622222222222222,1391.87,30.930444444444444,7.955555555555556,22,45,0,2.5609736153630824,2.0,15.34236111111111,0.0,50.0,0.0,1.0,146.0,1
4539,2022-01-17,Germany,25.0,M,Premium,32.44,1079,1,18-25,Europe,353,5.430769230769231,2092.26,32.18861538461539,7.430769230769231,30,65,0,2.639656883297233,4.0,9.67611111111111,1.0,50.0,1.0,4.0,135.0,0
4540,2022-05-08,UK,50.0,M,Basic,13.4,968,0,36-50,Europe,174,4.9714285714285715,985.3399999999999,28.152571428571427,6.314285714285714,20,35,3,2.514495789543155,0.0,0.0,0.0,0.0,0.0,0.0,0.0,1
4541,2024-05-28,Germany,70.0,F,Basic,14.49,217,0,51+,Europe,228,5.066666666666666,1383.95,30.754444444444445,6.6,33,45,0,2.453198283502949,4.0,6.974722222222223,2.0,50.0,0.0,4.0,11.0,1
4542,2022-06-11,USA,24.0,F,Premium,33.49,934,1,18-25,North America,142,4.733333333333333,889.89,29.663,7.533333333333333,24,30,2,2.5452231571200645,0.0,0.0,0.0,0.0,0.0,0.0,0.0,0
4543,2023-03-28,USA,55.0,F,Premium,30.29,644,1,51+,North America,120,5.454545454545454,472.76,21.48909090909091,9.045454545454545,13,22,0,2.154226692038849,5.0,20.328333333333333,3.0,40.0,0.0,3.0,169.0,0
4544,2023-04-13,France,38.0,M,Premium,30.24,628,1,36-50,Europe,244,5.083333333333333,1203.03,25.063125,7.145833333333333,27,48,1,2.656452067825144,0.0,0.0,0.0,0.0,0.0,0.0,0.0,1
4545,2022-01-01,Mexico,25.0,Unknown,Basic,10.69,1095,0,18-25,North America,242,4.938775510204081,1726.84,35.241632653061224,7.122448979591836,26,49,0,2.664646343523737,4.0,24.352777777777778,1.0,75.0,0.0,4.0,55.0,0
4546,2023-03-15,UK,68.0,F,Enterprise,110.99,657,1,51+,Europe,279,5.072727272727272,1611.99,29.30890909090909,7.618181818181818,26,55,0,2.761203075516617,0.0,0.0,0.0,0.0,0.0,0.0,0.0,1
4547,2022-07-27,Brazil,38.0,M,Premium,37.47,888,1,36-50,South America,278,5.245283018867925,1832.57,34.57679245283019,7.830188679245283,23,53,0,2.327970892440936,0.0,0.0,0.0,0.0,0.0,0.0,0.0,0
4548,2023-12-07,UK,37.0,F,Basic,11.46,390,0,36-50,Europe,201,5.2894736842105265,1147.46,30.196315789473687,7.0,17,38,0,2.6803377634760497,0.0,0.0,0.0,0.0,0.0,0.0,0.0,1
4549,2022-05-16,USA,25.0,F,Basic,13.25,960,0,18-25,North America,287,4.704918032786885,2045.28,33.52918032786885,6.524590163934426,30,61,0,2.6162585390533173,5.0,10.35522222222222,0.0,100.0,1.0,5.0,14.0,0
4550,2024-06-22,UK,63.0,F,Basic,10.2,192,0,51+,Europe,282,5.035714285714286,1363.7,24.351785714285715,6.875,25,56,2,2.4193484150173066,0.0,0.0,0.0,0.0,0.0,0.0,0.0,0
4551,2023-10-28,USA,48.0,F,Premium,32.95,430,1,36-50,North America,153,4.78125,914.02,28.563125,7.65625,19,32,5,2.813955716459224,5.0,7.065555555555556,1.0,60.0,3.0,2.3333333333333335,58.0,0
4552,2022-11-06,France,67.0,M,Basic,11.16,786,0,51+,Europe,104,5.473684210526316,695.75,36.61842105263158,5.631578947368421,6,19,5,2.969631871174001,2.0,0.0,2.0,50.0,0.0,0.0,177.0,0
4553,2022-06-12,France,46.0,M,Basic,11.37,933,0,36-50,Europe,62,4.133333333333334,379.31,25.287333333333333,7.066666666666666,10,15,11,3.0205644379502194,0.0,0.0,0.0,0.0,0.0,0.0,0.0,1
4554,2024-06-14,UK,65.0,F,Basic,10.94,200,0,51+,Europe,118,4.37037037037037,888.98,32.925185185185185,7.2592592592592595,15,27,6,2.603963667301597,0.0,0.0,0.0,0.0,0.0,0.0,0.0,0
4555,2024-06-16,USA,26.0,F,Basic,13.08,198,0,26-35,North America,416,5.0120481927710845,2610.23,31.44855421686747,7.253012048192771,37,83,1,2.4668236508673256,0.0,0.0,0.0,0.0,0.0,0.0,0.0,0
4556,2022-10-08,Germany,32.0,F,Basic,13.3,815,0,26-35,Europe,333,4.44,2070.76,27.610133333333337,7.866666666666666,39,75,1,2.526829013776925,2.0,22.366944444444446,0.0,0.0,0.0,2.5,166.0,0
4557,2022-04-06,Germany,47.0,M,Premium,31.47,1000,1,36-50,Europe,272,4.945454545454545,1756.94,31.944363636363637,6.909090909090909,29,55,0,2.8114724086103187,5.0,33.046527777777776,1.0,100.0,2.0,3.0,45.0,0
4558,2023-11-02,Mexico,43.0,M,Basic,13.7,425,0,36-50,North America,226,5.65,1199.47,29.98675,8.125,16,40,3,2.722649539110848,5.0,18.843472222222225,1.0,40.0,0.0,3.3333333333333335,116.0,0
4559,2023-01-05,Italy,27.0,M,Basic,11.24,726,0,26-35,Europe,158,4.9375,1032.41,32.2628125,7.1875,13,32,1,2.589526049548512,0.0,0.0,0.0,0.0,0.0,0.0,0.0,1
4560,2022-09-14,Italy,46.0,M,Basic,11.4,839,0,36-50,Europe,137,4.566666666666666,1056.27,35.208999999999996,7.733333333333333,16,30,0,2.6611293082829137,0.0,0.0,0.0,0.0,0.0,0.0,0.0,0
4561,2022-03-26,UK,33.0,F,Basic,14.13,1011,0,26-35,Europe,188,4.476190476190476,1117.99,26.618809523809524,7.976190476190476,18,42,3,2.2441044195314848,0.0,0.0,0.0,0.0,0.0,0.0,0.0,0
4562,2023-01-16,Spain,53.0,F,Basic,14.5,715,0,51+,Europe,239,4.686274509803922,1695.92,33.25333333333334,8.117647058823529,22,51,1,2.6869327946819315,2.0,5.899166666666666,0.0,0.0,0.0,4.5,131.0,0
4563,2023-11-12,UK,37.0,M,Basic,14.11,415,0,36-50,Europe,25,4.166666666666667,212.35,35.391666666666666,5.0,2,6,19,1.7224014243685084,0.0,0.0,0.0,0.0,0.0,0.0,0.0,0
4564,2023-10-27,UK,62.0,M,Basic,10.73,431,0,51+,Europe,190,5.277777777777778,1000.98,27.805,7.944444444444445,18,36,0,2.4096367374252092,1.0,39.19638888888889,0.0,100.0,1.0,0.0,104.0,0
4565,2022-06-19,UK,54.0,M,Premium,39.98,926,1,51+,Europe,53,4.076923076923077,297.87,22.913076923076922,8.076923076923077,8,13,0,1.9348358440936906,0.0,0.0,0.0,0.0,0.0,0.0,0.0,0
4566,2022-02-23,USA,39.0,M,Basic,13.35,1042,0,36-50,North America,415,5.1234567901234565,2262.06,27.926666666666666,7.728395061728395,48,81,0,2.6943585324218766,1.0,20.285,0.0,0.0,0.0,4.0,57.0,0
4567,2023-02-10,Mexico,24.0,F,Premium,35.1,690,1,18-25,North America,288,5.538461538461538,1517.95,29.191346153846155,7.384615384615385,23,52,1,2.570279136908861,0.0,0.0,0.0,0.0,0.0,0.0,0.0,0
4568,2023-10-03,USA,40.0,F,Basic,14.76,455,0,36-50,North America,42,6.0,217.33,31.04714285714286,9.571428571428571,4,7,0,2.7688746209726918,0.0,0.0,0.0,0.0,0.0,0.0,0.0,0
4569,2022-11-09,Australia,58.0,F,Basic,14.08,783,0,51+,Oceania,180,5.625,1018.59,31.8309375,5.96875,20,32,2,2.166459874333419,0.0,0.0,0.0,0.0,0.0,0.0,0.0,0
4570,2024-01-14,Mexico,57.0,M,Premium,36.91,352,1,51+,North America,258,4.6909090909090905,1482.88,26.961454545454547,8.436363636363636,30,55,0,2.5303544421075883,0.0,0.0,0.0,0.0,0.0,0.0,0.0,0
4571,2023-12-18,UK,43.5,F,Basic,14.18,379,0,36-50,Europe,116,5.523809523809524,625.98,29.80857142857143,6.809523809523809,8,21,5,2.600366274566866,2.0,12.860833333333336,0.0,100.0,1.0,3.0,190.0,0
4572,2024-02-13,UK,33.0,M,Enterprise,138.54,322,1,26-35,Europe,447,5.1976744186046515,2809.7400000000002,32.671395348837216,7.232558139534884,47,86,0,2.6471728201627642,0.0,0.0,0.0,0.0,0.0,0.0,0.0,0
4573,2022-08-28,Spain,43.5,F,Basic,13.41,856,0,36-50,Europe,388,5.464788732394366,2226.72,31.362253521126757,6.929577464788732,33,71,1,2.595771208911541,0.0,0.0,0.0,0.0,0.0,0.0,0.0,0
4574,2023-03-16,UK,45.0,F,Basic,10.94,656,0,36-50,Europe,144,5.333333333333333,878.74,32.54592592592593,6.703703703703703,7,27,1,2.3204774044612857,0.0,0.0,0.0,0.0,0.0,0.0,0.0,0
4575,2023-11-03,Mexico,65.0,F,Basic,14.93,424,0,51+,North America,146,5.214285714285714,887.45,31.69464285714286,7.75,15,28,0,2.4848748810761427,4.0,15.847777777777779,1.0,50.0,2.0,3.0,74.0,0
4576,2022-04-04,UK,55.0,M,Premium,35.88,1002,1,51+,Europe,228,4.851063829787234,1274.21,27.110851063829788,8.212765957446809,25,47,0,2.4757846661671716,0.0,0.0,0.0,0.0,0.0,0.0,0.0,0
4577,2023-12-22,Brazil,48.0,M,Enterprise,181.41,375,1,36-50,South America,378,4.666666666666667,2372.81,29.29395061728395,7.45679012345679,43,81,0,2.4698178070456938,0.0,0.0,0.0,0.0,0.0,0.0,0.0,0
4578,2022-04-08,Canada,31.0,F,Basic,12.03,998,0,26-35,North America,177,5.9,1047.06,34.902,8.933333333333334,15,30,1,2.6954623427863558,0.0,0.0,0.0,0.0,0.0,0.0,0.0,0
4579,2022-01-02,Germany,70.0,M,Basic,13.78,1094,0,51+,Europe,276,5.111111111111111,1406.5,26.046296296296298,8.018518518518519,36,54,0,2.4622942719669,0.0,0.0,0.0,0.0,0.0,0.0,0.0,0
4580,2022-08-07,Spain,50.0,M,Basic,11.93,877,0,36-50,Europe,111,5.55,500.94,25.047,7.9,7,20,2,2.5644328397276626,0.0,0.0,0.0,0.0,0.0,0.0,0.0,1
4581,2023-05-04,USA,26.0,F,Premium,35.89,607,1,26-35,North America,194,4.619047619047619,1329.77,31.661190476190477,5.857142857142857,18,42,0,2.5274336830206567,0.0,0.0,0.0,0.0,0.0,0.0,0.0,0
4582,2022-03-21,Australia,44.0,M,Basic,13.88,1016,0,36-50,Oceania,48,5.333333333333333,304.18,33.79777777777778,5.666666666666667,4,9,2,2.5,0.0,0.0,0.0,0.0,0.0,0.0,0.0,1
4583,2022-05-16,Germany,41.0,F,Basic,10.57,960,0,36-50,Europe,65,5.416666666666667,318.59999999999997,26.549999999999997,8.666666666666666,6,12,2,2.5030284687057627,2.0,13.315555555555555,0.0,0.0,0.0,3.0,36.0,0
4584,2023-08-31,Mexico,30.0,M,Basic,11.77,488,0,26-35,North America,319,5.406779661016949,1994.05,33.797457627118646,7.440677966101695,28,59,0,2.7299023859509286,4.0,16.249027777777776,0.0,50.0,1.0,4.333333333333333,97.0,1
4585,2022-08-20,USA,43.0,F,Premium,35.44,864,1,36-50,North America,190,4.4186046511627906,1324.17,30.7946511627907,7.093023255813954,17,43,0,2.674683409298725,0.0,0.0,0.0,0.0,0.0,0.0,0.0,1
4586,2023-06-16,USA,46.0,M,Basic,11.66,564,0,36-50,North America,296,4.933333333333334,1762.5,29.375,7.816666666666666,48,60,0,2.2160177037372324,0.0,0.0,0.0,0.0,0.0,0.0,0.0,0
4587,2023-11-28,Spain,68.0,F,Premium,33.08,399,1,51+,Europe,221,4.911111111111111,1239.45,27.543333333333333,7.111111111111111,29,45,0,2.5029275787857834,0.0,0.0,0.0,0.0,0.0,0.0,0.0,0
4588,2023-04-01,USA,66.0,M,Premium,32.81,640,1,51+,North America,92,5.111111111111111,576.84,32.04666666666667,7.611111111111111,9,18,0,2.494438257849294,0.0,0.0,0.0,0.0,0.0,0.0,0.0,0
4589,2022-01-10,Canada,60.0,F,Basic,11.13,1086,0,51+,North America,239,5.311111111111111,1353.96,30.088,8.6,25,45,1,2.5119914430787795,5.0,14.426736111111111,1.0,40.0,1.0,3.6666666666666665,18.0,0
4590,2022-01-09,France,45.0,F,Basic,14.23,1087,0,36-50,Europe,238,5.666666666666667,1441.49,34.32119047619047,6.690476190476191,21,42,0,2.6747843921922843,0.0,0.0,0.0,0.0,0.0,0.0,0.0,0
4591,2023-12-14,Australia,45.0,Unknown,Premium,39.23,383,1,36-50,Oceania,208,4.425531914893617,1573.59,33.48063829787234,8.042553191489361,31,47,0,2.8873387841391387,0.0,0.0,0.0,0.0,0.0,0.0,0.0,0
4592,2022-12-18,USA,25.0,M,Basic,13.49,744,0,18-25,North America,335,5.075757575757576,1792.97,27.166212121212123,7.590909090909091,30,66,0,2.5976948720006843,0.0,0.0,0.0,0.0,0.0,0.0,0.0,1
4593,2024-04-16,France,40.0,M,Basic,10.14,259,0,36-50,Europe,362,5.098591549295775,2185.9,30.787323943661974,7.295774647887324,43,71,0,2.536335543244932,0.0,0.0,0.0,0.0,0.0,0.0,0.0,1
4594,2022-05-04,USA,46.0,M,Premium,37.85,972,1,36-50,North America,245,5.568181818181818,1297.06,29.47863636363636,6.9772727272727275,23,44,0,2.5462944099195033,2.0,3.6275,1.0,0.0,0.0,5.0,182.0,1
4595,2024-05-30,Italy,22.0,F,Enterprise,153.18,215,1,18-25,Europe,232,5.155555555555556,1193.74,26.527555555555555,8.222222222222221,30,45,0,2.566883107757127,5.0,15.628333333333334,1.0,60.0,2.0,4.333333333333333,13.0,0
4596,2023-03-09,Brazil,43.5,M,Enterprise,175.8,663,1,36-50,South America,152,5.241379310344827,944.28,32.561379310344826,6.482758620689655,19,29,1,2.198297594792601,0.0,0.0,0.0,0.0,0.0,0.0,0.0,0
4597,2023-12-12,Italy,24.0,F,Premium,34.36,385,1,18-25,Europe,333,4.561643835616438,2371.95,32.49246575342465,7.410958904109589,36,73,0,2.91541068847876,1.0,11.985,0.0,0.0,0.0,2.0,148.0,0
4598,2022-05-16,USA,59.0,F,Basic,10.2,960,0,51+,North America,379,5.263888888888889,2097.14,29.126944444444444,7.194444444444445,47,72,0,2.6695626880121996,0.0,0.0,0.0,0.0,0.0,0.0,0.0,0
4599,2023-05-05,UK,53.0,M,Basic,13.4,606,0,51+,Europe,245,4.803921568627451,1492.31,29.260980392156863,6.980392156862745,22,51,1,2.6982928517352387,0.0,0.0,0.0,0.0,0.0,0.0,0.0,0
4600,2022-03-14,UK,58.0,F,Basic,12.21,1023,0,51+,Europe,355,4.863013698630137,2056.33,28.16890410958904,7.1506849315068495,31,73,0,2.5403142221055965,0.0,0.0,0.0,0.0,0.0,0.0,0.0,0
4601,2022-08-23,USA,44.0,M,Basic,14.36,861,0,36-50,North America,396,5.424657534246576,2239.86,30.683013698630138,7.63013698630137,27,73,0,2.4884053808456557,0.0,0.0,0.0,0.0,0.0,0.0,0.0,0
4602,2023-01-28,Germany,63.0,M,Basic,13.68,703,0,51+,Europe,100,5.0,748.56,37.428,9.45,14,20,4,2.3169853371636986,0.0,0.0,0.0,0.0,0.0,0.0,0.0,0
4603,2022-04-02,Spain,19.0,M,Basic,11.79,1004,0,18-25,Europe,271,4.593220338983051,1764.47,29.90627118644068,6.52542372881356,31,59,0,2.526539435587577,0.0,0.0,0.0,0.0,0.0,0.0,0.0,0
4604,2024-01-19,USA,42.0,F,Premium,37.23,347,1,36-50,North America,298,5.228070175438597,1799.35,31.56754385964912,7.649122807017544,30,57,2,2.659333589049071,4.0,23.73590277777778,0.0,50.0,0.0,5.0,188.0,0
4605,2024-04-05,Spain,43.5,M,Enterprise,149.51,270,1,36-50,Europe,131,4.366666666666666,922.1700000000001,30.739,8.066666666666666,13,30,0,2.5391192246095122,0.0,0.0,0.0,0.0,0.0,0.0,0.0,0
4606,2022-04-15,France,70.0,F,Enterprise,119.93,991,1,51+,Europe,205,4.361702127659575,1425.78,30.335744680851064,6.574468085106383,30,47,1,2.66560648058621,0.0,0.0,0.0,0.0,0.0,0.0,0.0,1
4607,2022-04-16,UK,44.0,M,Basic,12.09,990,0,36-50,Europe,281,5.30188679245283,1724.02,32.528679245283016,7.867924528301887,17,53,3,2.6572463020981916,0.0,0.0,0.0,0.0,0.0,0.0,0.0,0
4608,2022-11-17,UK,18.0,Other,Enterprise,122.25,775,1,18-25,Europe,273,5.352941176470588,1785.35,35.00686274509804,6.666666666666667,24,51,0,2.718996354626204,0.0,0.0,0.0,0.0,0.0,0.0,0.0,1
4609,2023-01-12,Australia,40.0,F,Basic,10.01,719,0,36-50,Oceania,422,5.146341463414634,2404.7200000000003,29.325853658536587,8.146341463414634,45,82,0,2.5391840393455074,0.0,0.0,0.0,0.0,0.0,0.0,0.0,1
4610,2024-06-21,France,27.0,M,Basic,11.22,193,0,26-35,Europe,146,5.214285714285714,729.83,26.065357142857145,7.428571428571429,12,28,9,2.846142846121589,3.0,8.676481481481481,0.0,100.0,0.0,4.5,55.0,1
4611,2022-11-03,Brazil,59.0,F,Premium,32.09,789,1,51+,South America,168,4.3076923076923075,1405.81,36.046410256410255,7.461538461538462,20,39,5,2.7829730992690282,0.0,0.0,0.0,0.0,0.0,0.0,0.0,0
4612,2022-05-21,Australia,69.0,F,Basic,10.01,955,0,51+,Oceania,102,5.1,503.46999999999997,25.173499999999997,7.5,14,20,1,3.007009355349247,0.0,0.0,0.0,0.0,0.0,0.0,0.0,0
4613,2023-01-27,Canada,42.0,M,Enterprise,178.38,704,1,36-50,North America,214,5.219512195121951,1092.39,26.643658536585367,6.487804878048781,21,41,0,2.3928246396461152,0.0,0.0,0.0,0.0,0.0,0.0,0.0,0
4614,2024-03-03,France,20.0,M,Basic,10.37,303,0,18-25,Europe,393,4.974683544303797,2105.21,26.648227848101268,7.075949367088608,40,79,0,2.438866295808014,0.0,0.0,0.0,0.0,0.0,0.0,0.0,1
4615,2024-04-12,USA,23.0,M,Basic,12.24,263,0,18-25,North America,248,4.862745098039215,1355.09,26.570392156862745,7.235294117647059,28,51,0,2.6231249138623745,2.0,14.202777777777776,0.0,100.0,0.0,4.5,239.0,0
4616,2024-02-11,Canada,23.0,F,Basic,12.08,324,0,18-25,North America,27,3.375,229.98,28.7475,10.875,3,8,19,1.5979898086569353,1.0,18.941111111111113,0.0,0.0,0.0,4.0,262.0,1
4617,2024-06-14,USA,70.0,F,Premium,31.8,200,1,51+,North America,48,4.8,350.88,35.088,8.1,9,10,1,2.780887148615228,1.0,0.0,1.0,0.0,0.0,0.0,133.0,0
4618,2022-05-17,France,19.0,M,Basic,14.82,959,0,18-25,Europe,207,4.928571428571429,1291.41,30.747857142857146,8.071428571428571,16,42,0,2.6076141524282783,0.0,0.0,0.0,0.0,0.0,0.0,0.0,0
4619,2023-10-19,Canada,35.0,M,Premium,36.03,439,1,26-35,North America,211,4.795454545454546,1158.75,26.335227272727273,8.136363636363637,12,44,1,2.2575923113789753,0.0,0.0,0.0,0.0,0.0,0.0,0.0,0
4620,2023-11-25,USA,40.0,F,Premium,38.13,402,1,36-50,North America,94,5.529411764705882,793.69,46.68764705882353,8.176470588235293,10,17,0,2.853016978980837,4.0,15.5575,1.0,75.0,1.0,3.0,15.0,0
4621,2022-05-27,Australia,43.5,F,Premium,34.95,949,1,36-50,Oceania,90,4.285714285714286,586.48,27.92761904761905,6.857142857142857,8,21,3,2.1480888515807988,0.0,0.0,0.0,0.0,0.0,0.0,0.0,0
4622,2022-03-12,UK,29.0,F,Basic,13.6,1025,0,26-35,Europe,325,4.779411764705882,2127.12,31.281176470588235,8.441176470588236,40,68,0,2.4301930900208113,0.0,0.0,0.0,0.0,0.0,0.0,0.0,0
4623,2023-06-28,UK,39.0,Other,Basic,14.84,552,0,36-50,Europe,339,5.745762711864407,1981.94,33.59220338983051,9.033898305084746,17,59,0,2.563626340106738,0.0,0.0,0.0,0.0,0.0,0.0,0.0,0
4624,2023-07-31,USA,54.0,M,Premium,33.47,519,1,51+,North America,171,4.75,879.52,24.43111111111111,8.555555555555555,26,36,0,2.234470215253974,5.0,21.098555555555556,0.0,40.0,0.0,3.6666666666666665,45.0,1
4625,2022-01-09,USA,37.0,M,Enterprise,150.42,1087,1,36-50,North America,160,5.161290322580645,942.42,30.40064516129032,7.516129032258065,15,31,2,2.2523583816901547,4.0,30.40092592592592,1.0,75.0,0.0,2.0,30.0,0
4626,2023-09-17,Brazil,56.0,Unknown,Premium,35.14,471,1,51+,South America,382,5.162162162162162,2249.74,30.40189189189189,7.9324324324324325,26,74,1,2.8091193327087405,5.0,9.953680555555556,1.0,60.0,1.0,4.0,217.0,0
4627,2023-10-28,USA,41.0,F,Basic,14.95,430,0,36-50,North America,44,5.5,212.3,26.5375,6.125,6,8,7,2.7774602993176543,4.0,16.67423611111111,0.0,50.0,1.0,3.0,151.0,0
4628,2022-06-18,USA,65.0,M,Basic,11.16,927,0,51+,North America,240,4.8,1627.4,32.548,7.24,34,50,2,2.6649654437396606,0.0,0.0,0.0,0.0,0.0,0.0,0.0,1
4629,2023-03-27,UK,37.0,M,Basic,13.37,645,0,36-50,Europe,205,5.0,1117.86,27.264878048780485,7.609756097560975,22,41,3,2.479919353527449,0.0,0.0,0.0,0.0,0.0,0.0,0.0,0
4630,2022-12-26,Spain,18.0,F,Premium,31.37,736,1,18-25,Europe,325,5.0,2068.81,31.827846153846153,7.969230769230769,31,65,0,2.6634094690828145,3.0,24.09638888888889,1.0,66.66666666666666,0.0,0.0,65.0,1
4631,2024-01-10,Australia,18.0,M,Basic,14.63,356,0,18-25,Oceania,188,5.371428571428571,940.47,26.87057142857143,6.8,15,35,2,2.4142434484888695,0.0,0.0,0.0,0.0,0.0,0.0,0.0,0
4632,2022-08-07,USA,34.0,M,Premium,35.89,877,1,26-35,North America,302,5.490909090909091,1656.53,30.118727272727273,7.945454545454545,38,55,0,2.530354442107588,4.0,10.603541666666667,0.0,75.0,2.0,2.5,2.0,0
4633,2023-10-06,UK,43.5,F,Enterprise,185.93,452,1,36-50,Europe,272,5.132075471698113,1420.77,26.80698113207547,6.886792452830188,24,53,0,2.4419233895329993,0.0,0.0,0.0,0.0,0.0,0.0,0.0,1
4634,2024-02-06,USA,70.0,M,Basic,14.47,329,0,51+,North America,124,4.769230769230769,750.5,28.865384615384617,7.076923076923077,7,26,0,2.4216967986548985,0.0,0.0,0.0,0.0,0.0,0.0,0.0,0
4635,2022-06-05,Italy,69.0,M,Basic,12.78,940,0,51+,Europe,120,5.454545454545454,697.29,31.694999999999997,6.681818181818182,12,22,0,2.840645009370947,0.0,0.0,0.0,0.0,0.0,0.0,0.0,0
4636,2023-02-26,Germany,62.0,F,Enterprise,168.19,674,1,51+,Europe,208,5.777777777777778,1148.02,31.889444444444443,7.638888888888889,22,36,2,2.7475819094626366,1.0,14.091944444444444,0.0,100.0,0.0,0.0,93.0,0
4637,2023-09-23,Italy,47.0,M,Basic,13.48,465,0,36-50,Europe,84,4.9411764705882355,541.03,31.825294117647058,7.176470588235294,12,17,1,2.7493314695415987,3.0,14.307083333333335,1.0,33.33333333333333,0.0,4.5,23.0,1
4638,2023-12-05,Brazil,58.0,M,Basic,12.29,392,0,51+,South America,275,4.824561403508772,1853.41,32.5159649122807,8.228070175438596,25,57,0,2.592040061264099,0.0,0.0,0.0,0.0,0.0,0.0,0.0,0
4639,2023-03-30,USA,64.0,F,Basic,12.16,642,0,51+,North America,258,5.48936170212766,1363.31,29.00659574468085,7.851063829787234,19,47,0,2.376262505861307,5.0,15.289814814814816,2.0,60.0,1.0,4.5,75.0,1
4640,2024-05-30,Australia,20.0,M,Basic,10.92,215,0,18-25,Oceania,25,3.125,174.64999999999998,21.831249999999997,7.25,5,8,0,2.3566016694748027,0.0,0.0,0.0,0.0,0.0,0.0,0.0,1
4641,2022-08-11,Canada,63.0,F,Premium,33.83,873,1,51+,North America,103,4.291666666666667,769.23,32.05125,8.083333333333334,8,24,2,2.561914478881262,0.0,0.0,0.0,0.0,0.0,0.0,0.0,0
4642,2022-03-30,France,28.0,M,Basic,14.94,1007,0,26-35,Europe,115,5.2272727272727275,778.01,35.36409090909091,6.590909090909091,12,22,3,2.5622129234189464,0.0,0.0,0.0,0.0,0.0,0.0,0.0,1
4643,2022-04-13,Spain,41.0,M,Basic,11.34,993,0,36-50,Europe,272,4.533333333333333,2014.69,33.57816666666667,7.45,39,60,0,2.431897262177271,1.0,0.0,1.0,100.0,0.0,0.0,295.0,0
4644,2022-05-24,Germany,39.0,M,Premium,37.61,952,1,36-50,Europe,41,5.857142857142857,204.06,29.15142857142857,7.142857142857143,2,7,14,2.9113897843110044,0.0,0.0,0.0,0.0,0.0,0.0,0.0,0
4645,2024-02-10,Italy,61.0,M,Basic,10.29,325,0,51+,Europe,270,5.09433962264151,1688.3899999999999,31.85641509433962,8.433962264150944,33,53,0,2.5963298870594844,1.0,0.0,1.0,0.0,0.0,0.0,278.0,1
4646,2022-05-07,Germany,62.0,M,Basic,12.33,969,0,51+,Europe,120,5.714285714285714,668.59,31.83761904761905,6.285714285714286,12,21,4,2.49284690951645,5.0,16.35597222222222,1.0,100.0,0.0,2.0,89.0,0
4647,2023-08-27,UK,43.0,M,Premium,30.57,492,1,36-50,Europe,171,4.621621621621622,975.16,26.355675675675673,6.594594594594595,13,37,3,2.3961931770501605,0.0,0.0,0.0,0.0,0.0,0.0,0.0,0
4648,2024-01-18,UK,30.0,F,Premium,34.75,348,1,26-35,Europe,230,4.6,1456.3799999999999,29.127599999999997,7.78,27,50,2,2.3819045715047236,0.0,0.0,0.0,0.0,0.0,0.0,0.0,0
4649,2023-01-29,Canada,18.0,M,Basic,10.13,702,0,18-25,North America,185,5.138888888888889,1110.93,30.859166666666667,6.277777777777778,17,36,1,2.84004806576808,2.0,7.865833333333333,0.0,100.0,1.0,3.5,164.0,0
4650,2022-12-26,Brazil,41.0,Other,Basic,13.06,736,0,36-50,South America,239,4.979166666666667,1400.42,29.175416666666667,7.520833333333333,27,48,0,2.5805292491413,5.0,14.994166666666667,0.0,40.0,2.0,4.5,55.0,0
4651,2023-03-16,UK,27.0,M,Premium,35.86,656,1,26-35,Europe,152,4.903225806451613,989.12,31.907096774193548,6.935483870967742,10,31,0,3.0697973734398976,3.0,22.208055555555557,0.0,100.0,0.0,0.0,135.0,0
4652,2022-11-19,USA,52.0,M,Premium,37.97,773,1,51+,North America,66,5.5,325.47,27.122500000000002,8.25,7,12,9,2.4679767200905864,0.0,0.0,0.0,0.0,0.0,0.0,0.0,1
4653,2024-03-21,Spain,41.0,M,Basic,12.91,285,0,36-50,Europe,290,5.0,1591.83,27.445344827586204,8.931034482758621,30,58,1,2.4061325159289395,2.0,28.19430555555556,0.0,50.0,0.0,5.0,84.0,1
4654,2022-05-24,Australia,45.0,F,Basic,14.62,952,0,36-50,Oceania,37,6.166666666666667,211.70999999999998,35.285,10.0,4,6,3,2.6394443859772205,0.0,0.0,0.0,0.0,0.0,0.0,0.0,1
4655,2022-09-11,Canada,53.0,F,Basic,13.91,842,0,51+,North America,273,4.875,1786.38,31.899642857142858,5.892857142857143,26,56,2,2.6220221204253784,5.0,24.33222222222222,0.0,0.0,1.0,4.4,66.0,0
4656,2022-10-11,USA,33.0,F,Premium,31.32,812,1,26-35,North America,122,5.304347826086956,604.07,26.26391304347826,7.478260869565218,7,23,0,2.512419742882721,0.0,0.0,0.0,0.0,0.0,0.0,0.0,0
4657,2023-10-23,UK,57.0,M,Basic,11.32,435,0,51+,Europe,146,4.866666666666666,1013.31,33.777,6.166666666666667,20,30,3,2.674700541837487,0.0,0.0,0.0,0.0,0.0,0.0,0.0,0
4658,2022-03-28,France,33.0,M,Premium,30.25,1009,1,26-35,Europe,42,4.666666666666667,179.88,19.986666666666665,7.555555555555555,6,9,15,2.7386127875258306,4.0,16.116875,0.0,25.0,0.0,4.25,11.0,0
4659,2022-09-12,Mexico,34.0,F,Basic,11.92,841,0,26-35,North America,252,5.6,1496.0,33.24444444444445,7.066666666666666,29,45,2,2.783065673938462,0.0,0.0,0.0,0.0,0.0,0.0,0.0,0
4660,2023-07-21,France,68.0,M,Premium,35.09,529,1,51+,Europe,306,4.857142857142857,1622.84,25.75936507936508,7.142857142857143,42,63,3,2.3952718403012407,5.0,6.2689814814814815,2.0,40.0,1.0,3.5,68.0,0
4661,2023-09-08,UK,32.0,M,Enterprise,194.58,480,1,26-35,Europe,72,4.0,443.56,24.642222222222223,6.944444444444445,9,18,0,2.7007624195879987,4.0,8.739166666666668,1.0,75.0,0.0,2.0,44.0,0
4662,2023-09-07,UK,33.0,M,Basic,12.6,481,0,26-35,Europe,326,5.52542372881356,1631.04,27.644745762711864,8.016949152542374,43,59,1,2.5821397983161027,0.0,0.0,0.0,0.0,0.0,0.0,0.0,0
4663,2024-01-09,USA,32.0,M,Basic,13.9,357,0,26-35,North America,73,4.5625,510.96000000000004,31.935000000000002,9.0625,5,16,17,2.731757675929547,0.0,0.0,0.0,0.0,0.0,0.0,0.0,1
4664,2023-09-15,USA,51.0,M,Basic,11.33,473,0,51+,North America,341,5.166666666666667,1877.02,28.439696969696968,7.121212121212121,36,66,0,2.6170055308917384,5.0,20.73611111111111,1.0,40.0,0.0,4.0,175.0,0
4665,2022-10-19,Australia,28.0,F,Basic,10.76,804,0,26-35,Oceania,197,5.324324324324325,1187.25,32.08783783783784,7.135135135135135,19,37,2,2.7290011812836297,5.0,19.615347222222223,1.0,60.0,2.0,3.6666666666666665,165.0,1
4666,2024-03-08,UK,18.0,F,Basic,14.04,298,0,18-25,Europe,232,5.658536585365853,1178.82,28.75170731707317,7.170731707317073,22,41,0,2.5160460657305244,0.0,0.0,0.0,0.0,0.0,0.0,0.0,0
4667,2023-12-09,Italy,32.0,F,Basic,11.23,388,0,26-35,Europe,180,4.7368421052631575,1268.84,33.39052631578947,7.815789473684211,20,38,3,1.9268264136785915,0.0,0.0,0.0,0.0,0.0,0.0,0.0,0
4668,2022-01-28,USA,43.0,M,Enterprise,187.12,1068,1,36-50,North America,318,4.746268656716418,1954.01,29.164328358208955,8.313432835820896,32,67,0,2.3570865657088484,5.0,12.609305555555554,1.0,40.0,0.0,4.0,53.0,0
4669,2024-05-18,UK,68.0,F,Premium,31.69,227,1,51+,Europe,345,4.791666666666667,1981.75,27.524305555555557,7.916666666666667,40,72,0,2.5834658454579746,2.0,16.110833333333332,1.0,50.0,0.0,0.0,72.0,1
4670,2024-05-17,UK,21.0,F,Premium,38.51,228,1,18-25,Europe,259,4.886792452830188,1525.96,28.79169811320755,6.981132075471698,25,53,0,2.3424213093957236,0.0,0.0,0.0,0.0,0.0,0.0,0.0,0
4671,2023-11-06,Germany,60.0,F,Basic,13.85,421,0,51+,Europe,202,5.05,975.68,24.392,7.275,18,40,0,2.611120203657564,0.0,0.0,0.0,0.0,0.0,0.0,0.0,0
4672,2024-06-15,Australia,22.0,M,Basic,13.05,199,0,18-25,Oceania,303,5.224137931034483,1573.9,27.136206896551727,8.068965517241379,26,58,1,2.7468840621359862,0.0,0.0,0.0,0.0,0.0,0.0,0.0,0
4673,2022-11-05,France,52.0,Other,Basic,14.24,787,0,51+,Europe,243,5.0625,1360.41,28.341875,7.083333333333333,26,48,1,2.6369409259231635,5.0,31.13951388888889,1.0,0.0,0.0,5.0,12.0,0
4674,2022-07-30,USA,30.0,M,Basic,11.64,885,0,26-35,North America,152,4.470588235294118,952.61,28.01794117647059,8.470588235294118,18,34,0,2.4024645693808107,2.0,10.735,0.0,50.0,1.0,3.0,182.0,0
4675,2023-06-15,USA,27.0,F,Basic,10.82,565,0,26-35,North America,437,5.141176470588236,2448.1,28.801176470588235,7.788235294117647,41,85,0,2.493577183659721,4.0,14.640648148148147,1.0,75.0,0.0,0.0,54.0,0
4676,2023-09-14,Mexico,43.5,M,Basic,10.78,474,0,36-50,North America,173,3.9318181818181817,1761.6100000000001,40.03659090909091,6.659090909090909,22,44,3,2.5915580953399826,2.0,10.225277777777778,0.0,50.0,1.0,4.0,172.0,1
4677,2023-06-06,USA,43.5,M,Premium,32.69,574,1,36-50,North America,313,4.968253968253968,1667.28,26.464761904761904,7.095238095238095,34,63,0,2.741369177385248,1.0,5.064444444444445,0.0,100.0,0.0,3.0,234.0,1
4678,2022-07-13,Australia,51.0,M,Basic,12.22,902,0,51+,Oceania,347,5.257575757575758,2037.55,30.871969696969696,7.878787878787879,30,66,0,2.615401755051476,4.0,15.264999999999999,0.0,25.0,2.0,2.5,36.0,0
4679,2024-02-05,France,56.0,F,Basic,14.37,330,0,51+,Europe,51,3.923076923076923,421.56,32.42769230769231,6.6923076923076925,7,13,3,2.215909838025097,4.0,18.898263888888888,0.0,75.0,1.0,4.0,140.0,0
4680,2023-02-06,Australia,58.0,M,Basic,10.44,694,0,51+,Oceania,148,4.484848484848484,1139.76,34.53818181818182,8.363636363636363,14,33,0,2.3994948963429277,0.0,0.0,0.0,0.0,0.0,0.0,0.0,0
4681,2022-10-30,Germany,59.0,F,Enterprise,191.51,793,1,51+,Europe,284,5.2592592592592595,1612.59,29.862777777777776,7.62962962962963,20,54,0,2.5930617524986057,3.0,11.815462962962963,0.0,33.33333333333333,1.0,4.5,42.0,1
4682,2023-10-24,France,67.0,F,Basic,14.62,434,0,51+,Europe,389,4.7439024390243905,2679.57,32.67768292682927,7.780487804878049,49,82,0,2.7253314470972496,0.0,0.0,0.0,0.0,0.0,0.0,0.0,1
4683,2022-02-25,Brazil,40.0,F,Basic,13.63,1040,0,36-50,South America,23,4.6,128.09,25.618000000000002,9.6,4,5,20,2.5099800796022267,0.0,0.0,0.0,0.0,0.0,0.0,0.0,0
4684,2024-03-13,USA,24.0,F,Basic,14.49,293,0,18-25,North America,102,5.368421052631579,623.32,32.806315789473686,7.315789473684211,12,19,5,2.521254676981052,0.0,0.0,0.0,0.0,0.0,0.0,0.0,0
4685,2024-03-23,UK,43.5,F,Basic,13.84,283,0,36-50,Europe,135,4.655172413793103,765.26,26.388275862068966,6.275862068965517,19,29,4,2.394575149746454,0.0,0.0,0.0,0.0,0.0,0.0,0.0,1
4686,2022-09-03,Brazil,20.0,F,Premium,35.27,850,1,18-25,South America,274,5.48,1398.57,27.9714,6.96,31,50,0,2.323263011457843,3.0,22.261666666666667,1.0,0.0,0.0,4.0,121.0,0
4687,2023-05-22,UK,29.0,M,Basic,12.99,589,0,26-35,Europe,268,5.056603773584905,1642.2,30.984905660377358,8.11320754716981,19,53,0,2.4605744665362397,0.0,0.0,0.0,0.0,0.0,0.0,0.0,0
4688,2023-01-31,USA,24.0,F,Basic,13.13,700,0,18-25,North America,113,5.65,622.37,31.1185,7.85,9,20,6,2.814903943392441,0.0,0.0,0.0,0.0,0.0,0.0,0.0,0
4689,2022-04-26,France,66.0,F,Basic,10.62,980,0,51+,Europe,294,5.444444444444445,1652.19,30.596111111111114,7.037037037037037,18,54,0,2.7790772641744903,0.0,0.0,0.0,0.0,0.0,0.0,0.0,0
4690,2022-09-04,France,43.0,M,Premium,31.92,849,1,36-50,Europe,30,6.0,182.92,36.583999999999996,6.6,2,5,11,2.345207879911715,0.0,0.0,0.0,0.0,0.0,0.0,0.0,0
4691,2023-05-27,UK,50.0,F,Basic,12.61,584,0,36-50,Europe,166,5.03030303030303,935.08,28.335757575757576,7.515151515151516,10,33,3,2.543187572772215,0.0,0.0,0.0,0.0,0.0,0.0,0.0,0
4692,2023-10-16,Canada,54.0,M,Basic,10.57,442,0,51+,North America,51,3.642857142857143,459.53000000000003,32.823571428571434,6.285714285714286,5,14,1,2.590133434553364,2.0,6.714583333333334,0.0,0.0,0.0,2.0,30.0,0
4693,2023-09-01,UK,65.0,M,Basic,14.81,487,0,51+,Europe,47,4.7,237.52,23.752000000000002,9.1,3,10,1,3.0568684048294332,0.0,0.0,0.0,0.0,0.0,0.0,0.0,1
4694,2022-03-14,Spain,32.0,M,Basic,12.53,1023,0,26-35,Europe,283,5.053571428571429,1496.43,26.721964285714286,7.142857142857143,29,56,0,2.6106052440496894,3.0,42.10888888888889,1.0,33.33333333333333,0.0,4.0,150.0,1
4695,2023-06-25,UK,19.0,M,Basic,11.89,555,0,18-25,Europe,57,3.8,407.32,27.154666666666667,7.0,5,15,3,2.6511453050656106,0.0,0.0,0.0,0.0,0.0,0.0,0.0,0
4696,2024-06-29,USA,58.0,F,Basic,10.78,185,0,51+,North America,349,5.208955223880597,2334.32,34.84059701492538,7.447761194029851,41,67,0,2.8313039796598054,3.0,7.382916666666667,1.0,33.33333333333333,0.0,4.0,9.0,0
4697,2022-01-13,UK,24.0,F,Basic,12.07,1083,0,18-25,Europe,51,5.1,308.53000000000003,30.853,8.0,3,10,1,1.449137674618944,3.0,14.185833333333333,0.0,100.0,1.0,0.0,207.0,0
4698,2023-01-05,Brazil,49.0,F,Basic,11.5,726,0,36-50,South America,138,5.3076923076923075,774.95,29.805769230769233,8.076923076923077,9,26,4,2.9225910527370167,2.0,30.42722222222222,0.0,100.0,0.0,3.5,200.0,0
4699,2022-11-21,Germany,21.0,Other,Premium,30.87,771,1,18-25,Europe,56,5.090909090909091,315.13,28.64818181818182,5.2727272727272725,10,11,2,3.300137738172316,0.0,0.0,0.0,0.0,0.0,0.0,0.0,0
4700,2022-05-16,Brazil,43.5,M,Basic,14.83,960,0,36-50,South America,94,4.947368421052632,526.3,27.7,8.68421052631579,12,19,0,2.548936253300936,0.0,0.0,0.0,0.0,0.0,0.0,0.0,1
4701,2023-02-01,Brazil,67.0,M,Basic,11.31,699,0,51+,South America,194,5.105263157894737,1088.43,28.642894736842106,7.947368421052632,28,38,8,2.8359609047376817,4.0,25.266041666666666,0.0,50.0,0.0,4.666666666666667,23.0,0
4702,2024-05-31,USA,70.0,F,Basic,13.44,214,0,51+,North America,49,6.125,150.92000000000002,18.865000000000002,9.75,3,8,0,1.8850918886280923,0.0,0.0,0.0,0.0,0.0,0.0,0.0,0
4703,2024-05-09,France,53.0,F,Basic,10.45,236,0,51+,Europe,284,4.655737704918033,1984.07,32.52573770491803,8.688524590163935,26,61,0,2.475784359899164,4.0,8.299722222222222,0.0,50.0,1.0,4.333333333333333,8.0,0
4704,2023-08-06,Spain,49.0,M,Basic,14.56,513,0,36-50,Europe,137,4.724137931034483,869.22,29.973103448275864,7.241379310344827,14,29,4,2.7889648838149093,0.0,0.0,0.0,0.0,0.0,0.0,0.0,1
4705,2023-03-07,Spain,45.0,Other,Basic,12.94,665,0,36-50,Europe,42,5.25,262.17,32.77125,7.625,0,8,4,2.9154759474226504,0.0,0.0,0.0,0.0,0.0,0.0,0.0,0
4706,2023-01-10,Germany,30.0,F,Basic,13.27,721,0,26-35,Europe,296,5.192982456140351,1860.96,32.648421052631576,7.456140350877193,30,57,0,2.6487099049161653,4.0,13.721944444444444,0.0,25.0,0.0,3.5,58.0,0
4707,2023-07-14,UK,18.0,Other,Basic,13.9,536,0,18-25,Europe,200,4.545454545454546,1324.13,30.09386363636364,7.7727272727272725,22,44,5,2.7656913468051374,0.0,0.0,0.0,0.0,0.0,0.0,0.0,0
4708,2023-12-01,USA,52.0,M,Basic,13.02,396,0,51+,North America,229,4.490196078431373,1589.12,31.159215686274507,7.1568627450980395,30,51,0,2.579709665986526,4.0,14.35435185185185,1.0,75.0,0.0,4.5,81.0,0
4709,2022-06-26,USA,65.0,M,Premium,30.7,919,1,51+,North America,245,5.326086956521739,1335.09,29.02369565217391,7.673913043478261,31,46,1,2.449982746661126,0.0,0.0,0.0,0.0,0.0,0.0,0.0,0
4710,2024-02-21,Australia,47.0,F,Basic,12.14,314,0,36-50,Oceania,44,4.0,199.93,18.175454545454546,7.454545454545454,3,11,0,2.6832815729997472,0.0,0.0,0.0,0.0,0.0,0.0,0.0,0
4711,2023-04-28,UK,53.0,F,Basic,11.3,613,0,51+,Europe,239,5.085106382978723,1525.54,32.458297872340424,6.957446808510638,20,47,0,2.6029229993625522,0.0,0.0,0.0,0.0,0.0,0.0,0.0,0
4712,2024-02-28,Australia,42.0,M,Basic,12.42,307,0,36-50,Oceania,305,5.169491525423729,1559.49,26.432033898305086,6.932203389830509,31,59,0,2.6271299560473644,2.0,9.559444444444445,0.0,0.0,1.0,2.0,265.0,0
4713,2022-03-16,Australia,33.0,F,Basic,12.01,1021,0,26-35,Oceania,214,4.863636363636363,1412.57,32.103863636363634,6.295454545454546,12,44,1,2.6640667382075245,0.0,0.0,0.0,0.0,0.0,0.0,0.0,0
4714,2022-01-18,UK,36.0,F,Basic,14.12,1078,0,36-50,Europe,310,4.920634920634921,1603.05,25.445238095238093,6.920634920634921,26,63,0,2.3575656341671682,1.0,7.086111111111111,0.0,0.0,1.0,4.0,10.0,0
4715,2023-08-25,Australia,18.0,M,Basic,11.23,494,0,18-25,Oceania,82,6.3076923076923075,339.3,26.1,8.846153846153847,3,13,4,2.4961508830135313,0.0,0.0,0.0,0.0,0.0,0.0,0.0,0
4716,2022-03-11,Spain,22.0,M,Basic,11.0,1026,0,18-25,Europe,281,5.017857142857143,1844.06,32.92964285714286,8.142857142857142,30,56,2,2.4531321087249136,0.0,0.0,0.0,0.0,0.0,0.0,0.0,0
4717,2022-01-15,UK,68.0,F,Basic,14.78,1081,0,51+,Europe,350,4.861111111111111,2364.95,32.84652777777777,7.527777777777778,26,72,0,2.898788263383709,0.0,0.0,0.0,0.0,0.0,0.0,0.0,0
4718,2022-09-26,UK,39.0,M,Basic,14.74,827,0,36-50,Europe,353,4.971830985915493,2167.17,30.523521126760564,7.436619718309859,33,71,0,2.6184610037518246,2.0,33.636805555555554,0.0,50.0,1.0,4.0,62.0,1
4719,2022-08-09,USA,41.0,F,Basic,14.96,875,0,36-50,North America,63,4.2,388.95,25.93,7.866666666666666,4,15,4,2.007130147392398,4.0,23.84574074074074,1.0,75.0,0.0,4.0,80.0,1
4720,2022-02-10,UK,60.0,M,Premium,35.67,1055,1,51+,Europe,242,4.566037735849057,1810.06,34.15207547169811,7.245283018867925,30,53,0,2.49236861363662,0.0,0.0,0.0,0.0,0.0,0.0,0.0,0
4721,2022-03-03,UK,62.0,F,Enterprise,111.3,1034,1,51+,Europe,67,4.785714285714286,375.9,26.849999999999998,6.785714285714286,4,14,3,2.22498302253061,4.0,17.60875,0.0,25.0,0.0,4.0,45.0,1
4722,2024-03-19,Australia,69.0,F,Premium,38.79,287,1,51+,Oceania,186,5.314285714285714,1063.91,30.397428571428573,8.228571428571428,20,35,0,2.63205833758239,0.0,0.0,0.0,0.0,0.0,0.0,0.0,0
4723,2023-02-12,Canada,54.0,M,Basic,10.72,688,0,51+,North America,144,4.9655172413793105,849.78,29.302758620689655,7.586206896551724,15,29,2,2.259626369568487,0.0,0.0,0.0,0.0,0.0,0.0,0.0,0
4724,2023-06-03,USA,70.0,F,Premium,31.55,577,1,51+,North America,175,5.46875,743.47,23.2334375,7.03125,22,32,0,2.7938223902723482,0.0,0.0,0.0,0.0,0.0,0.0,0.0,1
4725,2022-10-21,Brazil,43.5,M,Basic,10.96,802,0,36-50,South America,191,4.441860465116279,1170.98,27.232093023255814,8.232558139534884,14,43,0,2.8560906146538954,3.0,15.653888888888888,0.0,0.0,0.0,4.0,150.0,0
4726,2023-10-06,France,53.0,M,Premium,36.52,452,1,51+,Europe,330,4.52054794520548,2146.19,29.39986301369863,8.136986301369863,29,73,0,2.7034421938680318,0.0,0.0,0.0,0.0,0.0,0.0,0.0,0
4727,2023-12-31,USA,21.0,F,Premium,31.06,366,1,18-25,North America,86,4.777777777777778,597.87,33.215,7.166666666666667,7,18,0,2.1843172457464504,1.0,0.0,1.0,100.0,0.0,0.0,134.0,0
4728,2023-05-29,UK,53.0,Other,Premium,37.77,582,1,51+,Europe,324,4.984615384615385,2174.12,33.448,7.7384615384615385,35,65,0,2.5340944369507254,0.0,0.0,0.0,0.0,0.0,0.0,0.0,0
4729,2024-02-25,UK,69.0,M,Basic,10.28,310,0,51+,Europe,264,5.617021276595745,1199.63,25.524042553191492,7.574468085106383,29,47,3,2.666647394318271,5.0,16.38715277777778,1.0,80.0,2.0,3.0,137.0,0
4730,2023-03-02,Italy,43.5,M,Basic,10.54,670,0,36-50,Europe,192,5.647058823529412,957.84,28.171764705882353,7.0,15,34,0,3.003859668081358,2.0,8.23125,0.0,50.0,0.0,4.5,236.0,1
4731,2023-03-10,UK,35.0,M,Basic,12.16,662,0,26-35,Europe,209,4.446808510638298,1659.78,35.314468085106384,8.27659574468085,17,47,0,2.329475688706328,0.0,0.0,0.0,0.0,0.0,0.0,0.0,0
4732,2023-12-20,Australia,67.0,M,Basic,11.89,377,0,51+,Oceania,364,5.432835820895522,1784.11,26.628507462686567,8.194029850746269,28,67,0,2.624037373838925,4.0,10.50388888888889,1.0,50.0,1.0,3.0,113.0,0
4733,2023-02-16,UK,33.0,M,Basic,14.94,684,0,26-35,Europe,277,5.226415094339623,1573.29,29.684716981132073,6.7924528301886795,22,53,0,2.591713937161174,0.0,0.0,0.0,0.0,0.0,0.0,0.0,0
4734,2022-03-26,Italy,58.0,F,Basic,14.82,1011,0,51+,Europe,150,4.285714285714286,963.22,27.52057142857143,7.542857142857143,17,35,4,2.5960538897178784,4.0,3.57125,2.0,75.0,0.0,4.0,302.0,0
4735,2023-10-18,Mexico,35.0,M,Basic,10.94,440,0,26-35,North America,164,4.4324324324324325,1042.04,28.163243243243244,7.405405405405405,12,37,1,2.7032957307345806,3.0,11.242592592592592,0.0,66.66666666666666,1.0,3.0,91.0,0
4736,2023-07-04,Brazil,39.0,F,Enterprise,194.66,546,1,36-50,South America,241,4.82,1671.92,33.4384,7.72,27,50,3,2.31842663045789,0.0,0.0,0.0,0.0,0.0,0.0,0.0,0
4737,2023-07-05,UK,19.0,M,Basic,13.45,545,0,18-25,Europe,459,5.215909090909091,2542.59,28.893068181818183,7.625,40,88,0,2.355960226604366,3.0,32.73611111111111,1.0,66.66666666666666,2.0,1.0,25.0,1
4738,2023-09-23,UK,38.0,F,Basic,12.03,465,0,36-50,Europe,226,4.808510638297872,1452.83,30.911276595744678,8.340425531914894,29,47,0,2.4373747269689523,0.0,0.0,0.0,0.0,0.0,0.0,0.0,1
4739,2022-06-06,Spain,53.0,F,Premium,37.39,939,1,51+,Europe,243,5.0625,1230.29,25.631041666666665,8.125,22,48,1,2.628859877460027,0.0,0.0,0.0,0.0,0.0,0.0,0.0,1
4740,2022-10-12,USA,61.0,F,Enterprise,190.0,811,1,51+,North America,111,4.826086956521739,592.03,25.740434782608695,6.391304347826087,11,23,10,2.5343490093485097,2.0,16.570833333333333,1.0,100.0,1.0,5.0,216.0,1
4741,2022-03-27,UK,56.0,M,Basic,10.89,1010,0,51+,Europe,395,5.0,2254.38,28.536455696202534,8.177215189873417,28,79,0,2.7456258919345764,0.0,0.0,0.0,0.0,0.0,0.0,0.0,0
4742,2022-11-14,USA,64.0,Unknown,Basic,10.97,778,0,51+,North America,86,5.733333333333333,427.06,28.470666666666666,7.533333333333333,10,15,22,2.1865389045137937,0.0,0.0,0.0,0.0,0.0,0.0,0.0,0
4743,2022-03-22,UK,56.0,F,Basic,12.03,1015,0,51+,Europe,288,4.721311475409836,1797.32,29.464262295081966,7.557377049180328,18,61,3,2.7026600941848855,0.0,0.0,0.0,0.0,0.0,0.0,0.0,0
4744,2023-06-08,Mexico,46.0,F,Basic,10.84,572,0,36-50,North America,280,4.745762711864407,1781.95,30.202542372881357,7.0508474576271185,20,59,0,2.577042011479528,2.0,12.094583333333334,0.0,50.0,1.0,3.5,46.0,1
4745,2022-07-28,Italy,43.0,F,Premium,33.59,887,1,36-50,Europe,164,5.466666666666667,1157.46,38.582,7.266666666666667,12,30,0,2.6487906587767536,3.0,11.343055555555555,1.0,33.33333333333333,1.0,5.0,123.0,0
4746,2024-04-07,USA,38.0,M,Premium,36.45,268,1,36-50,North America,172,5.0588235294117645,1097.92,32.29176470588236,6.735294117647059,22,34,1,2.2822261390433285,0.0,0.0,0.0,0.0,0.0,0.0,0.0,1
4747,2022-06-09,France,34.0,F,Basic,14.05,936,0,26-35,Europe,103,4.478260869565218,544.68,23.68173913043478,7.043478260869565,12,23,1,2.465573236267625,0.0,0.0,0.0,0.0,0.0,0.0,0.0,1
4748,2023-07-04,USA,33.0,Other,Premium,33.01,546,1,26-35,North America,211,5.146341463414634,1202.22,29.322439024390246,8.048780487804878,18,41,1,2.6698405908383003,0.0,0.0,0.0,0.0,0.0,0.0,0.0,1
4749,2022-12-01,UK,48.0,F,Premium,32.81,761,1,36-50,Europe,203,4.613636363636363,1421.3999999999999,32.304545454545455,7.954545454545454,27,44,1,2.6167253554058125,5.0,12.894722222222223,1.0,20.0,1.0,4.333333333333333,10.0,0
4750,2023-02-05,USA,68.0,F,Enterprise,177.96,695,1,51+,North America,96,5.647058823529412,468.81,27.577058823529413,7.764705882352941,11,17,7,2.2622217085916954,0.0,0.0,0.0,0.0,0.0,0.0,0.0,0
4751,2023-08-24,Australia,26.0,F,Enterprise,138.09,495,1,26-35,Oceania,182,5.515151515151516,963.54,29.198181818181816,6.787878787878788,15,33,4,2.6234663629587014,0.0,0.0,0.0,0.0,0.0,0.0,0.0,0
4752,2023-10-12,UK,48.0,F,Basic,14.08,446,0,36-50,Europe,32,5.333333333333333,157.28,26.213333333333335,9.333333333333334,2,6,16,2.6583202716502514,0.0,0.0,0.0,0.0,0.0,0.0,0.0,0
4753,2024-02-21,UK,31.0,F,Basic,14.96,314,0,26-35,Europe,431,5.320987654320987,2414.98,29.814567901234568,7.604938271604938,33,81,1,2.4740006088005875,3.0,11.94435185185185,0.0,33.33333333333333,0.0,3.0,76.0,1
4754,2024-05-04,Spain,66.0,F,Basic,14.89,241,0,51+,Europe,278,5.245283018867925,1559.07,29.416415094339623,7.471698113207547,28,53,2,2.4954239687364868,4.0,15.806041666666667,0.0,75.0,3.0,4.0,68.0,0
4755,2023-10-28,Brazil,54.0,M,Enterprise,166.26,430,1,51+,South America,65,5.416666666666667,323.0,26.916666666666668,6.833333333333333,8,12,2,2.9987371079213068,1.0,35.647222222222226,0.0,0.0,0.0,0.0,177.0,0
4756,2023-11-29,Canada,19.0,F,Enterprise,137.51,398,1,18-25,North America,228,5.3023255813953485,1459.67,33.945813953488376,7.930232558139535,17,43,7,2.3251716139524006,0.0,0.0,0.0,0.0,0.0,0.0,0.0,0
4757,2023-10-21,France,69.0,F,Basic,10.32,437,0,51+,Europe,141,4.2727272727272725,775.26,23.492727272727272,7.212121212121212,22,33,0,2.7869419539246696,4.0,27.66027777777778,3.0,50.0,0.0,0.0,7.0,0
4758,2022-03-09,UK,65.0,M,Basic,13.68,1028,0,51+,Europe,264,4.8,1491.31,27.114727272727272,6.763636363636364,31,55,1,2.3679964964939044,0.0,0.0,0.0,0.0,0.0,0.0,0.0,0
4759,2022-11-14,Italy,63.0,M,Basic,14.88,778,0,51+,Europe,56,4.666666666666667,334.23,27.852500000000003,5.916666666666667,9,12,5,2.4618298195866544,0.0,0.0,0.0,0.0,0.0,0.0,0.0,1
4760,2023-12-17,Australia,31.0,F,Premium,30.67,380,1,26-35,Oceania,250,5.208333333333333,1657.6200000000001,34.533750000000005,7.645833333333333,29,48,0,2.4404249135888714,5.0,19.572444444444443,0.0,60.0,0.0,3.75,12.0,0
4761,2023-03-24,Italy,50.0,F,Basic,10.02,648,0,36-50,Europe,158,4.27027027027027,1005.4499999999999,27.174324324324324,7.405405405405405,26,37,0,2.5889578410439023,0.0,0.0,0.0,0.0,0.0,0.0,0.0,0
4762,2024-01-18,UK,52.0,M,Basic,14.15,348,0,51+,Europe,167,4.638888888888889,1022.87,28.413055555555555,7.388888888888889,11,36,2,2.576296098530133,0.0,0.0,0.0,0.0,0.0,0.0,0.0,0
4763,2024-05-16,USA,56.0,F,Basic,10.5,229,0,51+,North America,74,4.625,579.64,36.2275,7.25,9,16,0,2.446085307860978,0.0,0.0,0.0,0.0,0.0,0.0,0.0,1
4764,2022-09-02,UK,64.0,F,Premium,30.81,851,1,51+,Europe,172,5.733333333333333,873.93,29.130999999999997,8.866666666666667,9,30,0,2.434427403232472,5.0,24.39488888888889,0.0,60.0,4.0,3.3333333333333335,143.0,0
4765,2022-03-01,Germany,68.0,M,Premium,39.09,1036,1,51+,Europe,327,4.880597014925373,1891.29,28.22820895522388,7.880597014925373,41,67,1,2.5850525348374913,0.0,0.0,0.0,0.0,0.0,0.0,0.0,1
4766,2022-09-08,Australia,37.0,M,Basic,10.39,845,0,36-50,Oceania,286,5.2,1862.35,33.86090909090909,7.236363636363636,27,55,1,2.497406061704231,2.0,6.114027777777778,0.0,50.0,0.0,5.0,81.0,0
4767,2022-03-30,USA,19.0,F,Basic,10.56,1007,0,18-25,North America,89,4.944444444444445,492.65,27.369444444444444,6.777777777777778,13,18,1,3.0769010808665764,1.0,0.0,1.0,100.0,0.0,0.0,333.0,0
4768,2023-03-21,Spain,43.5,F,Premium,35.69,651,1,36-50,Europe,163,4.9393939393939394,851.25,25.795454545454547,8.363636363636363,25,33,0,2.6212997007614605,5.0,5.394444444444444,1.0,40.0,1.0,5.0,8.0,0
4769,2022-04-29,Australia,58.0,M,Enterprise,175.67,977,1,51+,Oceania,226,5.136363636363637,1266.73,28.78931818181818,7.113636363636363,19,44,1,2.5297385570487374,0.0,0.0,0.0,0.0,0.0,0.0,0.0,1
4770,2023-04-10,Italy,36.0,M,Basic,11.99,631,0,36-50,Europe,268,5.254901960784314,1436.45,28.165686274509806,7.450980392156863,35,51,2,2.528581715151021,0.0,0.0,0.0,0.0,0.0,0.0,0.0,0
4771,2023-09-19,Australia,54.0,Unknown,Basic,12.09,469,0,51+,Oceania,261,4.745454545454545,1284.5,23.354545454545455,7.036363636363636,29,55,2,2.6681813879854417,1.0,2.3133333333333335,0.0,0.0,0.0,0.0,21.0,0
4772,2023-09-16,Canada,35.0,F,Basic,13.15,472,0,26-35,North America,321,5.732142857142857,1595.57,28.492321428571426,7.839285714285714,29,56,1,2.3470761031049316,5.0,10.843541666666667,1.0,40.0,2.0,4.5,16.0,0
4773,2022-02-26,UK,33.0,M,Basic,12.52,1039,0,26-35,Europe,331,5.015151515151516,1769.77,26.814696969696968,6.181818181818182,40,66,0,2.526733520651176,1.0,22.163611111111113,0.0,0.0,1.0,0.0,258.0,0
4774,2022-11-13,UK,21.0,F,Basic,10.08,779,0,18-25,Europe,236,4.916666666666667,1217.77,25.370208333333334,7.041666666666667,26,48,2,2.7197726229535024,0.0,0.0,0.0,0.0,0.0,0.0,0.0,0
4775,2023-11-14,Italy,29.0,M,Basic,10.56,413,0,26-35,Europe,404,5.05,2464.17,30.802125,7.35,41,80,0,2.4592887723532564,2.0,6.897083333333334,0.0,50.0,2.0,3.0,156.0,0
4776,2024-01-30,Canada,46.0,F,Basic,12.9,336,0,36-50,North America,42,7.0,238.23999999999998,39.70666666666666,10.833333333333334,1,6,13,1.4142135623730951,0.0,0.0,0.0,0.0,0.0,0.0,0.0,0
4777,2023-11-05,Mexico,24.0,M,Premium,37.93,422,1,18-25,North America,249,4.882352941176471,1717.86,33.6835294117647,7.96078431372549,30,51,0,2.3886988828525824,0.0,0.0,0.0,0.0,0.0,0.0,0.0,0
4778,2024-01-29,France,31.0,F,Basic,13.81,337,0,26-35,Europe,202,5.45945945945946,1041.91,28.159729729729733,7.702702702702703,17,37,2,2.328502076855832,0.0,0.0,0.0,0.0,0.0,0.0,0.0,0
4779,2022-06-29,USA,29.0,F,Basic,13.69,916,0,26-35,North America,307,4.951612903225806,1754.24,28.294193548387096,7.290322580645161,32,62,0,2.5442150346976566,0.0,0.0,0.0,0.0,0.0,0.0,0.0,0
4780,2022-05-03,UK,52.0,M,Basic,13.85,973,0,51+,Europe,248,5.391304347826087,1366.67,29.71021739130435,7.760869565217392,23,46,1,2.7847063349625705,4.0,18.118402777777778,0.0,100.0,0.0,4.75,36.0,0
4781,2022-01-13,UK,22.0,M,Basic,10.21,1083,0,18-25,Europe,251,5.340425531914893,1547.13,32.91765957446809,6.382978723404255,29,47,3,2.4958800464546513,1.0,0.0,1.0,0.0,0.0,0.0,274.0,0
4782,2023-12-26,Germany,34.0,F,Basic,14.47,371,0,26-35,Europe,254,4.884615384615385,1602.68,30.820769230769233,7.211538461538462,23,52,1,2.7055052527577637,0.0,0.0,0.0,0.0,0.0,0.0,0.0,1
4783,2022-05-21,UK,59.0,M,Premium,38.88,955,1,51+,Europe,139,4.793103448275862,900.81,31.062413793103445,8.0,12,29,1,2.8831940416443356,5.0,12.017916666666668,1.0,40.0,2.0,3.6666666666666665,74.0,0
4784,2023-12-20,France,49.0,F,Basic,12.65,377,0,36-50,Europe,49,5.444444444444445,204.12,22.68,9.11111111111111,2,9,3,2.8771127502720115,0.0,0.0,0.0,0.0,0.0,0.0,0.0,1
4785,2022-01-12,USA,27.0,M,Basic,11.23,1084,0,26-35,North America,192,5.1891891891891895,1068.07,28.866756756756754,7.756756756756757,15,37,0,2.644048220246936,0.0,0.0,0.0,0.0,0.0,0.0,0.0,0
4786,2022-06-17,Germany,60.0,M,Basic,12.95,928,0,51+,Europe,312,4.656716417910448,2199.26,32.82477611940299,7.850746268656716,32,67,1,2.6374473357141675,2.0,14.138472222222223,0.0,0.0,0.0,4.0,62.0,0
4787,2023-05-24,Italy,34.0,F,Premium,35.57,587,1,26-35,Europe,234,5.318181818181818,1196.08,27.183636363636364,8.659090909090908,23,44,4,2.3503856909890173,0.0,0.0,0.0,0.0,0.0,0.0,0.0,1
4788,2022-12-22,Germany,22.0,F,Basic,11.1,740,0,18-25,Europe,29,4.142857142857143,216.37,30.91,8.428571428571429,1,7,2,1.5735915849388862,0.0,0.0,0.0,0.0,0.0,0.0,0.0,1
4789,2023-06-20,UK,62.0,Unknown,Basic,13.01,560,0,51+,Europe,49,6.125,320.48,40.06,9.125,2,8,12,2.4748737341529163,0.0,0.0,0.0,0.0,0.0,0.0,0.0,1
4790,2023-06-14,France,59.0,M,Basic,13.98,566,0,51+,Europe,254,5.08,1017.52,20.3504,7.56,20,50,1,2.8272724289949673,1.0,0.0,1.0,0.0,0.0,0.0,125.0,1
4791,2024-03-12,Mexico,26.0,M,Basic,14.02,294,0,26-35,North America,150,4.838709677419355,862.08,27.809032258064516,8.806451612903226,14,31,0,2.77003940036417,0.0,0.0,0.0,0.0,0.0,0.0,0.0,0
4792,2024-04-22,Australia,66.0,F,Premium,30.59,253,1,51+,Oceania,107,3.8214285714285716,730.48,26.08857142857143,8.178571428571429,13,28,0,2.4653685988189125,0.0,0.0,0.0,0.0,0.0,0.0,0.0,0
4793,2024-01-09,Canada,50.0,M,Basic,10.98,357,0,36-50,North America,274,5.074074074074074,1502.04,27.815555555555555,8.38888888888889,15,54,0,2.486581739884391,0.0,0.0,0.0,0.0,0.0,0.0,0.0,1
4794,2022-09-23,UK,53.0,M,Premium,36.67,830,1,51+,Europe,276,4.677966101694915,1838.27,31.157118644067797,7.084745762711864,34,59,1,2.635570199158649,0.0,0.0,0.0,0.0,0.0,0.0,0.0,1
4795,2022-06-20,UK,53.0,M,Basic,14.29,925,0,51+,Europe,455,5.6875,1943.34,24.29175,8.25,34,80,0,2.452556145243085,0.0,0.0,0.0,0.0,0.0,0.0,0.0,1
4796,2023-01-16,Brazil,35.0,M,Enterprise,152.11,715,1,26-35,South America,194,5.542857142857143,1136.23,32.46371428571429,8.342857142857143,12,35,1,2.392916718184749,2.0,0.0,2.0,50.0,0.0,0.0,24.0,0
4797,2022-05-10,Germany,26.0,F,Basic,13.53,966,0,26-35,Europe,369,4.92,1942.36,25.89813333333333,7.653333333333333,45,75,0,2.6033242781676846,0.0,0.0,0.0,0.0,0.0,0.0,0.0,0
4798,2024-02-07,UK,46.0,F,Premium,30.2,328,1,36-50,Europe,234,4.333333333333333,1557.52,28.84296296296296,7.777777777777778,28,54,0,2.6278623208529193,0.0,0.0,0.0,0.0,0.0,0.0,0.0,0
4799,2024-03-10,USA,67.0,F,Basic,13.03,296,0,51+,North America,182,4.918918918918919,1254.15,33.89594594594595,7.297297297297297,15,37,0,2.5967755473362035,0.0,0.0,0.0,0.0,0.0,0.0,0.0,1
4800,2024-06-13,France,31.0,F,Basic,14.8,201,0,26-35,Europe,276,4.928571428571429,1592.53,28.438035714285714,7.75,21,56,0,2.455843812454048,0.0,0.0,0.0,0.0,0.0,0.0,0.0,0
4801,2022-10-03,Canada,42.0,F,Basic,13.3,820,0,36-50,North America,227,4.54,1399.41,27.988200000000003,7.94,25,50,5,2.5169628604364287,4.0,15.820416666666667,0.0,75.0,1.0,3.0,61.0,0
4802,2024-01-21,Spain,32.0,F,Premium,39.21,345,1,26-35,Europe,269,5.2745098039215685,1878.83,36.839803921568624,7.333333333333333,29,51,0,2.392307934798938,1.0,13.876388888888888,0.0,0.0,0.0,5.0,153.0,0
4803,2024-06-26,USA,23.0,F,Basic,12.82,188,0,18-25,North America,148,5.103448275862069,994.29,34.285862068965514,8.068965517241379,11,29,0,2.968222503045587,2.0,21.06277777777778,0.0,50.0,0.0,5.0,199.0,0
4804,2022-05-01,Germany,59.0,M,Basic,14.21,975,0,51+,Europe,54,6.0,156.4,17.37777777777778,4.777777777777778,4,9,5,2.179449471770337,3.0,25.799629629629624,0.0,66.66666666666666,0.0,0.0,69.0,1
4805,2024-02-29,France,46.0,M,Basic,10.61,306,0,36-50,Europe,433,4.920454545454546,2934.56,33.347272727272724,7.931818181818182,42,88,0,2.6007142737221867,0.0,0.0,0.0,0.0,0.0,0.0,0.0,1
4806,2022-01-31,Spain,32.0,F,Enterprise,112.34,1065,1,26-35,Europe,244,4.784313725490196,1817.36,35.63450980392157,7.568627450980392,36,51,0,2.5164556462627834,3.0,19.53851851851852,0.0,100.0,2.0,2.0,16.0,0
4807,2022-12-10,Spain,46.0,M,Basic,10.59,752,0,36-50,Europe,92,5.111111111111111,419.18,23.287777777777777,7.0,7,18,6,2.826115373542836,0.0,0.0,0.0,0.0,0.0,0.0,0.0,0
4808,2024-04-06,Brazil,21.0,M,Basic,12.43,269,0,18-25,South America,326,5.09375,1959.42,30.6159375,7.796875,36,64,1,2.6530530481297347,3.0,29.669537037037035,0.0,66.66666666666666,0.0,3.0,10.0,1
4809,2023-03-16,UK,35.0,F,Enterprise,133.02,656,1,26-35,Europe,77,5.5,356.22,25.444285714285716,9.214285714285714,11,14,3,3.0064034224404317,0.0,0.0,0.0,0.0,0.0,0.0,0.0,0
4810,2022-10-06,Canada,67.0,F,Enterprise,171.91,817,1,51+,North America,225,5.232558139534884,1282.48,29.825116279069768,6.4186046511627906,25,43,2,2.5988752998018714,1.0,12.676944444444445,0.0,100.0,0.0,3.0,203.0,0
4811,2023-06-21,UK,66.0,F,Basic,14.5,559,0,51+,Europe,223,5.439024390243903,1030.76,25.14048780487805,7.390243902439025,15,41,0,2.6556428646168224,0.0,0.0,0.0,0.0,0.0,0.0,0.0,0
4812,2022-03-07,Spain,61.0,M,Premium,36.18,1030,1,51+,Europe,269,4.890909090909091,1508.0,27.418181818181818,6.8545454545454545,31,55,0,2.2083404802628777,4.0,12.808680555555556,0.0,75.0,0.0,3.3333333333333335,8.0,0
4813,2022-09-27,USA,56.0,Other,Basic,11.06,826,0,51+,North America,329,4.7,2184.52,31.207428571428572,8.071428571428571,38,70,0,2.561419443437055,0.0,0.0,0.0,0.0,0.0,0.0,0.0,0
4814,2023-12-31,Brazil,33.0,F,Basic,14.64,366,0,26-35,South America,74,4.111111111111111,540.65,30.03611111111111,7.555555555555555,12,18,1,2.968241485516276,0.0,0.0,0.0,0.0,0.0,0.0,0.0,0
4815,2023-08-14,France,28.0,F,Premium,35.27,505,1,26-35,Europe,179,5.264705882352941,1122.21,33.00617647058824,8.264705882352942,22,34,3,2.936797096089669,0.0,0.0,0.0,0.0,0.0,0.0,0.0,0
4816,2023-10-05,Brazil,31.0,M,Premium,37.19,453,1,26-35,South America,216,5.142857142857143,1299.39,30.937857142857144,7.142857142857143,22,42,2,2.415109234225321,1.0,0.0,1.0,100.0,0.0,0.0,107.0,0
4817,2022-03-20,USA,20.0,Unknown,Basic,14.44,1017,0,18-25,North America,106,5.0476190476190474,615.78,29.322857142857142,7.285714285714286,14,21,6,2.69214023550391,0.0,0.0,0.0,0.0,0.0,0.0,0.0,0
4818,2023-05-24,USA,68.0,M,Basic,14.94,587,0,51+,North America,408,4.857142857142857,2629.88,31.30809523809524,7.261904761904762,41,84,0,2.435395898856125,0.0,0.0,0.0,0.0,0.0,0.0,0.0,0
4819,2023-04-12,Australia,67.0,M,Basic,12.52,629,0,51+,Oceania,47,4.7,311.78,31.177999999999997,7.3,6,10,4,2.4060109910158114,3.0,14.531851851851854,0.0,100.0,0.0,4.0,28.0,0
4820,2023-06-08,Brazil,59.0,M,Premium,38.07,572,1,51+,South America,171,5.029411764705882,1136.26,33.419411764705885,8.176470588235293,20,34,4,2.392985888315178,0.0,0.0,0.0,0.0,0.0,0.0,0.0,0
4821,2023-01-04,Australia,55.0,M,Enterprise,156.68,727,1,51+,Oceania,260,5.0,1620.57,31.16480769230769,7.230769230769231,28,52,0,2.6121886248440607,5.0,11.431805555555554,1.0,60.0,1.0,4.0,51.0,1
4822,2022-02-26,Germany,62.0,F,Basic,12.42,1039,0,51+,Europe,55,5.0,303.71,27.61,7.636363636363637,5,11,10,2.932575659723036,3.0,6.851250000000001,1.0,33.33333333333333,0.0,5.0,149.0,0
4823,2023-05-27,Australia,59.0,F,Premium,35.37,584,1,51+,Oceania,218,5.45,1662.48,41.562,6.275,15,40,0,2.6597667142738244,0.0,0.0,0.0,0.0,0.0,0.0,0.0,0
4824,2024-05-29,Italy,35.0,F,Basic,12.41,216,0,26-35,Europe,299,5.245614035087719,1729.66,30.344912280701756,7.666666666666667,28,57,0,2.509131193933654,0.0,0.0,0.0,0.0,0.0,0.0,0.0,0
4825,2023-08-04,UK,37.0,M,Premium,34.2,515,1,36-50,Europe,207,4.813953488372093,1187.99,27.627674418604652,7.3023255813953485,14,43,2,2.4519750440884955,0.0,0.0,0.0,0.0,0.0,0.0,0.0,0
4826,2022-06-20,Italy,65.0,M,Basic,13.61,925,0,51+,Europe,406,5.139240506329114,2389.54,30.2473417721519,7.962025316455696,29,79,0,2.6103058923565903,0.0,0.0,0.0,0.0,0.0,0.0,0.0,0
4827,2023-01-12,Spain,42.0,M,Basic,11.24,719,0,36-50,Europe,44,4.4,217.75,21.775,7.0,3,10,2,2.5473297566057065,0.0,0.0,0.0,0.0,0.0,0.0,0.0,0
4828,2022-06-11,France,55.0,M,Basic,13.07,934,0,51+,Europe,404,4.926829268292683,2100.69,25.618170731707316,7.780487804878049,39,82,0,2.355872556263393,0.0,0.0,0.0,0.0,0.0,0.0,0.0,0
4829,2022-09-19,Germany,30.0,M,Enterprise,171.29,834,1,26-35,Europe,242,5.260869565217392,1233.33,26.811521739130434,7.8478260869565215,23,46,1,2.6367891468281868,0.0,0.0,0.0,0.0,0.0,0.0,0.0,0
4830,2024-03-02,UK,21.0,F,Basic,14.45,304,0,18-25,Europe,132,6.0,862.64,39.21090909090909,8.545454545454545,6,22,0,2.309401076758503,0.0,0.0,0.0,0.0,0.0,0.0,0.0,0
4831,2022-04-16,Spain,31.0,F,Basic,11.65,990,0,26-35,Europe,221,4.804347826086956,1321.2,28.721739130434784,7.3478260869565215,32,46,1,2.5787125574802396,0.0,0.0,0.0,0.0,0.0,0.0,0.0,1
4832,2023-08-11,UK,50.0,Unknown,Premium,38.6,508,1,36-50,Europe,275,5.392156862745098,1594.26,31.26,7.352941176470588,27,51,0,2.4337496286393057,5.0,17.126597222222223,1.0,20.0,1.0,4.5,38.0,0
4833,2023-11-22,USA,45.0,F,Basic,14.72,405,0,36-50,North America,439,5.045977011494253,2690.54,30.925747126436782,8.114942528735632,39,87,0,2.701885844321416,4.0,17.931944444444444,1.0,25.0,1.0,3.5,42.0,1
4834,2024-01-11,Canada,69.0,F,Basic,13.23,355,0,51+,North America,384,4.571428571428571,2484.24,29.57428571428571,7.773809523809524,33,84,0,2.4802143042157647,0.0,0.0,0.0,0.0,0.0,0.0,0.0,1
4835,2022-04-29,Australia,54.0,F,Basic,13.85,977,0,51+,Oceania,33,4.714285714285714,127.25,18.178571428571427,7.428571428571429,3,7,7,3.2513733362117265,0.0,0.0,0.0,0.0,0.0,0.0,0.0,0
4836,2022-08-22,UK,25.0,F,Premium,34.05,862,1,18-25,Europe,165,5.0,862.52,26.136969696969697,7.090909090909091,11,33,3,2.5617376914898995,0.0,0.0,0.0,0.0,0.0,0.0,0.0,0
4837,2024-01-29,France,61.0,F,Basic,14.75,337,0,51+,Europe,207,4.813953488372093,1112.8700000000001,25.880697674418606,8.116279069767442,26,43,2,2.71026104834315,4.0,12.850972222222222,0.0,75.0,0.0,5.0,97.0,1
4838,2023-06-06,USA,51.0,Unknown,Basic,13.34,574,0,51+,North America,301,5.016666666666667,1619.23,26.987166666666667,7.666666666666667,26,60,0,2.6264086884698763,2.0,6.850555555555555,0.0,50.0,1.0,2.0,105.0,0
4839,2022-01-03,Canada,61.0,F,Basic,11.54,1093,0,51+,North America,392,5.36986301369863,2063.43,28.26616438356164,7.315068493150685,35,73,0,2.7208395830202265,3.0,6.2444444444444445,0.0,33.33333333333333,0.0,3.5,2.0,0
4840,2022-02-15,Italy,22.0,M,Enterprise,140.42,1050,1,18-25,Europe,154,4.967741935483871,1038.88,33.51225806451613,7.806451612903226,17,31,1,2.6643807406567843,0.0,0.0,0.0,0.0,0.0,0.0,0.0,0
4841,2024-05-29,Australia,22.0,F,Basic,13.08,216,0,18-25,Oceania,406,5.012345679012346,2668.9,32.949382716049385,7.827160493827161,39,81,0,2.6855810691566075,0.0,0.0,0.0,0.0,0.0,0.0,0.0,1
4842,2024-06-02,Germany,48.0,F,Basic,11.16,212,0,36-50,Europe,253,5.06,1645.25,32.905,6.98,20,50,1,2.61401247596292,4.0,17.749166666666667,0.0,50.0,0.0,3.6666666666666665,57.0,0
4843,2022-01-13,Italy,62.0,F,Premium,37.53,1083,1,51+,Europe,302,5.392857142857143,1700.64,30.368571428571432,6.5,28,56,2,2.633204556005141,5.0,16.19638888888889,3.0,20.0,1.0,4.0,28.0,0
4844,2022-09-08,France,26.0,M,Basic,11.11,845,0,26-35,Europe,63,5.7272727272727275,306.54,27.86727272727273,6.181818181818182,4,11,3,2.6866674186027972,5.0,18.918055555555554,1.0,60.0,1.0,4.666666666666667,118.0,1
4845,2022-02-17,Italy,59.0,M,Basic,12.95,1048,0,51+,Europe,230,5.2272727272727275,1295.01,29.432045454545456,6.2727272727272725,21,44,2,2.5045413298101655,0.0,0.0,0.0,0.0,0.0,0.0,0.0,0
4846,2023-04-29,France,49.0,F,Enterprise,169.69,612,1,36-50,Europe,267,4.944444444444445,1530.19,28.336851851851854,7.222222222222222,17,54,0,2.5728382878342573,2.0,16.560694444444444,0.0,50.0,0.0,4.5,297.0,0
4847,2023-01-08,Italy,50.0,Unknown,Basic,14.29,723,0,36-50,Europe,184,4.487804878048781,1199.25,29.25,7.341463414634147,18,41,1,2.5992494226171545,0.0,0.0,0.0,0.0,0.0,0.0,0.0,1
4848,2023-01-28,Canada,43.5,M,Premium,37.33,703,1,36-50,North America,125,4.310344827586207,872.0400000000001,30.070344827586208,8.03448275862069,19,29,5,2.6336211935532803,0.0,0.0,0.0,0.0,0.0,0.0,0.0,0
4849,2022-06-03,Brazil,47.0,F,Premium,37.98,942,1,36-50,South America,44,3.6666666666666665,435.59,36.299166666666665,8.333333333333334,7,12,20,2.4618298195866544,1.0,17.041666666666668,0.0,0.0,0.0,4.0,147.0,0
4850,2022-07-03,USA,67.0,F,Basic,14.55,912,0,51+,North America,138,5.111111111111111,703.75,26.064814814814813,7.481481481481482,21,27,0,2.325995788959303,0.0,0.0,0.0,0.0,0.0,0.0,0.0,0
4851,2024-05-28,Canada,29.0,M,Basic,12.98,217,0,26-35,North America,117,4.5,764.35,29.398076923076925,7.923076923076923,12,26,3,2.4698178070456938,0.0,0.0,0.0,0.0,0.0,0.0,0.0,0
4852,2022-02-06,Brazil,46.0,F,Enterprise,184.62,1059,1,36-50,South America,197,4.925,1239.03,30.975749999999998,8.75,22,40,2,2.525637771701666,5.0,23.00111111111111,1.0,60.0,0.0,3.0,40.0,0
4853,2023-07-21,UK,20.0,M,Premium,32.31,529,1,18-25,Europe,93,4.2272727272727275,730.37,33.19863636363636,8.636363636363637,15,22,6,2.8938657319334764,0.0,0.0,0.0,0.0,0.0,0.0,0.0,1
4854,2024-04-02,Spain,43.0,F,Basic,14.06,273,0,36-50,Europe,79,3.95,545.53,27.2765,7.05,10,20,0,2.5021043774769813,0.0,0.0,0.0,0.0,0.0,0.0,0.0,0
4855,2024-01-02,Spain,47.0,F,Basic,11.1,364,0,36-50,Europe,489,5.620689655172414,2482.86,28.538620689655176,7.413793103448276,46,87,0,2.3783978353150412,1.0,10.60361111111111,0.0,0.0,0.0,5.0,106.0,1
4856,2024-01-29,UK,26.0,F,Premium,39.34,337,1,26-35,Europe,231,5.25,1277.41,29.032045454545457,7.863636363636363,21,44,0,2.353868661250794,1.0,19.614166666666662,0.0,100.0,0.0,3.0,341.0,0
4857,2023-11-03,Australia,43.0,F,Basic,11.64,424,0,36-50,Oceania,26,3.7142857142857144,194.38,27.768571428571427,10.0,1,7,5,2.138089935299395,4.0,12.481851851851852,1.0,50.0,1.0,4.5,126.0,1
4858,2023-03-06,Canada,19.0,M,Basic,10.85,666,0,18-25,North America,376,4.947368421052632,2293.68,30.179999999999996,7.552631578947368,33,76,0,2.5710943809571583,0.0,0.0,0.0,0.0,0.0,0.0,0.0,1
4859,2022-08-18,Canada,20.0,F,Enterprise,114.81,866,1,18-25,North America,198,5.2105263157894735,1131.53,29.777105263157893,7.2894736842105265,24,38,0,2.791472484984206,0.0,0.0,0.0,0.0,0.0,0.0,0.0,0
4860,2022-11-26,USA,63.0,F,Basic,10.93,766,0,51+,North America,143,5.5,853.7,32.83461538461539,6.384615384615385,8,26,0,2.533771891863985,0.0,0.0,0.0,0.0,0.0,0.0,0.0,0
4861,2022-09-12,USA,21.0,F,Premium,34.47,841,1,18-25,North America,130,5.6521739130434785,736.4,32.017391304347825,7.913043478260869,8,23,4,2.621739458176816,0.0,0.0,0.0,0.0,0.0,0.0,0.0,0
4862,2023-03-03,UK,43.5,M,Premium,35.21,669,1,36-50,Europe,218,5.069767441860465,1436.56,33.40837209302325,7.976744186046512,18,43,1,2.6672203190481465,0.0,0.0,0.0,0.0,0.0,0.0,0.0,0
4863,2024-01-08,UK,68.0,M,Basic,14.56,358,0,51+,Europe,58,5.8,242.28,24.228,6.3,9,10,13,2.820559440174157,0.0,0.0,0.0,0.0,0.0,0.0,0.0,0
4864,2022-11-24,Spain,30.0,F,Premium,33.8,768,1,26-35,Europe,274,5.48,1641.51,32.8302,7.04,28,50,0,2.727337043150108,4.0,7.659166666666667,2.0,50.0,1.0,0.0,24.0,0
4865,2022-10-05,UK,43.5,F,Basic,11.08,818,0,36-50,Europe,61,4.357142857142857,330.62,23.615714285714287,6.714285714285714,10,14,8,2.097879620259204,0.0,0.0,0.0,0.0,0.0,0.0,0.0,0
4866,2024-04-25,Australia,61.0,M,Basic,13.71,250,0,51+,Oceania,244,5.674418604651163,1209.51,28.128139534883722,8.279069767441861,33,43,1,2.337285057421457,0.0,0.0,0.0,0.0,0.0,0.0,0.0,0
4867,2022-03-21,France,52.0,Other,Basic,10.66,1016,0,51+,Europe,331,5.092307692307692,1630.45,25.083846153846153,7.492307692307692,37,65,0,2.742735159260943,0.0,0.0,0.0,0.0,0.0,0.0,0.0,0
4868,2023-08-09,France,40.0,F,Basic,14.45,510,0,36-50,Europe,252,5.142857142857143,1475.19,30.10591836734694,8.36734693877551,25,49,2,2.5083194905487347,1.0,10.883611111111112,0.0,0.0,0.0,1.0,229.0,0
4869,2023-01-17,Mexico,26.0,F,Premium,34.08,714,1,26-35,North America,101,4.809523809523809,968.04,46.097142857142856,6.761904761904762,11,21,5,2.3370718349902644,0.0,0.0,0.0,0.0,0.0,0.0,0.0,0
4870,2022-05-03,USA,19.0,F,Enterprise,161.37,973,1,18-25,North America,189,5.108108108108108,1015.9399999999999,27.457837837837836,7.513513513513513,10,37,0,2.78671235791672,0.0,0.0,0.0,0.0,0.0,0.0,0.0,1
4871,2023-05-30,Italy,58.0,F,Premium,31.85,581,1,51+,Europe,126,5.478260869565218,563.36,24.493913043478262,8.217391304347826,12,23,0,2.921232075331343,4.0,13.721319444444443,0.0,0.0,1.0,4.0,24.0,0
4872,2023-11-21,USA,61.0,F,Basic,10.72,406,0,51+,North America,361,5.3088235294117645,1991.84,29.29176470588235,6.926470588235294,41,68,0,2.5407564565259695,0.0,0.0,0.0,0.0,0.0,0.0,0.0,0
4873,2022-02-23,USA,48.0,M,Premium,37.98,1042,1,36-50,North America,206,5.024390243902439,1312.82,32.019999999999996,7.682926829268292,26,41,5,2.3820978661470726,0.0,0.0,0.0,0.0,0.0,0.0,0.0,0
4874,2022-07-03,UK,61.0,F,Basic,12.14,912,0,51+,Europe,36,3.6,472.24,47.224000000000004,7.0,7,10,11,1.9550504398153574,0.0,0.0,0.0,0.0,0.0,0.0,0.0,0
4875,2022-08-17,UK,64.0,F,Basic,14.92,867,0,51+,Europe,246,4.823529411764706,1532.19,30.04294117647059,7.647058823529412,32,51,1,2.840463922340442,3.0,9.293425925925925,0.0,33.33333333333333,0.0,3.6666666666666665,68.0,0
4876,2024-04-03,UK,19.0,F,Basic,12.61,272,0,18-25,Europe,263,5.36734693877551,1586.86,32.38489795918367,8.46938775510204,30,49,2,2.587581540993929,0.0,0.0,0.0,0.0,0.0,0.0,0.0,0
4877,2023-06-13,France,49.0,F,Basic,14.22,567,0,36-50,Europe,72,4.8,533.79,35.586,6.933333333333334,8,15,0,2.455314934702151,4.0,14.162777777777777,2.0,50.0,1.0,3.5,12.0,0
4878,2022-02-17,Canada,35.0,M,Basic,14.89,1048,0,26-35,North America,278,5.245283018867925,1752.05,33.05754716981132,8.30188679245283,30,53,0,2.3770186593338893,3.0,10.703888888888889,2.0,0.0,2.0,4.0,56.0,0
4879,2023-02-15,Spain,30.0,M,Basic,11.4,685,0,26-35,Europe,245,4.537037037037037,1728.04,32.00074074074074,7.037037037037037,32,54,1,2.6966993309639182,0.0,0.0,0.0,0.0,0.0,0.0,0.0,0
4880,2022-03-12,UK,63.0,F,Basic,13.99,1025,0,51+,Europe,73,6.083333333333333,340.93,28.410833333333333,7.75,6,12,4,2.778434265858556,4.0,14.910833333333333,2.0,75.0,1.0,0.0,76.0,0
4881,2024-06-17,USA,43.5,M,Basic,10.1,197,0,36-50,North America,275,5.0,1802.79,32.778,8.381818181818181,33,55,0,2.673602092336881,3.0,19.549907407407407,0.0,100.0,0.0,0.0,129.0,0
4882,2023-04-22,USA,59.0,F,Enterprise,167.97,619,1,51+,North America,289,4.982758620689655,1869.67,32.235689655172415,7.4655172413793105,30,58,0,2.625725492462318,0.0,0.0,0.0,0.0,0.0,0.0,0.0,0
4883,2024-06-05,UK,61.0,M,Enterprise,174.51,209,1,51+,Europe,252,5.7272727272727275,1301.15,29.57159090909091,7.5227272727272725,19,44,0,2.6794969708722043,0.0,0.0,0.0,0.0,0.0,0.0,0.0,1
4884,2022-10-17,Canada,27.0,M,Premium,34.76,806,1,26-35,North America,117,5.086956521739131,826.07,35.91608695652174,8.826086956521738,7,23,0,2.6442569583268716,5.0,25.99451388888889,1.0,40.0,0.0,4.0,2.0,0
4885,2024-03-03,USA,60.0,M,Basic,10.8,303,0,51+,North America,460,5.168539325842697,2863.35,32.17247191011236,7.49438202247191,42,89,0,2.6208775207074337,4.0,18.88601851851852,1.0,75.0,1.0,5.0,29.0,0
4886,2024-05-15,Brazil,42.0,F,Premium,36.16,230,1,36-50,South America,208,4.622222222222222,1436.92,31.93155555555556,6.844444444444444,20,45,0,2.308963648763906,0.0,0.0,0.0,0.0,0.0,0.0,0.0,0
4887,2022-11-15,Italy,51.0,F,Premium,38.97,777,1,51+,Europe,261,5.22,1504.92,30.0984,7.22,19,50,2,2.674825952758613,0.0,0.0,0.0,0.0,0.0,0.0,0.0,1
4888,2022-12-02,UK,54.0,F,Premium,39.3,760,1,51+,Europe,270,4.7368421052631575,1570.3,27.549122807017543,7.824561403508772,25,57,0,2.2953860225420044,3.0,13.822083333333332,1.0,0.0,0.0,5.0,32.0,1
4889,2022-03-30,Mexico,47.0,F,Basic,13.72,1007,0,36-50,North America,256,5.333333333333333,1341.73,27.952708333333334,7.8125,25,48,1,2.8234077292650737,0.0,0.0,0.0,0.0,0.0,0.0,0.0,0
4890,2023-07-21,UK,24.0,M,Basic,11.31,529,0,18-25,Europe,253,4.96078431372549,1304.24,25.573333333333334,7.2745098039215685,17,51,0,2.891095185660448,0.0,0.0,0.0,0.0,0.0,0.0,0.0,1
4891,2023-04-13,UK,23.0,M,Basic,14.34,628,0,18-25,Europe,121,4.481481481481482,795.77,29.472962962962963,7.592592592592593,15,27,0,2.8061795870264388,3.0,27.150555555555556,0.0,33.33333333333333,1.0,4.0,16.0,0
4892,2022-01-09,UK,20.0,F,Basic,14.43,1087,0,18-25,Europe,245,5.326086956521739,1258.63,27.36152173913044,7.239130434782608,24,46,1,2.6504033053781493,0.0,0.0,0.0,0.0,0.0,0.0,0.0,0
4893,2023-01-13,Mexico,43.5,F,Basic,11.83,718,0,36-50,North America,189,5.25,1035.0,28.75,6.972222222222222,19,36,1,2.4186773244895647,0.0,0.0,0.0,0.0,0.0,0.0,0.0,0
4894,2022-07-25,UK,20.0,M,Premium,31.82,890,1,18-25,Europe,295,5.175438596491228,1765.43,30.97245614035088,7.614035087719298,26,57,0,2.323196743233216,0.0,0.0,0.0,0.0,0.0,0.0,0.0,1
4895,2022-10-26,Mexico,43.0,F,Premium,38.74,797,1,36-50,North America,424,5.108433734939759,2465.78,29.708192771084338,6.807228915662651,41,83,0,2.727511365439963,1.0,14.050277777777778,0.0,0.0,0.0,1.0,322.0,0
4896,2023-08-01,USA,41.0,F,Basic,14.42,518,0,36-50,North America,147,4.59375,796.02,24.875625,7.40625,25,32,3,2.949678768732229,0.0,0.0,0.0,0.0,0.0,0.0,0.0,0
4897,2024-03-14,Mexico,70.0,M,Basic,10.49,292,0,51+,North America,240,4.444444444444445,1743.81,32.29277777777778,8.074074074074074,30,54,0,2.581988897471611,0.0,0.0,0.0,0.0,0.0,0.0,0.0,0
4898,2022-11-08,Italy,23.0,M,Premium,39.66,784,1,18-25,Europe,86,5.375,660.77,41.298125,8.25,7,16,0,2.4731895735399396,4.0,28.63814814814815,1.0,50.0,0.0,4.0,42.0,0
4899,2024-01-28,Mexico,60.0,F,Basic,12.66,338,0,51+,North America,243,4.584905660377358,1529.91,28.866226415094342,7.566037735849057,19,53,1,2.5527810043780685,2.0,10.385555555555557,0.0,100.0,1.0,4.0,30.0,0
4900,2023-09-30,Brazil,66.0,M,Basic,14.96,458,0,51+,South America,169,5.121212121212121,988.52,29.955151515151513,7.424242424242424,17,33,3,2.8367848851910655,0.0,0.0,0.0,0.0,0.0,0.0,0.0,0
4901,2022-09-06,Mexico,59.0,M,Premium,34.44,847,1,51+,North America,32,3.5555555555555554,272.42,30.268888888888892,7.888888888888889,4,9,0,2.0682789409984763,0.0,0.0,0.0,0.0,0.0,0.0,0.0,1
4902,2023-04-21,USA,29.0,F,Basic,12.66,620,0,26-35,North America,141,4.7,1024.4,34.14666666666667,7.8,14,30,0,2.854518499163907,0.0,0.0,0.0,0.0,0.0,0.0,0.0,1
4903,2023-01-13,Mexico,66.0,M,Premium,32.65,718,1,51+,North America,119,5.409090909090909,692.4300000000001,31.47409090909091,8.772727272727273,7,22,0,2.9221500712593524,0.0,0.0,0.0,0.0,0.0,0.0,0.0,0
4904,2023-08-29,UK,53.0,F,Premium,38.98,490,1,51+,Europe,156,5.571428571428571,1007.58,35.985,7.821428571428571,16,28,1,2.672612419124244,0.0,0.0,0.0,0.0,0.0,0.0,0.0,0
4905,2023-05-21,Brazil,19.0,M,Premium,34.43,590,1,18-25,South America,225,5.625,1243.3700000000001,31.084250000000004,6.725,22,40,1,2.3499863611169953,0.0,0.0,0.0,0.0,0.0,0.0,0.0,0
4906,2024-03-02,Spain,28.0,F,Basic,14.06,304,0,26-35,Europe,125,4.8076923076923075,817.75,31.451923076923077,7.0,13,26,1,2.757088765625521,0.0,0.0,0.0,0.0,0.0,0.0,0.0,0
4907,2024-03-05,Australia,56.0,F,Basic,10.39,301,0,51+,Oceania,309,5.327586206896552,1362.57,23.49258620689655,7.931034482758621,32,58,0,2.6317090106999665,0.0,0.0,0.0,0.0,0.0,0.0,0.0,0
4908,2022-07-20,Brazil,51.0,M,Basic,13.93,895,0,51+,South America,151,4.870967741935484,977.13,31.52032258064516,9.387096774193548,17,31,0,3.159556250318189,0.0,0.0,0.0,0.0,0.0,0.0,0.0,0
4909,2024-01-21,Canada,43.0,M,Basic,12.44,345,0,36-50,North America,155,5.166666666666667,894.35,29.811666666666667,7.766666666666667,14,30,0,2.5607559946952807,0.0,0.0,0.0,0.0,0.0,0.0,0.0,0
4910,2023-07-14,Australia,35.0,F,Basic,10.02,536,0,26-35,Oceania,209,4.976190476190476,1289.1100000000001,30.693095238095243,7.119047619047619,19,42,0,2.4142675022851163,4.0,28.799305555555556,0.0,50.0,1.0,4.0,94.0,0
4911,2024-02-18,USA,38.0,F,Premium,32.25,317,1,36-50,North America,158,4.647058823529412,1043.37,30.687352941176467,7.117647058823529,17,34,2,2.901225999377719,2.0,20.083333333333332,1.0,100.0,0.0,0.0,30.0,0
4912,2024-03-26,USA,53.0,F,Enterprise,119.36,280,1,51+,North America,94,4.7,646.73,32.3365,7.15,16,20,2,2.848822471422923,5.0,20.522152777777777,1.0,60.0,1.0,3.6666666666666665,6.0,0
4913,2022-09-09,Canada,57.0,M,Premium,37.51,844,1,51+,North America,353,5.268656716417911,1755.04,26.19462686567164,7.298507462686567,37,67,1,2.4407033856522817,0.0,0.0,0.0,0.0,0.0,0.0,0.0,0
4914,2022-06-04,Brazil,69.0,F,Basic,12.38,941,0,51+,South America,28,5.6,181.69,36.338,11.6,3,5,3,3.0495901363953815,0.0,0.0,0.0,0.0,0.0,0.0,0.0,0
4915,2022-01-07,USA,63.0,F,Premium,31.59,1089,1,51+,North America,42,4.666666666666667,352.5,39.166666666666664,8.11111111111111,0,9,4,2.8722813232690143,0.0,0.0,0.0,0.0,0.0,0.0,0.0,1
4916,2023-02-24,Canada,61.0,F,Basic,11.27,676,0,51+,North America,187,4.4523809523809526,1159.72,27.612380952380953,7.476190476190476,19,42,1,2.2760940114363977,0.0,0.0,0.0,0.0,0.0,0.0,0.0,0
4917,2022-01-25,Australia,39.0,F,Basic,12.51,1071,0,36-50,Oceania,74,4.625,561.32,35.0825,10.125,11,16,2,3.095695936834452,0.0,0.0,0.0,0.0,0.0,0.0,0.0,0
4918,2022-08-27,Australia,70.0,M,Premium,30.19,857,1,51+,Oceania,190,4.75,1255.0,31.375,8.7,19,40,5,2.4573281299943517,0.0,0.0,0.0,0.0,0.0,0.0,0.0,0
4919,2023-07-09,UK,47.0,F,Basic,12.11,541,0,36-50,Europe,121,4.481481481481482,849.6800000000001,31.469629629629633,6.481481481481482,12,27,1,2.2933074933944773,0.0,0.0,0.0,0.0,0.0,0.0,0.0,0
4920,2022-12-21,France,67.0,M,Basic,13.38,741,0,51+,Europe,105,5.25,541.38,27.069,7.15,6,20,3,2.5313819816144116,1.0,25.56277777777778,0.0,0.0,0.0,3.0,67.0,0
4921,2023-10-14,UK,60.0,M,Premium,35.17,444,1,51+,Europe,150,5.555555555555555,849.97,31.48037037037037,7.518518518518518,14,27,1,2.2072142786315223,0.0,0.0,0.0,0.0,0.0,0.0,0.0,0
4922,2024-05-09,USA,47.0,F,Basic,12.98,236,0,36-50,North America,246,4.92,1634.31,32.6862,6.76,24,50,0,2.1269888651925433,0.0,0.0,0.0,0.0,0.0,0.0,0.0,0
4923,2023-12-12,Australia,25.0,Other,Enterprise,132.65,385,1,18-25,Oceania,364,4.8533333333333335,2414.83,32.19773333333333,7.466666666666667,39,75,0,2.8365059079377515,0.0,0.0,0.0,0.0,0.0,0.0,0.0,1
4924,2024-06-17,Spain,51.0,M,Basic,10.91,197,0,51+,Europe,123,5.857142857142857,543.58,25.884761904761906,8.571428571428571,7,21,2,2.32992949004287,2.0,31.387777777777778,0.0,0.0,0.0,5.0,223.0,1
4925,2022-01-10,Canada,64.0,F,Premium,38.09,1086,1,51+,North America,352,4.455696202531645,2684.93,33.986455696202526,8.177215189873417,32,79,0,2.3793851196368974,0.0,0.0,0.0,0.0,0.0,0.0,0.0,1
4926,2022-12-10,Italy,43.5,M,Basic,14.52,752,0,36-50,Europe,398,5.2368421052631575,2265.46,29.808684210526316,7.657894736842105,35,76,0,2.637516109537566,0.0,0.0,0.0,0.0,0.0,0.0,0.0,0
4927,2022-01-02,Mexico,43.5,F,Basic,12.54,1094,0,36-50,North America,170,5.0,896.39,26.36441176470588,5.882352941176471,14,34,0,2.558408596267325,0.0,0.0,0.0,0.0,0.0,0.0,0.0,1
4928,2024-02-17,France,37.0,F,Basic,11.52,318,0,36-50,Europe,95,5.0,750.36,39.49263157894737,7.315789473684211,14,19,1,2.7688746209726913,0.0,0.0,0.0,0.0,0.0,0.0,0.0,1
4929,2023-11-05,Australia,57.0,M,Premium,35.1,422,1,51+,Oceania,90,5.625,470.33,29.395625,7.0,5,16,1,2.3909551787239063,0.0,0.0,0.0,0.0,0.0,0.0,0.0,0
4930,2023-01-21,Canada,42.0,M,Premium,38.78,710,1,36-50,North America,405,4.821428571428571,2641.05,31.44107142857143,7.083333333333333,41,84,0,2.5982418257733313,0.0,0.0,0.0,0.0,0.0,0.0,0.0,0
4931,2024-05-19,UK,36.0,M,Premium,36.9,226,1,36-50,Europe,88,4.190476190476191,589.53,28.072857142857142,8.80952380952381,10,21,10,2.7132830228165954,0.0,0.0,0.0,0.0,0.0,0.0,0.0,0
4932,2024-01-26,France,22.0,M,Enterprise,185.85,340,1,18-25,Europe,172,5.0588235294117645,1010.25,29.71323529411765,6.382352941176471,16,34,1,2.9330011155251907,3.0,20.688796296296296,0.0,33.33333333333333,1.0,5.0,103.0,1
4933,2024-01-15,USA,28.0,M,Premium,33.27,351,1,26-35,North America,400,4.49438202247191,2469.43,27.74640449438202,6.887640449438202,40,89,0,2.8249038419098036,0.0,0.0,0.0,0.0,0.0,0.0,0.0,0
4934,2022-11-11,USA,32.0,F,Basic,13.55,781,0,26-35,North America,326,5.174603174603175,1679.4,26.65714285714286,8.015873015873016,32,63,0,2.7032816528857055,4.0,2.385,3.0,25.0,0.0,4.0,12.0,0
4935,2022-04-17,Germany,25.0,M,Premium,36.52,989,1,18-25,Europe,196,4.083333333333333,1329.19,27.691458333333333,7.854166666666667,16,48,1,2.550205109259014,1.0,35.715833333333336,0.0,0.0,0.0,0.0,216.0,0
4936,2022-07-30,Germany,36.0,F,Basic,12.85,885,0,36-50,Europe,353,5.268656716417911,2010.17,30.002537313432835,7.776119402985074,25,67,0,2.649082686014268,2.0,7.603472222222222,0.0,50.0,0.0,4.0,284.0,0
4937,2023-06-27,UK,40.0,M,Basic,12.63,553,0,36-50,Europe,75,4.6875,590.75,36.921875,6.6875,7,16,8,2.891798748184251,5.0,14.22125,1.0,40.0,1.0,4.0,96.0,1
4938,2022-09-01,UK,44.0,F,Basic,12.74,852,0,36-50,Europe,258,5.0588235294117645,1549.19,30.376274509803924,7.019607843137255,39,51,0,2.3950930228772522,3.0,7.275000000000001,0.0,66.66666666666666,1.0,2.5,155.0,1
4939,2023-03-06,USA,57.0,M,Basic,14.24,666,0,51+,North America,191,5.162162162162162,1260.5,34.067567567567565,8.108108108108109,19,37,0,2.7234936051728518,0.0,0.0,0.0,0.0,0.0,0.0,0.0,0
4940,2023-05-19,Italy,49.0,M,Premium,39.15,592,1,36-50,Europe,54,4.909090909090909,291.09000000000003,26.462727272727275,8.363636363636363,3,11,4,2.9817627489304193,0.0,0.0,0.0,0.0,0.0,0.0,0.0,0
4941,2022-03-03,UK,43.0,F,Basic,10.55,1034,0,36-50,Europe,263,4.962264150943396,1465.1299999999999,27.64396226415094,7.981132075471698,34,53,1,2.752357480072894,0.0,0.0,0.0,0.0,0.0,0.0,0.0,0
4942,2022-05-26,UK,44.0,M,Premium,35.68,950,1,36-50,Europe,58,5.2727272727272725,227.19,20.653636363636362,8.909090909090908,10,11,22,2.2843339988236875,2.0,4.388333333333334,1.0,100.0,1.0,3.0,40.0,0
4943,2023-12-30,Australia,36.0,F,Enterprise,191.83,367,1,36-50,Oceania,390,4.936708860759493,2257.23,28.57253164556962,7.253164556962025,43,79,0,2.8615119374200426,0.0,0.0,0.0,0.0,0.0,0.0,0.0,0
4944,2022-10-14,USA,67.0,F,Basic,10.66,809,0,51+,North America,329,5.222222222222222,1902.58,30.199682539682538,7.571428571428571,42,63,0,2.8080784639141068,0.0,0.0,0.0,0.0,0.0,0.0,0.0,1
4945,2022-04-06,Brazil,59.0,F,Premium,34.12,1000,1,51+,South America,123,5.3478260869565215,587.25,25.532608695652176,7.130434782608695,10,23,1,2.5514469273188696,0.0,0.0,0.0,0.0,0.0,0.0,0.0,0
4946,2022-02-14,Canada,46.0,M,Premium,30.88,1051,1,36-50,North America,95,5.0,562.1,29.58421052631579,6.578947368421052,13,19,6,2.3570226039551585,1.0,14.184166666666666,0.0,100.0,0.0,0.0,225.0,0
4947,2022-08-26,Brazil,56.0,M,Basic,10.56,858,0,51+,South America,43,4.777777777777778,244.59,27.176666666666666,9.11111111111111,2,9,1,2.8185890875479607,0.0,0.0,0.0,0.0,0.0,0.0,0.0,0
4948,2024-05-15,USA,58.0,F,Premium,39.03,230,1,51+,North America,137,4.28125,950.28,29.69625,9.21875,17,32,2,2.4525743551912824,5.0,27.514277777777778,0.0,40.0,0.0,3.6666666666666665,63.0,0
4949,2023-06-17,USA,50.0,F,Basic,12.22,563,0,36-50,North America,275,4.824561403508772,1696.16,29.757192982456143,7.719298245614035,34,57,2,2.571289330677343,0.0,0.0,0.0,0.0,0.0,0.0,0.0,0
4950,2023-02-27,Canada,36.0,M,Basic,13.43,673,0,36-50,North America,283,4.639344262295082,1837.92,30.129836065573773,7.475409836065574,27,61,1,2.5627640474381423,1.0,1.9622222222222223,0.0,100.0,0.0,0.0,137.0,0
4951,2023-12-19,Canada,54.0,M,Basic,10.68,378,0,51+,North America,254,4.535714285714286,1681.75,30.03125,6.732142857142857,25,56,0,2.396696861131137,0.0,0.0,0.0,0.0,0.0,0.0,0.0,0
4952,2023-01-17,UK,36.0,M,Basic,10.1,714,0,36-50,Europe,255,4.811320754716981,1641.28,30.96754716981132,7.981132075471698,36,53,0,2.5423838281725413,0.0,0.0,0.0,0.0,0.0,0.0,0.0,1
4953,2023-04-15,USA,50.0,F,Basic,14.44,626,0,36-50,North America,183,4.6923076923076925,1277.99,32.76897435897436,7.0256410256410255,18,39,0,2.597102091034363,2.0,9.672777777777778,0.0,50.0,0.0,4.0,215.0,0
4954,2024-02-05,USA,64.0,M,Basic,12.86,330,0,51+,North America,143,6.217391304347826,792.81,34.47,6.043478260869565,12,23,2,2.66213382866811,0.0,0.0,0.0,0.0,0.0,0.0,0.0,0
4955,2022-03-28,Germany,33.0,F,Basic,10.09,1009,0,26-35,Europe,67,5.153846153846154,312.19,24.014615384615386,6.384615384615385,6,13,4,2.034951016861497,3.0,10.093333333333332,0.0,66.66666666666666,1.0,5.0,184.0,1
4956,2023-08-18,Spain,40.0,M,Premium,39.91,501,1,36-50,Europe,283,4.964912280701754,1878.25,32.95175438596491,7.807017543859649,35,57,2,2.8844714314058457,0.0,0.0,0.0,0.0,0.0,0.0,0.0,0
4957,2022-04-08,Brazil,24.0,M,Premium,34.91,998,1,18-25,South America,274,5.074074074074074,2044.04,37.85259259259259,7.2592592592592595,24,54,0,2.494158094063624,4.0,10.459537037037036,1.0,50.0,0.0,0.0,43.0,0
4958,2023-06-02,Italy,43.0,M,Basic,12.37,578,0,36-50,Europe,110,6.111111111111111,609.26,33.84777777777778,7.388888888888889,8,18,5,2.4468199984010193,3.0,26.02083333333333,0.0,33.33333333333333,2.0,4.0,28.0,0
4959,2022-05-17,Spain,49.0,F,Basic,13.09,959,0,36-50,Europe,114,4.956521739130435,665.5799999999999,28.938260869565216,7.304347826086956,7,23,5,2.8837831980918467,5.0,24.672222222222224,0.0,80.0,2.0,3.6666666666666665,13.0,1
4960,2023-10-15,Mexico,29.0,M,Basic,10.03,443,0,26-35,North America,173,5.088235294117647,798.0,23.470588235294116,6.823529411764706,19,34,1,2.621214697122986,0.0,0.0,0.0,0.0,0.0,0.0,0.0,1
4961,2024-04-19,UK,25.0,M,Premium,35.68,256,1,18-25,Europe,261,4.578947368421052,1806.36,31.690526315789473,7.140350877192983,24,57,1,2.796345628169102,4.0,12.832569444444445,0.0,0.0,0.0,3.3333333333333335,47.0,0
4962,2023-02-08,Mexico,22.0,M,Basic,13.14,692,0,18-25,North America,50,3.8461538461538463,455.0,35.0,6.6923076923076925,8,13,1,2.577018750615843,0.0,0.0,0.0,0.0,0.0,0.0,0.0,0
4963,2022-03-18,USA,59.0,M,Basic,11.47,1019,0,51+,North America,283,5.2407407407407405,1569.85,29.071296296296296,7.685185185185185,27,54,1,2.6912519720010315,5.0,24.416166666666665,0.0,60.0,0.0,3.3333333333333335,85.0,0
4964,2023-08-30,Canada,45.0,M,Basic,13.62,489,0,36-50,North America,140,5.0,707.78,25.27785714285714,8.035714285714286,9,28,0,2.8931592369536747,4.0,16.475555555555555,2.0,50.0,1.0,4.5,70.0,0
4965,2023-08-05,Germany,70.0,F,Premium,33.76,514,1,51+,Europe,309,4.414285714285715,1851.49,26.449857142857145,7.042857142857143,34,70,0,2.56787769553249,5.0,9.180166666666667,0.0,60.0,0.0,0.0,85.0,0
4966,2022-03-05,USA,22.0,F,Basic,13.58,1032,0,18-25,North America,186,4.894736842105263,1027.6,27.042105263157893,6.2631578947368425,11,38,3,2.402582773377496,0.0,0.0,0.0,0.0,0.0,0.0,0.0,0
4967,2023-03-22,Canada,66.0,M,Basic,10.71,650,0,51+,North America,146,4.709677419354839,880.56,28.405161290322578,7.161290322580645,16,31,3,2.4109963139346466,0.0,0.0,0.0,0.0,0.0,0.0,0.0,0
4968,2023-11-10,UK,43.0,F,Premium,39.13,417,1,36-50,Europe,83,4.611111111111111,621.02,34.50111111111111,5.5,8,18,0,2.6599179308190712,0.0,0.0,0.0,0.0,0.0,0.0,0.0,1
4969,2022-05-14,Spain,22.0,M,Premium,38.78,962,1,18-25,Europe,298,4.65625,2118.13,33.09578125,7.328125,27,64,0,2.5955930294642062,0.0,0.0,0.0,0.0,0.0,0.0,0.0,0
4970,2022-08-31,USA,39.0,M,Premium,31.5,853,1,36-50,North America,172,4.648648648648648,1095.32,29.60324324324324,7.918918918918919,18,37,0,2.4291770007352076,2.0,12.966944444444444,1.0,100.0,1.0,2.0,171.0,0
4971,2022-10-26,UK,32.0,Other,Basic,14.68,797,0,26-35,Europe,394,5.324324324324325,2231.2,30.151351351351348,7.716216216216216,39,74,0,2.853059439854948,0.0,0.0,0.0,0.0,0.0,0.0,0.0,0
4972,2022-09-25,Brazil,30.0,F,Premium,35.57,828,1,26-35,South America,401,5.346666666666667,2368.28,31.57706666666667,7.76,32,75,0,2.7435099502000804,1.0,15.234166666666669,0.0,100.0,0.0,4.0,32.0,0
4973,2024-05-21,UK,45.0,Other,Basic,13.5,224,0,36-50,Europe,315,4.375,2276.5,31.618055555555557,7.166666666666667,38,72,0,2.618662705694871,2.0,27.036666666666665,0.0,50.0,0.0,5.0,19.0,0
4974,2022-11-19,Australia,50.0,M,Basic,14.19,773,0,36-50,Oceania,314,5.064516129032258,1983.39,31.990161290322582,7.016129032258065,44,62,0,2.559911420995295,0.0,0.0,0.0,0.0,0.0,0.0,0.0,0
4975,2024-03-31,France,43.5,M,Basic,10.41,275,0,36-50,Europe,95,5.277777777777778,622.22,34.56777777777778,9.38888888888889,14,18,2,2.052417672076908,3.0,14.619027777777777,1.0,33.33333333333333,0.0,0.0,233.0,0
4976,2023-02-07,UK,40.0,F,Basic,10.84,693,0,36-50,Europe,116,4.296296296296297,570.51,21.13,6.666666666666667,14,27,0,2.672003207258767,0.0,0.0,0.0,0.0,0.0,0.0,0.0,0
4977,2023-12-19,Italy,50.0,F,Basic,11.44,378,0,36-50,Europe,155,4.5588235294117645,1068.42,31.424117647058825,7.705882352941177,10,34,0,2.451853676866327,0.0,0.0,0.0,0.0,0.0,0.0,0.0,0
4978,2024-05-01,UK,60.0,M,Basic,12.38,244,0,51+,Europe,288,5.052631578947368,1596.39,28.00684210526316,7.333333333333333,19,57,0,2.459827611784868,0.0,0.0,0.0,0.0,0.0,0.0,0.0,1
4979,2024-01-24,UK,35.0,F,Basic,11.72,342,0,26-35,Europe,72,6.545454545454546,188.94,17.176363636363636,7.0,5,11,1,2.3817487845545915,0.0,0.0,0.0,0.0,0.0,0.0,0.0,0
4980,2022-12-01,Australia,67.0,F,Basic,12.52,761,0,51+,Oceania,20,4.0,98.9,19.78,8.8,2,5,32,3.0,0.0,0.0,0.0,0.0,0.0,0.0,0.0,1
4981,2022-11-22,Australia,70.0,M,Premium,31.85,770,1,51+,Oceania,331,5.253968253968254,1846.27,29.305873015873015,7.26984126984127,21,63,1,2.5901068228578223,3.0,0.0,3.0,66.66666666666666,2.0,0.0,135.0,0
4982,2023-04-09,Italy,47.0,F,Basic,13.4,632,0,36-50,Europe,221,5.0227272727272725,1194.94,27.157727272727275,6.613636363636363,26,44,3,2.1833262054120315,0.0,0.0,0.0,0.0,0.0,0.0,0.0,0
4983,2022-10-06,Canada,43.0,F,Enterprise,105.56,817,1,36-50,North America,184,4.6,1009.95,25.24875,8.2,13,40,0,2.6292243177067474,4.0,13.906458333333333,0.0,100.0,0.0,3.3333333333333335,69.0,0
4984,2022-08-28,UK,33.0,M,Basic,11.8,856,0,26-35,Europe,222,5.045454545454546,1155.1200000000001,26.252727272727274,8.068181818181818,11,44,0,2.4490581526568818,0.0,0.0,0.0,0.0,0.0,0.0,0.0,0
4985,2022-03-18,Spain,30.0,Other,Basic,10.89,1019,0,26-35,Europe,217,4.520833333333333,1649.23,34.358958333333334,7.333333333333333,24,48,0,2.633576835855489,0.0,0.0,0.0,0.0,0.0,0.0,0.0,1
4986,2022-07-27,Italy,56.0,M,Basic,13.64,888,0,51+,Europe,89,5.933333333333334,564.63,37.642,8.066666666666666,11,15,0,1.9444671200491874,4.0,20.289583333333333,0.0,75.0,1.0,4.666666666666667,38.0,1
4987,2022-05-20,Australia,50.0,M,Premium,38.83,956,1,36-50,Oceania,284,5.163636363636364,1676.8600000000001,30.488363636363637,8.0,33,55,0,2.4401247415262923,0.0,0.0,0.0,0.0,0.0,0.0,0.0,1
4988,2024-03-09,Spain,43.0,F,Premium,30.78,297,1,36-50,Europe,254,5.08,1766.51,35.3302,6.58,19,50,0,2.827272428994967,0.0,0.0,0.0,0.0,0.0,0.0,0.0,0
4989,2024-02-28,USA,65.0,Other,Enterprise,178.49,307,1,51+,North America,45,5.0,235.11,26.123333333333335,7.777777777777778,5,9,1,2.23606797749979,0.0,0.0,0.0,0.0,0.0,0.0,0.0,1
4990,2023-08-22,Germany,18.0,F,Basic,14.47,497,0,18-25,Europe,99,5.5,617.55,34.30833333333333,6.611111111111111,9,18,4,3.1295555031120355,0.0,0.0,0.0,0.0,0.0,0.0,0.0,0
4991,2022-04-22,Spain,66.0,F,Basic,14.86,984,0,51+,Europe,86,6.142857142857143,404.46000000000004,28.890000000000004,5.714285714285714,8,14,0,2.5975474485084473,0.0,0.0,0.0,0.0,0.0,0.0,0.0,0
4992,2022-06-09,Canada,55.0,F,Premium,35.78,936,1,51+,North America,36,6.0,255.19,42.531666666666666,8.666666666666666,7,6,5,2.898275349237888,0.0,0.0,0.0,0.0,0.0,0.0,0.0,0
4993,2022-04-19,UK,19.0,F,Premium,33.26,987,1,18-25,Europe,216,4.408163265306122,1197.81,24.445102040816327,8.53061224489796,23,49,2,2.8204488956173472,2.0,22.65625,0.0,50.0,0.0,5.0,68.0,0
4994,2022-06-18,UK,66.0,M,Enterprise,132.19,927,1,51+,Europe,317,4.594202898550725,2191.84,31.765797101449277,8.579710144927537,29,69,0,2.6196028020636466,0.0,0.0,0.0,0.0,0.0,0.0,0.0,0
4995,2023-04-06,Canada,23.0,F,Basic,11.88,635,0,18-25,North America,496,5.573033707865169,2278.82,25.604719101123596,7.865168539325842,59,89,0,2.5888205477391284,0.0,0.0,0.0,0.0,0.0,0.0,0.0,0
4996,2023-04-23,France,63.0,F,Premium,36.12,618,1,51+,Europe,390,4.431818181818182,3094.54,35.16522727272727,7.818181818181818,48,88,0,2.698639310371379,0.0,0.0,0.0,0.0,0.0,0.0,0.0,0
4997,2022-11-18,Brazil,67.0,M,Basic,12.44,774,0,51+,South America,341,4.4868421052631575,1958.24,25.766315789473683,7.407894736842105,47,76,0,2.730047233059685,1.0,9.10777777777778,0.0,100.0,0.0,4.0,160.0,0
4998,2023-02-21,USA,55.0,F,Basic,13.26,679,0,51+,North America,30,3.75,231.65,28.95625,8.625,5,8,2,2.6049403612586386,2.0,0.0,2.0,0.0,1.0,0.0,129.0,0
4999,2022-05-04,Australia,59.0,F,Basic,10.19,972,0,51+,Oceania,353,5.430769230769231,1824.71,28.07246153846154,7.184615384615385,39,65,0,2.627791555953109,0.0,0.0,0.0,0.0,0.0,0.0,0.0,0
5000,2023-07-03,Brazil,41.0,F,Premium,31.05,547,1,36-50,South America,393,5.038461538461538,2015.54,25.84025641025641,7.6923076923076925,49,78,0,2.7935096748886163,0.0,0.0,0.0,0.0,0.0,0.0,0.0,0
