customer_id,signup_date,country,age,gender,subscription_tier,monthly_fee
1,17/10/2023,Germany,62.0,F,basic,13.0
2,25/04/2022,UK,,M,Premium,30.48
3,26/01/2022,Brazil,53.0,,basic,11.59
4,30/01/2024,Canada,26.0,M,basic,11.97
5,09/10/2022,Spain,44.0,F,basic,11.23
6,08/09/2022,Brazil,51.0,F,basic,10.18
7,17/08/2022,United Kingdom,68.0,M,ENTERPRISE,131.87
8,23/05/2022,Germany,18.0,M,basic,13.95
9,25/01/2024,Italy,,F,basic,11.79
10,15/04/2022,US,42.0,M,ENTERPRISE,132.33
11,24/11/2023,Germany,46.0,M,basic,14.7
12,29/01/2024,Canada,24.0,M,basic,10.2
13,13/07/2023,Canada,66.0,M,Premium,37.66
14,31/03/2022,Spain,20.0,F,Premium,34.82
15,28/08/2023,United Kingdom,37.0,F,basic,14.71
16,09/03/2023,UK,37.0,M,Premium,33.92
17,02/02/2022,Spain,70.0,F,Premium,37.07
18,31/01/2022,Spain,47.0,M,basic,10.34
19,06/04/2022,US,52.0,F,Premium,39.28
20,12/08/2022,Britain,52.0,F,Premium,33.44
21,27/08/2022,United Kingdom,66.0,F,ENTERPRISE,152.39
22,02/06/2023,United States,56.0,M,ENTERPRISE,113.84
23,09/09/2023,Spain,44.0,M,basic,14.72
24,28/01/2022,Australia,43.0,M,basic,13.35
25,29/07/2023,Mexico,31.0,F,basic,10.26
26,23/07/2022,Britain,34.0,M,basic,10.77
27,04/01/2024,United States,35.0,F,basic,11.99
28,28/10/2023,Australia,62.0,Other,Premium,32.16
29,20/12/2023,United Kingdom,69.0,F,basic,11.51
30,13/07/2023,USA,46.0,F,basic,14.98
31,06/03/2023,Australia,37.0,M,Premium,36.58
32,14/08/2022,Italy,70.0,M,Premium,39.21
33,05/04/2023,Britain,44.0,M,Premium,34.35
34,27/08/2023,Brazil,35.0,F,basic,13.54
35,12/10/2022,Australia,21.0,M,Premium,34.59
36,08/04/2024,France,18.0,F,ENTERPRISE,132.81
37,09/06/2024,USA,67.0,M,basic,12.59
38,07/01/2022,Canada,18.0,M,basic,12.13
39,17/02/2024,Canada,,F,ENTERPRISE,198.04
40,05/04/2024,Italy,62.0,M,basic,12.47
41,13/06/2022,Australia,37.0,M,basic,14.05
42,16/12/2023,Australia,69.0,F,basic,13.32
43,09/03/2023,Mexico,40.0,M,basic,12.39
44,15/12/2022,Mexico,27.0,M,basic,12.36
45,12/10/2022,Mexico,28.0,M,basic,11.7
46,09/06/2022,US,58.0,F,basic,10.52
47,09/08/2022,Australia,58.0,Other,basic,13.8
48,21/02/2024,Germany,22.0,F,Premium,39.17
49,11/12/2022,UK,18.0,M,ENTERPRISE,121.79
50,15/04/2022,France,34.0,M,basic,14.62
51,05/04/2022,US,39.0,M,Premium,32.31
52,25/01/2023,United Kingdom,51.0,Other,basic,12.64
53,10/04/2022,US,62.0,M,basic,11.71
54,03/01/2023,Germany,58.0,M,ENTERPRISE,111.44
55,17/05/2024,United Kingdom,46.0,F,basic,10.25
56,19/12/2022,France,21.0,Other,basic,11.82
57,11/09/2023,Germany,22.0,M,basic,10.23
58,28/09/2022,United States,28.0,M,Premium,31.03
59,06/04/2024,UK,68.0,M,basic,10.7
60,14/02/2022,France,38.0,M,basic,10.0
61,18/01/2024,Australia,52.0,F,Premium,31.52
62,16/04/2023,Mexico,29.0,F,basic,12.88
63,04/07/2023,United States,43.0,F,basic,14.09
64,08/05/2022,Italy,,M,basic,10.96
65,23/01/2023,France,36.0,,basic,10.39
66,22/03/2022,Italy,62.0,M,basic,13.64
67,20/07/2023,United Kingdom,24.0,M,Premium,30.07
68,28/10/2022,United States,64.0,,Premium,37.33
69,29/04/2024,UK,24.0,M,basic,10.65
70,06/10/2023,Australia,43.0,M,basic,11.13
71,26/09/2023,Australia,,M,basic,10.59
72,25/06/2024,Germany,22.0,M,basic,11.23
73,01/06/2024,Australia,38.0,M,basic,13.98
74,06/01/2023,Brazil,31.0,F,basic,10.65
75,15/08/2023,Spain,21.0,M,basic,14.96
76,16/07/2022,US,40.0,F,basic,11.63
77,23/12/2023,Mexico,59.0,M,basic,14.6
78,13/03/2022,USA,37.0,M,basic,10.94
79,16/02/2022,UK,32.0,F,basic,10.93
80,09/11/2023,United States,67.0,M,basic,12.82
81,22/08/2022,Spain,69.0,F,Premium,30.5
82,02/03/2024,UK,62.0,M,basic,14.0
83,24/10/2022,United States,46.0,F,basic,12.19
84,23/03/2022,Mexico,25.0,F,basic,13.49
85,25/05/2024,Britain,58.0,F,basic,10.86
86,27/08/2022,Britain,65.0,F,Premium,36.41
87,06/06/2024,Italy,36.0,F,ENTERPRISE,159.4
88,14/04/2022,UK,65.0,M,basic,13.77
89,25/01/2023,Britain,56.0,F,Premium,32.96
90,12/10/2022,Brazil,63.0,F,basic,14.66
91,10/04/2023,United States,45.0,M,basic,14.8
92,13/10/2023,Italy,63.0,M,basic,14.33
93,04/05/2024,Australia,44.0,F,Premium,35.71
94,09/01/2023,United States,21.0,F,basic,12.09
95,16/06/2022,Italy,32.0,M,ENTERPRISE,105.79
96,15/01/2023,Mexico,52.0,F,basic,14.73
97,30/12/2022,UK,54.0,M,basic,14.75
98,03/08/2022,Mexico,18.0,M,Premium,30.18
99,18/11/2023,Spain,20.0,F,ENTERPRISE,135.68
100,01/10/2022,Mexico,,M,Premium,38.79
101,20/12/2023,Germany,41.0,F,Premium,30.8
102,01/12/2023,Australia,44.0,M,basic,10.97
103,26/10/2023,France,57.0,M,basic,14.88
104,15/03/2022,Mexico,53.0,M,basic,14.23
105,16/09/2023,Spain,51.0,F,basic,14.55
106,13/10/2023,United Kingdom,46.0,M,ENTERPRISE,114.21
107,25/06/2022,Brazil,41.0,M,Premium,32.1
108,01/07/2023,United States,41.0,M,Premium,36.04
109,17/01/2024,United Kingdom,59.0,M,basic,12.5
110,08/09/2022,Spain,21.0,M,Premium,32.98
111,17/06/2022,Italy,20.0,M,Premium,38.83
112,19/04/2023,France,51.0,F,basic,14.5
113,24/01/2023,Australia,66.0,M,basic,11.45
114,04/10/2022,Australia,40.0,F,Premium,31.55
115,18/10/2023,Australia,70.0,F,basic,10.74
116,06/12/2023,Brazil,69.0,M,ENTERPRISE,148.43
117,25/07/2023,France,40.0,M,basic,10.65
118,13/08/2022,Brazil,62.0,F,basic,12.36
119,03/12/2023,Brazil,22.0,F,basic,12.3
120,29/11/2022,USA,48.0,M,basic,14.41
121,13/05/2024,France,70.0,F,basic,11.47
122,26/02/2024,Germany,58.0,M,basic,12.79
123,05/03/2024,France,23.0,M,ENTERPRISE,174.34
124,27/02/2022,Spain,54.0,M,Premium,35.95
125,23/08/2022,USA,27.0,F,basic,14.76
126,21/04/2024,Australia,57.0,F,basic,13.0
127,02/02/2022,Spain,24.0,F,basic,14.5
128,04/04/2024,Spain,56.0,M,Premium,32.44
129,20/11/2022,Canada,,F,basic,12.79
130,15/02/2023,US,,M,basic,12.71
131,02/10/2022,USA,37.0,F,basic,14.94
132,09/03/2022,Spain,20.0,M,Premium,32.04
133,05/08/2022,US,68.0,M,basic,10.69
134,04/08/2023,US,39.0,M,Premium,36.11
135,16/06/2024,USA,64.0,F,ENTERPRISE,122.36
136,06/01/2024,Canada,21.0,M,basic,13.19
137,19/11/2022,United Kingdom,45.0,M,basic,14.85
138,06/08/2022,Italy,29.0,M,basic,14.72
139,03/11/2023,Germany,55.0,Other,basic,11.15
140,27/05/2023,Italy,68.0,F,basic,10.84
141,10/02/2023,France,53.0,F,basic,12.79
142,24/06/2024,Australia,64.0,M,Premium,35.86
143,21/10/2023,Germany,58.0,M,basic,13.3
144,15/04/2023,France,22.0,F,basic,13.7
145,27/05/2022,Spain,30.0,M,basic,12.99
146,29/09/2022,Australia,40.0,,basic,10.55
147,23/05/2022,United States,67.0,M,basic,13.94
148,10/09/2022,USA,47.0,F,basic,10.39
149,02/02/2024,Germany,54.0,M,basic,10.09
150,29/07/2023,Germany,42.0,F,ENTERPRISE,176.96
151,06/07/2023,Mexico,65.0,F,basic,12.73
152,27/09/2022,Spain,44.0,M,Premium,36.98
153,04/02/2024,United Kingdom,,M,basic,11.9
154,22/08/2023,US,31.0,Other,Premium,30.1
155,15/03/2023,Australia,65.0,F,basic,11.65
156,21/08/2023,Spain,64.0,F,Premium,36.07
157,13/02/2023,Britain,53.0,F,basic,11.12
158,06/01/2023,Canada,56.0,,basic,13.43
159,13/08/2022,US,33.0,,basic,13.96
160,22/05/2022,USA,39.0,M,basic,12.26
161,06/06/2023,US,38.0,F,basic,14.37
162,21/05/2023,United Kingdom,38.0,F,Premium,38.54
163,04/04/2022,Mexico,25.0,F,basic,14.38
164,13/02/2024,US,,F,Premium,36.6
165,18/02/2022,USA,33.0,F,basic,11.51
166,31/05/2024,United Kingdom,48.0,M,basic,12.4
167,23/04/2022,Italy,59.0,F,basic,13.54
168,06/06/2022,Germany,27.0,M,basic,11.04
169,05/10/2023,Mexico,49.0,F,basic,13.68
170,13/06/2022,Germany,51.0,M,Premium,35.47
171,22/03/2024,Canada,26.0,M,basic,10.47
172,28/11/2023,France,34.0,,Premium,35.56
173,09/03/2023,Italy,28.0,Other,Premium,30.66
174,03/09/2023,Italy,49.0,M,basic,10.06
175,07/03/2022,Australia,27.0,F,Premium,38.89
176,30/01/2023,Brazil,39.0,F,basic,12.44
177,26/01/2023,US,,F,basic,12.71
178,03/09/2023,Germany,21.0,M,basic,11.39
179,25/04/2023,USA,65.0,F,basic,12.7
180,26/06/2023,UK,69.0,F,Premium,31.68
181,15/09/2022,Brazil,64.0,M,Premium,37.45
182,21/07/2023,UK,42.0,F,basic,14.11
183,31/05/2024,Mexico,38.0,F,basic,14.27
184,12/01/2022,United Kingdom,,F,basic,10.52
185,28/11/2023,Germany,,M,Premium,35.57
186,09/01/2024,Germany,66.0,M,basic,14.03
187,28/04/2022,Brazil,18.0,,basic,10.63
188,30/11/2023,Canada,42.0,M,Premium,30.99
189,25/06/2024,Brazil,68.0,F,basic,14.07
190,04/07/2023,UK,53.0,M,ENTERPRISE,179.66
191,08/02/2024,Brazil,34.0,M,basic,12.23
192,01/10/2022,Germany,58.0,M,ENTERPRISE,110.96
193,27/02/2024,Canada,41.0,F,basic,12.57
194,19/10/2023,US,,M,basic,11.96
195,15/12/2022,Britain,57.0,F,Premium,35.18
196,25/04/2022,Australia,32.0,F,Premium,34.39
197,28/10/2022,United States,49.0,F,Premium,35.68
198,22/03/2023,Italy,56.0,F,basic,13.63
199,11/06/2022,Brazil,23.0,M,ENTERPRISE,177.48
200,10/04/2023,Mexico,18.0,M,basic,13.23
201,04/01/2022,France,64.0,M,basic,10.98
202,10/01/2024,United Kingdom,40.0,F,basic,11.98
203,15/06/2024,Britain,56.0,F,Premium,30.7
204,07/01/2024,Australia,34.0,M,Premium,34.51
205,27/09/2022,Australia,51.0,M,basic,14.84
206,28/05/2023,Australia,58.0,F,basic,13.2
207,20/02/2024,Australia,46.0,M,basic,10.76
208,02/07/2022,UK,26.0,F,basic,11.33
209,04/06/2023,Mexico,30.0,M,basic,10.31
210,19/04/2022,Mexico,23.0,Other,Premium,31.81
211,10/06/2024,Canada,23.0,M,Premium,34.87
212,03/10/2023,Italy,37.0,M,ENTERPRISE,134.48
213,02/11/2022,Germany,69.0,M,basic,11.01
214,11/05/2024,Australia,70.0,M,basic,10.72
215,17/10/2023,France,20.0,M,basic,13.27
216,04/06/2023,Germany,34.0,M,Premium,35.57
217,16/09/2023,Mexico,66.0,F,basic,14.2
218,23/07/2022,USA,29.0,M,ENTERPRISE,118.32
219,06/06/2022,USA,65.0,F,Premium,38.47
220,18/01/2023,France,64.0,M,basic,12.88
221,20/02/2024,Canada,62.0,F,basic,11.32
222,15/06/2022,Mexico,18.0,F,Premium,32.73
223,07/07/2023,France,34.0,M,Premium,33.89
224,08/03/2024,UK,20.0,M,basic,12.29
225,28/06/2023,Brazil,43.0,M,basic,10.4
226,01/01/2022,France,32.0,M,basic,14.2
227,06/09/2023,US,53.0,F,Premium,31.21
228,28/11/2022,Germany,49.0,F,basic,12.41
229,16/05/2023,Britain,49.0,F,basic,11.9
230,20/01/2022,Spain,21.0,F,basic,12.55
231,25/04/2022,Canada,35.0,Other,ENTERPRISE,188.74
232,07/01/2023,France,66.0,F,basic,14.94
233,18/06/2024,Mexico,36.0,F,Premium,30.19
234,01/05/2024,United Kingdom,60.0,F,basic,11.96
235,06/04/2024,USA,69.0,M,basic,14.08
236,11/11/2022,US,52.0,,basic,11.62
237,03/09/2022,Italy,57.0,F,basic,13.24
238,01/03/2022,Australia,31.0,M,Premium,39.91
239,04/09/2022,Spain,50.0,M,basic,13.22
240,18/06/2024,Canada,31.0,M,basic,10.55
241,04/08/2023,Britain,51.0,M,basic,14.2
242,22/03/2022,Spain,21.0,F,Premium,39.66
243,29/03/2022,France,41.0,M,basic,13.55
244,20/01/2024,UK,46.0,F,basic,12.09
245,13/05/2023,USA,36.0,F,basic,14.73
246,15/04/2024,Mexico,23.0,M,ENTERPRISE,196.85
247,12/03/2022,USA,50.0,,basic,14.67
248,18/02/2024,Italy,66.0,F,Premium,34.11
249,30/06/2023,UK,57.0,M,basic,13.94
250,24/02/2024,Australia,36.0,M,basic,13.26
251,09/05/2022,Mexico,70.0,M,basic,10.89
252,12/05/2022,Germany,18.0,F,basic,12.67
253,07/11/2023,United States,22.0,F,Premium,37.47
254,02/05/2023,US,44.0,M,basic,14.47
255,17/07/2023,USA,33.0,M,basic,14.3
256,19/06/2022,United Kingdom,23.0,M,Premium,31.54
257,29/09/2022,USA,57.0,F,basic,12.43
258,25/06/2023,Spain,30.0,M,basic,12.38
259,12/06/2024,USA,65.0,F,Premium,38.98
260,14/09/2023,Canada,52.0,M,basic,10.0
261,10/03/2023,USA,36.0,F,Premium,37.38
262,05/08/2022,United States,,F,basic,13.08
263,07/07/2023,United States,33.0,F,basic,14.6
264,13/02/2024,Australia,60.0,M,basic,12.27
265,18/01/2024,Britain,27.0,F,Premium,36.57
266,08/12/2023,Germany,42.0,M,basic,14.85
267,25/07/2022,United Kingdom,37.0,M,basic,13.71
268,01/01/2024,USA,48.0,F,Premium,30.66
269,16/11/2022,USA,21.0,F,basic,10.83
270,13/02/2023,US,61.0,F,Premium,38.2
271,19/11/2023,Mexico,40.0,M,basic,11.66
272,28/10/2023,United States,19.0,F,basic,13.52
273,18/01/2023,United Kingdom,39.0,F,basic,13.49
274,25/03/2023,Australia,68.0,F,basic,14.96
275,14/06/2023,Italy,54.0,F,Premium,34.69
276,08/04/2023,Britain,25.0,F,Premium,37.37
277,04/05/2022,Germany,24.0,M,Premium,30.48
278,11/09/2022,UK,31.0,,Premium,34.62
279,19/08/2022,Germany,20.0,F,basic,10.92
280,07/03/2022,Canada,67.0,Other,ENTERPRISE,184.05
281,13/12/2022,Spain,33.0,M,ENTERPRISE,183.98
282,22/01/2022,Canada,36.0,M,basic,11.17
283,26/08/2023,USA,,M,basic,11.58
284,22/07/2023,Britain,35.0,F,Premium,37.01
285,24/08/2022,Spain,69.0,F,basic,13.68
286,26/08/2023,United Kingdom,33.0,M,Premium,36.57
287,14/08/2022,UK,25.0,F,basic,14.97
288,08/01/2022,United States,50.0,,basic,14.33
289,14/03/2022,Britain,66.0,F,basic,12.08
290,26/12/2023,Britain,29.0,M,basic,11.62
291,09/10/2023,Canada,70.0,F,basic,12.97
292,02/03/2022,USA,28.0,M,basic,14.08
293,23/08/2022,France,22.0,F,basic,12.37
294,11/03/2022,Australia,44.0,M,Premium,37.37
295,02/02/2022,Canada,29.0,M,basic,10.09
296,30/05/2024,Britain,34.0,F,Premium,39.25
297,05/12/2022,Brazil,23.0,M,basic,13.86
298,14/03/2022,US,50.0,M,Premium,33.93
299,11/06/2023,UK,22.0,,ENTERPRISE,138.39
300,01/09/2022,Australia,45.0,F,basic,10.5
301,13/10/2022,Canada,,F,ENTERPRISE,181.61
302,17/11/2023,UK,22.0,M,basic,13.83
303,13/05/2023,US,50.0,M,basic,13.14
304,08/08/2022,Italy,67.0,M,Premium,31.0
305,07/07/2023,US,65.0,M,basic,11.3
306,16/05/2022,US,58.0,F,basic,12.28
307,11/01/2024,UK,36.0,M,basic,11.32
308,22/06/2024,Germany,39.0,M,Premium,34.33
309,08/08/2023,UK,22.0,M,Premium,32.25
310,14/08/2023,France,19.0,M,basic,11.74
311,30/04/2023,USA,47.0,F,ENTERPRISE,165.22
312,06/09/2022,Spain,64.0,F,Premium,38.91
313,14/03/2024,Germany,56.0,M,ENTERPRISE,138.49
314,30/04/2023,United States,21.0,M,basic,13.45
315,06/04/2024,Spain,50.0,M,Premium,31.34
316,21/02/2023,USA,30.0,F,Premium,35.4
317,14/07/2022,Canada,37.0,F,basic,14.6
318,07/04/2022,Australia,24.0,M,ENTERPRISE,102.78
319,10/04/2022,France,32.0,F,basic,11.33
320,06/11/2023,France,40.0,F,basic,10.65
321,18/03/2023,United States,31.0,F,ENTERPRISE,153.3
322,29/12/2022,Germany,40.0,F,ENTERPRISE,167.95
323,10/03/2023,Mexico,36.0,M,basic,10.28
324,25/02/2023,Italy,46.0,,basic,10.34
325,24/04/2023,US,37.0,M,Premium,38.69
326,03/06/2024,Germany,46.0,F,ENTERPRISE,145.61
327,17/01/2024,Australia,41.0,Other,Premium,34.62
328,25/02/2022,Italy,35.0,M,Premium,39.44
329,21/11/2023,France,27.0,M,Premium,33.19
330,01/11/2023,UK,58.0,M,basic,14.48
331,24/10/2023,Australia,25.0,M,ENTERPRISE,197.42
332,11/04/2022,USA,43.0,M,basic,11.2
333,04/03/2022,United States,46.0,F,Premium,35.13
334,17/02/2023,USA,27.0,M,basic,12.66
335,16/01/2024,Mexico,34.0,M,basic,14.32
336,14/12/2022,Australia,19.0,F,Premium,33.03
337,30/03/2024,United Kingdom,,M,ENTERPRISE,179.79
338,01/06/2024,United Kingdom,22.0,M,Premium,39.7
339,22/04/2022,Canada,45.0,M,Premium,38.39
340,12/09/2022,Germany,58.0,F,basic,14.54
341,16/07/2022,France,22.0,F,Premium,37.07
342,14/07/2022,France,35.0,M,basic,14.51
343,04/07/2023,US,43.0,F,basic,10.81
344,05/04/2023,US,37.0,M,basic,13.55
345,24/05/2022,US,58.0,F,Premium,37.31
346,09/03/2023,UK,66.0,F,ENTERPRISE,143.91
347,07/07/2022,Spain,44.0,F,Premium,30.79
348,13/10/2022,Britain,66.0,,basic,13.1
349,19/04/2023,Spain,29.0,Other,basic,10.25
350,13/09/2022,USA,24.0,Other,basic,11.9
351,14/06/2024,Spain,20.0,F,basic,11.96
352,19/03/2022,UK,27.0,F,basic,14.98
353,30/03/2023,Canada,51.0,M,Premium,32.99
354,07/04/2024,USA,,M,ENTERPRISE,182.04
355,01/06/2024,Spain,52.0,M,basic,10.26
356,26/05/2024,UK,33.0,M,basic,12.64
357,18/07/2023,Britain,19.0,F,Premium,35.36
358,11/04/2022,Spain,41.0,F,Premium,36.28
359,21/02/2022,UK,27.0,F,Premium,38.09
360,30/10/2023,Mexico,55.0,M,basic,13.8
361,08/07/2023,US,39.0,M,basic,13.8
362,06/05/2024,Mexico,43.0,F,ENTERPRISE,143.22
363,16/01/2022,France,60.0,M,basic,13.63
364,06/04/2022,US,56.0,M,Premium,34.9
365,11/02/2024,France,44.0,Other,basic,10.32
366,19/05/2024,Brazil,46.0,F,basic,14.44
367,31/08/2022,United States,64.0,M,Premium,38.89
368,20/06/2022,Mexico,55.0,F,basic,11.6
369,21/02/2023,United States,37.0,F,Premium,39.13
370,13/05/2023,United States,44.0,F,basic,13.78
371,08/05/2023,Britain,58.0,F,ENTERPRISE,140.07
372,07/08/2022,US,37.0,M,basic,11.65
373,04/06/2024,Brazil,61.0,F,basic,14.87
374,15/02/2023,France,36.0,M,basic,13.55
375,02/03/2022,UK,37.0,M,Premium,33.78
376,18/06/2022,USA,52.0,F,Premium,36.41
377,24/01/2023,UK,64.0,F,basic,12.85
378,03/01/2022,USA,19.0,F,basic,12.61
379,04/02/2023,Mexico,47.0,,Premium,36.44
380,29/09/2022,United Kingdom,,F,Premium,35.37
381,13/03/2024,UK,51.0,F,Premium,36.54
382,14/03/2024,Spain,39.0,F,Premium,39.07
383,11/04/2023,Spain,20.0,,basic,14.96
384,20/10/2022,Germany,23.0,M,basic,13.54
385,10/03/2023,US,32.0,M,basic,14.63
386,15/12/2023,USA,,M,ENTERPRISE,185.83
387,19/01/2024,USA,27.0,F,basic,11.47
388,13/03/2024,Australia,26.0,F,basic,14.65
389,24/07/2023,Canada,50.0,Other,ENTERPRISE,107.07
390,09/11/2023,US,49.0,F,basic,11.64
391,06/01/2024,Britain,65.0,F,Premium,36.39
392,14/05/2023,Germany,23.0,M,Premium,35.26
393,08/06/2022,Britain,58.0,M,ENTERPRISE,154.23
394,14/07/2022,Mexico,53.0,M,basic,13.96
395,31/10/2022,Mexico,19.0,F,basic,10.96
396,11/08/2022,Britain,46.0,M,ENTERPRISE,198.2
397,01/03/2022,Britain,21.0,F,basic,12.18
398,17/08/2023,Brazil,18.0,,basic,14.74
399,24/01/2024,US,36.0,M,Premium,33.82
400,10/07/2023,Britain,,M,basic,13.0
401,04/03/2022,Spain,42.0,F,ENTERPRISE,145.02
402,05/02/2024,Canada,27.0,M,Premium,36.75
403,18/11/2022,Canada,70.0,F,basic,10.91
404,28/02/2022,United States,32.0,F,basic,11.99
405,21/02/2022,United Kingdom,39.0,F,basic,10.33
406,22/08/2023,Mexico,68.0,F,basic,12.98
407,04/05/2023,USA,65.0,F,Premium,39.62
408,30/05/2023,Australia,38.0,Other,basic,10.22
409,23/05/2024,USA,39.0,M,basic,13.29
410,28/06/2023,United Kingdom,53.0,F,ENTERPRISE,177.5
411,11/06/2022,Australia,,M,basic,11.06
412,28/02/2022,Brazil,47.0,M,basic,11.36
413,05/06/2023,US,42.0,M,ENTERPRISE,120.15
414,24/03/2022,UK,,F,basic,11.48
415,21/05/2024,US,45.0,M,ENTERPRISE,111.0
416,10/07/2022,USA,18.0,M,Premium,33.69
417,12/03/2022,USA,66.0,Other,Premium,33.68
418,02/09/2023,Australia,62.0,,Premium,38.06
419,11/03/2022,Australia,21.0,F,basic,13.99
420,23/11/2023,Mexico,24.0,F,Premium,37.96
421,01/06/2024,Brazil,66.0,Other,Premium,35.66
422,29/08/2022,Mexico,26.0,F,basic,11.62
423,18/02/2023,United Kingdom,53.0,M,basic,12.04
424,03/05/2022,Britain,36.0,F,Premium,33.17
425,30/06/2024,US,18.0,F,basic,12.9
426,07/08/2023,Australia,27.0,M,Premium,39.37
427,10/09/2022,France,53.0,,Premium,32.83
428,16/08/2023,United Kingdom,26.0,M,basic,12.28
429,01/09/2023,Spain,62.0,F,basic,13.27
430,10/02/2022,Brazil,63.0,M,basic,14.21
431,27/09/2023,USA,59.0,Other,basic,11.26
432,25/03/2022,Mexico,49.0,F,basic,11.39
433,06/03/2023,United Kingdom,49.0,F,Premium,38.84
434,05/11/2023,US,23.0,F,Premium,30.79
435,21/08/2023,Australia,65.0,M,Premium,36.04
436,02/08/2023,USA,55.0,M,Premium,38.59
437,20/06/2023,UK,,M,basic,14.6
438,20/11/2022,Brazil,27.0,F,Premium,30.12
439,25/09/2022,United Kingdom,67.0,M,basic,11.84
440,29/07/2022,Germany,44.0,M,basic,11.28
441,17/11/2023,USA,67.0,M,basic,12.83
442,04/01/2024,US,52.0,F,basic,13.15
443,18/11/2022,United States,69.0,,basic,14.99
444,02/09/2022,France,38.0,F,basic,12.55
445,29/09/2022,Italy,42.0,M,basic,12.75
446,10/02/2023,Britain,45.0,F,ENTERPRISE,141.42
447,15/05/2022,Italy,64.0,M,basic,10.73
448,19/11/2023,US,32.0,F,Premium,33.02
449,23/10/2023,Spain,21.0,F,basic,11.22
450,04/11/2022,Mexico,46.0,M,basic,14.0
451,14/04/2023,Spain,,F,basic,12.72
452,20/11/2022,United States,44.0,F,basic,11.47
453,09/02/2024,Britain,43.0,F,Premium,34.88
454,16/03/2022,Germany,36.0,F,basic,11.08
455,10/01/2022,United States,45.0,M,basic,10.92
456,15/04/2023,Canada,34.0,F,basic,14.29
457,29/09/2023,Italy,60.0,Other,basic,14.71
458,31/07/2023,United States,58.0,F,Premium,30.79
459,13/04/2022,Italy,59.0,F,basic,13.81
460,17/03/2022,USA,67.0,M,basic,12.26
461,05/07/2023,Spain,37.0,F,basic,11.93
462,07/08/2022,USA,62.0,F,basic,13.44
463,03/06/2023,France,57.0,M,basic,11.32
464,29/09/2022,Canada,56.0,F,basic,10.09
465,16/05/2022,Britain,66.0,F,basic,11.06
466,24/12/2022,Germany,70.0,M,Premium,31.84
467,21/06/2024,Brazil,40.0,M,Premium,30.33
468,12/03/2022,Italy,64.0,F,basic,11.6
469,19/06/2024,Germany,49.0,M,basic,12.36
470,08/09/2022,Italy,69.0,M,basic,13.67
471,14/01/2023,US,,M,Premium,33.25
472,19/10/2022,United States,50.0,M,basic,10.96
473,11/06/2022,France,63.0,F,ENTERPRISE,123.05
474,25/03/2023,Spain,22.0,M,basic,14.45
475,03/05/2024,Brazil,60.0,F,basic,11.01
476,11/07/2023,Australia,65.0,F,Premium,38.78
477,22/12/2023,Italy,51.0,F,basic,12.23
478,06/11/2022,Germany,57.0,M,basic,14.66
479,19/09/2023,France,28.0,F,basic,12.03
480,06/04/2024,UK,67.0,M,basic,10.88
481,01/11/2023,Brazil,20.0,M,Premium,35.48
482,26/06/2023,UK,50.0,F,Premium,35.87
483,09/01/2022,USA,28.0,F,basic,13.17
484,15/11/2023,Spain,33.0,F,basic,12.05
485,16/04/2024,Mexico,35.0,Other,basic,10.23
486,22/07/2023,Mexico,47.0,,Premium,36.26
487,03/11/2022,Australia,65.0,F,basic,14.66
488,11/11/2023,US,,F,basic,14.78
489,17/04/2022,Germany,35.0,M,basic,12.97
490,18/06/2024,Australia,55.0,M,basic,10.09
491,18/05/2022,United States,36.0,F,Premium,31.05
492,28/09/2022,United States,53.0,F,Premium,38.33
493,29/04/2022,Germany,30.0,M,basic,14.14
494,30/06/2024,Britain,63.0,M,Premium,39.45
495,20/04/2022,US,20.0,M,basic,12.81
496,31/01/2024,France,27.0,F,basic,14.31
497,21/07/2023,Italy,55.0,F,basic,14.11
498,09/06/2022,Mexico,18.0,F,basic,12.94
499,06/10/2022,Brazil,44.0,F,Premium,37.83
500,16/10/2022,Britain,63.0,F,ENTERPRISE,112.56
501,12/09/2023,Italy,25.0,M,basic,13.19
502,04/08/2022,Italy,68.0,M,basic,14.76
503,05/01/2024,Britain,63.0,M,basic,10.8
504,18/12/2022,USA,59.0,F,Premium,37.43
505,28/07/2022,UK,34.0,,Premium,33.2
506,05/12/2023,Italy,26.0,F,basic,14.08
507,12/10/2023,Britain,,F,Premium,36.96
508,23/05/2024,Britain,60.0,M,Premium,39.25
509,28/09/2022,Canada,42.0,F,basic,13.55
510,02/06/2023,Australia,56.0,F,basic,12.04
511,16/05/2023,United Kingdom,66.0,M,Premium,30.1
512,15/09/2022,USA,45.0,M,basic,13.95
513,16/05/2024,Spain,50.0,F,basic,12.03
514,22/02/2022,United Kingdom,54.0,M,basic,13.34
515,05/04/2022,Australia,26.0,M,basic,10.52
516,12/10/2023,Australia,35.0,F,Premium,38.9
517,10/03/2023,Australia,38.0,F,basic,12.17
518,29/04/2024,United Kingdom,19.0,F,basic,14.59
519,11/10/2022,Germany,60.0,F,basic,13.53
520,15/02/2022,UK,55.0,F,Premium,31.2
521,04/01/2022,Britain,57.0,M,basic,12.89
522,08/12/2022,Brazil,53.0,F,basic,14.54
523,29/02/2024,UK,67.0,M,basic,13.99
524,14/05/2022,Mexico,60.0,M,Premium,34.17
525,15/10/2023,US,54.0,F,Premium,39.54
526,26/09/2022,Germany,32.0,F,Premium,32.68
527,15/06/2022,Spain,45.0,M,basic,11.87
528,30/01/2024,UK,35.0,F,Premium,37.49
529,29/03/2023,Brazil,51.0,F,basic,11.15
530,19/07/2023,United States,39.0,F,Premium,35.14
531,24/12/2023,Australia,28.0,M,basic,13.63
532,14/03/2023,Italy,30.0,F,Premium,36.43
533,29/07/2023,Mexico,21.0,,basic,10.77
534,10/01/2022,US,39.0,M,Premium,36.29
535,25/04/2022,USA,24.0,F,Premium,35.72
536,19/03/2022,Spain,60.0,F,basic,12.78
537,23/06/2024,US,41.0,,ENTERPRISE,182.59
538,09/12/2023,Australia,21.0,F,basic,10.91
539,02/06/2022,Italy,,M,ENTERPRISE,175.15
540,13/07/2023,Germany,32.0,F,Premium,37.6
541,06/02/2022,Italy,18.0,M,ENTERPRISE,172.25
542,04/05/2024,United Kingdom,20.0,F,basic,12.52
543,14/01/2023,Italy,31.0,M,basic,11.97
544,20/08/2023,United Kingdom,55.0,Other,Premium,33.94
545,20/07/2023,Mexico,67.0,F,ENTERPRISE,173.37
546,01/06/2022,Germany,18.0,F,basic,12.48
547,17/03/2023,France,55.0,F,basic,11.68
548,11/05/2022,Australia,,F,basic,13.12
549,12/02/2022,United Kingdom,38.0,M,Premium,38.36
550,12/11/2022,USA,65.0,M,Premium,30.61
551,09/01/2023,Italy,46.0,F,basic,14.85
552,26/03/2024,Italy,22.0,M,basic,10.47
553,31/05/2024,USA,66.0,F,basic,12.55
554,10/02/2022,United States,27.0,M,basic,12.79
555,02/01/2023,Mexico,45.0,M,Premium,31.37
556,04/08/2022,Britain,38.0,F,basic,14.57
557,30/11/2023,France,67.0,Other,Premium,34.7
558,13/09/2022,Spain,24.0,F,Premium,31.42
559,14/11/2023,Brazil,20.0,F,basic,13.55
560,16/04/2022,United Kingdom,62.0,F,basic,13.31
561,29/12/2022,USA,64.0,M,Premium,39.62
562,09/03/2024,Brazil,37.0,M,basic,12.2
563,28/07/2023,Germany,36.0,F,Premium,32.67
564,24/06/2024,United Kingdom,52.0,F,basic,10.29
565,14/06/2024,Britain,21.0,F,Premium,37.32
566,21/02/2023,Brazil,22.0,Other,basic,13.08
567,28/09/2023,Germany,18.0,M,basic,14.85
568,07/02/2024,US,21.0,M,basic,13.55
569,08/06/2022,Australia,29.0,F,ENTERPRISE,193.31
570,31/08/2022,Italy,44.0,M,ENTERPRISE,199.15
571,04/06/2024,US,59.0,M,basic,12.13
572,16/06/2022,United Kingdom,40.0,M,basic,10.74
573,30/03/2024,Britain,42.0,M,basic,10.97
574,10/04/2024,France,38.0,F,basic,11.58
575,01/07/2022,Brazil,69.0,F,Premium,35.08
576,21/06/2024,Mexico,41.0,F,basic,10.6
577,27/02/2023,Australia,42.0,F,Premium,33.01
578,26/01/2022,United Kingdom,62.0,M,Premium,33.07
579,03/07/2022,USA,63.0,F,basic,10.01
580,25/01/2024,Mexico,49.0,M,Premium,33.53
581,07/12/2022,Mexico,49.0,M,basic,10.57
582,12/03/2024,Mexico,22.0,M,basic,12.14
583,26/02/2023,UK,53.0,F,Premium,31.96
584,01/04/2024,United Kingdom,63.0,F,basic,14.1
585,17/11/2023,Australia,59.0,F,basic,10.39
586,03/06/2024,Italy,66.0,F,ENTERPRISE,186.56
587,23/01/2024,Italy,59.0,M,Premium,35.8
588,10/04/2024,United Kingdom,56.0,F,basic,12.28
589,12/09/2022,Germany,33.0,F,Premium,35.49
590,01/10/2022,UK,50.0,M,basic,11.87
591,13/06/2022,USA,66.0,M,ENTERPRISE,112.75
592,17/03/2024,Mexico,38.0,F,basic,13.82
593,20/12/2023,Mexico,26.0,F,Premium,39.27
594,21/04/2022,United Kingdom,23.0,F,Premium,39.49
595,27/01/2023,Germany,68.0,F,basic,13.34
596,12/06/2024,Italy,62.0,Other,Premium,34.09
597,09/02/2022,Italy,52.0,M,ENTERPRISE,147.83
598,29/05/2024,Britain,56.0,M,Premium,36.56
599,27/04/2023,United Kingdom,39.0,M,basic,14.11
600,16/08/2022,UK,58.0,M,basic,11.86
601,24/07/2022,United States,22.0,F,ENTERPRISE,191.67
602,16/04/2024,UK,59.0,F,basic,11.61
603,17/04/2023,Italy,40.0,F,Premium,35.3
604,25/12/2022,Italy,34.0,M,basic,14.8
605,09/11/2022,US,29.0,F,basic,14.68
606,20/04/2024,Italy,40.0,M,basic,13.47
607,25/03/2024,USA,33.0,M,ENTERPRISE,132.45
608,11/06/2024,Spain,20.0,F,Premium,32.18
609,22/08/2022,United Kingdom,,F,basic,10.39
610,17/08/2022,Brazil,39.0,M,Premium,37.08
611,25/01/2022,UK,26.0,M,basic,12.51
612,07/11/2023,Spain,46.0,F,Premium,35.71
613,17/07/2022,Germany,64.0,M,basic,12.35
614,13/02/2023,United States,54.0,M,ENTERPRISE,148.28
615,03/12/2022,USA,40.0,F,basic,12.85
616,13/10/2022,Australia,30.0,M,Premium,39.13
617,04/06/2024,Canada,49.0,M,basic,10.14
618,13/03/2022,UK,63.0,F,basic,14.0
619,02/03/2024,Spain,69.0,Other,basic,11.94
620,13/10/2022,Australia,64.0,Other,ENTERPRISE,174.48
621,26/12/2022,United States,65.0,M,basic,14.73
622,19/10/2023,US,40.0,M,Premium,33.05
623,06/06/2023,Australia,62.0,M,basic,10.44
624,14/02/2023,USA,34.0,M,basic,11.15
625,27/11/2023,USA,,F,basic,11.1
626,13/05/2024,Brazil,38.0,F,Premium,37.41
627,04/07/2023,US,19.0,F,Premium,30.61
628,06/12/2022,Canada,54.0,M,ENTERPRISE,105.08
629,29/01/2022,United Kingdom,23.0,M,ENTERPRISE,169.35
630,29/04/2022,Australia,61.0,F,basic,12.77
631,17/06/2024,US,,M,Premium,34.17
632,25/09/2022,USA,47.0,F,basic,12.87
633,02/07/2022,USA,39.0,F,Premium,37.34
634,18/08/2023,Spain,50.0,F,basic,10.51
635,29/09/2022,Italy,47.0,M,Premium,35.52
636,09/02/2022,Canada,34.0,F,basic,14.11
637,22/04/2022,Australia,60.0,M,basic,11.8
638,03/09/2023,Brazil,49.0,M,basic,13.81
639,21/03/2023,Brazil,59.0,F,basic,14.22
640,20/12/2022,Australia,68.0,M,basic,14.09
641,17/01/2024,Mexico,31.0,F,Premium,36.49
642,16/03/2024,United States,27.0,F,Premium,37.16
643,18/11/2022,Brazil,64.0,F,basic,13.93
644,23/03/2023,US,68.0,F,basic,13.66
645,13/09/2023,United States,53.0,M,basic,12.25
646,08/06/2023,US,51.0,Other,Premium,31.58
647,29/04/2022,Germany,26.0,F,basic,11.54
648,30/01/2023,USA,59.0,F,basic,11.03
649,14/08/2023,Italy,45.0,M,basic,11.8
650,14/07/2022,Spain,28.0,F,basic,12.44
651,18/09/2022,Brazil,31.0,M,basic,14.79
652,15/02/2022,Italy,56.0,F,basic,14.79
653,27/12/2023,Italy,64.0,M,basic,13.84
654,23/03/2023,Italy,36.0,F,basic,14.89
655,02/01/2022,Mexico,32.0,M,basic,14.98
656,17/06/2023,United States,45.0,M,Premium,38.84
657,05/04/2024,US,41.0,M,basic,10.39
658,06/07/2023,France,25.0,M,basic,12.12
659,05/12/2023,Germany,60.0,M,basic,12.66
660,07/01/2024,UK,26.0,F,Premium,31.23
661,30/01/2024,Italy,64.0,,Premium,38.08
662,25/01/2024,United Kingdom,50.0,F,Premium,31.48
663,18/11/2023,United States,,F,basic,11.91
664,21/07/2022,Brazil,36.0,M,basic,10.33
665,08/01/2023,Canada,20.0,M,basic,12.61
666,18/03/2023,Brazil,27.0,M,basic,12.98
667,13/03/2022,Spain,57.0,,basic,13.67
668,12/11/2023,UK,64.0,F,Premium,33.38
669,05/12/2022,France,59.0,M,Premium,35.9
670,01/10/2023,United Kingdom,18.0,M,basic,13.66
671,18/11/2022,Brazil,,F,basic,13.8
672,11/11/2023,France,67.0,F,basic,11.5
673,18/05/2024,UK,51.0,F,basic,10.33
674,08/05/2022,Italy,68.0,F,ENTERPRISE,103.75
675,08/01/2024,United Kingdom,30.0,,basic,13.83
676,04/11/2022,France,18.0,M,ENTERPRISE,138.53
677,04/06/2023,Spain,51.0,M,basic,10.66
678,13/11/2022,US,46.0,F,basic,10.91
679,14/11/2023,USA,65.0,F,basic,13.82
680,23/02/2023,US,64.0,F,Premium,35.98
681,01/12/2022,UK,30.0,M,basic,12.5
682,17/02/2023,United States,65.0,M,basic,13.11
683,15/12/2023,USA,66.0,M,basic,10.68
684,30/10/2022,Germany,70.0,M,basic,11.59
685,22/07/2023,Spain,46.0,M,basic,11.86
686,11/05/2022,Germany,56.0,F,basic,11.56
687,16/07/2022,Mexico,41.0,F,Premium,38.63
688,07/03/2023,United Kingdom,43.0,M,Premium,35.8
689,12/11/2023,Australia,34.0,F,basic,13.64
690,24/01/2023,USA,24.0,M,Premium,32.36
691,25/11/2023,Germany,30.0,F,basic,11.31
692,06/02/2024,Brazil,22.0,M,Premium,32.24
693,28/06/2022,Germany,43.0,M,basic,13.43
694,23/09/2023,France,66.0,F,basic,11.74
695,06/08/2023,US,20.0,M,basic,12.02
696,05/11/2022,France,24.0,M,Premium,37.08
697,20/02/2023,Mexico,66.0,M,basic,14.85
698,16/07/2023,USA,56.0,M,basic,10.8
699,03/05/2024,USA,70.0,M,basic,10.3
700,01/01/2022,Mexico,18.0,F,basic,10.96
701,08/11/2022,UK,66.0,F,Premium,37.34
702,21/10/2022,France,34.0,F,basic,10.96
703,04/08/2022,Britain,60.0,M,ENTERPRISE,158.43
704,17/03/2023,Brazil,42.0,M,basic,12.94
705,15/03/2024,Canada,20.0,M,basic,11.46
706,17/08/2023,US,32.0,M,Premium,30.68
707,14/09/2023,USA,46.0,F,Premium,33.98
708,02/11/2023,UK,70.0,M,basic,10.92
709,26/11/2022,Australia,60.0,F,basic,10.91
710,22/04/2023,Brazil,49.0,M,Premium,35.22
711,29/03/2023,France,43.0,M,basic,13.36
712,29/03/2023,US,33.0,M,Premium,30.74
713,23/11/2023,Australia,42.0,M,basic,12.88
714,07/08/2022,France,45.0,M,ENTERPRISE,124.61
715,08/06/2023,Germany,26.0,M,basic,13.36
716,30/04/2023,Australia,18.0,M,basic,14.04
717,23/03/2024,Mexico,46.0,,basic,14.03
718,26/03/2024,UK,,F,ENTERPRISE,136.98
719,24/01/2024,US,33.0,M,Premium,35.66
720,23/06/2022,Italy,58.0,M,basic,13.96
721,06/11/2023,United Kingdom,68.0,F,basic,10.29
722,28/03/2022,United Kingdom,61.0,Other,basic,13.02
723,18/10/2022,US,68.0,F,basic,14.17
724,12/06/2023,Australia,58.0,M,basic,11.85
725,11/11/2023,France,24.0,,basic,12.27
726,11/10/2023,UK,31.0,F,basic,13.48
727,27/09/2023,Canada,46.0,M,basic,10.33
728,10/12/2022,United Kingdom,36.0,F,Premium,33.85
729,06/04/2022,UK,36.0,M,basic,11.47
730,18/04/2024,United Kingdom,19.0,Other,basic,10.07
731,09/02/2024,Germany,58.0,F,basic,10.97
732,29/08/2022,France,62.0,F,Premium,33.95
733,20/11/2023,Germany,32.0,F,Premium,31.96
734,14/11/2022,Brazil,20.0,M,Premium,36.01
735,19/08/2022,United Kingdom,28.0,F,basic,12.23
736,05/04/2024,Italy,70.0,F,basic,10.19
737,23/07/2022,Italy,63.0,F,ENTERPRISE,127.49
738,31/05/2022,Germany,47.0,F,basic,10.09
739,26/01/2022,Mexico,57.0,F,basic,11.78
740,17/02/2022,Italy,35.0,Other,Premium,32.58
741,08/09/2022,United Kingdom,68.0,F,basic,13.43
742,02/05/2023,US,65.0,F,basic,11.53
743,18/09/2023,Germany,19.0,M,basic,11.87
744,20/05/2024,Brazil,49.0,F,basic,13.62
745,26/02/2024,Canada,25.0,M,basic,12.39
746,16/03/2022,Canada,39.0,M,basic,12.77
747,12/04/2023,United States,23.0,M,Premium,38.4
748,01/03/2023,Australia,29.0,F,basic,11.02
749,26/06/2024,France,64.0,F,basic,14.94
750,07/10/2023,Italy,,F,basic,14.49
751,13/08/2023,Italy,53.0,M,Premium,32.86
752,19/07/2022,Australia,32.0,F,basic,14.45
753,06/01/2024,USA,45.0,F,Premium,37.53
754,15/12/2023,Brazil,69.0,M,Premium,39.3
755,29/01/2023,Britain,66.0,M,Premium,36.9
756,22/05/2023,Germany,62.0,M,basic,13.36
757,14/02/2023,Mexico,35.0,F,Premium,30.02
758,07/09/2022,Brazil,19.0,F,basic,12.36
759,01/06/2022,Spain,30.0,M,basic,10.99
760,03/11/2023,Italy,62.0,Other,basic,11.61
761,06/12/2023,France,32.0,M,ENTERPRISE,197.87
762,06/01/2022,United States,37.0,M,basic,10.42
763,08/02/2024,Canada,46.0,M,Premium,37.21
764,31/05/2024,Italy,59.0,M,basic,10.85
765,28/02/2024,United States,46.0,M,basic,10.03
766,25/06/2024,United Kingdom,20.0,M,Premium,35.0
767,20/04/2022,Brazil,36.0,F,basic,10.8
768,08/03/2024,United Kingdom,20.0,M,Premium,39.64
769,12/03/2023,Britain,31.0,F,Premium,32.03
770,13/08/2022,US,57.0,F,basic,10.95
771,30/06/2022,Spain,21.0,M,basic,10.15
772,03/04/2024,Brazil,69.0,F,basic,11.64
773,14/12/2023,USA,28.0,M,basic,10.11
774,15/06/2023,Britain,48.0,F,basic,12.48
775,21/04/2023,UK,60.0,F,basic,12.52
776,21/02/2022,USA,49.0,M,ENTERPRISE,105.31
777,25/07/2023,Germany,44.0,F,basic,11.19
778,13/09/2022,France,47.0,F,Premium,38.31
779,18/05/2024,Brazil,60.0,F,basic,12.3
780,05/05/2022,UK,19.0,F,basic,12.16
781,13/04/2023,UK,66.0,M,basic,13.48
782,17/05/2022,Britain,26.0,F,Premium,37.14
783,31/03/2024,Australia,45.0,M,basic,13.8
784,21/04/2023,US,48.0,M,Premium,38.29
785,15/11/2023,Brazil,51.0,M,basic,11.15
786,28/06/2023,Australia,32.0,M,basic,10.32
787,27/07/2023,Britain,65.0,F,basic,11.89
788,02/09/2023,Germany,42.0,F,basic,14.27
789,21/11/2022,Canada,53.0,F,basic,10.38
790,13/02/2024,Italy,25.0,M,Premium,35.75
791,30/03/2023,Italy,26.0,F,Premium,37.0
792,20/09/2023,US,54.0,F,Premium,34.8
793,14/04/2024,Germany,65.0,M,Premium,32.54
794,07/01/2024,Mexico,62.0,M,ENTERPRISE,132.62
795,01/06/2023,US,56.0,F,ENTERPRISE,107.16
796,13/03/2023,Brazil,49.0,F,basic,11.45
797,30/04/2024,Brazil,69.0,F,basic,10.21
798,16/07/2023,United States,34.0,F,basic,13.62
799,02/04/2023,Australia,52.0,,basic,14.48
800,12/06/2022,Mexico,54.0,M,ENTERPRISE,163.34
801,01/02/2024,Italy,36.0,F,basic,13.27
802,01/06/2024,UK,61.0,M,Premium,34.71
803,02/05/2023,Australia,46.0,F,Premium,31.55
804,06/04/2023,Spain,24.0,F,basic,10.03
805,23/09/2022,Brazil,45.0,F,basic,11.71
806,09/02/2024,France,26.0,Other,basic,13.75
807,11/09/2022,Germany,45.0,M,basic,14.79
808,10/05/2024,USA,23.0,F,basic,12.15
809,15/10/2023,US,46.0,F,basic,11.82
810,11/10/2022,Brazil,34.0,Other,basic,12.22
811,24/02/2024,Australia,33.0,F,basic,12.13
812,07/03/2024,Mexico,40.0,M,basic,13.12
813,18/06/2023,France,48.0,F,basic,13.66
814,12/05/2023,Australia,20.0,F,Premium,37.84
815,04/10/2023,USA,38.0,M,basic,13.24
816,02/09/2022,France,43.0,F,Premium,34.37
817,09/10/2022,Spain,53.0,F,Premium,39.49
818,27/03/2023,USA,59.0,F,Premium,37.1
819,21/03/2022,Britain,54.0,M,basic,12.12
820,01/01/2024,United Kingdom,70.0,F,basic,12.22
821,20/10/2022,Britain,39.0,F,basic,14.08
822,29/08/2022,Italy,,F,basic,12.19
823,06/10/2022,Australia,29.0,M,ENTERPRISE,151.62
824,10/12/2022,Brazil,59.0,M,basic,11.45
825,24/11/2022,Brazil,,F,ENTERPRISE,183.88
826,08/07/2023,Brazil,28.0,F,Premium,35.21
827,24/03/2022,United Kingdom,33.0,M,basic,12.75
828,22/05/2022,Britain,25.0,M,Premium,38.8
829,04/06/2022,United Kingdom,57.0,M,basic,14.59
830,25/08/2022,Canada,57.0,F,basic,14.11
831,28/01/2023,Australia,62.0,M,basic,10.32
832,12/12/2023,United Kingdom,19.0,M,ENTERPRISE,144.34
833,06/06/2022,UK,47.0,M,basic,11.71
834,25/12/2023,US,47.0,F,Premium,32.13
835,08/08/2022,US,29.0,M,basic,14.53
836,07/03/2022,UK,27.0,M,basic,14.44
837,01/03/2023,France,61.0,F,basic,12.32
838,22/02/2023,United States,28.0,M,basic,10.66
839,05/12/2022,France,32.0,M,basic,10.06
840,10/07/2023,USA,33.0,F,basic,12.18
841,23/04/2023,Mexico,34.0,M,Premium,30.39
842,02/03/2023,USA,43.0,F,basic,13.04
843,05/03/2022,United Kingdom,19.0,M,ENTERPRISE,160.83
844,31/07/2022,Britain,67.0,F,basic,14.48
845,02/05/2024,Britain,29.0,M,basic,10.94
846,07/03/2023,US,68.0,F,basic,11.85
847,03/02/2023,Germany,43.0,M,basic,14.29
848,28/02/2024,France,40.0,M,ENTERPRISE,147.42
849,22/08/2023,Canada,35.0,F,Premium,30.59
850,14/12/2023,Australia,49.0,Other,Premium,31.1
851,21/01/2022,Italy,66.0,,Premium,38.12
852,27/05/2024,Spain,55.0,F,Premium,37.43
853,20/06/2024,Britain,64.0,M,Premium,38.75
854,23/02/2024,Australia,20.0,F,Premium,31.18
855,13/08/2023,Spain,55.0,M,basic,13.79
856,25/01/2023,Australia,20.0,F,basic,13.27
857,04/05/2023,United Kingdom,47.0,M,Premium,32.31
858,07/01/2022,Spain,18.0,M,basic,14.86
859,27/12/2022,Italy,47.0,M,Premium,35.69
860,02/11/2022,Australia,62.0,M,basic,14.52
861,11/02/2024,UK,,F,Premium,38.58
862,04/02/2023,Italy,,Other,basic,11.66
863,23/05/2024,Spain,38.0,F,basic,12.67
864,05/05/2024,Italy,63.0,M,basic,12.15
865,06/03/2023,Australia,30.0,M,Premium,37.08
866,06/07/2023,United States,44.0,,basic,12.93
867,05/02/2024,Australia,53.0,Other,Premium,37.84
868,23/01/2024,Australia,24.0,M,Premium,30.11
869,14/07/2023,United Kingdom,,F,basic,13.43
870,30/03/2024,France,27.0,Other,ENTERPRISE,131.9
871,10/09/2023,UK,56.0,F,basic,11.11
872,14/08/2022,Canada,70.0,M,Premium,38.0
873,15/05/2023,Britain,32.0,M,basic,10.44
874,13/08/2022,USA,32.0,F,basic,11.13
875,07/10/2022,France,21.0,F,basic,11.01
876,23/03/2023,USA,49.0,M,Premium,34.19
877,13/05/2023,United Kingdom,40.0,M,ENTERPRISE,132.22
878,30/01/2022,UK,23.0,F,basic,13.59
879,03/02/2023,Brazil,41.0,M,basic,13.49
880,11/12/2022,Australia,37.0,M,ENTERPRISE,132.54
881,16/11/2023,Brazil,54.0,F,basic,12.17
882,27/11/2023,Brazil,37.0,F,basic,11.03
883,28/03/2024,Mexico,,F,basic,13.34
884,19/02/2023,US,50.0,M,basic,11.97
885,12/01/2024,Brazil,,F,Premium,31.32
886,19/06/2022,Britain,25.0,F,ENTERPRISE,112.72
887,10/05/2024,United States,18.0,M,basic,11.6
888,24/04/2023,US,54.0,F,Premium,37.46
889,11/05/2022,United Kingdom,39.0,M,Premium,30.25
890,30/09/2023,France,23.0,,basic,11.28
891,01/07/2023,United States,38.0,M,basic,10.8
892,28/01/2022,Italy,49.0,M,Premium,39.55
893,08/02/2023,Spain,52.0,M,basic,13.52
894,30/08/2023,Mexico,32.0,F,basic,11.16
895,01/08/2023,United States,22.0,M,ENTERPRISE,120.74
896,10/11/2023,Canada,63.0,Other,Premium,38.57
897,28/01/2022,Brazil,67.0,F,ENTERPRISE,119.01
898,27/03/2022,United Kingdom,65.0,M,basic,14.98
899,21/10/2023,Germany,23.0,M,Premium,32.81
900,15/03/2023,Spain,42.0,F,Premium,30.83
901,19/05/2022,USA,63.0,F,ENTERPRISE,169.08
902,06/06/2024,Britain,57.0,M,ENTERPRISE,160.95
903,18/04/2023,USA,,M,ENTERPRISE,199.97
904,06/07/2022,United States,,F,ENTERPRISE,180.2
905,21/02/2022,USA,57.0,M,basic,12.13
906,24/09/2022,Canada,,F,Premium,36.76
907,24/01/2023,United Kingdom,55.0,F,basic,14.08
908,02/12/2022,Italy,35.0,M,Premium,35.13
909,05/08/2022,France,19.0,M,ENTERPRISE,127.28
910,11/04/2023,Britain,25.0,M,basic,11.04
911,01/12/2022,Canada,28.0,F,basic,11.47
912,12/12/2022,Canada,50.0,M,Premium,38.47
913,19/02/2024,USA,55.0,M,basic,11.89
914,19/06/2024,Brazil,65.0,F,basic,11.42
915,24/01/2023,USA,44.0,M,basic,14.02
916,12/10/2022,United States,37.0,F,basic,10.15
917,10/02/2024,France,29.0,F,Premium,35.93
918,01/05/2024,US,60.0,M,basic,14.36
919,08/03/2023,USA,48.0,F,basic,12.04
920,16/09/2022,United Kingdom,44.0,F,ENTERPRISE,126.92
921,04/05/2024,Germany,49.0,M,Premium,34.91
922,25/03/2022,Britain,27.0,M,basic,13.58
923,27/04/2023,Australia,20.0,M,basic,12.57
924,20/01/2022,USA,62.0,F,Premium,30.07
925,07/02/2024,United Kingdom,44.0,M,basic,10.38
926,07/07/2023,United Kingdom,52.0,Other,Premium,37.2
927,23/02/2022,Britain,48.0,F,Premium,33.99
928,25/12/2022,US,32.0,M,basic,13.91
929,18/08/2022,United Kingdom,33.0,F,ENTERPRISE,164.94
930,28/10/2023,Germany,30.0,M,basic,12.9
931,12/03/2022,United Kingdom,66.0,F,basic,14.5
932,10/03/2024,United Kingdom,52.0,F,ENTERPRISE,102.12
933,30/10/2023,United Kingdom,69.0,M,basic,10.77
934,11/02/2022,Italy,,M,Premium,36.23
935,12/02/2024,Italy,38.0,F,Premium,30.65
936,01/02/2022,US,68.0,F,basic,13.21
937,11/09/2022,USA,28.0,F,ENTERPRISE,198.4
938,24/07/2022,United Kingdom,,M,basic,14.38
939,09/05/2024,Mexico,65.0,,basic,12.94
940,21/01/2022,France,70.0,M,ENTERPRISE,189.39
941,29/09/2023,Mexico,52.0,F,basic,10.57
942,06/06/2022,USA,39.0,M,Premium,34.54
943,02/09/2022,US,55.0,M,Premium,34.28
944,10/05/2022,Brazil,48.0,F,basic,11.67
945,30/04/2023,Brazil,31.0,F,basic,9.99
946,17/11/2023,UK,41.0,M,basic,14.45
947,28/04/2022,Mexico,67.0,M,Premium,37.77
948,01/08/2023,USA,66.0,F,basic,13.25
949,12/08/2022,USA,49.0,M,basic,10.63
950,22/04/2023,Spain,53.0,M,basic,11.88
951,18/12/2023,United States,49.0,,basic,14.61
952,20/09/2022,Australia,32.0,F,Premium,36.16
953,25/02/2024,Spain,60.0,F,ENTERPRISE,160.33
954,13/01/2023,Germany,52.0,M,basic,14.56
955,21/06/2022,Italy,20.0,M,basic,12.79
956,13/09/2023,Italy,,F,Premium,35.97
957,14/09/2023,United States,22.0,Other,basic,11.72
958,05/02/2024,Britain,38.0,F,ENTERPRISE,137.13
959,06/01/2024,Britain,27.0,Other,basic,13.42
960,28/04/2022,US,36.0,F,basic,11.59
961,07/03/2024,Canada,42.0,F,ENTERPRISE,155.9
962,18/04/2024,United States,21.0,M,basic,11.39
963,17/06/2022,Australia,46.0,M,basic,10.82
964,15/11/2022,USA,36.0,M,basic,12.26
965,21/04/2022,Britain,60.0,F,ENTERPRISE,121.73
966,16/08/2023,Australia,19.0,F,Premium,38.97
967,27/01/2022,United Kingdom,27.0,F,basic,11.51
968,16/11/2022,Mexico,60.0,M,Premium,35.96
969,13/08/2023,Mexico,42.0,M,basic,11.31
970,25/11/2023,Canada,37.0,M,basic,11.28
971,20/01/2023,France,65.0,M,Premium,33.5
972,11/02/2023,USA,36.0,F,Premium,39.15
973,03/01/2024,Germany,40.0,F,basic,11.95
974,23/07/2022,United Kingdom,41.0,M,basic,14.1
975,19/03/2022,United Kingdom,28.0,M,basic,10.98
976,30/08/2023,Mexico,63.0,F,Premium,30.47
977,09/12/2023,United States,51.0,M,Premium,37.81
978,30/04/2024,Canada,,F,Premium,35.41
979,05/10/2023,US,22.0,M,Premium,35.03
980,06/09/2022,Germany,22.0,M,Premium,32.71
981,15/04/2022,Britain,,M,Premium,30.71
982,15/12/2023,Australia,38.0,M,basic,12.4
983,02/03/2024,United States,29.0,F,basic,14.33
984,05/11/2022,Britain,67.0,M,basic,10.59
985,20/05/2024,United States,21.0,M,basic,14.64
986,02/12/2023,United States,66.0,M,Premium,32.74
987,07/09/2023,United States,59.0,M,ENTERPRISE,153.21
988,04/04/2024,Mexico,37.0,M,basic,10.32
989,04/05/2022,Canada,55.0,F,ENTERPRISE,142.49
990,26/03/2024,US,42.0,F,basic,10.62
991,03/08/2023,United States,31.0,F,basic,10.23
992,12/03/2024,UK,28.0,M,Premium,39.66
993,12/02/2022,France,49.0,M,basic,13.64
994,22/12/2022,Britain,,M,basic,13.59
995,30/06/2023,USA,35.0,M,basic,10.44
996,15/03/2023,Spain,44.0,F,ENTERPRISE,192.93
997,09/11/2023,Australia,35.0,F,Premium,34.68
998,15/01/2023,Mexico,40.0,F,basic,14.25
999,12/03/2022,Germany,28.0,M,basic,10.05
1000,03/06/2023,Italy,38.0,M,ENTERPRISE,129.81
1001,26/10/2023,US,61.0,F,basic,14.97
1002,16/12/2022,USA,22.0,M,ENTERPRISE,142.77
1003,13/01/2022,United Kingdom,,F,basic,14.43
1004,19/05/2024,Brazil,58.0,F,Premium,33.27
1005,07/03/2023,UK,42.0,F,Premium,35.24
1006,22/04/2024,Italy,58.0,F,basic,14.26
1007,17/05/2023,Spain,27.0,M,Premium,36.05
1008,19/04/2022,USA,39.0,M,basic,13.62
1009,20/03/2023,Italy,36.0,M,Premium,32.28
1010,06/01/2023,USA,18.0,F,Premium,31.55
1011,13/10/2023,Australia,24.0,M,basic,11.14
1012,28/04/2024,UK,21.0,F,Premium,34.92
1013,16/04/2023,Spain,18.0,F,basic,13.99
1014,26/12/2023,United Kingdom,32.0,F,basic,11.76
1015,06/06/2022,United States,57.0,M,Premium,35.64
1016,22/03/2023,Britain,29.0,M,basic,14.01
1017,30/06/2022,United Kingdom,39.0,F,basic,11.18
1018,22/01/2024,United States,39.0,F,basic,14.4
1019,19/06/2023,Brazil,67.0,F,basic,14.76
1020,29/10/2023,Mexico,64.0,M,basic,10.18
1021,04/10/2022,Canada,34.0,F,basic,10.29
1022,23/09/2023,Canada,46.0,F,Premium,30.9
1023,07/04/2024,Canada,63.0,M,Premium,37.76
1024,06/07/2023,US,31.0,F,ENTERPRISE,118.92
1025,04/03/2024,France,67.0,F,basic,13.62
1026,11/05/2023,Germany,37.0,M,Premium,34.4
1027,22/04/2023,Germany,67.0,M,Premium,38.35
1028,23/03/2023,Canada,65.0,F,basic,14.03
1029,25/04/2024,Britain,50.0,M,Premium,39.59
1030,19/01/2024,Spain,60.0,F,Premium,32.5
1031,30/08/2023,UK,32.0,F,basic,11.14
1032,02/10/2022,Spain,29.0,F,Premium,30.31
1033,27/11/2022,UK,57.0,F,basic,12.04
1034,22/05/2024,Spain,37.0,M,basic,12.29
1035,09/09/2022,France,47.0,M,basic,14.81
1036,30/04/2024,US,55.0,F,Premium,38.3
1037,30/03/2022,US,20.0,M,basic,10.82
1038,13/10/2022,Canada,45.0,F,basic,13.98
1039,21/06/2024,Brazil,43.0,F,Premium,31.77
1040,07/04/2023,United States,,M,Premium,30.77
1041,07/09/2022,Brazil,30.0,M,Premium,38.36
1042,08/02/2024,Italy,30.0,F,basic,14.87
1043,21/04/2023,US,19.0,F,Premium,30.87
1044,07/08/2023,US,54.0,,basic,14.06
1045,17/09/2023,United Kingdom,66.0,F,basic,14.29
1046,16/11/2023,United Kingdom,55.0,F,basic,10.58
1047,24/01/2023,United States,19.0,Other,Premium,32.82
1048,11/12/2022,Australia,53.0,M,Premium,37.33
1049,30/01/2022,Italy,43.0,M,Premium,38.07
1050,22/05/2023,Brazil,28.0,F,basic,11.76
1051,21/05/2024,Britain,25.0,F,basic,10.79
1052,29/11/2022,United Kingdom,61.0,M,basic,13.23
1053,06/07/2022,Britain,57.0,F,ENTERPRISE,170.19
1054,15/05/2023,USA,60.0,F,basic,12.51
1055,06/08/2022,United Kingdom,39.0,M,basic,10.71
1056,30/12/2022,France,37.0,F,Premium,38.43
1057,27/03/2024,Australia,25.0,F,basic,13.22
1058,22/09/2022,Italy,46.0,M,Premium,38.68
1059,15/12/2022,Mexico,57.0,M,Premium,39.32
1060,14/10/2022,United States,43.0,F,Premium,38.05
1061,20/06/2024,USA,47.0,M,basic,14.78
1062,03/09/2023,Mexico,34.0,M,basic,14.76
1063,20/12/2023,Italy,37.0,F,basic,13.09
1064,20/06/2024,Brazil,69.0,F,basic,13.63
1065,10/10/2022,Canada,33.0,F,Premium,36.98
1066,24/07/2023,France,63.0,F,basic,13.1
1067,11/01/2022,Italy,60.0,M,Premium,30.18
1068,14/06/2023,France,24.0,M,basic,11.77
1069,15/07/2022,France,33.0,M,Premium,30.99
1070,29/03/2022,Britain,62.0,M,basic,11.49
1071,05/09/2022,Spain,64.0,F,basic,10.33
1072,08/01/2024,Mexico,65.0,F,basic,14.59
1073,21/02/2023,Canada,,F,Premium,34.5
1074,16/05/2023,Brazil,,M,basic,10.94
1075,23/07/2023,USA,40.0,M,basic,12.91
1076,16/02/2024,Italy,41.0,F,basic,10.97
1077,04/09/2022,UK,26.0,M,basic,14.01
1078,09/12/2023,USA,52.0,M,Premium,33.05
1079,03/05/2023,Spain,68.0,F,Premium,33.14
1080,24/10/2023,USA,37.0,M,basic,14.34
1081,30/12/2023,US,54.0,M,basic,12.79
1082,18/05/2023,Brazil,59.0,F,basic,14.43
1083,04/04/2023,UK,34.0,M,ENTERPRISE,141.28
1084,22/03/2024,Spain,64.0,F,basic,11.71
1085,18/01/2022,Britain,48.0,M,Premium,35.05
1086,06/04/2022,Mexico,25.0,M,Premium,30.6
1087,29/10/2022,Italy,32.0,M,Premium,31.53
1088,15/08/2022,Australia,48.0,F,ENTERPRISE,121.94
1089,19/02/2023,Germany,70.0,F,basic,14.07
1090,10/12/2023,Mexico,47.0,Other,ENTERPRISE,173.37
1091,07/09/2022,Spain,63.0,F,Premium,31.92
1092,10/11/2022,United States,37.0,F,basic,11.37
1093,11/11/2023,Brazil,56.0,M,Premium,39.43
1094,19/08/2023,Italy,70.0,M,Premium,30.85
1095,13/01/2023,Mexico,29.0,M,Premium,35.46
1096,30/04/2023,Canada,66.0,M,basic,12.6
1097,21/07/2023,Spain,34.0,M,Premium,37.25
1098,28/06/2023,US,59.0,M,basic,11.3
1099,19/12/2022,Germany,47.0,M,Premium,39.34
1100,12/03/2023,US,46.0,M,ENTERPRISE,141.05
1101,03/02/2024,Germany,36.0,M,Premium,32.85
1102,18/07/2023,Mexico,63.0,F,basic,11.67
1103,05/12/2022,Canada,28.0,F,Premium,33.48
1104,27/12/2022,Australia,51.0,M,basic,10.98
1105,21/12/2023,Brazil,67.0,M,Premium,39.27
1106,10/04/2023,United States,24.0,M,Premium,31.74
1107,05/10/2022,Italy,61.0,F,basic,14.4
1108,10/11/2022,Britain,,M,basic,12.01
1109,15/09/2022,US,37.0,,Premium,32.68
1110,25/08/2022,US,67.0,M,basic,10.98
1111,04/05/2022,France,55.0,M,Premium,35.03
1112,09/01/2024,Germany,41.0,M,basic,13.34
1113,17/07/2022,United Kingdom,27.0,M,basic,14.48
1114,20/11/2022,Australia,49.0,F,Premium,36.51
1115,03/05/2022,Italy,69.0,F,Premium,34.83
1116,31/01/2024,Germany,32.0,F,basic,10.16
1117,03/07/2023,France,54.0,F,Premium,39.14
1118,20/02/2024,USA,37.0,F,basic,14.5
1119,08/12/2023,Germany,20.0,,Premium,33.78
1120,09/07/2022,Britain,54.0,M,basic,10.14
1121,16/07/2022,Italy,57.0,M,basic,13.66
1122,10/08/2022,Mexico,25.0,M,basic,13.95
1123,27/01/2024,Australia,57.0,F,basic,12.7
1124,11/05/2023,France,61.0,M,basic,12.0
1125,11/10/2022,USA,40.0,F,basic,14.25
1126,12/01/2024,Brazil,57.0,M,ENTERPRISE,119.24
1127,27/08/2023,UK,28.0,,basic,12.19
1128,18/02/2024,France,63.0,M,basic,10.11
1129,22/06/2023,UK,25.0,M,Premium,31.63
1130,04/09/2023,Italy,46.0,F,basic,14.69
1131,17/10/2022,US,47.0,M,basic,12.88
1132,13/04/2022,France,27.0,Other,basic,14.02
1133,02/05/2024,Brazil,56.0,M,basic,12.42
1134,18/07/2022,United States,45.0,M,basic,14.16
1135,31/10/2022,UK,66.0,F,basic,12.68
1136,21/08/2022,Britain,53.0,F,Premium,30.04
1137,05/01/2023,United States,30.0,M,basic,14.49
1138,03/07/2022,Spain,49.0,F,basic,10.73
1139,06/11/2022,Spain,53.0,F,basic,12.24
1140,15/01/2022,USA,54.0,,basic,12.37
1141,27/12/2023,Australia,43.0,M,basic,10.23
1142,01/07/2023,US,,M,Premium,30.52
1143,10/05/2022,Italy,21.0,F,ENTERPRISE,176.25
1144,08/10/2022,France,48.0,F,Premium,32.99
1145,16/02/2022,United Kingdom,35.0,F,basic,12.04
1146,25/02/2022,Britain,55.0,M,ENTERPRISE,156.4
1147,21/07/2023,UK,41.0,M,basic,11.86
1148,27/10/2022,Italy,40.0,F,basic,13.87
1149,16/12/2023,United States,39.0,M,basic,14.41
1150,10/05/2022,Canada,19.0,M,Premium,30.59
1151,16/10/2023,Spain,48.0,M,basic,13.17
1152,08/06/2024,Canada,28.0,F,Premium,33.17
1153,10/02/2024,Brazil,45.0,M,Premium,35.82
1154,18/05/2023,Britain,63.0,F,basic,12.41
1155,16/04/2022,United Kingdom,49.0,F,Premium,33.33
1156,12/06/2024,France,22.0,F,basic,10.46
1157,13/01/2022,USA,55.0,M,basic,12.79
1158,11/08/2023,United Kingdom,27.0,M,basic,10.55
1159,19/10/2022,Britain,57.0,F,Premium,31.55
1160,26/04/2023,United Kingdom,63.0,F,basic,14.9
1161,06/05/2023,Britain,41.0,F,Premium,33.16
1162,28/03/2023,Britain,52.0,F,ENTERPRISE,158.43
1163,15/12/2022,Germany,61.0,F,ENTERPRISE,127.21
1164,08/07/2022,UK,65.0,F,basic,14.32
1165,22/02/2022,Mexico,40.0,M,basic,11.41
1166,16/09/2022,Canada,34.0,M,basic,11.82
1167,01/06/2024,Mexico,18.0,F,Premium,36.07
1168,05/05/2023,Mexico,48.0,M,ENTERPRISE,186.99
1169,27/04/2022,Mexico,,F,Premium,38.15
1170,21/04/2024,Spain,59.0,M,basic,11.31
1171,08/03/2022,Germany,59.0,F,basic,14.14
1172,15/02/2023,France,70.0,M,Premium,37.0
1173,19/05/2023,Germany,51.0,M,basic,14.94
1174,17/03/2022,US,26.0,Other,basic,14.67
1175,14/08/2023,US,39.0,M,Premium,35.32
1176,07/10/2023,Spain,30.0,M,basic,13.74
1177,04/12/2023,United Kingdom,42.0,M,basic,12.84
1178,24/02/2022,UK,65.0,F,basic,12.96
1179,05/06/2022,Spain,,F,basic,10.5
1180,02/06/2022,Britain,68.0,F,Premium,30.01
1181,10/04/2024,United States,29.0,M,basic,10.23
1182,31/07/2023,UK,57.0,F,Premium,39.66
1183,08/11/2022,Australia,34.0,M,basic,10.62
1184,29/03/2022,Canada,32.0,F,basic,10.21
1185,12/09/2022,UK,59.0,F,basic,11.54
1186,02/05/2022,Britain,32.0,F,basic,12.93
1187,26/07/2023,Britain,32.0,F,Premium,39.47
1188,22/02/2024,USA,56.0,F,Premium,36.99
1189,03/03/2023,Mexico,30.0,F,basic,11.37
1190,13/09/2023,Spain,34.0,M,basic,14.69
1191,03/09/2023,Britain,49.0,F,Premium,30.35
1192,20/03/2024,US,26.0,M,basic,14.89
1193,26/09/2023,Mexico,,M,basic,10.28
1194,20/08/2022,France,37.0,M,basic,13.76
1195,05/03/2024,United States,43.0,M,Premium,30.44
1196,20/06/2023,Canada,44.0,M,basic,14.65
1197,25/01/2023,Spain,38.0,F,basic,10.53
1198,07/04/2023,Italy,35.0,M,Premium,30.49
1199,30/03/2023,US,30.0,M,ENTERPRISE,188.92
1200,01/11/2022,Brazil,33.0,F,basic,10.47
1201,30/05/2024,Australia,26.0,M,basic,13.98
1202,26/08/2023,United Kingdom,29.0,F,basic,13.73
1203,16/03/2023,Britain,61.0,F,basic,12.98
1204,09/11/2022,Italy,55.0,F,basic,11.88
1205,06/08/2023,Britain,36.0,F,basic,14.57
1206,28/09/2023,UK,24.0,M,ENTERPRISE,187.1
1207,03/03/2022,US,52.0,M,Premium,34.25
1208,17/09/2023,UK,65.0,M,basic,11.15
1209,28/01/2024,USA,35.0,F,Premium,32.72
1210,12/04/2022,UK,33.0,M,basic,11.09
1211,21/02/2024,USA,56.0,M,basic,12.7
1212,01/08/2022,Australia,21.0,M,ENTERPRISE,186.84
1213,03/10/2023,USA,42.0,F,ENTERPRISE,177.35
1214,05/08/2022,Italy,49.0,M,basic,13.97
1215,28/09/2022,Mexico,57.0,Other,basic,12.23
1216,08/11/2023,Britain,30.0,M,basic,11.6
1217,25/03/2022,United Kingdom,62.0,M,basic,13.78
1218,10/06/2022,Mexico,34.0,M,Premium,37.92
1219,03/09/2022,Canada,66.0,F,basic,13.47
1220,27/06/2022,UK,54.0,F,basic,10.15
1221,20/07/2023,Brazil,23.0,M,basic,12.94
1222,18/03/2022,Canada,36.0,M,basic,11.73
1223,10/06/2022,US,30.0,F,Premium,31.95
1224,03/01/2022,USA,43.0,M,Premium,36.93
1225,23/02/2023,Britain,31.0,M,basic,11.33
1226,07/04/2023,United States,48.0,M,basic,14.55
1227,07/12/2023,Spain,21.0,M,basic,11.48
1228,01/09/2023,Italy,56.0,M,basic,12.77
1229,27/04/2023,United Kingdom,25.0,M,basic,14.13
1230,26/10/2022,Germany,42.0,M,basic,12.0
1231,03/02/2022,Italy,30.0,F,basic,14.13
1232,26/08/2022,Australia,49.0,M,basic,13.61
1233,23/10/2022,United States,55.0,F,Premium,39.2
1234,25/12/2023,Brazil,55.0,M,basic,11.62
1235,17/10/2022,Spain,45.0,F,Premium,31.04
1236,21/12/2023,United States,70.0,M,basic,12.14
1237,30/05/2024,UK,47.0,F,Premium,37.85
1238,10/04/2023,USA,20.0,M,basic,12.24
1239,14/03/2022,United Kingdom,45.0,F,Premium,32.61
1240,05/12/2023,France,20.0,M,basic,10.13
1241,28/08/2022,USA,62.0,M,ENTERPRISE,131.29
1242,28/09/2022,France,51.0,F,Premium,37.12
1243,17/03/2024,Canada,33.0,F,basic,10.73
1244,21/03/2024,Spain,39.0,M,basic,11.69
1245,03/10/2023,Britain,49.0,F,Premium,30.19
1246,27/08/2023,Germany,55.0,M,ENTERPRISE,172.17
1247,09/11/2023,US,25.0,M,Premium,38.8
1248,03/04/2024,Mexico,25.0,Other,Premium,35.68
1249,22/07/2022,USA,23.0,M,Premium,30.25
1250,12/03/2023,United Kingdom,31.0,F,basic,11.08
1251,28/04/2022,Mexico,49.0,M,basic,12.18
1252,12/07/2023,Australia,52.0,F,basic,12.93
1253,19/08/2022,Australia,27.0,F,Premium,34.95
1254,26/10/2023,United States,20.0,Other,basic,14.57
1255,02/06/2022,Mexico,29.0,F,basic,14.68
1256,30/09/2022,United Kingdom,66.0,M,basic,10.53
1257,26/04/2024,Spain,48.0,F,Premium,31.37
1258,26/05/2022,Canada,46.0,M,basic,11.78
1259,15/03/2022,France,22.0,F,basic,12.1
1260,03/03/2022,United States,69.0,F,basic,12.92
1261,19/06/2022,Australia,42.0,F,basic,13.86
1262,22/03/2024,US,58.0,F,Premium,31.35
1263,11/11/2022,US,48.0,M,basic,14.0
1264,02/09/2023,USA,38.0,F,Premium,36.09
1265,06/02/2024,Spain,37.0,M,basic,14.89
1266,24/04/2024,Britain,56.0,F,basic,13.25
1267,06/08/2023,Australia,39.0,,basic,13.57
1268,23/10/2022,Brazil,21.0,F,basic,10.97
1269,26/03/2023,Spain,30.0,M,basic,13.83
1270,08/05/2022,Canada,62.0,F,basic,10.39
1271,25/04/2023,France,59.0,M,Premium,36.56
1272,07/12/2023,United Kingdom,67.0,F,ENTERPRISE,105.55
1273,08/11/2022,Mexico,66.0,M,ENTERPRISE,111.51
1274,18/12/2023,Australia,37.0,F,ENTERPRISE,110.78
1275,17/02/2023,Mexico,69.0,M,basic,10.25
1276,06/10/2022,US,30.0,F,basic,11.6
1277,28/05/2023,United Kingdom,34.0,M,basic,14.96
1278,07/07/2023,United Kingdom,53.0,F,basic,11.73
1279,21/05/2023,United Kingdom,50.0,M,Premium,37.6
1280,25/03/2023,US,18.0,F,Premium,31.31
1281,24/03/2022,Canada,32.0,M,Premium,34.53
1282,05/09/2023,Mexico,30.0,M,Premium,31.84
1283,10/02/2022,Italy,34.0,F,basic,10.95
1284,29/06/2024,Mexico,41.0,M,basic,10.49
1285,19/03/2023,UK,25.0,M,basic,12.15
1286,23/01/2024,France,67.0,F,ENTERPRISE,107.54
1287,27/11/2022,Brazil,44.0,Other,ENTERPRISE,190.97
1288,11/09/2023,Italy,62.0,F,basic,12.23
1289,14/09/2022,France,40.0,M,basic,14.18
1290,27/01/2022,United States,63.0,M,basic,14.89
1291,04/04/2022,Spain,25.0,F,basic,13.38
1292,23/08/2022,Spain,25.0,M,Premium,39.01
1293,22/11/2023,Germany,43.0,F,basic,10.67
1294,06/05/2024,Spain,64.0,M,basic,14.14
1295,31/05/2024,Mexico,30.0,Other,basic,11.35
1296,13/08/2023,US,56.0,F,ENTERPRISE,147.25
1297,25/08/2023,Brazil,54.0,F,basic,13.22
1298,22/01/2022,Britain,66.0,M,Premium,39.03
1299,23/02/2024,USA,45.0,F,basic,14.54
1300,20/11/2023,Germany,42.0,M,basic,10.45
1301,21/04/2024,USA,33.0,F,basic,11.81
1302,03/10/2022,France,19.0,,Premium,37.92
1303,14/08/2023,USA,35.0,M,Premium,37.02
1304,11/02/2022,USA,34.0,M,basic,10.12
1305,21/02/2024,Germany,47.0,F,basic,12.24
1306,14/02/2024,United States,56.0,M,Premium,38.28
1307,29/06/2022,Mexico,30.0,F,Premium,37.37
1308,27/04/2023,United Kingdom,49.0,M,basic,12.05
1309,16/06/2023,Spain,67.0,M,basic,13.67
1310,30/10/2023,Spain,46.0,F,Premium,35.5
1311,29/03/2023,US,63.0,F,basic,14.55
1312,12/10/2022,Germany,47.0,M,ENTERPRISE,158.7
1313,05/07/2022,US,35.0,F,Premium,34.0
1314,23/08/2023,Britain,30.0,F,basic,14.3
1315,23/03/2023,Britain,60.0,F,Premium,30.49
1316,13/10/2023,US,38.0,M,basic,14.49
1317,13/04/2024,Germany,47.0,M,Premium,36.95
1318,19/05/2023,US,38.0,F,Premium,39.4
1319,04/04/2022,Spain,65.0,F,basic,11.24
1320,27/04/2023,Italy,34.0,M,Premium,36.94
1321,23/12/2022,UK,57.0,F,Premium,38.08
1322,23/02/2023,Brazil,36.0,M,Premium,37.01
1323,08/12/2022,USA,69.0,M,basic,11.04
1324,25/11/2022,UK,,F,basic,11.37
1325,18/11/2023,Mexico,26.0,F,Premium,35.66
1326,18/04/2022,Germany,69.0,M,ENTERPRISE,144.67
1327,28/05/2024,Canada,27.0,F,basic,13.67
1328,14/06/2022,UK,61.0,F,basic,11.88
1329,04/12/2022,Brazil,48.0,F,basic,14.29
1330,26/02/2023,Britain,70.0,F,basic,12.15
1331,12/12/2023,France,40.0,M,Premium,30.39
1332,23/05/2023,USA,69.0,,Premium,30.16
1333,23/10/2022,Brazil,47.0,M,ENTERPRISE,164.66
1334,10/11/2023,United Kingdom,,F,Premium,35.4
1335,15/02/2023,Canada,69.0,F,basic,12.7
1336,13/04/2024,Germany,26.0,M,Premium,37.89
1337,18/02/2024,USA,64.0,M,Premium,33.75
1338,18/07/2023,Mexico,18.0,M,ENTERPRISE,199.53
1339,07/02/2022,UK,61.0,M,basic,14.72
1340,11/04/2023,Britain,52.0,F,basic,10.05
1341,01/04/2022,United States,28.0,F,basic,14.47
1342,19/11/2022,Italy,51.0,M,basic,13.39
1343,16/09/2022,United Kingdom,33.0,F,basic,12.5
1344,28/11/2022,Canada,26.0,F,Premium,35.82
1345,29/04/2022,Italy,49.0,F,Premium,38.41
1346,02/03/2024,USA,32.0,M,basic,14.75
1347,18/02/2023,Britain,29.0,M,basic,12.79
1348,04/06/2024,Britain,,,ENTERPRISE,118.12
1349,11/06/2023,Brazil,62.0,F,basic,13.19
1350,24/04/2024,UK,31.0,F,basic,10.37
1351,02/01/2022,Brazil,25.0,F,basic,13.17
1352,05/11/2023,Spain,25.0,M,basic,14.03
1353,09/06/2024,UK,44.0,M,basic,11.76
1354,10/07/2023,Spain,29.0,M,Premium,30.7
1355,19/04/2023,Brazil,18.0,Other,ENTERPRISE,169.21
1356,28/02/2023,Spain,60.0,M,Premium,33.38
1357,25/02/2022,United Kingdom,57.0,M,basic,11.24
1358,12/07/2022,Brazil,59.0,Other,basic,13.44
1359,15/06/2023,UK,68.0,F,ENTERPRISE,196.95
1360,06/01/2023,Australia,28.0,F,Premium,37.44
1361,30/09/2023,Brazil,56.0,M,basic,12.45
1362,14/02/2024,United States,60.0,F,basic,12.99
1363,26/05/2023,Canada,48.0,M,Premium,31.41
1364,03/10/2023,US,34.0,F,basic,14.06
1365,29/03/2023,US,,M,basic,13.01
1366,18/02/2024,UK,49.0,M,basic,14.82
1367,22/02/2022,UK,,F,basic,14.89
1368,28/07/2022,Italy,38.0,,basic,11.76
1369,01/10/2022,Canada,38.0,F,basic,14.93
1370,17/07/2023,Canada,57.0,M,basic,14.77
1371,15/05/2022,United Kingdom,40.0,M,Premium,36.39
1372,22/10/2022,UK,23.0,F,Premium,33.32
1373,25/03/2023,Canada,,F,basic,13.76
1374,20/06/2024,Mexico,67.0,Other,ENTERPRISE,127.11
1375,17/12/2023,Italy,55.0,F,basic,13.14
1376,12/05/2023,Spain,54.0,F,basic,10.11
1377,05/05/2022,Britain,62.0,F,basic,13.13
1378,30/01/2022,Britain,68.0,M,Premium,39.51
1379,08/10/2023,Spain,25.0,M,basic,11.17
1380,16/09/2023,Germany,58.0,M,basic,13.88
1381,29/03/2024,Italy,66.0,M,Premium,32.92
1382,03/09/2022,Mexico,52.0,F,basic,13.53
1383,28/12/2023,Canada,68.0,F,Premium,36.99
1384,12/06/2022,Australia,28.0,F,Premium,31.84
1385,15/11/2022,Italy,41.0,M,ENTERPRISE,159.7
1386,19/07/2023,Brazil,66.0,M,basic,14.29
1387,15/01/2022,Spain,38.0,M,basic,11.9
1388,20/07/2023,Mexico,68.0,F,ENTERPRISE,171.02
1389,22/02/2023,United States,19.0,M,Premium,36.73
1390,06/04/2022,France,57.0,F,Premium,32.57
1391,19/08/2022,USA,36.0,M,basic,14.58
1392,11/05/2024,Spain,56.0,M,basic,12.81
1393,27/04/2022,Australia,45.0,F,basic,11.77
1394,18/04/2023,Canada,34.0,F,basic,10.81
1395,01/05/2022,Australia,23.0,M,basic,12.36
1396,26/10/2023,Australia,36.0,F,basic,13.64
1397,02/05/2024,UK,55.0,Other,basic,13.11
1398,07/06/2022,UK,45.0,Other,basic,13.63
1399,26/05/2023,United Kingdom,19.0,F,basic,13.95
1400,04/01/2024,Spain,55.0,F,basic,12.2
1401,26/10/2022,United Kingdom,54.0,M,basic,12.59
1402,06/06/2023,Spain,68.0,F,basic,14.92
1403,24/12/2023,Italy,69.0,M,basic,14.83
1404,07/10/2022,USA,21.0,Other,basic,12.06
1405,02/03/2023,Australia,39.0,M,Premium,36.84
1406,04/05/2024,Italy,43.0,M,basic,11.33
1407,10/05/2023,France,66.0,F,Premium,31.52
1408,29/04/2023,Britain,60.0,M,Premium,37.67
1409,07/09/2022,US,53.0,M,Premium,34.35
1410,13/04/2023,Brazil,30.0,F,basic,10.88
1411,19/07/2023,Mexico,69.0,F,basic,13.78
1412,29/05/2022,Spain,49.0,F,Premium,39.14
1413,28/01/2023,France,34.0,M,ENTERPRISE,193.32
1414,15/07/2022,Britain,58.0,F,ENTERPRISE,159.62
1415,06/09/2023,Canada,53.0,,basic,12.39
1416,05/06/2023,Germany,63.0,M,Premium,31.41
1417,04/02/2024,USA,36.0,F,Premium,37.92
1418,19/06/2024,Mexico,52.0,F,Premium,39.44
1419,20/05/2022,United Kingdom,63.0,F,basic,14.44
1420,03/06/2024,United Kingdom,57.0,F,basic,13.75
1421,13/03/2022,Italy,45.0,M,basic,10.01
1422,10/10/2022,Mexico,18.0,F,basic,12.03
1423,02/03/2024,UK,59.0,M,Premium,34.1
1424,19/03/2024,Britain,35.0,F,ENTERPRISE,189.43
1425,24/05/2024,Germany,65.0,F,Premium,30.65
1426,01/03/2023,France,57.0,F,basic,12.65
1427,15/12/2022,USA,50.0,F,Premium,31.35
1428,17/03/2024,Britain,29.0,F,basic,13.3
1429,04/06/2023,Germany,25.0,F,Premium,37.91
1430,01/10/2022,US,41.0,M,Premium,36.41
1431,20/04/2024,Spain,33.0,M,basic,13.96
1432,03/01/2022,United Kingdom,67.0,F,basic,13.03
1433,17/10/2022,France,21.0,F,basic,10.94
1434,14/01/2024,United Kingdom,,M,basic,11.9
1435,02/11/2022,France,61.0,M,Premium,39.56
1436,07/05/2024,Italy,44.0,M,basic,11.43
1437,25/08/2023,UK,26.0,F,basic,10.3
1438,17/08/2023,France,64.0,M,basic,11.91
1439,07/11/2023,United Kingdom,33.0,M,Premium,33.65
1440,17/05/2023,Italy,29.0,F,basic,12.34
1441,05/06/2024,France,48.0,F,basic,12.79
1442,02/06/2022,US,41.0,M,Premium,39.91
1443,03/04/2023,UK,31.0,M,basic,13.77
1444,06/07/2023,France,62.0,F,basic,10.17
1445,11/05/2023,Italy,42.0,M,Premium,37.12
1446,20/12/2022,Canada,51.0,Other,basic,14.11
1447,07/12/2022,Britain,20.0,F,Premium,38.95
1448,20/07/2023,United States,41.0,M,basic,12.11
1449,21/02/2024,Germany,,F,basic,11.56
1450,11/07/2023,United States,26.0,M,basic,14.19
1451,22/01/2023,Canada,43.0,M,Premium,37.77
1452,12/04/2023,United States,37.0,F,basic,12.67
1453,26/11/2022,Canada,57.0,F,basic,10.58
1454,09/06/2024,USA,27.0,M,basic,13.25
1455,13/07/2022,Canada,36.0,M,basic,10.32
1456,16/12/2023,Canada,20.0,M,Premium,30.99
1457,02/09/2022,Australia,41.0,M,ENTERPRISE,133.1
1458,09/08/2023,Canada,22.0,F,Premium,33.7
1459,28/01/2023,US,20.0,M,basic,12.3
1460,28/08/2022,Britain,44.0,Other,basic,11.69
1461,26/05/2024,Spain,33.0,M,Premium,30.33
1462,05/03/2024,France,66.0,F,ENTERPRISE,115.73
1463,25/02/2023,Germany,32.0,,basic,10.57
1464,14/02/2022,UK,52.0,F,basic,12.15
1465,22/11/2022,Britain,29.0,M,basic,11.05
1466,02/02/2024,United Kingdom,58.0,M,basic,11.46
1467,30/04/2023,Spain,70.0,M,basic,12.35
1468,24/12/2023,USA,61.0,Other,ENTERPRISE,123.55
1469,10/04/2024,USA,43.0,F,basic,11.22
1470,26/01/2023,Brazil,64.0,F,basic,14.16
1471,31/01/2023,Canada,51.0,F,basic,12.73
1472,11/11/2023,Britain,40.0,M,ENTERPRISE,185.67
1473,22/03/2024,Italy,48.0,F,basic,12.56
1474,20/04/2024,Australia,67.0,Other,basic,14.54
1475,30/10/2023,United States,37.0,M,basic,11.26
1476,05/06/2022,United Kingdom,,M,basic,13.07
1477,23/05/2023,USA,40.0,F,Premium,35.02
1478,07/02/2022,Germany,21.0,M,basic,14.58
1479,10/05/2022,USA,40.0,M,basic,12.08
1480,30/05/2023,UK,65.0,F,Premium,38.54
1481,28/08/2023,France,65.0,F,basic,12.81
1482,06/12/2022,USA,18.0,M,basic,13.53
1483,09/06/2024,UK,42.0,M,ENTERPRISE,188.68
1484,13/04/2022,Britain,19.0,F,basic,14.97
1485,14/06/2024,Britain,47.0,F,Premium,37.3
1486,15/05/2024,Australia,20.0,M,Premium,33.14
1487,27/03/2023,Brazil,38.0,F,ENTERPRISE,129.89
1488,13/04/2022,Spain,42.0,F,basic,11.54
1489,23/06/2023,USA,37.0,F,basic,10.48
1490,13/04/2023,Germany,,M,basic,10.26
1491,16/01/2022,USA,69.0,M,basic,12.89
1492,10/01/2024,Brazil,39.0,F,basic,14.04
1493,28/05/2022,Mexico,38.0,M,ENTERPRISE,103.6
1494,24/02/2023,Germany,50.0,F,Premium,35.66
1495,10/06/2024,US,69.0,M,basic,11.85
1496,02/11/2023,Canada,55.0,M,basic,14.45
1497,08/06/2022,Spain,32.0,M,basic,10.72
1498,18/03/2022,US,63.0,M,Premium,35.62
1499,26/04/2023,Mexico,69.0,F,basic,14.84
1500,11/03/2024,Mexico,32.0,M,basic,11.72
1501,29/09/2022,Brazil,63.0,F,ENTERPRISE,174.17
1502,13/12/2022,USA,42.0,F,basic,14.4
1503,01/10/2023,Brazil,38.0,M,Premium,31.85
1504,11/12/2023,Brazil,41.0,F,basic,14.95
1505,12/02/2023,Mexico,22.0,M,Premium,38.08
1506,28/10/2023,Spain,23.0,F,basic,10.68
1507,24/03/2022,US,66.0,F,basic,11.54
1508,22/05/2024,United States,60.0,M,ENTERPRISE,162.49
1509,03/12/2022,USA,65.0,M,Premium,38.84
1510,22/05/2024,Mexico,61.0,F,basic,10.96
1511,22/11/2023,US,64.0,F,basic,13.65
1512,29/05/2024,United States,40.0,M,basic,11.34
1513,01/07/2023,United States,21.0,F,Premium,38.04
1514,25/01/2023,Britain,44.0,M,basic,13.41
1515,21/11/2022,Australia,35.0,F,Premium,35.22
1516,04/10/2023,USA,38.0,M,basic,13.24
1517,06/01/2024,United States,45.0,F,basic,14.37
1518,27/06/2024,Mexico,52.0,M,Premium,33.85
1519,17/02/2024,Britain,39.0,F,basic,13.84
1520,15/05/2023,US,57.0,,Premium,31.58
1521,12/06/2024,UK,40.0,F,basic,13.5
1522,09/07/2023,USA,20.0,F,basic,13.74
1523,06/02/2022,Spain,57.0,F,basic,12.2
1524,25/09/2023,Brazil,67.0,,basic,13.96
1525,12/03/2022,Germany,27.0,F,basic,12.78
1526,29/08/2022,Germany,42.0,F,basic,14.67
1527,09/10/2023,US,69.0,F,Premium,31.11
1528,02/12/2023,Italy,66.0,F,basic,10.64
1529,22/10/2022,Italy,25.0,M,basic,14.2
1530,21/08/2022,US,28.0,F,basic,14.2
1531,04/02/2024,Mexico,22.0,M,basic,12.35
1532,03/04/2022,United States,62.0,F,basic,14.81
1533,21/03/2023,Australia,70.0,F,basic,13.39
1534,11/04/2022,USA,54.0,Other,basic,14.9
1535,18/02/2024,Germany,62.0,M,basic,12.65
1536,11/10/2023,Germany,55.0,M,basic,11.0
1537,22/12/2023,Australia,46.0,,Premium,34.43
1538,12/06/2024,United States,22.0,M,Premium,39.79
1539,13/04/2022,Germany,26.0,M,basic,11.84
1540,31/03/2023,Brazil,,F,ENTERPRISE,195.69
1541,20/06/2022,Spain,19.0,F,basic,13.98
1542,12/12/2023,USA,18.0,M,basic,12.2
1543,03/11/2022,France,57.0,F,Premium,35.41
1544,30/01/2022,Germany,68.0,M,Premium,36.06
1545,17/02/2022,US,47.0,F,ENTERPRISE,166.57
1546,29/11/2022,Spain,28.0,M,ENTERPRISE,107.66
1547,26/03/2024,Germany,45.0,F,basic,14.66
1548,27/02/2022,Canada,61.0,M,ENTERPRISE,159.69
1549,28/10/2022,Brazil,29.0,F,ENTERPRISE,193.1
1550,03/01/2023,Spain,56.0,M,basic,13.15
1551,19/01/2023,Britain,43.0,F,ENTERPRISE,143.09
1552,18/03/2023,France,30.0,M,basic,12.82
1553,30/05/2022,United Kingdom,25.0,M,Premium,38.29
1554,08/09/2022,US,45.0,F,basic,11.62
1555,28/06/2023,US,47.0,F,basic,14.77
1556,26/02/2023,USA,26.0,M,basic,12.32
1557,03/08/2023,Australia,56.0,M,basic,14.77
1558,30/11/2023,Spain,48.0,M,Premium,38.8
1559,22/03/2024,United States,38.0,M,basic,13.83
1560,04/07/2022,US,64.0,M,basic,12.33
1561,24/06/2022,Spain,51.0,M,basic,12.92
1562,29/06/2022,Mexico,48.0,F,Premium,38.37
1563,22/03/2022,Spain,,F,Premium,35.43
1564,17/09/2023,Mexico,42.0,M,Premium,37.37
1565,10/06/2024,Canada,29.0,Other,Premium,37.9
1566,27/01/2023,UK,18.0,F,basic,12.56
1567,27/09/2023,UK,39.0,M,basic,12.67
1568,01/12/2023,United Kingdom,57.0,M,basic,10.98
1569,04/09/2022,Britain,54.0,F,ENTERPRISE,124.46
1570,25/05/2023,United Kingdom,64.0,M,Premium,39.04
1571,21/08/2023,Mexico,18.0,M,basic,14.19
1572,27/05/2022,Germany,18.0,F,basic,10.04
1573,26/08/2022,United States,59.0,F,basic,14.34
1574,18/04/2023,Germany,59.0,M,Premium,30.24
1575,16/10/2023,Italy,38.0,F,basic,12.28
1576,18/09/2022,Germany,32.0,F,Premium,30.66
1577,16/04/2023,USA,34.0,F,basic,14.83
1578,19/09/2022,Germany,39.0,F,basic,14.85
1579,14/11/2023,United Kingdom,55.0,M,Premium,36.1
1580,10/01/2022,US,52.0,F,basic,11.95
1581,03/04/2024,Brazil,62.0,M,ENTERPRISE,151.19
1582,22/04/2023,US,33.0,M,basic,13.8
1583,22/10/2022,UK,25.0,M,basic,11.11
1584,25/11/2023,Brazil,64.0,M,basic,12.2
1585,14/07/2023,Australia,34.0,M,Premium,37.36
1586,11/06/2022,United States,34.0,M,Premium,33.94
1587,17/03/2022,United States,43.0,M,basic,10.15
1588,29/03/2023,USA,30.0,F,basic,12.53
1589,20/12/2022,United Kingdom,34.0,M,basic,13.68
1590,25/08/2023,UK,55.0,F,basic,14.87
1591,03/11/2022,Canada,34.0,M,basic,10.18
1592,17/10/2023,Italy,65.0,M,basic,12.69
1593,11/03/2023,United States,31.0,M,basic,12.24
1594,08/12/2023,US,62.0,M,basic,11.2
1595,14/09/2022,Germany,23.0,F,basic,13.18
1596,13/04/2023,Germany,,M,basic,10.81
1597,15/05/2024,Australia,63.0,Other,basic,11.41
1598,06/11/2022,UK,31.0,Other,basic,13.9
1599,23/07/2022,United Kingdom,64.0,M,Premium,34.59
1600,29/01/2023,United Kingdom,25.0,F,basic,14.96
1601,23/05/2024,Britain,32.0,M,basic,11.92
1602,10/05/2023,Mexico,44.0,F,basic,12.31
1603,20/04/2022,France,30.0,F,Premium,32.99
1604,31/08/2022,United States,66.0,M,basic,11.17
1605,26/01/2023,United Kingdom,48.0,M,ENTERPRISE,192.22
1606,09/08/2023,Australia,70.0,M,basic,13.73
1607,03/01/2023,US,52.0,M,basic,11.66
1608,12/08/2023,UK,23.0,F,basic,13.49
1609,30/10/2022,Italy,22.0,M,basic,14.82
1610,18/12/2023,Britain,39.0,M,basic,10.36
1611,30/10/2022,Australia,66.0,M,basic,11.31
1612,23/01/2022,Spain,40.0,F,basic,10.99
1613,29/04/2024,USA,42.0,M,basic,14.34
1614,06/11/2023,Italy,51.0,F,basic,10.89
1615,10/02/2023,Mexico,43.0,F,basic,11.53
1616,09/10/2022,Spain,64.0,F,basic,12.71
1617,09/01/2022,Canada,22.0,F,Premium,36.2
1618,03/08/2023,Mexico,43.0,M,basic,14.03
1619,04/06/2024,Germany,37.0,M,basic,12.03
1620,04/12/2023,USA,,F,basic,12.66
1621,07/03/2024,United States,23.0,F,basic,14.82
1622,02/02/2024,US,67.0,F,basic,11.48
1623,20/02/2022,USA,35.0,M,basic,11.23
1624,13/09/2023,Mexico,21.0,M,basic,13.54
1625,03/02/2024,France,34.0,Other,ENTERPRISE,177.1
1626,24/05/2023,Spain,31.0,M,basic,12.06
1627,02/05/2024,United States,31.0,M,basic,11.05
1628,21/10/2022,Brazil,30.0,M,Premium,37.78
1629,05/03/2024,France,24.0,Other,basic,13.34
1630,29/03/2024,Germany,61.0,M,Premium,38.75
1631,24/08/2022,France,32.0,M,basic,14.21
1632,14/09/2023,Britain,36.0,F,basic,11.02
1633,01/04/2024,Britain,60.0,M,Premium,38.31
1634,27/12/2022,Canada,64.0,F,ENTERPRISE,117.51
1635,13/08/2022,Mexico,61.0,F,Premium,38.63
1636,14/10/2023,UK,52.0,M,basic,13.84
1637,14/07/2022,Italy,34.0,F,basic,12.84
1638,28/09/2023,Italy,52.0,F,basic,13.2
1639,14/09/2022,Brazil,36.0,M,Premium,31.03
1640,26/11/2023,Brazil,37.0,M,basic,10.19
1641,13/02/2024,United States,53.0,F,basic,11.64
1642,09/01/2024,Germany,52.0,M,Premium,38.2
1643,25/02/2024,United Kingdom,49.0,F,Premium,34.65
1644,07/11/2023,Canada,65.0,F,basic,11.11
1645,29/11/2023,Britain,61.0,M,Premium,38.34
1646,08/05/2024,United States,57.0,F,basic,11.13
1647,21/05/2022,United Kingdom,41.0,M,basic,14.07
1648,06/10/2023,Italy,34.0,,basic,12.25
1649,10/04/2022,UK,24.0,M,basic,12.31
1650,05/10/2023,France,60.0,F,Premium,32.72
1651,24/10/2023,Britain,67.0,F,Premium,38.99
1652,10/02/2022,United States,18.0,F,basic,10.43
1653,13/11/2022,USA,52.0,F,Premium,31.43
1654,18/03/2024,United Kingdom,49.0,F,basic,13.17
1655,28/03/2023,France,53.0,M,basic,14.24
1656,04/02/2022,Britain,,F,basic,10.47
1657,17/08/2023,Italy,23.0,F,Premium,37.33
1658,09/01/2023,Australia,31.0,F,basic,13.7
1659,20/01/2024,Germany,54.0,F,basic,12.9
1660,15/05/2022,United Kingdom,65.0,M,basic,12.42
1661,03/04/2022,Italy,32.0,M,basic,11.6
1662,30/10/2022,Britain,64.0,M,Premium,33.5
1663,01/12/2022,United Kingdom,21.0,F,basic,13.36
1664,05/02/2024,Canada,57.0,M,basic,10.32
1665,02/03/2023,France,33.0,F,ENTERPRISE,158.48
1666,29/06/2022,Britain,45.0,M,basic,11.38
1667,25/07/2022,Canada,33.0,M,Premium,34.66
1668,16/05/2022,Spain,21.0,M,basic,12.78
1669,16/03/2024,United States,62.0,M,basic,14.42
1670,07/07/2023,Australia,43.0,F,Premium,35.78
1671,16/06/2024,Brazil,45.0,M,basic,11.13
1672,10/01/2023,France,49.0,M,Premium,30.78
1673,28/06/2023,United Kingdom,62.0,M,basic,13.12
1674,29/05/2023,Germany,19.0,F,basic,12.72
1675,07/10/2022,Italy,48.0,F,Premium,36.71
1676,30/04/2024,Brazil,20.0,M,basic,12.29
1677,18/06/2022,USA,25.0,F,basic,14.12
1678,21/09/2022,Italy,41.0,M,Premium,39.19
1679,24/04/2024,United Kingdom,32.0,M,Premium,30.39
1680,09/05/2023,Australia,60.0,F,basic,13.71
1681,05/04/2024,Mexico,48.0,M,Premium,30.34
1682,30/10/2022,Italy,26.0,F,ENTERPRISE,144.5
1683,04/02/2024,Mexico,56.0,,basic,12.3
1684,10/06/2024,United States,62.0,F,basic,13.47
1685,13/12/2022,Australia,19.0,M,basic,11.75
1686,03/04/2024,Britain,25.0,F,Premium,38.2
1687,28/04/2022,Canada,24.0,F,Premium,33.42
1688,25/04/2023,USA,61.0,M,Premium,33.42
1689,19/03/2022,US,68.0,F,ENTERPRISE,122.27
1690,25/05/2022,United Kingdom,56.0,M,basic,13.41
1691,12/02/2024,UK,59.0,F,basic,10.37
1692,20/08/2022,US,33.0,M,basic,11.81
1693,30/05/2024,Italy,52.0,M,basic,11.32
1694,24/11/2023,Brazil,47.0,F,Premium,32.28
1695,12/01/2024,United Kingdom,27.0,M,Premium,30.6
1696,22/11/2023,Canada,55.0,F,basic,10.94
1697,11/02/2023,Spain,35.0,M,basic,12.22
1698,16/05/2024,Canada,67.0,M,Premium,35.03
1699,03/04/2024,UK,22.0,F,basic,11.34
1700,25/07/2023,USA,70.0,F,basic,13.24
1701,10/01/2023,Canada,46.0,M,basic,11.67
1702,03/04/2022,Germany,56.0,M,basic,11.83
1703,20/03/2024,Spain,51.0,M,ENTERPRISE,178.25
1704,09/02/2023,US,60.0,M,basic,12.75
1705,15/01/2022,Britain,62.0,M,Premium,39.52
1706,28/09/2022,United States,40.0,M,basic,11.79
1707,04/07/2023,Germany,22.0,F,basic,14.13
1708,07/05/2022,Spain,47.0,F,basic,13.68
1709,11/04/2023,Britain,23.0,M,basic,14.44
1710,13/01/2023,Britain,63.0,M,basic,14.77
1711,20/11/2023,United Kingdom,61.0,M,basic,10.03
1712,06/02/2024,Spain,21.0,F,basic,10.43
1713,20/11/2023,USA,46.0,F,Premium,36.73
1714,26/09/2022,Italy,40.0,F,basic,11.94
1715,22/08/2023,UK,23.0,F,basic,14.09
1716,26/01/2023,UK,49.0,F,Premium,30.11
1717,22/04/2024,US,59.0,M,basic,14.02
1718,16/10/2023,US,35.0,M,ENTERPRISE,113.51
1719,16/01/2023,UK,32.0,F,ENTERPRISE,129.01
1720,21/04/2022,Canada,57.0,M,Premium,39.68
1721,23/11/2023,USA,49.0,F,Premium,30.51
1722,28/08/2022,Mexico,26.0,F,basic,11.74
1723,28/04/2023,Canada,,F,basic,10.41
1724,26/01/2022,Brazil,27.0,M,Premium,38.53
1725,27/09/2023,Canada,37.0,F,basic,13.51
1726,24/06/2024,United States,23.0,,basic,13.99
1727,29/07/2023,France,65.0,F,Premium,35.26
1728,02/12/2022,Italy,20.0,F,Premium,33.57
1729,17/09/2023,United States,59.0,Other,basic,10.0
1730,15/08/2022,United Kingdom,28.0,,basic,11.38
1731,26/10/2023,France,60.0,M,basic,12.56
1732,06/03/2022,France,34.0,M,Premium,36.63
1733,13/10/2023,Spain,49.0,M,basic,11.13
1734,23/04/2024,USA,21.0,F,ENTERPRISE,113.88
1735,21/04/2023,USA,21.0,Other,Premium,32.01
1736,19/12/2023,France,34.0,M,basic,11.76
1737,06/11/2022,Brazil,58.0,M,basic,10.73
1738,27/10/2023,Canada,36.0,M,basic,10.77
1739,23/02/2023,Spain,22.0,F,ENTERPRISE,104.37
1740,30/04/2022,Italy,49.0,M,basic,14.27
1741,24/05/2022,France,39.0,M,Premium,32.19
1742,16/02/2022,Germany,23.0,M,basic,14.1
1743,08/02/2022,US,,M,basic,12.18
1744,08/11/2022,US,39.0,F,ENTERPRISE,163.23
1745,20/05/2023,United States,18.0,M,basic,10.37
1746,29/04/2022,United Kingdom,37.0,M,Premium,35.83
1747,10/04/2022,Australia,39.0,M,basic,11.44
1748,29/08/2022,Australia,65.0,F,Premium,30.94
1749,27/06/2024,US,28.0,F,Premium,39.07
1750,05/07/2023,Mexico,30.0,M,Premium,36.03
1751,19/05/2022,Britain,59.0,M,basic,11.2
1752,02/02/2023,United States,20.0,F,basic,12.09
1753,10/04/2023,Australia,26.0,M,basic,11.77
1754,15/01/2023,US,29.0,F,basic,13.49
1755,18/11/2023,United Kingdom,40.0,M,Premium,36.06
1756,31/01/2024,Australia,31.0,M,basic,10.09
1757,15/12/2023,Canada,50.0,F,basic,10.98
1758,08/07/2023,Canada,35.0,F,Premium,34.77
1759,06/03/2023,USA,66.0,F,Premium,34.44
1760,25/08/2023,Brazil,58.0,M,ENTERPRISE,151.66
1761,31/01/2024,USA,26.0,M,basic,13.56
1762,15/01/2024,Italy,40.0,M,basic,13.4
1763,08/06/2022,France,27.0,F,basic,11.85
1764,25/06/2024,Germany,36.0,F,basic,14.38
1765,01/03/2023,USA,64.0,M,basic,10.3
1766,02/11/2023,Australia,22.0,F,ENTERPRISE,158.44
1767,12/04/2022,Mexico,64.0,F,basic,14.74
1768,03/05/2024,Spain,69.0,M,basic,12.74
1769,17/05/2023,US,,F,basic,12.27
1770,23/09/2023,Spain,47.0,M,basic,10.66
1771,22/02/2023,United Kingdom,42.0,M,basic,14.04
1772,14/10/2022,USA,45.0,Other,basic,11.86
1773,03/02/2022,Germany,51.0,M,basic,13.5
1774,08/12/2023,United Kingdom,62.0,M,basic,10.98
1775,15/01/2023,Britain,65.0,F,basic,10.2
1776,11/08/2022,Britain,64.0,Other,Premium,33.04
1777,31/03/2023,Spain,42.0,Other,basic,11.4
1778,01/04/2023,France,27.0,F,basic,14.36
1779,30/08/2022,United States,31.0,M,ENTERPRISE,186.46
1780,25/05/2024,France,59.0,F,basic,12.66
1781,07/01/2023,Australia,63.0,F,basic,10.08
1782,12/04/2022,Canada,47.0,M,Premium,32.27
1783,04/12/2023,Italy,58.0,F,basic,13.19
1784,12/01/2023,France,42.0,M,Premium,31.0
1785,12/07/2023,Brazil,31.0,M,ENTERPRISE,170.05
1786,23/10/2023,Italy,52.0,F,basic,10.05
1787,03/01/2023,Italy,69.0,F,Premium,36.82
1788,04/03/2022,Germany,65.0,M,basic,14.21
1789,12/02/2023,USA,51.0,M,basic,12.34
1790,10/10/2022,Germany,27.0,F,Premium,38.28
1791,14/07/2022,Italy,52.0,M,ENTERPRISE,178.14
1792,06/05/2022,United Kingdom,,M,Premium,36.7
1793,18/05/2024,Britain,28.0,F,basic,12.22
1794,23/04/2024,Italy,38.0,F,basic,11.35
1795,11/04/2023,Germany,38.0,F,basic,14.29
1796,04/04/2022,Mexico,39.0,F,basic,13.23
1797,10/11/2023,United Kingdom,62.0,F,ENTERPRISE,179.79
1798,06/08/2022,Germany,24.0,F,basic,12.75
1799,20/10/2023,France,34.0,M,basic,10.85
1800,17/10/2023,US,19.0,F,basic,14.89
1801,04/09/2023,Spain,29.0,M,basic,10.9
1802,22/01/2022,United States,59.0,,Premium,39.1
1803,21/02/2022,Canada,35.0,M,basic,11.03
1804,16/03/2024,Germany,28.0,F,Premium,33.73
1805,08/12/2022,Brazil,33.0,M,basic,12.19
1806,07/09/2022,United States,66.0,M,basic,14.6
1807,09/05/2022,Mexico,68.0,F,Premium,38.87
1808,16/03/2024,UK,,F,basic,14.11
1809,02/08/2023,Germany,52.0,F,basic,11.87
1810,30/07/2022,US,70.0,M,Premium,30.03
1811,12/03/2022,United States,43.0,M,basic,13.4
1812,29/04/2024,Canada,33.0,F,basic,12.04
1813,23/02/2024,Italy,,M,Premium,37.56
1814,22/07/2023,Germany,61.0,F,ENTERPRISE,179.48
1815,01/08/2022,USA,60.0,M,basic,12.19
1816,24/08/2023,Mexico,64.0,F,Premium,37.47
1817,10/08/2022,Spain,64.0,M,basic,14.19
1818,12/04/2024,US,65.0,M,basic,14.63
1819,09/06/2024,Australia,59.0,F,basic,12.9
1820,27/08/2022,Australia,29.0,M,ENTERPRISE,177.84
1821,03/12/2022,Brazil,30.0,M,basic,12.46
1822,03/03/2024,United States,21.0,F,basic,10.2
1823,01/06/2022,US,56.0,M,basic,10.77
1824,18/03/2024,United Kingdom,19.0,M,ENTERPRISE,112.81
1825,03/09/2023,Canada,43.0,M,basic,10.85
1826,03/01/2022,Spain,44.0,M,basic,10.04
1827,11/10/2022,Italy,44.0,M,Premium,38.58
1828,29/05/2024,Germany,32.0,F,Premium,35.59
1829,29/05/2022,Germany,25.0,F,basic,11.91
1830,14/05/2022,Australia,24.0,M,basic,12.04
1831,08/07/2023,Germany,64.0,M,ENTERPRISE,146.33
1832,14/09/2022,Spain,63.0,F,ENTERPRISE,107.38
1833,28/03/2024,USA,57.0,Other,basic,11.36
1834,28/06/2022,UK,29.0,M,basic,14.25
1835,23/04/2022,Brazil,30.0,F,basic,13.71
1836,08/11/2023,Britain,60.0,F,basic,12.81
1837,06/06/2024,France,34.0,M,Premium,34.8
1838,27/01/2022,Brazil,34.0,M,basic,11.28
1839,15/05/2022,United States,53.0,M,Premium,34.7
1840,16/01/2022,USA,38.0,F,Premium,35.97
1841,02/01/2023,Brazil,25.0,F,Premium,37.12
1842,19/03/2024,Italy,22.0,F,ENTERPRISE,116.65
1843,18/03/2024,Australia,43.0,M,basic,14.06
1844,01/09/2022,Mexico,33.0,F,basic,11.72
1845,26/08/2023,United States,53.0,F,Premium,35.02
1846,28/11/2022,Germany,45.0,F,Premium,36.07
1847,17/01/2022,US,46.0,M,basic,12.43
1848,28/06/2022,Italy,64.0,F,Premium,35.71
1849,29/09/2022,United States,29.0,M,basic,10.55
1850,23/02/2022,Mexico,54.0,F,basic,12.15
1851,10/05/2022,Canada,47.0,F,basic,11.39
1852,30/01/2024,Germany,40.0,M,ENTERPRISE,108.59
1853,08/03/2023,Brazil,,,basic,10.95
1854,23/06/2023,Brazil,31.0,,basic,13.0
1855,27/04/2022,United States,27.0,F,ENTERPRISE,119.66
1856,03/02/2024,US,24.0,M,Premium,31.8
1857,07/03/2022,Canada,62.0,F,Premium,35.52
1858,03/05/2023,Germany,69.0,F,basic,14.51
1859,05/04/2023,Mexico,54.0,M,basic,13.93
1860,07/03/2024,UK,46.0,F,basic,14.52
1861,06/01/2023,Brazil,20.0,M,Premium,35.82
1862,10/06/2023,Mexico,32.0,M,Premium,34.09
1863,31/08/2023,USA,53.0,F,Premium,37.29
1864,22/04/2022,Brazil,64.0,F,Premium,32.6
1865,08/04/2023,Mexico,63.0,F,basic,10.38
1866,31/05/2023,United Kingdom,69.0,F,Premium,33.44
1867,15/08/2022,Australia,36.0,F,basic,11.49
1868,22/09/2023,France,30.0,F,basic,13.37
1869,14/02/2022,Spain,59.0,F,basic,12.75
1870,15/01/2024,Australia,38.0,F,Premium,31.37
1871,13/03/2024,France,54.0,M,Premium,39.08
1872,06/06/2024,Italy,44.0,M,basic,12.96
1873,06/11/2023,Mexico,69.0,F,basic,12.28
1874,18/06/2023,France,46.0,F,basic,14.68
1875,05/11/2022,Germany,37.0,F,ENTERPRISE,109.72
1876,15/04/2023,UK,42.0,M,Premium,37.89
1877,21/10/2023,United Kingdom,,Other,ENTERPRISE,136.46
1878,01/02/2022,USA,53.0,M,Premium,36.94
1879,04/03/2022,Mexico,19.0,F,basic,14.64
1880,06/05/2023,USA,39.0,M,basic,12.58
1881,17/05/2024,US,49.0,M,basic,10.1
1882,16/02/2023,Brazil,33.0,F,basic,10.13
1883,13/03/2023,Mexico,35.0,Other,basic,11.64
1884,04/12/2023,Spain,22.0,M,basic,13.9
1885,21/04/2022,Mexico,53.0,M,Premium,32.87
1886,18/05/2023,United States,47.0,M,basic,11.66
1887,31/12/2023,UK,62.0,M,basic,13.91
1888,31/03/2023,United States,36.0,M,basic,10.57
1889,17/03/2022,Mexico,40.0,F,basic,14.22
1890,24/03/2022,United Kingdom,51.0,F,Premium,32.65
1891,26/11/2022,France,30.0,M,Premium,30.5
1892,15/09/2023,USA,60.0,F,basic,10.58
1893,01/06/2022,United Kingdom,46.0,M,Premium,39.52
1894,09/03/2022,Mexico,53.0,M,basic,12.25
1895,10/05/2022,France,39.0,M,basic,11.27
1896,09/10/2022,USA,69.0,F,basic,12.6
1897,02/10/2023,France,69.0,M,ENTERPRISE,168.22
1898,11/10/2023,Spain,64.0,M,basic,11.58
1899,23/08/2023,UK,53.0,M,basic,13.62
1900,16/07/2023,Australia,,M,Premium,32.51
1901,31/12/2023,Canada,56.0,M,basic,10.55
1902,29/11/2022,Italy,68.0,F,basic,12.74
1903,26/01/2023,United Kingdom,36.0,F,Premium,31.5
1904,04/09/2023,Brazil,55.0,F,basic,14.69
1905,28/06/2023,United Kingdom,23.0,M,Premium,29.99
1906,29/10/2022,Canada,69.0,M,Premium,37.55
1907,10/04/2023,Australia,64.0,M,Premium,32.78
1908,02/06/2023,Britain,32.0,M,ENTERPRISE,184.6
1909,12/09/2023,Germany,37.0,F,Premium,30.59
1910,17/03/2023,Spain,26.0,M,Premium,39.52
1911,12/04/2022,Mexico,49.0,M,Premium,31.0
1912,23/03/2024,Spain,21.0,F,ENTERPRISE,178.78
1913,20/12/2023,Canada,67.0,M,ENTERPRISE,151.72
1914,28/04/2022,Mexico,35.0,Other,Premium,34.29
1915,23/05/2024,Brazil,22.0,M,basic,11.39
1916,02/11/2023,United States,37.0,F,Premium,38.4
1917,29/10/2023,France,40.0,M,basic,10.99
1918,17/06/2024,Germany,28.0,Other,basic,13.6
1919,27/02/2024,UK,54.0,M,basic,12.22
1920,19/07/2023,UK,39.0,F,ENTERPRISE,199.84
1921,09/01/2024,Canada,21.0,M,basic,13.05
1922,05/06/2024,Spain,46.0,F,Premium,31.03
1923,09/08/2022,UK,61.0,M,basic,12.09
1924,17/03/2023,Brazil,51.0,M,basic,10.32
1925,08/04/2023,Britain,30.0,F,basic,11.42
1926,28/06/2024,United Kingdom,59.0,Other,Premium,33.42
1927,22/08/2022,US,26.0,M,Premium,38.52
1928,28/02/2023,Brazil,59.0,F,basic,14.18
1929,14/12/2022,Mexico,48.0,M,basic,10.05
1930,27/04/2024,Italy,24.0,F,Premium,35.31
1931,10/04/2023,Canada,21.0,F,basic,11.11
1932,13/02/2023,United States,36.0,F,basic,11.59
1933,02/03/2023,France,59.0,F,basic,10.1
1934,18/01/2024,Italy,47.0,F,Premium,37.49
1935,08/04/2022,France,48.0,M,basic,14.74
1936,17/11/2022,USA,52.0,F,basic,11.09
1937,14/03/2023,Italy,38.0,M,ENTERPRISE,134.17
1938,17/11/2022,US,48.0,F,Premium,32.05
1939,13/11/2023,Spain,36.0,F,basic,14.64
1940,19/09/2022,Britain,48.0,M,basic,10.04
1941,19/01/2023,United Kingdom,70.0,F,basic,12.91
1942,06/06/2022,United Kingdom,49.0,F,basic,14.34
1943,05/12/2023,Britain,19.0,F,basic,10.92
1944,01/05/2023,Germany,69.0,M,basic,12.94
1945,10/03/2022,USA,27.0,M,basic,10.24
1946,04/04/2022,France,,F,ENTERPRISE,181.45
1947,01/05/2024,US,19.0,M,ENTERPRISE,127.43
1948,29/03/2022,UK,41.0,M,basic,14.93
1949,06/04/2022,Italy,34.0,F,Premium,39.21
1950,19/03/2023,USA,49.0,M,basic,13.65
1951,09/04/2022,Brazil,33.0,F,Premium,34.96
1952,02/02/2024,Canada,33.0,F,basic,13.82
1953,27/01/2024,Italy,63.0,F,ENTERPRISE,113.05
1954,17/01/2023,US,,M,Premium,33.09
1955,11/04/2024,United States,70.0,,basic,10.12
1956,14/05/2022,United States,48.0,M,Premium,36.44
1957,24/07/2023,Mexico,60.0,F,Premium,38.05
1958,03/03/2022,USA,41.0,M,basic,14.72
1959,24/08/2023,Spain,18.0,Other,Premium,36.86
1960,30/07/2023,US,28.0,F,Premium,37.31
1961,30/07/2023,US,38.0,F,Premium,38.94
1962,04/12/2022,Britain,21.0,M,Premium,39.35
1963,18/11/2023,Brazil,24.0,M,basic,12.45
1964,06/05/2022,Spain,43.0,F,Premium,31.09
1965,25/02/2023,Brazil,64.0,M,ENTERPRISE,146.63
1966,29/12/2022,France,67.0,M,basic,12.77
1967,13/06/2024,France,,M,basic,13.15
1968,13/11/2023,UK,48.0,F,Premium,39.88
1969,08/02/2024,Mexico,,F,ENTERPRISE,191.75
1970,10/03/2023,United Kingdom,50.0,F,basic,11.97
1971,07/06/2024,United States,28.0,F,basic,10.56
1972,09/01/2024,Canada,45.0,M,basic,11.06
1973,22/02/2022,France,49.0,F,Premium,31.73
1974,22/10/2022,Spain,18.0,M,ENTERPRISE,135.59
1975,07/09/2023,US,64.0,F,basic,14.37
1976,16/11/2022,Canada,45.0,M,basic,12.18
1977,27/12/2022,Australia,,M,ENTERPRISE,156.72
1978,17/04/2022,Brazil,59.0,F,basic,10.89
1979,15/08/2023,France,,M,Premium,34.92
1980,04/06/2023,US,19.0,F,basic,14.36
1981,06/08/2022,France,59.0,M,basic,13.86
1982,08/06/2022,United States,,M,basic,10.4
1983,04/11/2023,Australia,21.0,M,Premium,38.61
1984,09/05/2023,Italy,61.0,F,ENTERPRISE,127.37
1985,18/08/2022,France,36.0,M,ENTERPRISE,166.56
1986,17/05/2024,Spain,43.0,F,Premium,31.45
1987,21/04/2022,France,28.0,M,basic,13.36
1988,25/12/2022,United Kingdom,57.0,M,basic,10.17
1989,15/05/2024,Canada,67.0,M,basic,12.99
1990,24/07/2023,Canada,60.0,F,ENTERPRISE,164.58
1991,12/01/2023,United States,28.0,F,basic,11.21
1992,28/04/2022,Spain,62.0,M,ENTERPRISE,193.69
1993,20/02/2024,Australia,20.0,F,ENTERPRISE,104.59
1994,13/10/2022,Britain,29.0,F,basic,14.45
1995,11/08/2023,Spain,20.0,M,Premium,33.81
1996,20/08/2022,Canada,59.0,F,ENTERPRISE,171.38
1997,06/04/2024,United Kingdom,44.0,M,Premium,36.51
1998,16/03/2023,Italy,66.0,F,Premium,31.67
1999,15/05/2024,United States,19.0,F,Premium,33.18
2000,29/07/2023,Britain,66.0,M,basic,12.64
2001,25/02/2024,United Kingdom,33.0,M,Premium,38.46
2002,18/04/2024,Australia,19.0,Other,basic,14.76
2003,29/09/2023,Brazil,,F,basic,10.09
2004,21/09/2023,Australia,37.0,F,Premium,33.52
2005,23/11/2023,United Kingdom,55.0,M,Premium,36.67
2006,21/10/2023,Brazil,45.0,M,basic,12.63
2007,25/07/2023,USA,42.0,M,basic,14.71
2008,27/01/2022,United States,49.0,M,ENTERPRISE,101.69
2009,16/09/2023,Spain,27.0,F,Premium,34.37
2010,05/11/2023,Brazil,59.0,F,basic,13.33
2011,29/04/2024,Mexico,57.0,F,ENTERPRISE,121.75
2012,12/12/2023,Brazil,50.0,M,basic,13.62
2013,01/10/2022,US,30.0,F,Premium,30.8
2014,30/01/2022,Italy,58.0,F,Premium,34.5
2015,04/07/2022,US,59.0,F,ENTERPRISE,167.61
2016,07/10/2022,Spain,64.0,F,Premium,32.66
2017,21/12/2023,Spain,54.0,Other,basic,10.36
2018,20/02/2024,United States,33.0,F,Premium,39.56
2019,13/11/2022,Spain,62.0,M,basic,14.56
2020,14/12/2022,Canada,,M,basic,14.62
2021,26/12/2022,Brazil,37.0,Other,basic,14.88
2022,07/01/2022,Brazil,67.0,F,basic,10.91
2023,05/07/2022,USA,60.0,M,basic,10.78
2024,09/06/2024,Britain,44.0,M,basic,10.16
2025,27/05/2022,Spain,58.0,F,Premium,38.91
2026,03/08/2023,US,33.0,Other,Premium,37.52
2027,05/11/2023,Spain,51.0,M,basic,13.16
2028,15/02/2023,Australia,49.0,F,ENTERPRISE,192.76
2029,13/03/2022,USA,43.0,F,basic,12.87
2030,26/05/2022,Canada,42.0,M,basic,10.64
2031,29/01/2024,Canada,19.0,M,basic,10.87
2032,11/10/2023,France,29.0,F,basic,10.65
2033,01/02/2022,Brazil,57.0,F,basic,11.53
2034,04/04/2022,Canada,26.0,F,ENTERPRISE,137.94
2035,04/02/2024,Brazil,29.0,F,basic,13.97
2036,28/06/2023,France,43.0,M,basic,10.95
2037,09/08/2022,United Kingdom,26.0,F,basic,13.62
2038,21/01/2023,Italy,27.0,M,Premium,34.9
2039,06/03/2023,UK,49.0,M,basic,14.99
2040,10/04/2023,Canada,51.0,M,Premium,37.76
2041,16/12/2022,Britain,65.0,M,basic,14.83
2042,11/06/2022,Australia,37.0,F,basic,11.7
2043,14/01/2023,Germany,56.0,F,basic,10.61
2044,16/11/2022,United Kingdom,19.0,F,Premium,35.05
2045,09/01/2024,Canada,18.0,M,Premium,31.23
2046,29/11/2022,Brazil,68.0,F,basic,12.45
2047,06/03/2024,Italy,53.0,F,basic,11.34
2048,05/08/2023,France,41.0,F,basic,12.45
2049,03/09/2023,US,44.0,F,basic,14.74
2050,28/03/2022,Germany,19.0,M,basic,11.44
2051,23/06/2024,Italy,48.0,M,Premium,39.92
2052,23/02/2022,Italy,31.0,M,Premium,32.28
2053,09/06/2022,Canada,19.0,F,basic,11.03
2054,11/06/2022,United Kingdom,46.0,Other,ENTERPRISE,154.47
2055,12/02/2024,Mexico,32.0,M,ENTERPRISE,184.19
2056,25/09/2023,Germany,29.0,M,basic,13.74
2057,20/02/2022,United States,54.0,M,basic,13.61
2058,22/11/2023,UK,45.0,F,ENTERPRISE,128.25
2059,25/03/2022,United States,37.0,M,Premium,30.22
2060,06/10/2022,Mexico,56.0,M,basic,10.8
2061,30/03/2023,Brazil,41.0,M,Premium,33.48
2062,09/11/2023,Brazil,38.0,,basic,14.85
2063,11/03/2023,Australia,27.0,F,Premium,39.19
2064,13/05/2023,Germany,63.0,F,basic,10.99
2065,14/09/2023,United States,31.0,M,Premium,37.25
2066,29/03/2023,Brazil,54.0,M,basic,12.89
2067,01/03/2023,Mexico,35.0,M,basic,10.24
2068,07/10/2022,Canada,41.0,,basic,11.85
2069,09/08/2022,USA,31.0,M,basic,12.42
2070,13/02/2024,France,51.0,M,Premium,36.67
2071,09/06/2023,USA,29.0,F,basic,11.46
2072,27/04/2022,Spain,39.0,M,basic,14.66
2073,20/12/2022,United States,23.0,M,basic,12.25
2074,17/03/2023,Australia,53.0,,Premium,32.48
2075,24/04/2022,Spain,62.0,F,basic,11.57
2076,18/10/2022,Brazil,53.0,F,basic,13.75
2077,26/11/2023,US,39.0,F,ENTERPRISE,164.02
2078,26/11/2023,Britain,31.0,M,basic,13.7
2079,31/08/2023,US,33.0,F,Premium,32.91
2080,14/05/2023,Mexico,53.0,F,basic,11.62
2081,24/06/2023,Germany,42.0,M,Premium,33.96
2082,15/11/2023,Italy,49.0,M,basic,10.93
2083,12/11/2022,France,50.0,F,Premium,36.9
2084,16/02/2022,United States,62.0,M,basic,11.64
2085,14/08/2022,Australia,53.0,M,basic,11.62
2086,09/02/2023,Australia,37.0,M,basic,11.34
2087,06/09/2023,Mexico,35.0,M,Premium,34.52
2088,26/02/2022,United Kingdom,55.0,M,Premium,37.71
2089,08/01/2022,Brazil,20.0,M,basic,14.17
2090,29/07/2022,Britain,40.0,M,basic,14.01
2091,05/11/2022,UK,,M,Premium,36.2
2092,05/08/2022,UK,62.0,F,Premium,32.79
2093,25/02/2024,UK,33.0,M,Premium,37.34
2094,21/05/2022,United States,22.0,F,ENTERPRISE,103.93
2095,22/02/2024,UK,21.0,F,basic,13.98
2096,19/09/2022,Canada,38.0,F,basic,13.89
2097,24/10/2022,USA,57.0,F,basic,13.34
2098,02/12/2022,Australia,68.0,M,Premium,30.97
2099,03/05/2022,Britain,31.0,M,basic,14.98
2100,08/01/2022,USA,56.0,F,basic,13.77
2101,25/05/2023,Italy,48.0,M,basic,13.66
2102,04/02/2024,Britain,31.0,F,basic,10.31
2103,17/03/2023,USA,23.0,F,basic,11.98
2104,29/06/2022,Britain,,M,basic,10.42
2105,13/05/2022,Italy,33.0,F,ENTERPRISE,136.09
2106,25/01/2023,Spain,34.0,F,basic,12.84
2107,30/06/2023,Canada,62.0,M,basic,14.38
2108,22/12/2023,United States,40.0,M,Premium,32.82
2109,24/08/2022,United States,31.0,F,Premium,36.22
2110,28/05/2023,Mexico,24.0,F,Premium,31.64
2111,27/07/2023,Brazil,63.0,M,basic,11.76
2112,03/05/2024,Australia,49.0,M,Premium,39.46
2113,16/11/2023,UK,32.0,F,basic,13.73
2114,05/04/2024,Canada,61.0,F,basic,12.72
2115,29/12/2022,US,34.0,F,Premium,32.51
2116,15/03/2022,UK,58.0,Other,Premium,33.79
2117,11/02/2023,Brazil,64.0,M,basic,10.77
2118,01/06/2024,Australia,61.0,M,ENTERPRISE,135.34
2119,30/01/2024,Germany,,F,Premium,31.5
2120,13/02/2022,Brazil,,F,Premium,37.94
2121,23/03/2023,Canada,62.0,M,basic,10.39
2122,20/01/2022,USA,44.0,M,basic,10.94
2123,16/04/2023,Britain,69.0,F,basic,13.45
2124,21/03/2022,US,40.0,,basic,14.5
2125,01/06/2024,Canada,,F,basic,14.81
2126,17/11/2022,Italy,31.0,M,Premium,38.35
2127,13/08/2023,Germany,32.0,M,Premium,32.1
2128,16/03/2023,Italy,,M,basic,11.42
2129,11/08/2023,United States,50.0,F,basic,14.34
2130,19/02/2023,Mexico,70.0,F,basic,14.44
2131,28/12/2023,United States,48.0,F,Premium,36.4
2132,18/10/2023,Brazil,52.0,F,basic,11.56
2133,04/03/2023,UK,34.0,,Premium,32.23
2134,24/10/2022,USA,45.0,M,Premium,38.51
2135,28/04/2022,US,36.0,F,basic,11.02
2136,19/02/2023,Brazil,63.0,F,basic,13.3
2137,22/01/2022,France,40.0,F,basic,14.83
2138,29/11/2022,Germany,,F,Premium,37.04
2139,25/06/2022,Germany,57.0,M,Premium,32.57
2140,31/03/2024,Brazil,30.0,M,Premium,32.82
2141,25/09/2023,Brazil,37.0,F,Premium,30.92
2142,17/04/2023,Canada,52.0,M,basic,13.42
2143,01/05/2024,UK,22.0,M,basic,12.58
2144,08/12/2023,United States,26.0,,Premium,32.05
2145,06/01/2023,Mexico,46.0,M,Premium,32.27
2146,01/04/2022,UK,23.0,F,Premium,30.08
2147,24/03/2023,Britain,42.0,M,Premium,39.77
2148,14/05/2024,Canada,48.0,F,basic,14.13
2149,19/04/2022,Canada,39.0,F,basic,11.96
2150,07/09/2022,US,19.0,F,Premium,39.45
2151,23/03/2023,USA,62.0,M,ENTERPRISE,167.7
2152,27/08/2023,Mexico,22.0,M,basic,13.75
2153,15/02/2023,Australia,44.0,M,basic,13.39
2154,21/06/2023,Spain,42.0,M,basic,13.77
2155,22/03/2022,Australia,25.0,F,basic,10.84
2156,10/02/2023,Brazil,18.0,M,basic,12.8
2157,10/06/2024,United Kingdom,37.0,M,ENTERPRISE,184.93
2158,14/11/2022,United Kingdom,61.0,M,Premium,30.19
2159,03/02/2024,Canada,40.0,F,Premium,31.22
2160,14/12/2022,UK,49.0,M,Premium,32.45
2161,15/08/2022,Britain,28.0,F,basic,11.46
2162,08/12/2022,US,56.0,F,ENTERPRISE,118.26
2163,08/03/2024,France,64.0,F,basic,13.11
2164,22/06/2022,United Kingdom,41.0,F,ENTERPRISE,129.39
2165,20/03/2022,US,28.0,M,Premium,31.57
2166,07/06/2023,Canada,46.0,F,basic,14.52
2167,11/10/2023,USA,43.0,F,basic,13.47
2168,27/04/2022,Italy,33.0,F,basic,11.22
2169,28/06/2023,Australia,52.0,F,basic,11.79
2170,07/06/2023,Britain,37.0,M,basic,13.69
2171,18/07/2022,United States,63.0,M,Premium,37.9
2172,05/03/2024,Brazil,20.0,F,Premium,31.75
2173,24/12/2022,US,18.0,F,basic,14.67
2174,26/12/2022,USA,70.0,M,basic,13.92
2175,15/01/2024,France,64.0,M,Premium,38.56
2176,18/04/2024,Spain,18.0,,basic,10.71
2177,23/10/2023,Australia,34.0,,basic,10.71
2178,14/04/2024,United States,19.0,F,Premium,33.04
2179,01/06/2022,Australia,46.0,F,basic,10.31
2180,30/08/2022,Canada,37.0,M,basic,10.45
2181,16/04/2022,Spain,23.0,M,basic,10.71
2182,30/05/2022,Australia,25.0,M,basic,13.55
2183,20/09/2022,Mexico,,M,basic,10.14
2184,22/07/2022,France,65.0,F,basic,10.41
2185,27/06/2022,USA,68.0,M,basic,14.71
2186,09/09/2023,Brazil,50.0,F,Premium,30.83
2187,06/06/2022,United Kingdom,20.0,F,Premium,35.36
2188,18/02/2024,Spain,52.0,F,Premium,36.42
2189,17/02/2024,Canada,22.0,M,basic,14.78
2190,03/11/2023,Mexico,44.0,M,basic,14.49
2191,19/03/2022,United States,61.0,M,basic,12.19
2192,01/07/2022,UK,29.0,F,Premium,39.41
2193,02/03/2024,Germany,37.0,F,basic,12.15
2194,06/10/2023,US,62.0,M,basic,13.34
2195,21/05/2023,Brazil,37.0,M,basic,11.29
2196,21/04/2023,Australia,26.0,F,ENTERPRISE,163.65
2197,12/02/2024,United Kingdom,56.0,F,ENTERPRISE,153.81
2198,01/08/2023,Spain,21.0,Other,basic,13.02
2199,18/02/2024,Australia,,M,Premium,36.82
2200,17/08/2023,Italy,36.0,M,basic,10.86
2201,05/04/2023,US,,M,basic,11.5
2202,29/11/2023,UK,44.0,M,basic,13.67
2203,22/06/2024,Mexico,62.0,F,basic,10.81
2204,02/08/2023,France,60.0,M,basic,11.71
2205,21/10/2023,Mexico,30.0,M,ENTERPRISE,166.64
2206,13/10/2023,Mexico,30.0,F,Premium,39.37
2207,02/10/2023,Germany,39.0,M,basic,10.37
2208,27/11/2022,USA,,F,basic,12.57
2209,03/06/2024,Mexico,69.0,M,basic,10.4
2210,05/10/2023,Australia,64.0,F,basic,11.89
2211,20/11/2022,UK,70.0,M,Premium,31.74
2212,04/06/2022,UK,62.0,F,basic,13.24
2213,27/03/2023,France,39.0,M,Premium,37.57
2214,11/03/2022,Britain,60.0,M,basic,11.23
2215,26/04/2023,France,36.0,F,basic,13.55
2216,29/03/2023,Australia,25.0,M,basic,12.22
2217,09/10/2023,Britain,69.0,M,ENTERPRISE,128.35
2218,07/11/2022,Britain,25.0,F,Premium,35.22
2219,26/03/2024,United Kingdom,59.0,F,basic,11.89
2220,09/10/2022,United Kingdom,,M,Premium,32.29
2221,29/08/2023,United States,65.0,M,ENTERPRISE,175.67
2222,27/02/2022,Spain,68.0,M,basic,13.98
2223,27/12/2022,Spain,43.0,M,basic,13.99
2224,04/06/2023,Canada,40.0,Other,basic,11.9
2225,17/03/2022,Brazil,60.0,F,basic,10.84
2226,14/11/2022,USA,30.0,M,Premium,38.39
2227,18/04/2023,Spain,45.0,Other,basic,11.64
2228,08/04/2023,United Kingdom,26.0,F,basic,13.73
2229,08/02/2022,United States,37.0,F,basic,14.08
2230,28/02/2022,Mexico,36.0,M,basic,13.83
2231,13/01/2023,United States,65.0,M,basic,11.94
2232,01/05/2024,Mexico,56.0,F,Premium,39.37
2233,21/10/2022,Britain,68.0,M,basic,13.29
2234,20/03/2022,Canada,29.0,M,basic,12.87
2235,23/10/2023,Brazil,32.0,M,basic,13.48
2236,03/06/2024,France,48.0,M,ENTERPRISE,104.46
2237,25/05/2024,USA,31.0,F,basic,11.94
2238,03/04/2022,Australia,28.0,F,basic,14.4
2239,22/09/2023,Britain,43.0,M,basic,10.8
2240,01/09/2023,France,59.0,M,basic,12.06
2241,04/06/2023,Spain,44.0,F,basic,12.02
2242,29/01/2023,Canada,28.0,M,Premium,33.55
2243,19/04/2023,Britain,55.0,F,Premium,35.61
2244,18/08/2023,US,51.0,F,basic,14.97
2245,22/07/2023,Spain,60.0,M,basic,11.27
2246,21/03/2024,France,36.0,F,Premium,37.04
2247,27/01/2024,USA,23.0,F,basic,13.78
2248,12/02/2022,Australia,63.0,M,basic,12.91
2249,06/04/2023,France,69.0,M,basic,10.48
2250,09/04/2024,Mexico,55.0,Other,Premium,35.71
2251,09/08/2023,Britain,66.0,M,Premium,39.52
2252,30/10/2023,Britain,,F,basic,11.7
2253,12/07/2022,Australia,45.0,F,basic,13.19
2254,26/11/2022,UK,18.0,M,Premium,39.58
2255,12/09/2023,USA,,M,basic,13.98
2256,03/05/2023,Italy,57.0,F,Premium,36.87
2257,29/05/2023,Spain,,M,basic,14.85
2258,04/06/2022,United States,69.0,F,ENTERPRISE,117.05
2259,05/03/2022,Australia,64.0,F,Premium,37.72
2260,07/04/2023,USA,24.0,F,basic,12.02
2261,16/04/2022,United States,28.0,M,basic,11.79
2262,10/04/2024,USA,56.0,F,basic,12.59
2263,07/05/2024,USA,21.0,F,basic,10.16
2264,18/12/2022,France,42.0,F,Premium,33.12
2265,02/01/2024,Brazil,29.0,M,basic,10.82
2266,28/03/2022,Mexico,43.0,F,Premium,31.38
2267,01/06/2023,USA,,F,basic,11.68
2268,24/10/2023,Brazil,63.0,M,Premium,38.01
2269,26/06/2022,UK,29.0,Other,basic,11.0
2270,10/02/2022,Italy,60.0,M,Premium,35.3
2271,11/09/2022,Britain,68.0,M,basic,13.73
2272,26/12/2023,Germany,,F,basic,11.19
2273,25/03/2023,United States,54.0,M,basic,14.61
2274,26/03/2023,Britain,63.0,F,basic,14.32
2275,21/06/2023,Germany,70.0,F,basic,11.25
2276,20/06/2023,Italy,41.0,M,basic,14.94
2277,17/09/2023,Mexico,33.0,M,ENTERPRISE,166.91
2278,12/06/2022,Italy,30.0,F,basic,11.42
2279,08/01/2023,United States,42.0,,Premium,36.8
2280,17/01/2023,United States,69.0,F,basic,13.32
2281,17/10/2022,Italy,21.0,F,basic,13.02
2282,01/02/2023,Germany,,M,Premium,37.11
2283,23/02/2023,Australia,49.0,M,Premium,32.67
2284,04/03/2024,USA,66.0,F,basic,14.88
2285,13/12/2022,Spain,24.0,F,Premium,38.57
2286,27/11/2023,Canada,63.0,M,basic,13.72
2287,05/09/2023,Brazil,28.0,F,Premium,30.25
2288,23/02/2022,US,45.0,F,basic,12.94
2289,19/03/2024,Canada,58.0,F,basic,13.52
2290,09/10/2023,Britain,40.0,M,basic,14.26
2291,25/10/2023,France,62.0,F,basic,14.72
2292,09/12/2022,Britain,40.0,F,basic,14.57
2293,09/03/2022,France,67.0,F,basic,12.02
2294,04/12/2022,Germany,45.0,F,Premium,38.96
2295,07/04/2022,France,60.0,F,basic,9.99
2296,26/07/2023,United States,64.0,F,basic,11.75
2297,26/11/2023,Australia,43.0,Other,basic,10.56
2298,31/01/2023,Spain,42.0,M,Premium,38.82
2299,18/10/2022,Spain,46.0,M,Premium,39.27
2300,16/09/2022,United States,,F,basic,11.27
2301,12/01/2024,Australia,50.0,M,basic,11.83
2302,22/05/2024,Mexico,,M,basic,14.91
2303,04/11/2023,UK,31.0,M,Premium,35.65
2304,10/09/2023,Mexico,31.0,M,Premium,34.96
2305,13/06/2024,Canada,52.0,M,basic,12.49
2306,03/06/2022,Germany,47.0,M,Premium,36.95
2307,08/12/2022,Canada,45.0,Other,basic,14.76
2308,25/03/2022,UK,34.0,,basic,11.82
2309,20/08/2023,UK,20.0,F,ENTERPRISE,117.26
2310,11/11/2023,Britain,33.0,M,Premium,31.84
2311,25/05/2022,Italy,63.0,F,Premium,30.19
2312,25/12/2022,Britain,47.0,F,basic,12.77
2313,14/11/2022,Italy,69.0,F,basic,14.64
2314,03/11/2023,US,46.0,M,Premium,37.12
2315,17/12/2023,France,62.0,M,Premium,39.92
2316,10/11/2023,Australia,32.0,F,basic,14.54
2317,06/02/2023,Italy,63.0,F,basic,12.45
2318,13/05/2022,Mexico,42.0,F,Premium,34.86
2319,02/09/2023,Canada,68.0,F,ENTERPRISE,162.83
2320,27/12/2023,United States,55.0,M,Premium,31.1
2321,28/03/2022,Britain,59.0,F,Premium,36.07
2322,14/11/2022,Australia,64.0,M,basic,12.31
2323,27/07/2023,Germany,70.0,F,Premium,36.42
2324,21/01/2023,Australia,,Other,Premium,35.64
2325,21/10/2023,Brazil,55.0,F,basic,11.54
2326,21/03/2024,France,40.0,,Premium,36.07
2327,03/12/2022,Brazil,42.0,M,ENTERPRISE,136.59
2328,12/04/2024,US,59.0,F,basic,10.96
2329,11/05/2022,Italy,24.0,F,Premium,36.74
2330,18/11/2023,US,39.0,F,Premium,33.05
2331,21/12/2023,Germany,34.0,,basic,14.44
2332,28/04/2024,Mexico,35.0,M,Premium,31.98
2333,27/01/2024,UK,66.0,F,basic,12.99
2334,03/12/2023,Brazil,58.0,F,Premium,35.71
2335,24/06/2023,Spain,,Other,basic,10.98
2336,06/04/2022,Brazil,27.0,M,Premium,34.39
2337,24/10/2023,Germany,24.0,F,basic,13.37
2338,18/11/2023,United Kingdom,65.0,M,basic,11.58
2339,10/03/2023,Germany,67.0,F,basic,10.56
2340,05/06/2023,US,55.0,F,basic,13.07
2341,06/01/2023,Australia,44.0,M,basic,11.11
2342,19/01/2022,United States,69.0,M,basic,13.4
2343,07/01/2023,Britain,50.0,F,Premium,38.38
2344,13/11/2022,United States,18.0,F,Premium,31.22
2345,04/07/2022,US,61.0,M,ENTERPRISE,143.75
2346,08/08/2022,Britain,70.0,M,Premium,34.44
2347,16/12/2022,United Kingdom,51.0,F,Premium,36.32
2348,24/02/2024,Spain,21.0,F,basic,11.66
2349,13/05/2023,France,34.0,M,Premium,34.18
2350,16/07/2022,Canada,21.0,F,Premium,30.11
2351,20/08/2022,US,60.0,M,basic,10.6
2352,21/05/2022,Australia,43.0,M,Premium,35.69
2353,08/06/2022,Italy,21.0,M,basic,11.07
2354,21/03/2022,US,18.0,F,ENTERPRISE,114.45
2355,30/10/2022,US,24.0,M,Premium,33.23
2356,14/05/2024,Brazil,47.0,F,ENTERPRISE,116.34
2357,18/03/2024,Brazil,67.0,M,basic,10.29
2358,14/04/2022,Britain,26.0,Other,basic,11.41
2359,04/06/2023,USA,52.0,F,ENTERPRISE,116.43
2360,29/02/2024,Germany,25.0,F,basic,13.99
2361,07/07/2023,Australia,41.0,F,basic,10.3
2362,05/05/2024,USA,36.0,F,Premium,37.46
2363,27/01/2024,Mexico,53.0,F,Premium,33.82
2364,23/06/2024,United Kingdom,67.0,M,basic,13.37
2365,24/06/2023,Italy,69.0,M,basic,10.25
2366,08/02/2022,Brazil,60.0,F,basic,14.59
2367,09/11/2023,Spain,,M,basic,13.83
2368,11/12/2022,UK,49.0,M,basic,10.69
2369,16/06/2024,United Kingdom,31.0,F,Premium,32.18
2370,24/02/2024,UK,35.0,M,Premium,36.43
2371,25/09/2023,Australia,45.0,F,Premium,39.21
2372,15/05/2022,Australia,46.0,M,basic,12.22
2373,04/09/2023,Mexico,33.0,Other,Premium,34.85
2374,21/01/2023,UK,52.0,F,ENTERPRISE,123.77
2375,07/06/2022,Australia,64.0,F,Premium,33.82
2376,16/06/2022,Spain,48.0,M,basic,11.42
2377,05/07/2022,United States,21.0,F,ENTERPRISE,135.05
2378,01/05/2024,USA,54.0,F,basic,10.09
2379,11/12/2023,US,34.0,F,Premium,30.4
2380,29/02/2024,France,56.0,F,basic,13.39
2381,02/10/2023,UK,65.0,M,Premium,36.81
2382,08/04/2024,Italy,63.0,F,ENTERPRISE,133.01
2383,19/06/2022,United Kingdom,43.0,F,basic,14.42
2384,09/01/2024,United States,65.0,M,basic,11.32
2385,25/03/2023,UK,56.0,F,basic,11.97
2386,14/02/2022,United States,58.0,F,basic,13.65
2387,25/02/2023,United States,21.0,F,basic,13.71
2388,09/01/2023,UK,47.0,M,Premium,38.6
2389,24/11/2023,Britain,47.0,F,basic,10.14
2390,07/01/2024,Germany,39.0,Other,basic,10.91
2391,01/09/2022,Italy,28.0,F,basic,13.19
2392,31/03/2023,US,19.0,F,basic,11.68
2393,18/09/2023,US,61.0,F,Premium,30.43
2394,19/10/2022,Italy,29.0,F,Premium,35.85
2395,10/02/2024,Britain,47.0,F,Premium,33.92
2396,06/02/2024,Brazil,53.0,M,basic,11.81
2397,13/03/2024,Australia,35.0,M,basic,11.31
2398,05/04/2023,US,43.0,M,basic,10.02
2399,28/08/2022,Brazil,70.0,M,basic,10.9
2400,01/07/2023,United States,24.0,M,basic,12.36
2401,02/09/2022,Spain,18.0,M,Premium,32.75
2402,13/11/2022,United Kingdom,43.0,F,basic,14.36
2403,08/04/2024,USA,40.0,M,basic,10.7
2404,14/03/2024,US,43.0,M,Premium,38.74
2405,26/04/2023,Italy,62.0,M,Premium,34.04
2406,05/05/2024,Spain,23.0,F,basic,11.37
2407,18/07/2022,UK,23.0,M,Premium,33.03
2408,12/01/2023,Mexico,61.0,M,ENTERPRISE,133.0
2409,26/11/2023,Germany,25.0,M,basic,12.52
2410,08/08/2023,Italy,41.0,F,basic,11.76
2411,28/03/2023,Australia,39.0,F,basic,13.23
2412,18/04/2023,Mexico,36.0,F,Premium,34.24
2413,27/02/2024,Mexico,,M,basic,13.35
2414,16/10/2022,United States,35.0,F,ENTERPRISE,160.43
2415,07/03/2024,Germany,48.0,F,Premium,32.43
2416,27/01/2023,United Kingdom,54.0,M,basic,14.05
2417,30/05/2023,United Kingdom,,M,basic,13.98
2418,25/06/2023,Britain,59.0,M,basic,14.93
2419,05/03/2023,Brazil,50.0,F,basic,10.87
2420,15/06/2022,France,27.0,M,ENTERPRISE,184.77
2421,16/04/2024,Mexico,54.0,M,basic,14.35
2422,24/07/2022,Britain,29.0,F,basic,13.2
2423,31/03/2024,Australia,47.0,F,basic,12.52
2424,12/09/2023,Brazil,44.0,F,basic,14.78
2425,22/05/2022,Mexico,56.0,F,basic,14.85
2426,12/06/2024,Spain,26.0,F,basic,13.2
2427,14/09/2022,Germany,38.0,F,Premium,33.59
2428,23/02/2022,France,29.0,M,basic,14.08
2429,19/10/2023,UK,46.0,M,basic,10.44
2430,08/05/2023,United States,50.0,F,Premium,32.9
2431,14/06/2024,Germany,60.0,Other,basic,14.92
2432,16/01/2023,Britain,70.0,F,basic,14.06
2433,22/07/2023,USA,32.0,M,basic,14.69
2434,16/04/2022,Canada,19.0,M,basic,12.96
2435,30/12/2023,France,69.0,M,ENTERPRISE,140.76
2436,16/05/2024,France,,F,basic,14.89
2437,13/06/2023,Australia,70.0,F,Premium,33.08
2438,21/05/2024,United States,61.0,,basic,13.78
2439,08/05/2022,US,35.0,F,basic,12.78
2440,19/10/2022,United Kingdom,20.0,M,Premium,32.28
2441,27/03/2022,United Kingdom,24.0,M,basic,10.08
2442,21/02/2024,USA,60.0,M,Premium,33.83
2443,14/06/2022,Spain,35.0,F,basic,12.73
2444,07/10/2022,Australia,61.0,M,basic,10.91
2445,06/04/2023,Spain,55.0,F,Premium,34.14
2446,10/06/2023,UK,54.0,F,basic,13.07
2447,31/05/2022,Brazil,50.0,M,Premium,37.14
2448,30/04/2024,Germany,61.0,M,basic,10.25
2449,24/03/2023,Canada,48.0,M,Premium,36.63
2450,04/04/2022,Italy,28.0,F,basic,10.27
2451,16/08/2022,US,21.0,M,Premium,30.27
2452,16/04/2024,Britain,35.0,M,ENTERPRISE,115.23
2453,07/04/2023,Mexico,21.0,F,basic,13.26
2454,24/06/2024,Italy,66.0,F,basic,10.25
2455,24/12/2022,Brazil,51.0,F,Premium,30.2
2456,28/01/2022,Italy,46.0,F,basic,10.58
2457,01/03/2023,Australia,41.0,F,Premium,39.49
2458,24/02/2022,Mexico,39.0,F,ENTERPRISE,190.72
2459,10/02/2023,France,19.0,M,Premium,30.85
2460,30/05/2023,USA,61.0,M,basic,11.51
2461,18/01/2023,United Kingdom,23.0,F,basic,14.73
2462,30/08/2022,UK,59.0,F,basic,10.48
2463,31/01/2023,Spain,42.0,F,basic,10.46
2464,25/03/2022,Canada,38.0,F,basic,10.42
2465,19/01/2023,Australia,33.0,,Premium,39.75
2466,18/08/2022,USA,48.0,M,basic,13.71
2467,29/01/2022,France,31.0,M,ENTERPRISE,121.44
2468,23/11/2022,Britain,56.0,M,Premium,30.45
2469,12/04/2022,UK,45.0,F,ENTERPRISE,196.51
2470,09/05/2024,Australia,49.0,M,basic,12.12
2471,02/01/2024,France,,M,basic,12.98
2472,28/10/2023,Canada,68.0,M,basic,11.39
2473,10/12/2022,United Kingdom,66.0,M,basic,13.78
2474,21/03/2024,United Kingdom,26.0,M,Premium,31.96
2475,30/05/2022,Australia,62.0,M,Premium,37.86
2476,21/05/2022,United Kingdom,39.0,F,basic,11.14
2477,09/02/2022,USA,49.0,M,basic,10.48
2478,21/10/2022,USA,22.0,M,basic,12.38
2479,29/04/2024,Spain,40.0,F,Premium,38.12
2480,29/04/2023,Australia,22.0,F,ENTERPRISE,138.48
2481,14/12/2023,Spain,59.0,M,basic,10.13
2482,01/05/2024,Australia,70.0,M,basic,12.76
2483,23/05/2022,Britain,,F,ENTERPRISE,168.04
2484,17/02/2024,Australia,27.0,M,basic,13.69
2485,24/12/2023,Canada,56.0,M,Premium,34.01
2486,26/04/2023,Brazil,32.0,M,basic,10.48
2487,05/04/2023,UK,24.0,M,basic,12.91
2488,23/09/2023,United States,46.0,F,basic,11.64
2489,06/01/2022,Mexico,64.0,F,Premium,39.46
2490,23/03/2022,United States,20.0,F,basic,12.5
2491,20/01/2022,France,,F,basic,12.35
2492,20/09/2022,United Kingdom,27.0,M,basic,11.54
2493,09/08/2022,UK,45.0,F,basic,11.68
2494,05/05/2024,Italy,46.0,M,Premium,35.12
2495,03/06/2022,Brazil,32.0,M,Premium,33.06
2496,16/07/2023,USA,,F,basic,14.45
2497,15/01/2024,Germany,23.0,F,Premium,34.38
2498,16/09/2023,US,29.0,M,basic,11.45
2499,25/06/2023,Britain,64.0,F,basic,10.77
2500,10/03/2023,United Kingdom,55.0,M,Premium,36.71
2501,24/04/2022,United Kingdom,30.0,M,basic,10.12
2502,05/03/2024,Canada,46.0,,basic,12.24
2503,23/10/2022,United Kingdom,36.0,F,basic,12.74
2504,01/09/2022,USA,20.0,F,Premium,33.39
2505,05/11/2022,USA,25.0,F,basic,13.74
2506,05/05/2022,US,25.0,M,basic,13.37
2507,18/02/2022,Mexico,37.0,M,Premium,39.7
2508,02/09/2022,Australia,64.0,F,Premium,35.08
2509,06/03/2023,Italy,21.0,M,Premium,35.37
2510,17/10/2023,UK,68.0,M,basic,11.22
2511,23/03/2024,United Kingdom,38.0,Other,basic,11.92
2512,30/09/2023,United States,20.0,F,basic,10.12
2513,14/04/2023,Spain,62.0,M,Premium,36.88
2514,06/03/2022,Canada,25.0,M,Premium,33.11
2515,24/04/2022,Canada,40.0,M,ENTERPRISE,154.03
2516,06/05/2024,Mexico,33.0,F,basic,11.26
2517,27/05/2023,United States,30.0,F,basic,13.1
2518,04/09/2023,France,20.0,F,basic,12.23
2519,03/07/2023,United States,65.0,M,basic,12.4
2520,17/01/2022,Brazil,26.0,M,basic,14.7
2521,10/10/2023,France,31.0,Other,ENTERPRISE,170.61
2522,12/06/2023,Germany,30.0,Other,basic,11.3
2523,12/08/2023,Spain,70.0,F,basic,12.51
2524,05/09/2022,Canada,24.0,M,Premium,34.66
2525,06/01/2024,United States,32.0,F,basic,13.97
2526,28/05/2022,Germany,24.0,F,Premium,38.32
2527,26/10/2022,Australia,55.0,F,Premium,32.82
2528,16/03/2023,Britain,51.0,F,basic,14.1
2529,02/01/2022,UK,58.0,,Premium,31.79
2530,22/09/2023,Germany,39.0,M,basic,13.8
2531,28/12/2022,Mexico,41.0,M,basic,11.23
2532,04/09/2022,Brazil,66.0,F,basic,11.48
2533,08/08/2023,UK,54.0,F,basic,14.25
2534,03/03/2023,United States,61.0,F,basic,12.09
2535,11/07/2022,Italy,18.0,M,basic,14.94
2536,12/11/2023,Australia,,F,basic,10.75
2537,16/11/2023,Germany,60.0,F,basic,12.31
2538,29/03/2022,Spain,33.0,,Premium,37.31
2539,21/06/2023,United States,63.0,F,ENTERPRISE,100.53
2540,05/01/2023,United Kingdom,25.0,M,Premium,31.51
2541,11/03/2022,USA,66.0,M,basic,10.09
2542,23/06/2023,Germany,42.0,,Premium,39.92
2543,12/07/2023,Spain,67.0,F,Premium,37.6
2544,04/06/2023,Brazil,29.0,F,basic,11.86
2545,16/03/2024,Britain,42.0,M,basic,10.77
2546,04/06/2023,United Kingdom,34.0,F,Premium,30.89
2547,22/07/2023,Britain,43.0,F,Premium,35.31
2548,21/01/2022,United States,63.0,F,ENTERPRISE,197.58
2549,04/02/2023,USA,,M,Premium,36.74
2550,13/06/2024,Germany,31.0,F,Premium,33.64
2551,27/04/2023,Germany,58.0,F,basic,12.49
2552,14/02/2022,Italy,53.0,M,basic,14.98
2553,13/10/2023,Canada,40.0,M,ENTERPRISE,151.87
2554,01/02/2023,Italy,60.0,F,basic,14.81
2555,18/01/2023,Mexico,23.0,M,basic,10.07
2556,17/09/2022,United States,64.0,F,basic,13.59
2557,05/02/2024,United States,22.0,M,Premium,36.26
2558,17/01/2022,USA,60.0,F,basic,13.42
2559,01/01/2023,Italy,42.0,M,Premium,35.7
2560,18/03/2024,Spain,35.0,M,basic,10.21
2561,11/03/2022,Spain,30.0,M,basic,10.74
2562,20/12/2022,USA,60.0,F,ENTERPRISE,192.22
2563,04/09/2022,Australia,31.0,F,basic,11.15
2564,21/01/2024,Canada,45.0,M,basic,14.95
2565,04/11/2023,Spain,35.0,M,basic,13.39
2566,06/10/2023,France,45.0,F,basic,12.21
2567,17/04/2022,Mexico,68.0,M,basic,14.59
2568,01/03/2024,UK,44.0,F,basic,13.96
2569,19/08/2023,USA,49.0,M,ENTERPRISE,142.89
2570,23/01/2024,USA,64.0,F,basic,10.33
2571,14/02/2024,US,26.0,F,basic,14.33
2572,07/12/2022,Mexico,57.0,Other,basic,13.82
2573,17/05/2022,United Kingdom,49.0,F,basic,13.94
2574,15/02/2022,United Kingdom,37.0,M,basic,13.71
2575,27/12/2022,France,45.0,M,Premium,32.75
2576,14/07/2023,Italy,50.0,F,ENTERPRISE,185.87
2577,13/12/2022,Mexico,21.0,F,basic,10.0
2578,13/04/2024,Australia,63.0,F,Premium,32.36
2579,21/10/2023,United States,51.0,F,basic,10.22
2580,29/06/2022,United States,65.0,F,Premium,31.1
2581,30/04/2024,Britain,20.0,M,basic,12.65
2582,08/03/2024,France,43.0,M,basic,10.18
2583,03/12/2023,USA,25.0,M,basic,10.9
2584,21/04/2023,France,23.0,M,basic,11.15
2585,14/12/2023,France,33.0,F,Premium,36.54
2586,06/05/2023,Brazil,41.0,M,basic,12.33
2587,09/10/2023,France,65.0,M,basic,12.28
2588,06/07/2022,United Kingdom,56.0,M,ENTERPRISE,176.83
2589,10/04/2024,Brazil,47.0,M,basic,12.27
2590,19/05/2022,France,62.0,M,Premium,33.47
2591,06/03/2022,Canada,30.0,F,basic,14.8
2592,04/01/2024,UK,22.0,M,basic,10.03
2593,05/03/2024,United States,42.0,F,basic,11.52
2594,14/04/2023,Brazil,37.0,F,basic,13.04
2595,07/02/2022,Britain,35.0,Other,basic,13.9
2596,28/10/2022,Mexico,64.0,M,Premium,38.15
2597,26/07/2022,UK,35.0,M,Premium,30.45
2598,14/02/2022,Britain,19.0,,Premium,37.08
2599,21/03/2024,US,27.0,M,Premium,37.19
2600,24/07/2022,Britain,62.0,F,ENTERPRISE,121.4
2601,26/06/2024,United States,67.0,F,basic,10.55
2602,12/02/2022,United States,64.0,F,Premium,37.49
2603,20/11/2022,Brazil,29.0,M,basic,11.24
2604,14/11/2022,France,64.0,F,Premium,30.01
2605,12/06/2023,Germany,30.0,M,Premium,32.23
2606,12/02/2023,US,67.0,F,basic,10.15
2607,14/04/2024,Brazil,64.0,F,basic,11.24
2608,11/07/2023,Canada,28.0,M,ENTERPRISE,133.49
2609,30/04/2023,USA,,M,basic,11.35
2610,17/09/2022,Spain,52.0,F,basic,14.59
2611,07/02/2022,Mexico,56.0,M,basic,11.15
2612,11/02/2024,Britain,70.0,,basic,12.33
2613,25/10/2023,Germany,43.0,M,basic,14.78
2614,15/07/2022,France,63.0,M,basic,14.39
2615,20/10/2022,United Kingdom,,F,basic,11.54
2616,01/01/2023,USA,62.0,F,Premium,33.25
2617,01/06/2024,Australia,,F,basic,12.96
2618,10/03/2024,Italy,41.0,M,basic,14.58
2619,18/02/2022,Germany,58.0,F,basic,10.04
2620,05/06/2024,United Kingdom,18.0,,basic,11.96
2621,03/11/2023,US,68.0,M,ENTERPRISE,184.97
2622,06/12/2022,Australia,60.0,M,Premium,34.09
2623,07/10/2022,Brazil,39.0,F,basic,13.59
2624,08/05/2022,France,40.0,M,basic,13.45
2625,29/03/2024,USA,36.0,M,Premium,32.04
2626,12/01/2023,USA,35.0,M,basic,12.24
2627,24/03/2023,USA,29.0,M,basic,12.82
2628,29/06/2024,US,45.0,M,basic,13.57
2629,14/02/2023,Australia,45.0,M,ENTERPRISE,182.23
2630,01/02/2024,Britain,50.0,F,basic,13.79
2631,27/03/2023,Italy,36.0,M,basic,10.13
2632,31/01/2023,Canada,45.0,F,basic,13.34
2633,14/12/2022,US,69.0,M,basic,12.48
2634,11/07/2022,Spain,66.0,Other,basic,12.86
2635,24/05/2023,Mexico,54.0,F,basic,11.85
2636,10/12/2023,Mexico,43.0,F,ENTERPRISE,171.39
2637,25/05/2023,Italy,52.0,F,basic,13.36
2638,12/01/2023,United States,51.0,,basic,12.89
2639,27/03/2024,Mexico,52.0,F,basic,14.3
2640,16/06/2023,France,57.0,M,Premium,31.01
2641,01/10/2022,US,33.0,M,basic,11.5
2642,31/03/2024,United Kingdom,55.0,F,basic,12.47
2643,26/03/2022,Italy,30.0,M,Premium,39.58
2644,15/01/2024,Spain,40.0,F,basic,10.35
2645,11/03/2023,United States,,F,ENTERPRISE,133.7
2646,22/03/2022,Britain,33.0,M,basic,14.62
2647,17/03/2023,Australia,45.0,F,basic,14.48
2648,09/09/2023,United Kingdom,65.0,M,basic,14.32
2649,22/04/2024,Brazil,52.0,,basic,11.53
2650,04/07/2022,Italy,62.0,F,Premium,38.46
2651,13/07/2023,France,63.0,M,basic,12.52
2652,28/10/2022,Australia,25.0,F,basic,13.09
2653,25/11/2022,United Kingdom,61.0,F,ENTERPRISE,123.87
2654,16/04/2022,United States,39.0,M,Premium,37.06
2655,23/03/2022,United Kingdom,38.0,F,basic,11.63
2656,02/12/2022,Australia,43.0,F,basic,11.71
2657,08/11/2023,UK,57.0,M,basic,13.17
2658,30/10/2022,Canada,,M,Premium,32.39
2659,10/11/2022,Germany,42.0,F,Premium,32.23
2660,02/04/2023,Britain,58.0,F,basic,11.84
2661,10/09/2023,Mexico,18.0,M,basic,13.88
2662,05/01/2024,United States,23.0,M,basic,11.11
2663,13/03/2023,Australia,40.0,F,basic,13.93
2664,20/06/2022,Canada,68.0,F,Premium,36.95
2665,08/12/2023,Canada,,M,basic,13.39
2666,31/03/2023,Brazil,60.0,F,basic,12.36
2667,26/12/2022,United Kingdom,60.0,M,basic,13.72
2668,03/04/2023,Germany,40.0,F,basic,10.06
2669,13/02/2022,Canada,49.0,M,basic,11.52
2670,15/01/2024,Germany,47.0,M,Premium,36.78
2671,09/06/2024,United Kingdom,30.0,M,Premium,39.86
2672,28/12/2022,Australia,60.0,F,basic,10.0
2673,22/09/2023,France,35.0,F,Premium,35.09
2674,22/03/2023,UK,40.0,F,Premium,39.23
2675,09/10/2022,Canada,32.0,F,basic,14.31
2676,17/10/2023,US,50.0,M,basic,10.11
2677,21/03/2024,UK,38.0,F,basic,12.64
2678,28/02/2022,United Kingdom,,M,basic,10.01
2679,18/03/2022,Brazil,40.0,F,Premium,37.89
2680,19/11/2023,Britain,44.0,M,basic,11.53
2681,15/10/2023,US,62.0,M,ENTERPRISE,176.55
2682,20/02/2023,United States,61.0,F,Premium,39.44
2683,08/01/2023,Mexico,35.0,F,basic,14.87
2684,10/06/2023,Brazil,41.0,F,Premium,38.93
2685,31/03/2024,UK,68.0,F,basic,11.01
2686,07/02/2024,United Kingdom,64.0,M,basic,10.96
2687,27/11/2023,UK,57.0,F,Premium,36.25
2688,13/06/2022,Mexico,68.0,M,basic,12.71
2689,01/02/2022,Canada,59.0,,basic,10.04
2690,27/05/2022,Brazil,24.0,F,Premium,33.91
2691,19/05/2024,Australia,67.0,M,Premium,39.06
2692,15/09/2023,US,65.0,M,basic,14.48
2693,26/11/2023,Spain,37.0,M,basic,11.01
2694,11/03/2024,Italy,44.0,M,basic,11.9
2695,25/03/2023,UK,23.0,M,Premium,35.59
2696,05/02/2022,Mexico,44.0,M,basic,14.25
2697,10/05/2022,United States,26.0,M,ENTERPRISE,153.19
2698,10/03/2022,United States,70.0,F,Premium,39.67
2699,30/08/2022,USA,62.0,F,Premium,37.98
2700,08/03/2024,Brazil,,M,ENTERPRISE,195.3
2701,23/10/2023,UK,38.0,M,ENTERPRISE,173.14
2702,11/01/2023,Italy,43.0,,basic,14.38
2703,06/01/2023,France,57.0,F,basic,14.15
2704,28/01/2023,Mexico,65.0,F,Premium,32.53
2705,04/08/2023,Canada,62.0,F,ENTERPRISE,122.94
2706,03/02/2022,Germany,30.0,F,Premium,38.63
2707,12/09/2023,Australia,66.0,F,basic,10.41
2708,07/06/2022,Italy,40.0,F,Premium,34.08
2709,27/11/2023,Germany,37.0,M,basic,14.09
2710,06/04/2023,Brazil,54.0,,ENTERPRISE,181.31
2711,15/01/2023,Germany,70.0,F,basic,10.68
2712,16/01/2023,Spain,45.0,F,ENTERPRISE,148.76
2713,31/03/2023,USA,,F,basic,12.39
2714,21/02/2024,Italy,45.0,M,ENTERPRISE,132.36
2715,20/03/2022,Brazil,58.0,F,basic,14.58
2716,11/08/2023,Italy,19.0,M,Premium,36.52
2717,21/05/2022,Spain,42.0,M,ENTERPRISE,198.01
2718,27/06/2023,UK,67.0,M,Premium,30.66
2719,11/01/2023,UK,58.0,Other,Premium,33.93
2720,12/02/2023,UK,,F,basic,14.17
2721,18/11/2022,Britain,28.0,F,basic,12.1
2722,28/10/2023,Germany,55.0,F,Premium,32.61
2723,13/10/2022,Britain,23.0,M,basic,14.98
2724,13/09/2022,USA,62.0,F,Premium,38.72
2725,27/04/2022,Australia,28.0,Other,Premium,35.45
2726,27/01/2022,Spain,31.0,F,basic,12.8
2727,24/01/2024,Brazil,19.0,,basic,10.02
2728,10/07/2022,Italy,57.0,F,basic,14.89
2729,27/05/2023,Canada,20.0,Other,basic,14.02
2730,15/06/2023,Brazil,70.0,F,ENTERPRISE,103.66
2731,01/02/2023,Germany,52.0,F,Premium,31.75
2732,30/07/2023,Britain,50.0,F,basic,14.1
2733,01/05/2022,Britain,41.0,F,basic,10.42
2734,26/09/2022,United Kingdom,36.0,F,Premium,39.41
2735,04/03/2024,Britain,35.0,F,basic,14.99
2736,24/09/2022,Australia,66.0,M,basic,14.42
2737,22/12/2023,France,69.0,F,basic,13.68
2738,02/04/2023,Italy,41.0,F,Premium,34.86
2739,08/08/2022,France,62.0,F,basic,10.4
2740,19/09/2023,Italy,52.0,F,basic,13.64
2741,20/10/2022,Spain,18.0,M,ENTERPRISE,139.68
2742,12/12/2023,Italy,53.0,M,basic,12.84
2743,18/05/2023,France,42.0,F,Premium,32.92
2744,24/07/2022,Brazil,62.0,F,basic,11.2
2745,06/05/2022,Italy,66.0,,basic,11.61
2746,19/05/2022,Spain,60.0,M,basic,14.06
2747,23/05/2024,Spain,51.0,M,basic,12.12
2748,17/03/2022,USA,42.0,M,basic,11.55
2749,08/04/2023,Italy,33.0,M,basic,12.15
2750,26/06/2022,Canada,51.0,M,basic,10.15
2751,01/01/2024,United Kingdom,46.0,M,basic,14.44
2752,01/04/2023,UK,36.0,M,Premium,35.51
2753,31/03/2022,United States,40.0,M,Premium,31.04
2754,09/04/2024,Spain,36.0,F,Premium,32.87
2755,30/11/2023,US,42.0,M,basic,14.91
2756,15/05/2024,UK,33.0,M,ENTERPRISE,159.3
2757,24/11/2022,Australia,68.0,M,basic,11.45
2758,15/11/2023,Germany,26.0,M,basic,12.12
2759,22/12/2022,Italy,18.0,M,basic,11.28
2760,28/12/2023,France,59.0,M,Premium,30.31
2761,08/03/2022,United States,36.0,F,Premium,38.41
2762,18/07/2023,US,50.0,F,Premium,32.91
2763,10/07/2023,UK,51.0,F,basic,14.18
2764,25/10/2022,Italy,33.0,F,Premium,34.78
2765,04/11/2022,USA,61.0,M,basic,10.9
2766,21/05/2024,Germany,57.0,F,basic,14.0
2767,11/06/2022,United States,35.0,M,basic,11.88
2768,30/12/2023,United Kingdom,,F,basic,13.53
2769,28/12/2023,USA,42.0,M,basic,14.18
2770,19/12/2023,US,62.0,F,Premium,39.62
2771,16/10/2023,Australia,23.0,F,basic,10.42
2772,28/06/2022,United States,38.0,M,basic,10.03
2773,23/03/2024,USA,23.0,,basic,12.73
2774,06/01/2023,Germany,49.0,M,ENTERPRISE,126.41
2775,05/06/2023,United Kingdom,58.0,F,basic,12.34
2776,18/08/2022,USA,65.0,F,basic,10.35
2777,05/05/2022,Britain,60.0,M,basic,12.5
2778,25/07/2022,United Kingdom,56.0,M,Premium,31.24
2779,22/03/2024,US,48.0,M,basic,14.18
2780,23/05/2022,Australia,59.0,F,basic,13.79
2781,31/08/2022,Germany,27.0,M,basic,10.36
2782,20/03/2024,Canada,47.0,F,basic,14.17
2783,21/05/2023,Italy,69.0,F,basic,11.61
2784,27/01/2022,France,35.0,M,Premium,33.52
2785,05/01/2023,Mexico,41.0,Other,ENTERPRISE,117.97
2786,22/07/2023,Brazil,69.0,F,ENTERPRISE,183.52
2787,10/08/2023,Brazil,26.0,M,Premium,34.04
2788,13/01/2023,France,48.0,M,basic,10.23
2789,24/04/2023,Mexico,32.0,F,Premium,39.65
2790,02/04/2024,France,21.0,M,Premium,32.55
2791,19/07/2023,United States,57.0,M,Premium,39.35
2792,13/05/2022,US,26.0,M,basic,11.5
2793,19/09/2023,Germany,62.0,F,basic,14.15
2794,24/06/2024,United Kingdom,26.0,F,ENTERPRISE,166.41
2795,30/03/2022,United States,43.0,F,ENTERPRISE,186.12
2796,09/03/2022,US,21.0,M,basic,14.87
2797,13/11/2022,Italy,,F,ENTERPRISE,187.14
2798,12/02/2023,Britain,33.0,Other,Premium,34.03
2799,05/01/2024,Brazil,32.0,M,basic,14.06
2800,07/01/2024,Germany,52.0,M,basic,13.55
2801,06/05/2023,France,69.0,F,basic,10.3
2802,23/06/2023,USA,22.0,F,basic,14.64
2803,25/02/2023,Canada,,F,ENTERPRISE,146.59
2804,27/02/2024,Germany,37.0,F,basic,10.66
2805,24/02/2023,Spain,32.0,,Premium,34.24
2806,23/04/2024,Australia,35.0,M,Premium,36.02
2807,12/08/2023,Mexico,64.0,F,basic,12.85
2808,17/03/2022,US,19.0,F,basic,12.86
2809,09/05/2022,UK,46.0,Other,Premium,32.55
2810,21/11/2022,Italy,,M,basic,13.15
2811,20/10/2023,Britain,21.0,F,Premium,39.06
2812,17/03/2022,Italy,59.0,F,basic,11.93
2813,06/04/2023,Germany,62.0,M,basic,13.14
2814,23/04/2023,Brazil,27.0,M,basic,11.21
2815,28/11/2023,Mexico,48.0,F,basic,10.23
2816,14/06/2023,UK,58.0,M,basic,12.92
2817,19/12/2022,Spain,25.0,F,ENTERPRISE,104.74
2818,12/05/2022,United Kingdom,20.0,F,basic,13.61
2819,18/06/2024,USA,65.0,M,ENTERPRISE,167.03
2820,28/04/2024,UK,63.0,Other,ENTERPRISE,136.92
2821,09/03/2024,US,26.0,F,ENTERPRISE,141.12
2822,19/07/2023,France,47.0,F,basic,14.58
2823,18/10/2023,Spain,70.0,M,Premium,30.12
2824,25/08/2023,USA,28.0,F,basic,12.81
2825,06/07/2022,Canada,52.0,M,basic,14.61
2826,26/02/2024,Britain,54.0,M,Premium,39.13
2827,13/05/2022,France,59.0,M,basic,12.91
2828,20/03/2023,Germany,30.0,M,ENTERPRISE,138.11
2829,30/05/2023,UK,,M,Premium,30.98
2830,08/06/2024,Brazil,30.0,Other,basic,10.86
2831,26/02/2022,USA,,F,basic,13.39
2832,01/05/2024,Australia,54.0,M,Premium,30.16
2833,08/05/2022,United States,27.0,M,basic,14.41
2834,15/06/2023,Australia,26.0,F,Premium,35.87
2835,06/06/2022,United Kingdom,69.0,M,basic,10.22
2836,08/11/2022,Australia,24.0,F,basic,11.19
2837,18/06/2022,Canada,19.0,F,basic,12.96
2838,15/06/2022,United Kingdom,40.0,F,basic,10.17
2839,27/11/2022,Spain,56.0,M,basic,13.89
2840,28/12/2023,Britain,57.0,M,basic,14.59
2841,19/08/2022,Spain,56.0,M,basic,14.8
2842,21/12/2022,United States,,M,Premium,37.33
2843,16/06/2023,US,40.0,M,Premium,38.56
2844,18/10/2022,Britain,46.0,F,basic,13.04
2845,16/05/2024,Australia,31.0,F,Premium,34.58
2846,22/03/2022,Brazil,43.0,,Premium,37.12
2847,14/09/2022,Italy,68.0,F,basic,11.11
2848,21/07/2022,US,22.0,M,basic,10.54
2849,13/10/2023,Britain,48.0,F,basic,13.8
2850,19/07/2023,Britain,42.0,M,basic,14.78
2851,09/10/2022,United States,48.0,M,basic,12.88
2852,09/05/2022,Germany,67.0,F,basic,12.4
2853,03/10/2023,Australia,37.0,F,basic,12.66
2854,07/11/2022,United States,61.0,F,Premium,34.77
2855,22/09/2023,Britain,,M,basic,12.2
2856,01/07/2023,USA,62.0,M,Premium,39.46
2857,06/04/2022,US,19.0,M,Premium,34.79
2858,30/05/2023,United States,42.0,M,basic,10.4
2859,19/10/2023,Germany,,,ENTERPRISE,176.54
2860,22/06/2022,Mexico,56.0,F,basic,11.95
2861,30/08/2023,UK,45.0,F,ENTERPRISE,171.06
2862,18/08/2023,Spain,59.0,M,basic,12.89
2863,07/06/2022,Britain,23.0,F,basic,13.56
2864,25/06/2022,Australia,20.0,M,Premium,30.61
2865,06/11/2023,Italy,52.0,Other,ENTERPRISE,103.38
2866,02/10/2023,UK,35.0,,basic,11.88
2867,08/01/2024,United Kingdom,,F,Premium,36.92
2868,12/09/2023,Brazil,37.0,F,Premium,32.23
2869,12/12/2022,Brazil,22.0,F,basic,12.16
2870,12/05/2024,France,36.0,M,basic,14.89
2871,01/08/2023,Germany,39.0,F,basic,11.06
2872,12/02/2022,Italy,36.0,M,basic,14.23
2873,25/04/2024,Mexico,64.0,M,Premium,38.24
2874,03/06/2024,Mexico,33.0,M,ENTERPRISE,189.13
2875,30/01/2022,France,,F,Premium,39.14
2876,25/03/2022,Germany,58.0,F,ENTERPRISE,150.72
2877,16/02/2022,Australia,21.0,M,basic,13.4
2878,19/10/2023,USA,32.0,F,basic,13.08
2879,29/02/2024,Australia,42.0,F,Premium,33.08
2880,14/08/2023,Spain,61.0,F,Premium,32.79
2881,29/09/2022,UK,52.0,M,basic,11.7
2882,29/10/2023,US,31.0,F,basic,11.08
2883,04/08/2022,Mexico,66.0,F,Premium,37.56
2884,25/02/2024,Brazil,36.0,M,basic,14.81
2885,09/08/2023,Germany,55.0,F,basic,14.33
2886,03/03/2023,Australia,53.0,M,Premium,32.17
2887,25/09/2023,US,24.0,M,ENTERPRISE,105.18
2888,17/10/2023,Spain,47.0,M,Premium,37.56
2889,01/02/2022,Britain,36.0,M,Premium,33.89
2890,25/05/2023,United Kingdom,66.0,F,basic,14.11
2891,29/06/2024,UK,42.0,M,Premium,37.78
2892,05/10/2023,Spain,33.0,F,basic,13.12
2893,13/07/2023,Spain,64.0,M,ENTERPRISE,125.52
2894,24/10/2022,Australia,57.0,F,basic,10.51
2895,20/10/2023,USA,68.0,F,Premium,32.52
2896,06/11/2022,France,25.0,F,Premium,35.09
2897,10/05/2023,Mexico,35.0,F,basic,14.89
2898,08/09/2022,United Kingdom,45.0,F,ENTERPRISE,106.36
2899,04/04/2024,UK,33.0,,basic,10.99
2900,06/04/2024,Britain,69.0,F,basic,13.13
2901,03/12/2023,Britain,36.0,F,basic,11.51
2902,20/02/2023,United States,59.0,F,Premium,38.58
2903,01/11/2022,Spain,34.0,F,Premium,31.38
2904,10/04/2023,Germany,62.0,F,basic,14.81
2905,16/03/2022,USA,30.0,M,basic,14.55
2906,07/12/2023,United Kingdom,24.0,F,ENTERPRISE,188.74
2907,03/03/2022,Australia,44.0,M,basic,10.86
2908,11/06/2022,Britain,27.0,M,Premium,33.28
2909,27/03/2023,UK,51.0,F,Premium,38.03
2910,02/03/2023,United States,53.0,M,Premium,38.07
2911,11/05/2023,Brazil,42.0,M,basic,13.52
2912,21/04/2023,Mexico,23.0,F,basic,12.23
2913,28/07/2022,UK,41.0,F,ENTERPRISE,131.15
2914,15/12/2022,USA,35.0,F,basic,14.8
2915,14/09/2023,Germany,40.0,F,basic,10.69
2916,28/05/2022,United States,23.0,Other,basic,10.21
2917,17/11/2022,Brazil,46.0,M,ENTERPRISE,100.9
2918,01/06/2024,United States,42.0,F,Premium,37.74
2919,06/01/2024,France,34.0,M,basic,10.27
2920,23/11/2022,United Kingdom,63.0,M,Premium,35.38
2921,22/01/2024,United States,41.0,F,basic,11.83
2922,31/05/2024,Canada,28.0,F,ENTERPRISE,114.68
2923,20/12/2022,France,43.0,M,basic,13.69
2924,13/02/2023,France,68.0,M,Premium,30.54
2925,14/05/2022,USA,51.0,F,Premium,33.17
2926,18/02/2024,Canada,45.0,F,basic,12.8
2927,15/01/2023,US,20.0,F,Premium,34.01
2928,12/06/2023,UK,28.0,M,basic,11.29
2929,30/07/2023,Mexico,55.0,F,Premium,39.25
2930,19/04/2022,Germany,31.0,M,Premium,39.3
2931,23/11/2022,Italy,68.0,M,Premium,34.15
2932,05/09/2022,UK,43.0,F,basic,11.96
2933,23/04/2023,United States,65.0,F,ENTERPRISE,130.73
2934,06/05/2022,Germany,38.0,M,basic,14.27
2935,01/10/2022,Britain,56.0,M,Premium,35.67
2936,06/04/2023,US,47.0,F,Premium,30.89
2937,11/09/2022,Britain,25.0,M,ENTERPRISE,185.32
2938,25/05/2022,Canada,68.0,M,Premium,35.34
2939,10/04/2022,Britain,37.0,M,basic,12.07
2940,21/02/2022,Australia,,M,Premium,33.37
2941,25/10/2022,United Kingdom,49.0,M,basic,10.49
2942,29/01/2023,UK,39.0,F,basic,14.77
2943,03/06/2024,Italy,24.0,F,ENTERPRISE,174.11
2944,23/09/2023,Australia,26.0,F,basic,10.65
2945,05/03/2023,USA,62.0,F,basic,12.55
2946,12/09/2022,Italy,18.0,F,basic,12.77
2947,05/06/2024,Britain,46.0,F,basic,10.83
2948,13/06/2022,United States,25.0,F,basic,12.13
2949,13/04/2024,Brazil,21.0,M,basic,13.22
2950,02/12/2022,US,52.0,F,Premium,32.83
2951,15/08/2023,Mexico,20.0,M,Premium,33.31
2952,09/01/2024,Spain,62.0,F,Premium,31.21
2953,17/11/2022,Italy,57.0,F,basic,12.06
2954,14/07/2022,Mexico,,F,Premium,35.83
2955,21/02/2024,Mexico,44.0,F,basic,10.57
2956,13/06/2022,Britain,18.0,M,basic,13.06
2957,26/05/2023,US,44.0,,Premium,33.97
2958,12/06/2023,Germany,33.0,M,basic,13.38
2959,24/04/2023,UK,55.0,M,Premium,33.14
2960,26/05/2023,Mexico,24.0,M,ENTERPRISE,156.84
2961,19/06/2024,France,61.0,M,basic,13.05
2962,12/11/2022,United Kingdom,40.0,M,basic,13.44
2963,25/05/2023,US,58.0,Other,basic,13.77
2964,24/01/2022,United States,28.0,M,basic,10.67
2965,03/04/2022,Canada,59.0,M,Premium,39.64
2966,07/02/2023,United States,70.0,M,Premium,38.43
2967,02/06/2023,US,50.0,F,basic,12.8
2968,14/04/2023,United States,67.0,M,basic,14.44
2969,04/09/2022,Mexico,53.0,F,ENTERPRISE,138.23
2970,09/08/2022,UK,54.0,M,basic,10.16
2971,21/08/2023,United States,58.0,F,basic,13.63
2972,28/12/2022,Italy,34.0,F,basic,14.71
2973,19/02/2022,France,52.0,M,Premium,31.61
2974,21/02/2022,United States,65.0,M,basic,13.21
2975,16/10/2022,France,,M,basic,14.06
2976,22/05/2023,Brazil,65.0,F,Premium,39.04
2977,04/09/2023,Britain,49.0,M,Premium,32.76
2978,22/06/2024,USA,20.0,F,basic,10.63
2979,13/05/2024,UK,69.0,F,basic,11.23
2980,01/11/2023,Mexico,64.0,F,basic,12.88
2981,20/11/2023,USA,52.0,M,basic,14.58
2982,27/04/2023,Mexico,69.0,M,basic,12.9
2983,20/10/2022,Britain,31.0,F,basic,14.59
2984,04/07/2023,Mexico,65.0,F,basic,13.84
2985,09/01/2022,Brazil,48.0,Other,basic,12.98
2986,17/05/2024,UK,48.0,F,ENTERPRISE,102.17
2987,21/04/2022,US,34.0,F,basic,11.66
2988,18/03/2023,US,41.0,F,basic,10.28
2989,18/05/2022,France,69.0,F,basic,11.6
2990,22/06/2024,Britain,40.0,M,basic,10.3
2991,28/09/2022,France,35.0,F,Premium,31.67
2992,15/01/2024,Brazil,67.0,M,basic,12.04
2993,10/01/2023,United Kingdom,31.0,M,Premium,35.14
2994,22/02/2024,United States,67.0,F,basic,11.08
2995,17/02/2023,Spain,32.0,M,Premium,37.32
2996,10/01/2023,United Kingdom,32.0,,basic,12.94
2997,16/02/2022,United States,23.0,M,basic,13.45
2998,15/02/2023,UK,44.0,,basic,13.65
2999,22/02/2022,France,32.0,F,basic,13.62
3000,07/08/2023,UK,67.0,F,basic,14.67
3001,30/07/2023,Brazil,53.0,M,basic,11.18
3002,19/07/2022,Australia,25.0,M,Premium,32.69
3003,07/01/2023,Australia,32.0,M,basic,10.46
3004,21/07/2023,Australia,20.0,M,basic,12.95
3005,23/10/2022,Brazil,,F,basic,11.97
3006,17/03/2022,Mexico,30.0,M,Premium,34.95
3007,31/01/2023,UK,58.0,M,basic,10.84
3008,01/06/2023,United States,51.0,M,basic,13.24
3009,07/04/2023,Brazil,41.0,M,basic,13.09
3010,22/02/2024,Australia,57.0,M,Premium,32.64
3011,18/07/2023,Britain,,,Premium,34.64
3012,14/10/2022,Brazil,49.0,F,basic,14.46
3013,25/04/2024,Canada,47.0,F,basic,13.86
3014,01/10/2023,Mexico,69.0,F,basic,11.12
3015,28/11/2023,United States,66.0,M,basic,14.38
3016,18/09/2023,Australia,30.0,F,basic,10.33
3017,02/05/2022,Germany,18.0,F,basic,12.06
3018,12/05/2022,US,51.0,M,basic,10.39
3019,10/04/2022,US,32.0,F,basic,14.61
3020,08/02/2023,United Kingdom,61.0,F,basic,10.19
3021,18/01/2023,US,31.0,M,basic,10.75
3022,24/03/2024,United States,46.0,F,basic,14.57
3023,14/12/2022,Italy,51.0,F,basic,12.9
3024,26/07/2023,France,35.0,F,Premium,37.94
3025,10/01/2023,United States,24.0,F,Premium,30.15
3026,13/02/2024,Mexico,46.0,M,basic,12.09
3027,28/05/2022,Canada,48.0,M,basic,14.91
3028,23/07/2022,United States,42.0,F,basic,12.89
3029,09/09/2023,Brazil,55.0,F,basic,14.24
3030,06/06/2023,Spain,31.0,F,ENTERPRISE,196.35
3031,16/02/2023,France,,M,basic,13.42
3032,28/05/2023,Germany,44.0,M,Premium,33.27
3033,11/02/2022,US,19.0,M,basic,11.53
3034,16/02/2022,France,34.0,M,Premium,30.7
3035,09/02/2022,US,54.0,M,Premium,34.27
3036,21/05/2022,United Kingdom,,M,Premium,39.14
3037,01/01/2024,France,42.0,M,basic,12.38
3038,08/12/2022,Australia,47.0,M,Premium,39.1
3039,03/04/2024,Mexico,46.0,M,basic,14.08
3040,01/05/2023,Mexico,37.0,Other,ENTERPRISE,198.41
3041,16/06/2023,US,38.0,F,Premium,39.47
3042,13/04/2023,Germany,70.0,M,basic,13.52
3043,02/06/2022,Australia,39.0,F,ENTERPRISE,187.11
3044,13/09/2023,USA,52.0,F,Premium,37.47
3045,12/06/2023,UK,54.0,F,Premium,37.02
3046,24/05/2022,UK,33.0,M,basic,13.57
3047,02/12/2022,Germany,67.0,M,ENTERPRISE,172.09
3048,20/09/2023,Spain,66.0,F,Premium,33.78
3049,23/11/2022,USA,60.0,M,Premium,34.23
3050,16/06/2022,United Kingdom,34.0,F,ENTERPRISE,129.4
3051,07/02/2023,Germany,33.0,F,basic,10.73
3052,24/09/2023,Australia,19.0,Other,basic,12.28
3053,28/01/2024,UK,21.0,M,basic,14.49
3054,12/05/2024,Brazil,38.0,M,basic,13.25
3055,03/11/2022,UK,56.0,M,Premium,30.55
3056,31/08/2023,UK,51.0,F,basic,14.05
3057,11/12/2022,Australia,47.0,M,basic,14.67
3058,04/06/2023,Britain,23.0,F,basic,14.14
3059,28/04/2024,Germany,34.0,M,basic,13.63
3060,06/06/2023,United States,,M,basic,10.74
3061,30/06/2023,United Kingdom,42.0,M,basic,11.73
3062,17/05/2023,UK,22.0,F,basic,12.82
3063,27/12/2023,Mexico,22.0,F,Premium,30.76
3064,31/07/2023,Brazil,37.0,M,Premium,31.05
3065,03/11/2022,US,33.0,F,basic,14.66
3066,02/05/2023,Germany,68.0,F,basic,13.5
3067,15/04/2024,Canada,58.0,F,basic,11.37
3068,18/01/2022,Australia,54.0,F,basic,11.63
3069,13/01/2023,Britain,57.0,M,ENTERPRISE,138.43
3070,06/12/2022,Mexico,26.0,M,basic,10.37
3071,21/11/2023,Germany,22.0,F,basic,13.69
3072,23/04/2022,United Kingdom,59.0,M,basic,10.87
3073,03/03/2023,Brazil,19.0,M,ENTERPRISE,180.5
3074,21/08/2023,Britain,26.0,M,basic,14.22
3075,12/11/2022,United Kingdom,60.0,F,basic,13.18
3076,26/03/2024,Mexico,53.0,M,basic,13.84
3077,13/01/2024,Germany,39.0,F,basic,10.85
3078,12/06/2024,United States,,M,Premium,35.75
3079,06/12/2023,Mexico,39.0,Other,basic,13.37
3080,07/10/2023,Canada,51.0,M,Premium,36.61
3081,28/01/2022,United Kingdom,46.0,F,basic,10.58
3082,04/09/2023,Britain,55.0,F,basic,11.71
3083,01/05/2023,Britain,63.0,F,basic,11.62
3084,29/09/2022,United Kingdom,50.0,M,Premium,35.72
3085,03/11/2023,Italy,35.0,F,basic,13.82
3086,12/03/2024,Germany,24.0,M,basic,12.84
3087,05/03/2024,Italy,,M,basic,13.76
3088,16/08/2023,Spain,50.0,F,Premium,30.98
3089,15/08/2023,Germany,18.0,F,Premium,38.77
3090,22/08/2022,United Kingdom,41.0,F,Premium,35.36
3091,09/01/2024,USA,21.0,F,basic,10.18
3092,22/02/2022,Brazil,21.0,M,basic,13.21
3093,21/08/2023,United Kingdom,35.0,F,basic,12.58
3094,07/05/2023,Italy,44.0,M,basic,11.09
3095,24/06/2022,United States,60.0,F,Premium,37.63
3096,21/06/2023,Brazil,49.0,F,Premium,39.33
3097,07/10/2023,United Kingdom,50.0,F,Premium,33.22
3098,09/01/2024,United Kingdom,45.0,M,basic,12.46
3099,27/09/2023,United States,59.0,F,Premium,31.27
3100,04/03/2024,United Kingdom,58.0,M,ENTERPRISE,192.97
3101,11/05/2024,Brazil,53.0,M,basic,11.58
3102,25/01/2023,UK,23.0,M,basic,10.96
3103,01/06/2022,USA,33.0,F,basic,12.38
3104,21/04/2024,US,51.0,M,basic,10.21
3105,29/11/2023,USA,40.0,M,Premium,32.52
3106,06/09/2022,Australia,67.0,M,basic,10.33
3107,02/02/2022,Canada,59.0,M,basic,10.63
3108,10/08/2023,United Kingdom,41.0,F,basic,10.55
3109,19/12/2023,UK,66.0,F,basic,14.35
3110,23/04/2022,Germany,30.0,M,basic,14.64
3111,15/07/2022,United Kingdom,35.0,F,ENTERPRISE,147.44
3112,20/01/2022,Italy,30.0,F,basic,13.14
3113,28/03/2023,Mexico,66.0,F,Premium,36.95
3114,18/11/2022,UK,54.0,F,Premium,33.9
3115,05/03/2023,United States,60.0,M,basic,11.84
3116,05/06/2022,UK,56.0,F,ENTERPRISE,167.55
3117,27/02/2023,Australia,59.0,M,basic,11.87
3118,09/12/2023,United States,34.0,M,Premium,35.8
3119,28/07/2022,Spain,32.0,F,Premium,35.14
3120,25/02/2023,US,35.0,F,basic,12.61
3121,29/05/2023,France,40.0,M,basic,14.14
3122,04/03/2024,Brazil,68.0,M,Premium,37.03
3123,19/09/2023,UK,47.0,F,basic,14.79
3124,28/04/2023,Brazil,51.0,,basic,13.94
3125,12/06/2024,Britain,,F,Premium,31.45
3126,18/05/2024,Italy,20.0,M,Premium,37.37
3127,24/01/2024,United Kingdom,24.0,F,basic,13.32
3128,15/01/2024,Italy,35.0,M,basic,13.22
3129,05/03/2022,Brazil,59.0,M,basic,12.39
3130,24/12/2023,USA,24.0,M,basic,10.3
3131,22/05/2022,France,57.0,F,basic,14.75
3132,16/06/2023,USA,,,ENTERPRISE,185.18
3133,01/08/2022,Spain,39.0,F,basic,12.42
3134,29/07/2023,France,18.0,F,basic,10.78
3135,29/11/2022,France,21.0,M,Premium,38.23
3136,10/11/2023,USA,63.0,M,basic,12.14
3137,05/05/2023,United States,66.0,M,basic,11.94
3138,23/06/2023,Australia,69.0,F,Premium,36.64
3139,21/01/2023,Brazil,67.0,F,Premium,37.58
3140,18/11/2022,USA,60.0,Other,Premium,30.62
3141,27/06/2022,Italy,46.0,F,Premium,37.67
3142,16/04/2023,United States,,F,basic,13.66
3143,30/06/2023,Italy,43.0,F,Premium,35.88
3144,17/12/2022,Australia,,F,basic,11.68
3145,14/07/2023,Spain,26.0,F,basic,10.81
3146,29/12/2022,United Kingdom,64.0,F,basic,10.5
3147,24/11/2023,Australia,29.0,F,basic,10.0
3148,01/03/2024,Canada,59.0,F,basic,11.02
3149,07/06/2024,Germany,68.0,M,basic,12.05
3150,09/01/2024,United States,68.0,M,basic,11.21
3151,29/11/2023,Spain,23.0,M,basic,11.53
3152,21/10/2023,Canada,37.0,M,Premium,33.89
3153,02/04/2024,Britain,41.0,F,Premium,33.07
3154,11/12/2023,Spain,44.0,M,basic,13.61
3155,28/09/2022,USA,55.0,M,basic,12.45
3156,17/09/2023,USA,25.0,M,basic,10.09
3157,11/05/2023,Australia,18.0,F,basic,11.12
3158,16/07/2022,Germany,66.0,M,Premium,37.09
3159,10/09/2022,Spain,66.0,M,basic,11.49
3160,13/10/2022,Brazil,41.0,M,basic,14.59
3161,26/07/2023,US,64.0,M,basic,13.55
3162,02/11/2022,United Kingdom,24.0,F,Premium,32.89
3163,19/08/2022,Australia,36.0,M,basic,12.57
3164,01/11/2022,USA,39.0,F,Premium,36.66
3165,29/02/2024,Germany,52.0,,basic,10.96
3166,23/10/2022,United Kingdom,47.0,Other,Premium,32.45
3167,23/12/2023,Spain,46.0,M,ENTERPRISE,150.7
3168,01/08/2022,Brazil,39.0,M,basic,14.61
3169,08/12/2023,Spain,28.0,M,Premium,33.43
3170,23/12/2023,France,37.0,M,Premium,34.01
3171,16/05/2023,Germany,46.0,F,Premium,31.9
3172,21/11/2022,Canada,68.0,M,Premium,35.92
3173,07/05/2023,USA,58.0,M,basic,13.69
3174,24/12/2022,Brazil,59.0,F,basic,12.19
3175,28/07/2023,US,51.0,F,ENTERPRISE,175.01
3176,25/03/2024,Spain,18.0,M,basic,11.5
3177,09/01/2024,US,48.0,M,ENTERPRISE,170.69
3178,08/10/2022,Spain,,,basic,11.28
3179,22/10/2022,USA,65.0,F,basic,13.89
3180,05/05/2022,United Kingdom,35.0,F,Premium,38.3
3181,11/08/2023,UK,34.0,F,Premium,37.97
3182,24/11/2023,United Kingdom,55.0,F,basic,11.07
3183,11/07/2023,Spain,31.0,F,basic,13.46
3184,24/01/2023,Italy,40.0,M,Premium,35.38
3185,09/02/2023,Mexico,42.0,M,ENTERPRISE,198.59
3186,18/04/2024,UK,32.0,F,Premium,33.61
3187,20/12/2022,Canada,63.0,F,basic,13.85
3188,02/03/2024,UK,39.0,M,basic,11.84
3189,03/04/2024,US,20.0,F,ENTERPRISE,139.68
3190,30/05/2022,Germany,36.0,F,basic,10.54
3191,25/10/2022,US,61.0,M,basic,11.19
3192,13/02/2022,Australia,51.0,F,basic,10.81
3193,22/10/2022,US,52.0,M,basic,10.79
3194,02/01/2024,Canada,67.0,F,basic,10.04
3195,22/03/2022,Italy,18.0,M,basic,13.96
3196,21/12/2022,United Kingdom,69.0,F,Premium,34.67
3197,29/03/2023,United Kingdom,38.0,F,basic,14.01
3198,03/11/2023,Mexico,46.0,M,basic,13.05
3199,20/09/2022,Britain,23.0,F,basic,14.15
3200,05/02/2024,Spain,54.0,F,ENTERPRISE,150.37
3201,06/05/2023,Italy,18.0,F,Premium,30.93
3202,08/08/2022,Britain,68.0,M,basic,13.07
3203,26/07/2022,Australia,18.0,F,basic,13.38
3204,27/04/2024,USA,44.0,M,basic,13.12
3205,06/07/2023,Spain,38.0,M,Premium,38.0
3206,05/10/2022,Spain,70.0,M,basic,13.65
3207,30/07/2023,France,33.0,M,basic,12.15
3208,14/12/2023,France,61.0,F,Premium,38.18
3209,06/10/2022,United States,57.0,M,Premium,36.91
3210,21/05/2022,United States,43.0,M,basic,10.59
3211,22/04/2022,US,33.0,F,basic,12.69
3212,23/09/2023,USA,45.0,F,basic,13.63
3213,29/01/2024,UK,18.0,F,basic,12.76
3214,24/08/2023,Mexico,53.0,M,basic,14.74
3215,03/09/2022,UK,27.0,F,ENTERPRISE,110.14
3216,06/09/2022,Mexico,60.0,M,basic,13.6
3217,21/02/2022,France,34.0,Other,Premium,38.23
3218,17/11/2023,France,40.0,F,basic,13.5
3219,28/06/2023,France,24.0,F,basic,11.92
3220,20/08/2022,Italy,,M,Premium,33.84
3221,16/10/2023,Germany,70.0,M,Premium,35.86
3222,27/08/2022,Mexico,24.0,M,ENTERPRISE,139.7
3223,23/02/2022,United States,61.0,M,basic,14.41
3224,13/04/2022,Italy,32.0,M,basic,10.54
3225,28/02/2023,United Kingdom,51.0,F,basic,13.19
3226,05/12/2022,UK,63.0,M,basic,10.66
3227,05/01/2024,Australia,62.0,F,basic,12.69
3228,29/04/2023,Canada,21.0,M,Premium,37.15
3229,13/04/2022,Spain,31.0,M,basic,10.82
3230,29/11/2023,United States,31.0,F,ENTERPRISE,170.39
3231,29/02/2024,Britain,33.0,F,basic,10.69
3232,21/05/2022,Brazil,,M,Premium,36.2
3233,06/01/2022,United Kingdom,49.0,M,basic,12.52
3234,18/07/2023,Australia,36.0,F,basic,11.48
3235,11/06/2022,United States,19.0,M,Premium,31.11
3236,21/02/2023,Canada,27.0,M,basic,13.67
3237,31/10/2023,Italy,67.0,F,Premium,33.81
3238,20/06/2024,USA,34.0,M,basic,10.42
3239,18/06/2024,Spain,54.0,,Premium,37.72
3240,03/05/2023,United States,29.0,F,Premium,32.32
3241,04/05/2023,Germany,23.0,F,basic,13.67
3242,29/10/2023,France,39.0,M,basic,12.81
3243,24/07/2022,France,49.0,F,basic,10.96
3244,14/02/2024,Spain,58.0,M,basic,10.37
3245,22/10/2022,Canada,37.0,F,basic,12.96
3246,25/11/2022,Mexico,18.0,F,basic,10.12
3247,20/10/2022,Australia,64.0,M,basic,10.32
3248,24/10/2023,Italy,70.0,M,ENTERPRISE,170.21
3249,02/03/2022,France,23.0,M,basic,12.68
3250,27/02/2024,United States,36.0,F,ENTERPRISE,132.62
3251,02/04/2022,Britain,35.0,F,basic,12.69
3252,30/10/2023,UK,23.0,M,Premium,35.91
3253,11/08/2023,Mexico,62.0,M,basic,12.82
3254,26/08/2022,UK,50.0,M,basic,13.2
3255,02/07/2023,United Kingdom,,M,Premium,39.39
3256,27/01/2024,Australia,40.0,M,ENTERPRISE,138.87
3257,11/01/2024,US,43.0,F,basic,11.5
3258,20/05/2024,Mexico,30.0,F,ENTERPRISE,103.83
3259,08/02/2022,USA,24.0,Other,Premium,31.46
3260,29/06/2022,Spain,32.0,F,ENTERPRISE,110.61
3261,04/03/2023,United Kingdom,61.0,F,basic,11.67
3262,22/06/2024,US,44.0,F,ENTERPRISE,160.99
3263,07/05/2024,Italy,43.0,F,Premium,30.45
3264,30/06/2022,Mexico,50.0,M,basic,13.63
3265,07/02/2022,Germany,32.0,M,basic,11.98
3266,06/05/2024,Germany,53.0,M,basic,14.81
3267,11/02/2023,USA,62.0,F,basic,12.83
3268,17/03/2024,Australia,44.0,F,Premium,37.7
3269,23/05/2023,France,22.0,M,Premium,38.6
3270,10/07/2022,United States,19.0,F,Premium,38.88
3271,06/02/2024,United Kingdom,50.0,F,basic,12.58
3272,12/06/2024,Brazil,33.0,M,basic,11.97
3273,24/10/2022,Mexico,40.0,M,basic,12.79
3274,16/06/2024,United Kingdom,55.0,M,Premium,34.01
3275,08/02/2022,Mexico,33.0,M,basic,11.19
3276,10/01/2022,Spain,31.0,F,basic,11.61
3277,02/11/2022,Mexico,46.0,F,basic,11.15
3278,05/08/2023,Spain,43.0,F,basic,11.34
3279,10/09/2023,Mexico,52.0,F,basic,10.46
3280,20/04/2022,Germany,32.0,F,basic,12.12
3281,10/12/2022,Germany,20.0,F,ENTERPRISE,123.52
3282,19/10/2022,Australia,40.0,F,basic,12.23
3283,11/04/2023,Canada,46.0,F,Premium,37.91
3284,19/10/2023,Britain,51.0,,basic,12.23
3285,11/07/2023,Britain,50.0,M,Premium,39.54
3286,21/06/2023,Canada,58.0,F,basic,10.73
3287,21/05/2023,France,58.0,,Premium,38.49
3288,29/06/2024,Britain,40.0,F,Premium,32.47
3289,18/05/2022,Australia,24.0,M,basic,14.66
3290,21/05/2024,Brazil,20.0,M,ENTERPRISE,122.7
3291,01/06/2023,Brazil,49.0,Other,basic,13.72
3292,25/04/2023,United States,48.0,M,Premium,30.61
3293,07/10/2022,United States,35.0,M,basic,13.14
3294,17/07/2022,Brazil,60.0,M,ENTERPRISE,121.86
3295,08/04/2024,United Kingdom,24.0,F,Premium,36.69
3296,26/04/2022,UK,58.0,F,basic,13.17
3297,05/12/2022,Canada,18.0,F,basic,14.61
3298,16/06/2022,United States,31.0,F,Premium,36.26
3299,19/01/2024,US,69.0,M,Premium,34.07
3300,15/04/2023,Germany,49.0,M,ENTERPRISE,119.35
3301,26/10/2023,Spain,23.0,M,basic,13.28
3302,21/09/2022,Australia,56.0,F,basic,10.57
3303,06/01/2024,Brazil,27.0,F,basic,14.13
3304,10/07/2022,Britain,24.0,M,basic,11.23
3305,15/01/2022,Canada,43.0,M,basic,12.61
3306,25/01/2024,United Kingdom,51.0,M,basic,12.97
3307,12/12/2022,Brazil,47.0,F,basic,11.8
3308,20/03/2024,USA,53.0,M,basic,13.31
3309,30/10/2022,Spain,38.0,M,basic,11.24
3310,05/08/2023,US,34.0,M,Premium,30.34
3311,22/11/2023,Britain,50.0,F,basic,14.79
3312,15/02/2024,US,27.0,F,basic,11.59
3313,17/07/2022,Germany,68.0,M,basic,13.56
3314,29/06/2022,Brazil,64.0,F,basic,12.53
3315,18/09/2023,Mexico,,F,ENTERPRISE,166.89
3316,26/05/2024,Germany,68.0,Other,basic,10.54
3317,17/10/2023,Australia,29.0,M,Premium,35.18
3318,20/02/2023,France,33.0,F,basic,11.95
3319,26/04/2024,United Kingdom,58.0,F,Premium,34.51
3320,14/03/2023,Spain,49.0,M,basic,14.82
3321,12/06/2023,Italy,32.0,F,basic,10.67
3322,02/12/2022,Italy,44.0,M,Premium,37.54
3323,30/03/2022,Spain,45.0,M,basic,11.64
3324,15/02/2023,USA,34.0,M,Premium,32.89
3325,17/11/2023,Australia,63.0,M,basic,11.34
3326,08/04/2022,United Kingdom,67.0,M,Premium,33.48
3327,09/07/2022,US,19.0,M,ENTERPRISE,135.7
3328,24/05/2022,USA,53.0,F,ENTERPRISE,127.06
3329,04/05/2023,UK,,F,basic,13.33
3330,28/11/2022,Spain,24.0,M,basic,10.23
3331,12/09/2022,US,30.0,F,ENTERPRISE,133.22
3332,07/01/2022,Italy,32.0,F,Premium,32.79
3333,25/09/2022,United States,42.0,M,basic,13.75
3334,28/01/2023,Canada,40.0,M,basic,10.72
3335,30/08/2022,France,39.0,F,basic,14.69
3336,03/04/2023,Italy,43.0,F,ENTERPRISE,117.04
3337,11/02/2024,United Kingdom,50.0,M,basic,11.84
3338,01/10/2022,Mexico,28.0,M,basic,10.99
3339,04/12/2022,Germany,27.0,F,Premium,32.86
3340,06/11/2022,Canada,,Other,ENTERPRISE,176.09
3341,20/08/2023,Canada,54.0,M,Premium,34.75
3342,11/01/2024,United States,65.0,Other,basic,10.8
3343,10/08/2023,France,60.0,M,basic,10.22
3344,12/01/2022,Brazil,70.0,M,ENTERPRISE,122.98
3345,25/09/2022,France,55.0,M,Premium,39.45
3346,01/11/2023,UK,58.0,F,Premium,38.44
3347,04/01/2023,UK,62.0,M,Premium,34.39
3348,11/12/2023,Britain,41.0,M,basic,12.4
3349,30/08/2022,Italy,57.0,F,Premium,38.98
3350,05/03/2022,Italy,63.0,Other,basic,12.95
3351,15/11/2023,Italy,50.0,M,basic,14.39
3352,02/05/2022,Britain,34.0,M,Premium,34.91
3353,22/04/2023,Australia,41.0,F,basic,10.99
3354,11/11/2022,USA,54.0,F,basic,13.62
3355,13/06/2022,Mexico,19.0,M,basic,12.62
3356,20/02/2023,Mexico,49.0,F,basic,13.33
3357,04/12/2023,France,41.0,M,Premium,31.56
3358,30/05/2023,United States,26.0,F,Premium,36.47
3359,28/06/2024,United Kingdom,21.0,M,basic,11.9
3360,22/12/2023,France,34.0,F,basic,11.65
3361,28/02/2024,UK,,M,basic,13.35
3362,15/11/2022,Canada,70.0,F,basic,12.95
3363,08/12/2023,US,67.0,,Premium,36.48
3364,01/05/2022,Germany,65.0,,basic,14.82
3365,17/10/2023,Britain,47.0,F,Premium,37.0
3366,30/10/2022,Spain,57.0,M,basic,13.19
3367,12/01/2023,US,28.0,F,basic,13.06
3368,22/09/2023,United Kingdom,38.0,Other,basic,11.98
3369,15/08/2022,Italy,38.0,F,basic,14.19
3370,13/08/2022,UK,35.0,F,Premium,33.8
3371,17/05/2022,Brazil,46.0,F,basic,13.49
3372,05/05/2023,UK,41.0,M,basic,11.46
3373,06/06/2022,UK,27.0,M,ENTERPRISE,114.77
3374,11/04/2023,Italy,62.0,F,Premium,31.29
3375,05/02/2024,Spain,34.0,F,basic,13.16
3376,13/09/2023,Britain,35.0,F,ENTERPRISE,132.79
3377,18/01/2023,US,59.0,F,basic,11.37
3378,02/03/2023,Italy,65.0,M,Premium,35.91
3379,20/12/2023,United Kingdom,37.0,M,basic,10.12
3380,17/07/2023,Britain,54.0,M,Premium,32.45
3381,28/04/2023,United Kingdom,62.0,F,basic,11.69
3382,15/02/2024,Britain,35.0,M,basic,13.53
3383,05/07/2023,Spain,34.0,M,Premium,35.44
3384,01/04/2024,Germany,26.0,F,Premium,38.55
3385,12/11/2023,United Kingdom,31.0,F,Premium,33.34
3386,25/04/2024,Italy,66.0,F,Premium,32.95
3387,12/08/2022,Britain,46.0,Other,basic,10.16
3388,20/02/2024,Mexico,48.0,F,basic,14.75
3389,11/09/2022,UK,21.0,M,Premium,35.0
3390,28/11/2023,Australia,35.0,F,Premium,35.02
3391,12/02/2024,France,37.0,M,basic,14.61
3392,03/09/2023,Brazil,64.0,F,basic,11.44
3393,13/06/2024,UK,60.0,F,basic,11.65
3394,17/03/2024,USA,61.0,F,ENTERPRISE,165.62
3395,25/03/2022,Germany,26.0,M,basic,13.92
3396,23/06/2023,Germany,30.0,M,basic,13.49
3397,03/04/2023,UK,32.0,F,basic,13.93
3398,25/06/2023,Brazil,44.0,M,Premium,35.74
3399,22/12/2023,Mexico,32.0,Other,Premium,38.62
3400,06/01/2023,US,45.0,F,Premium,35.49
3401,21/03/2022,Spain,54.0,F,Premium,32.28
3402,01/08/2023,United Kingdom,36.0,F,basic,12.7
3403,25/04/2022,Italy,43.0,F,basic,13.55
3404,05/03/2022,Germany,69.0,M,Premium,36.53
3405,28/04/2024,UK,,M,basic,11.21
3406,15/07/2023,UK,42.0,F,basic,10.2
3407,02/06/2023,Spain,43.0,F,Premium,32.51
3408,27/07/2022,Mexico,43.0,F,Premium,39.83
3409,10/08/2023,Spain,63.0,Other,ENTERPRISE,118.44
3410,04/07/2023,United States,45.0,M,ENTERPRISE,146.43
3411,03/06/2022,Mexico,66.0,M,basic,13.18
3412,18/06/2022,United States,35.0,M,ENTERPRISE,187.94
3413,02/12/2022,US,49.0,F,basic,13.79
3414,24/05/2024,Australia,70.0,M,Premium,39.08
3415,17/06/2023,Australia,20.0,M,basic,13.01
3416,29/03/2023,US,19.0,F,basic,14.32
3417,30/04/2022,USA,50.0,M,ENTERPRISE,126.37
3418,28/11/2023,Mexico,59.0,,basic,12.14
3419,30/07/2022,US,36.0,F,Premium,38.43
3420,05/01/2024,Britain,34.0,M,basic,11.62
3421,21/08/2023,Spain,61.0,M,basic,14.35
3422,16/05/2023,Brazil,50.0,F,basic,11.81
3423,04/04/2022,Australia,29.0,M,Premium,33.62
3424,07/06/2023,Mexico,66.0,M,basic,11.54
3425,02/04/2023,Italy,20.0,M,basic,12.72
3426,08/04/2024,Britain,60.0,M,Premium,31.28
3427,26/02/2022,United Kingdom,66.0,F,basic,10.17
3428,10/04/2023,UK,43.0,M,basic,14.48
3429,16/05/2022,US,52.0,F,ENTERPRISE,192.88
3430,10/06/2023,Brazil,25.0,M,basic,10.37
3431,02/03/2023,UK,69.0,F,basic,12.74
3432,13/04/2023,Mexico,53.0,F,Premium,35.39
3433,01/08/2023,Germany,70.0,F,Premium,33.71
3434,01/03/2022,USA,24.0,F,Premium,35.68
3435,27/07/2023,Germany,63.0,M,ENTERPRISE,145.8
3436,19/04/2023,USA,63.0,F,basic,12.44
3437,20/11/2023,United States,53.0,M,ENTERPRISE,175.52
3438,06/04/2024,UK,33.0,M,ENTERPRISE,152.59
3439,12/11/2022,USA,41.0,F,Premium,33.23
3440,11/01/2024,Canada,18.0,M,basic,12.9
3441,23/01/2022,Australia,66.0,F,Premium,36.4
3442,10/02/2023,Canada,42.0,M,basic,13.3
3443,18/09/2022,Canada,27.0,F,Premium,36.17
3444,16/04/2024,France,33.0,F,basic,13.31
3445,04/01/2022,Australia,,F,Premium,33.09
3446,03/02/2024,Britain,25.0,F,Premium,34.45
3447,12/08/2022,Brazil,46.0,F,basic,13.33
3448,16/08/2023,USA,,F,Premium,37.53
3449,16/03/2022,USA,45.0,M,basic,12.16
3450,16/02/2022,Britain,23.0,F,Premium,33.64
3451,10/03/2023,UK,33.0,M,basic,13.57
3452,19/12/2022,UK,37.0,M,Premium,32.21
3453,19/12/2023,Canada,33.0,M,basic,10.04
3454,07/03/2022,Britain,24.0,M,basic,12.35
3455,09/07/2023,Mexico,58.0,F,basic,10.86
3456,03/03/2022,Australia,31.0,F,Premium,33.77
3457,12/03/2022,Canada,60.0,F,Premium,32.9
3458,29/04/2023,Germany,43.0,F,basic,13.88
3459,02/02/2022,France,43.0,M,basic,11.65
3460,21/10/2022,Italy,31.0,M,basic,13.19
3461,23/02/2023,United Kingdom,24.0,M,ENTERPRISE,167.38
3462,04/07/2022,France,50.0,F,Premium,34.55
3463,27/02/2024,UK,,M,basic,10.4
3464,19/05/2022,Brazil,62.0,F,basic,13.49
3465,24/02/2024,Italy,37.0,F,basic,10.37
3466,19/10/2023,United States,20.0,F,Premium,30.98
3467,17/01/2024,US,69.0,F,basic,10.97
3468,24/10/2023,Brazil,21.0,F,Premium,32.79
3469,07/03/2023,Canada,43.0,M,basic,14.22
3470,19/01/2023,USA,28.0,M,basic,13.36
3471,27/01/2023,Mexico,19.0,F,basic,11.93
3472,05/04/2023,Mexico,31.0,F,Premium,39.78
3473,09/06/2024,Britain,61.0,F,ENTERPRISE,124.35
3474,22/01/2023,Brazil,47.0,M,basic,13.04
3475,20/01/2023,Britain,66.0,F,basic,14.23
3476,24/03/2022,USA,29.0,M,basic,14.0
3477,01/12/2023,Canada,43.0,M,Premium,30.89
3478,09/11/2023,Brazil,61.0,M,Premium,36.96
3479,14/06/2024,US,,M,basic,11.28
3480,07/07/2023,United Kingdom,30.0,M,basic,11.77
3481,17/05/2022,US,31.0,M,Premium,34.88
3482,01/11/2023,Italy,41.0,F,Premium,37.9
3483,30/05/2024,US,51.0,F,basic,10.82
3484,23/12/2022,Mexico,61.0,F,Premium,31.08
3485,02/05/2022,Italy,,M,Premium,31.52
3486,02/07/2022,US,38.0,Other,basic,11.08
3487,05/07/2023,United Kingdom,45.0,M,basic,10.29
3488,07/02/2023,Brazil,65.0,M,basic,14.62
3489,26/06/2023,United Kingdom,,F,Premium,33.18
3490,11/05/2022,UK,57.0,M,Premium,31.76
3491,16/01/2024,USA,19.0,F,ENTERPRISE,163.77
3492,17/08/2022,United Kingdom,59.0,F,basic,13.92
3493,04/05/2024,Italy,,Other,Premium,37.52
3494,04/01/2022,United Kingdom,40.0,F,basic,13.58
3495,14/02/2024,UK,32.0,F,basic,10.24
3496,24/01/2022,Britain,30.0,M,Premium,37.81
3497,02/11/2022,Italy,40.0,F,ENTERPRISE,150.18
3498,20/04/2023,UK,34.0,M,basic,13.24
3499,21/11/2023,Mexico,65.0,F,ENTERPRISE,195.63
3500,07/01/2024,Germany,19.0,F,basic,14.04
3501,12/07/2023,Germany,37.0,M,basic,14.12
3502,11/03/2023,United States,37.0,F,basic,10.9
3503,29/06/2023,US,63.0,M,Premium,34.75
3504,24/01/2023,USA,20.0,M,basic,14.74
3505,23/04/2024,Spain,29.0,F,basic,12.9
3506,24/08/2022,France,57.0,M,basic,10.5
3507,11/09/2022,UK,,,Premium,37.31
3508,17/04/2023,Britain,53.0,M,basic,10.2
3509,21/12/2022,France,31.0,F,basic,13.7
3510,08/06/2022,Britain,33.0,M,Premium,38.79
3511,10/10/2022,Mexico,36.0,M,Premium,34.24
3512,13/07/2022,Australia,51.0,F,basic,12.06
3513,15/06/2024,Australia,61.0,M,basic,11.51
3514,13/01/2024,Australia,63.0,M,Premium,38.76
3515,23/02/2024,France,,F,basic,12.73
3516,26/04/2022,UK,30.0,F,Premium,35.78
3517,02/02/2022,Spain,53.0,F,basic,13.3
3518,08/04/2024,France,39.0,M,basic,11.49
3519,08/11/2023,UK,35.0,F,basic,12.15
3520,06/03/2023,United Kingdom,29.0,F,ENTERPRISE,174.15
3521,22/09/2023,Mexico,69.0,M,ENTERPRISE,198.54
3522,24/02/2024,Spain,47.0,M,ENTERPRISE,103.42
3523,23/06/2024,Australia,70.0,Other,basic,10.2
3524,29/06/2024,Italy,68.0,F,Premium,34.27
3525,17/01/2022,Mexico,57.0,F,basic,13.29
3526,04/09/2022,Britain,24.0,F,Premium,33.85
3527,31/07/2022,Australia,49.0,F,basic,14.99
3528,10/03/2022,Germany,65.0,F,Premium,31.94
3529,14/04/2022,US,36.0,M,ENTERPRISE,100.78
3530,01/09/2023,Germany,23.0,M,basic,10.94
3531,04/02/2022,Australia,37.0,F,basic,14.42
3532,03/04/2023,Mexico,44.0,F,basic,10.72
3533,05/09/2023,Spain,70.0,F,basic,12.38
3534,20/11/2023,Italy,60.0,Other,basic,12.09
3535,22/12/2023,Britain,,F,Premium,36.65
3536,12/06/2024,Italy,65.0,M,basic,10.26
3537,19/02/2022,France,24.0,F,Premium,36.58
3538,08/09/2022,Brazil,,M,basic,11.76
3539,29/01/2024,Britain,28.0,M,basic,14.62
3540,15/02/2022,Australia,32.0,M,basic,14.23
3541,16/02/2023,France,20.0,F,basic,11.99
3542,26/03/2023,Brazil,22.0,Other,Premium,39.92
3543,28/08/2022,UK,40.0,M,basic,10.25
3544,07/07/2023,Spain,70.0,M,Premium,37.88
3545,11/08/2022,Canada,54.0,F,basic,12.16
3546,12/02/2024,UK,26.0,F,ENTERPRISE,143.32
3547,03/06/2024,United States,32.0,F,Premium,31.69
3548,05/03/2024,Italy,20.0,F,basic,12.56
3549,27/02/2022,Canada,46.0,F,basic,10.41
3550,24/05/2022,France,23.0,M,basic,13.07
3551,31/05/2023,United Kingdom,34.0,M,Premium,32.41
3552,24/10/2022,UK,43.0,M,basic,13.61
3553,28/08/2022,United States,38.0,F,Premium,36.06
3554,15/04/2024,USA,25.0,M,basic,13.72
3555,20/01/2024,Canada,38.0,F,basic,13.74
3556,13/08/2023,Germany,28.0,M,basic,10.97
3557,23/11/2022,Britain,55.0,M,basic,9.99
3558,15/08/2023,United States,25.0,M,Premium,33.65
3559,05/09/2023,Spain,59.0,M,basic,14.59
3560,02/03/2024,Canada,41.0,M,Premium,35.77
3561,20/11/2023,UK,52.0,F,Premium,37.27
3562,18/04/2024,Spain,31.0,M,basic,14.39
3563,25/11/2022,Germany,31.0,F,basic,14.52
3564,31/08/2022,United Kingdom,27.0,M,basic,12.64
3565,06/11/2022,Italy,29.0,F,Premium,35.4
3566,16/06/2024,Italy,55.0,F,basic,14.24
3567,27/05/2022,Australia,61.0,Other,basic,14.03
3568,08/11/2023,Spain,63.0,M,basic,13.48
3569,18/06/2023,Mexico,51.0,M,basic,13.01
3570,15/08/2022,France,58.0,F,ENTERPRISE,161.71
3571,28/02/2023,United Kingdom,27.0,,Premium,33.62
3572,04/11/2022,Italy,34.0,F,basic,14.19
3573,09/10/2022,United Kingdom,34.0,M,Premium,36.17
3574,04/03/2022,United States,20.0,F,ENTERPRISE,122.34
3575,25/07/2023,United Kingdom,48.0,M,basic,11.19
3576,29/08/2023,US,68.0,F,Premium,38.61
3577,19/06/2024,Germany,18.0,F,basic,13.12
3578,23/01/2024,Italy,29.0,M,Premium,33.98
3579,29/06/2022,United Kingdom,56.0,M,Premium,31.86
3580,04/10/2023,Spain,21.0,M,ENTERPRISE,161.01
3581,27/11/2023,USA,59.0,F,basic,10.91
3582,14/03/2023,US,30.0,M,Premium,34.69
3583,24/07/2023,US,51.0,M,basic,13.38
3584,23/05/2023,France,59.0,F,basic,12.82
3585,18/02/2022,United Kingdom,38.0,M,ENTERPRISE,192.2
3586,19/12/2022,Australia,39.0,M,Premium,30.39
3587,21/10/2023,France,21.0,M,basic,11.39
3588,19/11/2023,Brazil,35.0,F,Premium,30.56
3589,26/01/2023,France,22.0,Other,basic,10.96
3590,15/03/2024,USA,36.0,M,basic,10.61
3591,22/06/2023,United States,19.0,F,Premium,37.32
3592,23/11/2022,United Kingdom,29.0,M,basic,11.84
3593,15/12/2023,UK,34.0,M,basic,14.62
3594,03/03/2023,Italy,27.0,F,Premium,30.22
3595,23/02/2023,France,51.0,M,basic,13.25
3596,02/06/2022,Germany,23.0,F,basic,14.84
3597,04/11/2022,Britain,25.0,F,basic,10.87
3598,21/01/2023,Germany,68.0,F,ENTERPRISE,144.23
3599,08/07/2022,USA,28.0,M,Premium,37.01
3600,12/02/2024,USA,29.0,M,basic,13.16
3601,05/07/2023,Spain,26.0,Other,basic,12.82
3602,30/04/2023,Brazil,19.0,M,Premium,33.26
3603,04/09/2022,Brazil,25.0,F,Premium,37.27
3604,19/05/2024,United States,28.0,M,basic,13.26
3605,19/08/2022,Australia,70.0,M,basic,10.8
3606,04/11/2022,Italy,53.0,M,ENTERPRISE,196.4
3607,28/05/2024,Canada,27.0,F,basic,12.77
3608,26/12/2023,France,38.0,F,basic,12.62
3609,28/05/2022,Germany,37.0,M,Premium,38.47
3610,05/04/2024,Britain,65.0,F,basic,13.19
3611,20/04/2023,USA,25.0,M,basic,10.36
3612,01/03/2022,USA,,M,ENTERPRISE,150.65
3613,30/07/2023,United States,46.0,F,basic,13.89
3614,27/02/2023,Britain,59.0,F,basic,13.49
3615,03/03/2023,Mexico,29.0,M,basic,14.84
3616,25/07/2023,Britain,31.0,M,Premium,30.24
3617,27/06/2023,United States,65.0,Other,Premium,32.6
3618,18/05/2022,USA,67.0,F,basic,12.74
3619,02/02/2023,Italy,38.0,F,Premium,36.18
3620,06/09/2022,United Kingdom,39.0,M,basic,11.36
3621,19/09/2022,United Kingdom,38.0,F,basic,14.12
3622,28/07/2022,United States,61.0,M,Premium,31.63
3623,05/12/2022,Britain,67.0,Other,basic,9.99
3624,25/10/2023,France,47.0,M,ENTERPRISE,195.23
3625,22/03/2022,United States,,M,Premium,33.91
3626,06/04/2023,Italy,37.0,M,basic,14.78
3627,17/05/2024,United States,41.0,F,Premium,32.77
3628,15/01/2023,US,40.0,F,basic,10.31
3629,05/04/2022,Brazil,24.0,M,Premium,37.72
3630,03/07/2023,Germany,26.0,F,basic,14.17
3631,12/01/2024,Britain,18.0,F,basic,12.45
3632,29/04/2024,Australia,43.0,M,Premium,30.73
3633,15/07/2022,Spain,55.0,F,Premium,36.53
3634,22/02/2022,Spain,55.0,F,basic,10.9
3635,02/10/2022,Britain,61.0,M,basic,14.24
3636,22/01/2023,Australia,39.0,M,basic,11.36
3637,21/11/2023,Canada,61.0,M,basic,14.23
3638,12/09/2023,Italy,27.0,M,basic,12.12
3639,10/09/2023,US,23.0,M,Premium,35.95
3640,10/02/2022,US,34.0,F,basic,13.94
3641,13/06/2024,USA,,F,ENTERPRISE,104.03
3642,16/03/2022,Germany,67.0,M,basic,14.1
3643,12/07/2022,United Kingdom,55.0,F,Premium,31.38
3644,03/04/2024,UK,41.0,F,basic,11.78
3645,19/02/2024,Italy,68.0,F,Premium,34.72
3646,25/08/2023,UK,27.0,M,basic,14.47
3647,12/01/2024,Mexico,25.0,F,Premium,30.21
3648,19/11/2023,UK,38.0,F,basic,12.79
3649,27/07/2023,Britain,23.0,F,basic,13.2
3650,11/08/2022,Spain,38.0,M,basic,11.57
3651,06/05/2023,Spain,56.0,M,basic,11.44
3652,02/08/2022,United Kingdom,41.0,F,Premium,34.89
3653,09/06/2024,Britain,50.0,M,basic,10.93
3654,07/12/2022,UK,35.0,,Premium,34.67
3655,07/11/2022,Australia,45.0,F,basic,13.82
3656,16/01/2022,Mexico,69.0,M,basic,14.22
3657,05/08/2022,Canada,49.0,F,Premium,33.84
3658,14/07/2022,Brazil,29.0,M,Premium,36.16
3659,30/01/2024,France,65.0,M,basic,9.99
3660,01/05/2022,Spain,59.0,F,Premium,35.49
3661,04/02/2024,Italy,44.0,F,Premium,39.74
3662,12/02/2024,Australia,,M,Premium,33.11
3663,06/05/2023,Italy,63.0,F,basic,12.96
3664,06/09/2022,USA,69.0,M,Premium,37.61
3665,14/12/2023,United States,59.0,M,basic,13.03
3666,11/09/2023,France,49.0,M,Premium,34.17
3667,22/12/2023,Spain,59.0,M,basic,10.75
3668,29/07/2022,Mexico,43.0,F,Premium,34.63
3669,11/02/2023,US,42.0,F,Premium,32.94
3670,03/09/2022,Spain,28.0,F,basic,13.47
3671,20/07/2023,Australia,40.0,F,basic,12.2
3672,26/11/2022,USA,51.0,M,Premium,38.49
3673,05/03/2024,Italy,69.0,M,basic,10.96
3674,17/10/2022,UK,57.0,F,basic,12.08
3675,25/01/2023,US,40.0,F,basic,12.78
3676,23/04/2023,Britain,46.0,F,Premium,31.25
3677,01/07/2023,Germany,48.0,M,Premium,35.87
3678,27/10/2023,UK,24.0,M,Premium,32.9
3679,03/01/2023,Germany,,M,basic,11.14
3680,12/11/2022,France,50.0,M,basic,10.7
3681,25/09/2022,Canada,,M,basic,11.74
3682,04/01/2023,United States,19.0,F,ENTERPRISE,192.89
3683,10/06/2023,Canada,35.0,M,basic,10.15
3684,22/06/2024,US,64.0,F,basic,14.25
3685,25/05/2023,United Kingdom,,F,Premium,33.96
3686,23/04/2023,US,54.0,M,Premium,35.61
3687,11/04/2022,Canada,51.0,F,basic,12.55
3688,02/04/2024,Spain,37.0,,basic,14.62
3689,10/01/2024,Australia,52.0,F,basic,13.84
3690,26/04/2023,Italy,68.0,F,Premium,39.84
3691,19/02/2024,Spain,67.0,F,basic,13.96
3692,09/05/2024,Spain,35.0,F,Premium,32.95
3693,24/11/2022,Australia,63.0,M,basic,14.8
3694,28/07/2022,Australia,41.0,F,Premium,39.83
3695,15/01/2023,France,25.0,F,basic,10.61
3696,17/11/2022,UK,47.0,F,basic,14.5
3697,28/02/2023,United Kingdom,61.0,F,Premium,36.63
3698,16/02/2022,United Kingdom,70.0,F,Premium,39.21
3699,31/07/2023,Spain,27.0,F,Premium,39.15
3700,03/06/2024,Germany,40.0,M,Premium,38.9
3701,15/08/2022,France,69.0,M,basic,14.42
3702,30/01/2024,Mexico,66.0,F,basic,10.58
3703,30/05/2022,Spain,28.0,F,basic,10.71
3704,17/01/2022,United States,19.0,Other,ENTERPRISE,111.77
3705,25/09/2022,Italy,43.0,M,basic,10.45
3706,21/07/2023,Australia,53.0,M,basic,11.76
3707,22/08/2023,UK,50.0,F,basic,13.41
3708,17/08/2023,Britain,64.0,F,Premium,33.54
3709,08/01/2024,Australia,30.0,F,Premium,37.19
3710,04/03/2023,United States,57.0,M,ENTERPRISE,182.02
3711,30/10/2022,Germany,42.0,M,basic,13.32
3712,06/06/2022,US,21.0,M,Premium,34.64
3713,20/07/2022,Brazil,59.0,M,basic,11.47
3714,04/12/2022,US,36.0,Other,basic,10.61
3715,24/08/2022,Canada,35.0,M,basic,12.46
3716,24/01/2023,United States,54.0,M,basic,13.59
3717,07/08/2023,Canada,47.0,M,Premium,35.47
3718,03/05/2024,Spain,36.0,M,ENTERPRISE,172.14
3719,09/09/2022,Britain,40.0,F,basic,11.67
3720,27/05/2023,USA,33.0,M,ENTERPRISE,106.67
3721,18/07/2023,Australia,18.0,,basic,13.85
3722,02/11/2023,USA,29.0,Other,basic,11.09
3723,03/12/2023,Germany,41.0,M,basic,13.07
3724,12/12/2022,Spain,51.0,F,basic,14.01
3725,21/09/2022,United Kingdom,70.0,M,basic,10.69
3726,21/02/2024,Australia,25.0,F,Premium,35.97
3727,21/04/2024,Canada,35.0,M,Premium,36.88
3728,16/05/2023,United Kingdom,65.0,M,Premium,37.46
3729,11/01/2024,UK,22.0,F,basic,10.73
3730,20/10/2023,Mexico,43.0,M,Premium,38.24
3731,28/01/2024,Britain,47.0,F,Premium,30.93
3732,18/05/2023,Mexico,30.0,M,ENTERPRISE,151.95
3733,17/04/2023,Britain,36.0,F,basic,12.21
3734,22/06/2022,US,46.0,F,ENTERPRISE,122.17
3735,21/01/2024,France,20.0,M,Premium,33.01
3736,25/03/2024,Australia,43.0,M,Premium,31.63
3737,27/12/2022,Canada,57.0,F,basic,12.12
3738,23/06/2022,Mexico,29.0,F,basic,10.17
3739,24/05/2022,Germany,19.0,M,basic,14.43
3740,08/01/2024,USA,28.0,F,basic,10.81
3741,14/07/2023,Brazil,61.0,M,basic,14.42
3742,16/05/2023,Germany,45.0,M,ENTERPRISE,186.35
3743,08/07/2022,United Kingdom,35.0,F,basic,12.25
3744,29/06/2024,United Kingdom,30.0,F,basic,12.48
3745,10/07/2023,Mexico,,F,basic,11.5
3746,20/10/2023,Brazil,39.0,M,basic,14.97
3747,02/03/2022,United States,29.0,M,basic,13.34
3748,21/06/2023,UK,19.0,F,basic,14.75
3749,04/02/2022,Australia,54.0,M,basic,12.06
3750,09/05/2024,Britain,24.0,M,Premium,38.82
3751,17/05/2024,Italy,43.0,M,basic,12.23
3752,18/03/2022,Canada,43.0,F,Premium,38.66
3753,17/04/2024,Germany,,M,ENTERPRISE,113.08
3754,16/11/2023,Canada,29.0,M,basic,13.17
3755,19/02/2022,United Kingdom,33.0,F,Premium,36.78
3756,22/02/2024,France,40.0,F,basic,13.27
3757,07/01/2022,US,57.0,M,basic,12.23
3758,27/02/2023,USA,26.0,F,basic,13.41
3759,21/05/2022,UK,49.0,M,basic,11.19
3760,12/05/2024,France,32.0,M,ENTERPRISE,159.57
3761,08/10/2023,UK,54.0,F,basic,12.76
3762,25/08/2022,United States,30.0,M,basic,11.58
3763,11/03/2022,Italy,22.0,M,basic,13.88
3764,26/12/2023,Mexico,28.0,F,basic,10.39
3765,04/06/2022,Mexico,,F,ENTERPRISE,117.13
3766,10/01/2022,United Kingdom,69.0,F,basic,12.35
3767,12/08/2022,US,30.0,M,basic,14.45
3768,02/06/2023,Brazil,58.0,M,basic,12.87
3769,12/04/2023,Australia,70.0,M,basic,14.2
3770,18/01/2023,Brazil,63.0,M,basic,12.58
3771,03/03/2022,France,67.0,M,basic,13.92
3772,25/09/2023,UK,32.0,F,basic,11.62
3773,16/10/2023,Britain,59.0,M,Premium,38.14
3774,14/11/2023,United States,24.0,M,basic,12.0
3775,24/09/2023,Britain,57.0,F,Premium,35.58
3776,10/05/2023,US,45.0,M,ENTERPRISE,117.58
3777,07/11/2023,Australia,49.0,Other,ENTERPRISE,192.03
3778,15/05/2023,Australia,52.0,M,basic,13.5
3779,17/01/2022,France,,F,ENTERPRISE,185.88
3780,07/01/2022,Canada,65.0,F,Premium,32.07
3781,29/06/2023,United States,53.0,F,Premium,30.67
3782,19/07/2023,Australia,38.0,M,basic,11.68
3783,26/02/2023,Australia,23.0,F,basic,12.57
3784,13/01/2022,France,18.0,M,ENTERPRISE,180.23
3785,18/01/2022,United Kingdom,21.0,M,basic,11.98
3786,27/06/2023,Spain,28.0,,basic,11.34
3787,10/01/2024,United States,61.0,M,basic,11.85
3788,09/10/2022,Britain,43.0,M,ENTERPRISE,170.35
3789,03/07/2023,US,54.0,M,basic,11.67
3790,21/10/2022,Australia,40.0,M,ENTERPRISE,197.91
3791,18/01/2022,Australia,,F,basic,10.86
3792,30/05/2023,Mexico,38.0,M,basic,13.76
3793,12/04/2024,Italy,65.0,F,basic,12.94
3794,16/12/2023,United Kingdom,62.0,Other,Premium,32.32
3795,22/11/2023,Australia,62.0,M,basic,13.76
3796,17/03/2023,Spain,66.0,F,basic,12.23
3797,05/04/2024,Italy,44.0,Other,basic,13.4
3798,03/07/2022,Mexico,56.0,M,basic,13.3
3799,20/04/2022,USA,57.0,M,Premium,31.1
3800,09/04/2022,United Kingdom,30.0,F,basic,14.19
3801,21/06/2023,US,40.0,F,basic,13.4
3802,02/06/2022,UK,33.0,F,basic,13.89
3803,04/09/2022,United States,47.0,M,basic,12.23
3804,16/07/2022,France,21.0,F,ENTERPRISE,119.5
3805,27/09/2023,US,57.0,M,basic,11.62
3806,24/06/2023,United States,33.0,M,basic,14.5
3807,16/09/2022,Italy,48.0,M,basic,14.68
3808,14/04/2024,Canada,70.0,M,Premium,34.81
3809,29/12/2022,France,59.0,F,basic,11.48
3810,01/10/2022,Germany,,F,basic,13.64
3811,25/03/2024,Britain,61.0,,Premium,37.65
3812,11/02/2023,USA,29.0,M,Premium,38.14
3813,22/03/2022,United Kingdom,,F,basic,10.15
3814,18/01/2023,Australia,54.0,F,basic,10.04
3815,20/02/2023,Canada,65.0,M,basic,11.78
3816,16/04/2023,Mexico,50.0,F,Premium,31.51
3817,02/08/2023,Canada,45.0,F,ENTERPRISE,180.49
3818,07/09/2022,US,26.0,F,basic,12.65
3819,15/12/2023,USA,29.0,M,Premium,38.24
3820,20/08/2022,UK,22.0,F,basic,10.87
3821,04/11/2022,Brazil,69.0,F,Premium,36.26
3822,02/12/2023,United States,45.0,M,Premium,35.79
3823,27/04/2024,United States,52.0,F,Premium,33.39
3824,18/05/2024,US,22.0,M,basic,12.58
3825,24/03/2022,Spain,51.0,F,basic,12.94
3826,01/11/2023,Spain,63.0,F,Premium,38.88
3827,28/05/2024,Australia,51.0,F,basic,10.27
3828,28/10/2023,Germany,,F,basic,14.11
3829,17/02/2024,Britain,56.0,M,basic,14.89
3830,02/02/2022,France,59.0,M,basic,13.65
3831,06/04/2022,UK,62.0,F,Premium,37.36
3832,20/02/2023,Australia,65.0,M,basic,11.08
3833,24/01/2023,USA,31.0,,basic,12.61
3834,22/01/2023,Spain,28.0,M,basic,13.52
3835,20/07/2023,Germany,59.0,,Premium,36.01
3836,03/05/2023,Germany,55.0,F,ENTERPRISE,138.5
3837,27/02/2022,US,21.0,F,basic,14.69
3838,15/10/2023,UK,70.0,M,basic,12.56
3839,10/01/2022,Italy,50.0,M,basic,14.84
3840,21/12/2023,France,24.0,M,basic,12.81
3841,25/06/2022,Britain,58.0,M,Premium,37.92
3842,26/03/2022,United Kingdom,25.0,M,basic,13.7
3843,27/05/2023,US,54.0,M,basic,13.29
3844,15/05/2024,France,68.0,F,basic,10.06
3845,21/03/2023,United Kingdom,27.0,F,ENTERPRISE,107.73
3846,23/10/2023,United Kingdom,60.0,M,Premium,35.8
3847,14/03/2024,Mexico,32.0,F,Premium,39.11
3848,06/12/2022,UK,55.0,F,basic,13.0
3849,03/08/2023,Mexico,32.0,M,basic,11.17
3850,28/05/2024,UK,22.0,M,Premium,33.19
3851,08/04/2022,Australia,46.0,,basic,13.11
3852,25/06/2023,USA,36.0,M,Premium,35.96
3853,13/02/2022,Germany,68.0,F,basic,14.77
3854,24/08/2022,France,27.0,F,basic,12.64
3855,05/08/2022,US,29.0,,basic,11.77
3856,07/06/2024,Australia,,F,Premium,35.24
3857,10/12/2023,Brazil,48.0,F,basic,13.92
3858,27/06/2024,United States,35.0,M,Premium,35.39
3859,04/08/2023,US,33.0,M,Premium,33.25
3860,02/05/2023,USA,57.0,F,ENTERPRISE,133.85
3861,05/10/2022,Britain,53.0,F,basic,13.77
3862,17/02/2022,Canada,42.0,F,basic,10.32
3863,18/03/2022,Canada,40.0,F,ENTERPRISE,127.47
3864,02/12/2023,Germany,29.0,,basic,10.76
3865,15/10/2022,Canada,51.0,M,basic,14.71
3866,11/07/2023,Canada,53.0,M,basic,10.44
3867,01/08/2023,United States,54.0,M,basic,13.78
3868,05/11/2023,Spain,20.0,F,basic,13.14
3869,03/02/2022,Mexico,26.0,,Premium,36.32
3870,03/07/2022,Britain,70.0,F,Premium,37.62
3871,20/05/2024,Mexico,35.0,F,basic,11.99
3872,19/11/2022,UK,60.0,M,Premium,34.0
3873,17/01/2022,United Kingdom,52.0,M,basic,11.43
3874,01/08/2022,Spain,51.0,M,basic,12.98
3875,25/08/2023,Mexico,58.0,F,ENTERPRISE,192.97
3876,28/05/2022,US,31.0,M,basic,14.61
3877,10/02/2024,US,21.0,F,Premium,37.02
3878,20/04/2024,Mexico,46.0,F,basic,14.52
3879,31/12/2023,Mexico,58.0,M,Premium,39.63
3880,20/04/2024,Canada,62.0,M,basic,13.97
3881,12/02/2023,UK,67.0,,basic,12.03
3882,20/03/2022,USA,32.0,M,basic,12.41
3883,03/11/2022,France,45.0,F,basic,14.65
3884,16/06/2022,Spain,59.0,F,basic,13.34
3885,01/08/2023,Spain,33.0,M,Premium,38.2
3886,04/09/2022,Mexico,29.0,M,basic,10.57
3887,04/08/2023,Italy,69.0,M,Premium,31.93
3888,04/05/2024,Britain,22.0,F,basic,11.71
3889,19/05/2024,Germany,51.0,M,basic,10.93
3890,03/02/2023,Britain,59.0,F,ENTERPRISE,190.64
3891,25/11/2023,France,18.0,F,ENTERPRISE,121.68
3892,08/07/2023,US,56.0,F,basic,12.78
3893,06/12/2022,Mexico,49.0,M,Premium,30.84
3894,29/01/2023,US,43.0,F,basic,10.76
3895,13/02/2024,US,34.0,F,basic,11.23
3896,28/01/2024,Italy,65.0,F,basic,14.9
3897,24/05/2022,US,44.0,F,ENTERPRISE,179.7
3898,20/03/2024,France,41.0,F,ENTERPRISE,167.35
3899,07/12/2023,Australia,52.0,F,basic,14.57
3900,12/01/2024,UK,63.0,M,Premium,39.55
3901,22/03/2022,Brazil,59.0,F,Premium,34.53
3902,28/05/2023,Germany,56.0,M,basic,11.63
3903,03/02/2024,Mexico,,F,Premium,33.14
3904,21/12/2022,France,66.0,F,basic,10.17
3905,24/02/2022,Canada,55.0,M,basic,11.39
3906,11/04/2022,Australia,,F,Premium,33.54
3907,24/03/2023,Germany,39.0,F,basic,10.17
3908,26/08/2022,France,21.0,M,basic,14.4
3909,08/05/2024,Australia,66.0,F,basic,14.23
3910,19/03/2022,US,26.0,M,Premium,32.51
3911,15/12/2022,UK,21.0,F,basic,14.0
3912,12/09/2023,Mexico,24.0,F,basic,13.97
3913,27/02/2024,Spain,40.0,F,Premium,33.34
3914,21/09/2023,Britain,19.0,F,basic,13.48
3915,02/09/2023,United Kingdom,66.0,F,Premium,32.89
3916,11/02/2023,Brazil,41.0,M,basic,10.34
3917,03/03/2024,UK,57.0,M,basic,12.51
3918,01/12/2022,Spain,48.0,F,basic,12.18
3919,31/01/2022,USA,64.0,F,basic,10.68
3920,12/10/2023,Mexico,48.0,F,ENTERPRISE,149.05
3921,07/10/2022,France,64.0,F,basic,14.74
3922,13/03/2024,USA,57.0,F,Premium,37.3
3923,07/04/2023,Spain,65.0,M,basic,13.68
3924,18/05/2023,UK,68.0,F,Premium,37.57
3925,22/08/2022,France,60.0,M,ENTERPRISE,174.45
3926,31/12/2022,Mexico,51.0,M,basic,10.09
3927,21/07/2023,Canada,41.0,,basic,14.61
3928,20/01/2023,United Kingdom,66.0,F,ENTERPRISE,183.0
3929,19/03/2023,US,43.0,M,Premium,32.74
3930,10/07/2022,France,33.0,F,basic,12.75
3931,28/11/2023,Canada,64.0,F,basic,13.07
3932,23/08/2023,Mexico,30.0,F,basic,10.65
3933,08/11/2023,Mexico,32.0,F,Premium,32.53
3934,25/01/2023,France,44.0,M,Premium,30.22
3935,29/03/2022,UK,21.0,F,ENTERPRISE,186.39
3936,01/03/2024,Canada,33.0,F,basic,10.11
3937,26/09/2023,UK,47.0,F,basic,11.58
3938,30/10/2022,Australia,61.0,F,basic,10.38
3939,28/03/2024,Spain,47.0,M,basic,13.9
3940,10/09/2022,United States,53.0,M,basic,14.61
3941,01/01/2024,France,20.0,F,basic,12.8
3942,17/03/2022,Brazil,39.0,F,Premium,31.39
3943,26/03/2022,Mexico,66.0,F,basic,12.78
3944,02/10/2022,Britain,39.0,M,basic,13.84
3945,07/06/2022,France,67.0,M,ENTERPRISE,171.83
3946,25/01/2023,Spain,67.0,M,ENTERPRISE,174.16
3947,30/12/2023,Germany,66.0,F,basic,11.39
3948,13/03/2024,Brazil,29.0,M,ENTERPRISE,107.36
3949,12/10/2023,Mexico,,F,basic,10.73
3950,07/06/2022,USA,21.0,M,basic,14.77
3951,28/01/2024,Mexico,48.0,F,Premium,36.13
3952,03/02/2023,Australia,61.0,M,Premium,37.27
3953,21/11/2022,US,48.0,M,Premium,38.98
3954,05/01/2023,Canada,40.0,F,Premium,38.52
3955,20/04/2022,Mexico,70.0,F,basic,11.08
3956,04/04/2022,United States,37.0,M,basic,10.28
3957,06/01/2022,United Kingdom,,F,basic,14.62
3958,12/11/2022,United Kingdom,40.0,M,basic,14.9
3959,01/04/2023,United Kingdom,45.0,M,basic,12.83
3960,04/01/2023,UK,33.0,M,basic,14.43
3961,19/02/2024,United Kingdom,54.0,M,Premium,32.31
3962,04/10/2022,US,38.0,F,Premium,31.1
3963,15/04/2022,Australia,32.0,M,Premium,34.99
3964,16/05/2022,USA,34.0,F,basic,14.05
3965,31/03/2022,United Kingdom,67.0,M,Premium,36.54
3966,11/07/2022,Brazil,,F,Premium,36.36
3967,18/03/2023,France,30.0,M,ENTERPRISE,101.74
3968,05/04/2023,Brazil,,M,basic,11.58
3969,25/07/2023,France,47.0,M,basic,14.69
3970,23/07/2023,UK,62.0,F,ENTERPRISE,113.42
3971,09/06/2023,US,35.0,F,ENTERPRISE,172.63
3972,22/02/2023,USA,31.0,F,basic,13.79
3973,16/04/2022,United States,53.0,M,basic,13.65
3974,27/01/2022,Spain,53.0,F,Premium,39.88
3975,02/04/2022,USA,37.0,F,basic,12.04
3976,29/12/2022,Spain,69.0,M,Premium,36.81
3977,22/07/2023,Brazil,36.0,M,basic,10.96
3978,06/04/2022,Germany,62.0,F,basic,11.99
3979,04/09/2023,Spain,61.0,,basic,12.45
3980,05/09/2023,Australia,24.0,M,basic,11.06
3981,14/03/2024,Britain,61.0,F,basic,14.52
3982,29/11/2022,Australia,70.0,F,basic,13.57
3983,03/06/2024,Mexico,21.0,,basic,11.41
3984,30/01/2023,France,51.0,M,basic,10.66
3985,13/01/2022,US,19.0,F,basic,11.43
3986,26/10/2022,Italy,22.0,M,basic,13.1
3987,28/02/2023,UK,27.0,M,ENTERPRISE,182.63
3988,02/02/2023,Brazil,49.0,F,basic,12.51
3989,08/03/2024,Britain,59.0,M,basic,10.5
3990,28/03/2022,Spain,58.0,M,basic,11.24
3991,13/01/2024,United Kingdom,30.0,M,Premium,33.44
3992,27/07/2023,US,56.0,M,basic,13.17
3993,06/09/2022,Britain,22.0,M,basic,11.22
3994,09/08/2023,UK,27.0,M,basic,11.16
3995,18/06/2023,France,27.0,F,Premium,32.85
3996,23/06/2022,Brazil,55.0,M,Premium,35.92
3997,03/12/2023,US,44.0,Other,basic,12.45
3998,25/01/2023,UK,68.0,M,basic,14.2
3999,23/06/2022,Germany,38.0,M,basic,13.48
4000,23/05/2022,Germany,25.0,F,basic,13.32
4001,03/10/2022,Australia,18.0,M,Premium,31.54
4002,05/11/2022,Australia,45.0,F,basic,10.27
4003,02/10/2022,UK,66.0,F,basic,12.54
4004,20/05/2023,Britain,56.0,M,basic,10.35
4005,30/05/2022,Australia,31.0,F,Premium,33.63
4006,06/03/2022,Brazil,38.0,M,Premium,30.25
4007,21/06/2022,US,47.0,Other,ENTERPRISE,117.67
4008,22/03/2023,Britain,38.0,F,basic,10.54
4009,10/10/2022,Australia,66.0,F,basic,13.99
4010,08/03/2023,United States,26.0,M,basic,11.72
4011,03/11/2022,Spain,34.0,M,basic,10.38
4012,11/05/2023,United States,22.0,M,basic,11.32
4013,12/03/2024,Canada,48.0,M,basic,13.4
4014,20/03/2022,Germany,69.0,F,basic,13.72
4015,05/01/2023,France,57.0,F,ENTERPRISE,111.98
4016,15/09/2022,USA,55.0,M,Premium,37.78
4017,10/09/2022,Spain,60.0,F,basic,11.84
4018,09/01/2024,Germany,36.0,F,basic,13.39
4019,03/10/2023,Britain,53.0,F,basic,13.35
4020,23/05/2023,Britain,,M,basic,13.96
4021,01/09/2023,Britain,50.0,M,basic,13.48
4022,24/09/2023,France,,F,basic,10.18
4023,20/07/2022,United States,31.0,F,ENTERPRISE,151.94
4024,14/04/2023,USA,50.0,F,basic,10.82
4025,20/04/2022,Brazil,46.0,F,basic,14.84
4026,19/05/2022,Australia,60.0,M,Premium,32.55
4027,08/11/2022,Britain,66.0,F,basic,12.09
4028,07/01/2022,Italy,53.0,M,basic,10.97
4029,10/02/2023,Canada,61.0,F,basic,10.66
4030,07/12/2022,Spain,27.0,F,Premium,36.0
4031,11/05/2024,US,48.0,F,basic,12.46
4032,28/09/2023,Australia,23.0,F,basic,11.86
4033,25/01/2023,Italy,18.0,F,ENTERPRISE,108.53
4034,03/04/2024,USA,24.0,M,basic,13.67
4035,01/06/2024,France,44.0,M,Premium,30.05
4036,04/12/2022,Brazil,38.0,F,Premium,34.57
4037,27/03/2023,Brazil,45.0,M,basic,13.15
4038,09/12/2022,USA,33.0,,Premium,34.3
4039,17/03/2023,US,63.0,M,Premium,31.25
4040,15/04/2024,Spain,40.0,F,ENTERPRISE,177.81
4041,23/04/2024,Mexico,69.0,M,basic,11.61
4042,30/05/2024,US,37.0,F,ENTERPRISE,113.47
4043,29/10/2023,Brazil,55.0,Other,basic,12.74
4044,01/09/2023,UK,42.0,Other,Premium,30.18
4045,20/05/2022,Spain,45.0,M,basic,11.61
4046,04/11/2022,USA,22.0,F,basic,13.74
4047,25/11/2022,Brazil,38.0,Other,basic,14.55
4048,10/09/2023,Brazil,35.0,F,basic,12.95
4049,13/12/2023,Britain,64.0,F,basic,11.08
4050,25/07/2022,USA,23.0,F,basic,11.09
4051,06/05/2023,Mexico,46.0,M,basic,13.01
4052,18/11/2022,USA,36.0,F,basic,12.02
4053,01/07/2022,Mexico,50.0,M,basic,10.88
4054,12/02/2023,Spain,18.0,M,basic,13.93
4055,23/11/2022,Canada,62.0,Other,Premium,31.99
4056,26/10/2022,UK,20.0,M,Premium,33.21
4057,23/01/2024,Australia,59.0,M,basic,10.3
4058,13/12/2023,USA,38.0,Other,basic,13.5
4059,11/10/2023,Italy,52.0,Other,Premium,32.74
4060,18/05/2023,Germany,58.0,M,basic,11.15
4061,13/08/2023,United Kingdom,57.0,,basic,11.51
4062,11/03/2024,United Kingdom,20.0,M,basic,14.36
4063,06/09/2022,USA,42.0,M,ENTERPRISE,151.79
4064,30/11/2022,Mexico,62.0,M,basic,10.78
4065,21/01/2023,Italy,55.0,M,Premium,37.73
4066,15/10/2022,Canada,62.0,M,basic,11.03
4067,16/04/2024,Britain,37.0,M,Premium,34.11
4068,15/03/2024,Mexico,69.0,F,basic,12.83
4069,07/02/2023,France,,F,basic,12.91
4070,09/01/2023,France,62.0,F,basic,10.34
4071,27/04/2022,Spain,51.0,F,ENTERPRISE,183.67
4072,01/08/2023,United Kingdom,38.0,M,basic,12.39
4073,24/07/2022,USA,65.0,F,basic,14.94
4074,30/08/2023,France,,F,Premium,37.16
4075,13/07/2023,USA,23.0,M,basic,14.95
4076,04/07/2022,Spain,68.0,M,basic,12.26
4077,30/11/2023,United Kingdom,70.0,F,basic,10.69
4078,26/02/2024,US,30.0,F,basic,13.63
4079,18/07/2023,Canada,66.0,F,basic,13.88
4080,28/01/2022,Germany,40.0,M,Premium,38.52
4081,15/01/2024,Germany,26.0,M,basic,11.5
4082,18/04/2023,France,34.0,F,Premium,35.1
4083,27/12/2023,Germany,19.0,F,basic,14.28
4084,03/08/2022,Brazil,36.0,M,basic,14.31
4085,25/03/2023,Canada,36.0,M,basic,10.12
4086,27/03/2024,Mexico,24.0,F,Premium,36.7
4087,26/10/2022,US,59.0,F,basic,13.0
4088,01/05/2024,Canada,59.0,M,Premium,30.82
4089,11/12/2023,Brazil,37.0,F,Premium,39.29
4090,12/03/2022,Mexico,26.0,F,basic,12.22
4091,18/04/2024,Brazil,34.0,F,basic,13.36
4092,18/05/2024,USA,44.0,M,basic,14.4
4093,25/03/2024,Spain,64.0,M,Premium,31.29
4094,25/03/2024,Australia,19.0,F,basic,14.27
4095,23/02/2023,US,53.0,M,Premium,37.23
4096,21/11/2023,Australia,36.0,F,basic,14.19
4097,27/05/2023,Spain,34.0,F,Premium,34.94
4098,23/05/2022,Spain,22.0,M,basic,10.16
4099,11/10/2023,Brazil,,F,basic,13.34
4100,07/11/2022,United Kingdom,35.0,F,ENTERPRISE,137.44
4101,05/09/2022,Brazil,,F,Premium,34.01
4102,16/09/2022,Australia,,M,basic,12.2
4103,06/11/2023,Brazil,34.0,Other,Premium,34.92
4104,07/06/2022,USA,56.0,M,Premium,36.61
4105,03/01/2024,Brazil,53.0,F,basic,13.62
4106,10/03/2023,Italy,57.0,F,basic,13.87
4107,19/03/2024,Germany,62.0,M,basic,13.35
4108,22/01/2023,Australia,21.0,F,ENTERPRISE,180.34
4109,17/03/2022,Italy,55.0,Other,basic,10.6
4110,05/04/2023,United Kingdom,42.0,M,basic,14.17
4111,05/09/2023,Spain,,M,basic,11.93
4112,06/05/2023,France,47.0,F,basic,12.63
4113,20/08/2023,Canada,29.0,M,basic,12.16
4114,15/02/2023,Mexico,21.0,M,basic,12.37
4115,02/07/2023,Germany,41.0,F,basic,11.42
4116,03/06/2023,Mexico,46.0,F,ENTERPRISE,116.99
4117,09/06/2024,Brazil,26.0,Other,ENTERPRISE,110.48
4118,10/12/2023,Germany,,M,basic,12.25
4119,05/03/2023,USA,68.0,M,basic,10.62
4120,11/07/2023,UK,41.0,M,Premium,32.44
4121,07/02/2022,United States,31.0,F,basic,10.66
4122,20/03/2024,United States,22.0,F,Premium,31.08
4123,04/01/2023,United States,,M,Premium,38.81
4124,20/12/2023,UK,59.0,M,Premium,36.73
4125,11/04/2024,Mexico,36.0,F,basic,14.61
4126,04/07/2023,USA,29.0,F,ENTERPRISE,164.39
4127,01/09/2023,UK,35.0,M,Premium,38.43
4128,16/10/2023,United States,34.0,F,Premium,35.54
4129,29/03/2022,United Kingdom,47.0,M,basic,12.3
4130,22/04/2022,US,41.0,F,Premium,35.27
4131,27/02/2024,Australia,28.0,F,basic,11.59
4132,12/09/2022,Spain,52.0,F,basic,13.28
4133,05/11/2023,UK,40.0,M,basic,14.48
4134,12/11/2023,USA,34.0,M,ENTERPRISE,178.23
4135,30/12/2022,USA,18.0,F,Premium,34.61
4136,20/06/2022,Australia,32.0,M,Premium,39.53
4137,25/10/2023,Italy,49.0,F,basic,14.92
4138,20/09/2023,US,26.0,Other,basic,12.46
4139,15/02/2022,France,32.0,Other,Premium,38.64
4140,31/07/2023,Germany,45.0,F,basic,10.01
4141,23/10/2023,United States,41.0,F,Premium,30.66
4142,25/11/2023,Brazil,52.0,Other,basic,10.1
4143,25/10/2023,France,39.0,M,Premium,37.72
4144,14/02/2023,Italy,44.0,M,Premium,30.79
4145,10/02/2024,United States,36.0,M,basic,10.08
4146,06/12/2022,US,62.0,M,basic,10.73
4147,26/03/2024,Canada,29.0,F,basic,11.52
4148,17/03/2023,Brazil,37.0,F,ENTERPRISE,146.46
4149,19/04/2022,Italy,18.0,F,Premium,30.64
4150,11/01/2022,Mexico,38.0,F,Premium,34.98
4151,11/04/2022,United States,66.0,F,basic,11.23
4152,22/09/2022,US,62.0,F,Premium,32.73
4153,16/08/2022,Britain,18.0,M,Premium,38.21
4154,07/06/2023,France,27.0,F,basic,14.92
4155,04/02/2024,France,64.0,M,ENTERPRISE,146.38
4156,16/06/2023,Germany,49.0,F,basic,11.6
4157,26/07/2023,Australia,56.0,M,basic,14.65
4158,18/08/2023,US,39.0,F,basic,12.49
4159,06/12/2023,UK,,F,basic,13.64
4160,13/08/2023,Britain,65.0,F,Premium,34.13
4161,15/08/2022,Canada,63.0,F,basic,11.0
4162,02/04/2023,United Kingdom,49.0,F,Premium,36.54
4163,19/01/2023,United States,44.0,M,basic,13.31
4164,05/02/2023,Brazil,45.0,M,basic,12.29
4165,20/04/2023,Britain,35.0,F,Premium,32.69
4166,01/03/2024,US,56.0,M,Premium,38.31
4167,27/11/2023,Mexico,66.0,M,basic,11.37
4168,26/08/2023,Spain,46.0,F,ENTERPRISE,165.89
4169,09/12/2023,United States,35.0,M,Premium,33.83
4170,28/05/2023,USA,61.0,M,basic,12.35
4171,04/06/2022,France,25.0,M,basic,11.05
4172,20/12/2022,Mexico,48.0,M,basic,13.24
4173,26/01/2022,Australia,51.0,F,Premium,32.25
4174,10/05/2023,US,24.0,F,basic,12.42
4175,18/04/2022,Canada,53.0,Other,basic,11.63
4176,30/10/2022,USA,35.0,M,basic,14.81
4177,02/03/2023,Germany,55.0,F,basic,14.9
4178,29/03/2022,Brazil,26.0,M,Premium,37.52
4179,29/04/2022,Italy,26.0,F,Premium,39.83
4180,01/05/2024,United Kingdom,63.0,F,basic,10.56
4181,18/01/2024,United Kingdom,25.0,F,basic,14.95
4182,26/05/2022,Mexico,68.0,F,basic,10.51
4183,23/12/2022,USA,52.0,M,Premium,34.14
4184,16/11/2022,France,35.0,M,Premium,32.38
4185,18/12/2022,Germany,22.0,F,basic,14.76
4186,12/04/2023,Spain,31.0,M,basic,13.17
4187,14/03/2024,France,45.0,M,basic,12.98
4188,31/07/2022,Britain,47.0,M,ENTERPRISE,199.73
4189,18/06/2023,Australia,21.0,M,basic,13.05
4190,10/05/2023,United Kingdom,56.0,F,basic,13.22
4191,23/12/2022,Britain,37.0,F,basic,10.21
4192,03/05/2023,Canada,42.0,M,basic,14.29
4193,10/04/2022,United States,45.0,M,Premium,39.69
4194,25/03/2023,UK,29.0,F,basic,14.79
4195,10/01/2024,US,19.0,F,basic,11.1
4196,15/12/2023,Brazil,60.0,Other,Premium,32.25
4197,09/04/2023,Germany,31.0,F,basic,11.82
4198,23/11/2022,France,39.0,F,basic,11.54
4199,10/03/2022,United Kingdom,48.0,F,basic,11.52
4200,04/11/2022,Britain,40.0,F,Premium,36.04
4201,15/02/2022,Italy,65.0,M,basic,14.02
4202,09/04/2024,Mexico,37.0,F,ENTERPRISE,193.67
4203,29/12/2023,Australia,55.0,M,basic,10.33
4204,28/04/2022,Australia,21.0,F,basic,11.38
4205,24/01/2022,United States,32.0,F,Premium,32.54
4206,19/05/2024,US,41.0,F,Premium,33.56
4207,18/12/2022,US,42.0,M,basic,12.11
4208,26/10/2023,Australia,18.0,F,ENTERPRISE,138.91
4209,22/04/2022,Australia,24.0,M,basic,14.75
4210,25/11/2023,France,48.0,M,Premium,34.36
4211,30/03/2024,Germany,29.0,M,basic,12.75
4212,18/06/2022,Spain,59.0,M,basic,13.73
4213,29/01/2024,Canada,22.0,M,basic,13.62
4214,07/09/2022,Italy,61.0,F,basic,12.9
4215,13/06/2023,Canada,67.0,F,basic,14.29
4216,28/06/2022,France,59.0,M,basic,13.11
4217,20/07/2023,Britain,55.0,M,ENTERPRISE,187.47
4218,13/06/2022,UK,29.0,Other,basic,11.5
4219,05/12/2022,Australia,56.0,F,basic,10.65
4220,28/07/2023,USA,35.0,M,Premium,38.19
4221,13/03/2023,Spain,19.0,F,basic,11.9
4222,19/04/2023,Germany,27.0,F,basic,13.25
4223,26/08/2022,United States,32.0,M,basic,13.68
4224,27/03/2024,Spain,47.0,M,basic,11.62
4225,19/02/2023,Australia,61.0,F,ENTERPRISE,150.51
4226,07/10/2023,United Kingdom,34.0,M,basic,14.46
4227,08/07/2022,Germany,21.0,F,basic,14.39
4228,10/07/2022,UK,24.0,M,basic,13.74
4229,18/10/2023,United Kingdom,58.0,F,basic,13.8
4230,05/11/2023,Spain,48.0,F,basic,14.48
4231,19/03/2023,USA,68.0,M,Premium,37.35
4232,10/02/2023,USA,56.0,F,Premium,33.39
4233,30/01/2022,UK,51.0,Other,Premium,31.2
4234,26/01/2024,US,23.0,F,basic,12.1
4235,21/09/2023,Brazil,67.0,F,basic,10.43
4236,23/06/2024,Italy,55.0,M,ENTERPRISE,111.57
4237,22/07/2022,Australia,62.0,F,basic,14.74
4238,06/04/2023,United States,68.0,M,ENTERPRISE,167.58
4239,30/08/2023,Australia,51.0,M,Premium,38.51
4240,16/03/2023,US,61.0,M,ENTERPRISE,164.28
4241,03/02/2023,Canada,32.0,M,basic,12.08
4242,05/01/2022,Canada,31.0,M,basic,10.12
4243,23/12/2023,Mexico,23.0,F,Premium,39.55
4244,08/08/2022,Canada,,F,Premium,30.7
4245,30/07/2022,USA,54.0,M,basic,13.04
4246,13/10/2022,USA,67.0,M,Premium,31.01
4247,10/02/2024,Britain,49.0,F,basic,11.41
4248,22/12/2023,United Kingdom,20.0,M,basic,10.92
4249,08/04/2024,Spain,20.0,M,Premium,35.53
4250,26/03/2024,United States,39.0,F,basic,14.43
4251,06/03/2022,UK,39.0,M,basic,13.17
4252,15/08/2023,Spain,27.0,M,basic,13.31
4253,15/04/2022,Australia,68.0,F,basic,14.53
4254,29/03/2024,Britain,20.0,F,basic,13.74
4255,11/06/2024,USA,29.0,M,basic,14.32
4256,04/07/2023,UK,46.0,F,basic,12.07
4257,11/07/2022,USA,65.0,F,Premium,38.64
4258,10/01/2023,Brazil,34.0,M,ENTERPRISE,164.58
4259,30/11/2022,United States,24.0,M,basic,10.67
4260,21/07/2022,United Kingdom,30.0,M,basic,10.18
4261,14/04/2023,Mexico,19.0,M,basic,11.21
4262,27/04/2022,Spain,21.0,M,Premium,33.77
4263,26/09/2022,Spain,27.0,M,Premium,38.37
4264,18/11/2023,Canada,56.0,M,ENTERPRISE,174.11
4265,02/06/2024,US,41.0,F,basic,14.77
4266,17/05/2023,Canada,34.0,F,Premium,35.58
4267,25/06/2023,Brazil,69.0,F,basic,13.73
4268,17/10/2023,UK,23.0,F,ENTERPRISE,127.52
4269,17/11/2022,Italy,36.0,F,basic,13.39
4270,04/09/2023,Canada,22.0,F,basic,13.52
4271,02/02/2023,Mexico,49.0,M,Premium,38.47
4272,18/09/2023,Britain,27.0,M,Premium,35.35
4273,06/02/2023,Canada,26.0,F,basic,13.24
4274,25/08/2023,Canada,44.0,,basic,11.01
4275,27/04/2022,Italy,30.0,M,basic,13.67
4276,23/12/2022,US,36.0,F,basic,14.18
4277,27/12/2022,United States,38.0,F,basic,12.96
4278,15/05/2024,Britain,41.0,F,ENTERPRISE,111.56
4279,14/04/2023,Canada,55.0,M,basic,11.55
4280,25/09/2023,Brazil,,M,Premium,34.75
4281,26/06/2022,United Kingdom,41.0,F,Premium,36.76
4282,13/04/2024,Mexico,,M,Premium,33.19
4283,21/11/2023,Italy,20.0,M,ENTERPRISE,184.02
4284,24/12/2023,United Kingdom,21.0,F,Premium,33.71
4285,30/03/2024,Italy,54.0,F,basic,10.2
4286,01/11/2022,Brazil,57.0,F,basic,13.96
4287,22/09/2023,United Kingdom,,F,basic,13.21
4288,28/08/2023,Italy,52.0,M,basic,14.0
4289,28/03/2022,Australia,48.0,M,basic,11.73
4290,20/11/2023,United Kingdom,61.0,M,Premium,30.17
4291,18/05/2022,US,42.0,F,basic,10.36
4292,17/11/2022,Germany,57.0,F,basic,10.55
4293,01/05/2022,Britain,30.0,M,ENTERPRISE,180.5
4294,02/09/2022,UK,21.0,F,basic,11.5
4295,09/11/2022,United States,,M,basic,14.98
4296,30/04/2022,Australia,31.0,F,Premium,37.57
4297,07/07/2022,France,30.0,F,Premium,36.0
4298,18/01/2023,USA,44.0,M,basic,14.91
4299,12/12/2023,Brazil,23.0,M,Premium,33.15
4300,25/05/2022,Brazil,34.0,M,basic,10.82
4301,08/06/2023,Canada,53.0,M,basic,13.68
4302,02/02/2023,Mexico,57.0,M,basic,11.38
4303,05/03/2023,UK,66.0,F,Premium,39.6
4304,03/09/2023,USA,52.0,M,basic,14.93
4305,22/05/2022,Brazil,34.0,F,Premium,39.25
4306,12/08/2023,Britain,58.0,M,basic,14.71
4307,28/01/2023,UK,19.0,,Premium,36.15
4308,10/03/2023,United Kingdom,30.0,M,Premium,36.91
4309,10/07/2022,United Kingdom,69.0,F,basic,10.46
4310,14/05/2023,France,19.0,M,basic,13.81
4311,13/10/2023,USA,69.0,F,Premium,32.01
4312,05/07/2023,Brazil,45.0,F,basic,14.19
4313,12/12/2023,United States,60.0,F,basic,14.8
4314,23/10/2023,Brazil,43.0,F,basic,11.05
4315,27/06/2022,Britain,,M,basic,10.38
4316,23/07/2023,United Kingdom,64.0,F,basic,12.41
4317,20/06/2022,Canada,60.0,F,basic,13.95
4318,17/05/2023,Germany,20.0,Other,Premium,37.7
4319,23/10/2022,US,52.0,,basic,13.47
4320,24/05/2022,US,29.0,F,basic,14.09
4321,11/07/2022,Italy,41.0,M,ENTERPRISE,117.49
4322,19/11/2022,United States,22.0,M,Premium,36.51
4323,12/05/2024,Brazil,37.0,F,basic,13.02
4324,07/04/2023,US,56.0,Other,basic,10.76
4325,27/09/2023,Italy,56.0,F,basic,12.06
4326,24/02/2022,USA,30.0,F,basic,14.25
4327,05/06/2024,United Kingdom,58.0,M,ENTERPRISE,197.17
4328,03/01/2023,Mexico,70.0,M,Premium,36.64
4329,10/01/2022,Australia,62.0,F,ENTERPRISE,192.18
4330,12/05/2023,United Kingdom,,M,Premium,31.31
4331,20/05/2022,Australia,30.0,F,basic,14.87
4332,19/07/2022,Canada,27.0,M,Premium,30.33
4333,14/04/2024,Germany,50.0,M,Premium,35.26
4334,29/01/2023,UK,57.0,F,basic,11.45
4335,30/07/2023,US,33.0,M,basic,14.06
4336,02/06/2023,USA,62.0,F,basic,11.08
4337,31/10/2023,Australia,52.0,M,basic,10.05
4338,22/05/2023,Spain,20.0,,Premium,34.14
4339,23/02/2023,Brazil,22.0,F,Premium,30.63
4340,03/12/2023,US,43.0,M,ENTERPRISE,129.0
4341,19/05/2023,Brazil,28.0,F,Premium,36.43
4342,02/03/2023,United States,24.0,M,Premium,32.94
4343,29/12/2023,Canada,70.0,M,basic,11.22
4344,10/05/2024,UK,27.0,F,basic,10.77
4345,31/03/2023,US,59.0,F,ENTERPRISE,113.51
4346,16/05/2023,Brazil,69.0,M,Premium,35.25
4347,21/06/2022,USA,,,Premium,36.81
4348,26/03/2022,US,20.0,F,basic,12.25
4349,02/08/2023,Australia,25.0,M,Premium,31.23
4350,01/02/2022,United States,48.0,M,Premium,36.47
4351,25/03/2024,Spain,28.0,F,basic,12.78
4352,19/02/2024,Britain,62.0,M,Premium,33.8
4353,14/08/2022,France,24.0,,basic,11.64
4354,27/10/2022,Spain,,F,basic,10.91
4355,03/02/2022,Italy,19.0,M,Premium,31.45
4356,09/10/2022,US,23.0,F,basic,11.68
4357,19/08/2022,United Kingdom,58.0,F,basic,10.2
4358,05/07/2023,Germany,49.0,F,Premium,34.36
4359,23/10/2022,United Kingdom,37.0,F,Premium,36.01
4360,22/06/2022,Spain,51.0,M,basic,14.7
4361,10/03/2024,Australia,67.0,,ENTERPRISE,162.57
4362,14/04/2023,United Kingdom,33.0,M,basic,13.11
4363,03/08/2023,USA,42.0,F,ENTERPRISE,137.43
4364,31/01/2024,United Kingdom,29.0,M,Premium,31.32
4365,02/03/2024,UK,24.0,M,basic,12.22
4366,24/02/2024,Britain,56.0,Other,basic,12.98
4367,23/05/2023,US,34.0,Other,basic,13.61
4368,17/07/2023,Canada,62.0,M,basic,14.12
4369,08/06/2023,United Kingdom,28.0,M,Premium,32.55
4370,26/04/2022,United States,23.0,F,basic,11.2
4371,10/08/2023,Canada,40.0,F,basic,12.82
4372,27/04/2022,Britain,44.0,M,Premium,35.65
4373,02/10/2022,Brazil,63.0,M,basic,11.08
4374,04/03/2024,Australia,23.0,F,basic,12.93
4375,11/07/2023,Britain,55.0,F,basic,11.72
4376,23/04/2024,United Kingdom,19.0,F,Premium,36.38
4377,11/01/2023,Britain,39.0,M,Premium,32.9
4378,10/07/2023,Canada,37.0,M,Premium,35.91
4379,22/04/2024,Germany,42.0,,basic,13.83
4380,14/02/2024,Australia,32.0,M,basic,14.89
4381,12/02/2022,United Kingdom,66.0,M,basic,14.55
4382,18/02/2024,USA,46.0,M,basic,12.51
4383,07/01/2024,Spain,25.0,F,basic,12.43
4384,28/03/2023,UK,54.0,F,basic,12.18
4385,14/07/2023,France,66.0,F,basic,10.13
4386,12/08/2022,Mexico,69.0,F,Premium,31.65
4387,12/03/2023,Italy,50.0,F,basic,10.29
4388,15/04/2022,Australia,39.0,F,basic,13.47
4389,24/01/2024,Britain,67.0,M,ENTERPRISE,141.31
4390,29/04/2024,USA,64.0,M,basic,10.31
4391,01/11/2023,US,22.0,F,basic,13.44
4392,09/02/2024,US,56.0,M,ENTERPRISE,164.43
4393,11/09/2022,Italy,35.0,F,ENTERPRISE,171.99
4394,01/11/2022,Australia,55.0,M,basic,12.99
4395,14/06/2024,Australia,70.0,M,Premium,31.61
4396,03/02/2022,UK,54.0,F,basic,10.3
4397,06/04/2023,Britain,47.0,F,Premium,38.16
4398,27/09/2022,Germany,68.0,F,ENTERPRISE,121.57
4399,23/12/2022,Italy,48.0,F,basic,12.7
4400,01/06/2024,UK,27.0,M,Premium,34.84
4401,16/04/2024,Britain,32.0,M,Premium,39.2
4402,31/03/2022,Canada,59.0,F,basic,12.75
4403,26/03/2023,USA,65.0,M,Premium,35.79
4404,05/06/2024,Mexico,61.0,M,basic,11.59
4405,01/05/2022,Spain,35.0,M,basic,14.78
4406,05/03/2024,Germany,40.0,M,ENTERPRISE,161.23
4407,11/04/2024,Canada,50.0,F,basic,10.01
4408,31/08/2022,Canada,33.0,F,basic,12.77
4409,03/08/2022,France,55.0,F,Premium,33.63
4410,10/04/2024,US,52.0,F,ENTERPRISE,103.2
4411,26/01/2024,United States,51.0,M,Premium,34.31
4412,26/08/2023,USA,45.0,M,basic,13.86
4413,07/12/2023,US,19.0,M,basic,12.51
4414,26/12/2022,United Kingdom,47.0,M,basic,13.19
4415,31/05/2024,Mexico,30.0,M,basic,13.19
4416,29/12/2023,Canada,58.0,M,ENTERPRISE,167.09
4417,17/09/2023,United States,33.0,F,Premium,33.87
4418,10/10/2023,Australia,,F,basic,11.84
4419,15/03/2023,US,45.0,F,basic,10.01
4420,19/06/2022,UK,70.0,F,ENTERPRISE,115.41
4421,23/09/2023,Germany,56.0,M,Premium,39.5
4422,23/05/2022,Brazil,62.0,M,basic,14.2
4423,14/03/2024,US,37.0,M,Premium,32.74
4424,31/07/2022,France,41.0,M,basic,12.0
4425,13/04/2024,Spain,44.0,M,Premium,39.39
4426,31/07/2022,UK,47.0,M,Premium,32.49
4427,04/04/2024,Brazil,62.0,F,Premium,35.32
4428,02/03/2022,USA,44.0,F,basic,10.1
4429,07/08/2023,USA,43.0,F,basic,13.09
4430,26/12/2022,USA,24.0,M,basic,14.64
4431,30/06/2023,USA,59.0,F,ENTERPRISE,188.46
4432,15/10/2022,Spain,64.0,F,ENTERPRISE,150.19
4433,04/09/2023,US,70.0,F,Premium,36.49
4434,06/07/2023,Britain,55.0,M,ENTERPRISE,156.97
4435,22/06/2022,US,22.0,F,Premium,30.66
4436,28/11/2022,Canada,40.0,F,basic,10.78
4437,22/12/2023,United Kingdom,45.0,M,Premium,39.63
4438,27/10/2022,Brazil,51.0,M,basic,11.27
4439,24/10/2022,Mexico,70.0,M,basic,11.91
4440,10/08/2023,Brazil,32.0,F,basic,12.53
4441,01/10/2022,Germany,,F,basic,14.89
4442,28/05/2024,United States,43.0,M,Premium,36.89
4443,11/06/2023,Britain,65.0,M,basic,13.14
4444,27/11/2023,Brazil,48.0,F,basic,12.61
4445,14/04/2024,Britain,36.0,M,Premium,37.0
4446,08/04/2022,Canada,26.0,,Premium,36.63
4447,19/05/2022,US,46.0,M,basic,14.5
4448,08/02/2024,Britain,68.0,F,basic,12.7
4449,15/03/2024,Italy,56.0,F,basic,12.1
4450,26/02/2023,Italy,21.0,M,Premium,38.06
4451,02/03/2022,Mexico,20.0,Other,Premium,37.99
4452,11/10/2022,United Kingdom,46.0,F,basic,10.84
4453,06/06/2024,Australia,69.0,M,ENTERPRISE,123.67
4454,03/11/2023,United States,28.0,F,basic,14.78
4455,10/05/2022,France,50.0,M,basic,12.21
4456,20/12/2023,Spain,55.0,F,basic,12.59
4457,05/06/2024,US,28.0,M,basic,11.54
4458,16/05/2022,Spain,44.0,F,ENTERPRISE,148.1
4459,13/09/2022,Mexico,50.0,M,basic,13.71
4460,30/05/2022,France,38.0,F,basic,12.4
4461,30/12/2023,Mexico,56.0,M,basic,11.56
4462,26/11/2022,US,48.0,F,basic,10.47
4463,28/04/2024,US,55.0,M,basic,14.63
4464,11/09/2022,United States,63.0,F,basic,14.35
4465,19/02/2024,Spain,19.0,F,basic,13.95
4466,13/05/2024,Italy,44.0,M,basic,13.46
4467,24/11/2023,USA,53.0,F,Premium,35.15
4468,07/02/2023,Spain,28.0,M,Premium,38.96
4469,17/05/2023,Germany,64.0,F,basic,13.95
4470,26/05/2022,Mexico,35.0,F,basic,14.07
4471,15/08/2023,Germany,18.0,M,Premium,33.09
4472,10/10/2023,US,52.0,F,basic,12.11
4473,03/10/2022,USA,52.0,M,basic,13.52
4474,05/10/2023,UK,48.0,M,Premium,33.7
4475,01/03/2023,France,45.0,F,Premium,34.93
4476,20/01/2023,United Kingdom,56.0,F,basic,13.22
4477,08/04/2023,USA,18.0,M,basic,12.18
4478,19/03/2022,United Kingdom,42.0,M,basic,13.96
4479,11/10/2023,Brazil,60.0,F,Premium,31.15
4480,24/03/2024,Spain,55.0,M,basic,13.58
4481,20/06/2024,Spain,37.0,F,basic,10.72
4482,27/02/2024,United Kingdom,20.0,F,basic,14.68
4483,06/04/2022,Australia,68.0,M,basic,11.56
4484,17/02/2023,France,19.0,,basic,13.97
4485,12/06/2023,USA,35.0,F,basic,12.6
4486,07/02/2024,UK,61.0,M,basic,10.45
4487,12/10/2022,US,27.0,F,Premium,35.82
4488,13/12/2023,United States,22.0,Other,basic,14.55
4489,17/06/2024,Spain,26.0,F,Premium,31.56
4490,13/01/2023,Germany,19.0,M,basic,11.6
4491,11/04/2023,France,51.0,M,Premium,34.38
4492,15/05/2023,United States,55.0,F,ENTERPRISE,127.5
4493,02/12/2022,Mexico,48.0,,basic,14.71
4494,19/08/2023,Mexico,27.0,F,ENTERPRISE,137.74
4495,03/01/2022,UK,67.0,M,basic,13.28
4496,08/06/2024,Mexico,29.0,F,Premium,32.23
4497,03/03/2024,Britain,53.0,M,basic,11.09
4498,17/05/2024,Canada,38.0,,basic,10.87
4499,21/01/2024,US,66.0,F,basic,12.16
4500,06/04/2022,Spain,64.0,F,basic,12.65
4501,19/01/2024,US,23.0,M,Premium,30.1
4502,15/04/2023,Mexico,65.0,F,basic,14.15
4503,13/10/2023,Australia,,M,basic,12.55
4504,12/11/2023,Brazil,20.0,F,ENTERPRISE,115.71
4505,16/12/2023,Brazil,27.0,M,ENTERPRISE,106.72
4506,02/01/2023,United States,22.0,M,ENTERPRISE,106.31
4507,20/05/2024,Brazil,63.0,M,Premium,32.57
4508,06/03/2022,Brazil,43.0,,basic,12.49
4509,25/03/2024,US,38.0,,basic,14.29
4510,02/07/2023,Canada,62.0,F,basic,14.5
4511,12/02/2023,Britain,43.0,F,ENTERPRISE,183.22
4512,12/08/2022,United States,55.0,F,basic,11.63
4513,16/03/2023,Spain,61.0,M,basic,11.52
4514,24/04/2024,USA,43.0,F,basic,14.93
4515,05/08/2022,Germany,25.0,F,basic,13.4
4516,22/05/2023,United States,22.0,M,basic,11.51
4517,02/10/2022,Italy,32.0,M,Premium,33.28
4518,27/11/2022,Australia,33.0,M,basic,12.16
4519,28/04/2024,Britain,18.0,M,basic,13.1
4520,18/10/2022,Australia,33.0,M,Premium,38.97
4521,12/12/2022,United States,,M,Premium,31.97
4522,15/07/2023,United States,20.0,F,basic,10.41
4523,15/08/2023,Italy,69.0,M,ENTERPRISE,140.57
4524,14/05/2022,Brazil,64.0,M,Premium,32.44
4525,03/08/2023,Spain,48.0,F,basic,12.87
4526,22/05/2024,Australia,30.0,F,Premium,36.98
4527,12/05/2023,United States,33.0,M,Premium,33.1
4528,18/03/2024,Germany,60.0,F,basic,13.42
4529,18/12/2022,US,38.0,M,basic,11.71
4530,30/11/2023,Spain,19.0,M,basic,13.16
4531,20/02/2024,Germany,44.0,M,Premium,36.32
4532,19/02/2022,Mexico,55.0,F,basic,11.38
4533,17/02/2022,Spain,43.0,F,Premium,36.35
4534,12/04/2022,Mexico,55.0,F,basic,11.89
4535,04/10/2023,Germany,63.0,Other,basic,11.67
4536,13/03/2024,Canada,42.0,F,basic,11.44
4537,06/05/2024,Britain,28.0,F,basic,11.72
4538,16/04/2023,Brazil,25.0,F,Premium,37.86
4539,17/01/2022,Germany,25.0,M,Premium,32.44
4540,08/05/2022,United Kingdom,50.0,M,basic,13.4
4541,28/05/2024,Germany,70.0,F,basic,14.49
4542,11/06/2022,USA,24.0,F,Premium,33.49
4543,28/03/2023,USA,55.0,F,Premium,30.29
4544,13/04/2023,France,38.0,M,Premium,30.24
4545,01/01/2022,Mexico,25.0,,basic,10.69
4546,15/03/2023,United Kingdom,68.0,F,ENTERPRISE,110.99
4547,27/07/2022,Brazil,38.0,M,Premium,37.47
4548,07/12/2023,United Kingdom,37.0,F,basic,11.46
4549,16/05/2022,US,25.0,F,basic,13.25
4550,22/06/2024,United Kingdom,63.0,F,basic,10.2
4551,28/10/2023,US,48.0,F,Premium,32.95
4552,06/11/2022,France,67.0,M,basic,11.16
4553,12/06/2022,France,46.0,M,basic,11.37
4554,14/06/2024,Britain,65.0,F,basic,10.94
4555,16/06/2024,USA,26.0,F,basic,13.08
4556,08/10/2022,Germany,32.0,F,basic,13.3
4557,06/04/2022,Germany,47.0,M,Premium,31.47
4558,02/11/2023,Mexico,43.0,M,basic,13.7
4559,05/01/2023,Italy,27.0,M,basic,11.24
4560,14/09/2022,Italy,46.0,M,basic,11.4
4561,26/03/2022,UK,33.0,F,basic,14.13
4562,16/01/2023,Spain,53.0,F,basic,14.5
4563,12/11/2023,Britain,37.0,M,basic,14.11
4564,27/10/2023,UK,62.0,M,basic,10.73
4565,19/06/2022,UK,54.0,M,Premium,39.98
4566,23/02/2022,United States,39.0,M,basic,13.35
4567,10/02/2023,Mexico,24.0,F,Premium,35.1
4568,03/10/2023,United States,40.0,F,basic,14.76
4569,09/11/2022,Australia,58.0,F,basic,14.08
4570,14/01/2024,Mexico,57.0,M,Premium,36.91
4571,18/12/2023,UK,,F,basic,14.18
4572,13/02/2024,United Kingdom,33.0,M,ENTERPRISE,138.54
4573,28/08/2022,Spain,,F,basic,13.41
4574,16/03/2023,Britain,45.0,F,basic,10.94
4575,03/11/2023,Mexico,65.0,F,basic,14.93
4576,04/04/2022,UK,55.0,M,Premium,35.88
4577,22/12/2023,Brazil,48.0,M,ENTERPRISE,181.41
4578,08/04/2022,Canada,31.0,F,basic,12.03
4579,02/01/2022,Germany,70.0,M,basic,13.78
4580,07/08/2022,Spain,50.0,M,basic,11.93
4581,04/05/2023,United States,26.0,F,Premium,35.89
4582,21/03/2022,Australia,44.0,M,basic,13.88
4583,16/05/2022,Germany,41.0,F,basic,10.57
4584,31/08/2023,Mexico,30.0,M,basic,11.77
4585,20/08/2022,United States,43.0,F,Premium,35.44
4586,16/06/2023,United States,46.0,M,basic,11.66
4587,28/11/2023,Spain,68.0,F,Premium,33.08
4588,01/04/2023,United States,66.0,M,Premium,32.81
4589,10/01/2022,Canada,60.0,F,basic,11.13
4590,09/01/2022,France,45.0,F,basic,14.23
4591,14/12/2023,Australia,45.0,,Premium,39.23
4592,18/12/2022,USA,25.0,M,basic,13.49
4593,16/04/2024,France,40.0,M,basic,10.14
4594,04/05/2022,USA,46.0,M,Premium,37.85
4595,30/05/2024,Italy,22.0,F,ENTERPRISE,153.18
4596,09/03/2023,Brazil,,M,ENTERPRISE,175.8
4597,12/12/2023,Italy,24.0,F,Premium,34.36
4598,16/05/2022,United States,59.0,F,basic,10.2
4599,05/05/2023,Britain,53.0,M,basic,13.4
4600,14/03/2022,Britain,58.0,F,basic,12.21
4601,23/08/2022,USA,44.0,M,basic,14.36
4602,28/01/2023,Germany,63.0,M,basic,13.68
4603,02/04/2022,Spain,19.0,M,basic,11.79
4604,19/01/2024,United States,42.0,F,Premium,37.23
4605,05/04/2024,Spain,,M,ENTERPRISE,149.51
4606,15/04/2022,France,70.0,F,ENTERPRISE,119.93
4607,16/04/2022,Britain,44.0,M,basic,12.09
4608,17/11/2022,United Kingdom,18.0,Other,ENTERPRISE,122.25
4609,12/01/2023,Australia,40.0,F,basic,10.01
4610,21/06/2024,France,27.0,M,basic,11.22
4611,03/11/2022,Brazil,59.0,F,Premium,32.09
4612,21/05/2022,Australia,69.0,F,basic,10.01
4613,27/01/2023,Canada,42.0,M,ENTERPRISE,178.38
4614,03/03/2024,France,20.0,M,basic,10.37
4615,12/04/2024,USA,23.0,M,basic,12.24
4616,11/02/2024,Canada,23.0,F,basic,12.08
4617,14/06/2024,US,70.0,F,Premium,31.8
4618,17/05/2022,France,19.0,M,basic,14.82
4619,19/10/2023,Canada,35.0,M,Premium,36.03
4620,25/11/2023,United States,40.0,F,Premium,38.13
4621,27/05/2022,Australia,,F,Premium,34.95
4622,12/03/2022,UK,29.0,F,basic,13.6
4623,28/06/2023,UK,39.0,Other,basic,14.84
4624,31/07/2023,United States,54.0,M,Premium,33.47
4625,09/01/2022,US,37.0,M,ENTERPRISE,150.42
4626,17/09/2023,Brazil,56.0,,Premium,35.14
4627,28/10/2023,US,41.0,F,basic,14.95
4628,18/06/2022,USA,65.0,M,basic,11.16
4629,27/03/2023,Britain,37.0,M,basic,13.37
4630,26/12/2022,Spain,18.0,F,Premium,31.37
4631,10/01/2024,Australia,18.0,M,basic,14.63
4632,07/08/2022,US,34.0,M,Premium,35.89
4633,06/10/2023,United Kingdom,,F,ENTERPRISE,185.93
4634,06/02/2024,USA,70.0,M,basic,14.47
4635,05/06/2022,Italy,69.0,M,basic,12.78
4636,26/02/2023,Germany,62.0,F,ENTERPRISE,168.19
4637,23/09/2023,Italy,47.0,M,basic,13.48
4638,05/12/2023,Brazil,58.0,M,basic,12.29
4639,30/03/2023,USA,64.0,F,basic,12.16
4640,30/05/2024,Australia,20.0,M,basic,10.92
4641,11/08/2022,Canada,63.0,F,Premium,33.83
4642,30/03/2022,France,28.0,M,basic,14.94
4643,13/04/2022,Spain,41.0,M,basic,11.34
4644,24/05/2022,Germany,39.0,M,Premium,37.61
4645,10/02/2024,Italy,61.0,M,basic,10.29
4646,07/05/2022,Germany,62.0,M,basic,12.33
4647,27/08/2023,United Kingdom,43.0,M,Premium,30.57
4648,18/01/2024,United Kingdom,30.0,F,Premium,34.75
4649,29/01/2023,Canada,18.0,M,basic,10.13
4650,26/12/2022,Brazil,41.0,Other,basic,13.06
4651,16/03/2023,United Kingdom,27.0,M,Premium,35.86
4652,19/11/2022,USA,52.0,M,Premium,37.97
4653,21/03/2024,Spain,41.0,M,basic,12.91
4654,24/05/2022,Australia,45.0,F,basic,14.62
4655,11/09/2022,Canada,53.0,F,basic,13.91
4656,11/10/2022,USA,33.0,F,Premium,31.32
4657,23/10/2023,UK,57.0,M,basic,11.32
4658,28/03/2022,France,33.0,M,Premium,30.25
4659,12/09/2022,Mexico,34.0,F,basic,11.92
4660,21/07/2023,France,68.0,M,Premium,35.09
4661,08/09/2023,United Kingdom,32.0,M,ENTERPRISE,194.58
4662,07/09/2023,UK,33.0,M,basic,12.6
4663,09/01/2024,US,32.0,M,basic,13.9
4664,15/09/2023,US,51.0,M,basic,11.33
4665,19/10/2022,Australia,28.0,F,basic,10.76
4666,08/03/2024,United Kingdom,18.0,F,basic,14.04
4667,09/12/2023,Italy,32.0,F,basic,11.23
4668,28/01/2022,USA,43.0,M,ENTERPRISE,187.12
4669,18/05/2024,United Kingdom,68.0,F,Premium,31.69
4670,17/05/2024,Britain,21.0,F,Premium,38.51
4671,06/11/2023,Germany,60.0,F,basic,13.85
4672,15/06/2024,Australia,22.0,M,basic,13.05
4673,05/11/2022,France,52.0,Other,basic,14.24
4674,30/07/2022,US,30.0,M,basic,11.64
4675,15/06/2023,United States,27.0,F,basic,10.82
4676,14/09/2023,Mexico,,M,basic,10.78
4677,06/06/2023,US,,M,Premium,32.69
4678,13/07/2022,Australia,51.0,M,basic,12.22
4679,05/02/2024,France,56.0,F,basic,14.37
4680,06/02/2023,Australia,58.0,M,basic,10.44
4681,30/10/2022,Germany,59.0,F,ENTERPRISE,191.51
4682,24/10/2023,France,67.0,F,basic,14.62
4683,25/02/2022,Brazil,40.0,F,basic,13.63
4684,13/03/2024,United States,24.0,F,basic,14.49
4685,23/03/2024,United Kingdom,,F,basic,13.84
4686,03/09/2022,Brazil,20.0,F,Premium,35.27
4687,22/05/2023,UK,29.0,M,basic,12.99
4688,31/01/2023,United States,24.0,F,basic,13.13
4689,26/04/2022,France,66.0,F,basic,10.62
4690,04/09/2022,France,43.0,M,Premium,31.92
4691,27/05/2023,Britain,50.0,F,basic,12.61
4692,16/10/2023,Canada,54.0,M,basic,10.57
4693,01/09/2023,Britain,65.0,M,basic,14.81
4694,14/03/2022,Spain,32.0,M,basic,12.53
4695,25/06/2023,Britain,19.0,M,basic,11.89
4696,29/06/2024,USA,58.0,F,basic,10.78
4697,13/01/2022,UK,24.0,F,basic,12.07
4698,05/01/2023,Brazil,49.0,F,basic,11.5
4699,21/11/2022,Germany,21.0,Other,Premium,30.87
4700,16/05/2022,Brazil,,M,basic,14.83
4701,01/02/2023,Brazil,67.0,M,basic,11.31
4702,31/05/2024,United States,70.0,F,basic,13.44
4703,09/05/2024,France,53.0,F,basic,10.45
4704,06/08/2023,Spain,49.0,M,basic,14.56
4705,07/03/2023,Spain,45.0,Other,basic,12.94
4706,10/01/2023,Germany,30.0,F,basic,13.27
4707,14/07/2023,UK,18.0,Other,basic,13.9
4708,01/12/2023,United States,52.0,M,basic,13.02
4709,26/06/2022,US,65.0,M,Premium,30.7
4710,21/02/2024,Australia,47.0,F,basic,12.14
4711,28/04/2023,Britain,53.0,F,basic,11.3
4712,28/02/2024,Australia,42.0,M,basic,12.42
4713,16/03/2022,Australia,33.0,F,basic,12.01
4714,18/01/2022,United Kingdom,36.0,F,basic,14.12
4715,25/08/2023,Australia,18.0,M,basic,11.23
4716,11/03/2022,Spain,22.0,M,basic,11.0
4717,15/01/2022,Britain,68.0,F,basic,14.78
4718,26/09/2022,Britain,39.0,M,basic,14.74
4719,09/08/2022,USA,41.0,F,basic,14.96
4720,10/02/2022,UK,60.0,M,Premium,35.67
4721,03/03/2022,United Kingdom,62.0,F,ENTERPRISE,111.3
4722,19/03/2024,Australia,69.0,F,Premium,38.79
4723,12/02/2023,Canada,54.0,M,basic,10.72
4724,03/06/2023,US,70.0,F,Premium,31.55
4725,21/10/2022,Brazil,,M,basic,10.96
4726,06/10/2023,France,53.0,M,Premium,36.52
4727,31/12/2023,USA,21.0,F,Premium,31.06
4728,29/05/2023,Britain,53.0,Other,Premium,37.77
4729,25/02/2024,Britain,69.0,M,basic,10.28
4730,02/03/2023,Italy,,M,basic,10.54
4731,10/03/2023,United Kingdom,35.0,M,basic,12.16
4732,20/12/2023,Australia,67.0,M,basic,11.89
4733,16/02/2023,United Kingdom,33.0,M,basic,14.94
4734,26/03/2022,Italy,58.0,F,basic,14.82
4735,18/10/2023,Mexico,35.0,M,basic,10.94
4736,04/07/2023,Brazil,39.0,F,ENTERPRISE,194.66
4737,05/07/2023,United Kingdom,19.0,M,basic,13.45
4738,23/09/2023,Britain,38.0,F,basic,12.03
4739,06/06/2022,Spain,53.0,F,Premium,37.39
4740,12/10/2022,United States,61.0,F,ENTERPRISE,190.0
4741,27/03/2022,Britain,56.0,M,basic,10.89
4742,14/11/2022,USA,64.0,,basic,10.97
4743,22/03/2022,UK,56.0,F,basic,12.03
4744,08/06/2023,Mexico,46.0,F,basic,10.84
4745,28/07/2022,Italy,43.0,F,Premium,33.59
4746,07/04/2024,US,38.0,M,Premium,36.45
4747,09/06/2022,France,34.0,F,basic,14.05
4748,04/07/2023,US,33.0,Other,Premium,33.01
4749,01/12/2022,Britain,48.0,F,Premium,32.81
4750,05/02/2023,USA,68.0,F,ENTERPRISE,177.96
4751,24/08/2023,Australia,26.0,F,ENTERPRISE,138.09
4752,12/10/2023,Britain,48.0,F,basic,14.08
4753,21/02/2024,UK,31.0,F,basic,14.96
4754,04/05/2024,Spain,66.0,F,basic,14.89
4755,28/10/2023,Brazil,54.0,M,ENTERPRISE,166.26
4756,29/11/2023,Canada,19.0,F,ENTERPRISE,137.51
4757,21/10/2023,France,69.0,F,basic,10.32
4758,09/03/2022,UK,65.0,M,basic,13.68
4759,14/11/2022,Italy,63.0,M,basic,14.88
4760,17/12/2023,Australia,31.0,F,Premium,30.67
4761,24/03/2023,Italy,50.0,F,basic,10.02
4762,18/01/2024,Britain,52.0,M,basic,14.15
4763,16/05/2024,USA,56.0,F,basic,10.5
4764,02/09/2022,UK,64.0,F,Premium,30.81
4765,01/03/2022,Germany,68.0,M,Premium,39.09
4766,08/09/2022,Australia,37.0,M,basic,10.39
4767,30/03/2022,USA,19.0,F,basic,10.56
4768,21/03/2023,Spain,,F,Premium,35.69
4769,29/04/2022,Australia,58.0,M,ENTERPRISE,175.67
4770,10/04/2023,Italy,36.0,M,basic,11.99
4771,19/09/2023,Australia,54.0,,basic,12.09
4772,16/09/2023,Canada,35.0,F,basic,13.15
4773,26/02/2022,Britain,33.0,M,basic,12.52
4774,13/11/2022,United Kingdom,21.0,F,basic,10.08
4775,14/11/2023,Italy,29.0,M,basic,10.56
4776,30/01/2024,Canada,46.0,F,basic,12.9
4777,05/11/2023,Mexico,24.0,M,Premium,37.93
4778,29/01/2024,France,31.0,F,basic,13.81
4779,29/06/2022,United States,29.0,F,basic,13.69
4780,03/05/2022,United Kingdom,52.0,M,basic,13.85
4781,13/01/2022,Britain,22.0,M,basic,10.21
4782,26/12/2023,Germany,34.0,F,basic,14.47
4783,21/05/2022,United Kingdom,59.0,M,Premium,38.88
4784,20/12/2023,France,49.0,F,basic,12.65
4785,12/01/2022,USA,27.0,M,basic,11.23
4786,17/06/2022,Germany,60.0,M,basic,12.95
4787,24/05/2023,Italy,34.0,F,Premium,35.57
4788,22/12/2022,Germany,22.0,F,basic,11.1
4789,20/06/2023,UK,62.0,,basic,13.01
4790,14/06/2023,France,59.0,M,basic,13.98
4791,12/03/2024,Mexico,26.0,M,basic,14.02
4792,22/04/2024,Australia,66.0,F,Premium,30.59
4793,09/01/2024,Canada,50.0,M,basic,10.98
4794,23/09/2022,United Kingdom,53.0,M,Premium,36.67
4795,20/06/2022,UK,53.0,M,basic,14.29
4796,16/01/2023,Brazil,35.0,M,ENTERPRISE,152.11
4797,10/05/2022,Germany,26.0,F,basic,13.53
4798,07/02/2024,UK,46.0,F,Premium,30.2
4799,10/03/2024,US,67.0,F,basic,13.03
4800,13/06/2024,France,31.0,F,basic,14.8
4801,03/10/2022,Canada,42.0,F,basic,13.3
4802,21/01/2024,Spain,32.0,F,Premium,39.21
4803,26/06/2024,USA,23.0,F,basic,12.82
4804,01/05/2022,Germany,59.0,M,basic,14.21
4805,29/02/2024,France,46.0,M,basic,10.61
4806,31/01/2022,Spain,32.0,F,ENTERPRISE,112.34
4807,10/12/2022,Spain,46.0,M,basic,10.59
4808,06/04/2024,Brazil,21.0,M,basic,12.43
4809,16/03/2023,Britain,35.0,F,ENTERPRISE,133.02
4810,06/10/2022,Canada,67.0,F,ENTERPRISE,171.91
4811,21/06/2023,UK,66.0,F,basic,14.5
4812,07/03/2022,Spain,61.0,M,Premium,36.18
4813,27/09/2022,US,56.0,Other,basic,11.06
4814,31/12/2023,Brazil,33.0,F,basic,14.64
4815,14/08/2023,France,28.0,F,Premium,35.27
4816,05/10/2023,Brazil,31.0,M,Premium,37.19
4817,20/03/2022,United States,20.0,,basic,14.44
4818,24/05/2023,United States,68.0,M,basic,14.94
4819,12/04/2023,Australia,67.0,M,basic,12.52
4820,08/06/2023,Brazil,59.0,M,Premium,38.07
4821,04/01/2023,Australia,55.0,M,ENTERPRISE,156.68
4822,26/02/2022,Germany,62.0,F,basic,12.42
4823,27/05/2023,Australia,59.0,F,Premium,35.37
4824,29/05/2024,Italy,35.0,F,basic,12.41
4825,04/08/2023,UK,37.0,M,Premium,34.2
4826,20/06/2022,Italy,65.0,M,basic,13.61
4827,12/01/2023,Spain,42.0,M,basic,11.24
4828,11/06/2022,France,55.0,M,basic,13.07
4829,19/09/2022,Germany,30.0,M,ENTERPRISE,171.29
4830,02/03/2024,United Kingdom,21.0,F,basic,14.45
4831,16/04/2022,Spain,31.0,F,basic,11.65
4832,11/08/2023,UK,50.0,,Premium,38.6
4833,22/11/2023,United States,45.0,F,basic,14.72
4834,11/01/2024,Canada,69.0,F,basic,13.23
4835,29/04/2022,Australia,54.0,F,basic,13.85
4836,22/08/2022,Britain,25.0,F,Premium,34.05
4837,29/01/2024,France,61.0,F,basic,14.75
4838,06/06/2023,USA,51.0,,basic,13.34
4839,03/01/2022,Canada,61.0,F,basic,11.54
4840,15/02/2022,Italy,22.0,M,ENTERPRISE,140.42
4841,29/05/2024,Australia,22.0,F,basic,13.08
4842,02/06/2024,Germany,48.0,F,basic,11.16
4843,13/01/2022,Italy,62.0,F,Premium,37.53
4844,08/09/2022,France,26.0,M,basic,11.11
4845,17/02/2022,Italy,59.0,M,basic,12.95
4846,29/04/2023,France,49.0,F,ENTERPRISE,169.69
4847,08/01/2023,Italy,50.0,,basic,14.29
4848,28/01/2023,Canada,,M,Premium,37.33
4849,03/06/2022,Brazil,47.0,F,Premium,37.98
4850,03/07/2022,US,67.0,F,basic,14.55
4851,28/05/2024,Canada,29.0,M,basic,12.98
4852,06/02/2022,Brazil,46.0,F,ENTERPRISE,184.62
4853,21/07/2023,United Kingdom,20.0,M,Premium,32.31
4854,02/04/2024,Spain,43.0,F,basic,14.06
4855,02/01/2024,Spain,47.0,F,basic,11.1
4856,29/01/2024,UK,26.0,F,Premium,39.34
4857,03/11/2023,Australia,43.0,F,basic,11.64
4858,06/03/2023,Canada,19.0,M,basic,10.85
4859,18/08/2022,Canada,20.0,F,ENTERPRISE,114.81
4860,26/11/2022,USA,63.0,F,basic,10.93
4861,12/09/2022,USA,21.0,F,Premium,34.47
4862,03/03/2023,UK,,M,Premium,35.21
4863,08/01/2024,Britain,68.0,M,basic,14.56
4864,24/11/2022,Spain,30.0,F,Premium,33.8
4865,05/10/2022,Britain,,F,basic,11.08
4866,25/04/2024,Australia,61.0,M,basic,13.71
4867,21/03/2022,France,52.0,Other,basic,10.66
4868,09/08/2023,France,40.0,F,basic,14.45
4869,17/01/2023,Mexico,26.0,F,Premium,34.08
4870,03/05/2022,United States,19.0,F,ENTERPRISE,161.37
4871,30/05/2023,Italy,58.0,F,Premium,31.85
4872,21/11/2023,USA,61.0,F,basic,10.72
4873,23/02/2022,United States,48.0,M,Premium,37.98
4874,03/07/2022,United Kingdom,61.0,F,basic,12.14
4875,17/08/2022,UK,64.0,F,basic,14.92
4876,03/04/2024,UK,19.0,F,basic,12.61
4877,13/06/2023,France,49.0,F,basic,14.22
4878,17/02/2022,Canada,35.0,M,basic,14.89
4879,15/02/2023,Spain,30.0,M,basic,11.4
4880,12/03/2022,Britain,63.0,F,basic,13.99
4881,17/06/2024,USA,,M,basic,10.1
4882,22/04/2023,United States,59.0,F,ENTERPRISE,167.97
4883,05/06/2024,Britain,61.0,M,ENTERPRISE,174.51
4884,17/10/2022,Canada,27.0,M,Premium,34.76
4885,03/03/2024,United States,60.0,M,basic,10.8
4886,15/05/2024,Brazil,42.0,F,Premium,36.16
4887,15/11/2022,Italy,51.0,F,Premium,38.97
4888,02/12/2022,United Kingdom,54.0,F,Premium,39.3
4889,30/03/2022,Mexico,47.0,F,basic,13.72
4890,21/07/2023,United Kingdom,24.0,M,basic,11.31
4891,13/04/2023,Britain,23.0,M,basic,14.34
4892,09/01/2022,Britain,20.0,F,basic,14.43
4893,13/01/2023,Mexico,,F,basic,11.83
4894,25/07/2022,Britain,20.0,M,Premium,31.82
4895,26/10/2022,Mexico,43.0,F,Premium,38.74
4896,01/08/2023,United States,41.0,F,basic,14.42
4897,14/03/2024,Mexico,70.0,M,basic,10.49
4898,08/11/2022,Italy,23.0,M,Premium,39.66
4899,28/01/2024,Mexico,60.0,F,basic,12.66
4900,30/09/2023,Brazil,66.0,M,basic,14.96
4901,06/09/2022,Mexico,59.0,M,Premium,34.44
4902,21/04/2023,US,29.0,F,basic,12.66
4903,13/01/2023,Mexico,66.0,M,Premium,32.65
4904,29/08/2023,Britain,53.0,F,Premium,38.98
4905,21/05/2023,Brazil,19.0,M,Premium,34.43
4906,02/03/2024,Spain,28.0,F,basic,14.06
4907,05/03/2024,Australia,56.0,F,basic,10.39
4908,20/07/2022,Brazil,51.0,M,basic,13.93
4909,21/01/2024,Canada,43.0,M,basic,12.44
4910,14/07/2023,Australia,35.0,F,basic,10.02
4911,18/02/2024,USA,38.0,F,Premium,32.25
4912,26/03/2024,USA,53.0,F,ENTERPRISE,119.36
4913,09/09/2022,Canada,57.0,M,Premium,37.51
4914,04/06/2022,Brazil,69.0,F,basic,12.38
4915,07/01/2022,United States,63.0,F,Premium,31.59
4916,24/02/2023,Canada,61.0,F,basic,11.27
4917,25/01/2022,Australia,39.0,F,basic,12.51
4918,27/08/2022,Australia,70.0,M,Premium,30.19
4919,09/07/2023,Britain,47.0,F,basic,12.11
4920,21/12/2022,France,67.0,M,basic,13.38
4921,14/10/2023,UK,60.0,M,Premium,35.17
4922,09/05/2024,US,47.0,F,basic,12.98
4923,12/12/2023,Australia,25.0,Other,ENTERPRISE,132.65
4924,17/06/2024,Spain,51.0,M,basic,10.91
4925,10/01/2022,Canada,64.0,F,Premium,38.09
4926,10/12/2022,Italy,,M,basic,14.52
4927,02/01/2022,Mexico,,F,basic,12.54
4928,17/02/2024,France,37.0,F,basic,11.52
4929,05/11/2023,Australia,57.0,M,Premium,35.1
4930,21/01/2023,Canada,42.0,M,Premium,38.78
4931,19/05/2024,United Kingdom,36.0,M,Premium,36.9
4932,26/01/2024,France,22.0,M,ENTERPRISE,185.85
4933,15/01/2024,United States,28.0,M,Premium,33.27
4934,11/11/2022,US,32.0,F,basic,13.55
4935,17/04/2022,Germany,25.0,M,Premium,36.52
4936,30/07/2022,Germany,36.0,F,basic,12.85
4937,27/06/2023,Britain,40.0,M,basic,12.63
4938,01/09/2022,Britain,44.0,F,basic,12.74
4939,06/03/2023,United States,57.0,M,basic,14.24
4940,19/05/2023,Italy,49.0,M,Premium,39.15
4941,03/03/2022,Britain,43.0,F,basic,10.55
4942,26/05/2022,UK,44.0,M,Premium,35.68
4943,30/12/2023,Australia,36.0,F,ENTERPRISE,191.83
4944,14/10/2022,US,67.0,F,basic,10.66
4945,06/04/2022,Brazil,59.0,F,Premium,34.12
4946,14/02/2022,Canada,46.0,M,Premium,30.88
4947,26/08/2022,Brazil,56.0,M,basic,10.56
4948,15/05/2024,United States,58.0,F,Premium,39.03
4949,17/06/2023,USA,50.0,F,basic,12.22
4950,27/02/2023,Canada,36.0,M,basic,13.43
4951,19/12/2023,Canada,54.0,M,basic,10.68
4952,17/01/2023,United Kingdom,36.0,M,basic,10.1
4953,15/04/2023,United States,50.0,F,basic,14.44
4954,05/02/2024,United States,64.0,M,basic,12.86
4955,28/03/2022,Germany,33.0,F,basic,10.09
4956,18/08/2023,Spain,40.0,M,Premium,39.91
4957,08/04/2022,Brazil,24.0,M,Premium,34.91
4958,02/06/2023,Italy,43.0,M,basic,12.37
4959,17/05/2022,Spain,49.0,F,basic,13.09
4960,15/10/2023,Mexico,29.0,M,basic,10.03
4961,19/04/2024,UK,25.0,M,Premium,35.68
4962,08/02/2023,Mexico,22.0,M,basic,13.14
4963,18/03/2022,USA,59.0,M,basic,11.47
4964,30/08/2023,Canada,45.0,M,basic,13.62
4965,05/08/2023,Germany,70.0,F,Premium,33.76
4966,05/03/2022,USA,22.0,F,basic,13.58
4967,22/03/2023,Canada,66.0,M,basic,10.71
4968,10/11/2023,UK,43.0,F,Premium,39.13
4969,14/05/2022,Spain,22.0,M,Premium,38.78
4970,31/08/2022,United States,39.0,M,Premium,31.5
4971,26/10/2022,Britain,32.0,Other,basic,14.68
4972,25/09/2022,Brazil,30.0,F,Premium,35.57
4973,21/05/2024,Britain,45.0,Other,basic,13.5
4974,19/11/2022,Australia,50.0,M,basic,14.19
4975,31/03/2024,France,,M,basic,10.41
4976,07/02/2023,United Kingdom,40.0,F,basic,10.84
4977,19/12/2023,Italy,50.0,F,basic,11.44
4978,01/05/2024,UK,60.0,M,basic,12.38
4979,24/01/2024,United Kingdom,35.0,F,basic,11.72
4980,01/12/2022,Australia,67.0,F,basic,12.52
4981,22/11/2022,Australia,70.0,M,Premium,31.85
4982,09/04/2023,Italy,47.0,F,basic,13.4
4983,06/10/2022,Canada,43.0,F,ENTERPRISE,105.56
4984,28/08/2022,United Kingdom,33.0,M,basic,11.8
4985,18/03/2022,Spain,30.0,Other,basic,10.89
4986,27/07/2022,Italy,56.0,M,basic,13.64
4987,20/05/2022,Australia,50.0,M,Premium,38.83
4988,09/03/2024,Spain,43.0,F,Premium,30.78
4989,28/02/2024,United States,65.0,Other,ENTERPRISE,178.49
4990,22/08/2023,Germany,18.0,F,basic,14.47
4991,22/04/2022,Spain,66.0,F,basic,14.86
4992,09/06/2022,Canada,55.0,F,Premium,35.78
4993,19/04/2022,Britain,19.0,F,Premium,33.26
4994,18/06/2022,United Kingdom,66.0,M,ENTERPRISE,132.19
4995,06/04/2023,Canada,23.0,F,basic,11.88
4996,23/04/2023,France,63.0,F,Premium,36.12
4997,18/11/2022,Brazil,67.0,M,basic,12.44
4998,21/02/2023,US,55.0,F,basic,13.26
4999,04/05/2022,Australia,59.0,F,basic,10.19
5000,03/07/2023,Brazil,41.0,F,Premium,31.05
