ticket_id,customer_id,created_date,resolved_date,category,priority,satisfaction_score
1,4110,2024/03/29 00:00:00,2024/03/29 08:51:44,Technical,Medium,
2,4110,2024/03/04 00:00:00,2024/03/04 12:08:22,Billing,Low,
3,4110,2024/03/27 00:00:00,2024/03/27 01:09:27,Technical,Medium,5.0
4,2990,2024/12/22 00:00:00,2024/12/23 03:33:56,Technical,Low,
5,3341,2024/01/03 00:00:00,2024/01/05 16:12:29,Technical,High,
6,3341,2024/10/01 00:00:00,2024/10/01 04:40:00,Technical,Medium,
7,3341,2024/06/02 00:00:00,2024/06/02 13:02:55,General,Low,1.0
8,3341,2024/09/20 00:00:00,,Technical,High,
9,3341,2024/03/29 00:00:00,,Technical,Medium,
10,2669,2024/05/06 00:00:00,2024/05/06 09:53:15,Billing,Low,
11,2669,2024/06/19 00:00:00,2024/06/20 00:14:06,Technical,Medium,
12,2669,2024/04/25 00:00:00,2024/04/25 04:19:11,General,Low,
13,4175,2024/01/24 00:00:00,,Technical,Low,
14,4175,2024/11/04 00:00:00,,General,Low,
15,4175,2024/05/22 00:00:00,2024/05/22 02:51:45,General,Medium,4.0
16,4352,2024/06/12 00:00:00,2024/06/12 08:36:06,Technical,High,4.0
17,4352,2024/09/04 00:00:00,2024/09/04 11:12:02,General,Low,4.0
18,4352,2024/08/03 00:00:00,2024/08/03 15:26:05,Technical,Medium,
19,4352,2024/12/18 00:00:00,2024/12/18 23:18:36,General,Medium,
20,113,2024/01/21 00:00:00,2024/01/22 05:39:51,Technical,Medium,4.0
21,113,2024/06/13 00:00:00,2024/06/13 18:33:38,Billing,Medium,5.0
22,113,2024/11/08 00:00:00,2024/11/09 05:25:49,Billing,Medium,
23,113,2024/08/03 00:00:00,,General,Medium,
24,2381,2024/07/26 00:00:00,2024/07/26 03:48:34,Technical,Low,
25,1781,2024/04/18 00:00:00,2024/04/19 03:25:51,Billing,Low,
26,1781,2024/09/13 00:00:00,2024/09/14 02:39:28,Technical,Medium,3.0
27,2267,2024/03/11 00:00:00,2024/03/12 15:48:39,Billing,Low,
28,2267,2024/01/10 00:00:00,2024/01/10 18:13:52,Billing,Low,4.0
29,2267,2024/03/14 00:00:00,2024/03/14 03:24:37,General,Low,
30,2267,2024/06/11 00:00:00,2024/06/11 04:04:53,Technical,Low,
31,3103,2024/09/19 00:00:00,2024/09/19 16:31:37,Technical,Medium,5.0
32,3103,2024/12/12 00:00:00,2024/12/12 08:54:30,Technical,Low,3.0
33,3103,2024/10/14 00:00:00,2024/10/15 03:20:37,Technical,Medium,
34,2747,2024/12/24 00:00:00,,Billing,Medium,
35,2747,2024/08/16 00:00:00,2024/08/17 22:53:55,Technical,Medium,2.0
36,2747,2024/04/12 00:00:00,2024/04/12 09:56:14,Technical,Medium,3.0
37,2747,2024/10/30 00:00:00,2024/10/30 08:34:33,Technical,Medium,3.0
38,2364,2024/01/02 00:00:00,2024/01/03 22:22:52,Billing,Low,4.0
39,2364,2024/12/30 00:00:00,2024/12/30 19:05:11,Billing,Low,
40,2364,2024/08/31 00:00:00,2024/08/31 17:26:29,Billing,High,3.0
41,2364,2024/04/11 00:00:00,2024/04/12 05:50:38,Technical,Low,2.0
42,2364,2024/11/02 00:00:00,2024/11/04 05:38:45,Billing,Low,5.0
43,2444,2024/05/01 00:00:00,2024/05/02 16:11:33,Billing,Low,
44,2444,2024/08/27 00:00:00,2024/08/27 10:08:17,Billing,Low,4.0
45,2444,2024/05/04 00:00:00,2024/05/05 06:01:55,Billing,Medium,3.0
46,2463,2024/07/10 00:00:00,2024/07/10 15:02:08,Billing,Low,1.0
47,3262,2024/09/22 00:00:00,2024/09/22 18:43:09,Technical,Medium,3.0
48,3262,2024/09/07 00:00:00,2024/09/07 17:29:34,Technical,High,5.0
49,3262,2024/03/28 00:00:00,2024/03/28 20:16:36,Technical,Low,
50,3262,2024/10/28 00:00:00,2024/10/28 02:04:40,Technical,Low,
51,4744,2024/03/01 00:00:00,2024/03/01 12:30:06,Technical,Low,5.0
52,4744,2024/11/15 00:00:00,2024/11/15 11:41:15,Billing,High,2.0
53,3809,2024/10/20 00:00:00,2024/10/20 06:53:05,Billing,Low,
54,3809,2024/08/23 00:00:00,2024/08/23 09:08:04,Technical,Low,5.0
55,3809,2024/07/14 00:00:00,2024/07/14 00:54:42,Billing,High,
56,3809,2024/12/27 00:00:00,,Technical,Medium,
57,1416,2024/06/16 00:00:00,2024/06/16 08:13:36,Billing,Medium,3.0
58,1416,2024/03/18 00:00:00,2024/03/18 15:51:39,Technical,Low,4.0
59,1416,2024/09/11 00:00:00,2024/09/11 18:48:32,Technical,Low,5.0
60,3261,2024/04/19 00:00:00,,General,High,
61,3261,2024/05/22 00:00:00,2024/05/22 17:44:45,Billing,Low,5.0
62,3261,2024/11/14 00:00:00,2024/11/14 09:32:39,General,Low,3.0
63,3261,2024/04/03 00:00:00,,Technical,Low,
64,56,2024/04/25 00:00:00,2024/04/25 03:19:45,Billing,Medium,4.0
65,56,2024/02/03 00:00:00,2024/02/03 17:33:23,General,Low,4.0
66,56,2024/02/05 00:00:00,2024/02/06 10:52:49,Technical,Medium,
67,56,2024/04/23 00:00:00,2024/04/23 14:43:54,General,High,4.0
68,56,2024/01/24 00:00:00,2024/01/24 12:33:30,Technical,Medium,
69,4880,2024/10/16 00:00:00,2024/10/16 16:06:59,Technical,Medium,
70,4880,2024/08/28 00:00:00,,General,Medium,
71,4880,2024/01/10 00:00:00,2024/01/10 13:42:19,Technical,Low,
72,4880,2024/02/18 00:00:00,,Technical,High,
73,2068,2024/06/16 00:00:00,2024/06/16 23:33:32,Technical,Low,5.0
74,2068,2024/11/28 00:00:00,2024/11/28 21:47:53,Technical,Low,2.0
75,3173,2024/06/08 00:00:00,,Technical,Low,
76,3173,2024/03/22 00:00:00,2024/03/23 11:36:33,Billing,High,3.0
77,3173,2024/07/19 00:00:00,2024/07/19 15:50:28,Billing,Low,5.0
78,4924,2024/01/04 00:00:00,2024/01/05 22:12:33,General,Medium,
79,4924,2024/05/22 00:00:00,2024/05/22 16:33:59,Billing,Medium,5.0
80,4660,2024/04/10 00:00:00,2024/04/10 07:06:46,Technical,Medium,2.0
81,4660,2024/04/16 00:00:00,,General,High,
82,4660,2024/10/24 00:00:00,,Billing,Medium,
83,4660,2024/03/18 00:00:00,2024/03/18 01:29:08,Technical,Medium,5.0
84,4660,2024/08/19 00:00:00,2024/08/19 10:12:31,Billing,Medium,
85,2128,2024/04/25 00:00:00,2024/04/26 15:12:59,General,High,
86,2128,2024/11/02 00:00:00,2024/11/02 20:01:32,Technical,Medium,4.0
87,2128,2024/06/15 00:00:00,2024/06/16 14:06:32,Technical,Low,5.0
88,2128,2024/03/21 00:00:00,2024/03/21 21:12:57,Billing,High,
89,2128,2024/07/03 00:00:00,2024/07/03 11:56:26,Billing,Medium,3.0
90,1791,2024/08/08 00:00:00,2024/08/09 11:52:54,Technical,Medium,4.0
91,4403,2024/04/01 00:00:00,2024/04/01 05:37:38,Technical,Low,2.0
92,4403,2024/07/01 00:00:00,2024/07/01 07:49:52,Technical,Medium,
93,4403,2024/09/16 00:00:00,2024/09/16 13:28:41,Technical,Low,3.0
94,1239,2024/07/03 00:00:00,2024/07/03 17:33:01,General,Medium,4.0
95,1239,2024/08/19 00:00:00,2024/08/20 09:49:51,Billing,Medium,4.0
96,1239,2024/01/08 00:00:00,2024/01/09 01:27:25,Technical,Low,5.0
97,1340,2024/05/15 00:00:00,2024/05/15 15:28:08,Billing,Low,5.0
98,1340,2024/02/16 00:00:00,2024/02/17 01:15:32,Billing,Low,2.0
99,1340,2024/09/25 00:00:00,2024/09/26 11:01:16,General,Low,5.0
100,3524,2024/06/17 00:00:00,,General,High,
101,3524,2024/03/20 00:00:00,2024/03/21 00:27:14,Technical,Low,5.0
102,3524,2024/10/22 00:00:00,,Billing,Low,
103,2315,2024/07/29 00:00:00,,Technical,Low,
104,4394,2024/03/03 00:00:00,2024/03/04 03:23:39,Billing,Low,
105,4394,2024/05/13 00:00:00,2024/05/13 12:27:22,Technical,Low,5.0
106,4394,2024/11/25 00:00:00,,Billing,Medium,
107,4394,2024/06/18 00:00:00,2024/06/19 03:06:13,Billing,Low,4.0
108,325,2024/08/22 00:00:00,2024/08/23 04:44:04,Billing,Low,
109,325,2024/09/09 00:00:00,2024/09/09 08:58:54,Billing,Low,4.0
110,325,2024/06/12 00:00:00,2024/06/12 11:33:44,General,Medium,
111,325,2024/09/19 00:00:00,2024/09/19 15:48:30,Technical,Medium,2.0
112,1562,2024/10/21 00:00:00,2024/10/21 07:09:07,Technical,High,
113,1562,2024/04/30 00:00:00,2024/04/30 08:38:33,Technical,Medium,
114,1562,2024/03/28 00:00:00,2024/03/28 05:23:40,Billing,Low,
115,746,2024/04/19 00:00:00,2024/04/19 05:33:39,General,High,3.0
116,746,2024/07/07 00:00:00,2024/07/07 23:13:24,Technical,High,
117,746,2024/05/07 00:00:00,2024/05/07 03:20:02,Technical,Low,3.0
118,2146,2024/09/16 00:00:00,2024/09/16 07:22:46,Billing,Low,5.0
119,2146,2024/01/27 00:00:00,2024/01/27 19:02:06,Technical,Medium,
120,2146,2024/10/18 00:00:00,2024/10/18 04:11:58,Billing,Medium,3.0
121,1409,2024/11/16 00:00:00,2024/11/16 08:09:10,Technical,Low,4.0
122,1409,2024/09/05 00:00:00,,Billing,Low,
123,1409,2024/05/12 00:00:00,2024/05/12 04:27:16,Billing,High,3.0
124,4650,2024/06/17 00:00:00,2024/06/17 19:21:06,General,High,4.0
125,4650,2024/09/25 00:00:00,2024/09/25 06:21:49,Technical,Medium,5.0
126,4650,2024/01/14 00:00:00,2024/01/14 16:47:42,Billing,Medium,
127,4650,2024/11/06 00:00:00,2024/11/06 22:35:33,Billing,High,
128,4650,2024/09/23 00:00:00,2024/09/23 09:52:05,Technical,Medium,
129,3369,2024/06/21 00:00:00,,Billing,Low,
130,1335,2024/06/26 00:00:00,2024/06/29 15:27:25,Technical,Low,5.0
131,1335,2024/03/16 00:00:00,2024/03/16 13:34:10,Technical,Medium,
132,1335,2024/05/17 00:00:00,2024/05/18 03:47:00,Technical,Low,
133,1335,2024/09/13 00:00:00,2024/09/13 03:44:24,Technical,High,5.0
134,1335,2024/11/09 00:00:00,,General,Medium,
135,855,2024/04/10 00:00:00,2024/04/10 10:10:20,Technical,Medium,
136,855,2024/01/16 00:00:00,2024/01/16 03:46:08,General,Medium,4.0
137,4011,2024/03/24 00:00:00,,Billing,Medium,
138,4011,2024/07/20 00:00:00,2024/07/20 08:52:55,Billing,Medium,
139,4011,2024/04/08 00:00:00,2024/04/08 12:54:37,General,Medium,4.0
140,4011,2024/06/26 00:00:00,2024/06/26 09:25:48,General,Medium,
141,4011,2024/07/01 00:00:00,2024/07/01 06:59:39,Technical,Medium,5.0
142,1765,2024/03/12 00:00:00,2024/03/12 12:00:03,Billing,Medium,
143,1505,2024/01/31 00:00:00,,Technical,Medium,
144,1505,2024/06/04 00:00:00,2024/06/04 12:53:30,Technical,Low,5.0
145,1505,2024/04/01 00:00:00,2024/04/01 07:03:56,Billing,High,5.0
146,1505,2024/09/05 00:00:00,2024/09/05 07:40:33,General,Medium,
147,1505,2024/08/07 00:00:00,,Technical,Medium,
148,4808,2024/01/13 00:00:00,2024/01/14 22:31:50,Technical,Medium,3.0
149,4808,2024/12/21 00:00:00,2024/12/22 08:00:55,Technical,Low,
150,4808,2024/04/23 00:00:00,2024/04/23 10:27:46,Billing,Low,3.0
151,1771,2024/05/16 00:00:00,2024/05/16 15:26:24,Technical,Low,5.0
152,1771,2024/02/29 00:00:00,2024/02/29 20:27:49,Technical,Medium,3.0
153,3792,2024/08/23 00:00:00,2024/08/24 20:53:25,Technical,Low,
154,3792,2024/07/25 00:00:00,2024/07/25 05:21:11,Billing,Low,4.0
155,3183,2024/03/19 00:00:00,2024/03/19 10:25:44,Billing,Low,
156,3183,2024/08/13 00:00:00,2024/08/13 12:20:55,Technical,Low,5.0
157,3183,2024/06/16 00:00:00,2024/06/16 12:47:08,Technical,Low,
158,3183,2024/11/06 00:00:00,2024/11/06 02:33:46,General,High,2.0
159,1598,2024/04/10 00:00:00,2024/04/11 19:58:06,Technical,Low,
160,1598,2024/07/13 00:00:00,2024/07/13 16:57:00,Billing,Low,
161,3974,2024/02/15 00:00:00,,Billing,Low,
162,3974,2024/01/30 00:00:00,2024/01/31 12:04:58,Technical,High,2.0
163,4115,2024/01/07 00:00:00,2024/01/07 12:12:19,Technical,Low,5.0
164,2629,2024/07/11 00:00:00,,Technical,Low,
165,2629,2024/01/09 00:00:00,2024/01/10 02:14:49,Technical,Low,
166,3020,2024/05/20 00:00:00,2024/05/20 11:51:57,Billing,Low,
167,3020,2024/08/03 00:00:00,2024/08/03 03:04:10,General,Medium,
168,3020,2024/05/17 00:00:00,2024/05/17 04:50:10,Billing,Low,5.0
169,3020,2024/12/24 00:00:00,2024/12/24 10:27:11,Technical,Medium,
170,1788,2024/01/07 00:00:00,,Billing,Medium,
171,1788,2024/05/05 00:00:00,2024/05/05 17:18:25,Billing,Low,
172,1788,2024/03/01 00:00:00,2024/03/01 23:46:37,Technical,Low,4.0
173,1788,2024/01/23 00:00:00,,Billing,High,
174,4537,2024/02/05 00:00:00,2024/02/05 08:32:16,General,Low,
175,4537,2024/12/08 00:00:00,2024/12/08 11:48:23,Technical,Medium,5.0
176,3587,2024/12/01 00:00:00,2024/12/02 02:53:08,Technical,Low,
177,2627,2024/03/31 00:00:00,2024/03/31 20:15:30,Billing,Medium,4.0
178,2627,2024/04/01 00:00:00,2024/04/02 04:14:07,Billing,Low,5.0
179,2627,2024/12/04 00:00:00,,General,High,
180,168,2024/09/18 00:00:00,2024/09/18 04:30:37,Technical,Medium,
181,168,2024/10/25 00:00:00,2024/10/25 15:34:34,Technical,Medium,5.0
182,168,2024/07/24 00:00:00,2024/07/24 07:54:45,Billing,Low,4.0
183,2127,2024/08/10 00:00:00,2024/08/10 12:43:58,Technical,Low,2.0
184,2127,2024/11/12 00:00:00,2024/11/12 04:30:27,Technical,High,
185,3250,2024/12/08 00:00:00,,Technical,Low,
186,4753,2024/10/16 00:00:00,2024/10/16 19:25:33,Technical,Low,3.0
187,4753,2024/07/06 00:00:00,2024/07/06 11:30:20,General,Medium,3.0
188,4753,2024/08/11 00:00:00,2024/08/11 04:54:06,Billing,Medium,
189,4566,2024/11/04 00:00:00,2024/11/04 20:17:06,General,Low,4.0
190,1841,2024/05/01 00:00:00,2024/05/02 02:40:04,Billing,Low,
191,3707,2024/12/14 00:00:00,2024/12/14 19:04:21,General,High,
192,1653,2024/08/31 00:00:00,,Technical,Medium,
193,2997,2024/05/07 00:00:00,2024/05/07 04:48:35,Billing,Low,5.0
194,2997,2024/01/05 00:00:00,2024/01/05 08:04:50,Billing,Medium,
195,1657,2024/06/22 00:00:00,2024/06/23 18:30:39,Technical,Medium,4.0
196,1657,2024/11/10 00:00:00,2024/11/10 10:28:18,General,Low,5.0
197,2171,2024/12/10 00:00:00,2024/12/10 01:12:37,Technical,Low,
198,2171,2024/11/03 00:00:00,2024/11/03 03:44:02,General,Medium,3.0
199,83,2024/12/17 00:00:00,2024/12/18 00:32:03,Technical,Low,5.0
200,2429,2024/02/28 00:00:00,2024/02/28 06:05:29,General,High,
201,2429,2024/07/26 00:00:00,,General,Low,
202,2429,2024/05/03 00:00:00,2024/05/03 12:30:56,General,Low,4.0
203,2429,2024/03/14 00:00:00,2024/03/14 10:10:04,Technical,Low,
204,4419,2024/03/13 00:00:00,2024/03/13 20:56:48,Technical,Medium,2.0
205,4419,2024/04/10 00:00:00,2024/04/10 22:12:54,Technical,Medium,2.0
206,4419,2024/06/08 00:00:00,,General,Medium,
207,4419,2024/09/28 00:00:00,2024/09/28 18:52:19,Technical,Low,5.0
208,2751,2024/08/06 00:00:00,2024/08/06 20:56:42,Billing,Low,
209,2751,2024/06/13 00:00:00,2024/06/13 06:14:05,Technical,Low,
210,2751,2024/08/26 00:00:00,,Technical,Medium,
211,2751,2024/02/15 00:00:00,2024/02/16 05:48:28,Technical,Low,4.0
212,2751,2024/03/26 00:00:00,2024/03/26 20:11:27,Billing,High,4.0
213,1128,2024/03/08 00:00:00,2024/03/09 00:04:14,Billing,Low,
214,1128,2024/07/26 00:00:00,2024/07/27 06:55:13,Technical,Low,
215,4651,2024/08/04 00:00:00,2024/08/04 09:44:51,Technical,Low,
216,4651,2024/08/18 00:00:00,2024/08/18 16:15:02,Technical,Low,
217,4651,2024/04/26 00:00:00,2024/04/27 16:37:34,Technical,Medium,
218,3564,2024/08/10 00:00:00,2024/08/10 06:45:59,Technical,Low,5.0
219,3564,2024/11/07 00:00:00,2024/11/07 15:05:40,Billing,Medium,
220,3564,2024/01/06 00:00:00,,Technical,Low,
221,2208,2024/03/24 00:00:00,2024/03/24 03:18:58,Technical,Low,5.0
222,2208,2024/02/10 00:00:00,2024/02/10 20:39:12,Technical,Medium,
223,2208,2024/03/30 00:00:00,2024/03/30 11:28:01,Technical,Low,4.0
224,2208,2024/03/09 00:00:00,2024/03/09 23:02:43,Technical,Low,2.0
225,2208,2024/12/10 00:00:00,2024/12/10 21:46:49,Technical,Medium,3.0
226,3920,2024/11/30 00:00:00,2024/11/30 15:42:57,Technical,High,3.0
227,2076,2024/06/16 00:00:00,2024/06/16 17:41:19,General,Medium,4.0
228,2076,2024/09/13 00:00:00,,Technical,Low,
229,3399,2024/11/10 00:00:00,2024/11/10 20:22:03,Billing,Medium,
230,3399,2024/12/08 00:00:00,2024/12/08 06:36:52,Billing,High,3.0
231,3399,2024/05/30 00:00:00,2024/05/30 22:30:14,Technical,Low,
232,4868,2024/05/16 00:00:00,2024/05/16 10:53:01,Billing,Medium,1.0
233,2960,2024/07/19 00:00:00,2024/07/19 14:32:22,Technical,Low,4.0
234,2960,2024/10/23 00:00:00,2024/10/24 11:38:47,Billing,Medium,3.0
235,2960,2024/09/30 00:00:00,2024/09/30 16:46:30,Billing,Low,4.0
236,1736,2024/11/19 00:00:00,,Technical,Medium,
237,1736,2024/09/27 00:00:00,2024/09/27 13:37:25,Technical,Low,
238,2760,2024/10/13 00:00:00,2024/10/13 13:36:20,General,Low,
239,4186,2024/08/21 00:00:00,2024/08/21 07:00:33,Technical,Low,2.0
240,4062,2024/10/29 00:00:00,2024/10/29 15:26:03,Technical,High,2.0
241,3583,2024/12/29 00:00:00,,General,High,
242,3583,2024/06/09 00:00:00,,Billing,Medium,
243,3048,2024/03/15 00:00:00,2024/03/15 12:54:09,General,High,
244,3048,2024/06/14 00:00:00,,Billing,Low,
245,1526,2024/12/22 00:00:00,2024/12/22 15:42:51,Technical,Low,5.0
246,1526,2024/05/30 00:00:00,2024/05/30 21:58:11,General,Low,5.0
247,1526,2024/09/07 00:00:00,2024/09/07 02:37:17,Technical,Low,
248,1526,2024/06/09 00:00:00,,Technical,Medium,
249,1526,2024/12/05 00:00:00,2024/12/05 04:04:48,Technical,Low,5.0
250,2796,2024/07/10 00:00:00,2024/07/10 09:59:14,Technical,Low,3.0
251,2796,2024/06/30 00:00:00,2024/06/30 17:06:56,Billing,Medium,5.0
252,2796,2024/08/28 00:00:00,2024/08/29 16:45:06,Billing,Medium,4.0
253,2796,2024/11/11 00:00:00,,Technical,Low,
254,2796,2024/08/30 00:00:00,2024/08/30 14:20:54,General,Low,
255,663,2024/06/06 00:00:00,2024/06/06 08:18:08,Technical,Low,
256,663,2024/06/05 00:00:00,,Billing,Medium,
257,663,2024/11/10 00:00:00,2024/11/10 03:48:45,Technical,Low,5.0
258,663,2024/07/27 00:00:00,2024/07/29 20:02:01,Technical,Medium,4.0
259,663,2024/09/18 00:00:00,2024/09/19 00:00:49,Technical,Low,
260,4636,2024/09/29 00:00:00,2024/09/29 14:05:31,Technical,Medium,
261,2948,2024/02/03 00:00:00,2024/02/03 12:37:09,Technical,High,2.0
262,2948,2024/08/19 00:00:00,2024/08/19 16:59:44,Billing,Low,4.0
263,1710,2024/04/12 00:00:00,2024/04/12 04:41:55,Technical,Low,5.0
264,777,2024/02/04 00:00:00,,General,High,
265,777,2024/12/11 00:00:00,2024/12/11 21:20:22,Technical,Low,
266,777,2024/07/14 00:00:00,2024/07/14 18:37:14,General,Medium,3.0
267,777,2024/11/19 00:00:00,2024/11/19 04:20:42,Billing,Low,4.0
268,777,2024/08/24 00:00:00,2024/08/24 02:47:02,Technical,Medium,4.0
269,460,2024/02/01 00:00:00,2024/02/01 11:50:14,Technical,Low,5.0
270,460,2024/01/30 00:00:00,2024/01/31 02:53:02,Technical,Medium,
271,460,2024/04/30 00:00:00,2024/04/30 17:03:57,Technical,Medium,
272,2072,2024/05/25 00:00:00,2024/05/25 02:43:08,Technical,High,
273,2072,2024/05/29 00:00:00,2024/05/29 02:01:56,Technical,Low,5.0
274,2072,2024/06/13 00:00:00,2024/06/13 17:30:18,Technical,Low,3.0
275,3947,2024/07/22 00:00:00,2024/07/22 09:01:16,Billing,Medium,2.0
276,3947,2024/08/29 00:00:00,,Technical,Low,
277,3947,2024/04/15 00:00:00,2024/04/15 10:29:12,Technical,Medium,4.0
278,2092,2024/01/26 00:00:00,2024/01/26 14:44:14,Technical,Low,
279,2092,2024/05/17 00:00:00,2024/05/17 09:17:28,General,High,4.0
280,2092,2024/12/13 00:00:00,2024/12/13 21:38:45,Billing,Low,
281,2092,2024/01/08 00:00:00,2024/01/09 00:43:02,General,Low,5.0
282,2092,2024/06/27 00:00:00,2024/06/27 06:24:01,Technical,Medium,
283,1116,2024/11/16 00:00:00,2024/11/16 16:53:35,Technical,Medium,5.0
284,1116,2024/11/19 00:00:00,2024/11/19 10:28:53,General,Low,5.0
285,4754,2024/05/06 00:00:00,2024/05/06 15:55:34,Technical,High,4.0
286,4754,2024/10/24 00:00:00,2024/10/24 21:36:29,Technical,Low,
287,4754,2024/02/03 00:00:00,2024/02/03 10:20:06,General,High,3.0
288,4754,2024/05/30 00:00:00,2024/05/30 15:21:18,Technical,High,5.0
289,4491,2024/11/14 00:00:00,2024/11/14 09:34:29,General,High,
290,4491,2024/10/27 00:00:00,2024/10/27 18:49:01,Billing,Medium,3.0
291,4491,2024/06/08 00:00:00,2024/06/08 10:31:12,Technical,Medium,
292,4491,2024/03/08 00:00:00,2024/03/08 08:11:46,Billing,Medium,3.0
293,1299,2024/02/26 00:00:00,,General,High,
294,1299,2024/11/02 00:00:00,2024/11/03 02:35:23,General,Low,4.0
295,1299,2024/07/29 00:00:00,2024/07/30 00:23:40,Technical,Medium,4.0
296,1299,2024/10/09 00:00:00,2024/10/09 08:43:58,Billing,Medium,5.0
297,550,2024/01/19 00:00:00,2024/01/21 01:57:13,Billing,High,
298,550,2024/03/02 00:00:00,2024/03/02 15:57:47,Technical,Low,
299,550,2024/11/26 00:00:00,2024/11/26 11:45:29,General,Medium,4.0
300,550,2024/04/09 00:00:00,2024/04/10 01:49:47,Technical,Low,3.0
301,4942,2024/11/21 00:00:00,,Technical,Medium,
302,4942,2024/05/09 00:00:00,2024/05/09 04:23:18,Technical,High,3.0
303,3561,2024/01/17 00:00:00,2024/01/17 14:44:49,General,Medium,
304,3561,2024/01/11 00:00:00,2024/01/11 15:46:21,Billing,Medium,4.0
305,3561,2024/05/25 00:00:00,2024/05/25 16:24:09,Billing,Low,5.0
306,3561,2024/11/28 00:00:00,2024/11/29 23:54:58,Technical,Medium,
307,3561,2024/02/12 00:00:00,,General,Medium,
308,854,2024/09/14 00:00:00,2024/09/14 23:53:08,Billing,Low,5.0
309,854,2024/11/26 00:00:00,2024/11/26 09:07:46,Technical,Low,
310,854,2024/06/10 00:00:00,2024/06/10 13:16:03,Technical,Medium,4.0
311,854,2024/10/20 00:00:00,,General,Low,
312,854,2024/12/29 00:00:00,2024/12/29 01:32:10,Technical,Low,4.0
313,2868,2024/07/07 00:00:00,2024/07/07 08:57:04,General,Medium,2.0
314,2868,2024/10/30 00:00:00,2024/10/31 04:19:05,Technical,Medium,4.0
315,2868,2024/02/12 00:00:00,2024/02/12 18:29:18,Billing,Medium,3.0
316,1331,2024/08/26 00:00:00,,General,Low,
317,1331,2024/10/11 00:00:00,,Billing,Medium,
318,858,2024/03/22 00:00:00,,Technical,Low,
319,858,2024/08/24 00:00:00,,Billing,Medium,
320,858,2024/04/09 00:00:00,,General,Low,
321,4013,2024/02/03 00:00:00,2024/02/03 20:00:47,Technical,Low,
322,4013,2024/05/06 00:00:00,2024/05/06 03:33:48,Technical,Low,3.0
323,4013,2024/06/10 00:00:00,2024/06/10 11:56:01,Technical,Low,
324,4013,2024/06/10 00:00:00,2024/06/11 17:29:32,General,Low,
325,837,2024/01/20 00:00:00,2024/01/20 05:36:45,General,Low,4.0
326,837,2024/10/06 00:00:00,2024/10/07 21:35:08,Technical,Low,5.0
327,837,2024/07/06 00:00:00,2024/07/06 18:25:26,General,Medium,2.0
328,837,2024/07/25 00:00:00,2024/07/26 12:21:02,Billing,Low,
329,837,2024/04/26 00:00:00,2024/04/26 04:01:28,Billing,Low,5.0
330,4102,2024/09/27 00:00:00,2024/09/27 15:43:48,General,Low,5.0
331,4102,2024/12/12 00:00:00,2024/12/12 23:12:49,Billing,Medium,
332,4044,2024/12/30 00:00:00,,Technical,Low,
333,4912,2024/12/14 00:00:00,,General,Medium,
334,4912,2024/12/25 00:00:00,2024/12/26 02:48:29,Technical,Medium,4.0
335,4912,2024/06/06 00:00:00,2024/06/07 01:54:53,Technical,High,3.0
336,4912,2024/03/19 00:00:00,2024/03/19 09:48:27,Technical,Medium,
337,4912,2024/06/20 00:00:00,2024/06/20 19:33:30,Billing,Low,4.0
338,3776,2024/05/10 00:00:00,2024/05/11 08:09:13,Billing,Low,5.0
339,3776,2024/03/28 00:00:00,2024/03/28 02:20:55,General,Low,4.0
340,3776,2024/12/14 00:00:00,2024/12/14 05:14:02,Technical,High,
341,3776,2024/03/13 00:00:00,2024/03/13 18:43:02,Technical,Low,
342,3776,2024/10/31 00:00:00,,Technical,Low,
343,1317,2024/10/31 00:00:00,2024/10/31 20:44:45,Technical,High,
344,1317,2024/09/27 00:00:00,2024/09/27 21:59:56,Technical,Medium,3.0
345,1317,2024/11/08 00:00:00,2024/11/08 11:04:52,General,Low,5.0
346,3675,2024/09/17 00:00:00,2024/09/17 09:37:06,General,Medium,
347,3675,2024/08/02 00:00:00,2024/08/04 05:39:09,Billing,Low,2.0
348,4317,2024/02/18 00:00:00,2024/02/18 12:00:06,Billing,Low,4.0
349,4317,2024/05/18 00:00:00,2024/05/19 07:41:07,Technical,Medium,1.0
350,4317,2024/09/11 00:00:00,2024/09/11 04:30:39,Technical,Medium,4.0
351,4317,2024/10/26 00:00:00,,Billing,Low,
352,4317,2024/06/26 00:00:00,2024/06/26 08:33:12,General,Medium,
353,4539,2024/08/18 00:00:00,2024/08/18 13:06:09,Billing,Low,4.0
354,4539,2024/05/12 00:00:00,2024/05/12 04:03:49,Technical,High,3.0
355,4539,2024/08/06 00:00:00,2024/08/06 11:51:44,Billing,Medium,5.0
356,4539,2024/02/16 00:00:00,,Technical,Medium,
357,1073,2024/01/13 00:00:00,2024/01/13 18:11:46,Technical,Medium,
358,4957,2024/03/05 00:00:00,2024/03/05 03:06:09,General,Low,
359,4957,2024/10/31 00:00:00,2024/10/31 19:54:04,Technical,Medium,
360,4957,2024/11/18 00:00:00,,Billing,Low,
361,4957,2024/08/26 00:00:00,2024/08/26 08:22:30,Technical,Medium,
362,561,2024/12/12 00:00:00,2024/12/12 00:33:23,Technical,Low,
363,561,2024/08/10 00:00:00,2024/08/11 04:39:01,Technical,Medium,5.0
364,561,2024/11/03 00:00:00,,Billing,Low,
365,561,2024/02/19 00:00:00,2024/02/19 19:01:29,Technical,Low,
366,493,2024/01/02 00:00:00,2024/01/03 18:01:27,Technical,Medium,5.0
367,493,2024/06/21 00:00:00,,Billing,High,
368,493,2024/12/06 00:00:00,2024/12/07 10:26:45,General,High,
369,238,2024/07/11 00:00:00,,Technical,Low,
370,238,2024/06/13 00:00:00,2024/06/14 01:40:46,Billing,Low,5.0
371,238,2024/08/31 00:00:00,2024/08/31 02:27:36,Technical,Medium,4.0
372,882,2024/10/07 00:00:00,2024/10/07 13:10:56,Billing,Medium,4.0
373,882,2024/05/24 00:00:00,2024/05/24 18:25:28,Technical,Low,5.0
374,882,2024/10/04 00:00:00,2024/10/06 03:51:04,Technical,Low,
375,882,2024/07/15 00:00:00,2024/07/15 05:58:03,General,High,
376,755,2024/07/24 00:00:00,2024/07/24 10:05:28,Technical,Low,
377,755,2024/01/05 00:00:00,2024/01/05 08:47:18,Technical,Low,
378,3040,2024/08/19 00:00:00,2024/08/19 01:18:34,General,Medium,4.0
379,3040,2024/03/13 00:00:00,,Technical,Low,
380,2985,2024/06/13 00:00:00,2024/06/13 04:14:26,Billing,Medium,
381,3750,2024/07/24 00:00:00,2024/07/24 16:43:07,General,Low,
382,224,2024/03/17 00:00:00,2024/03/17 08:01:00,Technical,High,1.0
383,4513,2024/02/26 00:00:00,2024/02/27 11:32:42,Billing,Low,1.0
384,1468,2024/02/28 00:00:00,2024/02/28 05:28:15,Technical,Low,
385,2376,2024/07/13 00:00:00,2024/07/13 07:10:19,Technical,Medium,
386,2376,2024/09/22 00:00:00,2024/09/22 08:08:12,Technical,Low,5.0
387,2376,2024/09/23 00:00:00,2024/09/23 05:57:48,Technical,High,
388,2376,2024/08/18 00:00:00,2024/08/19 00:22:52,Billing,Medium,
389,2376,2024/06/07 00:00:00,2024/06/07 06:09:34,Technical,High,2.0
390,21,2024/11/08 00:00:00,,Technical,Low,
391,3632,2024/09/23 00:00:00,,Technical,Low,
392,3632,2024/04/22 00:00:00,,Technical,Low,
393,3632,2024/06/18 00:00:00,2024/06/20 06:40:24,Technical,Low,5.0
394,2542,2024/10/27 00:00:00,2024/10/27 16:56:43,Billing,Low,
395,2542,2024/02/24 00:00:00,2024/02/24 02:23:20,Technical,Medium,
396,2542,2024/03/16 00:00:00,2024/03/16 23:21:06,Billing,Medium,
397,2542,2024/10/19 00:00:00,2024/10/19 07:29:32,Technical,Low,
398,2213,2024/01/03 00:00:00,2024/01/04 00:34:34,Technical,High,
399,2213,2024/02/22 00:00:00,2024/02/22 07:12:25,Billing,Low,
400,2213,2024/05/30 00:00:00,,General,Low,
401,2213,2024/04/25 00:00:00,,Billing,Low,
402,2213,2024/04/30 00:00:00,2024/04/30 05:58:24,Billing,Medium,4.0
403,474,2024/10/12 00:00:00,2024/10/12 07:36:21,General,Low,
404,474,2024/07/22 00:00:00,,Technical,Medium,
405,474,2024/07/23 00:00:00,2024/07/23 11:25:56,Technical,High,
406,3349,2024/08/08 00:00:00,2024/08/08 19:07:15,Technical,Low,4.0
407,252,2024/01/29 00:00:00,2024/01/29 04:54:31,Billing,Low,
408,252,2024/02/17 00:00:00,2024/02/17 17:50:50,Technical,Medium,4.0
409,252,2024/06/30 00:00:00,2024/07/01 14:39:36,General,Low,3.0
410,252,2024/05/15 00:00:00,2024/05/15 11:22:52,Billing,Medium,
411,1258,2024/05/31 00:00:00,2024/05/31 23:02:43,Technical,High,
412,1258,2024/03/03 00:00:00,2024/03/03 04:50:00,Technical,Medium,4.0
413,1777,2024/01/13 00:00:00,2024/01/13 11:17:46,Billing,Medium,5.0
414,1777,2024/05/12 00:00:00,2024/05/12 09:19:17,Technical,High,
415,1777,2024/02/15 00:00:00,,Billing,High,
416,1777,2024/04/19 00:00:00,2024/04/19 06:19:44,Technical,Low,5.0
417,1777,2024/08/17 00:00:00,2024/08/17 06:10:23,General,High,3.0
418,924,2024/11/27 00:00:00,2024/11/29 05:14:25,Billing,Medium,4.0
419,924,2024/12/14 00:00:00,,Technical,Low,
420,924,2024/01/25 00:00:00,2024/01/25 06:17:53,Technical,Low,4.0
421,319,2024/06/07 00:00:00,,Technical,High,
422,319,2024/06/06 00:00:00,2024/06/07 11:18:11,Technical,Medium,5.0
423,520,2024/09/26 00:00:00,2024/09/26 04:39:10,General,High,
424,520,2024/04/24 00:00:00,2024/04/24 16:56:47,General,Low,5.0
425,520,2024/10/24 00:00:00,2024/10/24 08:46:37,Billing,Low,
426,520,2024/08/05 00:00:00,,Technical,Low,
427,1507,2024/07/04 00:00:00,2024/07/04 07:43:21,General,Low,5.0
428,1507,2024/08/01 00:00:00,2024/08/02 06:39:49,Technical,Medium,3.0
429,3873,2024/02/20 00:00:00,2024/02/20 09:48:26,Billing,Low,
430,3873,2024/07/02 00:00:00,2024/07/03 01:37:30,Billing,Low,
431,3873,2024/12/17 00:00:00,2024/12/17 03:25:59,General,Low,3.0
432,3873,2024/08/19 00:00:00,,Technical,Low,
433,3873,2024/08/17 00:00:00,2024/08/17 16:58:55,Technical,Low,4.0
434,2217,2024/06/12 00:00:00,,General,Low,
435,2217,2024/11/18 00:00:00,2024/11/19 04:41:12,Technical,Low,
436,2217,2024/10/07 00:00:00,,Technical,Medium,
437,2217,2024/10/13 00:00:00,2024/10/13 15:29:25,Technical,Low,4.0
438,2217,2024/03/23 00:00:00,2024/03/24 15:23:42,Technical,Medium,4.0
439,951,2024/06/23 00:00:00,2024/06/23 15:29:00,Billing,Medium,
440,951,2024/04/14 00:00:00,,Technical,Low,
441,951,2024/06/12 00:00:00,2024/06/12 10:53:18,General,Medium,4.0
442,4767,2024/02/02 00:00:00,,Technical,Medium,
443,1990,2024/12/15 00:00:00,,Billing,High,
444,1990,2024/05/12 00:00:00,,Billing,Medium,
445,1990,2024/01/26 00:00:00,2024/01/26 11:27:51,General,High,
446,1990,2024/09/05 00:00:00,2024/09/05 10:34:27,Billing,Low,
447,4965,2024/03/10 00:00:00,2024/03/10 11:25:46,Technical,Low,
448,4965,2024/01/10 00:00:00,2024/01/10 06:11:04,Technical,Medium,
449,4965,2024/06/21 00:00:00,2024/06/22 01:25:43,General,Low,
450,4965,2024/03/25 00:00:00,2024/03/25 01:10:41,General,Low,
451,4965,2024/10/07 00:00:00,2024/10/07 01:40:49,Technical,Medium,
452,1751,2024/09/24 00:00:00,2024/09/24 12:52:45,Billing,Low,5.0
453,340,2024/04/22 00:00:00,2024/04/22 13:57:04,Billing,Low,4.0
454,340,2024/09/03 00:00:00,,General,Medium,
455,340,2024/11/05 00:00:00,2024/11/06 06:55:29,Billing,Low,
456,340,2024/11/19 00:00:00,2024/11/19 07:50:46,Technical,Low,4.0
457,340,2024/10/09 00:00:00,,Billing,Medium,
458,2835,2024/10/21 00:00:00,2024/10/21 09:55:10,Technical,Medium,
459,4632,2024/07/28 00:00:00,2024/07/28 06:46:58,Technical,High,1.0
460,4632,2024/09/27 00:00:00,2024/09/27 16:39:40,Technical,Low,2.0
461,4632,2024/04/05 00:00:00,2024/04/05 12:45:24,Technical,High,3.0
462,4632,2024/12/29 00:00:00,2024/12/29 06:12:49,Billing,Medium,4.0
463,2929,2024/09/19 00:00:00,2024/09/21 00:19:03,Billing,Medium,5.0
464,3093,2024/11/25 00:00:00,2024/11/25 09:47:08,Technical,Low,
465,3093,2024/07/16 00:00:00,2024/07/16 03:40:37,Technical,Low,
466,3093,2024/08/08 00:00:00,2024/08/08 11:17:23,Technical,Low,2.0
467,3093,2024/08/16 00:00:00,,General,Medium,
468,3705,2024/07/05 00:00:00,2024/07/05 16:47:25,Technical,Low,3.0
469,2829,2024/01/24 00:00:00,2024/01/25 13:13:49,Technical,Low,5.0
470,2829,2024/01/19 00:00:00,2024/01/19 10:07:39,Billing,Low,5.0
471,2829,2024/03/25 00:00:00,2024/03/26 04:29:24,Billing,Medium,
472,2829,2024/09/02 00:00:00,2024/09/02 04:55:21,General,Medium,
473,2829,2024/08/16 00:00:00,2024/08/16 09:42:41,Technical,High,2.0
474,2711,2024/12/28 00:00:00,2024/12/28 12:29:20,General,Medium,
475,2711,2024/03/17 00:00:00,2024/03/17 10:05:06,Billing,Low,3.0
476,1049,2024/04/09 00:00:00,2024/04/09 05:32:51,Technical,Low,
477,1049,2024/03/14 00:00:00,2024/03/14 03:34:25,Billing,Medium,
478,1049,2024/02/16 00:00:00,,Technical,Medium,
479,295,2024/02/28 00:00:00,2024/02/28 18:21:52,Billing,Low,3.0
480,295,2024/02/07 00:00:00,2024/02/07 15:31:35,General,Low,
481,295,2024/05/17 00:00:00,2024/05/17 09:31:39,Billing,Medium,5.0
482,295,2024/01/26 00:00:00,2024/01/26 09:26:41,General,Medium,
483,295,2024/02/02 00:00:00,2024/02/04 03:23:47,Technical,Low,
484,900,2024/12/24 00:00:00,,Billing,Medium,
485,900,2024/05/27 00:00:00,2024/05/27 05:20:36,Technical,High,
486,900,2024/09/19 00:00:00,,Technical,High,
487,900,2024/02/12 00:00:00,2024/02/12 08:34:57,Billing,Low,
488,900,2024/09/19 00:00:00,2024/09/19 05:05:33,General,Medium,4.0
489,2716,2024/03/07 00:00:00,2024/03/07 11:47:03,Billing,Low,
490,2716,2024/11/05 00:00:00,2024/11/05 10:57:22,Billing,Low,5.0
491,2716,2024/11/23 00:00:00,2024/11/23 14:22:22,Technical,Medium,
492,2716,2024/11/17 00:00:00,,Technical,Medium,
493,2716,2024/01/22 00:00:00,2024/01/22 05:47:47,General,Low,
494,1885,2024/07/29 00:00:00,2024/07/29 23:04:26,Billing,Low,5.0
495,1885,2024/02/13 00:00:00,2024/02/13 20:11:36,Technical,Medium,
496,1885,2024/09/15 00:00:00,,Billing,Low,
497,1885,2024/03/30 00:00:00,2024/03/31 05:00:39,Billing,Medium,
498,1885,2024/02/15 00:00:00,2024/02/15 07:08:12,General,Low,4.0
499,2137,2024/12/08 00:00:00,,Technical,Medium,
500,2137,2024/04/02 00:00:00,,Billing,Low,
501,2137,2024/04/08 00:00:00,,Technical,Low,
502,2658,2024/03/27 00:00:00,,Technical,Low,
503,2658,2024/11/10 00:00:00,,Billing,Low,
504,2658,2024/06/27 00:00:00,,Technical,Low,
505,2658,2024/06/23 00:00:00,2024/06/23 08:24:01,Technical,High,5.0
506,3466,2024/07/13 00:00:00,,Technical,Low,
507,3466,2024/07/16 00:00:00,2024/07/17 17:33:23,Technical,Low,
508,3466,2024/07/30 00:00:00,2024/07/30 05:38:42,General,High,
509,3466,2024/03/13 00:00:00,,Billing,Low,
510,894,2024/06/07 00:00:00,2024/06/08 23:13:58,Technical,Low,2.0
511,894,2024/08/29 00:00:00,2024/08/31 15:13:06,General,Medium,5.0
512,894,2024/08/30 00:00:00,2024/08/31 02:41:26,Billing,Low,
513,894,2024/06/10 00:00:00,2024/06/10 05:34:55,Billing,High,
514,592,2024/07/02 00:00:00,2024/07/02 04:08:52,Technical,High,
515,3155,2024/03/28 00:00:00,2024/03/28 19:10:38,Technical,Low,2.0
516,2831,2024/08/01 00:00:00,2024/08/01 11:07:03,Technical,Medium,4.0
517,3893,2024/04/22 00:00:00,2024/04/22 11:39:52,Technical,Low,4.0
518,3893,2024/08/15 00:00:00,2024/08/15 23:45:29,Billing,Medium,4.0
519,3893,2024/10/13 00:00:00,,Billing,Low,
520,3893,2024/07/26 00:00:00,,Billing,Low,
521,470,2024/12/16 00:00:00,2024/12/16 03:13:11,Technical,High,1.0
522,470,2024/01/09 00:00:00,,Technical,Low,
523,470,2024/04/24 00:00:00,2024/04/24 12:15:56,General,High,2.0
524,470,2024/07/29 00:00:00,,Billing,Medium,
525,1285,2024/05/07 00:00:00,2024/05/07 12:10:18,Billing,Low,
526,1285,2024/10/29 00:00:00,,Technical,Low,
527,2509,2024/01/31 00:00:00,2024/01/31 07:37:06,Technical,Medium,2.0
528,2509,2024/03/13 00:00:00,2024/03/13 21:04:58,Billing,Low,
529,2509,2024/02/20 00:00:00,2024/02/20 02:41:22,Technical,Low,
530,4338,2024/05/11 00:00:00,2024/05/12 04:35:39,Technical,Medium,
531,43,2024/05/23 00:00:00,2024/05/23 18:03:09,Technical,Medium,4.0
532,43,2024/12/12 00:00:00,,Technical,Medium,
533,43,2024/04/03 00:00:00,2024/04/04 03:38:19,Technical,Low,4.0
534,4221,2024/07/26 00:00:00,2024/07/26 07:07:51,Technical,Low,4.0
535,4221,2024/08/17 00:00:00,2024/08/17 20:54:04,General,High,5.0
536,4221,2024/06/26 00:00:00,2024/06/26 11:08:17,Technical,Low,5.0
537,4221,2024/04/27 00:00:00,2024/04/27 07:08:13,Technical,Low,5.0
538,4468,2024/01/10 00:00:00,,Technical,Medium,
539,4468,2024/06/25 00:00:00,,General,Medium,
540,4468,2024/08/07 00:00:00,2024/08/07 06:39:06,Technical,Medium,
541,4468,2024/09/03 00:00:00,2024/09/04 11:08:47,General,Low,5.0
542,3079,2024/01/07 00:00:00,2024/01/07 08:44:14,Billing,Low,5.0
543,1827,2024/10/30 00:00:00,2024/10/30 06:40:01,Technical,High,
544,4053,2024/11/23 00:00:00,,Billing,Low,
545,4053,2024/03/06 00:00:00,2024/03/06 22:15:53,General,Low,
546,4053,2024/03/17 00:00:00,,Billing,High,
547,1263,2024/09/22 00:00:00,2024/09/23 07:16:33,Technical,Low,3.0
548,1263,2024/03/03 00:00:00,2024/03/03 03:11:17,Billing,Low,4.0
549,1263,2024/10/21 00:00:00,2024/10/21 20:39:05,General,Medium,
550,1458,2024/08/06 00:00:00,2024/08/06 03:24:50,General,Low,
551,1458,2024/06/10 00:00:00,2024/06/10 06:47:25,Billing,Low,
552,1458,2024/09/21 00:00:00,2024/09/21 20:00:19,Technical,Low,5.0
553,1773,2024/10/08 00:00:00,2024/10/08 20:28:05,General,Medium,5.0
554,1773,2024/07/02 00:00:00,2024/07/03 02:29:15,Technical,Medium,
555,1773,2024/03/18 00:00:00,2024/03/18 15:01:39,Billing,High,2.0
556,1773,2024/04/02 00:00:00,2024/04/03 07:06:33,Billing,Low,
557,1773,2024/08/15 00:00:00,2024/08/16 13:08:04,General,Medium,
558,2582,2024/08/20 00:00:00,2024/08/20 21:21:43,Technical,Medium,4.0
559,2582,2024/02/18 00:00:00,2024/02/18 18:53:59,Technical,High,4.0
560,3437,2024/03/08 00:00:00,2024/03/08 08:56:54,Billing,Low,
561,3437,2024/09/27 00:00:00,2024/09/27 16:22:49,Billing,Low,
562,999,2024/07/27 00:00:00,2024/07/27 12:39:58,Billing,High,
563,999,2024/04/12 00:00:00,2024/04/12 09:17:05,Billing,Low,4.0
564,3735,2024/12/06 00:00:00,2024/12/07 00:19:18,General,Low,
565,2293,2024/01/28 00:00:00,,General,Low,
566,2293,2024/06/26 00:00:00,2024/06/27 01:55:59,General,Medium,
567,2822,2024/11/29 00:00:00,2024/11/29 14:04:44,Technical,Medium,5.0
568,2822,2024/03/05 00:00:00,2024/03/05 12:30:28,Technical,Medium,3.0
569,2822,2024/06/26 00:00:00,2024/06/26 07:29:38,Billing,Low,4.0
570,2822,2024/12/16 00:00:00,2024/12/16 15:00:56,Billing,Low,
571,2822,2024/01/06 00:00:00,,Technical,Low,
572,771,2024/11/13 00:00:00,2024/11/14 14:56:37,Billing,Medium,1.0
573,771,2024/07/09 00:00:00,,Billing,Medium,
574,801,2024/06/21 00:00:00,,Technical,Medium,
575,801,2024/01/06 00:00:00,2024/01/06 03:02:33,Technical,Medium,
576,801,2024/10/23 00:00:00,2024/10/23 05:14:02,Technical,Low,
577,801,2024/01/24 00:00:00,,Technical,Low,
578,1107,2024/01/15 00:00:00,2024/01/15 11:15:58,Billing,Medium,5.0
579,4357,2024/04/13 00:00:00,2024/04/13 13:54:56,General,Low,3.0
580,4357,2024/08/07 00:00:00,2024/08/07 10:20:56,Billing,High,
581,251,2024/03/18 00:00:00,2024/03/18 05:52:18,Billing,Low,4.0
582,251,2024/09/26 00:00:00,2024/09/26 11:59:09,Billing,Medium,4.0
583,251,2024/04/29 00:00:00,2024/04/29 18:37:46,General,Medium,4.0
584,251,2024/12/21 00:00:00,2024/12/22 00:39:38,Technical,Medium,
585,2327,2024/12/20 00:00:00,,Technical,High,
586,2327,2024/07/28 00:00:00,2024/07/28 14:38:02,Billing,Medium,2.0
587,2327,2024/10/21 00:00:00,2024/10/21 16:58:18,Billing,Medium,4.0
588,2327,2024/09/23 00:00:00,2024/09/23 07:20:30,Technical,High,
589,991,2024/01/18 00:00:00,,Technical,Low,
590,991,2024/11/19 00:00:00,2024/11/19 09:35:44,Technical,Low,3.0
591,991,2024/11/23 00:00:00,2024/11/24 11:36:22,Technical,High,2.0
592,991,2024/09/17 00:00:00,2024/09/17 10:43:09,Billing,Low,
593,991,2024/03/15 00:00:00,2024/03/15 13:27:49,Technical,Low,5.0
594,2183,2024/05/28 00:00:00,2024/05/28 17:46:51,Billing,High,4.0
595,2183,2024/06/03 00:00:00,2024/06/04 11:31:25,General,Low,4.0
596,4235,2024/03/15 00:00:00,2024/03/15 10:11:29,Technical,Low,5.0
597,4235,2024/04/29 00:00:00,2024/04/29 23:19:40,General,Low,4.0
598,733,2024/11/16 00:00:00,2024/11/16 19:44:14,Billing,Medium,3.0
599,733,2024/11/20 00:00:00,2024/11/21 04:34:19,Technical,Medium,
600,1906,2024/03/09 00:00:00,2024/03/09 15:37:44,Technical,High,3.0
601,1906,2024/08/26 00:00:00,2024/08/26 17:04:05,Technical,Low,5.0
602,1906,2024/07/06 00:00:00,2024/07/08 09:46:34,Technical,Low,4.0
603,1906,2024/04/13 00:00:00,2024/04/13 01:55:33,Technical,Medium,5.0
604,1906,2024/01/20 00:00:00,2024/01/21 03:37:34,General,Low,5.0
605,3534,2024/09/19 00:00:00,2024/09/19 14:51:27,Billing,Medium,5.0
606,3534,2024/09/01 00:00:00,2024/09/01 12:16:33,Billing,High,
607,3534,2024/01/05 00:00:00,2024/01/05 04:05:55,Billing,Low,4.0
608,437,2024/01/03 00:00:00,,Technical,Medium,
609,1182,2024/10/01 00:00:00,2024/10/01 16:40:42,Billing,Medium,
610,1182,2024/05/21 00:00:00,2024/05/21 09:16:27,Technical,Medium,
611,1182,2024/11/05 00:00:00,2024/11/05 08:55:26,Technical,High,
612,2042,2024/04/12 00:00:00,2024/04/12 03:03:58,Billing,Low,1.0
613,2042,2024/04/23 00:00:00,2024/04/23 10:56:54,General,Medium,4.0
614,2042,2024/08/23 00:00:00,,Billing,Low,
615,2042,2024/08/22 00:00:00,2024/08/23 12:24:37,General,Low,3.0
616,3313,2024/09/29 00:00:00,2024/09/29 20:40:11,Technical,Low,
617,3179,2024/01/03 00:00:00,2024/01/03 12:23:45,Technical,Low,
618,3179,2024/10/20 00:00:00,2024/10/21 01:41:40,Technical,Low,3.0
619,3179,2024/10/04 00:00:00,2024/10/04 10:30:50,Technical,Medium,4.0
620,3179,2024/08/08 00:00:00,2024/08/08 07:13:19,Technical,Medium,
621,2616,2024/09/01 00:00:00,2024/09/01 17:17:02,Technical,Medium,5.0
622,4355,2024/03/29 00:00:00,,Technical,Medium,
623,2970,2024/02/08 00:00:00,2024/02/08 15:16:29,Technical,Low,
624,2970,2024/10/28 00:00:00,2024/10/28 20:36:41,Technical,Low,2.0
625,2809,2024/03/30 00:00:00,2024/03/31 01:09:12,Technical,Low,4.0
626,2809,2024/01/21 00:00:00,,General,Low,
627,2809,2024/06/03 00:00:00,2024/06/03 13:36:29,Technical,Medium,5.0
628,2809,2024/04/30 00:00:00,2024/04/30 06:50:09,Technical,Low,
629,3889,2024/12/25 00:00:00,2024/12/25 02:51:39,General,Medium,
630,3889,2024/08/26 00:00:00,2024/08/26 12:12:47,General,Medium,4.0
631,3889,2024/10/04 00:00:00,2024/10/04 11:22:53,Technical,Medium,4.0
632,3889,2024/06/24 00:00:00,2024/06/25 17:37:24,General,Low,5.0
633,3889,2024/01/21 00:00:00,2024/01/22 06:05:40,Billing,High,4.0
634,1038,2024/08/30 00:00:00,,Billing,Low,
635,1038,2024/08/12 00:00:00,,Billing,High,
636,1038,2024/02/04 00:00:00,,Billing,Low,
637,1038,2024/05/23 00:00:00,2024/05/23 04:28:05,Technical,Low,5.0
638,735,2024/06/01 00:00:00,,Billing,Low,
639,735,2024/04/02 00:00:00,2024/04/03 07:41:46,Billing,High,2.0
640,735,2024/08/08 00:00:00,2024/08/10 00:05:05,General,Medium,2.0
641,735,2024/12/10 00:00:00,2024/12/10 20:58:44,Technical,High,3.0
642,986,2024/04/13 00:00:00,,Technical,Low,
643,986,2024/07/05 00:00:00,2024/07/06 12:59:11,Billing,Medium,
644,986,2024/07/28 00:00:00,2024/07/28 10:01:35,Technical,Medium,5.0
645,986,2024/11/11 00:00:00,2024/11/12 18:24:40,Technical,Medium,
646,986,2024/04/08 00:00:00,2024/04/08 18:03:01,Technical,Medium,
647,529,2024/12/15 00:00:00,2024/12/15 04:22:17,Technical,Low,5.0
648,529,2024/03/20 00:00:00,,Billing,High,
649,529,2024/01/21 00:00:00,2024/01/21 12:41:46,Technical,Low,
650,529,2024/07/06 00:00:00,2024/07/06 05:01:29,Billing,Medium,
651,3784,2024/05/14 00:00:00,,Billing,Medium,
652,3784,2024/05/01 00:00:00,2024/05/01 02:35:42,Technical,Low,
653,3784,2024/07/20 00:00:00,,General,High,
654,3039,2024/06/03 00:00:00,2024/06/03 04:54:04,Technical,Medium,
655,3039,2024/03/28 00:00:00,,Technical,Low,
656,3039,2024/12/30 00:00:00,2024/12/30 08:32:40,Technical,Medium,4.0
657,3039,2024/07/01 00:00:00,2024/07/01 04:57:47,Billing,Medium,
658,3039,2024/12/05 00:00:00,2024/12/05 06:47:51,Technical,Medium,4.0
659,543,2024/05/17 00:00:00,,Technical,Low,
660,543,2024/01/03 00:00:00,2024/01/04 09:54:14,Billing,High,
661,543,2024/09/10 00:00:00,2024/09/10 14:59:28,Technical,Low,
662,543,2024/07/12 00:00:00,2024/07/13 01:51:10,Technical,Low,
663,543,2024/08/25 00:00:00,2024/08/25 12:23:31,Billing,Low,3.0
664,3481,2024/12/08 00:00:00,2024/12/08 07:46:08,Technical,Low,
665,3481,2024/09/22 00:00:00,2024/09/22 12:46:26,Technical,Low,
666,4514,2024/03/28 00:00:00,2024/03/28 07:18:40,General,High,
667,4514,2024/06/28 00:00:00,2024/06/28 13:43:06,Billing,Low,5.0
668,4514,2024/01/03 00:00:00,2024/01/03 19:47:02,General,Low,
669,4514,2024/07/19 00:00:00,2024/07/19 14:07:19,Billing,Medium,3.0
670,4514,2024/09/15 00:00:00,,Technical,Medium,
671,3502,2024/10/05 00:00:00,2024/10/06 06:58:19,General,High,3.0
672,3488,2024/03/07 00:00:00,2024/03/07 03:35:02,Billing,Low,2.0
673,306,2024/08/06 00:00:00,2024/08/07 04:49:49,Technical,Medium,
674,306,2024/01/02 00:00:00,2024/01/03 09:25:25,Technical,Low,1.0
675,306,2024/01/15 00:00:00,2024/01/15 09:12:56,Technical,Medium,4.0
676,3643,2024/03/01 00:00:00,2024/03/01 14:26:37,Technical,Medium,4.0
677,3643,2024/03/21 00:00:00,2024/03/22 08:56:42,Technical,High,2.0
678,3643,2024/06/20 00:00:00,2024/06/20 09:31:28,Billing,Medium,5.0
679,3643,2024/11/06 00:00:00,2024/11/06 08:02:10,Technical,High,
680,3643,2024/07/21 00:00:00,2024/07/21 18:04:00,Technical,Medium,
681,2231,2024/02/07 00:00:00,,Billing,Low,
682,3862,2024/10/01 00:00:00,,Billing,Low,
683,4487,2024/12/05 00:00:00,2024/12/05 07:20:11,Technical,Low,4.0
684,184,2024/11/11 00:00:00,,General,Low,
685,184,2024/03/27 00:00:00,2024/03/28 14:18:22,Billing,Medium,4.0
686,184,2024/06/30 00:00:00,,Billing,Low,
687,184,2024/11/14 00:00:00,2024/11/16 00:30:00,General,Medium,
688,184,2024/05/17 00:00:00,2024/05/17 16:33:45,Technical,Medium,
689,1478,2024/10/07 00:00:00,2024/10/07 06:35:24,Billing,Medium,2.0
690,3590,2024/02/23 00:00:00,2024/02/24 19:08:08,Billing,Medium,3.0
691,3590,2024/11/26 00:00:00,2024/11/26 22:55:12,Technical,High,
692,3590,2024/03/10 00:00:00,2024/03/10 11:53:49,General,High,3.0
693,3590,2024/08/31 00:00:00,,Technical,Medium,
694,3590,2024/05/11 00:00:00,2024/05/11 12:00:03,Billing,Medium,4.0
695,1579,2024/03/07 00:00:00,2024/03/08 03:25:47,General,Low,
696,4051,2024/10/29 00:00:00,2024/10/29 08:17:37,General,Low,
697,4051,2024/05/26 00:00:00,,Billing,Low,
698,4051,2024/07/05 00:00:00,2024/07/05 18:17:30,Technical,Medium,4.0
699,4051,2024/03/23 00:00:00,2024/03/23 13:06:05,Billing,Low,
700,4051,2024/06/04 00:00:00,,Billing,Low,
701,1571,2024/02/01 00:00:00,2024/02/02 09:16:09,Technical,Medium,
702,1571,2024/01/14 00:00:00,,Billing,Low,
703,130,2024/07/03 00:00:00,2024/07/04 12:07:43,Technical,Low,4.0
704,130,2024/10/06 00:00:00,2024/10/06 15:24:12,Billing,Low,3.0
705,130,2024/04/11 00:00:00,2024/04/11 16:41:27,Billing,Medium,
706,130,2024/07/24 00:00:00,2024/07/24 18:36:48,Billing,Medium,4.0
707,2202,2024/03/11 00:00:00,2024/03/12 09:00:54,Technical,Low,
708,2202,2024/03/17 00:00:00,2024/03/17 17:06:21,Billing,Medium,
709,2202,2024/10/18 00:00:00,,Technical,Low,
710,2202,2024/11/13 00:00:00,2024/11/13 15:57:14,Billing,High,2.0
711,2330,2024/05/11 00:00:00,2024/05/11 11:17:05,Billing,Medium,4.0
712,3370,2024/06/04 00:00:00,2024/06/05 00:22:03,Technical,Low,
713,3370,2024/05/19 00:00:00,2024/05/19 05:07:38,Technical,Medium,5.0
714,3370,2024/10/30 00:00:00,2024/10/30 15:50:05,Technical,Low,
715,197,2024/08/10 00:00:00,2024/08/11 03:02:57,Technical,Low,4.0
716,197,2024/02/20 00:00:00,2024/02/20 07:47:59,General,Medium,3.0
717,197,2024/01/03 00:00:00,2024/01/04 09:20:58,Technical,Medium,3.0
718,2342,2024/07/24 00:00:00,2024/07/25 13:51:25,Technical,Low,5.0
719,2342,2024/08/15 00:00:00,2024/08/15 11:37:48,Technical,Low,5.0
720,4975,2024/05/12 00:00:00,2024/05/12 14:19:58,Billing,Medium,
721,4975,2024/02/25 00:00:00,,Billing,Low,
722,4975,2024/03/15 00:00:00,2024/03/15 14:54:19,Technical,Low,
723,2785,2024/10/22 00:00:00,2024/10/23 00:32:39,Technical,Medium,
724,2785,2024/06/17 00:00:00,2024/06/17 19:11:52,Technical,Low,
725,2785,2024/11/10 00:00:00,2024/11/10 15:59:49,Technical,High,3.0
726,262,2024/06/15 00:00:00,2024/06/16 11:45:14,Technical,Low,5.0
727,1980,2024/10/14 00:00:00,2024/10/14 21:50:26,Billing,Low,3.0
728,1980,2024/01/07 00:00:00,2024/01/07 07:18:51,Billing,Medium,2.0
729,1980,2024/05/14 00:00:00,2024/05/14 16:05:45,Technical,Medium,3.0
730,1980,2024/06/29 00:00:00,2024/06/29 06:37:50,Technical,Medium,
731,1294,2024/07/29 00:00:00,,General,High,
732,1294,2024/05/10 00:00:00,2024/05/10 11:58:54,Billing,Medium,1.0
733,1294,2024/11/21 00:00:00,2024/11/21 10:11:38,Billing,Low,5.0
734,1294,2024/01/21 00:00:00,2024/01/22 02:38:29,Billing,Medium,
735,3991,2024/03/26 00:00:00,,Technical,Low,
736,3991,2024/05/19 00:00:00,,General,High,
737,3991,2024/05/28 00:00:00,2024/05/28 04:59:59,Technical,High,
738,1955,2024/05/11 00:00:00,2024/05/11 19:54:17,Billing,Low,5.0
739,2476,2024/06/10 00:00:00,2024/06/10 02:35:38,Technical,Medium,
740,2476,2024/11/07 00:00:00,2024/11/07 07:11:35,General,Medium,4.0
741,1118,2024/07/31 00:00:00,2024/07/31 09:57:42,Billing,Low,
742,1118,2024/08/19 00:00:00,,General,Medium,
743,1118,2024/09/15 00:00:00,2024/09/16 00:58:39,General,Medium,
744,125,2024/06/30 00:00:00,,Technical,Low,
745,125,2024/01/23 00:00:00,2024/01/23 06:18:50,General,Low,3.0
746,1849,2024/03/10 00:00:00,,General,Medium,
747,1849,2024/03/25 00:00:00,2024/03/25 11:38:35,Technical,Medium,4.0
748,4018,2024/11/15 00:00:00,2024/11/15 17:52:07,Billing,High,2.0
749,4018,2024/03/19 00:00:00,2024/03/19 10:18:15,Billing,Low,
750,4875,2024/10/02 00:00:00,2024/10/02 10:14:27,General,Medium,2.0
751,4875,2024/10/24 00:00:00,2024/10/24 14:02:13,Technical,Low,5.0
752,4875,2024/01/30 00:00:00,2024/01/30 03:36:09,Billing,Low,4.0
753,4207,2024/10/20 00:00:00,2024/10/20 21:58:41,Technical,Medium,5.0
754,4207,2024/08/27 00:00:00,2024/08/27 08:07:12,Technical,Medium,2.0
755,4207,2024/05/19 00:00:00,2024/05/20 00:21:19,Technical,Low,
756,3658,2024/11/07 00:00:00,2024/11/07 08:25:05,General,High,
757,3658,2024/09/06 00:00:00,2024/09/06 10:40:45,Technical,Medium,
758,3658,2024/09/12 00:00:00,2024/09/13 04:50:54,Technical,Low,
759,3658,2024/01/23 00:00:00,2024/01/23 07:09:47,Technical,Low,4.0
760,3658,2024/10/28 00:00:00,2024/10/28 22:34:37,General,Low,
761,1674,2024/05/02 00:00:00,2024/05/02 08:34:32,Technical,Low,4.0
762,1674,2024/10/03 00:00:00,2024/10/03 01:07:11,Technical,Low,5.0
763,1674,2024/02/09 00:00:00,2024/02/09 09:59:31,General,Low,4.0
764,1674,2024/01/05 00:00:00,,Billing,Medium,
765,842,2024/01/24 00:00:00,2024/01/24 09:59:28,Technical,Low,4.0
766,842,2024/01/03 00:00:00,2024/01/03 11:11:50,Technical,Low,
767,842,2024/12/15 00:00:00,2024/12/16 18:12:49,Billing,Medium,
768,1712,2024/08/17 00:00:00,2024/08/17 05:45:11,Billing,Low,4.0
769,1712,2024/11/23 00:00:00,2024/11/23 06:46:33,Technical,Medium,5.0
770,1712,2024/10/30 00:00:00,,Technical,Low,
771,984,2024/11/29 00:00:00,2024/11/29 18:14:46,Technical,Medium,4.0
772,1092,2024/10/08 00:00:00,2024/10/08 15:33:51,Technical,Medium,
773,1092,2024/09/04 00:00:00,2024/09/05 04:41:35,Technical,Medium,
774,1092,2024/05/05 00:00:00,2024/05/06 08:24:29,Technical,Medium,5.0
775,1092,2024/05/01 00:00:00,2024/05/01 03:04:59,General,Low,
776,4130,2024/10/03 00:00:00,2024/10/04 00:42:21,General,Low,
777,4130,2024/10/16 00:00:00,2024/10/16 11:33:24,Technical,Medium,
778,4130,2024/05/01 00:00:00,2024/05/01 10:03:46,Billing,Low,
779,4130,2024/12/18 00:00:00,2024/12/18 02:54:49,Technical,Low,
780,4719,2024/09/06 00:00:00,,Billing,Low,
781,4719,2024/10/12 00:00:00,2024/10/12 01:19:31,Technical,Low,
782,4719,2024/03/12 00:00:00,2024/03/14 07:20:32,Technical,Medium,4.0
783,4719,2024/08/01 00:00:00,2024/08/01 14:52:11,Technical,Low,
784,2625,2024/10/21 00:00:00,2024/10/22 21:37:28,General,Medium,
785,2625,2024/08/07 00:00:00,2024/08/07 03:14:29,Technical,Low,4.0
786,2625,2024/12/02 00:00:00,2024/12/02 20:11:58,Billing,Medium,5.0
787,2625,2024/07/10 00:00:00,2024/07/10 14:01:41,Billing,Low,5.0
788,3344,2024/02/14 00:00:00,2024/02/14 08:56:02,Billing,Low,4.0
789,3344,2024/01/17 00:00:00,2024/01/18 04:35:21,Technical,Medium,4.0
790,3344,2024/02/16 00:00:00,2024/02/16 05:21:48,Technical,Low,4.0
791,3344,2024/02/01 00:00:00,2024/02/01 10:18:44,General,Medium,5.0
792,3344,2024/01/26 00:00:00,,Billing,Low,
793,1546,2024/06/03 00:00:00,2024/06/04 11:04:12,General,Low,5.0
794,3819,2024/05/28 00:00:00,,Technical,High,
795,3819,2024/09/30 00:00:00,,Technical,Low,
796,3819,2024/04/26 00:00:00,2024/04/26 16:58:58,General,Low,4.0
797,3819,2024/01/08 00:00:00,,General,High,
798,463,2024/11/19 00:00:00,2024/11/19 05:47:46,Technical,Medium,1.0
799,463,2024/09/20 00:00:00,2024/09/20 05:51:26,General,Medium,4.0
800,463,2024/09/07 00:00:00,2024/09/07 10:46:29,Technical,Medium,5.0
801,3723,2024/03/08 00:00:00,2024/03/08 21:14:19,Technical,Low,4.0
802,3723,2024/09/01 00:00:00,2024/09/02 06:22:28,Billing,Low,
803,632,2024/06/13 00:00:00,,Billing,Low,
804,632,2024/05/09 00:00:00,2024/05/10 07:25:52,Technical,Medium,
805,632,2024/05/03 00:00:00,2024/05/04 00:04:42,Technical,Medium,
806,632,2024/10/05 00:00:00,,Billing,Low,
807,632,2024/10/06 00:00:00,2024/10/06 02:17:13,Billing,Low,5.0
808,3229,2024/09/04 00:00:00,,Technical,Medium,
809,3229,2024/09/28 00:00:00,2024/09/28 10:51:32,Technical,Low,4.0
810,3229,2024/04/16 00:00:00,2024/04/16 05:33:20,Billing,High,2.0
811,3229,2024/01/20 00:00:00,2024/01/20 09:14:40,Technical,Medium,
812,3229,2024/12/30 00:00:00,2024/12/30 06:27:20,Billing,Medium,
813,2558,2024/10/10 00:00:00,2024/10/10 16:28:11,Technical,Low,5.0
814,2558,2024/06/25 00:00:00,2024/06/25 05:42:13,General,High,
815,2558,2024/08/27 00:00:00,2024/08/27 11:59:29,Technical,Medium,
816,3464,2024/09/11 00:00:00,2024/09/12 07:23:23,Billing,Low,
817,3464,2024/06/09 00:00:00,2024/06/09 13:12:31,Technical,Low,1.0
818,3464,2024/08/13 00:00:00,,Technical,Medium,
819,3464,2024/07/16 00:00:00,2024/07/16 13:08:29,Technical,Low,5.0
820,3464,2024/03/03 00:00:00,2024/03/03 02:35:51,Technical,Low,
821,4019,2024/04/23 00:00:00,2024/04/23 13:18:10,Technical,Low,
822,4019,2024/04/20 00:00:00,2024/04/20 01:52:10,General,High,5.0
823,4019,2024/05/18 00:00:00,2024/05/18 04:10:04,Technical,Medium,5.0
824,4019,2024/05/30 00:00:00,2024/05/30 07:23:00,Billing,Low,4.0
825,4019,2024/01/04 00:00:00,2024/01/04 09:51:20,Technical,High,3.0
826,2820,2024/03/03 00:00:00,2024/03/03 11:58:00,Technical,High,
827,2820,2024/06/18 00:00:00,2024/06/18 07:19:25,General,Low,
828,2820,2024/04/28 00:00:00,2024/04/28 19:43:52,Billing,Medium,4.0
829,2820,2024/08/03 00:00:00,,Technical,Low,
830,1986,2024/03/28 00:00:00,2024/03/28 14:51:36,Technical,Low,5.0
831,1986,2024/10/16 00:00:00,2024/10/16 09:35:20,Technical,Medium,3.0
832,1986,2024/08/25 00:00:00,2024/08/25 19:25:11,Technical,Low,
833,1986,2024/05/08 00:00:00,2024/05/08 22:36:26,Billing,Medium,
834,1986,2024/01/03 00:00:00,2024/01/03 07:55:48,Technical,Low,
835,2435,2024/05/25 00:00:00,2024/05/25 12:29:40,Billing,High,2.0
836,2435,2024/09/26 00:00:00,2024/09/26 13:56:16,Technical,Low,
837,2435,2024/08/05 00:00:00,2024/08/05 11:34:52,Technical,Low,
838,2435,2024/02/10 00:00:00,2024/02/11 00:29:06,Billing,Low,
839,2435,2024/08/03 00:00:00,2024/08/03 07:37:40,Technical,Low,4.0
840,1918,2024/02/27 00:00:00,,Billing,High,
841,1918,2024/04/30 00:00:00,2024/04/30 01:12:12,General,Low,5.0
842,1918,2024/11/09 00:00:00,2024/11/09 08:40:10,Technical,Medium,
843,584,2024/07/27 00:00:00,,Billing,Medium,
844,584,2024/07/25 00:00:00,2024/07/25 05:35:11,Technical,Medium,
845,584,2024/05/09 00:00:00,2024/05/10 03:27:42,Billing,Low,4.0
846,1850,2024/12/19 00:00:00,2024/12/19 10:54:41,Technical,Medium,5.0
847,1850,2024/09/17 00:00:00,2024/09/18 11:05:11,General,Low,4.0
848,1850,2024/02/18 00:00:00,2024/02/18 03:10:10,General,Medium,4.0
849,3030,2024/01/05 00:00:00,,Technical,Low,
850,3030,2024/03/12 00:00:00,2024/03/12 20:07:31,Technical,Low,
851,3875,2024/11/06 00:00:00,2024/11/07 01:21:26,General,Low,4.0
852,3875,2024/08/20 00:00:00,2024/08/21 01:59:27,Technical,Low,5.0
853,637,2024/04/28 00:00:00,2024/04/28 05:48:17,Billing,Medium,1.0
854,637,2024/04/16 00:00:00,2024/04/16 08:44:43,Technical,Low,5.0
855,637,2024/04/25 00:00:00,2024/04/26 01:41:08,General,High,
856,637,2024/05/04 00:00:00,2024/05/04 01:32:06,Technical,Low,4.0
857,833,2024/06/07 00:00:00,2024/06/07 09:39:51,Technical,Medium,4.0
858,833,2024/01/27 00:00:00,2024/01/27 14:13:45,Technical,Medium,5.0
859,833,2024/11/30 00:00:00,2024/11/30 17:32:34,Billing,Low,
860,2759,2024/04/12 00:00:00,2024/04/12 08:15:01,Billing,Low,4.0
861,2759,2024/06/06 00:00:00,2024/06/07 04:45:29,General,Low,
862,3221,2024/11/14 00:00:00,2024/11/14 19:03:40,General,Low,5.0
863,3221,2024/05/28 00:00:00,2024/05/29 02:13:02,Technical,Low,5.0
864,3221,2024/11/04 00:00:00,,General,Low,
865,3221,2024/02/24 00:00:00,2024/02/25 04:38:31,Technical,Low,5.0
866,3221,2024/04/28 00:00:00,2024/04/28 18:24:11,General,Low,5.0
867,2875,2024/08/12 00:00:00,2024/08/12 10:12:00,Technical,Medium,4.0
868,711,2024/02/24 00:00:00,,Technical,Low,
869,711,2024/04/06 00:00:00,,Technical,Low,
870,711,2024/06/09 00:00:00,2024/06/09 19:51:18,Technical,Medium,5.0
871,686,2024/03/21 00:00:00,2024/03/24 11:10:45,Technical,Medium,4.0
872,686,2024/11/26 00:00:00,2024/11/26 12:25:07,Billing,Low,4.0
873,686,2024/06/13 00:00:00,,Billing,Medium,
874,686,2024/04/15 00:00:00,2024/04/16 01:32:01,Technical,Medium,
875,4239,2024/07/28 00:00:00,,General,Low,
876,4239,2024/05/27 00:00:00,2024/05/27 15:09:50,Billing,Low,
877,4239,2024/10/09 00:00:00,,Technical,Low,
878,2020,2024/06/18 00:00:00,2024/06/18 09:15:00,Technical,Medium,5.0
879,2020,2024/11/13 00:00:00,2024/11/13 10:40:27,Technical,Low,5.0
880,2020,2024/04/29 00:00:00,2024/04/29 22:39:28,Technical,Low,1.0
881,3017,2024/04/27 00:00:00,2024/04/28 15:16:14,Technical,Low,
882,675,2024/08/27 00:00:00,,Technical,Low,
883,675,2024/02/14 00:00:00,2024/02/15 08:26:01,Technical,Low,3.0
884,2182,2024/11/13 00:00:00,2024/11/14 01:35:53,Billing,Medium,4.0
885,2182,2024/02/01 00:00:00,2024/02/01 12:48:44,Technical,Low,5.0
886,1471,2024/04/03 00:00:00,,Technical,High,
887,1471,2024/11/13 00:00:00,,General,Medium,
888,1471,2024/07/04 00:00:00,2024/07/04 17:14:01,Billing,Low,4.0
889,1471,2024/08/10 00:00:00,,General,Low,
890,2807,2024/01/19 00:00:00,2024/01/19 14:51:58,Billing,Low,4.0
891,2807,2024/03/20 00:00:00,,Technical,Medium,
892,3092,2024/01/28 00:00:00,2024/01/28 05:01:20,Technical,Low,5.0
893,3092,2024/08/27 00:00:00,2024/08/28 18:00:02,Technical,Medium,3.0
894,3092,2024/08/07 00:00:00,,Technical,Low,
895,3092,2024/09/02 00:00:00,2024/09/02 04:51:47,Technical,Low,4.0
896,3267,2024/07/17 00:00:00,2024/07/17 14:09:19,Billing,High,
897,3267,2024/09/27 00:00:00,2024/09/27 10:45:24,Technical,Low,
898,3267,2024/08/13 00:00:00,,General,Low,
899,3769,2024/11/12 00:00:00,2024/11/12 12:03:43,General,Low,
900,692,2024/11/10 00:00:00,2024/11/10 08:56:19,Technical,Low,3.0
901,692,2024/02/28 00:00:00,2024/02/28 16:03:44,Technical,Low,5.0
902,4368,2024/10/22 00:00:00,2024/10/22 05:41:28,Billing,Low,5.0
903,4368,2024/05/03 00:00:00,2024/05/03 10:57:55,General,Low,3.0
904,4368,2024/12/05 00:00:00,2024/12/05 03:29:21,General,Medium,5.0
905,4368,2024/05/19 00:00:00,2024/05/19 22:28:49,General,Medium,
906,2498,2024/09/16 00:00:00,2024/09/16 11:04:15,General,Low,4.0
907,2498,2024/12/07 00:00:00,2024/12/07 19:10:30,Technical,Low,5.0
908,3722,2024/05/24 00:00:00,2024/05/24 06:10:34,Technical,Low,5.0
909,3722,2024/02/12 00:00:00,,Technical,Low,
910,200,2024/03/09 00:00:00,2024/03/10 02:29:36,General,High,3.0
911,200,2024/06/03 00:00:00,2024/06/03 11:45:56,Technical,High,1.0
912,200,2024/11/01 00:00:00,,Technical,Medium,
913,200,2024/02/13 00:00:00,,Billing,Low,
914,1244,2024/05/02 00:00:00,2024/05/02 09:10:09,Technical,Medium,4.0
915,1244,2024/10/14 00:00:00,2024/10/14 17:15:28,General,Low,
916,1244,2024/04/26 00:00:00,,General,Low,
917,1244,2024/10/11 00:00:00,,Technical,Medium,
918,1244,2024/07/05 00:00:00,,Technical,Low,
919,3326,2024/06/18 00:00:00,2024/06/18 10:18:37,General,Low,5.0
920,886,2024/07/17 00:00:00,2024/07/17 06:31:55,Technical,Medium,4.0
921,886,2024/04/17 00:00:00,2024/04/18 18:48:05,Technical,Low,4.0
922,886,2024/04/23 00:00:00,2024/04/23 13:37:25,General,High,2.0
923,886,2024/05/27 00:00:00,,General,Low,
924,1638,2024/12/09 00:00:00,,Technical,Low,
925,1638,2024/02/29 00:00:00,2024/02/29 01:52:02,Billing,Medium,4.0
926,1638,2024/11/07 00:00:00,2024/11/07 11:27:32,Billing,Medium,3.0
927,1265,2024/07/17 00:00:00,2024/07/17 09:38:16,Billing,Low,2.0
928,1265,2024/07/09 00:00:00,2024/07/09 10:47:25,Technical,High,4.0
929,589,2024/01/12 00:00:00,,General,Low,
930,589,2024/12/23 00:00:00,2024/12/23 21:10:45,Billing,High,
931,589,2024/07/07 00:00:00,,Billing,Low,
932,589,2024/05/24 00:00:00,2024/05/24 16:53:20,Technical,Low,
933,3786,2024/01/29 00:00:00,2024/01/29 11:21:15,Technical,Low,
934,3786,2024/01/06 00:00:00,2024/01/06 15:12:29,Technical,Low,
935,3786,2024/11/27 00:00:00,2024/11/27 22:55:20,Billing,Medium,
936,3786,2024/09/29 00:00:00,2024/09/29 08:54:46,Billing,Low,4.0
937,2349,2024/02/01 00:00:00,2024/02/02 00:18:28,Billing,Medium,
938,2349,2024/04/12 00:00:00,,Technical,Low,
939,2189,2024/09/13 00:00:00,2024/09/13 14:55:57,General,Low,
940,2189,2024/11/30 00:00:00,2024/11/30 12:43:36,Technical,Medium,
941,2189,2024/12/12 00:00:00,,Billing,Low,
942,2189,2024/06/09 00:00:00,2024/06/09 11:08:17,General,Medium,
943,3806,2024/12/09 00:00:00,,Technical,Medium,
944,3806,2024/04/09 00:00:00,2024/04/09 07:40:50,Technical,Low,
945,3806,2024/07/31 00:00:00,2024/07/31 11:48:55,General,Low,5.0
946,3806,2024/08/21 00:00:00,2024/08/22 15:03:15,General,Low,5.0
947,4191,2024/09/04 00:00:00,2024/09/04 16:48:16,Technical,Medium,
948,4191,2024/12/18 00:00:00,2024/12/18 08:41:47,Technical,Medium,4.0
949,4191,2024/05/26 00:00:00,2024/05/26 18:45:45,Billing,Medium,3.0
950,4191,2024/08/04 00:00:00,2024/08/04 02:48:26,Billing,Medium,1.0
951,4191,2024/01/31 00:00:00,2024/02/01 01:11:12,Billing,Low,5.0
952,381,2024/03/11 00:00:00,,Technical,Low,
953,381,2024/05/12 00:00:00,,Technical,Low,
954,381,2024/07/11 00:00:00,2024/07/11 06:26:24,Billing,Low,4.0
955,381,2024/10/05 00:00:00,2024/10/05 17:10:19,General,Medium,
956,3764,2024/01/22 00:00:00,2024/01/22 06:31:34,Technical,Medium,
957,3764,2024/03/14 00:00:00,,Technical,Medium,
958,3764,2024/06/03 00:00:00,2024/06/03 14:05:31,Technical,Medium,4.0
959,3764,2024/09/23 00:00:00,2024/09/23 09:10:45,Billing,Low,
960,3764,2024/10/18 00:00:00,2024/10/18 06:06:26,Billing,High,4.0
961,4821,2024/03/15 00:00:00,2024/03/15 10:10:04,Technical,Low,3.0
962,4821,2024/09/20 00:00:00,2024/09/20 10:47:16,Technical,High,4.0
963,4821,2024/11/10 00:00:00,,Billing,Low,
964,4821,2024/04/09 00:00:00,2024/04/09 07:19:42,Billing,Low,5.0
965,4821,2024/06/20 00:00:00,2024/06/20 17:26:36,Technical,Low,4.0
966,1055,2024/10/18 00:00:00,,Billing,Medium,
967,1055,2024/01/29 00:00:00,2024/01/29 13:15:14,Technical,Low,
968,1055,2024/02/04 00:00:00,2024/02/04 13:13:06,General,High,1.0
969,1055,2024/09/10 00:00:00,2024/09/10 11:13:06,Technical,Low,4.0
970,3237,2024/04/02 00:00:00,2024/04/02 20:53:14,Technical,Medium,
971,3572,2024/06/26 00:00:00,2024/06/26 08:41:56,Technical,High,
972,3572,2024/01/26 00:00:00,,General,Medium,
973,3572,2024/07/04 00:00:00,2024/07/04 07:54:24,General,Low,4.0
974,3572,2024/11/06 00:00:00,2024/11/06 19:54:38,Technical,High,3.0
975,3572,2024/11/23 00:00:00,,Technical,Medium,
976,1863,2024/09/21 00:00:00,2024/09/21 10:45:09,Technical,Low,
977,1863,2024/01/28 00:00:00,2024/01/28 13:02:47,General,Low,
978,1863,2024/10/18 00:00:00,2024/10/18 09:16:46,Technical,High,
979,1863,2024/04/23 00:00:00,2024/04/26 02:43:25,Billing,High,5.0
980,2481,2024/05/13 00:00:00,2024/05/13 16:58:40,Technical,Low,
981,2481,2024/03/19 00:00:00,2024/03/19 19:09:20,Billing,Low,4.0
982,2475,2024/02/05 00:00:00,2024/02/05 21:56:24,General,Medium,3.0
983,3415,2024/04/25 00:00:00,2024/04/25 15:54:27,Technical,Low,5.0
984,3415,2024/12/18 00:00:00,2024/12/18 16:37:36,Technical,Low,2.0
985,3415,2024/10/08 00:00:00,2024/10/08 09:15:00,General,Low,
986,3415,2024/08/31 00:00:00,2024/08/31 17:04:21,General,Low,5.0
987,4497,2024/09/08 00:00:00,2024/09/08 22:40:34,Billing,Medium,1.0
988,4497,2024/03/14 00:00:00,,Billing,Medium,
989,4497,2024/01/27 00:00:00,,General,Medium,
990,3284,2024/04/26 00:00:00,2024/04/26 18:51:36,Technical,Low,5.0
991,3284,2024/02/17 00:00:00,2024/02/17 08:48:40,Technical,Low,5.0
992,3284,2024/11/21 00:00:00,,Technical,High,
993,3284,2024/10/25 00:00:00,2024/10/25 03:27:33,Billing,High,4.0
994,4946,2024/05/20 00:00:00,2024/05/20 14:11:03,Technical,Low,
995,1439,2024/12/22 00:00:00,2024/12/22 20:51:01,General,Low,
996,1439,2024/05/17 00:00:00,2024/05/17 14:19:27,Technical,High,
997,1439,2024/11/23 00:00:00,2024/11/24 10:10:28,General,Low,4.0
998,1439,2024/12/26 00:00:00,2024/12/28 02:12:51,Technical,Low,4.0
999,1439,2024/09/23 00:00:00,2024/09/23 07:04:47,Technical,Medium,4.0
1000,1962,2024/06/30 00:00:00,2024/06/30 09:53:56,Technical,Medium,3.0
1001,1962,2024/04/16 00:00:00,2024/04/17 02:24:46,Technical,Low,4.0
1002,1882,2024/01/28 00:00:00,,Technical,High,
1003,3753,2024/08/20 00:00:00,2024/08/20 18:28:34,Technical,Medium,
1004,3753,2024/12/05 00:00:00,2024/12/05 08:48:00,Technical,Medium,3.0
1005,3753,2024/02/10 00:00:00,2024/02/10 14:06:07,General,Low,5.0
1006,3753,2024/04/16 00:00:00,2024/04/18 07:35:49,Technical,Low,
1007,3753,2024/07/16 00:00:00,2024/07/17 01:22:37,General,Low,4.0
1008,4349,2024/02/24 00:00:00,2024/02/24 01:41:16,Technical,Low,
1009,4349,2024/01/28 00:00:00,,Technical,Low,
1010,4349,2024/07/13 00:00:00,2024/07/13 22:51:56,Billing,Low,2.0
1011,4349,2024/02/13 00:00:00,2024/02/13 13:10:17,Billing,Low,3.0
1012,4349,2024/11/03 00:00:00,,Technical,Low,
1013,2011,2024/06/25 00:00:00,,General,Low,
1014,2011,2024/06/04 00:00:00,2024/06/04 12:37:49,General,High,3.0
1015,2011,2024/07/14 00:00:00,2024/07/14 09:50:22,Billing,Medium,4.0
1016,1134,2024/03/02 00:00:00,2024/03/02 19:13:25,Technical,Low,5.0
1017,1134,2024/11/11 00:00:00,2024/11/11 20:16:44,Billing,Medium,
1018,1134,2024/08/09 00:00:00,2024/08/09 04:36:36,Technical,Low,5.0
1019,1134,2024/01/17 00:00:00,2024/01/17 06:01:43,Technical,Medium,
1020,1134,2024/03/17 00:00:00,2024/03/17 08:17:15,Technical,Low,
1021,3884,2024/12/30 00:00:00,,Technical,Low,
1022,3884,2024/07/19 00:00:00,2024/07/20 03:41:37,Technical,Medium,
1023,3884,2024/03/24 00:00:00,,Billing,Low,
1024,4248,2024/12/17 00:00:00,2024/12/17 02:31:50,Billing,High,4.0
1025,4248,2024/04/24 00:00:00,,Billing,Low,
1026,4248,2024/07/01 00:00:00,,Technical,Medium,
1027,4248,2024/05/26 00:00:00,2024/05/26 05:05:34,General,Low,5.0
1028,4248,2024/09/12 00:00:00,,Technical,High,
1029,2129,2024/08/20 00:00:00,2024/08/20 13:17:14,General,Medium,
1030,2129,2024/06/28 00:00:00,2024/06/28 14:22:25,Technical,High,1.0
1031,2129,2024/09/23 00:00:00,2024/09/24 02:16:15,Technical,Low,5.0
1032,2129,2024/03/19 00:00:00,2024/03/19 11:37:55,General,Medium,5.0
1033,2129,2024/01/26 00:00:00,2024/01/26 23:00:48,Billing,Low,4.0
1034,1799,2024/05/09 00:00:00,,General,Low,
1035,1799,2024/06/15 00:00:00,2024/06/15 12:55:53,Technical,High,
1036,1799,2024/11/26 00:00:00,2024/11/26 13:01:25,Technical,Low,4.0
1037,1799,2024/03/19 00:00:00,2024/03/19 11:05:04,Technical,Low,5.0
1038,4372,2024/02/02 00:00:00,,Technical,Low,
1039,4372,2024/01/03 00:00:00,2024/01/03 03:41:57,Billing,Medium,
1040,4372,2024/11/03 00:00:00,2024/11/03 12:31:31,Billing,High,2.0
1041,3702,2024/05/14 00:00:00,,General,Low,
1042,3702,2024/10/01 00:00:00,2024/10/01 08:49:38,General,Low,2.0
1043,3702,2024/08/09 00:00:00,2024/08/09 15:18:51,Technical,Low,4.0
1044,2924,2024/07/17 00:00:00,2024/07/17 23:42:30,General,Medium,
1045,2924,2024/02/08 00:00:00,2024/02/08 12:56:47,General,Medium,4.0
1046,2924,2024/08/05 00:00:00,2024/08/05 17:04:13,Billing,Low,
1047,2924,2024/02/27 00:00:00,2024/02/27 10:01:35,Technical,Low,
1048,2821,2024/11/13 00:00:00,2024/11/15 02:11:56,General,Low,3.0
1049,1119,2024/06/23 00:00:00,2024/06/24 16:18:31,Billing,Low,
1050,1119,2024/06/04 00:00:00,2024/06/04 10:22:58,Technical,Low,4.0
1051,1119,2024/07/18 00:00:00,2024/07/19 00:06:01,Technical,Low,5.0
1052,1119,2024/07/26 00:00:00,,Technical,High,
1053,1119,2024/02/05 00:00:00,2024/02/05 01:30:22,Technical,Low,3.0
1054,590,2024/01/20 00:00:00,2024/01/20 21:38:41,Billing,Low,4.0
1055,590,2024/12/25 00:00:00,2024/12/25 13:24:21,Technical,Medium,5.0
1056,590,2024/02/20 00:00:00,2024/02/21 23:58:29,Billing,Medium,
1057,2681,2024/04/21 00:00:00,2024/04/21 03:50:06,Technical,Medium,4.0
1058,2681,2024/05/04 00:00:00,2024/05/05 00:00:44,Technical,Low,4.0
1059,2681,2024/09/27 00:00:00,,Technical,Low,
1060,2147,2024/09/10 00:00:00,2024/09/11 00:51:31,Technical,Low,
1061,2147,2024/02/04 00:00:00,2024/02/04 02:53:49,Billing,Medium,3.0
1062,2147,2024/01/23 00:00:00,2024/01/23 11:40:38,Technical,Low,4.0
1063,3252,2024/11/25 00:00:00,2024/11/25 12:11:18,Technical,Medium,
1064,3252,2024/04/13 00:00:00,2024/04/13 09:42:41,Technical,Medium,
1065,4032,2024/07/15 00:00:00,2024/07/15 11:20:21,Technical,High,4.0
1066,4032,2024/11/17 00:00:00,2024/11/17 19:16:43,General,Low,5.0
1067,282,2024/07/08 00:00:00,2024/07/08 00:42:56,Technical,Low,4.0
1068,3678,2024/11/26 00:00:00,2024/11/26 15:32:10,Technical,Low,5.0
1069,3678,2024/02/15 00:00:00,,Technical,Medium,
1070,3678,2024/09/14 00:00:00,2024/09/15 07:02:30,Billing,Low,
1071,234,2024/07/23 00:00:00,2024/07/23 09:02:45,General,Medium,5.0
1072,1553,2024/06/26 00:00:00,2024/06/26 16:01:51,Technical,Medium,4.0
1073,1553,2024/08/11 00:00:00,2024/08/11 06:43:01,General,Low,4.0
1074,931,2024/08/24 00:00:00,2024/08/24 06:31:29,Technical,High,4.0
1075,931,2024/09/13 00:00:00,,Billing,Low,
1076,931,2024/02/16 00:00:00,2024/02/16 14:22:49,Technical,Low,5.0
1077,931,2024/06/13 00:00:00,,Billing,Medium,
1078,931,2024/12/21 00:00:00,2024/12/21 08:02:13,Technical,Low,4.0
1079,3607,2024/02/01 00:00:00,2024/02/01 03:29:54,Technical,Medium,4.0
1080,3607,2024/07/23 00:00:00,2024/07/23 05:23:26,Billing,High,3.0
1081,570,2024/10/21 00:00:00,,General,Low,
1082,2523,2024/02/28 00:00:00,2024/02/28 19:06:55,Technical,Low,
1083,2523,2024/07/28 00:00:00,2024/07/29 01:17:00,Billing,Low,
1084,2523,2024/06/26 00:00:00,2024/06/27 00:22:38,Technical,Medium,
1085,2523,2024/03/05 00:00:00,2024/03/05 07:29:06,Technical,Low,
1086,391,2024/12/01 00:00:00,,Technical,Low,
1087,391,2024/04/01 00:00:00,2024/04/01 05:50:22,Technical,Medium,3.0
1088,391,2024/04/06 00:00:00,,General,Low,
1089,391,2024/08/19 00:00:00,2024/08/19 06:22:07,Technical,Low,
1090,391,2024/03/25 00:00:00,2024/03/26 16:38:23,Technical,Medium,1.0
1091,1655,2024/02/11 00:00:00,2024/02/11 10:03:40,Technical,Low,
1092,1655,2024/08/06 00:00:00,2024/08/06 05:52:46,Billing,Medium,
1093,1655,2024/04/21 00:00:00,,Billing,Low,
1094,1655,2024/11/28 00:00:00,2024/11/28 07:51:17,General,Medium,3.0
1095,1655,2024/06/06 00:00:00,,Technical,Low,
1096,3475,2024/04/03 00:00:00,2024/04/03 11:46:18,Billing,Low,
1097,3475,2024/02/15 00:00:00,2024/02/15 12:05:57,Billing,High,
1098,3475,2024/10/04 00:00:00,,Technical,High,
1099,1700,2024/06/22 00:00:00,2024/06/22 08:29:00,Billing,High,4.0
1100,1700,2024/05/26 00:00:00,2024/05/26 17:43:15,Technical,Medium,5.0
1101,579,2024/10/27 00:00:00,2024/10/27 20:29:35,Technical,Medium,
1102,579,2024/03/25 00:00:00,2024/03/26 00:04:25,General,Low,
1103,579,2024/07/06 00:00:00,2024/07/06 02:47:28,General,Medium,4.0
1104,579,2024/01/17 00:00:00,2024/01/17 05:29:18,General,Low,5.0
1105,579,2024/11/19 00:00:00,2024/11/19 06:12:28,Technical,Low,5.0
1106,2581,2024/10/26 00:00:00,2024/10/26 17:45:21,Billing,Medium,
1107,2581,2024/02/04 00:00:00,2024/02/05 09:44:01,Billing,Low,
1108,2581,2024/02/29 00:00:00,2024/03/01 03:20:11,Technical,Medium,3.0
1109,2581,2024/03/31 00:00:00,2024/03/31 09:33:44,General,Low,
1110,4849,2024/08/06 00:00:00,2024/08/06 17:02:30,Billing,Low,4.0
1111,1375,2024/08/23 00:00:00,2024/08/23 09:24:40,Technical,Medium,2.0
1112,1375,2024/12/03 00:00:00,2024/12/03 10:18:53,Technical,Medium,4.0
1113,1375,2024/10/18 00:00:00,2024/10/18 10:00:00,Billing,Low,5.0
1114,157,2024/10/25 00:00:00,2024/10/26 12:45:23,Billing,High,
1115,157,2024/10/01 00:00:00,2024/10/01 08:11:33,Technical,Medium,
1116,1676,2024/10/27 00:00:00,2024/10/27 10:30:06,General,High,
1117,1676,2024/07/01 00:00:00,2024/07/02 02:38:35,General,Low,
1118,1676,2024/10/29 00:00:00,2024/10/29 08:44:24,Technical,High,
1119,1676,2024/03/23 00:00:00,2024/03/23 08:25:28,Technical,Low,5.0
1120,1427,2024/04/18 00:00:00,2024/04/18 10:30:23,Technical,Low,
1121,1427,2024/05/27 00:00:00,2024/05/27 01:30:00,Technical,Low,5.0
1122,1427,2024/12/25 00:00:00,,Technical,Medium,
1123,364,2024/05/20 00:00:00,2024/05/21 01:43:01,General,High,3.0
1124,364,2024/06/17 00:00:00,2024/06/17 17:01:39,Technical,Low,5.0
1125,1616,2024/03/05 00:00:00,2024/03/06 20:34:29,Technical,Medium,
1126,1616,2024/01/17 00:00:00,2024/01/17 06:19:21,Technical,Low,
1127,567,2024/11/24 00:00:00,2024/11/24 08:44:23,General,Medium,3.0
1128,567,2024/04/04 00:00:00,,Technical,Medium,
1129,567,2024/09/28 00:00:00,,Technical,High,
1130,1282,2024/02/03 00:00:00,2024/02/03 20:12:41,Billing,Low,
1131,1282,2024/10/29 00:00:00,2024/10/30 10:04:39,Billing,Medium,
1132,1282,2024/10/03 00:00:00,2024/10/03 23:23:59,Billing,Medium,4.0
1133,3272,2024/07/01 00:00:00,,Billing,Low,
1134,3272,2024/07/31 00:00:00,2024/07/31 11:24:47,Technical,Medium,
1135,3272,2024/06/14 00:00:00,,Billing,Medium,
1136,3272,2024/09/15 00:00:00,,Technical,Low,
1137,3272,2024/05/20 00:00:00,2024/05/20 16:12:44,General,Low,
1138,532,2024/05/30 00:00:00,,Technical,Low,
1139,532,2024/01/04 00:00:00,2024/01/04 21:48:02,Technical,Low,5.0
1140,4074,2024/04/20 00:00:00,2024/04/20 07:28:00,Technical,Medium,
1141,4074,2024/12/18 00:00:00,2024/12/18 17:57:22,Technical,Low,3.0
1142,1423,2024/01/31 00:00:00,2024/01/31 07:13:54,General,Low,
1143,1423,2024/03/07 00:00:00,2024/03/07 07:07:06,Billing,Low,
1144,1423,2024/10/06 00:00:00,,Technical,Medium,
1145,1423,2024/09/16 00:00:00,2024/09/16 23:34:33,Technical,Low,4.0
1146,1423,2024/01/29 00:00:00,2024/01/29 23:58:58,Billing,Low,5.0
1147,975,2024/10/29 00:00:00,,General,Medium,
1148,975,2024/09/20 00:00:00,2024/09/20 17:52:21,General,Medium,5.0
1149,975,2024/07/07 00:00:00,2024/07/08 01:01:32,Technical,Low,3.0
1150,975,2024/06/10 00:00:00,,Technical,Low,
1151,975,2024/05/24 00:00:00,,Technical,Medium,
1152,607,2024/06/15 00:00:00,2024/06/15 09:47:20,Billing,Medium,
1153,607,2024/02/23 00:00:00,2024/02/23 04:45:14,Billing,Low,5.0
1154,607,2024/01/27 00:00:00,2024/01/27 15:20:10,General,Low,5.0
1155,607,2024/05/29 00:00:00,2024/05/29 03:14:24,Technical,Medium,
1156,2758,2024/01/16 00:00:00,2024/01/16 13:00:06,General,Low,
1157,1157,2024/08/07 00:00:00,2024/08/07 08:24:12,Technical,Low,4.0
1158,1157,2024/01/29 00:00:00,2024/01/29 04:03:46,Technical,Medium,
1159,1157,2024/10/21 00:00:00,2024/10/21 11:54:57,Technical,Low,
1160,1157,2024/01/27 00:00:00,2024/01/27 11:56:22,General,Medium,
1161,4899,2024/12/01 00:00:00,2024/12/01 00:20:47,Technical,High,
1162,4899,2024/10/04 00:00:00,2024/10/04 20:25:29,Technical,Low,4.0
1163,2198,2024/04/04 00:00:00,2024/04/05 03:48:21,General,Low,4.0
1164,2198,2024/04/16 00:00:00,,Billing,Low,
1165,2971,2024/01/11 00:00:00,2024/01/11 19:06:06,Billing,Low,
1166,2971,2024/10/06 00:00:00,2024/10/06 17:56:04,Technical,Medium,4.0
1167,2971,2024/05/12 00:00:00,,General,Low,
1168,2971,2024/06/14 00:00:00,,Billing,High,
1169,2971,2024/11/03 00:00:00,2024/11/03 02:21:53,General,Low,
1170,24,2024/02/05 00:00:00,2024/02/05 06:42:08,Billing,Medium,4.0
1171,2587,2024/04/16 00:00:00,2024/04/16 15:30:12,Billing,Medium,1.0
1172,2587,2024/04/27 00:00:00,2024/04/27 20:56:40,General,Low,
1173,2587,2024/09/09 00:00:00,2024/09/09 09:56:49,Billing,Medium,3.0
1174,2587,2024/11/18 00:00:00,2024/11/18 10:09:21,Technical,Low,5.0
1175,2587,2024/05/31 00:00:00,2024/05/31 05:20:05,Technical,Medium,5.0
1176,1098,2024/02/20 00:00:00,2024/02/20 08:15:27,Technical,Low,5.0
1177,1098,2024/08/24 00:00:00,2024/08/24 15:42:26,Billing,Medium,5.0
1178,1098,2024/12/13 00:00:00,2024/12/13 20:21:41,Technical,Low,
1179,1373,2024/10/14 00:00:00,,Technical,Low,
1180,425,2024/08/30 00:00:00,2024/08/31 09:13:46,Technical,Medium,
1181,1922,2024/08/17 00:00:00,2024/08/17 13:00:11,General,Low,5.0
1182,1922,2024/07/07 00:00:00,,Technical,Low,
1183,3010,2024/12/25 00:00:00,2024/12/25 16:32:19,Technical,Low,5.0
1184,3010,2024/05/31 00:00:00,2024/05/31 16:03:34,Technical,High,
1185,3010,2024/02/11 00:00:00,2024/02/11 08:12:02,Billing,Medium,2.0
1186,3010,2024/07/25 00:00:00,2024/07/25 16:09:35,Technical,High,
1187,1403,2024/09/24 00:00:00,2024/09/25 00:09:52,Technical,Low,5.0
1188,1403,2024/06/08 00:00:00,2024/06/08 06:47:13,Billing,Low,4.0
1189,1403,2024/07/30 00:00:00,2024/07/30 14:43:12,Billing,Medium,
1190,3280,2024/08/29 00:00:00,,General,Low,
1191,2788,2024/05/19 00:00:00,2024/05/19 17:51:07,Technical,Low,
1192,2788,2024/03/09 00:00:00,2024/03/09 21:45:15,Technical,Low,5.0
1193,2788,2024/11/18 00:00:00,2024/11/18 16:58:38,Billing,Low,
1194,2788,2024/03/30 00:00:00,2024/03/30 15:27:50,Technical,High,3.0
1195,2788,2024/06/09 00:00:00,2024/06/09 06:14:04,Billing,Medium,
1196,4399,2024/04/28 00:00:00,2024/04/28 07:10:13,Billing,Medium,5.0
1197,4399,2024/01/08 00:00:00,2024/01/09 02:31:07,General,Low,4.0
1198,4399,2024/01/18 00:00:00,2024/01/19 11:26:55,Billing,Low,5.0
1199,4399,2024/12/29 00:00:00,2024/12/30 02:53:07,General,Medium,2.0
1200,4399,2024/06/20 00:00:00,2024/06/20 13:30:55,Billing,Low,3.0
1201,3624,2024/03/13 00:00:00,2024/03/13 07:15:29,Billing,Medium,4.0
1202,3624,2024/09/29 00:00:00,2024/09/30 00:54:17,General,Low,4.0
1203,3624,2024/07/21 00:00:00,2024/07/21 04:21:27,General,Low,
1204,3624,2024/07/03 00:00:00,,General,Medium,
1205,3624,2024/08/06 00:00:00,2024/08/06 19:48:03,Technical,High,
1206,4856,2024/01/25 00:00:00,2024/01/25 19:36:51,Technical,Low,3.0
1207,3082,2024/04/28 00:00:00,2024/04/28 09:14:34,Technical,Medium,
1208,3082,2024/10/27 00:00:00,2024/10/27 04:11:49,Billing,Medium,
1209,2178,2024/10/02 00:00:00,,Technical,High,
1210,2178,2024/02/04 00:00:00,2024/02/04 11:47:48,Technical,High,3.0
1211,2178,2024/03/14 00:00:00,2024/03/14 16:53:27,General,Low,
1212,4350,2024/03/09 00:00:00,,Technical,Medium,
1213,4350,2024/07/15 00:00:00,2024/07/15 17:55:30,Technical,Low,4.0
1214,1237,2024/12/29 00:00:00,2024/12/29 21:03:18,Technical,Medium,3.0
1215,1237,2024/10/03 00:00:00,2024/10/03 10:38:07,Technical,Low,4.0
1216,1237,2024/11/15 00:00:00,2024/11/15 11:41:39,Billing,Medium,5.0
1217,1237,2024/12/28 00:00:00,2024/12/29 19:38:51,General,Low,5.0
1218,3190,2024/06/20 00:00:00,2024/06/21 04:32:16,Technical,Medium,5.0
1219,3190,2024/10/04 00:00:00,2024/10/04 20:02:22,Technical,Medium,
1220,3190,2024/06/07 00:00:00,2024/06/07 03:54:45,Billing,Low,1.0
1221,3190,2024/10/28 00:00:00,,General,Medium,
1222,3190,2024/01/11 00:00:00,,General,Medium,
1223,948,2024/03/14 00:00:00,2024/03/14 06:59:00,General,Low,
1224,948,2024/03/15 00:00:00,,Billing,Low,
1225,948,2024/02/25 00:00:00,2024/02/25 15:49:02,Billing,Low,5.0
1226,948,2024/10/16 00:00:00,2024/10/16 05:51:17,Technical,Low,4.0
1227,3133,2024/10/10 00:00:00,2024/10/10 20:22:13,Billing,Low,
1228,3133,2024/03/17 00:00:00,2024/03/18 04:29:10,Technical,High,5.0
1229,1868,2024/04/04 00:00:00,2024/04/05 00:26:12,Billing,Low,5.0
1230,2941,2024/12/05 00:00:00,2024/12/05 01:16:32,Technical,Medium,
1231,2941,2024/11/01 00:00:00,,Technical,Medium,
1232,2941,2024/11/25 00:00:00,2024/11/25 04:39:30,Billing,Medium,5.0
1233,2941,2024/08/22 00:00:00,2024/08/22 10:15:11,Billing,Low,3.0
1234,2941,2024/07/09 00:00:00,2024/07/09 11:18:32,Technical,Low,
1235,750,2024/07/30 00:00:00,,Technical,High,
1236,750,2024/03/20 00:00:00,2024/03/20 10:58:24,Technical,Low,4.0
1237,750,2024/11/02 00:00:00,2024/11/02 04:18:33,Technical,Low,4.0
1238,750,2024/01/31 00:00:00,2024/01/31 06:22:44,Billing,High,
1239,750,2024/06/13 00:00:00,,General,Low,
1240,3936,2024/08/08 00:00:00,2024/08/08 07:41:02,Billing,Medium,
1241,3936,2024/01/25 00:00:00,2024/01/25 23:49:43,Technical,High,1.0
1242,3936,2024/11/22 00:00:00,2024/11/22 09:40:09,Technical,High,1.0
1243,3936,2024/03/15 00:00:00,2024/03/15 12:19:02,General,High,2.0
1244,1679,2024/08/14 00:00:00,2024/08/14 07:02:43,Technical,Medium,
1245,1679,2024/12/16 00:00:00,,Technical,Low,
1246,1679,2024/08/20 00:00:00,,Billing,High,
1247,1679,2024/08/22 00:00:00,2024/08/22 00:40:25,Billing,Low,4.0
1248,3521,2024/02/23 00:00:00,2024/02/23 10:57:41,Technical,Low,5.0
1249,3521,2024/12/05 00:00:00,2024/12/05 07:32:38,Technical,Low,
1250,3521,2024/11/23 00:00:00,2024/11/23 10:45:05,Technical,Medium,4.0
1251,2526,2024/01/22 00:00:00,,Technical,Low,
1252,2526,2024/01/31 00:00:00,2024/01/31 10:14:03,Technical,Low,5.0
1253,3881,2024/05/04 00:00:00,2024/05/04 07:23:43,Billing,High,2.0
1254,3881,2024/05/11 00:00:00,2024/05/11 23:26:54,General,Low,4.0
1255,3881,2024/05/15 00:00:00,2024/05/15 20:39:01,Technical,High,3.0
1256,3881,2024/11/29 00:00:00,2024/11/30 08:22:44,Billing,High,4.0
1257,3478,2024/05/08 00:00:00,2024/05/08 09:32:26,Technical,Low,4.0
1258,3478,2024/08/13 00:00:00,2024/08/14 03:51:04,General,Low,
1259,3478,2024/08/16 00:00:00,,General,Low,
1260,659,2024/06/27 00:00:00,2024/06/27 10:09:48,Billing,Low,
1261,659,2024/07/09 00:00:00,2024/07/09 22:08:28,General,Low,
1262,659,2024/10/06 00:00:00,2024/10/06 02:18:09,Billing,Low,4.0
1263,659,2024/12/30 00:00:00,,General,Low,
1264,1103,2024/12/27 00:00:00,2024/12/28 11:41:35,Technical,High,3.0
1265,28,2024/11/23 00:00:00,2024/11/25 00:19:30,General,Low,3.0
1266,28,2024/12/08 00:00:00,2024/12/08 15:05:00,Billing,High,2.0
1267,28,2024/07/18 00:00:00,2024/07/18 08:24:37,Billing,Low,5.0
1268,28,2024/08/22 00:00:00,2024/08/22 06:28:41,Billing,Medium,
1269,706,2024/01/07 00:00:00,2024/01/07 09:27:51,Technical,Low,5.0
1270,706,2024/02/07 00:00:00,2024/02/07 07:21:29,Technical,Medium,
1271,706,2024/10/30 00:00:00,2024/10/30 10:29:46,Billing,High,2.0
1272,1983,2024/02/05 00:00:00,,Technical,Medium,
1273,3975,2024/07/01 00:00:00,2024/07/02 18:39:56,General,High,
1274,3975,2024/01/06 00:00:00,2024/01/06 23:42:17,General,Medium,
1275,4624,2024/05/14 00:00:00,2024/05/14 09:11:00,Technical,Low,
1276,4624,2024/08/09 00:00:00,2024/08/10 12:38:49,Billing,Medium,4.0
1277,4624,2024/03/29 00:00:00,2024/03/30 09:03:13,General,Medium,
1278,4624,2024/07/02 00:00:00,2024/07/02 14:21:30,Billing,Medium,3.0
1279,4624,2024/11/16 00:00:00,2024/11/16 12:15:02,Technical,Medium,4.0
1280,3095,2024/12/02 00:00:00,2024/12/03 10:51:38,Billing,Low,
1281,3095,2024/09/24 00:00:00,2024/09/26 08:10:38,Technical,Medium,
1282,3095,2024/10/31 00:00:00,2024/10/31 04:40:07,Technical,Medium,3.0
1283,4124,2024/10/05 00:00:00,2024/10/05 14:40:12,Technical,High,
1284,4124,2024/04/09 00:00:00,2024/04/09 15:47:12,Technical,Low,4.0
1285,4124,2024/05/28 00:00:00,2024/05/28 22:58:16,Billing,Medium,4.0
1286,4124,2024/10/09 00:00:00,,Technical,Low,
1287,3914,2024/09/08 00:00:00,2024/09/08 20:46:18,Technical,High,4.0
1288,3914,2024/03/31 00:00:00,,Billing,Medium,
1289,3887,2024/08/01 00:00:00,2024/08/01 07:29:44,General,Low,
1290,4844,2024/08/29 00:00:00,2024/08/30 01:36:44,Technical,Low,5.0
1291,4844,2024/08/21 00:00:00,2024/08/21 20:34:17,General,Low,4.0
1292,4844,2024/09/04 00:00:00,2024/09/04 04:39:15,Technical,Medium,5.0
1293,4844,2024/08/23 00:00:00,,Technical,High,
1294,4844,2024/01/14 00:00:00,2024/01/15 00:50:04,General,Medium,
1295,4478,2024/08/04 00:00:00,2024/08/04 10:26:56,Technical,Low,5.0
1296,4478,2024/01/28 00:00:00,,Technical,Low,
1297,4478,2024/09/27 00:00:00,2024/09/27 04:56:11,Technical,Low,
1298,4478,2024/05/07 00:00:00,,Technical,Medium,
1299,4478,2024/07/12 00:00:00,2024/07/12 08:17:10,Technical,Low,
1300,1224,2024/01/06 00:00:00,2024/01/07 06:37:51,General,Low,
1301,1224,2024/06/05 00:00:00,2024/06/05 06:24:06,General,Low,5.0
1302,1224,2024/02/14 00:00:00,2024/02/14 05:30:40,Technical,Medium,1.0
1303,1224,2024/09/18 00:00:00,,Technical,Low,
1304,1224,2024/04/09 00:00:00,2024/04/09 15:05:24,Billing,High,
1305,345,2024/05/26 00:00:00,,Technical,Low,
1306,345,2024/07/22 00:00:00,2024/07/23 00:57:46,Technical,Low,4.0
1307,2229,2024/12/25 00:00:00,,Technical,Low,
1308,2229,2024/05/21 00:00:00,2024/05/21 18:55:53,Billing,High,2.0
1309,3996,2024/09/18 00:00:00,2024/09/19 08:51:09,General,Low,5.0
1310,3996,2024/10/01 00:00:00,2024/10/01 08:49:07,General,High,1.0
1311,4981,2024/08/18 00:00:00,,Technical,High,
1312,4981,2024/08/12 00:00:00,,Billing,High,
1313,4981,2024/01/21 00:00:00,,Technical,Low,
1314,759,2024/03/18 00:00:00,2024/03/18 05:17:12,Technical,Medium,5.0
1315,759,2024/12/27 00:00:00,2024/12/27 14:39:23,General,Low,4.0
1316,759,2024/12/27 00:00:00,,Technical,Medium,
1317,759,2024/10/28 00:00:00,2024/10/28 08:24:39,Technical,Medium,
1318,759,2024/09/18 00:00:00,2024/09/19 04:38:33,Technical,Medium,1.0
1319,2553,2024/02/21 00:00:00,2024/02/22 07:33:13,Billing,Low,
1320,2553,2024/01/05 00:00:00,2024/01/05 13:43:05,Billing,High,
1321,2553,2024/11/24 00:00:00,2024/11/26 13:41:42,Technical,Medium,5.0
1322,2553,2024/04/04 00:00:00,2024/04/04 04:49:04,Technical,Low,
1323,2553,2024/02/21 00:00:00,2024/02/21 16:33:11,Billing,Low,4.0
1324,223,2024/07/15 00:00:00,,Billing,Medium,
1325,223,2024/10/07 00:00:00,2024/10/08 04:14:17,Technical,Low,4.0
1326,223,2024/06/08 00:00:00,2024/06/08 15:30:58,Technical,Low,
1327,223,2024/12/02 00:00:00,2024/12/02 13:29:47,Billing,Low,
1328,223,2024/03/11 00:00:00,2024/03/11 05:21:17,Billing,High,
1329,3598,2024/11/02 00:00:00,,Billing,Medium,
1330,3598,2024/01/27 00:00:00,2024/01/28 10:48:18,Technical,Medium,4.0
1331,525,2024/08/13 00:00:00,2024/08/13 16:08:21,Technical,High,2.0
1332,525,2024/07/09 00:00:00,2024/07/10 02:42:02,Technical,Low,3.0
1333,525,2024/09/12 00:00:00,2024/09/12 11:26:52,Technical,Medium,5.0
1334,525,2024/01/23 00:00:00,2024/01/23 09:12:56,Technical,High,5.0
1335,3943,2024/08/25 00:00:00,2024/08/26 02:37:03,Technical,High,3.0
1336,3943,2024/03/29 00:00:00,2024/03/29 10:06:25,Technical,Medium,
1337,3943,2024/01/28 00:00:00,2024/01/28 00:45:27,Technical,Medium,
1338,3943,2024/09/01 00:00:00,2024/09/01 05:46:58,Technical,Low,
1339,3943,2024/12/07 00:00:00,,General,Low,
1340,57,2024/05/26 00:00:00,2024/05/26 09:27:51,Technical,Low,3.0
1341,57,2024/10/05 00:00:00,2024/10/05 14:08:47,Technical,Low,4.0
1342,4266,2024/08/22 00:00:00,2024/08/22 17:46:28,Billing,Medium,
1343,4266,2024/08/13 00:00:00,2024/08/14 08:33:05,Billing,Low,5.0
1344,4266,2024/05/15 00:00:00,2024/05/15 08:23:31,Technical,High,
1345,3076,2024/04/09 00:00:00,2024/04/09 10:32:35,General,Low,5.0
1346,3076,2024/02/21 00:00:00,,Billing,Low,
1347,3076,2024/01/25 00:00:00,2024/01/25 08:59:40,Billing,Low,
1348,591,2024/02/10 00:00:00,2024/02/10 08:15:16,Technical,Medium,4.0
1349,591,2024/06/25 00:00:00,2024/06/25 03:58:49,Technical,Low,3.0
1350,591,2024/04/07 00:00:00,2024/04/08 00:41:58,Technical,Low,4.0
1351,591,2024/09/02 00:00:00,2024/09/02 11:39:07,Technical,Medium,
1352,3516,2024/11/26 00:00:00,2024/11/26 08:11:43,Technical,Medium,5.0
1353,3516,2024/09/13 00:00:00,2024/09/13 20:01:44,Technical,High,
1354,3516,2024/12/03 00:00:00,,General,Medium,
1355,3516,2024/12/13 00:00:00,,Billing,Low,
1356,3268,2024/12/25 00:00:00,2024/12/25 05:20:35,Technical,Medium,5.0
1357,3268,2024/01/15 00:00:00,2024/01/15 09:02:29,General,High,
1358,3268,2024/05/05 00:00:00,2024/05/05 03:00:05,Billing,Medium,3.0
1359,3268,2024/06/25 00:00:00,2024/06/25 07:41:51,Billing,Medium,
1360,3268,2024/04/24 00:00:00,2024/04/24 10:18:38,Technical,High,2.0
1361,1382,2024/08/13 00:00:00,,General,Low,
1362,1382,2024/03/08 00:00:00,2024/03/08 08:07:54,Technical,Low,
1363,1382,2024/12/11 00:00:00,2024/12/11 09:31:09,Technical,Low,4.0
1364,1382,2024/09/15 00:00:00,2024/09/15 13:22:28,Billing,Low,3.0
1365,2740,2024/10/25 00:00:00,,Technical,Low,
1366,1240,2024/05/17 00:00:00,2024/05/17 11:26:43,Technical,Low,
1367,968,2024/07/15 00:00:00,2024/07/15 09:22:01,Billing,Low,4.0
1368,578,2024/05/23 00:00:00,,Technical,Low,
1369,578,2024/01/01 00:00:00,2024/01/01 10:19:18,Technical,Medium,
1370,1561,2024/08/18 00:00:00,,Technical,Medium,
1371,4079,2024/05/05 00:00:00,2024/05/05 10:09:59,Billing,Low,5.0
1372,4079,2024/02/06 00:00:00,2024/02/06 07:32:01,Technical,Medium,
1373,3312,2024/11/15 00:00:00,2024/11/15 11:09:32,General,High,
1374,3312,2024/10/09 00:00:00,2024/10/09 07:13:11,Technical,Low,4.0
1375,2370,2024/01/13 00:00:00,2024/01/13 08:13:56,Technical,Low,5.0
1376,2370,2024/02/26 00:00:00,2024/02/26 17:54:38,Technical,High,
1377,2370,2024/12/17 00:00:00,,General,Low,
1378,2370,2024/09/10 00:00:00,2024/09/11 00:03:05,Technical,Low,5.0
1379,1365,2024/07/25 00:00:00,2024/07/25 22:58:07,Technical,High,1.0
1380,1365,2024/12/13 00:00:00,2024/12/13 17:03:09,Billing,Medium,
1381,1365,2024/07/10 00:00:00,,Billing,Medium,
1382,828,2024/01/20 00:00:00,2024/01/20 11:06:06,Billing,Medium,5.0
1383,883,2024/12/29 00:00:00,2024/12/29 22:00:26,General,Medium,5.0
1384,4258,2024/03/25 00:00:00,,Technical,High,
1385,4258,2024/01/06 00:00:00,2024/01/06 19:39:03,Technical,Low,
1386,4258,2024/04/18 00:00:00,2024/04/18 13:33:18,General,Low,
1387,8,2024/01/26 00:00:00,2024/01/26 14:21:27,Technical,High,4.0
1388,8,2024/07/06 00:00:00,2024/07/06 12:16:05,Technical,Low,3.0
1389,8,2024/08/01 00:00:00,2024/08/01 10:58:31,Billing,Medium,
1390,8,2024/09/23 00:00:00,2024/09/23 21:16:24,General,Medium,5.0
1391,8,2024/10/18 00:00:00,2024/10/19 03:21:23,Billing,Low,
1392,3390,2024/08/17 00:00:00,2024/08/17 02:21:15,Billing,High,
1393,3390,2024/02/08 00:00:00,2024/02/08 17:58:57,Billing,Medium,4.0
1394,3390,2024/05/27 00:00:00,,Technical,Low,
1395,3430,2024/05/22 00:00:00,2024/05/22 10:21:46,Technical,High,
1396,3430,2024/01/15 00:00:00,2024/01/15 06:47:29,Technical,Low,5.0
1397,3430,2024/04/15 00:00:00,,Technical,Low,
1398,3430,2024/09/12 00:00:00,2024/09/12 16:19:25,Technical,Low,4.0
1399,4463,2024/11/01 00:00:00,,Technical,Low,
1400,4463,2024/08/27 00:00:00,2024/08/27 17:54:35,Billing,Low,
1401,4463,2024/09/07 00:00:00,2024/09/07 08:02:06,Technical,Low,4.0
1402,1002,2024/06/02 00:00:00,2024/06/02 21:15:04,Technical,Low,5.0
1403,1002,2024/03/21 00:00:00,2024/03/21 17:09:55,Technical,Low,2.0
1404,4888,2024/11/29 00:00:00,2024/11/29 11:34:29,General,Low,5.0
1405,4888,2024/01/18 00:00:00,2024/01/18 16:04:10,Billing,Low,
1406,4888,2024/06/18 00:00:00,,Billing,Low,
1407,3428,2024/03/03 00:00:00,2024/03/03 05:36:07,General,Medium,
1408,3428,2024/07/04 00:00:00,2024/07/04 17:39:52,Technical,Low,5.0
1409,3428,2024/08/13 00:00:00,2024/08/13 10:37:55,Billing,Low,
1410,3428,2024/02/07 00:00:00,2024/02/07 12:01:35,Billing,Low,
1411,3428,2024/11/15 00:00:00,2024/11/15 01:44:27,General,Low,2.0
1412,3248,2024/01/25 00:00:00,2024/01/25 05:24:58,Technical,High,
1413,3248,2024/11/09 00:00:00,2024/11/11 08:38:55,Technical,Low,
1414,3248,2024/01/24 00:00:00,2024/01/24 01:08:26,Technical,Medium,
1415,3248,2024/08/12 00:00:00,2024/08/12 11:25:38,Technical,Low,4.0
1416,3837,2024/04/04 00:00:00,2024/04/04 20:40:31,Billing,High,
1417,3837,2024/07/11 00:00:00,2024/07/11 22:11:13,Billing,Low,4.0
1418,2646,2024/08/09 00:00:00,,Technical,Medium,
1419,2646,2024/05/03 00:00:00,2024/05/03 14:12:30,Technical,Low,
1420,2646,2024/11/06 00:00:00,2024/11/07 14:24:05,General,Low,3.0
1421,2646,2024/09/29 00:00:00,2024/09/29 16:48:07,Billing,Low,
1422,1718,2024/09/21 00:00:00,2024/09/21 15:50:42,General,Low,
1423,1541,2024/09/13 00:00:00,,Billing,Low,
1424,1541,2024/09/13 00:00:00,2024/09/13 09:25:41,Technical,Low,
1425,1541,2024/09/15 00:00:00,2024/09/16 01:21:22,Billing,High,
1426,1541,2024/05/07 00:00:00,2024/05/07 11:48:36,Technical,Low,
1427,1412,2024/08/11 00:00:00,,General,Medium,
1428,1412,2024/03/15 00:00:00,,Technical,Medium,
1429,1412,2024/03/04 00:00:00,2024/03/04 15:44:49,Technical,Low,
1430,1412,2024/01/28 00:00:00,2024/01/28 16:22:42,Technical,Medium,
1431,1412,2024/03/11 00:00:00,2024/03/11 21:27:56,Technical,Low,
1432,4417,2024/05/23 00:00:00,2024/05/24 05:40:09,General,Low,4.0
1433,4417,2024/12/29 00:00:00,2024/12/29 23:14:04,Billing,Medium,
1434,4417,2024/10/24 00:00:00,2024/10/24 16:01:41,Technical,Medium,4.0
1435,4653,2024/10/08 00:00:00,2024/10/09 20:55:47,Technical,Medium,5.0
1436,4653,2024/05/09 00:00:00,2024/05/09 11:27:32,General,Medium,
1437,3699,2024/03/30 00:00:00,2024/03/31 02:16:14,Technical,Low,5.0
1438,3699,2024/11/15 00:00:00,2024/11/15 16:59:10,Technical,Medium,5.0
1439,4708,2024/02/18 00:00:00,,Technical,Medium,
1440,4708,2024/10/09 00:00:00,2024/10/09 14:55:46,Billing,Low,
1441,4708,2024/10/11 00:00:00,2024/10/11 17:54:39,Technical,Low,4.0
1442,4708,2024/04/13 00:00:00,2024/04/13 10:13:22,Technical,Medium,5.0
1443,2241,2024/04/04 00:00:00,,Technical,High,
1444,3796,2024/02/25 00:00:00,2024/02/25 04:47:20,General,High,
1445,2995,2024/06/30 00:00:00,,Billing,Low,
1446,4562,2024/08/22 00:00:00,2024/08/22 05:22:43,Billing,Low,5.0
1447,4562,2024/02/05 00:00:00,2024/02/05 06:25:11,Billing,Low,4.0
1448,4775,2024/04/19 00:00:00,2024/04/19 09:12:49,Billing,High,3.0
1449,4775,2024/07/28 00:00:00,2024/07/28 04:34:50,Technical,High,3.0
1450,4589,2024/12/02 00:00:00,2024/12/02 05:37:56,Billing,Low,4.0
1451,4589,2024/08/21 00:00:00,2024/08/21 12:53:54,Technical,Low,4.0
1452,4589,2024/04/27 00:00:00,,Billing,Low,
1453,4589,2024/01/27 00:00:00,2024/01/27 13:13:02,Billing,High,3.0
1454,4589,2024/12/13 00:00:00,2024/12/14 01:57:33,Technical,Low,
1455,3801,2024/05/13 00:00:00,2024/05/13 08:59:58,Technical,Medium,3.0
1456,3801,2024/09/10 00:00:00,,Technical,Low,
1457,3801,2024/04/09 00:00:00,2024/04/09 06:20:36,Billing,Low,4.0
1458,1162,2024/04/29 00:00:00,2024/04/29 05:47:21,Billing,High,
1459,1162,2024/02/14 00:00:00,2024/02/14 06:51:33,Technical,High,
1460,1162,2024/12/21 00:00:00,2024/12/21 13:56:01,Technical,Low,4.0
1461,4388,2024/08/12 00:00:00,2024/08/12 04:59:20,General,Medium,4.0
1462,4388,2024/03/07 00:00:00,2024/03/07 12:17:59,Billing,Low,4.0
1463,4388,2024/10/29 00:00:00,,Technical,High,
1464,4388,2024/05/30 00:00:00,2024/05/30 17:06:41,General,Low,
1465,4388,2024/08/15 00:00:00,2024/08/16 02:42:55,Billing,Low,3.0
1466,1071,2024/07/28 00:00:00,2024/07/28 03:52:48,General,Low,3.0
1467,1071,2024/06/25 00:00:00,,Billing,Medium,
1468,3009,2024/01/26 00:00:00,2024/01/26 08:09:07,Technical,Medium,2.0
1469,3009,2024/05/29 00:00:00,2024/05/29 10:52:58,Billing,Medium,
1470,3009,2024/12/17 00:00:00,2024/12/17 23:13:26,Technical,Low,5.0
1471,4087,2024/08/31 00:00:00,2024/09/02 08:15:10,General,Medium,3.0
1472,4087,2024/07/13 00:00:00,,Technical,Medium,
1473,4087,2024/03/20 00:00:00,,Technical,Medium,
1474,4087,2024/04/30 00:00:00,2024/04/30 13:31:40,Billing,Medium,4.0
1475,4087,2024/01/09 00:00:00,2024/01/09 16:23:54,Technical,High,3.0
1476,1688,2024/03/06 00:00:00,2024/03/06 06:45:56,Billing,Low,
1477,4381,2024/03/03 00:00:00,2024/03/03 01:46:20,Technical,Medium,2.0
1478,4381,2024/09/02 00:00:00,2024/09/03 04:41:18,Technical,Medium,3.0
1479,2203,2024/01/18 00:00:00,,Billing,Low,
1480,2203,2024/01/23 00:00:00,2024/01/24 10:21:10,Technical,Low,5.0
1481,2203,2024/05/25 00:00:00,2024/05/26 09:56:24,Technical,Low,3.0
1482,2203,2024/02/14 00:00:00,,Technical,Low,
1483,2203,2024/07/03 00:00:00,2024/07/03 13:19:12,Technical,Low,
1484,2168,2024/06/06 00:00:00,2024/06/06 09:36:42,Technical,Low,1.0
1485,2168,2024/12/20 00:00:00,2024/12/20 10:24:37,General,Medium,5.0
1486,1077,2024/12/29 00:00:00,2024/12/29 15:16:13,General,Medium,5.0
1487,1077,2024/01/14 00:00:00,2024/01/14 07:57:24,Technical,Low,5.0
1488,1077,2024/12/09 00:00:00,2024/12/10 01:30:55,Technical,Medium,3.0
1489,1077,2024/06/12 00:00:00,2024/06/12 10:19:39,General,Medium,4.0
1490,1077,2024/04/16 00:00:00,,Technical,Low,
1491,2539,2024/07/04 00:00:00,2024/07/04 15:36:43,Technical,Low,5.0
1492,2539,2024/06/19 00:00:00,2024/06/19 22:59:20,Technical,Low,5.0
1493,2539,2024/07/08 00:00:00,2024/07/08 23:02:57,Technical,Medium,2.0
1494,2539,2024/01/07 00:00:00,,General,Medium,
1495,2539,2024/02/08 00:00:00,2024/02/08 07:44:32,Billing,Low,5.0
1496,1622,2024/10/27 00:00:00,2024/10/27 11:08:35,Technical,Low,3.0
1497,1622,2024/03/10 00:00:00,2024/03/10 09:55:24,Technical,Low,
1498,1622,2024/07/19 00:00:00,2024/07/19 06:58:46,General,Low,
1499,1209,2024/10/12 00:00:00,2024/10/12 04:43:39,General,High,3.0
1500,2571,2024/07/02 00:00:00,,Billing,Medium,
1501,2571,2024/01/05 00:00:00,2024/01/05 12:00:00,Technical,Low,5.0
1502,3877,2024/04/08 00:00:00,2024/04/09 07:14:27,Technical,Medium,
1503,3962,2024/05/19 00:00:00,2024/05/19 18:14:23,Technical,Low,
1504,3962,2024/01/03 00:00:00,2024/01/03 07:08:51,General,Low,4.0
1505,3962,2024/08/15 00:00:00,2024/08/17 15:05:51,General,Low,5.0
1506,4410,2024/08/25 00:00:00,2024/08/25 19:28:16,Billing,Medium,2.0
1507,4410,2024/10/22 00:00:00,2024/10/22 14:38:01,Technical,Medium,4.0
1508,4678,2024/01/21 00:00:00,2024/01/21 20:57:37,General,High,3.0
1509,4678,2024/09/04 00:00:00,2024/09/04 03:48:36,Billing,High,2.0
1510,4678,2024/11/25 00:00:00,2024/11/25 11:46:26,General,Low,
1511,4678,2024/10/16 00:00:00,2024/10/17 00:30:57,Technical,Low,
1512,758,2024/09/18 00:00:00,2024/09/18 16:34:34,General,Medium,3.0
1513,758,2024/08/25 00:00:00,2024/08/26 02:53:57,Billing,Medium,5.0
1514,4334,2024/09/24 00:00:00,2024/09/24 20:47:31,Technical,Low,2.0
1515,4334,2024/02/17 00:00:00,2024/02/17 12:30:17,Technical,Low,5.0
1516,4334,2024/04/07 00:00:00,2024/04/07 06:59:09,Billing,Low,
1517,4334,2024/01/06 00:00:00,2024/01/06 08:12:23,Technical,Medium,4.0
1518,4334,2024/10/08 00:00:00,2024/10/08 11:32:21,Technical,High,
1519,322,2024/02/15 00:00:00,2024/02/16 13:42:06,Technical,Low,3.0
1520,322,2024/01/23 00:00:00,2024/01/23 08:15:07,Technical,Low,
1521,322,2024/06/19 00:00:00,2024/06/19 12:21:15,Billing,Low,3.0
1522,849,2024/02/04 00:00:00,2024/02/05 01:30:16,Technical,Medium,2.0
1523,849,2024/08/03 00:00:00,2024/08/04 14:30:17,Technical,Medium,5.0
1524,1943,2024/08/15 00:00:00,2024/08/15 15:25:39,Technical,Medium,5.0
1525,1943,2024/04/03 00:00:00,2024/04/03 00:33:10,Technical,Low,
1526,2414,2024/07/18 00:00:00,2024/07/18 07:14:27,Technical,High,3.0
1527,2414,2024/10/29 00:00:00,2024/10/30 18:30:00,Technical,Medium,
1528,3579,2024/02/26 00:00:00,2024/02/26 03:17:07,Technical,Medium,2.0
1529,3579,2024/07/03 00:00:00,2024/07/03 04:22:16,Technical,Low,4.0
1530,3579,2024/01/14 00:00:00,,Technical,Medium,
1531,3579,2024/04/01 00:00:00,2024/04/01 10:31:15,Billing,Low,4.0
1532,4595,2024/07/20 00:00:00,,Billing,Low,
1533,4595,2024/11/04 00:00:00,2024/11/04 21:14:10,Technical,Low,5.0
1534,4595,2024/09/06 00:00:00,2024/09/06 23:27:12,Billing,Low,
1535,4595,2024/03/06 00:00:00,2024/03/06 11:01:08,Technical,High,4.0
1536,4595,2024/12/18 00:00:00,2024/12/18 06:48:18,Technical,High,4.0
1537,1769,2024/02/19 00:00:00,2024/02/19 20:50:08,General,Low,4.0
1538,1769,2024/04/19 00:00:00,2024/04/19 02:19:13,Technical,Low,3.0
1539,1769,2024/10/21 00:00:00,2024/10/21 01:22:59,General,Low,2.0
1540,1769,2024/12/28 00:00:00,2024/12/28 16:21:52,Technical,Low,5.0
1541,2557,2024/01/14 00:00:00,2024/01/14 03:03:24,Technical,Medium,5.0
1542,2557,2024/09/05 00:00:00,2024/09/05 18:06:00,Technical,Low,5.0
1543,2557,2024/10/07 00:00:00,2024/10/07 02:21:06,Billing,Low,
1544,2281,2024/09/10 00:00:00,2024/09/10 10:29:00,Billing,High,
1545,2281,2024/05/08 00:00:00,,Billing,Medium,
1546,2281,2024/10/11 00:00:00,2024/10/11 04:17:11,Technical,Low,4.0
1547,2281,2024/12/28 00:00:00,2024/12/29 18:48:01,Billing,Low,3.0
1548,2281,2024/05/14 00:00:00,2024/05/14 08:42:18,Billing,Medium,
1549,1378,2024/12/01 00:00:00,2024/12/01 02:54:51,Billing,Low,5.0
1550,2022,2024/09/30 00:00:00,,Technical,Low,
1551,492,2024/01/28 00:00:00,2024/01/28 06:52:18,Billing,Medium,4.0
1552,2816,2024/11/23 00:00:00,,Technical,Medium,
1553,2816,2024/07/12 00:00:00,,General,Medium,
1554,1950,2024/09/13 00:00:00,2024/09/13 12:53:16,Technical,Medium,
1555,1950,2024/06/18 00:00:00,2024/06/19 04:40:06,Technical,Low,4.0
1556,1950,2024/07/12 00:00:00,2024/07/12 13:07:29,General,High,3.0
1557,1950,2024/04/09 00:00:00,2024/04/10 03:52:33,Technical,Medium,4.0
1558,1950,2024/11/16 00:00:00,2024/11/16 23:30:15,Technical,Medium,
1559,3386,2024/08/02 00:00:00,,Technical,High,
1560,3386,2024/09/24 00:00:00,2024/09/24 09:44:08,Technical,Low,5.0
1561,3386,2024/08/15 00:00:00,2024/08/15 02:28:00,Billing,Medium,5.0
1562,2410,2024/02/27 00:00:00,2024/02/27 04:42:05,Technical,Medium,2.0
1563,2410,2024/06/14 00:00:00,2024/06/14 00:59:05,Technical,Low,
1564,2410,2024/03/04 00:00:00,2024/03/04 04:07:16,General,Low,4.0
1565,2410,2024/09/13 00:00:00,2024/09/13 07:59:48,Technical,Low,5.0
1566,606,2024/10/19 00:00:00,2024/10/19 11:09:01,Technical,Low,5.0
1567,606,2024/07/03 00:00:00,2024/07/03 08:29:40,General,Low,
1568,606,2024/09/02 00:00:00,2024/09/02 16:13:43,Technical,High,4.0
1569,606,2024/05/23 00:00:00,2024/05/23 09:16:38,Technical,Medium,4.0
1570,574,2024/03/14 00:00:00,2024/03/15 13:38:56,Billing,High,3.0
1571,574,2024/03/29 00:00:00,2024/03/30 00:39:11,Billing,Low,
1572,1754,2024/08/19 00:00:00,,Billing,Medium,
1573,1754,2024/03/15 00:00:00,2024/03/16 05:40:38,General,Medium,4.0
1574,1754,2024/10/15 00:00:00,2024/10/15 10:53:38,Billing,Low,
1575,1754,2024/12/05 00:00:00,2024/12/05 11:02:35,Billing,Low,3.0
1576,264,2024/01/22 00:00:00,2024/01/22 12:30:29,Technical,Low,5.0
1577,264,2024/09/16 00:00:00,2024/09/16 20:44:49,Technical,Low,4.0
1578,264,2024/04/25 00:00:00,2024/04/27 10:44:54,Billing,Medium,
1579,2359,2024/02/15 00:00:00,2024/02/15 02:46:24,General,Low,5.0
1580,2359,2024/09/16 00:00:00,2024/09/17 10:35:25,Technical,High,4.0
1581,2359,2024/04/13 00:00:00,2024/04/13 16:31:03,General,Medium,4.0
1582,2359,2024/01/13 00:00:00,2024/01/13 15:18:25,Billing,High,
1583,625,2024/01/18 00:00:00,2024/01/18 12:59:52,Billing,Low,5.0
1584,625,2024/12/03 00:00:00,,Technical,Low,
1585,625,2024/11/13 00:00:00,2024/11/13 22:25:41,General,Low,5.0
1586,625,2024/08/17 00:00:00,2024/08/17 08:37:20,Technical,Low,4.0
1587,625,2024/01/07 00:00:00,2024/01/07 05:15:28,Billing,Low,3.0
1588,3001,2024/03/03 00:00:00,2024/03/03 08:47:13,Billing,Low,5.0
1589,3001,2024/03/05 00:00:00,,Billing,Low,
1590,1933,2024/11/15 00:00:00,,Technical,High,
1591,1933,2024/11/06 00:00:00,2024/11/06 17:02:46,Billing,Low,3.0
1592,1933,2024/05/05 00:00:00,2024/05/05 20:12:31,Technical,High,3.0
1593,1933,2024/06/25 00:00:00,2024/06/26 18:31:53,Technical,Low,
1594,283,2024/09/02 00:00:00,,Technical,Medium,
1595,3324,2024/07/26 00:00:00,,General,Low,
1596,3324,2024/07/26 00:00:00,2024/07/27 03:11:18,Technical,Low,5.0
1597,3324,2024/09/26 00:00:00,,Billing,Low,
1598,1334,2024/08/30 00:00:00,2024/08/31 04:33:03,General,Low,4.0
1599,1334,2024/05/20 00:00:00,,Technical,Low,
1600,1334,2024/08/15 00:00:00,2024/08/15 07:15:46,Technical,Low,
1601,1334,2024/10/23 00:00:00,,Technical,Low,
1602,4934,2024/07/01 00:00:00,,Billing,Low,
1603,4934,2024/03/04 00:00:00,2024/03/04 02:23:06,Billing,Medium,4.0
1604,4934,2024/12/19 00:00:00,,Technical,Medium,
1605,4934,2024/06/10 00:00:00,,Billing,Low,
1606,2384,2024/01/05 00:00:00,2024/01/06 00:26:27,General,Medium,4.0
1607,2384,2024/10/15 00:00:00,,Technical,Medium,
1608,2384,2024/11/26 00:00:00,2024/11/26 10:05:12,Billing,Low,
1609,2384,2024/12/10 00:00:00,,General,High,
1610,2981,2024/08/22 00:00:00,,Technical,Low,
1611,2245,2024/05/02 00:00:00,2024/05/02 20:17:14,Technical,High,
1612,2619,2024/08/23 00:00:00,2024/08/23 02:13:13,Technical,Low,
1613,2619,2024/06/14 00:00:00,,Billing,Low,
1614,2619,2024/10/01 00:00:00,2024/10/01 03:45:35,Technical,Low,
1615,2619,2024/06/19 00:00:00,2024/06/19 03:14:04,Technical,Medium,
1616,2793,2024/01/01 00:00:00,2024/01/01 10:37:22,Technical,Low,
1617,4963,2024/07/28 00:00:00,2024/07/28 04:34:51,Billing,Medium,2.0
1618,4963,2024/01/13 00:00:00,2024/01/13 22:16:18,General,Medium,5.0
1619,4963,2024/10/07 00:00:00,2024/10/07 16:59:43,Technical,Medium,3.0
1620,4963,2024/06/23 00:00:00,2024/06/24 14:32:27,Technical,Low,
1621,4963,2024/05/17 00:00:00,2024/05/18 15:41:32,Technical,Low,
1622,4936,2024/03/09 00:00:00,2024/03/09 08:48:27,Billing,Low,4.0
1623,4936,2024/03/22 00:00:00,2024/03/22 06:23:58,Technical,Medium,
1624,3783,2024/01/06 00:00:00,,Billing,Low,
1625,3783,2024/04/23 00:00:00,2024/04/23 10:25:10,Billing,High,3.0
1626,3783,2024/12/20 00:00:00,2024/12/20 08:05:14,General,High,
1627,427,2024/03/30 00:00:00,2024/03/30 10:48:41,Technical,Low,3.0
1628,427,2024/02/15 00:00:00,2024/02/15 15:08:31,General,Medium,3.0
1629,427,2024/09/18 00:00:00,2024/09/19 13:51:29,General,High,2.0
1630,427,2024/02/04 00:00:00,2024/02/04 12:57:22,Billing,Low,
1631,2700,2024/02/20 00:00:00,2024/02/21 18:07:46,Technical,Medium,4.0
1632,2700,2024/10/11 00:00:00,2024/10/11 15:49:26,Technical,Low,
1633,2700,2024/05/13 00:00:00,,Technical,Medium,
1634,3398,2024/10/30 00:00:00,2024/10/30 21:22:34,General,High,
1635,4735,2024/08/05 00:00:00,2024/08/05 07:14:42,General,Low,
1636,4735,2024/01/17 00:00:00,2024/01/17 10:29:29,Technical,Low,4.0
1637,4735,2024/10/01 00:00:00,2024/10/01 15:59:29,Technical,High,2.0
1638,1433,2024/11/17 00:00:00,2024/11/17 06:22:15,Billing,Medium,5.0
1639,1433,2024/06/17 00:00:00,2024/06/18 03:00:18,Technical,Medium,5.0
1640,4057,2024/05/24 00:00:00,2024/05/24 11:44:45,Technical,Low,
1641,4057,2024/12/15 00:00:00,2024/12/15 08:32:18,Billing,Medium,3.0
1642,4057,2024/03/08 00:00:00,2024/03/08 12:59:07,Billing,Low,
1643,3916,2024/02/07 00:00:00,2024/02/07 05:37:58,General,High,2.0
1644,4,2024/03/20 00:00:00,2024/03/20 12:06:18,Technical,Low,4.0
1645,4456,2024/10/12 00:00:00,,General,Low,
1646,4456,2024/03/09 00:00:00,2024/03/09 17:42:12,General,Low,5.0
1647,4456,2024/09/21 00:00:00,2024/09/22 00:30:16,Technical,High,
1648,4456,2024/01/01 00:00:00,2024/01/01 17:40:18,Billing,Low,
1649,3455,2024/06/16 00:00:00,2024/06/16 05:36:56,Technical,Medium,4.0
1650,2911,2024/02/16 00:00:00,2024/02/17 02:32:21,Billing,High,3.0
1651,2911,2024/07/24 00:00:00,2024/07/24 08:51:05,Billing,Low,
1652,2911,2024/03/05 00:00:00,2024/03/05 05:06:32,Technical,Low,4.0
1653,4166,2024/02/28 00:00:00,2024/02/28 09:54:39,Technical,Low,
1654,4166,2024/04/08 00:00:00,2024/04/08 05:45:44,Billing,Medium,5.0
1655,131,2024/10/04 00:00:00,2024/10/04 02:03:26,Billing,Medium,
1656,1945,2024/02/22 00:00:00,2024/02/22 20:29:16,General,Low,
1657,1945,2024/05/29 00:00:00,2024/05/29 10:48:14,General,High,5.0
1658,3444,2024/12/27 00:00:00,2024/12/27 16:05:08,General,High,4.0
1659,3444,2024/03/12 00:00:00,,Technical,High,
1660,3444,2024/01/28 00:00:00,2024/01/28 18:43:12,Billing,Low,5.0
1661,3444,2024/10/05 00:00:00,2024/10/05 17:36:41,Technical,Medium,3.0
1662,3444,2024/04/23 00:00:00,2024/04/23 20:51:52,Billing,Low,4.0
1663,403,2024/12/03 00:00:00,,General,Low,
1664,403,2024/11/24 00:00:00,2024/11/24 08:19:40,Technical,High,3.0
1665,403,2024/07/10 00:00:00,2024/07/11 12:46:54,Technical,Medium,2.0
1666,2295,2024/12/02 00:00:00,,Technical,High,
1667,2295,2024/03/07 00:00:00,2024/03/07 15:37:37,Technical,Low,
1668,2295,2024/10/14 00:00:00,2024/10/14 04:44:05,Technical,Low,5.0
1669,2295,2024/05/14 00:00:00,,Technical,Low,
1670,2698,2024/09/09 00:00:00,2024/09/09 15:51:25,General,Low,
1671,2698,2024/01/04 00:00:00,2024/01/04 09:43:32,Technical,Low,5.0
1672,2698,2024/04/23 00:00:00,2024/04/23 04:05:11,Technical,High,
1673,406,2024/05/27 00:00:00,2024/05/27 22:02:43,General,Medium,4.0
1674,406,2024/03/22 00:00:00,2024/03/23 20:35:23,Technical,High,5.0
1675,406,2024/07/31 00:00:00,2024/07/31 06:21:43,Technical,High,4.0
1676,406,2024/02/03 00:00:00,2024/02/03 10:04:33,Technical,Low,5.0
1677,104,2024/02/28 00:00:00,2024/02/28 15:02:40,Technical,High,
1678,104,2024/09/15 00:00:00,2024/09/15 17:16:21,General,Low,
1679,104,2024/11/02 00:00:00,,Billing,Low,
1680,4045,2024/10/04 00:00:00,2024/10/04 13:27:04,Technical,Medium,
1681,4045,2024/12/02 00:00:00,2024/12/02 20:37:27,General,Low,
1682,2564,2024/03/19 00:00:00,2024/03/19 19:16:03,General,Low,5.0
1683,2564,2024/08/19 00:00:00,2024/08/19 21:40:54,Billing,High,2.0
1684,4549,2024/07/26 00:00:00,2024/07/26 02:39:54,Technical,Low,
1685,4549,2024/11/24 00:00:00,2024/11/24 09:42:21,Technical,Low,
1686,4549,2024/10/23 00:00:00,2024/10/23 02:33:42,Technical,High,
1687,4549,2024/07/15 00:00:00,2024/07/15 09:40:37,Technical,Low,5.0
1688,4549,2024/12/17 00:00:00,2024/12/18 03:10:00,Technical,Low,5.0
1689,1465,2024/08/04 00:00:00,2024/08/05 09:48:26,General,Medium,
1690,1465,2024/02/23 00:00:00,2024/02/25 03:46:34,Billing,Low,5.0
1691,1221,2024/05/22 00:00:00,2024/05/23 03:10:21,Technical,Low,
1692,1221,2024/09/25 00:00:00,2024/09/25 02:37:00,Billing,High,
1693,940,2024/02/03 00:00:00,,Billing,High,
1694,940,2024/07/12 00:00:00,2024/07/12 15:39:17,Billing,Low,4.0
1695,1755,2024/01/03 00:00:00,2024/01/03 15:45:06,General,Medium,4.0
1696,1755,2024/10/13 00:00:00,2024/10/13 07:02:55,General,Medium,4.0
1697,3441,2024/04/29 00:00:00,2024/04/30 06:21:11,Technical,Medium,1.0
1698,3441,2024/03/09 00:00:00,2024/03/10 03:52:00,Technical,Low,
1699,3441,2024/06/28 00:00:00,,General,Medium,
1700,3441,2024/11/16 00:00:00,2024/11/16 01:18:28,General,High,5.0
1701,1245,2024/07/29 00:00:00,2024/07/29 07:07:23,General,Low,4.0
1702,1245,2024/09/08 00:00:00,2024/09/08 01:40:35,Technical,Low,4.0
1703,1245,2024/09/19 00:00:00,2024/09/19 03:41:22,Billing,High,3.0
1704,1245,2024/10/09 00:00:00,2024/10/09 03:06:59,Billing,Low,
1705,3978,2024/02/13 00:00:00,,Billing,Medium,
1706,3978,2024/06/16 00:00:00,,Technical,High,
1707,3978,2024/10/08 00:00:00,,Technical,Medium,
1708,3978,2024/09/10 00:00:00,2024/09/10 15:46:11,Technical,Low,4.0
1709,3978,2024/12/13 00:00:00,,Billing,Medium,
1710,595,2024/05/04 00:00:00,2024/05/05 00:17:02,Billing,Medium,4.0
1711,595,2024/06/02 00:00:00,2024/06/04 11:22:47,Technical,Low,4.0
1712,595,2024/12/07 00:00:00,2024/12/08 04:07:49,Billing,High,4.0
1713,595,2024/08/12 00:00:00,2024/08/12 12:42:01,Technical,High,3.0
1714,595,2024/08/16 00:00:00,2024/08/17 07:08:50,Technical,High,3.0
1715,2580,2024/03/28 00:00:00,2024/03/28 03:00:42,Billing,Medium,5.0
1716,2580,2024/09/19 00:00:00,2024/09/19 16:02:43,General,Low,5.0
1717,1085,2024/05/21 00:00:00,2024/05/21 17:30:12,Billing,Low,
1718,1085,2024/09/06 00:00:00,2024/09/06 08:07:47,General,Low,5.0
1719,1085,2024/05/19 00:00:00,2024/05/19 11:24:48,Technical,Low,
1720,4328,2024/09/05 00:00:00,2024/09/05 15:38:16,Technical,Low,
1721,4328,2024/09/26 00:00:00,2024/09/26 21:15:10,Technical,Low,4.0
1722,4328,2024/06/05 00:00:00,2024/06/05 03:42:31,Billing,Low,
1723,4328,2024/01/31 00:00:00,2024/01/31 19:27:41,Technical,Medium,
1724,4610,2024/09/19 00:00:00,2024/09/19 04:26:07,Technical,Low,4.0
1725,4610,2024/11/06 00:00:00,2024/11/06 13:23:46,Technical,Medium,
1726,4610,2024/07/16 00:00:00,2024/07/16 08:11:53,Technical,Low,5.0
1727,3963,2024/08/18 00:00:00,2024/08/18 11:19:08,Technical,Medium,
1728,1987,2024/03/11 00:00:00,2024/03/11 11:11:06,Technical,High,
1729,156,2024/06/25 00:00:00,2024/06/25 12:13:19,General,Low,
1730,156,2024/05/04 00:00:00,2024/05/04 06:03:32,General,Medium,5.0
1731,156,2024/01/29 00:00:00,2024/01/29 19:37:30,Billing,Low,
1732,156,2024/03/26 00:00:00,2024/03/26 13:45:23,Billing,Medium,
1733,2497,2024/06/30 00:00:00,,Technical,Medium,
1734,2497,2024/11/18 00:00:00,2024/11/18 10:58:28,Technical,Low,
1735,2497,2024/12/13 00:00:00,2024/12/13 08:08:55,Billing,Low,5.0
1736,2497,2024/01/27 00:00:00,,Technical,Medium,
1737,2497,2024/06/20 00:00:00,2024/06/20 15:50:00,General,Low,5.0
1738,3238,2024/09/01 00:00:00,2024/09/01 17:32:53,Technical,Medium,4.0
1739,3238,2024/01/04 00:00:00,2024/01/04 19:15:07,Technical,Low,5.0
1740,3238,2024/12/21 00:00:00,2024/12/21 06:47:44,General,Medium,
1741,3238,2024/11/29 00:00:00,,Technical,High,
1742,603,2024/11/07 00:00:00,2024/11/07 09:20:40,Billing,Low,3.0
1743,603,2024/02/04 00:00:00,,Technical,Low,
1744,603,2024/03/06 00:00:00,2024/03/06 11:37:26,Technical,Low,5.0
1745,603,2024/12/01 00:00:00,2024/12/01 11:48:57,Technical,Low,5.0
1746,1527,2024/02/21 00:00:00,2024/02/21 10:23:34,Technical,Low,
1747,1527,2024/11/11 00:00:00,2024/11/11 08:58:01,Technical,Medium,4.0
1748,1527,2024/08/25 00:00:00,2024/08/25 21:05:18,Technical,Low,2.0
1749,1527,2024/11/14 00:00:00,2024/11/14 13:17:40,General,Low,
1750,1527,2024/11/21 00:00:00,2024/11/21 17:17:39,General,Low,5.0
1751,4552,2024/07/07 00:00:00,,Technical,Low,
1752,4552,2024/05/16 00:00:00,,Billing,Low,
1753,392,2024/11/14 00:00:00,2024/11/14 07:28:56,Technical,Low,4.0
1754,392,2024/12/24 00:00:00,2024/12/24 13:30:44,Billing,Medium,5.0
1755,392,2024/07/29 00:00:00,,Technical,Low,
1756,392,2024/04/15 00:00:00,2024/04/15 23:32:10,Technical,Medium,
1757,3171,2024/11/19 00:00:00,2024/11/19 06:12:00,Billing,Medium,2.0
1758,3171,2024/01/23 00:00:00,2024/01/24 19:39:25,Technical,Low,5.0
1759,3171,2024/01/15 00:00:00,2024/01/15 10:18:48,Technical,Low,
1760,3171,2024/01/13 00:00:00,2024/01/13 14:32:49,Billing,Medium,
1761,1661,2024/06/08 00:00:00,2024/06/09 09:49:04,Technical,Medium,4.0
1762,1661,2024/06/08 00:00:00,2024/06/08 11:13:54,General,Medium,
1763,1815,2024/07/03 00:00:00,2024/07/03 20:37:49,General,High,
1764,1815,2024/08/20 00:00:00,2024/08/20 02:03:53,Technical,High,1.0
1765,1815,2024/03/02 00:00:00,2024/03/02 18:00:11,Technical,High,3.0
1766,2418,2024/06/23 00:00:00,,General,Low,
1767,609,2024/01/20 00:00:00,,Technical,Medium,
1768,609,2024/01/24 00:00:00,,General,Medium,
1769,609,2024/08/16 00:00:00,,Billing,Low,
1770,1518,2024/02/25 00:00:00,2024/02/26 03:30:17,Billing,Low,
1771,1518,2024/01/19 00:00:00,2024/01/19 15:19:39,Technical,Medium,
1772,1518,2024/10/23 00:00:00,2024/10/23 22:36:34,Technical,Low,5.0
1773,3499,2024/10/21 00:00:00,,Billing,Medium,
1774,3499,2024/02/20 00:00:00,2024/02/20 11:26:01,Technical,Low,
1775,3499,2024/03/07 00:00:00,2024/03/07 12:12:42,Billing,Low,4.0
1776,3823,2024/05/28 00:00:00,,Technical,Medium,
1777,3823,2024/03/09 00:00:00,,Billing,Medium,
1778,3823,2024/09/13 00:00:00,2024/09/14 15:28:30,Technical,Low,5.0
1779,3823,2024/07/17 00:00:00,,Technical,Low,
1780,3823,2024/10/24 00:00:00,2024/10/24 12:39:14,Technical,Medium,
1781,2222,2024/11/08 00:00:00,2024/11/08 16:18:18,Billing,Low,3.0
1782,2222,2024/03/26 00:00:00,,Technical,Low,
1783,2870,2024/01/14 00:00:00,2024/01/14 04:55:46,Billing,Medium,2.0
1784,2870,2024/08/14 00:00:00,,Technical,Low,
1785,2870,2024/04/05 00:00:00,2024/04/05 07:02:53,Technical,Medium,5.0
1786,2870,2024/01/13 00:00:00,2024/01/13 16:08:38,General,Low,5.0
1787,2870,2024/09/11 00:00:00,2024/09/11 05:46:49,Billing,Medium,
1788,4436,2024/03/28 00:00:00,2024/03/28 05:39:51,Technical,Medium,
1789,4436,2024/02/17 00:00:00,2024/02/17 20:23:33,Billing,Medium,
1790,4436,2024/10/24 00:00:00,2024/10/25 01:47:00,Technical,Low,
1791,4436,2024/06/03 00:00:00,,Billing,High,
1792,2762,2024/06/09 00:00:00,2024/06/10 11:51:51,Billing,Low,5.0
1793,4050,2024/02/01 00:00:00,2024/02/01 06:17:56,Billing,Low,
1794,4050,2024/08/27 00:00:00,2024/08/28 01:40:45,Technical,Medium,
1795,818,2024/10/01 00:00:00,,Billing,Low,
1796,818,2024/03/14 00:00:00,2024/03/14 17:58:33,General,Low,4.0
1797,818,2024/03/08 00:00:00,2024/03/10 04:44:26,General,Low,4.0
1798,818,2024/11/12 00:00:00,2024/11/12 12:31:40,General,Low,4.0
1799,2544,2024/11/02 00:00:00,2024/11/02 13:11:15,Technical,Medium,3.0
1800,2544,2024/12/01 00:00:00,2024/12/01 03:20:45,Billing,Low,2.0
1801,723,2024/09/29 00:00:00,2024/09/29 16:34:06,Technical,Low,4.0
1802,723,2024/08/03 00:00:00,2024/08/04 04:59:27,General,Medium,4.0
1803,723,2024/05/08 00:00:00,2024/05/08 14:56:03,Billing,Low,5.0
1804,723,2024/11/23 00:00:00,2024/11/23 12:51:01,Billing,Medium,2.0
1805,723,2024/01/24 00:00:00,2024/01/25 07:42:29,General,Low,
1806,2419,2024/09/04 00:00:00,2024/09/04 07:33:52,Technical,High,4.0
1807,2419,2024/09/08 00:00:00,2024/09/08 05:17:38,Billing,High,1.0
1808,2419,2024/12/15 00:00:00,2024/12/15 09:24:21,Technical,Medium,
1809,2419,2024/05/30 00:00:00,2024/05/30 01:40:07,Billing,Low,3.0
1810,2419,2024/07/17 00:00:00,2024/07/17 00:30:29,Billing,Medium,
1811,1017,2024/01/07 00:00:00,,Billing,Medium,
1812,1017,2024/02/01 00:00:00,,Technical,Medium,
1813,4427,2024/03/14 00:00:00,2024/03/15 05:34:58,Technical,Low,
1814,4427,2024/02/19 00:00:00,2024/02/19 07:35:00,Billing,Low,
1815,4427,2024/02/19 00:00:00,,Technical,Low,
1816,4389,2024/12/02 00:00:00,,Billing,Medium,
1817,4389,2024/05/19 00:00:00,2024/05/19 02:32:19,Billing,Low,
1818,4389,2024/11/24 00:00:00,2024/11/24 06:36:29,Technical,Low,
1819,4389,2024/08/06 00:00:00,2024/08/06 05:42:56,Billing,Medium,
1820,4389,2024/12/10 00:00:00,2024/12/10 18:17:29,Billing,Medium,4.0
1821,4583,2024/11/06 00:00:00,2024/11/06 10:29:53,Billing,Low,
1822,4583,2024/11/25 00:00:00,2024/11/25 16:07:59,General,Low,3.0
1823,1369,2024/04/16 00:00:00,2024/04/17 14:29:03,Billing,Low,2.0
1824,1369,2024/11/08 00:00:00,2024/11/08 15:51:28,Technical,Low,4.0
1825,1369,2024/11/09 00:00:00,2024/11/09 07:20:02,Technical,Low,5.0
1826,1369,2024/10/31 00:00:00,2024/10/31 14:04:00,General,High,
1827,2335,2024/11/09 00:00:00,2024/11/09 09:41:34,Technical,Low,
1828,2335,2024/12/19 00:00:00,2024/12/19 12:23:14,Billing,Low,4.0
1829,2335,2024/02/11 00:00:00,,Billing,Low,
1830,2335,2024/01/28 00:00:00,2024/01/28 02:53:05,Technical,Medium,1.0
1831,114,2024/07/31 00:00:00,2024/07/31 08:55:38,Billing,Medium,4.0
1832,4397,2024/07/30 00:00:00,2024/07/30 16:36:54,Technical,Low,
1833,4397,2024/09/06 00:00:00,2024/09/06 04:02:39,Technical,Low,
1834,4397,2024/10/08 00:00:00,2024/10/08 14:21:44,Technical,Low,4.0
1835,4397,2024/12/03 00:00:00,2024/12/03 06:11:54,Billing,Low,3.0
1836,2555,2024/11/07 00:00:00,2024/11/07 03:59:59,General,Low,5.0
1837,2555,2024/04/07 00:00:00,2024/04/07 15:57:24,Technical,Low,4.0
1838,2555,2024/12/28 00:00:00,2024/12/28 23:22:46,General,Medium,4.0
1839,96,2024/12/07 00:00:00,2024/12/07 10:12:03,Billing,Low,4.0
1840,96,2024/03/21 00:00:00,2024/03/22 00:18:56,Billing,Medium,5.0
1841,4439,2024/07/31 00:00:00,2024/07/31 20:37:21,Billing,Medium,1.0
1842,4439,2024/09/07 00:00:00,2024/09/07 08:35:26,Technical,Low,
1843,4439,2024/05/31 00:00:00,,Technical,High,
1844,4439,2024/03/30 00:00:00,2024/03/30 17:46:56,Billing,Low,5.0
1845,4439,2024/11/10 00:00:00,2024/11/11 03:21:43,Technical,Low,
1846,2608,2024/11/05 00:00:00,2024/11/06 11:21:58,Billing,Medium,2.0
1847,2608,2024/01/31 00:00:00,2024/01/31 13:45:45,Technical,Low,
1848,2608,2024/06/14 00:00:00,2024/06/15 05:19:46,General,Medium,4.0
1849,1925,2024/02/02 00:00:00,,General,High,
1850,1925,2024/12/18 00:00:00,2024/12/19 06:08:44,Technical,Low,5.0
1851,1925,2024/02/04 00:00:00,,Billing,Medium,
1852,2676,2024/07/16 00:00:00,,General,Low,
1853,2676,2024/11/22 00:00:00,2024/11/22 12:15:48,Technical,Medium,3.0
1854,2676,2024/05/01 00:00:00,2024/05/01 13:14:46,General,Low,3.0
1855,2676,2024/12/16 00:00:00,,Technical,Low,
1856,2676,2024/12/24 00:00:00,,Billing,High,
1857,452,2024/10/22 00:00:00,2024/10/23 07:55:52,General,Low,
1858,452,2024/09/26 00:00:00,2024/09/27 08:00:59,General,High,
1859,452,2024/08/24 00:00:00,2024/08/24 10:12:09,General,High,5.0
1860,452,2024/08/31 00:00:00,2024/08/31 12:37:12,General,Low,
1861,452,2024/08/21 00:00:00,,Billing,Low,
1862,712,2024/07/05 00:00:00,2024/07/05 18:33:04,Technical,Medium,5.0
1863,712,2024/11/02 00:00:00,2024/11/02 04:13:54,Technical,High,5.0
1864,712,2024/09/08 00:00:00,2024/09/09 10:44:18,Technical,Low,4.0
1865,2297,2024/11/30 00:00:00,2024/12/01 17:55:29,Billing,Low,5.0
1866,2297,2024/01/13 00:00:00,2024/01/14 11:56:15,Technical,Low,5.0
1867,3072,2024/04/07 00:00:00,2024/04/07 05:15:58,Billing,Medium,3.0
1868,3072,2024/10/09 00:00:00,2024/10/09 16:36:21,Technical,Low,
1869,3072,2024/10/27 00:00:00,2024/10/27 08:34:08,Technical,Low,4.0
1870,53,2024/05/30 00:00:00,2024/05/30 19:13:19,Technical,Low,3.0
1871,53,2024/01/16 00:00:00,2024/01/17 00:14:45,Technical,Medium,
1872,53,2024/12/23 00:00:00,,Technical,Low,
1873,53,2024/06/12 00:00:00,,Technical,Medium,
1874,1749,2024/10/17 00:00:00,2024/10/17 11:53:45,Technical,Low,
1875,1749,2024/05/04 00:00:00,,Technical,Low,
1876,1749,2024/10/04 00:00:00,2024/10/04 12:18:28,General,Low,
1877,1749,2024/12/09 00:00:00,2024/12/09 04:48:25,Billing,High,
1878,1749,2024/03/16 00:00:00,2024/03/16 18:27:00,Technical,Low,
1879,2712,2024/03/08 00:00:00,2024/03/08 17:31:47,Billing,Medium,
1880,2712,2024/09/08 00:00:00,2024/09/08 16:05:19,Technical,Medium,3.0
1881,2712,2024/05/05 00:00:00,2024/05/05 11:53:48,General,High,2.0
1882,995,2024/05/05 00:00:00,2024/05/05 04:19:07,Billing,Low,4.0
1883,995,2024/02/05 00:00:00,,General,High,
1884,995,2024/07/10 00:00:00,,Technical,Low,
1885,995,2024/12/18 00:00:00,,Billing,Medium,
1886,155,2024/07/21 00:00:00,2024/07/21 12:09:55,Technical,High,2.0
1887,3493,2024/08/15 00:00:00,2024/08/15 16:30:00,Technical,Low,1.0
1888,3493,2024/01/04 00:00:00,2024/01/05 02:38:27,Technical,Low,
1889,3493,2024/11/06 00:00:00,2024/11/06 14:21:14,General,Medium,5.0
1890,4706,2024/04/15 00:00:00,2024/04/15 14:13:18,Billing,Medium,1.0
1891,4706,2024/04/21 00:00:00,2024/04/21 05:00:39,General,Medium,4.0
1892,4706,2024/09/28 00:00:00,2024/09/28 07:58:03,Technical,Medium,5.0
1893,4706,2024/11/03 00:00:00,2024/11/04 03:41:16,Billing,Medium,4.0
1894,635,2024/07/29 00:00:00,2024/07/29 17:33:11,Billing,Low,
1895,635,2024/10/02 00:00:00,2024/10/02 09:33:24,Technical,Low,
1896,635,2024/09/06 00:00:00,2024/09/06 22:33:21,Technical,Low,
1897,635,2024/03/27 00:00:00,,Technical,Low,
1898,3766,2024/09/10 00:00:00,2024/09/10 07:45:27,Technical,High,
1899,3766,2024/12/10 00:00:00,2024/12/10 11:54:52,Billing,Medium,5.0
1900,2942,2024/08/23 00:00:00,,Technical,Medium,
1901,2942,2024/01/06 00:00:00,2024/01/08 00:08:19,Billing,Medium,
1902,2942,2024/04/03 00:00:00,2024/04/03 09:36:16,Technical,Low,3.0
1903,2942,2024/04/21 00:00:00,2024/04/21 12:43:49,General,Medium,4.0
1904,2942,2024/02/11 00:00:00,2024/02/11 02:48:43,Billing,Low,4.0
1905,2130,2024/01/23 00:00:00,2024/01/23 16:09:43,Technical,Low,4.0
1906,2130,2024/09/12 00:00:00,2024/09/12 12:29:41,Billing,High,3.0
1907,2130,2024/10/15 00:00:00,2024/10/15 03:40:50,General,Low,
1908,2130,2024/09/23 00:00:00,,General,Medium,
1909,69,2024/05/14 00:00:00,2024/05/15 08:28:12,General,Medium,5.0
1910,69,2024/05/13 00:00:00,,Technical,High,
1911,69,2024/01/13 00:00:00,2024/01/13 12:24:50,General,High,
1912,69,2024/12/29 00:00:00,,Technical,High,
1913,4450,2024/10/23 00:00:00,2024/10/23 12:43:00,Technical,High,4.0
1914,3330,2024/08/06 00:00:00,2024/08/06 08:26:11,General,Low,
1915,3330,2024/12/21 00:00:00,,Technical,Low,
1916,3330,2024/10/14 00:00:00,2024/10/14 22:29:12,Technical,Medium,
1917,1042,2024/03/06 00:00:00,2024/03/06 05:39:08,Technical,Low,5.0
1918,1042,2024/09/28 00:00:00,2024/09/28 23:28:55,Billing,Low,
1919,1042,2024/09/13 00:00:00,2024/09/13 06:50:31,Billing,Low,2.0
1920,1042,2024/07/31 00:00:00,,Billing,Medium,
1921,1513,2024/08/28 00:00:00,2024/08/28 10:54:03,Billing,Low,5.0
1922,1513,2024/05/06 00:00:00,2024/05/06 09:09:46,General,Medium,
1923,3498,2024/08/19 00:00:00,2024/08/19 06:57:11,General,Low,5.0
1924,3498,2024/05/27 00:00:00,,Technical,High,
1925,2779,2024/08/25 00:00:00,2024/08/25 06:16:36,Billing,High,
1926,2779,2024/06/21 00:00:00,2024/06/22 01:57:56,Billing,Medium,4.0
1927,2779,2024/01/03 00:00:00,2024/01/03 07:37:52,General,Medium,5.0
1928,1889,2024/02/01 00:00:00,2024/02/01 13:22:38,Technical,Low,4.0
1929,2690,2024/12/17 00:00:00,2024/12/17 17:08:20,Billing,Low,4.0
1930,2690,2024/12/09 00:00:00,2024/12/10 03:52:04,Technical,Low,
1931,2690,2024/08/21 00:00:00,2024/08/21 21:33:04,General,Low,4.0
1932,2690,2024/01/30 00:00:00,2024/01/31 04:20:13,Billing,Medium,4.0
1933,3485,2024/02/22 00:00:00,2024/02/22 16:10:15,Technical,Low,5.0
1934,3485,2024/12/25 00:00:00,2024/12/25 21:45:34,General,Low,3.0
1935,3485,2024/10/11 00:00:00,2024/10/11 14:48:07,Technical,Medium,
1936,3485,2024/03/16 00:00:00,2024/03/16 01:24:38,Technical,Low,4.0
1937,523,2024/03/17 00:00:00,2024/03/17 11:18:14,Billing,High,2.0
1938,523,2024/06/03 00:00:00,,Billing,Low,
1939,17,2024/12/15 00:00:00,2024/12/15 06:26:26,Technical,Low,
1940,1644,2024/06/14 00:00:00,2024/06/14 04:52:04,General,Medium,
1941,1644,2024/10/28 00:00:00,2024/10/28 08:35:39,Technical,Medium,
1942,1644,2024/11/04 00:00:00,2024/11/05 15:37:20,General,High,
1943,2355,2024/04/05 00:00:00,2024/04/05 04:01:23,General,Medium,2.0
1944,2355,2024/02/12 00:00:00,2024/02/13 02:40:15,Technical,Medium,5.0
1945,2355,2024/05/19 00:00:00,2024/05/19 20:09:01,Billing,Medium,5.0
1946,2706,2024/11/07 00:00:00,,General,Low,
1947,2706,2024/11/10 00:00:00,2024/11/10 04:34:24,General,Medium,5.0
1948,1036,2024/06/12 00:00:00,2024/06/12 01:09:09,Technical,High,
1949,1036,2024/05/23 00:00:00,2024/05/23 02:56:30,Billing,Medium,5.0
1950,1036,2024/06/30 00:00:00,2024/06/30 07:50:57,Billing,Low,4.0
1951,4448,2024/08/04 00:00:00,2024/08/04 16:28:30,General,Low,4.0
1952,4448,2024/04/05 00:00:00,,Billing,Low,
1953,4448,2024/06/22 00:00:00,2024/06/22 11:30:58,General,Medium,4.0
1954,1028,2024/08/08 00:00:00,2024/08/08 04:56:07,General,Low,1.0
1955,1012,2024/03/20 00:00:00,2024/03/20 11:28:30,General,Low,
1956,1012,2024/07/31 00:00:00,2024/07/31 14:42:16,Billing,High,5.0
1957,4081,2024/09/25 00:00:00,2024/09/25 04:57:24,General,Medium,4.0
1958,2353,2024/04/16 00:00:00,2024/04/16 04:14:29,Technical,Medium,
1959,2390,2024/08/15 00:00:00,2024/08/15 07:39:09,Technical,Medium,3.0
1960,1140,2024/11/25 00:00:00,2024/11/26 01:01:38,Technical,Medium,2.0
1961,1140,2024/10/27 00:00:00,2024/10/27 03:40:17,Technical,Medium,5.0
1962,1140,2024/01/18 00:00:00,,Billing,Medium,
1963,1140,2024/03/19 00:00:00,2024/03/19 10:14:30,Technical,Low,4.0
1964,1140,2024/11/11 00:00:00,2024/11/12 01:10:12,Technical,Low,4.0
1965,3907,2024/01/16 00:00:00,2024/01/16 02:52:43,Technical,Medium,4.0
1966,3907,2024/05/02 00:00:00,2024/05/02 18:05:01,General,Low,4.0
1967,3907,2024/12/14 00:00:00,2024/12/14 10:50:48,Billing,Low,
1968,4884,2024/01/02 00:00:00,,General,Medium,
1969,4884,2024/12/29 00:00:00,2024/12/29 20:38:21,Technical,Low,
1970,4884,2024/06/26 00:00:00,2024/06/26 10:54:40,Billing,Low,
1971,4884,2024/10/04 00:00:00,2024/10/05 05:29:04,Billing,Medium,4.0
1972,4884,2024/02/25 00:00:00,2024/02/26 18:56:36,Technical,Medium,4.0
1973,4725,2024/08/03 00:00:00,2024/08/03 21:37:04,General,Medium,4.0
1974,4725,2024/05/02 00:00:00,2024/05/02 02:16:28,General,Low,
1975,4725,2024/03/19 00:00:00,2024/03/19 23:04:10,General,Medium,4.0
1976,790,2024/07/25 00:00:00,2024/07/26 07:29:56,Technical,Low,
1977,2543,2024/08/22 00:00:00,,Technical,Low,
1978,2543,2024/05/06 00:00:00,2024/05/06 11:46:30,Technical,Low,4.0
1979,2543,2024/02/04 00:00:00,2024/02/04 08:19:05,Technical,Low,3.0
1980,2543,2024/01/08 00:00:00,,Technical,Low,
1981,2543,2024/11/15 00:00:00,,Technical,Low,
1982,4639,2024/03/15 00:00:00,2024/03/15 12:02:25,Technical,Low,
1983,4639,2024/03/25 00:00:00,,Technical,Low,
1984,4639,2024/10/17 00:00:00,2024/10/17 15:27:59,General,Low,4.0
1985,4639,2024/03/03 00:00:00,2024/03/03 18:21:46,Technical,Medium,5.0
1986,4639,2024/07/08 00:00:00,,Billing,High,
1987,2668,2024/12/27 00:00:00,2024/12/27 06:57:59,Billing,Low,
1988,2668,2024/04/23 00:00:00,2024/04/23 19:35:28,Billing,Medium,
1989,2668,2024/01/04 00:00:00,2024/01/04 21:50:55,Technical,Medium,5.0
1990,2668,2024/05/16 00:00:00,2024/05/16 19:10:14,Technical,High,
1991,2668,2024/10/26 00:00:00,2024/10/26 12:34:20,Billing,Low,
1992,4527,2024/10/15 00:00:00,2024/10/15 10:42:44,Billing,High,3.0
1993,4527,2024/06/09 00:00:00,2024/06/09 08:46:14,Technical,Low,5.0
1994,4527,2024/12/14 00:00:00,,Billing,High,
1995,4937,2024/09/26 00:00:00,2024/09/26 20:26:31,Billing,Low,
1996,4937,2024/01/14 00:00:00,2024/01/14 13:44:52,Technical,Medium,4.0
1997,4937,2024/08/11 00:00:00,2024/08/11 16:52:17,General,Medium,4.0
1998,4937,2024/03/02 00:00:00,2024/03/02 05:49:26,Billing,High,4.0
1999,4937,2024/03/13 00:00:00,,Technical,Low,
2000,55,2024/01/25 00:00:00,,Technical,High,
2001,4804,2024/05/04 00:00:00,2024/05/05 14:21:42,Billing,Medium,
2002,4804,2024/10/23 00:00:00,2024/10/23 01:44:36,Technical,Low,
2003,4804,2024/05/10 00:00:00,2024/05/11 13:17:38,Technical,Medium,
2004,4766,2024/10/11 00:00:00,2024/10/11 10:25:56,Technical,Medium,5.0
2005,4766,2024/07/01 00:00:00,2024/07/01 01:47:45,Billing,Low,5.0
2006,2356,2024/05/17 00:00:00,2024/05/17 03:11:57,Billing,Medium,4.0
2007,1706,2024/10/15 00:00:00,2024/10/15 06:09:25,Billing,High,
2008,1706,2024/03/08 00:00:00,2024/03/08 21:45:08,Technical,Low,
2009,1706,2024/03/18 00:00:00,,Technical,Low,
2010,1532,2024/06/30 00:00:00,2024/06/30 19:50:10,Technical,Low,4.0
2011,1532,2024/04/12 00:00:00,2024/04/12 11:37:17,Technical,Low,
2012,1532,2024/11/17 00:00:00,2024/11/17 08:19:12,Technical,Low,
2013,1532,2024/07/23 00:00:00,2024/07/23 17:32:14,Billing,High,5.0
2014,1532,2024/08/19 00:00:00,2024/08/21 08:12:33,Billing,Low,
2015,2801,2024/02/03 00:00:00,2024/02/03 12:22:21,Technical,Low,
2016,1831,2024/09/05 00:00:00,2024/09/05 08:05:22,Technical,Medium,
2017,1831,2024/11/11 00:00:00,2024/11/11 09:43:59,Technical,Low,5.0
2018,2667,2024/04/11 00:00:00,2024/04/11 06:53:08,Billing,High,3.0
2019,2667,2024/12/15 00:00:00,2024/12/15 18:43:43,Billing,Low,
2020,2667,2024/11/27 00:00:00,2024/11/27 16:37:17,Technical,Medium,5.0
2021,2667,2024/04/06 00:00:00,,Billing,Low,
2022,2492,2024/08/23 00:00:00,2024/08/23 07:46:56,Technical,Low,4.0
2023,2492,2024/07/16 00:00:00,2024/07/16 09:30:42,Technical,Medium,
2024,442,2024/09/22 00:00:00,2024/09/23 08:11:40,Billing,High,5.0
2025,442,2024/01/25 00:00:00,2024/01/25 02:21:53,Technical,Low,4.0
2026,442,2024/12/15 00:00:00,2024/12/15 17:16:38,Billing,Medium,
2027,2718,2024/04/06 00:00:00,2024/04/06 19:47:30,Technical,High,
2028,2718,2024/02/08 00:00:00,2024/02/08 06:48:33,General,Medium,4.0
2029,2718,2024/03/20 00:00:00,2024/03/20 04:29:21,General,Low,4.0
2030,899,2024/04/08 00:00:00,2024/04/08 21:09:35,Billing,Low,
2031,899,2024/05/17 00:00:00,,General,Low,
2032,899,2024/11/10 00:00:00,2024/11/10 12:49:10,Billing,Low,
2033,899,2024/03/18 00:00:00,,Technical,Low,
2034,61,2024/06/28 00:00:00,2024/06/28 18:15:07,General,Low,1.0
2035,61,2024/06/08 00:00:00,2024/06/08 10:59:21,Technical,Medium,5.0
2036,61,2024/08/14 00:00:00,2024/08/14 12:50:39,Technical,Low,4.0
2037,61,2024/12/18 00:00:00,,Technical,Low,
2038,61,2024/04/09 00:00:00,2024/04/09 13:04:09,Billing,High,2.0
2039,2461,2024/06/08 00:00:00,2024/06/08 06:03:17,Billing,High,
2040,2461,2024/11/27 00:00:00,2024/11/28 15:50:01,Billing,High,3.0
2041,1356,2024/10/07 00:00:00,2024/10/07 07:12:04,General,Medium,3.0
2042,545,2024/04/24 00:00:00,2024/04/24 08:07:17,General,Low,5.0
2043,545,2024/09/14 00:00:00,,Technical,High,
2044,545,2024/05/18 00:00:00,2024/05/18 02:36:19,General,High,
2045,545,2024/06/30 00:00:00,2024/06/30 07:39:11,General,Low,
2046,545,2024/04/27 00:00:00,2024/04/27 22:57:27,General,Low,
2047,3551,2024/02/20 00:00:00,2024/02/20 10:51:47,Technical,Medium,5.0
2048,3551,2024/02/24 00:00:00,2024/02/24 22:23:24,Technical,Low,5.0
2049,3551,2024/02/24 00:00:00,2024/02/24 23:56:06,Technical,High,5.0
2050,4972,2024/11/29 00:00:00,2024/11/29 15:14:03,Technical,Low,4.0
2051,4122,2024/07/14 00:00:00,,Technical,Low,
2052,2311,2024/08/18 00:00:00,2024/08/18 15:37:12,Billing,Low,5.0
2053,2311,2024/03/24 00:00:00,2024/03/24 01:56:02,Billing,Low,
2054,1078,2024/11/16 00:00:00,2024/11/16 04:40:39,Billing,Medium,4.0
2055,2402,2024/12/21 00:00:00,,Billing,High,
2056,4669,2024/10/20 00:00:00,2024/10/20 16:06:39,Technical,Low,
2057,4669,2024/06/14 00:00:00,,General,Low,
2058,1796,2024/09/23 00:00:00,,General,Medium,
2059,1796,2024/12/25 00:00:00,2024/12/25 08:36:39,Technical,Medium,5.0
2060,3711,2024/07/12 00:00:00,2024/07/12 02:51:52,General,Medium,
2061,3711,2024/05/27 00:00:00,2024/05/27 13:25:49,Billing,Low,5.0
2062,3711,2024/12/05 00:00:00,,Technical,Low,
2063,944,2024/09/12 00:00:00,2024/09/12 06:30:58,Technical,Low,5.0
2064,944,2024/04/07 00:00:00,2024/04/07 16:57:12,Technical,Low,4.0
2065,944,2024/06/02 00:00:00,2024/06/02 17:44:49,General,Medium,
2066,944,2024/02/15 00:00:00,,General,Low,
2067,944,2024/10/01 00:00:00,,General,Low,
2068,3977,2024/11/14 00:00:00,2024/11/14 09:57:58,General,High,
2069,3977,2024/05/19 00:00:00,2024/05/20 01:13:56,Billing,High,
2070,3977,2024/03/27 00:00:00,2024/03/27 12:48:28,Technical,Medium,2.0
2071,3977,2024/03/09 00:00:00,2024/03/09 14:49:46,Technical,Medium,
2072,3977,2024/05/06 00:00:00,,Technical,Medium,
2073,1200,2024/04/16 00:00:00,2024/04/17 10:58:40,General,Low,5.0
2074,4696,2024/12/22 00:00:00,,Billing,Low,
2075,4696,2024/05/15 00:00:00,2024/05/15 04:31:48,Technical,Low,4.0
2076,4696,2024/04/21 00:00:00,2024/04/21 10:14:09,Billing,Medium,4.0
2077,1825,2024/02/08 00:00:00,2024/02/09 11:00:17,Billing,Low,
2078,1825,2024/12/27 00:00:00,,General,Medium,
2079,1825,2024/01/07 00:00:00,2024/01/08 00:48:33,Technical,Low,5.0
2080,1825,2024/05/31 00:00:00,2024/05/31 03:30:24,Billing,High,
2081,1825,2024/12/04 00:00:00,2024/12/04 02:24:29,Technical,High,
2082,3050,2024/09/29 00:00:00,2024/09/30 20:09:18,Technical,Low,
2083,1185,2024/10/30 00:00:00,2024/10/30 22:01:14,Technical,Medium,
2084,1185,2024/02/12 00:00:00,2024/02/12 20:36:57,Technical,High,2.0
2085,1185,2024/11/29 00:00:00,2024/11/29 05:52:13,Technical,Medium,
2086,1185,2024/04/24 00:00:00,2024/04/24 03:20:15,Technical,Medium,5.0
2087,3164,2024/01/16 00:00:00,2024/01/17 14:27:38,Technical,High,
2088,3164,2024/01/03 00:00:00,,General,Medium,
2089,3164,2024/02/15 00:00:00,,Technical,High,
2090,3307,2024/11/01 00:00:00,,Billing,Low,
2091,3307,2024/07/12 00:00:00,2024/07/12 04:31:10,Technical,Low,
2092,1805,2024/11/21 00:00:00,2024/11/21 02:08:04,Technical,Medium,4.0
2093,1805,2024/10/12 00:00:00,2024/10/12 15:37:32,Technical,Low,
2094,1805,2024/05/14 00:00:00,2024/05/14 03:47:11,General,Low,
2095,1805,2024/09/01 00:00:00,2024/09/02 00:11:39,Billing,Medium,2.0
2096,2531,2024/06/30 00:00:00,2024/06/30 09:56:57,Technical,Low,4.0
2097,2531,2024/02/12 00:00:00,2024/02/12 11:31:23,Billing,Medium,4.0
2098,2531,2024/02/14 00:00:00,2024/02/14 04:22:05,General,High,2.0
2099,2531,2024/04/27 00:00:00,2024/04/27 21:51:59,Billing,Medium,4.0
2100,2531,2024/05/30 00:00:00,,Technical,Medium,
2101,3797,2024/05/16 00:00:00,2024/05/16 07:27:30,Technical,Low,4.0
2102,3797,2024/02/20 00:00:00,2024/02/20 16:03:03,Technical,Low,
2103,3797,2024/03/25 00:00:00,2024/03/25 07:27:05,Technical,Medium,
2104,3797,2024/06/12 00:00:00,2024/06/12 08:09:46,Billing,Medium,5.0
2105,4950,2024/08/16 00:00:00,2024/08/16 01:57:44,Technical,Medium,
2106,2403,2024/01/11 00:00:00,2024/01/11 20:06:06,Billing,Low,5.0
2107,91,2024/07/19 00:00:00,2024/07/19 18:27:57,Technical,Medium,
2108,91,2024/07/17 00:00:00,2024/07/17 04:09:26,Billing,Medium,
2109,91,2024/05/23 00:00:00,2024/05/23 23:40:21,Technical,Low,3.0
2110,91,2024/11/05 00:00:00,,Technical,Medium,
2111,91,2024/02/27 00:00:00,2024/02/28 07:24:07,General,High,
2112,836,2024/09/13 00:00:00,,Billing,Low,
2113,1494,2024/07/24 00:00:00,2024/07/26 14:47:29,Technical,Low,4.0
2114,1494,2024/08/26 00:00:00,2024/08/26 05:58:12,Technical,Low,
2115,1494,2024/03/16 00:00:00,2024/03/16 21:49:16,Technical,Low,5.0
2116,2867,2024/06/15 00:00:00,2024/06/15 01:08:40,Technical,Low,
2117,2867,2024/03/15 00:00:00,2024/03/15 02:54:25,Technical,Low,4.0
2118,2867,2024/07/27 00:00:00,2024/07/27 04:11:31,Technical,Medium,
2119,2867,2024/05/14 00:00:00,2024/05/14 04:04:24,Technical,Low,5.0
2120,2867,2024/02/02 00:00:00,2024/02/02 01:00:01,Technical,Low,4.0
2121,3757,2024/01/10 00:00:00,2024/01/10 23:07:42,Technical,Low,5.0
2122,231,2024/04/17 00:00:00,,General,Low,
2123,454,2024/05/07 00:00:00,2024/05/07 09:58:00,Billing,Medium,3.0
2124,454,2024/06/09 00:00:00,,Billing,Medium,
2125,454,2024/10/26 00:00:00,2024/10/26 07:11:31,Billing,Low,
2126,454,2024/12/23 00:00:00,2024/12/24 07:48:15,Technical,Low,
2127,917,2024/03/03 00:00:00,,Billing,Low,
2128,917,2024/01/22 00:00:00,2024/01/22 03:22:39,Technical,Medium,1.0
2129,917,2024/06/13 00:00:00,2024/06/13 16:37:25,Technical,Medium,3.0
2130,917,2024/07/17 00:00:00,,Technical,Medium,
2131,3602,2024/10/21 00:00:00,2024/10/22 02:35:13,Technical,Low,
2132,3602,2024/07/19 00:00:00,2024/07/19 17:00:28,General,Medium,5.0
2133,3602,2024/09/12 00:00:00,2024/09/12 15:17:20,Technical,Medium,
2134,4413,2024/12/05 00:00:00,2024/12/05 05:24:01,Technical,Medium,5.0
2135,4413,2024/05/08 00:00:00,2024/05/08 21:30:36,Technical,Low,2.0
2136,4413,2024/08/29 00:00:00,2024/08/29 07:35:03,Technical,Medium,1.0
2137,4413,2024/01/26 00:00:00,2024/01/26 19:36:20,Technical,Medium,
2138,4413,2024/04/05 00:00:00,2024/04/06 02:05:42,General,Low,
2139,314,2024/12/11 00:00:00,,General,High,
2140,314,2024/01/18 00:00:00,2024/01/19 08:15:58,Technical,High,5.0
2141,869,2024/12/12 00:00:00,2024/12/12 16:45:59,Billing,Low,2.0
2142,869,2024/05/19 00:00:00,2024/05/19 17:51:19,General,Low,
2143,869,2024/10/04 00:00:00,2024/10/04 08:51:02,Billing,Low,
2144,869,2024/03/28 00:00:00,2024/03/29 08:18:27,Technical,High,3.0
2145,394,2024/10/25 00:00:00,,General,Low,
2146,394,2024/01/08 00:00:00,2024/01/08 06:39:40,Billing,Low,
2147,394,2024/05/24 00:00:00,2024/05/25 03:00:39,Billing,Low,
2148,394,2024/07/27 00:00:00,2024/07/27 02:51:18,General,Low,5.0
2149,394,2024/03/17 00:00:00,2024/03/17 00:30:22,General,Low,
2150,38,2024/07/02 00:00:00,2024/07/02 18:58:10,Technical,Medium,5.0
2151,38,2024/03/31 00:00:00,2024/04/01 19:49:15,Billing,High,2.0
2152,38,2024/09/07 00:00:00,2024/09/08 10:56:25,Technical,High,1.0
2153,38,2024/11/18 00:00:00,,Technical,Low,
2154,38,2024/04/06 00:00:00,2024/04/06 18:04:46,Technical,Low,
2155,3158,2024/10/12 00:00:00,2024/10/12 19:58:00,Technical,Low,5.0
2156,3158,2024/07/15 00:00:00,2024/07/16 14:40:58,Billing,Low,3.0
2157,1794,2024/12/21 00:00:00,2024/12/21 13:32:01,Technical,Low,4.0
2158,1794,2024/01/16 00:00:00,2024/01/16 03:55:09,Billing,Low,4.0
2159,1794,2024/12/22 00:00:00,2024/12/23 12:12:32,Technical,Low,5.0
2160,1794,2024/07/24 00:00:00,,General,Medium,
2161,4806,2024/08/21 00:00:00,2024/08/21 22:34:26,Technical,High,
2162,4806,2024/09/30 00:00:00,2024/10/01 05:08:51,Technical,Low,3.0
2163,4806,2024/12/15 00:00:00,2024/12/15 06:53:39,Technical,High,1.0
2164,2166,2024/02/26 00:00:00,2024/02/26 18:47:15,General,Low,5.0
2165,2166,2024/07/30 00:00:00,2024/07/31 02:41:59,Billing,Low,5.0
2166,2166,2024/08/18 00:00:00,2024/08/18 21:15:47,Technical,Low,5.0
2167,3894,2024/03/31 00:00:00,2024/04/01 01:38:12,General,Medium,
2168,3592,2024/07/27 00:00:00,2024/07/27 06:13:11,Billing,Medium,3.0
2169,3592,2024/10/24 00:00:00,2024/10/24 17:27:58,Technical,Low,4.0
2170,1810,2024/03/25 00:00:00,2024/03/25 22:43:41,Billing,Medium,5.0
2171,1810,2024/07/09 00:00:00,2024/07/09 12:18:02,Billing,Medium,
2172,1810,2024/04/19 00:00:00,2024/04/19 03:50:13,Billing,Low,
2173,1810,2024/09/24 00:00:00,2024/09/24 07:57:13,General,Medium,
2174,1810,2024/11/11 00:00:00,,Technical,High,
2175,2538,2024/05/08 00:00:00,2024/05/08 05:03:29,Technical,Low,5.0
2176,2538,2024/03/02 00:00:00,2024/03/02 22:04:20,Technical,Medium,
2177,2538,2024/04/21 00:00:00,2024/04/21 07:09:45,Technical,High,4.0
2178,2538,2024/04/14 00:00:00,2024/04/14 06:25:51,Technical,Medium,
2179,3985,2024/07/15 00:00:00,2024/07/16 05:58:06,Technical,Low,5.0
2180,3985,2024/03/12 00:00:00,2024/03/12 06:00:02,Technical,Low,2.0
2181,3985,2024/11/01 00:00:00,2024/11/01 17:55:53,Technical,Medium,5.0
2182,752,2024/06/09 00:00:00,2024/06/10 07:38:44,Technical,Low,5.0
2183,752,2024/11/27 00:00:00,2024/11/27 17:48:05,General,Medium,3.0
2184,752,2024/10/09 00:00:00,2024/10/09 06:12:39,Technical,Low,5.0
2185,752,2024/03/18 00:00:00,2024/03/18 11:58:25,Technical,Low,5.0
2186,4382,2024/12/09 00:00:00,,Billing,Low,
2187,4382,2024/05/11 00:00:00,2024/05/11 16:46:04,Billing,Medium,
2188,4382,2024/05/15 00:00:00,,Technical,Low,
2189,4382,2024/10/01 00:00:00,2024/10/01 13:10:07,Billing,Medium,
2190,4382,2024/04/23 00:00:00,2024/04/23 07:11:49,Technical,Low,
2191,537,2024/01/25 00:00:00,2024/01/25 04:40:49,General,Medium,4.0
2192,1459,2024/11/15 00:00:00,,Technical,Low,
2193,1459,2024/11/01 00:00:00,,Technical,High,
2194,1459,2024/03/17 00:00:00,2024/03/17 11:41:03,General,Low,5.0
2195,1188,2024/09/17 00:00:00,2024/09/17 03:15:06,Technical,Low,5.0
2196,1188,2024/05/29 00:00:00,2024/05/29 17:32:32,Technical,Medium,4.0
2197,1188,2024/08/06 00:00:00,2024/08/07 05:40:48,Technical,High,3.0
2198,47,2024/02/09 00:00:00,2024/02/10 00:06:07,Technical,High,5.0
2199,47,2024/05/04 00:00:00,2024/05/04 11:33:05,Billing,Medium,2.0
2200,47,2024/10/26 00:00:00,2024/10/26 05:12:47,Billing,Low,3.0
2201,2143,2024/09/19 00:00:00,2024/09/19 10:51:26,Technical,Medium,2.0
2202,2143,2024/10/19 00:00:00,2024/10/19 10:18:27,Technical,Low,
2203,4760,2024/07/12 00:00:00,2024/07/12 02:55:57,Technical,Low,5.0
2204,4760,2024/07/27 00:00:00,2024/07/27 10:00:11,Technical,Medium,1.0
2205,4760,2024/12/19 00:00:00,2024/12/19 08:27:46,General,Low,
2206,4760,2024/01/22 00:00:00,2024/01/23 08:21:20,Technical,Low,5.0
2207,4760,2024/09/22 00:00:00,2024/09/23 20:06:30,Billing,Low,4.0
2208,2938,2024/11/02 00:00:00,2024/11/04 10:30:25,General,Low,5.0
2209,2938,2024/08/25 00:00:00,2024/08/26 00:47:49,Billing,High,
2210,2938,2024/12/09 00:00:00,2024/12/09 16:52:41,Billing,Medium,4.0
2211,4366,2024/01/23 00:00:00,2024/01/23 08:35:18,Technical,Low,4.0
2212,4366,2024/11/24 00:00:00,2024/11/24 16:13:24,Billing,Medium,
2213,4366,2024/01/08 00:00:00,2024/01/08 05:39:52,Billing,Low,
2214,4366,2024/06/27 00:00:00,2024/06/27 08:41:42,Billing,Medium,
2215,4366,2024/08/22 00:00:00,2024/08/22 05:26:53,Billing,Medium,5.0
2216,2756,2024/06/25 00:00:00,2024/06/26 00:00:30,General,Medium,3.0
2217,2756,2024/05/26 00:00:00,,Billing,Medium,
2218,761,2024/05/12 00:00:00,2024/05/12 06:22:47,Billing,Medium,1.0
2219,761,2024/11/24 00:00:00,,Billing,Medium,
2220,761,2024/10/06 00:00:00,2024/10/07 09:56:56,Billing,Low,5.0
2221,761,2024/09/02 00:00:00,2024/09/02 13:22:43,Technical,Medium,
2222,344,2024/10/26 00:00:00,2024/10/26 11:19:20,Technical,Medium,4.0
2223,344,2024/07/31 00:00:00,2024/07/31 22:35:35,Technical,High,4.0
2224,344,2024/12/20 00:00:00,2024/12/20 02:46:24,Technical,Low,
2225,344,2024/07/23 00:00:00,2024/07/23 18:46:12,Billing,Low,4.0
2226,4658,2024/10/14 00:00:00,2024/10/14 12:03:07,General,Low,5.0
2227,4658,2024/12/20 00:00:00,2024/12/20 02:52:00,General,Low,2.0
2228,4658,2024/12/09 00:00:00,2024/12/09 17:15:18,Technical,Low,5.0
2229,4658,2024/11/04 00:00:00,2024/11/05 08:17:38,General,Low,5.0
2230,1508,2024/02/28 00:00:00,2024/02/28 04:28:25,Technical,Low,4.0
2231,1508,2024/12/07 00:00:00,,Billing,Low,
2232,1508,2024/07/15 00:00:00,2024/07/15 05:47:22,Billing,Medium,3.0
2233,2159,2024/01/05 00:00:00,,General,Low,
2234,2159,2024/05/03 00:00:00,,General,High,
2235,2159,2024/02/01 00:00:00,2024/02/02 19:47:06,Technical,Low,
2236,4171,2024/08/16 00:00:00,2024/08/17 18:24:31,Billing,High,5.0
2237,4171,2024/06/18 00:00:00,2024/06/19 02:15:31,Technical,Low,5.0
2238,4171,2024/07/30 00:00:00,2024/07/30 07:41:55,General,Medium,
2239,4171,2024/03/09 00:00:00,2024/03/09 08:34:17,General,Low,4.0
2240,4171,2024/10/17 00:00:00,2024/10/17 06:22:48,General,High,
2241,1306,2024/08/11 00:00:00,2024/08/11 10:27:02,Technical,Medium,4.0
2242,1306,2024/11/02 00:00:00,,Billing,Medium,
2243,1306,2024/07/18 00:00:00,2024/07/18 18:09:21,Billing,High,4.0
2244,1306,2024/12/15 00:00:00,2024/12/15 12:50:24,Technical,Low,5.0
2245,1430,2024/06/25 00:00:00,2024/06/25 20:45:28,Technical,Low,5.0
2246,1430,2024/02/07 00:00:00,2024/02/08 01:40:28,Technical,Low,4.0
2247,1430,2024/12/03 00:00:00,2024/12/03 15:39:04,Billing,Medium,5.0
2248,1430,2024/07/01 00:00:00,2024/07/01 11:34:27,General,Medium,4.0
2249,1430,2024/04/19 00:00:00,2024/04/19 18:13:44,Technical,Medium,5.0
2250,2683,2024/03/13 00:00:00,2024/03/13 12:09:31,Billing,Medium,
2251,2683,2024/07/06 00:00:00,2024/07/06 04:40:22,Technical,High,4.0
2252,2683,2024/04/24 00:00:00,,Billing,Low,
2253,2984,2024/11/05 00:00:00,2024/11/05 10:30:05,Technical,Low,
2254,2984,2024/02/12 00:00:00,2024/02/12 13:56:54,Technical,High,
2255,2984,2024/07/22 00:00:00,2024/07/23 14:02:19,Billing,Medium,4.0
2256,2984,2024/12/07 00:00:00,,Technical,Low,
2257,4474,2024/09/11 00:00:00,2024/09/11 11:47:34,Technical,Low,
2258,4474,2024/03/30 00:00:00,2024/03/30 19:22:32,Technical,Low,4.0
2259,4474,2024/09/21 00:00:00,2024/09/21 03:55:21,Technical,Low,
2260,4474,2024/11/23 00:00:00,2024/11/23 10:54:43,General,Medium,4.0
2261,4474,2024/02/26 00:00:00,2024/02/26 23:00:36,Technical,Low,5.0
2262,600,2024/10/03 00:00:00,2024/10/04 03:27:02,Billing,Low,5.0
2263,600,2024/11/08 00:00:00,2024/11/08 11:38:30,Technical,Medium,5.0
2264,600,2024/06/30 00:00:00,2024/06/30 19:51:53,Billing,Low,4.0
2265,600,2024/06/02 00:00:00,2024/06/02 17:15:25,Technical,High,5.0
2266,600,2024/07/11 00:00:00,2024/07/12 05:29:01,Billing,Low,4.0
2267,4616,2024/04/13 00:00:00,2024/04/13 18:56:28,Billing,Medium,4.0
2268,3811,2024/08/11 00:00:00,2024/08/11 10:14:27,Technical,Low,
2269,3811,2024/04/27 00:00:00,2024/04/27 15:24:01,Technical,Medium,4.0
2270,3811,2024/09/05 00:00:00,2024/09/05 13:08:30,General,Low,
2271,4677,2024/05/11 00:00:00,2024/05/11 05:03:52,Technical,Medium,3.0
2272,4686,2024/09/01 00:00:00,,Billing,Low,
2273,4686,2024/02/23 00:00:00,2024/02/23 20:27:45,General,Low,
2274,4686,2024/02/11 00:00:00,2024/02/12 00:03:39,General,Medium,4.0
2275,687,2024/08/14 00:00:00,2024/08/14 06:39:25,Technical,Low,
2276,4308,2024/04/25 00:00:00,2024/04/25 06:34:04,Technical,Low,4.0
2277,351,2024/03/03 00:00:00,2024/03/04 05:43:08,Technical,Medium,3.0
2278,351,2024/12/12 00:00:00,2024/12/12 07:58:21,Technical,High,
2279,351,2024/09/03 00:00:00,2024/09/03 09:24:00,Technical,Low,5.0
2280,351,2024/07/20 00:00:00,2024/07/20 09:48:58,Technical,Medium,2.0
2281,351,2024/01/25 00:00:00,2024/01/25 16:59:12,Technical,Medium,4.0
2282,2989,2024/10/31 00:00:00,2024/10/31 01:38:04,General,Medium,
2283,2989,2024/05/09 00:00:00,2024/05/09 18:02:36,Technical,Medium,4.0
2284,2989,2024/05/06 00:00:00,2024/05/06 05:25:00,Billing,Medium,3.0
2285,2989,2024/03/18 00:00:00,2024/03/18 07:31:15,Billing,Low,5.0
2286,4275,2024/05/08 00:00:00,2024/05/08 08:53:39,Technical,Low,4.0
2287,2601,2024/07/03 00:00:00,2024/07/03 05:45:41,General,Low,2.0
2288,2601,2024/08/10 00:00:00,2024/08/10 12:16:24,Technical,High,1.0
2289,2601,2024/09/30 00:00:00,2024/10/01 09:45:34,Technical,Low,4.0
2290,2601,2024/12/19 00:00:00,2024/12/19 03:36:01,Billing,Medium,
2291,3205,2024/10/25 00:00:00,2024/10/25 09:10:20,Technical,Low,3.0
2292,3205,2024/03/04 00:00:00,,Technical,Low,
2293,3205,2024/01/23 00:00:00,2024/01/23 15:43:30,Technical,Low,
2294,3205,2024/12/28 00:00:00,,Technical,Medium,
2295,3205,2024/09/21 00:00:00,,Billing,High,
2296,4292,2024/11/05 00:00:00,2024/11/06 05:59:49,Technical,Low,4.0
2297,4292,2024/07/26 00:00:00,2024/07/26 22:43:22,Billing,Low,4.0
2298,4292,2024/07/07 00:00:00,2024/07/07 06:01:54,General,Low,
2299,644,2024/11/08 00:00:00,2024/11/08 10:23:12,Technical,Low,5.0
2300,644,2024/09/25 00:00:00,2024/09/25 03:15:43,General,High,4.0
2301,644,2024/03/30 00:00:00,2024/03/30 09:13:20,General,Low,4.0
2302,644,2024/10/19 00:00:00,2024/10/19 22:41:39,Technical,Low,
2303,353,2024/08/24 00:00:00,,Billing,Medium,
2304,353,2024/05/23 00:00:00,2024/05/23 08:04:14,General,Low,5.0
2305,353,2024/03/25 00:00:00,2024/03/25 05:24:43,General,High,
2306,353,2024/01/17 00:00:00,2024/01/17 02:58:49,Billing,Low,4.0
2307,527,2024/02/04 00:00:00,2024/02/05 05:51:08,Billing,Medium,4.0
2308,527,2024/04/03 00:00:00,2024/04/03 22:02:32,Billing,Medium,4.0
2309,527,2024/04/21 00:00:00,2024/04/21 01:49:10,General,Medium,
2310,527,2024/11/04 00:00:00,,Technical,Low,
2311,527,2024/06/13 00:00:00,2024/06/13 05:34:45,Billing,Medium,4.0
2312,4281,2024/02/17 00:00:00,2024/02/17 01:52:42,Technical,Medium,3.0
2313,4281,2024/04/21 00:00:00,,Billing,Low,
2314,4281,2024/04/06 00:00:00,2024/04/06 20:53:33,Technical,Low,4.0
2315,4281,2024/06/14 00:00:00,,Billing,Low,
2316,3208,2024/04/05 00:00:00,,Technical,Medium,
2317,3208,2024/11/04 00:00:00,2024/11/04 10:41:44,General,Low,
2318,3208,2024/04/27 00:00:00,,Billing,Medium,
2319,3208,2024/03/03 00:00:00,2024/03/03 04:21:30,Technical,Medium,
2320,3208,2024/06/19 00:00:00,2024/06/19 05:42:24,General,Medium,
2321,1102,2024/04/23 00:00:00,2024/04/23 02:06:16,Technical,Medium,
2322,1102,2024/10/23 00:00:00,2024/10/23 01:46:15,Billing,Low,5.0
2323,1102,2024/12/24 00:00:00,2024/12/24 17:39:11,General,Medium,4.0
2324,1102,2024/01/28 00:00:00,2024/01/28 06:12:45,Technical,High,
2325,1102,2024/07/22 00:00:00,,Technical,Medium,
2326,2606,2024/10/24 00:00:00,2024/10/24 14:17:25,Technical,High,3.0
2327,2606,2024/11/01 00:00:00,2024/11/01 13:36:18,Technical,Medium,5.0
2328,2606,2024/12/25 00:00:00,2024/12/25 02:31:01,Billing,Medium,
2329,2606,2024/03/09 00:00:00,2024/03/10 18:15:29,Technical,Medium,5.0
2330,4465,2024/02/11 00:00:00,2024/02/11 23:24:34,Billing,Medium,
2331,4465,2024/10/10 00:00:00,2024/10/10 07:33:58,Technical,Low,5.0
2332,4465,2024/11/16 00:00:00,,Technical,High,
2333,4162,2024/08/30 00:00:00,2024/08/30 14:23:17,General,Low,
2334,4162,2024/11/09 00:00:00,2024/11/09 18:23:49,Technical,Low,3.0
2335,4154,2024/03/09 00:00:00,2024/03/10 01:46:48,Billing,Low,5.0
2336,4154,2024/01/01 00:00:00,2024/01/01 07:04:07,General,Low,4.0
2337,4154,2024/07/23 00:00:00,2024/07/23 17:10:03,Billing,Low,
2338,4154,2024/10/03 00:00:00,,Technical,Low,
2339,2768,2024/05/26 00:00:00,2024/05/26 17:29:13,Technical,Low,5.0
2340,2768,2024/10/22 00:00:00,2024/10/22 19:57:52,Billing,Low,5.0
2341,2768,2024/11/11 00:00:00,,General,High,
2342,2768,2024/01/31 00:00:00,2024/01/31 18:28:15,Technical,High,3.0
2343,2768,2024/11/30 00:00:00,2024/11/30 15:25:45,Billing,Low,3.0
2344,501,2024/04/10 00:00:00,2024/04/10 02:18:36,Technical,Low,5.0
2345,4771,2024/12/10 00:00:00,2024/12/10 02:18:48,Billing,Medium,
2346,4517,2024/02/25 00:00:00,2024/02/25 03:23:11,Technical,Medium,3.0
2347,4517,2024/03/09 00:00:00,2024/03/09 16:20:00,Technical,Low,5.0
2348,4517,2024/08/01 00:00:00,2024/08/01 15:04:49,Billing,Low,2.0
2349,2057,2024/10/10 00:00:00,2024/10/10 17:50:05,Technical,Medium,3.0
2350,2057,2024/01/30 00:00:00,2024/01/30 09:20:24,Technical,Medium,
2351,2057,2024/04/26 00:00:00,2024/04/26 07:41:27,General,High,1.0
2352,2057,2024/04/22 00:00:00,2024/04/22 10:59:17,Technical,Low,
2353,2057,2024/11/09 00:00:00,2024/11/09 11:34:11,Technical,Medium,
2354,1354,2024/07/05 00:00:00,,Technical,Low,
2355,1354,2024/10/15 00:00:00,2024/10/16 00:14:17,Billing,Medium,
2356,1845,2024/02/18 00:00:00,2024/02/18 08:14:08,Technical,Medium,5.0
2357,1845,2024/05/03 00:00:00,2024/05/03 15:17:07,Billing,Low,
2358,1404,2024/02/24 00:00:00,2024/02/24 13:37:28,Technical,Medium,
2359,1404,2024/04/24 00:00:00,,Billing,Low,
2360,2651,2024/04/27 00:00:00,2024/04/27 08:35:42,Technical,Low,
2361,2651,2024/04/01 00:00:00,2024/04/01 18:37:10,Technical,Medium,4.0
2362,2651,2024/09/29 00:00:00,,Technical,Low,
2363,3182,2024/05/20 00:00:00,2024/05/21 00:08:33,General,Low,
2364,1187,2024/05/26 00:00:00,2024/05/26 03:22:08,Technical,High,4.0
2365,365,2024/08/21 00:00:00,2024/08/21 02:36:48,Billing,Low,
2366,365,2024/09/30 00:00:00,,Billing,Low,
2367,365,2024/02/01 00:00:00,2024/02/03 02:45:16,Technical,Low,
2368,1267,2024/01/03 00:00:00,2024/01/03 02:13:29,Billing,Low,5.0
2369,4833,2024/09/21 00:00:00,2024/09/21 16:40:55,Technical,High,2.0
2370,4833,2024/11/19 00:00:00,2024/11/20 03:10:20,Billing,Low,
2371,4833,2024/09/27 00:00:00,2024/09/27 09:56:30,Billing,Low,5.0
2372,4833,2024/02/14 00:00:00,,Billing,Low,
2373,3909,2024/03/30 00:00:00,2024/03/30 19:15:08,General,Low,5.0
2374,3458,2024/07/04 00:00:00,,Billing,High,
2375,3458,2024/07/21 00:00:00,2024/07/21 04:20:00,Billing,Low,4.0
2376,490,2024/05/26 00:00:00,2024/05/26 05:32:04,General,Low,4.0
2377,490,2024/04/24 00:00:00,,Technical,Low,
2378,4898,2024/03/12 00:00:00,,Technical,Low,
2379,4898,2024/11/19 00:00:00,2024/11/20 10:18:31,Billing,Low,
2380,4898,2024/09/20 00:00:00,2024/09/20 12:39:45,General,Low,
2381,4898,2024/04/22 00:00:00,2024/04/23 14:56:36,Technical,Medium,4.0
2382,4993,2024/10/24 00:00:00,2024/10/24 23:35:04,General,Low,5.0
2383,4993,2024/09/25 00:00:00,2024/09/25 21:43:41,Technical,Low,
2384,2880,2024/08/30 00:00:00,,Technical,Medium,
2385,4190,2024/01/12 00:00:00,2024/01/12 10:05:38,Billing,Medium,
2386,333,2024/09/07 00:00:00,2024/09/08 21:53:07,Technical,Medium,5.0
2387,333,2024/11/18 00:00:00,2024/11/18 14:22:58,General,High,
2388,333,2024/10/09 00:00:00,,Technical,High,
2389,734,2024/12/26 00:00:00,2024/12/26 10:41:58,Technical,Low,3.0
2390,4714,2024/12/21 00:00:00,2024/12/21 07:05:10,Billing,High,4.0
2391,4296,2024/03/23 00:00:00,,Billing,Low,
2392,4296,2024/05/31 00:00:00,,General,Medium,
2393,4296,2024/01/28 00:00:00,2024/01/28 08:13:17,Billing,Low,
2394,3948,2024/06/25 00:00:00,,Billing,Medium,
2395,3948,2024/06/05 00:00:00,2024/06/05 08:44:16,Technical,Medium,4.0
2396,3948,2024/02/24 00:00:00,2024/02/24 05:08:24,Technical,Medium,4.0
2397,3948,2024/08/29 00:00:00,2024/08/29 11:08:44,Technical,Medium,5.0
2398,4203,2024/04/20 00:00:00,2024/04/21 06:11:16,General,Medium,
2399,2551,2024/06/16 00:00:00,2024/06/16 09:58:19,Technical,Low,
2400,2577,2024/09/04 00:00:00,2024/09/04 22:41:34,Technical,Low,
2401,2577,2024/01/06 00:00:00,2024/01/06 09:24:05,Billing,Low,
2402,2577,2024/04/06 00:00:00,,General,Medium,
2403,2577,2024/08/12 00:00:00,,Technical,Low,
2404,2577,2024/03/17 00:00:00,2024/03/17 13:16:10,Technical,Low,4.0
2405,4320,2024/12/05 00:00:00,2024/12/06 03:06:41,Billing,Medium,5.0
2406,3926,2024/07/30 00:00:00,2024/07/30 09:16:16,Technical,Low,
2407,3926,2024/01/24 00:00:00,2024/01/24 12:14:24,Technical,High,
2408,3926,2024/11/24 00:00:00,2024/11/24 05:54:33,General,Medium,3.0
2409,3926,2024/03/10 00:00:00,2024/03/11 02:59:25,Technical,Low,
2410,4661,2024/10/15 00:00:00,,Technical,Medium,
2411,4661,2024/11/17 00:00:00,2024/11/17 04:58:43,Technical,Medium,
2412,4661,2024/09/05 00:00:00,2024/09/05 05:46:36,Technical,Low,2.0
2413,4661,2024/02/25 00:00:00,2024/02/25 15:27:44,Billing,Low,
2414,3234,2024/08/24 00:00:00,,General,High,
2415,3234,2024/05/12 00:00:00,,Technical,Medium,
2416,3234,2024/06/19 00:00:00,2024/06/19 00:06:47,Technical,Medium,
2417,3234,2024/09/05 00:00:00,2024/09/05 12:54:45,Technical,Low,4.0
2418,3234,2024/05/26 00:00:00,,Billing,High,
2419,3296,2024/04/04 00:00:00,2024/04/04 10:39:56,General,Low,3.0
2420,3296,2024/10/23 00:00:00,,Technical,Medium,
2421,3296,2024/06/11 00:00:00,2024/06/11 11:48:08,Technical,Low,4.0
2422,2817,2024/01/06 00:00:00,2024/01/06 07:56:26,Technical,Low,3.0
2423,2817,2024/11/14 00:00:00,,Billing,High,
2424,3908,2024/07/28 00:00:00,2024/07/28 04:43:12,Technical,Low,4.0
2425,3908,2024/12/12 00:00:00,2024/12/12 01:18:15,Billing,Low,5.0
2426,3908,2024/10/05 00:00:00,2024/10/05 07:05:16,Billing,High,5.0
2427,3908,2024/08/30 00:00:00,2024/08/30 03:30:33,Technical,High,3.0
2428,2109,2024/10/05 00:00:00,2024/10/05 07:56:20,Technical,Medium,
2429,2109,2024/08/03 00:00:00,2024/08/03 01:21:48,Technical,Medium,
2430,993,2024/09/29 00:00:00,2024/09/29 06:28:20,Technical,Low,4.0
2431,993,2024/01/17 00:00:00,2024/01/17 02:38:54,Technical,Low,4.0
2432,993,2024/07/17 00:00:00,2024/07/17 05:35:51,Technical,Low,4.0
2433,993,2024/06/09 00:00:00,2024/06/09 12:09:34,General,High,3.0
2434,993,2024/12/15 00:00:00,2024/12/15 05:27:24,Billing,Medium,
2435,4066,2024/01/22 00:00:00,2024/01/22 17:42:44,Billing,Low,3.0
2436,881,2024/06/10 00:00:00,,Technical,Medium,
2437,705,2024/02/28 00:00:00,2024/02/28 05:33:07,Technical,High,3.0
2438,3355,2024/05/31 00:00:00,2024/06/01 00:02:38,Technical,Low,
2439,3355,2024/07/24 00:00:00,2024/07/24 19:57:44,General,Low,5.0
2440,3355,2024/08/12 00:00:00,2024/08/12 18:36:29,Technical,Low,
2441,3355,2024/08/08 00:00:00,2024/08/08 05:31:24,Technical,Medium,
2442,3363,2024/10/21 00:00:00,2024/10/21 13:59:38,Billing,High,
2443,3363,2024/02/16 00:00:00,2024/02/17 07:13:14,Billing,Medium,
2444,3363,2024/11/08 00:00:00,2024/11/09 04:33:16,Technical,Low,5.0
2445,2096,2024/11/21 00:00:00,2024/11/21 19:01:17,General,Medium,5.0
2446,2096,2024/10/25 00:00:00,2024/10/25 09:58:39,General,Low,4.0
2447,2096,2024/08/22 00:00:00,2024/08/23 18:50:59,Billing,Medium,5.0
2448,1556,2024/09/22 00:00:00,2024/09/22 12:42:00,General,Low,5.0
2449,1556,2024/11/05 00:00:00,2024/11/05 05:27:44,Technical,Low,4.0
2450,1556,2024/06/14 00:00:00,2024/06/15 03:12:03,Technical,Low,
2451,4673,2024/12/19 00:00:00,2024/12/19 13:42:55,Billing,Low,5.0
2452,4673,2024/10/22 00:00:00,2024/10/22 12:42:08,Billing,Low,5.0
2453,4673,2024/01/06 00:00:00,2024/01/08 23:05:01,Billing,Medium,5.0
2454,4673,2024/06/24 00:00:00,,Billing,Medium,
2455,4673,2024/08/07 00:00:00,2024/08/08 03:03:25,Billing,Low,5.0
2456,2686,2024/02/01 00:00:00,,Technical,Low,
2457,2686,2024/02/18 00:00:00,2024/02/18 12:04:39,Billing,High,
2458,2686,2024/07/04 00:00:00,2024/07/04 02:13:42,Billing,Medium,
2459,2069,2024/10/25 00:00:00,2024/10/25 08:22:08,Billing,Medium,3.0
2460,2069,2024/04/04 00:00:00,2024/04/05 05:31:59,Technical,High,4.0
2461,2069,2024/02/16 00:00:00,2024/02/16 10:33:09,Billing,High,
2462,90,2024/11/28 00:00:00,2024/11/29 08:46:46,Technical,High,
2463,90,2024/07/08 00:00:00,2024/07/08 10:47:00,General,Low,4.0
2464,90,2024/05/29 00:00:00,,General,Low,
2465,90,2024/06/22 00:00:00,,General,Low,
2466,4676,2024/06/15 00:00:00,2024/06/15 09:31:45,Technical,High,
2467,4676,2024/07/12 00:00:00,2024/07/12 10:55:17,General,Low,4.0
2468,2856,2024/04/22 00:00:00,2024/04/22 06:45:04,Technical,Medium,1.0
2469,2856,2024/05/13 00:00:00,2024/05/15 16:42:56,General,High,3.0
2470,1786,2024/02/26 00:00:00,2024/02/26 19:04:05,Technical,Medium,5.0
2471,1786,2024/10/01 00:00:00,2024/10/01 13:20:26,Billing,Medium,
2472,1786,2024/02/16 00:00:00,2024/02/16 22:01:55,General,Medium,1.0
2473,1786,2024/01/19 00:00:00,2024/01/19 21:04:53,Billing,Low,4.0
2474,291,2024/05/25 00:00:00,2024/05/25 09:03:58,Technical,Low,4.0
2475,820,2024/04/28 00:00:00,,General,Low,
2476,1953,2024/02/16 00:00:00,,Technical,Low,
2477,1953,2024/06/19 00:00:00,,Technical,Low,
2478,4183,2024/08/03 00:00:00,2024/08/03 11:32:15,Billing,High,
2479,4243,2024/01/31 00:00:00,2024/01/31 17:57:00,General,Low,5.0
2480,4243,2024/03/20 00:00:00,2024/03/20 11:56:28,Billing,Low,
2481,4243,2024/06/26 00:00:00,,Technical,Medium,
2482,4243,2024/10/30 00:00:00,2024/10/30 14:38:54,Technical,High,3.0
2483,4243,2024/08/23 00:00:00,2024/08/23 02:08:15,Billing,High,
2484,2575,2024/11/27 00:00:00,2024/11/27 07:17:54,Technical,Medium,4.0
2485,2575,2024/07/27 00:00:00,2024/07/27 05:23:22,General,Low,
2486,3249,2024/11/09 00:00:00,2024/11/10 17:04:36,Technical,Medium,
2487,3249,2024/02/15 00:00:00,2024/02/15 05:51:41,Billing,Low,4.0
2488,3249,2024/01/14 00:00:00,2024/01/14 09:59:01,Billing,Medium,
2489,3249,2024/04/10 00:00:00,2024/04/10 03:57:30,Technical,Low,4.0
2490,3249,2024/07/30 00:00:00,2024/07/30 04:12:24,Technical,Medium,
2491,4421,2024/11/14 00:00:00,2024/11/14 11:20:51,Billing,Medium,2.0
2492,4421,2024/09/13 00:00:00,2024/09/13 03:24:57,Technical,Low,
2493,4421,2024/03/24 00:00:00,2024/03/24 22:59:54,Technical,Low,5.0
2494,4421,2024/08/18 00:00:00,2024/08/21 02:35:36,Technical,Medium,4.0
2495,4421,2024/03/21 00:00:00,2024/03/21 04:42:34,Billing,Low,4.0
2496,602,2024/04/14 00:00:00,,Technical,Low,
2497,602,2024/05/05 00:00:00,2024/05/05 07:25:51,Billing,Medium,4.0
2498,3376,2024/05/13 00:00:00,,Technical,High,
2499,3376,2024/09/30 00:00:00,2024/09/30 19:03:50,Technical,Low,5.0
2500,3376,2024/07/03 00:00:00,2024/07/03 00:49:33,General,Medium,5.0
2501,3376,2024/06/18 00:00:00,2024/06/18 16:20:24,Technical,Low,
2502,3376,2024/02/08 00:00:00,2024/02/09 19:17:15,Billing,Low,
2503,981,2024/06/12 00:00:00,2024/06/12 12:00:47,Technical,Medium,
2504,981,2024/05/08 00:00:00,2024/05/08 09:28:05,Billing,Medium,5.0
2505,981,2024/06/08 00:00:00,2024/06/08 06:23:20,Billing,Medium,5.0
2506,1296,2024/02/28 00:00:00,2024/02/28 10:26:06,Technical,Low,
2507,1296,2024/11/28 00:00:00,2024/11/28 17:04:14,Billing,High,2.0
2508,1296,2024/01/12 00:00:00,,Billing,Medium,
2509,1891,2024/03/12 00:00:00,,Technical,Low,
2510,1891,2024/02/18 00:00:00,2024/02/18 01:45:25,General,Medium,5.0
2511,3525,2024/02/04 00:00:00,,Billing,Low,
2512,3525,2024/12/06 00:00:00,2024/12/07 17:42:30,Technical,Medium,4.0
2513,3525,2024/06/04 00:00:00,2024/06/04 23:57:15,Billing,Low,4.0
2514,3980,2024/04/23 00:00:00,2024/04/24 03:28:46,Billing,Medium,3.0
2515,3980,2024/04/08 00:00:00,2024/04/08 04:21:32,Technical,Low,5.0
2516,3980,2024/08/10 00:00:00,,Technical,Medium,
2517,3980,2024/10/07 00:00:00,2024/10/07 19:18:01,Technical,High,
2518,1196,2024/04/12 00:00:00,2024/04/13 01:07:23,Billing,Medium,
2519,1196,2024/08/14 00:00:00,,General,Medium,
2520,4272,2024/02/25 00:00:00,2024/02/25 08:15:20,General,Low,5.0
2521,1067,2024/11/15 00:00:00,2024/11/16 06:49:52,General,High,4.0
2522,1067,2024/03/20 00:00:00,2024/03/20 10:28:33,Billing,Low,3.0
2523,1067,2024/07/05 00:00:00,,Billing,Low,
2524,1067,2024/08/12 00:00:00,2024/08/12 08:33:34,Technical,Low,
2525,1067,2024/12/07 00:00:00,2024/12/07 16:18:29,Technical,Low,
2526,466,2024/07/29 00:00:00,2024/07/29 05:57:06,Technical,Medium,5.0
2527,466,2024/09/09 00:00:00,2024/09/09 11:38:12,General,Low,5.0
2528,466,2024/08/21 00:00:00,2024/08/21 04:52:03,Technical,Low,2.0
2529,466,2024/10/14 00:00:00,2024/10/14 02:23:38,Technical,Low,
2530,466,2024/09/28 00:00:00,2024/09/28 13:25:01,Technical,Medium,4.0
2531,652,2024/12/17 00:00:00,2024/12/18 03:46:59,Technical,Low,
2532,652,2024/05/25 00:00:00,2024/05/25 00:26:35,Billing,Low,5.0
2533,652,2024/02/21 00:00:00,2024/02/21 20:41:57,Technical,High,
2534,175,2024/04/30 00:00:00,2024/04/30 12:18:22,Billing,Medium,
2535,175,2024/08/17 00:00:00,2024/08/18 08:52:02,Technical,Low,3.0
2536,175,2024/10/07 00:00:00,2024/10/08 01:05:32,Billing,Low,5.0
2537,4625,2024/12/01 00:00:00,2024/12/02 06:57:11,Technical,Low,
2538,4625,2024/05/18 00:00:00,2024/05/19 01:17:30,Billing,Medium,2.0
2539,4625,2024/06/10 00:00:00,2024/06/11 10:57:29,Technical,Medium,
2540,4625,2024/09/22 00:00:00,,Technical,Medium,
2541,994,2024/08/06 00:00:00,2024/08/06 09:48:15,Billing,Medium,5.0
2542,994,2024/05/18 00:00:00,2024/05/18 08:53:26,Billing,Low,2.0
2543,994,2024/05/22 00:00:00,,Technical,Medium,
2544,3685,2024/12/05 00:00:00,,Billing,Low,
2545,3685,2024/12/10 00:00:00,2024/12/10 17:47:18,Technical,Low,
2546,3417,2024/04/26 00:00:00,2024/04/26 08:15:26,Billing,Medium,
2547,3417,2024/03/16 00:00:00,2024/03/16 05:51:49,Technical,Low,5.0
2548,3417,2024/05/09 00:00:00,,Billing,Low,
2549,3417,2024/03/11 00:00:00,2024/03/11 13:37:04,Billing,Medium,
2550,4022,2024/12/21 00:00:00,2024/12/22 12:37:22,General,Low,4.0
2551,4022,2024/02/10 00:00:00,2024/02/11 07:06:59,Billing,Medium,
2552,1311,2024/08/22 00:00:00,,General,Low,
2553,1089,2024/07/28 00:00:00,2024/07/28 06:44:32,Technical,Low,
2554,1951,2024/12/13 00:00:00,2024/12/13 12:47:59,General,Medium,
2555,1951,2024/03/18 00:00:00,2024/03/20 17:36:24,Billing,Low,5.0
2556,1534,2024/03/15 00:00:00,2024/03/15 13:05:11,Technical,High,5.0
2557,1534,2024/08/06 00:00:00,2024/08/06 17:10:03,Billing,Low,5.0
2558,1534,2024/12/16 00:00:00,2024/12/16 06:33:30,General,Low,
2559,890,2024/10/24 00:00:00,2024/10/24 03:14:16,Technical,Low,
2560,3641,2024/07/19 00:00:00,2024/07/20 14:25:03,Technical,Low,
2561,3641,2024/11/22 00:00:00,2024/11/22 22:07:46,Billing,Medium,5.0
2562,3641,2024/07/23 00:00:00,2024/07/23 01:59:19,Technical,High,3.0
2563,178,2024/08/26 00:00:00,2024/08/26 09:03:14,Technical,Low,
2564,178,2024/12/21 00:00:00,2024/12/21 20:42:57,Technical,Low,
2565,4571,2024/06/24 00:00:00,2024/06/24 12:05:42,Technical,Medium,
2566,4571,2024/05/03 00:00:00,2024/05/03 13:37:36,Technical,High,3.0
2567,3714,2024/12/29 00:00:00,2024/12/29 12:03:08,Billing,Low,2.0
2568,3714,2024/08/22 00:00:00,,Technical,Low,
2569,2123,2024/07/20 00:00:00,2024/07/20 06:45:59,Billing,Low,4.0
2570,2123,2024/05/16 00:00:00,,General,High,
2571,2123,2024/12/20 00:00:00,2024/12/20 13:01:36,Technical,Medium,3.0
2572,2631,2024/02/20 00:00:00,2024/02/20 03:15:00,Billing,Low,
2573,2631,2024/08/10 00:00:00,2024/08/11 09:57:40,Technical,Low,5.0
2574,2631,2024/02/04 00:00:00,2024/02/04 06:25:43,Technical,Low,
2575,2631,2024/11/07 00:00:00,,General,Medium,
2576,2631,2024/08/15 00:00:00,2024/08/15 11:01:02,Technical,High,1.0
2577,2783,2024/12/04 00:00:00,2024/12/04 11:32:07,Technical,Low,5.0
2578,2783,2024/01/17 00:00:00,2024/01/17 19:58:55,General,Low,4.0
2579,4877,2024/09/01 00:00:00,,Technical,Low,
2580,4877,2024/12/19 00:00:00,2024/12/19 04:14:59,Technical,Medium,3.0
2581,4877,2024/06/09 00:00:00,,Billing,Low,
2582,4877,2024/06/30 00:00:00,2024/07/01 00:04:33,Billing,High,4.0
2583,4222,2024/05/07 00:00:00,2024/05/07 20:33:58,General,Low,5.0
2584,4222,2024/10/09 00:00:00,2024/10/09 20:01:31,Technical,High,
2585,4222,2024/08/11 00:00:00,2024/08/11 05:20:19,Technical,Medium,2.0
2586,4222,2024/03/31 00:00:00,2024/03/31 10:46:04,Technical,High,
2587,4222,2024/09/09 00:00:00,2024/09/09 13:44:47,Technical,Medium,
2588,1698,2024/11/09 00:00:00,,Billing,Low,
2589,1698,2024/10/13 00:00:00,2024/10/13 07:18:50,Billing,Medium,
2590,1698,2024/04/03 00:00:00,,Technical,High,
2591,1698,2024/01/31 00:00:00,2024/01/31 16:13:17,General,High,
2592,4462,2024/03/19 00:00:00,2024/03/19 08:34:35,Billing,High,3.0
2593,1645,2024/02/23 00:00:00,2024/02/23 23:48:05,Technical,Medium,2.0
2594,1645,2024/01/04 00:00:00,2024/01/04 13:00:31,Technical,Low,
2595,1645,2024/01/03 00:00:00,2024/01/03 09:40:49,General,Medium,
2596,1645,2024/09/15 00:00:00,2024/09/15 13:33:26,General,Low,
2597,1645,2024/10/28 00:00:00,2024/10/28 21:07:15,Billing,Medium,4.0
2598,3,2024/10/22 00:00:00,2024/10/22 12:33:21,General,High,
2599,3,2024/06/16 00:00:00,,Billing,Low,
2600,3,2024/02/17 00:00:00,2024/02/18 08:55:48,General,High,
2601,3,2024/03/06 00:00:00,2024/03/06 14:35:08,Technical,Low,
2602,1666,2024/05/04 00:00:00,2024/05/05 14:02:42,Billing,High,3.0
2603,1666,2024/02/19 00:00:00,2024/02/19 14:49:13,Billing,Medium,
2604,2089,2024/01/18 00:00:00,,General,Low,
2605,2089,2024/05/14 00:00:00,2024/05/14 21:12:50,General,Medium,5.0
2606,2089,2024/03/03 00:00:00,2024/03/03 11:43:42,Technical,Medium,4.0
2607,2089,2024/07/12 00:00:00,2024/07/13 03:59:11,Billing,Medium,4.0
2608,2089,2024/02/16 00:00:00,2024/02/16 18:08:30,Technical,Medium,4.0
2609,4734,2024/01/09 00:00:00,2024/01/09 05:41:36,Billing,Low,
2610,4734,2024/01/14 00:00:00,,Technical,Medium,
2611,4734,2024/03/04 00:00:00,,Technical,Low,
2612,4734,2024/01/20 00:00:00,2024/01/20 01:26:57,Technical,Low,4.0
2613,3833,2024/12/03 00:00:00,,Technical,Low,
2614,3833,2024/12/09 00:00:00,,Technical,Medium,
2615,3833,2024/11/16 00:00:00,2024/11/16 14:43:57,Technical,Medium,5.0
2616,2725,2024/12/07 00:00:00,2024/12/07 15:35:44,General,Low,
2617,2725,2024/02/27 00:00:00,2024/02/27 15:54:40,Billing,High,
2618,2725,2024/05/25 00:00:00,2024/05/25 15:06:46,Billing,Low,5.0
2619,11,2024/12/25 00:00:00,2024/12/26 13:24:12,Technical,Low,
2620,11,2024/08/28 00:00:00,2024/08/28 05:07:35,Billing,Low,4.0
2621,11,2024/10/29 00:00:00,2024/10/29 04:25:21,Billing,Medium,
2622,11,2024/01/13 00:00:00,2024/01/13 04:33:50,General,Low,5.0
2623,4003,2024/07/16 00:00:00,2024/07/16 03:06:46,Billing,High,3.0
2624,4003,2024/11/04 00:00:00,2024/11/04 12:51:36,Technical,Low,5.0
2625,4003,2024/12/15 00:00:00,2024/12/15 12:37:07,Billing,Medium,4.0
2626,4003,2024/10/07 00:00:00,2024/10/09 08:09:10,Technical,Low,4.0
2627,3402,2024/05/14 00:00:00,2024/05/14 09:15:20,Technical,Low,
2628,2298,2024/04/25 00:00:00,2024/04/25 15:02:02,Technical,Low,4.0
2629,920,2024/01/26 00:00:00,2024/01/27 00:10:31,General,Medium,
2630,1324,2024/09/10 00:00:00,2024/09/10 13:38:45,General,Low,4.0
2631,1324,2024/05/15 00:00:00,2024/05/15 10:43:33,Billing,Low,5.0
2632,1324,2024/04/15 00:00:00,2024/04/16 00:16:34,Billing,Medium,
2633,1324,2024/02/28 00:00:00,,Technical,High,
2634,1624,2024/10/22 00:00:00,2024/10/22 15:21:26,Billing,Medium,4.0
2635,1624,2024/12/21 00:00:00,2024/12/21 17:32:09,Technical,Low,
2636,1624,2024/10/21 00:00:00,2024/10/21 17:39:11,Technical,Low,
2637,1397,2024/10/20 00:00:00,,Technical,Low,
2638,1397,2024/02/25 00:00:00,2024/02/25 07:10:23,Technical,Low,
2639,1397,2024/12/08 00:00:00,2024/12/08 04:24:18,Billing,High,3.0
2640,1397,2024/04/06 00:00:00,2024/04/06 23:08:29,Technical,Medium,
2641,1659,2024/06/12 00:00:00,2024/06/12 13:31:14,General,Low,
2642,1659,2024/03/17 00:00:00,2024/03/17 03:13:12,Technical,Medium,3.0
2643,1343,2024/11/03 00:00:00,,Billing,Low,
2644,1343,2024/01/09 00:00:00,2024/01/09 17:36:48,Billing,Low,3.0
2645,1343,2024/09/09 00:00:00,2024/09/09 03:41:38,Technical,Medium,4.0
2646,1343,2024/09/04 00:00:00,2024/09/04 05:03:07,Billing,Medium,
2647,1343,2024/07/30 00:00:00,,Technical,Low,
2648,4557,2024/02/28 00:00:00,,Technical,Low,
2649,4557,2024/04/15 00:00:00,2024/04/15 17:09:45,Technical,High,
2650,4557,2024/11/16 00:00:00,2024/11/16 19:44:32,Technical,Low,3.0
2651,4557,2024/01/11 00:00:00,2024/01/12 11:25:09,Technical,High,
2652,4557,2024/03/01 00:00:00,2024/03/03 11:51:44,Technical,Medium,3.0
2653,3863,2024/10/12 00:00:00,,Billing,Medium,
2654,3863,2024/07/04 00:00:00,2024/07/04 07:48:10,Billing,Low,3.0
2655,3863,2024/06/24 00:00:00,,Technical,High,
2656,2987,2024/11/10 00:00:00,2024/11/11 15:47:58,General,Low,
2657,2987,2024/12/21 00:00:00,2024/12/21 12:09:19,General,Medium,5.0
2658,2987,2024/01/15 00:00:00,,Billing,Medium,
2659,1979,2024/11/28 00:00:00,2024/11/28 00:45:55,Technical,Low,
2660,2599,2024/04/24 00:00:00,2024/04/25 01:27:53,General,Medium,2.0
2661,533,2024/10/04 00:00:00,2024/10/04 09:12:36,Technical,High,1.0
2662,533,2024/08/07 00:00:00,2024/08/07 16:28:41,Technical,Low,4.0
2663,533,2024/02/12 00:00:00,2024/02/12 13:41:15,General,Low,
2664,1605,2024/12/22 00:00:00,,Technical,Medium,
2665,3231,2024/08/26 00:00:00,2024/08/27 05:24:40,Technical,Medium,2.0
2666,3231,2024/11/21 00:00:00,2024/11/21 08:02:13,Technical,Low,
2667,3231,2024/03/14 00:00:00,2024/03/15 10:22:03,Technical,Medium,
2668,3231,2024/08/09 00:00:00,2024/08/09 08:52:19,Billing,Low,
2669,1835,2024/10/24 00:00:00,2024/10/24 14:40:54,Technical,High,
2670,1835,2024/04/02 00:00:00,,Billing,Low,
2671,1835,2024/11/29 00:00:00,2024/11/29 11:59:42,Billing,Medium,
2672,1835,2024/05/12 00:00:00,2024/05/12 14:03:55,Technical,Medium,
2673,1835,2024/12/12 00:00:00,2024/12/12 09:58:55,General,Low,3.0
2674,245,2024/06/21 00:00:00,,Billing,Medium,
2675,2535,2024/08/21 00:00:00,2024/08/22 08:33:06,Technical,High,3.0
2676,2535,2024/07/31 00:00:00,2024/08/01 06:40:03,Technical,Medium,4.0
2677,2535,2024/01/30 00:00:00,2024/01/30 04:02:27,Billing,Low,5.0
2678,2535,2024/10/06 00:00:00,2024/10/07 07:17:29,Technical,Medium,
2679,49,2024/06/10 00:00:00,,Billing,Low,
2680,428,2024/09/27 00:00:00,2024/09/28 09:08:15,Technical,Low,5.0
2681,428,2024/12/20 00:00:00,2024/12/20 12:13:09,General,Low,2.0
2682,3100,2024/09/24 00:00:00,,General,Medium,
2683,3100,2024/09/06 00:00:00,2024/09/07 08:19:14,Technical,Low,3.0
2684,3100,2024/04/15 00:00:00,2024/04/15 07:42:41,Billing,High,2.0
2685,4556,2024/07/18 00:00:00,2024/07/19 03:30:40,General,Medium,2.0
2686,4556,2024/07/12 00:00:00,2024/07/12 17:13:22,Billing,Low,3.0
2687,3041,2024/11/19 00:00:00,2024/11/19 05:58:49,General,Medium,1.0
2688,3041,2024/05/29 00:00:00,2024/05/30 15:12:15,General,Low,5.0
2689,3419,2024/11/24 00:00:00,2024/11/24 05:05:31,Technical,Low,4.0
2690,3419,2024/04/13 00:00:00,2024/04/13 11:23:19,Billing,High,2.0
2691,3419,2024/09/19 00:00:00,2024/09/19 11:35:38,Billing,Medium,
2692,3419,2024/08/11 00:00:00,2024/08/11 00:12:25,Billing,Medium,3.0
2693,456,2024/02/29 00:00:00,2024/02/29 18:46:52,Technical,Low,
2694,456,2024/04/27 00:00:00,,Technical,Medium,
2695,456,2024/06/28 00:00:00,2024/06/28 11:13:45,Technical,Medium,
2696,456,2024/09/26 00:00:00,2024/09/26 22:34:52,General,Medium,4.0
2697,4240,2024/08/20 00:00:00,2024/08/21 10:21:41,General,Medium,
2698,2839,2024/11/24 00:00:00,2024/11/24 09:20:41,Technical,High,5.0
2699,4997,2024/07/24 00:00:00,2024/07/24 09:06:28,Technical,Low,4.0
2700,3854,2024/08/05 00:00:00,2024/08/05 06:31:40,General,Low,
2701,3854,2024/06/18 00:00:00,2024/06/18 04:45:57,Billing,Medium,4.0
2702,3854,2024/07/18 00:00:00,2024/07/18 14:02:41,General,Low,4.0
2703,1703,2024/06/11 00:00:00,2024/06/12 04:23:16,Technical,Low,5.0
2704,1703,2024/05/24 00:00:00,,Billing,Medium,
2705,1703,2024/01/30 00:00:00,2024/01/31 08:15:32,General,High,4.0
2706,4260,2024/11/19 00:00:00,2024/11/22 10:00:19,Technical,Low,4.0
2707,1349,2024/11/05 00:00:00,2024/11/05 06:44:11,Billing,Low,4.0
2708,1349,2024/04/21 00:00:00,2024/04/21 12:29:14,Billing,High,1.0
2709,1349,2024/10/28 00:00:00,2024/10/28 09:04:46,Technical,Low,4.0
2710,1349,2024/02/11 00:00:00,2024/02/11 22:20:50,Technical,High,3.0
2711,1349,2024/03/24 00:00:00,,Technical,Medium,
2712,2846,2024/06/24 00:00:00,2024/06/25 06:48:29,Technical,Low,5.0
2713,2846,2024/07/15 00:00:00,2024/07/17 21:58:22,Technical,High,
2714,2846,2024/01/12 00:00:00,2024/01/12 11:30:31,Billing,Low,5.0
2715,2846,2024/10/27 00:00:00,2024/10/27 23:58:43,Technical,Low,
2716,2846,2024/10/01 00:00:00,,Technical,High,
2717,4485,2024/06/08 00:00:00,,Technical,Medium,
2718,4485,2024/03/26 00:00:00,2024/03/26 00:56:48,Billing,Medium,5.0
2719,4485,2024/10/20 00:00:00,2024/10/20 14:07:46,Billing,Medium,4.0
2720,4485,2024/06/08 00:00:00,2024/06/08 08:36:28,Technical,Low,3.0
2721,3681,2024/11/09 00:00:00,,Billing,Medium,
2722,3681,2024/10/18 00:00:00,,Billing,Medium,
2723,3681,2024/10/19 00:00:00,2024/10/19 05:42:31,General,Low,4.0
2724,2034,2024/07/27 00:00:00,2024/07/28 16:08:05,Technical,Low,4.0
2725,1683,2024/01/19 00:00:00,2024/01/19 06:09:05,Technical,Low,5.0
2726,1683,2024/03/16 00:00:00,2024/03/16 05:30:21,Billing,High,4.0
2727,1683,2024/06/15 00:00:00,2024/06/15 11:18:49,General,Low,
2728,1683,2024/07/16 00:00:00,2024/07/16 06:51:45,Billing,Medium,
2729,1683,2024/10/10 00:00:00,2024/10/10 17:24:52,Technical,Low,4.0
2730,2804,2024/04/21 00:00:00,2024/04/22 07:00:06,General,Medium,
2731,2804,2024/07/25 00:00:00,2024/07/25 19:38:01,Technical,Medium,
2732,2804,2024/09/04 00:00:00,2024/09/04 05:34:43,Technical,Medium,
2733,2777,2024/08/19 00:00:00,2024/08/19 02:15:04,General,Low,3.0
2734,2777,2024/11/19 00:00:00,2024/11/21 01:12:02,Technical,Low,3.0
2735,2777,2024/04/24 00:00:00,2024/04/24 12:31:42,Billing,High,3.0
2736,3788,2024/10/23 00:00:00,,Technical,Medium,
2737,3788,2024/10/13 00:00:00,2024/10/13 06:25:19,General,Low,5.0
2738,3788,2024/02/21 00:00:00,2024/02/21 04:33:32,Technical,Medium,4.0
2739,3788,2024/07/07 00:00:00,2024/07/07 14:11:09,Technical,Medium,5.0
2740,3788,2024/08/23 00:00:00,2024/08/23 05:33:59,Billing,Low,5.0
2741,3744,2024/03/03 00:00:00,2024/03/03 12:08:52,Technical,Low,5.0
2742,2064,2024/06/05 00:00:00,2024/06/06 09:42:11,General,High,3.0
2743,2064,2024/04/26 00:00:00,,General,Medium,
2744,2064,2024/01/03 00:00:00,2024/01/03 18:23:26,General,Low,
2745,2064,2024/07/01 00:00:00,2024/07/01 10:37:03,Billing,Low,
2746,2064,2024/03/26 00:00:00,,Technical,Low,
2747,1276,2024/09/09 00:00:00,2024/09/09 10:41:38,Technical,Medium,4.0
2748,1276,2024/08/26 00:00:00,2024/08/26 07:00:35,Technical,Low,
2749,1276,2024/06/10 00:00:00,2024/06/10 08:42:09,Technical,High,
2750,3690,2024/06/24 00:00:00,2024/06/25 10:16:22,General,High,3.0
2751,3690,2024/02/27 00:00:00,2024/02/27 08:24:06,Billing,Medium,4.0
2752,3690,2024/03/08 00:00:00,2024/03/08 18:30:29,Technical,High,5.0
2753,4973,2024/04/30 00:00:00,2024/04/30 20:18:42,Billing,Low,
2754,4973,2024/12/12 00:00:00,2024/12/13 09:45:42,Technical,Low,5.0
2755,2351,2024/06/25 00:00:00,2024/06/25 09:22:26,Billing,Low,4.0
2756,2351,2024/08/26 00:00:00,2024/08/26 00:58:49,Billing,Medium,
2757,1080,2024/09/20 00:00:00,2024/09/20 13:44:29,General,Low,3.0
2758,3199,2024/10/20 00:00:00,2024/10/20 07:53:00,General,Low,
2759,3199,2024/10/20 00:00:00,2024/10/20 06:43:35,General,Medium,
2760,426,2024/08/03 00:00:00,2024/08/05 01:31:47,Technical,Low,
2761,426,2024/08/27 00:00:00,2024/08/28 18:06:04,Billing,Low,4.0
2762,426,2024/03/17 00:00:00,2024/03/17 23:41:01,Technical,Medium,5.0
2763,2863,2024/06/03 00:00:00,2024/06/03 11:17:07,Technical,Medium,5.0
2764,2863,2024/08/22 00:00:00,,Technical,Medium,
2765,2863,2024/02/24 00:00:00,,Technical,Low,
2766,3657,2024/02/02 00:00:00,2024/02/02 18:12:01,Technical,Medium,3.0
2767,3364,2024/04/04 00:00:00,2024/04/04 06:16:39,Technical,Medium,
2768,3163,2024/12/17 00:00:00,2024/12/17 21:25:24,Billing,Low,5.0
2769,3163,2024/05/23 00:00:00,2024/05/23 13:44:08,Technical,Low,5.0
2770,4265,2024/07/30 00:00:00,2024/07/30 16:32:57,Billing,High,1.0
2771,4265,2024/10/29 00:00:00,,Technical,High,
2772,1138,2024/09/09 00:00:00,2024/09/10 22:35:21,Technical,Medium,3.0
2773,655,2024/02/10 00:00:00,,Billing,Low,
2774,655,2024/05/24 00:00:00,2024/05/24 03:15:07,Technical,High,2.0
2775,655,2024/02/13 00:00:00,2024/02/13 21:03:39,General,Low,4.0
2776,655,2024/12/18 00:00:00,2024/12/19 05:16:01,Technical,Medium,5.0
2777,2247,2024/03/17 00:00:00,2024/03/17 08:13:53,Technical,Low,4.0
2778,2247,2024/11/03 00:00:00,,Billing,Low,
2779,2333,2024/06/15 00:00:00,2024/06/15 01:58:53,Technical,Low,5.0
2780,2333,2024/09/22 00:00:00,2024/09/23 06:09:12,General,Low,4.0
2781,2333,2024/06/09 00:00:00,2024/06/10 03:35:36,General,Low,
2782,2333,2024/06/02 00:00:00,,Billing,Medium,
2783,2333,2024/03/16 00:00:00,,Technical,Low,
2784,318,2024/03/10 00:00:00,2024/03/11 06:56:21,Technical,High,3.0
2785,318,2024/09/09 00:00:00,2024/09/09 09:32:42,Billing,Medium,
2786,318,2024/12/20 00:00:00,,Billing,High,
2787,318,2024/05/21 00:00:00,2024/05/21 23:31:48,Billing,Medium,
2788,4864,2024/05/29 00:00:00,2024/05/29 12:37:59,Billing,Medium,
2789,4864,2024/01/27 00:00:00,,Technical,Medium,
2790,4864,2024/03/31 00:00:00,,Billing,Medium,
2791,4864,2024/12/07 00:00:00,2024/12/07 02:41:07,Technical,High,
2792,3957,2024/06/13 00:00:00,2024/06/13 06:50:52,Technical,Low,
2793,3957,2024/02/19 00:00:00,2024/02/19 20:53:30,General,High,
2794,4697,2024/01/29 00:00:00,2024/01/29 07:10:28,Technical,High,
2795,4697,2024/01/13 00:00:00,2024/01/13 20:17:44,Technical,Medium,
2796,4697,2024/06/07 00:00:00,2024/06/07 15:05:15,Technical,Low,
2797,418,2024/07/15 00:00:00,2024/07/15 06:37:25,Billing,Low,5.0
2798,418,2024/04/19 00:00:00,2024/04/20 15:22:18,Technical,Low,5.0
2799,418,2024/12/05 00:00:00,2024/12/05 06:53:57,Technical,High,2.0
2800,418,2024/08/21 00:00:00,,Technical,Medium,
2801,4832,2024/04/09 00:00:00,2024/04/09 20:50:45,Billing,High,
2802,4832,2024/06/06 00:00:00,2024/06/06 17:02:58,General,Medium,5.0
2803,4832,2024/07/18 00:00:00,,Billing,Medium,
2804,4832,2024/10/12 00:00:00,2024/10/12 18:21:35,Billing,Medium,
2805,4832,2024/11/23 00:00:00,2024/11/23 12:15:05,Technical,Medium,4.0
2806,120,2024/02/08 00:00:00,2024/02/08 07:34:21,General,Low,4.0
2807,120,2024/01/27 00:00:00,2024/01/27 08:15:45,Technical,Low,3.0
2808,120,2024/10/09 00:00:00,2024/10/09 17:15:31,Technical,Medium,
2809,1401,2024/07/16 00:00:00,2024/07/17 19:26:28,Technical,Low,
2810,885,2024/02/16 00:00:00,,General,Medium,
2811,885,2024/12/09 00:00:00,2024/12/09 21:09:47,Billing,Low,
2812,885,2024/08/18 00:00:00,,Technical,Medium,
2813,885,2024/06/24 00:00:00,2024/06/24 08:58:52,Technical,High,5.0
2814,651,2024/10/17 00:00:00,2024/10/17 10:28:57,Technical,High,2.0
2815,651,2024/04/21 00:00:00,2024/04/21 06:06:22,General,High,4.0
2816,651,2024/12/19 00:00:00,2024/12/19 13:18:54,Billing,Medium,
2817,651,2024/04/21 00:00:00,2024/04/21 21:44:18,Billing,Medium,
2818,3144,2024/02/13 00:00:00,2024/02/13 10:50:02,Technical,Low,
2819,4878,2024/02/20 00:00:00,,Billing,Low,
2820,4878,2024/11/05 00:00:00,,Billing,High,
2821,4878,2024/09/14 00:00:00,2024/09/14 10:42:14,General,High,4.0
2822,4058,2024/03/31 00:00:00,,Billing,Medium,
2823,4786,2024/01/22 00:00:00,2024/01/22 20:31:31,Billing,Low,
2824,4786,2024/10/30 00:00:00,2024/10/30 07:45:06,Billing,Medium,4.0
2825,4290,2024/10/30 00:00:00,2024/10/30 07:41:47,General,Medium,4.0
2826,4290,2024/06/14 00:00:00,2024/06/14 07:12:56,Billing,Low,
2827,2657,2024/02/05 00:00:00,2024/02/05 23:47:50,Billing,High,5.0
2828,2657,2024/01/03 00:00:00,2024/01/03 08:18:23,General,Low,
2829,2657,2024/09/30 00:00:00,2024/09/30 08:48:31,Technical,Low,4.0
2830,2589,2024/07/28 00:00:00,2024/07/28 09:01:27,Billing,Medium,
2831,2589,2024/11/03 00:00:00,2024/11/03 20:58:19,Technical,High,
2832,2589,2024/12/27 00:00:00,2024/12/27 20:28:51,Technical,Medium,5.0
2833,2589,2024/04/03 00:00:00,,Billing,Medium,
2834,3555,2024/02/06 00:00:00,2024/02/06 01:13:54,Billing,Low,
2835,3555,2024/11/11 00:00:00,2024/11/11 03:24:54,Technical,Medium,
2836,3555,2024/07/08 00:00:00,,Technical,Low,
2837,3555,2024/09/27 00:00:00,2024/09/27 05:38:20,General,Low,4.0
2838,2261,2024/12/28 00:00:00,2024/12/29 04:55:59,Billing,Low,
2839,2261,2024/01/14 00:00:00,,General,Low,
2840,2261,2024/08/28 00:00:00,2024/08/28 10:26:39,Technical,Low,
2841,2261,2024/03/15 00:00:00,2024/03/15 05:41:21,General,Medium,
2842,4313,2024/03/18 00:00:00,,Billing,Low,
2843,3593,2024/11/13 00:00:00,2024/11/14 18:30:56,Technical,High,3.0
2844,3593,2024/09/14 00:00:00,2024/09/14 09:49:33,Technical,Low,2.0
2845,3593,2024/05/15 00:00:00,2024/05/16 03:32:19,Billing,High,
2846,3593,2024/02/19 00:00:00,,Technical,Low,
2847,2899,2024/10/21 00:00:00,2024/10/21 05:49:46,General,Medium,4.0
2848,2899,2024/09/22 00:00:00,,Technical,Low,
2849,2899,2024/05/17 00:00:00,2024/05/17 07:43:46,Billing,High,
2850,2899,2024/02/24 00:00:00,,Technical,Low,
2851,1469,2024/05/05 00:00:00,2024/05/05 06:12:14,Billing,Low,5.0
2852,4499,2024/02/10 00:00:00,,Technical,High,
2853,4499,2024/03/04 00:00:00,2024/03/04 14:05:01,Technical,Low,5.0
2854,2477,2024/12/06 00:00:00,2024/12/06 13:29:55,General,Medium,5.0
2855,2477,2024/08/05 00:00:00,2024/08/05 11:42:49,Technical,Low,
2856,448,2024/01/16 00:00:00,2024/01/16 06:44:44,Billing,Medium,
2857,448,2024/02/14 00:00:00,2024/02/14 17:30:23,Technical,Medium,
2858,4477,2024/06/25 00:00:00,2024/06/25 13:00:45,Technical,Low,4.0
2859,3165,2024/08/30 00:00:00,2024/08/31 14:48:53,Technical,Medium,5.0
2860,3165,2024/05/28 00:00:00,2024/05/28 20:46:03,Billing,Low,3.0
2861,3165,2024/02/29 00:00:00,2024/02/29 23:56:53,Technical,Medium,
2862,3165,2024/05/04 00:00:00,2024/05/04 06:47:44,Billing,Medium,
2863,3165,2024/01/28 00:00:00,2024/01/28 17:37:53,Billing,Low,
2864,3924,2024/09/01 00:00:00,2024/09/01 16:54:15,Billing,Medium,2.0
2865,3924,2024/02/25 00:00:00,2024/02/25 08:34:34,Billing,Medium,5.0
2866,1667,2024/07/08 00:00:00,,General,Medium,
2867,1667,2024/02/12 00:00:00,2024/02/12 19:51:20,General,Medium,4.0
2868,1667,2024/01/13 00:00:00,2024/01/13 11:26:39,Billing,Medium,5.0
2869,1667,2024/02/28 00:00:00,,Technical,Low,
2870,1667,2024/12/04 00:00:00,2024/12/04 17:50:42,Billing,Low,
2871,2500,2024/09/09 00:00:00,2024/09/09 00:44:31,Technical,Low,4.0
2872,2500,2024/05/28 00:00:00,,Technical,Low,
2873,2500,2024/06/22 00:00:00,2024/06/22 11:42:26,Technical,Low,
2874,2500,2024/04/13 00:00:00,2024/04/13 21:22:49,Technical,Medium,
2875,2086,2024/03/02 00:00:00,2024/03/02 00:51:36,Billing,Medium,
2876,2086,2024/11/07 00:00:00,2024/11/07 15:50:03,Technical,Low,
2877,2086,2024/02/01 00:00:00,2024/02/03 13:25:20,Technical,High,
2878,2086,2024/02/27 00:00:00,,Technical,Medium,
2879,3011,2024/10/28 00:00:00,2024/10/29 00:22:23,Technical,Medium,2.0
2880,3011,2024/05/05 00:00:00,2024/05/05 14:39:02,Technical,High,5.0
2881,1911,2024/04/29 00:00:00,2024/04/29 22:41:33,Billing,Medium,
2882,1911,2024/09/16 00:00:00,2024/09/16 02:22:44,General,Low,
2883,1911,2024/10/11 00:00:00,2024/10/11 09:17:05,Technical,High,2.0
2884,4855,2024/09/16 00:00:00,2024/09/16 10:36:13,Billing,Low,5.0
2885,1565,2024/08/08 00:00:00,2024/08/08 11:30:51,Technical,Low,5.0
2886,1565,2024/03/04 00:00:00,2024/03/04 03:45:49,Technical,Medium,
2887,1565,2024/08/21 00:00:00,2024/08/21 10:13:09,General,Low,5.0
2888,1565,2024/03/14 00:00:00,2024/03/14 20:14:51,Billing,High,
2889,3367,2024/07/24 00:00:00,2024/07/24 07:22:47,Billing,Medium,
2890,3367,2024/04/12 00:00:00,2024/04/12 09:22:07,Technical,Medium,2.0
2891,3367,2024/05/09 00:00:00,2024/05/09 11:23:12,General,Low,5.0
2892,3367,2024/06/30 00:00:00,2024/06/30 15:37:07,Technical,Low,5.0
2893,1730,2024/09/03 00:00:00,2024/09/03 15:03:22,Billing,Low,4.0
2894,1730,2024/11/01 00:00:00,2024/11/02 09:31:05,Billing,High,4.0
2895,1730,2024/10/12 00:00:00,2024/10/13 01:06:09,Technical,Medium,4.0
2896,1730,2024/04/03 00:00:00,2024/04/03 21:34:30,Billing,Low,
2897,1730,2024/09/15 00:00:00,2024/09/15 15:40:06,General,Medium,
2898,2026,2024/11/23 00:00:00,,Billing,Low,
2899,2026,2024/01/19 00:00:00,2024/01/19 20:28:20,Billing,Low,5.0
2900,2026,2024/03/09 00:00:00,2024/03/09 17:32:31,Billing,Low,
2901,2026,2024/10/16 00:00:00,2024/10/16 20:59:22,Billing,Low,5.0
2902,2026,2024/09/15 00:00:00,2024/09/17 04:19:38,Technical,Low,3.0
2903,4215,2024/12/06 00:00:00,,Technical,Low,
2904,4215,2024/01/26 00:00:00,2024/01/26 05:28:26,Technical,Low,1.0
2905,3883,2024/12/21 00:00:00,2024/12/22 20:57:52,General,High,
2906,3883,2024/11/09 00:00:00,2024/11/09 15:16:14,Technical,High,
2907,2607,2024/10/17 00:00:00,2024/10/18 05:32:25,Technical,Low,
2908,2607,2024/06/07 00:00:00,2024/06/07 10:24:04,General,Medium,2.0
2909,2607,2024/05/03 00:00:00,,Billing,Low,
2910,2607,2024/05/22 00:00:00,,Technical,Low,
2911,2590,2024/12/04 00:00:00,2024/12/04 15:13:58,Technical,Medium,
2912,2975,2024/04/20 00:00:00,2024/04/21 01:10:28,Billing,Low,4.0
2913,4329,2024/06/05 00:00:00,2024/06/05 18:21:41,Technical,Medium,5.0
2914,4329,2024/09/18 00:00:00,2024/09/18 10:09:35,Billing,Low,
2915,4329,2024/03/29 00:00:00,2024/03/29 15:34:52,General,High,
2916,3067,2024/08/04 00:00:00,2024/08/04 08:05:05,Technical,Medium,3.0
2917,3622,2024/03/07 00:00:00,,Billing,Medium,
2918,3622,2024/09/16 00:00:00,2024/09/17 09:04:55,Technical,Low,4.0
2919,3622,2024/06/14 00:00:00,2024/06/14 15:17:45,Technical,High,
2920,3622,2024/05/01 00:00:00,2024/05/01 06:28:45,Billing,Medium,
2921,1440,2024/03/24 00:00:00,2024/03/24 09:27:10,Billing,Medium,
2922,1440,2024/09/26 00:00:00,2024/09/26 12:06:54,Technical,Medium,5.0
2923,1501,2024/09/28 00:00:00,2024/09/28 05:49:32,Billing,High,1.0
2924,1501,2024/03/01 00:00:00,2024/03/01 10:54:55,Billing,High,4.0
2925,1501,2024/06/10 00:00:00,,Technical,Low,
2926,1798,2024/02/20 00:00:00,2024/02/20 12:58:54,Technical,Medium,
2927,1798,2024/04/20 00:00:00,2024/04/20 01:42:42,Billing,Low,4.0
2928,1798,2024/06/27 00:00:00,2024/06/27 22:40:06,Billing,Medium,3.0
2929,3517,2024/12/02 00:00:00,2024/12/02 08:07:33,Billing,High,
2930,3517,2024/05/15 00:00:00,2024/05/16 01:39:02,Technical,Medium,5.0
2931,3517,2024/02/08 00:00:00,2024/02/08 23:33:10,General,Medium,5.0
2932,3517,2024/03/02 00:00:00,2024/03/03 01:11:15,General,Low,
2933,1419,2024/06/05 00:00:00,2024/06/06 16:19:14,Technical,Low,4.0
2934,1419,2024/11/24 00:00:00,2024/11/24 15:29:50,Technical,High,1.0
2935,1419,2024/12/21 00:00:00,2024/12/22 11:26:06,Billing,Low,5.0
2936,1419,2024/05/06 00:00:00,2024/05/06 04:57:40,General,Medium,3.0
2937,4267,2024/07/04 00:00:00,,Technical,Low,
2938,4267,2024/06/20 00:00:00,,General,Medium,
2939,143,2024/03/01 00:00:00,,Technical,Low,
2940,143,2024/01/05 00:00:00,2024/01/06 00:49:33,Technical,Low,
2941,143,2024/07/13 00:00:00,2024/07/13 02:49:01,Technical,Medium,
2942,247,2024/08/12 00:00:00,2024/08/12 05:31:32,Technical,Medium,
2943,247,2024/10/21 00:00:00,2024/10/21 03:03:00,Technical,Low,4.0
2944,247,2024/09/18 00:00:00,2024/09/18 05:28:35,Technical,High,3.0
2945,3965,2024/07/09 00:00:00,2024/07/10 01:39:23,Billing,Low,5.0
2946,3965,2024/12/28 00:00:00,2024/12/28 13:16:43,General,Low,5.0
2947,3965,2024/08/12 00:00:00,,Technical,Medium,
2948,3965,2024/09/25 00:00:00,2024/09/25 14:19:15,Technical,Low,
2949,3965,2024/04/24 00:00:00,,Technical,Low,
2950,3505,2024/07/20 00:00:00,2024/07/20 05:29:23,General,Low,5.0
2951,3505,2024/12/28 00:00:00,2024/12/28 01:29:08,General,Low,
2952,3505,2024/05/19 00:00:00,,Technical,Medium,
2953,3659,2024/06/23 00:00:00,2024/06/24 09:20:31,General,Low,
2954,3659,2024/10/18 00:00:00,2024/10/18 13:13:44,Technical,High,
2955,3659,2024/11/17 00:00:00,,General,Low,
2956,3659,2024/12/26 00:00:00,2024/12/26 09:44:48,General,Low,4.0
2957,3659,2024/10/19 00:00:00,2024/10/19 13:36:06,Technical,Low,
2958,1640,2024/03/11 00:00:00,2024/03/11 09:47:07,Technical,Medium,4.0
2959,1640,2024/01/20 00:00:00,2024/01/20 13:59:02,Technical,Low,4.0
2960,3468,2024/10/01 00:00:00,2024/10/01 14:03:58,Technical,Low,
2961,3468,2024/12/17 00:00:00,2024/12/17 07:17:38,Technical,Low,4.0
2962,3468,2024/01/25 00:00:00,2024/01/25 13:24:26,Technical,Low,
2963,3468,2024/09/03 00:00:00,2024/09/03 17:34:27,Technical,Medium,
2964,3468,2024/02/19 00:00:00,2024/02/19 17:19:15,Technical,Medium,3.0
2965,4790,2024/08/28 00:00:00,,Billing,Low,
2966,1466,2024/02/10 00:00:00,2024/02/10 14:08:05,Technical,Medium,
2967,1466,2024/11/08 00:00:00,2024/11/08 17:31:41,Technical,Low,
2968,1466,2024/03/01 00:00:00,2024/03/01 08:03:43,Technical,Medium,5.0
2969,1466,2024/06/13 00:00:00,2024/06/14 16:40:35,Technical,Medium,
2970,1466,2024/08/27 00:00:00,2024/08/27 03:46:57,Technical,Medium,
2971,339,2024/03/27 00:00:00,2024/03/27 11:43:03,Technical,Low,5.0
2972,339,2024/11/21 00:00:00,2024/11/21 06:15:44,Technical,Low,
2973,339,2024/02/13 00:00:00,2024/02/13 13:35:50,Technical,Medium,4.0
2974,339,2024/07/13 00:00:00,2024/07/13 06:14:57,Technical,High,
2975,3034,2024/01/12 00:00:00,2024/01/12 12:51:28,Billing,Low,5.0
2976,3034,2024/01/12 00:00:00,2024/01/12 16:33:58,Technical,Medium,4.0
2977,3034,2024/09/16 00:00:00,,Billing,Medium,
2978,2727,2024/02/10 00:00:00,2024/02/10 11:23:59,Technical,Low,5.0
2979,2727,2024/01/21 00:00:00,2024/01/21 11:24:30,Billing,Low,
2980,2727,2024/11/15 00:00:00,,Technical,Medium,
2981,3912,2024/07/17 00:00:00,2024/07/17 13:04:21,General,Low,5.0
2982,3912,2024/09/05 00:00:00,2024/09/06 12:51:41,Technical,High,
2983,2379,2024/08/17 00:00:00,,Billing,High,
2984,2379,2024/05/22 00:00:00,2024/05/22 01:42:43,General,Low,5.0
2985,2379,2024/05/03 00:00:00,2024/05/03 09:57:07,Technical,Medium,5.0
2986,2379,2024/08/22 00:00:00,,Billing,Low,
2987,4538,2024/08/07 00:00:00,2024/08/07 20:12:19,Billing,Low,
2988,4538,2024/02/28 00:00:00,2024/02/28 10:28:46,Technical,Medium,1.0
2989,2248,2024/02/19 00:00:00,2024/02/19 13:13:04,General,Low,
2990,2248,2024/03/20 00:00:00,2024/03/20 11:44:56,Technical,Low,5.0
2991,2248,2024/02/19 00:00:00,,Technical,Medium,
2992,2248,2024/02/21 00:00:00,2024/02/21 06:36:20,Technical,Medium,
2993,4132,2024/06/29 00:00:00,,General,Low,
2994,4132,2024/08/15 00:00:00,,General,Low,
2995,3609,2024/01/30 00:00:00,2024/01/30 08:33:33,Technical,Medium,
2996,3609,2024/05/11 00:00:00,2024/05/11 08:35:21,Billing,Low,4.0
2997,3088,2024/02/29 00:00:00,2024/02/29 22:59:21,Technical,Medium,
2998,1016,2024/08/15 00:00:00,2024/08/17 04:31:42,Technical,Low,3.0
2999,1016,2024/12/13 00:00:00,,Technical,High,
3000,1016,2024/04/04 00:00:00,,General,High,
3001,2524,2024/07/29 00:00:00,,Billing,Low,
3002,2524,2024/10/11 00:00:00,,Billing,High,
3003,2524,2024/11/15 00:00:00,2024/11/15 23:06:07,Technical,Medium,
3004,2524,2024/02/03 00:00:00,2024/02/04 13:45:18,Technical,Medium,3.0
3005,3703,2024/05/08 00:00:00,2024/05/08 06:46:19,Billing,Medium,4.0
3006,3703,2024/04/07 00:00:00,,General,Low,
3007,3703,2024/05/04 00:00:00,2024/05/04 06:35:36,Technical,Low,5.0
3008,601,2024/01/29 00:00:00,2024/01/29 00:22:18,Technical,High,
3009,601,2024/06/24 00:00:00,,Technical,Medium,
3010,601,2024/08/30 00:00:00,2024/08/30 09:30:00,Technical,Low,
3011,601,2024/09/27 00:00:00,2024/09/28 11:16:46,Billing,Low,
3012,3844,2024/09/06 00:00:00,2024/09/06 14:55:19,Technical,Medium,
3013,3844,2024/09/15 00:00:00,2024/09/16 06:43:16,General,Medium,
3014,3844,2024/04/14 00:00:00,2024/04/14 09:38:21,Billing,Medium,3.0
3015,3844,2024/05/11 00:00:00,2024/05/11 23:59:22,Billing,Medium,5.0
3016,2977,2024/01/30 00:00:00,2024/01/30 09:54:59,Technical,Low,5.0
3017,2977,2024/08/18 00:00:00,,Technical,Low,
3018,2977,2024/06/21 00:00:00,,General,Low,
3019,2977,2024/10/18 00:00:00,2024/10/18 16:20:21,Billing,Low,
3020,2977,2024/09/18 00:00:00,2024/09/18 15:21:44,Billing,Low,4.0
3021,955,2024/03/26 00:00:00,2024/03/26 14:48:38,Technical,Low,4.0
3022,955,2024/06/14 00:00:00,2024/06/14 09:51:03,Technical,Medium,5.0
3023,4082,2024/01/07 00:00:00,2024/01/08 06:48:28,Technical,Medium,4.0
3024,4082,2024/09/24 00:00:00,2024/09/24 21:08:05,Technical,Low,
3025,3653,2024/03/29 00:00:00,2024/03/29 16:37:09,Technical,Low,
3026,3653,2024/07/30 00:00:00,2024/07/30 23:20:07,Technical,Low,
3027,2699,2024/09/04 00:00:00,2024/09/04 03:09:39,General,Low,
3028,2699,2024/09/26 00:00:00,2024/09/27 08:03:07,Technical,Low,5.0
3029,2699,2024/01/15 00:00:00,,Technical,High,
3030,594,2024/12/03 00:00:00,,General,Low,
3031,594,2024/11/30 00:00:00,,Billing,Low,
3032,1422,2024/05/02 00:00:00,2024/05/02 09:13:11,Billing,Medium,5.0
3033,415,2024/08/27 00:00:00,,Technical,High,
3034,415,2024/10/15 00:00:00,2024/10/15 11:14:12,General,Low,
3035,415,2024/03/15 00:00:00,,Technical,Medium,
3036,415,2024/03/25 00:00:00,,Technical,Medium,
3037,1843,2024/02/13 00:00:00,2024/02/13 14:11:26,Billing,High,3.0
3038,1843,2024/01/24 00:00:00,2024/01/24 04:39:19,Technical,Low,
3039,1843,2024/07/15 00:00:00,2024/07/15 13:27:00,Technical,Medium,
3040,3683,2024/07/18 00:00:00,2024/07/19 09:10:42,Technical,Low,5.0
3041,3683,2024/09/22 00:00:00,2024/09/22 11:33:24,Billing,Low,
3042,3683,2024/09/09 00:00:00,2024/09/09 16:28:40,Technical,Low,5.0
3043,3683,2024/08/09 00:00:00,2024/08/09 06:59:22,Technical,Medium,5.0
3044,3683,2024/10/10 00:00:00,2024/10/10 05:58:38,General,Low,1.0
3045,2446,2024/10/09 00:00:00,2024/10/10 15:53:00,General,Low,5.0
3046,2446,2024/07/17 00:00:00,2024/07/18 11:11:30,General,Low,
3047,2446,2024/01/10 00:00:00,2024/01/10 14:46:31,Billing,Low,5.0
3048,2446,2024/08/19 00:00:00,,General,Medium,
3049,3327,2024/09/16 00:00:00,2024/09/16 21:58:06,General,Medium,3.0
3050,3327,2024/01/17 00:00:00,,Billing,Low,
3051,3327,2024/06/03 00:00:00,2024/06/04 04:37:32,Technical,Low,4.0
3052,3327,2024/07/10 00:00:00,2024/07/10 06:10:49,Billing,High,1.0
3053,3327,2024/09/19 00:00:00,,General,Medium,
3054,2877,2024/04/09 00:00:00,2024/04/09 10:52:21,Technical,Medium,4.0
3055,2877,2024/09/13 00:00:00,2024/09/14 00:07:06,General,Low,
3056,2877,2024/12/19 00:00:00,2024/12/19 20:52:30,Technical,Medium,3.0
3057,3101,2024/08/10 00:00:00,2024/08/10 19:37:03,General,Low,
3058,3101,2024/05/30 00:00:00,2024/05/30 05:06:11,Technical,Low,5.0
3059,3101,2024/01/14 00:00:00,,Technical,Medium,
3060,3715,2024/12/30 00:00:00,,Technical,Medium,
3061,1217,2024/11/08 00:00:00,2024/11/09 07:59:13,General,Medium,
3062,1217,2024/04/16 00:00:00,2024/04/17 03:40:54,Technical,High,
3063,1217,2024/10/13 00:00:00,2024/10/13 13:57:02,Technical,Low,5.0
3064,1217,2024/06/21 00:00:00,2024/06/21 02:36:53,Technical,Medium,4.0
3065,2427,2024/08/11 00:00:00,2024/08/11 17:35:12,Billing,Medium,
3066,2427,2024/09/16 00:00:00,2024/09/16 22:44:56,Technical,Low,5.0
3067,2427,2024/08/25 00:00:00,2024/08/25 02:19:14,Technical,Low,5.0
3068,2427,2024/05/26 00:00:00,2024/05/27 01:53:01,Billing,Low,4.0
3069,2427,2024/05/09 00:00:00,2024/05/10 07:11:53,Technical,Low,5.0
3070,3052,2024/05/10 00:00:00,2024/05/10 07:48:15,General,Low,5.0
3071,3052,2024/11/30 00:00:00,2024/11/30 13:10:56,Billing,Low,5.0
3072,3052,2024/12/20 00:00:00,2024/12/21 00:25:43,Billing,Medium,4.0
3073,3052,2024/02/07 00:00:00,2024/02/07 19:11:33,Technical,Low,5.0
3074,3052,2024/05/19 00:00:00,2024/05/20 16:04:46,Billing,Medium,3.0
3075,1790,2024/09/12 00:00:00,2024/09/12 19:35:35,General,High,3.0
3076,1790,2024/06/19 00:00:00,,Technical,Low,
3077,1790,2024/08/05 00:00:00,2024/08/05 17:29:54,Technical,Low,5.0
3078,662,2024/04/16 00:00:00,2024/04/16 10:01:48,Billing,Medium,
3079,3623,2024/10/14 00:00:00,2024/10/14 15:48:10,Technical,High,
3080,3623,2024/05/09 00:00:00,2024/05/09 09:11:04,Billing,Low,3.0
3081,3623,2024/05/09 00:00:00,2024/05/10 16:36:51,Technical,Low,3.0
3082,3623,2024/06/30 00:00:00,2024/07/01 08:43:45,General,Medium,4.0
3083,3623,2024/05/26 00:00:00,2024/05/26 00:43:23,Technical,Low,4.0
3084,4646,2024/04/26 00:00:00,,Technical,Medium,
3085,4646,2024/01/13 00:00:00,2024/01/14 02:17:24,Technical,Medium,
3086,4646,2024/06/23 00:00:00,2024/06/23 07:02:18,Technical,Low,
3087,4646,2024/10/03 00:00:00,2024/10/03 13:19:59,Technical,Medium,2.0
3088,4646,2024/03/11 00:00:00,2024/03/11 18:45:45,Technical,Medium,
3089,1536,2024/09/18 00:00:00,2024/09/19 20:22:47,General,Low,
3090,1536,2024/02/15 00:00:00,2024/02/15 10:41:30,Billing,Medium,
3091,1536,2024/06/29 00:00:00,2024/06/29 00:54:40,Technical,Medium,
3092,1536,2024/09/13 00:00:00,2024/09/13 13:14:48,Technical,High,4.0
3093,1536,2024/08/11 00:00:00,2024/08/11 16:02:09,Technical,Low,
3094,138,2024/04/12 00:00:00,2024/04/12 14:54:02,General,High,3.0
3095,1861,2024/11/30 00:00:00,2024/11/30 17:15:26,Billing,Medium,4.0
3096,1861,2024/10/14 00:00:00,2024/10/14 18:24:18,General,Low,2.0
3097,1861,2024/01/17 00:00:00,2024/01/18 00:06:38,Technical,High,3.0
3098,1704,2024/05/29 00:00:00,2024/05/29 18:43:20,General,Medium,4.0
3099,1704,2024/09/27 00:00:00,2024/09/27 12:02:24,Technical,Medium,3.0
3100,196,2024/06/13 00:00:00,,Technical,Low,
3101,1580,2024/06/22 00:00:00,2024/06/22 14:21:38,Technical,Medium,5.0
3102,1580,2024/07/27 00:00:00,,Billing,Low,
3103,4961,2024/10/08 00:00:00,2024/10/09 06:02:05,General,Low,
3104,4961,2024/06/19 00:00:00,2024/06/19 04:08:26,General,Medium,3.0
3105,4961,2024/06/11 00:00:00,2024/06/11 05:51:48,Billing,Low,3.0
3106,4961,2024/11/14 00:00:00,2024/11/14 11:17:30,Billing,Low,4.0
3107,4701,2024/11/16 00:00:00,2024/11/16 13:02:31,Billing,Medium,5.0
3108,4701,2024/04/21 00:00:00,2024/04/22 12:12:43,Billing,Low,5.0
3109,4701,2024/06/25 00:00:00,2024/06/26 18:20:48,Technical,Low,
3110,4701,2024/12/08 00:00:00,2024/12/08 09:27:49,Technical,Medium,4.0
3111,3581,2024/02/11 00:00:00,2024/02/11 13:16:04,Technical,Low,4.0
3112,3581,2024/08/26 00:00:00,,Technical,Medium,
3113,3581,2024/02/26 00:00:00,2024/02/26 20:31:30,Billing,Low,
3114,3581,2024/03/13 00:00:00,2024/03/13 02:13:54,General,High,
3115,2464,2024/06/04 00:00:00,2024/06/05 01:21:03,Billing,Medium,4.0
3116,2464,2024/11/17 00:00:00,2024/11/17 12:02:25,Technical,High,
3117,2464,2024/03/25 00:00:00,2024/03/25 16:22:48,Technical,Low,
3118,2464,2024/01/29 00:00:00,2024/01/29 17:03:12,Technical,Low,
3119,4737,2024/12/06 00:00:00,2024/12/08 00:09:36,Technical,High,
3120,4737,2024/02/29 00:00:00,,Technical,Medium,
3121,4737,2024/10/16 00:00:00,2024/10/16 17:18:44,General,High,1.0
3122,4359,2024/01/29 00:00:00,2024/01/29 22:31:47,General,Medium,
3123,4359,2024/11/15 00:00:00,,Technical,Low,
3124,1738,2024/10/01 00:00:00,2024/10/01 13:30:48,Technical,Low,3.0
3125,1738,2024/01/30 00:00:00,2024/01/30 09:30:48,Technical,Medium,
3126,1738,2024/09/04 00:00:00,2024/09/05 04:27:29,Billing,Medium,4.0
3127,1738,2024/04/20 00:00:00,2024/04/20 21:08:47,Billing,Medium,
3128,3950,2024/12/24 00:00:00,,Billing,Low,
3129,3950,2024/07/08 00:00:00,2024/07/08 01:18:57,Technical,Medium,
3130,3950,2024/09/19 00:00:00,2024/09/19 01:57:56,General,Medium,4.0
3131,3950,2024/10/26 00:00:00,2024/10/26 12:04:19,General,Low,
3132,3617,2024/09/16 00:00:00,2024/09/16 16:53:27,Technical,High,
3133,2583,2024/06/15 00:00:00,2024/06/15 10:21:22,Technical,Low,
3134,2583,2024/10/29 00:00:00,2024/10/30 11:18:31,General,Medium,
3135,2583,2024/03/16 00:00:00,,Technical,High,
3136,2583,2024/06/29 00:00:00,2024/06/29 04:18:15,General,Low,5.0
3137,2583,2024/09/07 00:00:00,2024/09/07 14:48:37,Technical,High,
3138,3273,2024/03/16 00:00:00,2024/03/16 11:25:22,Billing,Low,4.0
3139,163,2024/07/09 00:00:00,2024/07/09 08:54:32,Technical,Medium,4.0
3140,163,2024/06/25 00:00:00,,Technical,Low,
3141,163,2024/01/11 00:00:00,2024/01/11 16:16:59,Technical,Medium,2.0
3142,553,2024/06/21 00:00:00,2024/06/21 11:48:40,Technical,High,5.0
3143,553,2024/08/07 00:00:00,,Technical,Low,
3144,553,2024/05/05 00:00:00,2024/05/05 16:11:37,Billing,Low,
3145,605,2024/11/27 00:00:00,,General,Low,
3146,605,2024/08/28 00:00:00,,Technical,Low,
3147,4201,2024/12/01 00:00:00,2024/12/01 07:55:43,Billing,Medium,4.0
3148,4201,2024/03/10 00:00:00,2024/03/10 19:31:46,Technical,Low,
3149,4201,2024/10/04 00:00:00,2024/10/04 12:39:45,Technical,Medium,5.0
3150,4201,2024/07/04 00:00:00,2024/07/04 14:46:22,General,Medium,2.0
3151,2035,2024/12/15 00:00:00,,Billing,Medium,
3152,2035,2024/07/07 00:00:00,2024/07/08 00:15:27,Technical,Medium,
3153,829,2024/08/31 00:00:00,2024/08/31 05:39:10,Billing,Medium,
3154,2215,2024/08/02 00:00:00,,Billing,High,
3155,2215,2024/12/06 00:00:00,2024/12/06 10:03:53,Billing,Low,5.0
3156,2215,2024/03/05 00:00:00,,Billing,High,
3157,2215,2024/12/18 00:00:00,2024/12/18 16:38:29,Billing,Low,3.0
3158,4200,2024/11/01 00:00:00,2024/11/01 13:54:45,Technical,Low,
3159,4703,2024/02/08 00:00:00,2024/02/08 03:42:25,Billing,High,
3160,4703,2024/12/23 00:00:00,2024/12/23 12:19:24,Technical,Medium,4.0
3161,4703,2024/04/29 00:00:00,2024/04/29 12:21:05,Technical,Low,5.0
3162,4703,2024/01/17 00:00:00,2024/01/17 04:49:02,Billing,Low,4.0
3163,797,2024/01/17 00:00:00,2024/01/17 07:09:52,Technical,Low,4.0
3164,797,2024/05/29 00:00:00,,Billing,Medium,
3165,797,2024/04/25 00:00:00,2024/04/26 01:32:32,Billing,Low,5.0
3166,797,2024/04/25 00:00:00,,General,Low,
3167,797,2024/08/25 00:00:00,,General,Low,
3168,4287,2024/07/29 00:00:00,2024/07/29 06:46:47,Technical,Medium,3.0
3169,4287,2024/10/25 00:00:00,,Billing,Low,
3170,4287,2024/01/31 00:00:00,,Technical,High,
3171,1164,2024/04/04 00:00:00,2024/04/04 16:31:10,Technical,Low,
3172,1164,2024/06/05 00:00:00,2024/06/05 06:53:09,Technical,High,4.0
3173,1164,2024/05/01 00:00:00,2024/05/01 11:29:11,Billing,Low,2.0
3174,1164,2024/04/06 00:00:00,2024/04/07 01:11:08,Billing,Low,2.0
3175,3314,2024/09/05 00:00:00,2024/09/06 04:10:53,Billing,Medium,5.0
3176,3314,2024/10/10 00:00:00,2024/10/10 07:41:14,Technical,Medium,2.0
3177,3314,2024/02/01 00:00:00,2024/02/01 08:44:15,Technical,Low,4.0
3178,1601,2024/07/18 00:00:00,,Technical,Low,
3179,3189,2024/09/03 00:00:00,2024/09/03 10:02:08,Technical,Medium,
3180,3189,2024/12/10 00:00:00,2024/12/10 13:18:30,General,Low,5.0
3181,3189,2024/08/07 00:00:00,2024/08/09 05:00:02,Billing,Low,
3182,117,2024/01/31 00:00:00,2024/01/31 16:44:04,Technical,Low,5.0
3183,117,2024/10/19 00:00:00,2024/10/19 13:26:38,General,Low,4.0
3184,2393,2024/10/28 00:00:00,2024/10/29 06:07:47,Billing,Low,
3185,233,2024/01/09 00:00:00,2024/01/10 17:54:32,Technical,Low,
3186,233,2024/12/21 00:00:00,,Billing,Low,
3187,233,2024/06/21 00:00:00,,Technical,High,
3188,1887,2024/08/16 00:00:00,2024/08/16 12:00:24,Technical,Low,5.0
3189,1887,2024/03/21 00:00:00,2024/03/21 12:27:43,General,Low,4.0
3190,1887,2024/06/12 00:00:00,2024/06/12 06:30:44,Technical,Low,5.0
3191,1887,2024/09/06 00:00:00,2024/09/06 04:24:31,Billing,Low,3.0
3192,1887,2024/09/06 00:00:00,,Billing,Low,
3193,3271,2024/12/28 00:00:00,,Technical,Medium,
3194,3271,2024/08/06 00:00:00,,Billing,High,
3195,3336,2024/07/19 00:00:00,2024/07/19 11:41:24,General,Low,
3196,4732,2024/04/08 00:00:00,,Technical,High,
3197,4732,2024/03/01 00:00:00,2024/03/01 21:11:51,Technical,Medium,1.0
3198,4732,2024/03/03 00:00:00,2024/03/03 06:22:17,General,Medium,3.0
3199,4732,2024/09/09 00:00:00,2024/09/09 03:56:34,Billing,Medium,5.0
3200,4197,2024/03/09 00:00:00,2024/03/10 12:06:08,Technical,Medium,4.0
3201,3694,2024/10/28 00:00:00,2024/10/28 01:47:56,Billing,Medium,4.0
3202,3694,2024/12/22 00:00:00,2024/12/22 12:29:31,Billing,Medium,4.0
3203,313,2024/06/02 00:00:00,2024/06/02 04:57:38,Technical,High,
3204,313,2024/03/31 00:00:00,,General,Low,
3205,313,2024/12/13 00:00:00,,Billing,Medium,
3206,313,2024/05/04 00:00:00,2024/05/04 10:33:25,Billing,Medium,4.0
3207,313,2024/03/25 00:00:00,,Technical,High,
3208,1161,2024/08/12 00:00:00,,General,Low,
3209,1161,2024/01/02 00:00:00,2024/01/02 07:30:27,Billing,Medium,1.0
3210,1161,2024/05/18 00:00:00,2024/05/18 12:10:57,Billing,High,4.0
3211,1161,2024/12/27 00:00:00,2024/12/28 03:49:11,Billing,Medium,3.0
3212,3897,2024/10/21 00:00:00,2024/10/21 13:57:42,General,Low,
3213,766,2024/05/12 00:00:00,2024/05/12 18:19:52,Technical,Low,4.0
3214,766,2024/01/09 00:00:00,2024/01/09 13:25:19,General,Medium,
3215,766,2024/03/18 00:00:00,2024/03/18 21:57:11,Billing,Low,3.0
3216,766,2024/11/25 00:00:00,2024/11/25 16:14:42,Billing,Low,5.0
3217,766,2024/10/15 00:00:00,2024/10/15 20:03:52,General,Medium,
3218,3545,2024/02/28 00:00:00,2024/02/28 15:52:25,Technical,Low,4.0
3219,3545,2024/11/29 00:00:00,2024/11/29 12:49:53,Technical,Low,
3220,3545,2024/12/13 00:00:00,2024/12/13 18:46:31,Technical,Medium,
3221,3545,2024/08/15 00:00:00,2024/08/15 13:07:38,Technical,Low,
3222,3545,2024/10/31 00:00:00,2024/10/31 08:39:26,General,Medium,
3223,304,2024/05/27 00:00:00,2024/05/27 17:25:23,Technical,Low,5.0
3224,304,2024/04/14 00:00:00,2024/04/14 08:21:36,Technical,Low,
3225,4895,2024/02/13 00:00:00,2024/02/13 14:03:01,General,Medium,1.0
3226,4983,2024/02/09 00:00:00,2024/02/09 16:53:07,Technical,Low,4.0
3227,4983,2024/04/24 00:00:00,2024/04/24 16:23:31,Technical,Medium,
3228,4983,2024/10/23 00:00:00,2024/10/23 12:37:39,Technical,Medium,3.0
3229,4983,2024/08/31 00:00:00,2024/08/31 09:43:16,Technical,Medium,3.0
3230,4604,2024/05/17 00:00:00,2024/05/18 19:51:57,General,Low,
3231,4604,2024/06/26 00:00:00,2024/06/26 09:44:47,General,Low,
3232,4604,2024/01/18 00:00:00,2024/01/19 07:20:21,Technical,Medium,
3233,4604,2024/02/04 00:00:00,2024/02/04 09:59:32,Technical,Medium,5.0
3234,2852,2024/03/21 00:00:00,2024/03/21 09:08:33,General,Low,2.0
3235,2852,2024/06/26 00:00:00,2024/06/26 07:55:58,General,Low,5.0
3236,3634,2024/09/01 00:00:00,2024/09/01 20:08:23,General,Medium,4.0
3237,3634,2024/11/02 00:00:00,2024/11/02 07:06:59,Technical,Medium,
3238,508,2024/10/17 00:00:00,2024/10/17 04:07:41,Billing,Low,4.0
3239,508,2024/04/19 00:00:00,2024/04/19 05:21:59,General,Low,4.0
3240,508,2024/03/10 00:00:00,2024/03/10 06:01:22,Technical,Low,1.0
3241,508,2024/06/04 00:00:00,2024/06/04 01:49:10,Technical,High,3.0
3242,4712,2024/04/10 00:00:00,2024/04/10 07:41:27,General,Medium,
3243,4712,2024/02/03 00:00:00,2024/02/03 11:25:41,Billing,High,2.0
3244,4664,2024/07/02 00:00:00,2024/07/02 03:57:11,Technical,Low,5.0
3245,4664,2024/07/09 00:00:00,2024/07/10 02:15:51,Billing,Medium,3.0
3246,4664,2024/07/09 00:00:00,,General,Medium,
3247,4664,2024/03/23 00:00:00,2024/03/23 17:44:34,Technical,Medium,
3248,4664,2024/03/12 00:00:00,2024/03/13 10:59:04,Billing,Medium,4.0
3249,1473,2024/03/01 00:00:00,,Billing,Low,
3250,1473,2024/05/15 00:00:00,2024/05/15 21:24:35,Technical,Low,5.0
3251,1473,2024/05/30 00:00:00,,Billing,Low,
3252,4109,2024/04/16 00:00:00,2024/04/16 11:51:21,Billing,Low,4.0
3253,4109,2024/08/18 00:00:00,2024/08/18 11:10:30,Billing,Low,4.0
3254,4109,2024/11/11 00:00:00,,Technical,Low,
3255,4109,2024/01/18 00:00:00,,Billing,Low,
3256,4109,2024/08/28 00:00:00,2024/08/28 03:34:36,Technical,Medium,
3257,2122,2024/05/22 00:00:00,2024/05/22 12:33:22,Billing,Low,3.0
3258,2122,2024/10/25 00:00:00,,Technical,Low,
3259,2122,2024/07/04 00:00:00,2024/07/04 08:33:25,Billing,High,
3260,2122,2024/10/20 00:00:00,2024/10/23 03:26:28,Technical,Low,2.0
3261,2684,2024/09/08 00:00:00,2024/09/09 15:28:25,Billing,Low,5.0
3262,2684,2024/02/06 00:00:00,,Technical,Low,
3263,2684,2024/05/01 00:00:00,,Technical,Low,
3264,2684,2024/04/06 00:00:00,,General,Low,
3265,4434,2024/11/10 00:00:00,2024/11/10 12:09:45,Billing,High,5.0
3266,3910,2024/08/26 00:00:00,2024/08/26 19:11:12,Technical,Medium,
3267,389,2024/10/09 00:00:00,2024/10/09 14:26:38,Technical,High,1.0
3268,389,2024/04/13 00:00:00,2024/04/13 18:53:40,Billing,Low,4.0
3269,389,2024/02/23 00:00:00,2024/02/23 05:51:04,Technical,Low,5.0
3270,3513,2024/08/14 00:00:00,2024/08/15 04:04:41,Technical,Medium,4.0
3271,3513,2024/02/19 00:00:00,2024/02/19 12:38:16,Technical,Medium,
3272,3513,2024/09/26 00:00:00,2024/09/26 12:07:52,Billing,Low,
3273,3513,2024/06/07 00:00:00,2024/06/08 05:49:39,Technical,Low,
3274,3667,2024/08/23 00:00:00,2024/08/23 13:11:07,Billing,Medium,4.0
3275,3667,2024/01/02 00:00:00,2024/01/03 03:37:24,Billing,High,3.0
3276,3667,2024/02/19 00:00:00,,Billing,Medium,
3277,3667,2024/12/30 00:00:00,,Technical,Medium,
3278,455,2024/04/28 00:00:00,2024/04/28 21:06:34,Billing,Medium,
3279,455,2024/08/22 00:00:00,2024/08/22 06:58:08,Billing,Medium,
3280,1007,2024/12/13 00:00:00,2024/12/13 21:33:57,Billing,High,1.0
3281,1007,2024/02/05 00:00:00,,Billing,High,
3282,1007,2024/08/27 00:00:00,,Technical,Low,
3283,1007,2024/07/16 00:00:00,2024/07/16 13:53:17,Technical,Medium,5.0
3284,4545,2024/11/03 00:00:00,2024/11/03 23:07:57,Technical,Low,
3285,4545,2024/07/11 00:00:00,2024/07/11 18:37:06,Technical,Low,
3286,4545,2024/11/06 00:00:00,,Billing,Low,
3287,4545,2024/01/30 00:00:00,2024/01/31 07:18:27,Technical,Medium,4.0
3288,3145,2024/06/09 00:00:00,,Billing,Low,
3289,3145,2024/03/26 00:00:00,,Technical,Medium,
3290,3145,2024/05/28 00:00:00,2024/05/28 13:05:31,Billing,Low,4.0
3291,3145,2024/06/09 00:00:00,2024/06/10 21:46:38,Technical,High,
3292,2172,2024/02/04 00:00:00,2024/02/04 15:38:43,Technical,Medium,
3293,2172,2024/05/12 00:00:00,2024/05/12 20:59:56,Billing,Low,2.0
3294,2172,2024/01/08 00:00:00,2024/01/09 06:08:04,Technical,Medium,3.0
3295,2172,2024/10/03 00:00:00,2024/10/03 07:09:06,Technical,Medium,
3296,2517,2024/08/27 00:00:00,2024/08/27 12:25:19,Technical,Low,
3297,2974,2024/07/28 00:00:00,2024/07/28 16:26:52,Technical,High,3.0
3298,2974,2024/05/02 00:00:00,2024/05/02 07:32:50,General,Low,
3299,2974,2024/01/28 00:00:00,2024/01/28 11:14:25,General,Low,
3300,2974,2024/08/20 00:00:00,2024/08/20 20:41:11,General,Medium,
3301,2974,2024/10/31 00:00:00,2024/10/31 10:05:42,Billing,Low,4.0
3302,4202,2024/04/28 00:00:00,2024/04/28 06:15:45,Technical,Low,4.0
3303,4202,2024/09/12 00:00:00,2024/09/12 21:05:38,Technical,Low,
3304,1445,2024/03/16 00:00:00,,Technical,High,
3305,1445,2024/11/29 00:00:00,2024/11/29 17:52:29,Technical,Medium,4.0
3306,3932,2024/12/25 00:00:00,2024/12/25 10:41:01,General,Medium,4.0
3307,3989,2024/09/18 00:00:00,2024/09/18 19:17:05,Billing,Low,5.0
3308,3989,2024/07/11 00:00:00,2024/07/11 14:28:48,Billing,Low,4.0
3309,3989,2024/03/13 00:00:00,2024/03/13 09:40:23,Billing,Low,5.0
3310,3989,2024/09/03 00:00:00,2024/09/03 23:10:25,Technical,Low,
3311,1587,2024/02/01 00:00:00,,Billing,Low,
3312,1587,2024/04/27 00:00:00,,General,Medium,
3313,1587,2024/08/15 00:00:00,2024/08/15 08:33:20,Technical,Medium,1.0
3314,1587,2024/07/21 00:00:00,,Technical,Medium,
3315,413,2024/02/28 00:00:00,2024/02/28 19:52:06,General,High,1.0
3316,3834,2024/09/26 00:00:00,2024/09/26 03:54:46,General,Medium,4.0
3317,2688,2024/09/21 00:00:00,,Technical,High,
3318,2688,2024/09/11 00:00:00,2024/09/11 16:09:08,Technical,Low,
3319,2688,2024/09/02 00:00:00,2024/09/02 17:31:03,Billing,High,
3320,2688,2024/05/28 00:00:00,2024/05/28 07:40:18,Billing,Medium,4.0
3321,1390,2024/02/01 00:00:00,2024/02/01 08:34:38,Technical,Medium,
3322,946,2024/12/22 00:00:00,,Technical,Medium,
3323,946,2024/06/08 00:00:00,2024/06/08 13:39:15,Technical,Low,2.0
3324,946,2024/08/25 00:00:00,2024/08/25 06:18:14,Billing,Low,5.0
3325,946,2024/12/11 00:00:00,,Technical,High,
3326,946,2024/01/07 00:00:00,2024/01/07 08:29:20,Billing,Low,
3327,619,2024/04/12 00:00:00,2024/04/12 03:19:11,Technical,Low,4.0
3328,619,2024/07/01 00:00:00,,Technical,Low,
3329,2323,2024/09/29 00:00:00,2024/09/29 11:21:19,Billing,Low,4.0
3330,255,2024/01/03 00:00:00,2024/01/03 10:19:53,General,Low,
3331,255,2024/07/13 00:00:00,2024/07/13 17:10:10,Technical,Low,4.0
3332,255,2024/05/23 00:00:00,,Technical,Medium,
3333,3378,2024/08/24 00:00:00,2024/08/24 06:42:36,Billing,Medium,5.0
3334,3378,2024/06/14 00:00:00,2024/06/14 09:33:02,General,Low,
3335,3378,2024/06/19 00:00:00,2024/06/19 10:41:38,Technical,Medium,
3336,4958,2024/06/28 00:00:00,2024/06/28 22:50:12,Billing,Low,
3337,4958,2024/12/03 00:00:00,2024/12/04 16:47:53,General,High,4.0
3338,4958,2024/06/13 00:00:00,2024/06/13 14:25:40,Technical,High,4.0
3339,3317,2024/09/06 00:00:00,2024/09/06 08:41:28,Technical,Low,
3340,1787,2024/10/30 00:00:00,2024/10/30 16:02:18,Technical,Low,
3341,3530,2024/05/12 00:00:00,2024/05/12 17:34:49,Billing,Medium,3.0
3342,3530,2024/09/25 00:00:00,2024/09/25 07:45:25,Billing,Low,4.0
3343,3530,2024/04/18 00:00:00,2024/04/18 06:47:25,Technical,High,
3344,3584,2024/03/07 00:00:00,,Billing,Medium,
3345,3584,2024/01/31 00:00:00,2024/01/31 04:20:29,Billing,Medium,5.0
3346,497,2024/10/03 00:00:00,2024/10/03 10:35:17,Billing,Medium,5.0
3347,497,2024/09/10 00:00:00,,Technical,Low,
3348,873,2024/02/15 00:00:00,,Technical,Medium,
3349,4584,2024/02/17 00:00:00,2024/02/17 00:59:30,Billing,Medium,5.0
3350,4584,2024/07/03 00:00:00,2024/07/04 07:53:36,Technical,Low,4.0
3351,4584,2024/09/25 00:00:00,2024/09/25 04:59:33,General,Low,4.0
3352,4584,2024/08/11 00:00:00,2024/08/12 03:07:07,Technical,High,
3353,4780,2024/01/25 00:00:00,2024/01/25 10:32:10,Technical,Low,5.0
3354,4780,2024/11/25 00:00:00,2024/11/25 09:46:03,Technical,Medium,5.0
3355,4780,2024/07/28 00:00:00,2024/07/29 06:19:28,Technical,Low,5.0
3356,4780,2024/06/02 00:00:00,2024/06/02 21:50:44,Technical,Medium,4.0
3357,3289,2024/08/19 00:00:00,,Technical,High,
3358,4252,2024/03/20 00:00:00,2024/03/20 07:22:31,General,Medium,
3359,4252,2024/02/22 00:00:00,2024/02/22 18:12:58,Technical,Medium,4.0
3360,4252,2024/06/03 00:00:00,2024/06/03 07:35:37,Technical,Low,
3361,4252,2024/01/09 00:00:00,2024/01/10 17:27:53,Technical,Low,4.0
3362,4694,2024/03/19 00:00:00,2024/03/21 04:29:30,Technical,Low,4.0
3363,4694,2024/05/20 00:00:00,,Billing,Low,
3364,4694,2024/08/03 00:00:00,2024/08/04 07:43:34,Billing,Medium,4.0
3365,343,2024/04/18 00:00:00,2024/04/18 06:09:31,Technical,Medium,5.0
3366,343,2024/11/14 00:00:00,,Technical,Medium,
3367,343,2024/02/21 00:00:00,2024/02/22 03:28:22,Technical,Low,2.0
3368,3285,2024/07/25 00:00:00,2024/07/25 16:33:43,Technical,Low,4.0
3369,3285,2024/10/13 00:00:00,2024/10/13 08:09:02,Billing,Low,
3370,2674,2024/11/08 00:00:00,2024/11/08 03:04:25,Technical,High,3.0
3371,2674,2024/09/10 00:00:00,2024/09/10 07:04:08,Technical,Low,
3372,2674,2024/08/15 00:00:00,2024/08/15 22:49:11,Technical,Medium,3.0
3373,2674,2024/09/20 00:00:00,2024/09/20 22:20:19,Technical,Low,5.0
3374,499,2024/04/07 00:00:00,,Technical,High,
3375,499,2024/03/06 00:00:00,2024/03/06 12:44:36,Billing,Low,
3376,990,2024/11/15 00:00:00,,Billing,Low,
3377,990,2024/04/28 00:00:00,,Technical,Low,
3378,970,2024/01/01 00:00:00,2024/01/01 15:32:17,Technical,Low,
3379,970,2024/02/08 00:00:00,,Billing,Low,
3380,970,2024/10/25 00:00:00,2024/10/25 07:17:43,Technical,High,
3381,970,2024/09/17 00:00:00,2024/09/18 08:08:32,Technical,Low,5.0
3382,970,2024/09/07 00:00:00,2024/09/07 10:24:57,Billing,Low,3.0
3383,1421,2024/05/01 00:00:00,2024/05/01 14:29:32,General,High,
3384,1421,2024/10/23 00:00:00,2024/10/24 15:14:49,Technical,Low,4.0
3385,1421,2024/08/23 00:00:00,,Billing,Low,
3386,1000,2024/02/05 00:00:00,2024/02/05 16:56:10,General,Low,
3387,1000,2024/11/29 00:00:00,2024/11/30 05:49:51,Technical,Medium,4.0
3388,1000,2024/01/22 00:00:00,2024/01/22 06:59:36,General,High,
3389,724,2024/01/29 00:00:00,2024/01/29 19:29:23,Technical,Low,5.0
3390,724,2024/09/07 00:00:00,2024/09/08 08:14:06,Technical,Medium,5.0
3391,724,2024/01/17 00:00:00,2024/01/18 16:12:18,Billing,Medium,1.0
3392,724,2024/09/10 00:00:00,2024/09/10 10:47:56,Technical,Medium,4.0
3393,724,2024/04/17 00:00:00,2024/04/17 10:36:49,Technical,High,4.0
3394,3373,2024/01/13 00:00:00,,Billing,Low,
3395,3373,2024/07/18 00:00:00,2024/07/19 02:15:09,General,Low,
3396,3373,2024/11/18 00:00:00,2024/11/18 17:11:50,General,Low,
3397,3373,2024/11/06 00:00:00,2024/11/06 23:11:30,Technical,Medium,4.0
3398,3373,2024/01/21 00:00:00,2024/01/21 14:20:56,Technical,Medium,
3399,109,2024/01/23 00:00:00,2024/01/24 16:18:54,Technical,Low,4.0
3400,109,2024/09/19 00:00:00,,Technical,Low,
3401,109,2024/01/13 00:00:00,2024/01/13 21:47:20,Billing,Low,
3402,1355,2024/01/12 00:00:00,2024/01/12 15:55:10,Technical,Low,5.0
3403,4745,2024/02/19 00:00:00,2024/02/19 08:27:27,General,Low,
3404,4745,2024/08/13 00:00:00,,Technical,High,
3405,4745,2024/08/30 00:00:00,2024/08/30 14:13:43,General,Low,5.0
3406,4351,2024/12/04 00:00:00,,Billing,Medium,
3407,4351,2024/10/17 00:00:00,2024/10/18 00:46:12,Technical,High,
3408,4351,2024/09/09 00:00:00,2024/09/09 09:10:40,Billing,High,
3409,4351,2024/11/10 00:00:00,2024/11/10 16:13:32,Billing,High,
3410,4351,2024/04/26 00:00:00,,Billing,Low,
3411,3132,2024/09/13 00:00:00,2024/09/13 08:47:57,Technical,Medium,4.0
3412,3132,2024/05/21 00:00:00,,Technical,Medium,
3413,3132,2024/10/25 00:00:00,2024/10/25 11:08:49,Billing,High,2.0
3414,3132,2024/05/11 00:00:00,2024/05/11 22:53:15,Technical,Low,5.0
3415,513,2024/10/09 00:00:00,2024/10/09 01:11:18,Technical,Low,
3416,513,2024/06/24 00:00:00,2024/06/25 19:54:08,Technical,Low,5.0
3417,513,2024/01/19 00:00:00,2024/01/19 05:59:30,Technical,Low,
3418,513,2024/08/15 00:00:00,2024/08/16 04:23:15,Billing,Medium,4.0
3419,1432,2024/11/16 00:00:00,2024/11/16 16:47:12,Billing,High,3.0
3420,1432,2024/03/04 00:00:00,2024/03/04 06:04:59,Technical,Low,
3421,1432,2024/12/14 00:00:00,2024/12/14 10:39:21,Technical,Medium,
3422,4126,2024/06/24 00:00:00,2024/06/26 04:34:51,Technical,Low,5.0
3423,4126,2024/01/02 00:00:00,2024/01/02 12:32:32,Technical,Low,
3424,4126,2024/02/14 00:00:00,2024/02/14 06:56:40,Technical,Medium,
3425,1519,2024/05/12 00:00:00,2024/05/12 08:22:01,Technical,Medium,5.0
3426,1519,2024/07/13 00:00:00,2024/07/13 04:32:28,Technical,Low,4.0
3427,1519,2024/01/14 00:00:00,2024/01/15 12:51:48,Billing,Medium,4.0
3428,1519,2024/12/04 00:00:00,,Technical,Low,
3429,879,2024/03/21 00:00:00,2024/03/21 14:43:15,Technical,Low,
3430,879,2024/08/18 00:00:00,2024/08/18 03:02:53,Technical,High,3.0
3431,879,2024/12/07 00:00:00,2024/12/07 20:54:17,Technical,High,
3432,617,2024/01/24 00:00:00,2024/01/25 02:04:03,Billing,Medium,
3433,3258,2024/03/18 00:00:00,2024/03/19 08:45:56,Technical,Medium,2.0
3434,3258,2024/02/01 00:00:00,2024/02/01 10:21:08,Technical,Low,5.0
3435,3258,2024/09/02 00:00:00,2024/09/02 10:07:16,General,Low,
3436,2371,2024/06/28 00:00:00,2024/06/28 09:56:08,Technical,Medium,
3437,2371,2024/04/04 00:00:00,2024/04/04 12:37:44,Technical,Medium,3.0
3438,2371,2024/03/04 00:00:00,,Technical,Medium,
3439,2371,2024/11/18 00:00:00,2024/11/18 10:47:47,Billing,Low,4.0
3440,2371,2024/02/08 00:00:00,,Technical,Medium,
3441,4420,2024/07/12 00:00:00,2024/07/12 05:26:56,Billing,Low,5.0
3442,4420,2024/06/02 00:00:00,2024/06/02 10:53:30,Technical,Medium,5.0
3443,3538,2024/10/02 00:00:00,,Technical,Low,
3444,3538,2024/02/08 00:00:00,2024/02/08 06:09:08,Billing,Low,4.0
3445,3538,2024/04/26 00:00:00,2024/04/26 18:07:58,General,Low,4.0
3446,3538,2024/06/10 00:00:00,,Billing,Low,
3447,3538,2024/10/10 00:00:00,2024/10/10 07:49:00,Technical,Low,4.0
3448,4460,2024/08/02 00:00:00,2024/08/03 02:43:53,Technical,Low,4.0
3449,4460,2024/07/30 00:00:00,2024/07/31 03:26:23,Technical,Medium,
3450,2242,2024/09/06 00:00:00,2024/09/07 12:18:47,Technical,Medium,
3451,2242,2024/03/18 00:00:00,2024/03/18 08:57:24,Technical,Low,5.0
3452,4675,2024/01/16 00:00:00,2024/01/16 23:41:21,Technical,Medium,
3453,4675,2024/05/07 00:00:00,2024/05/07 11:09:11,Technical,Low,
3454,4675,2024/11/07 00:00:00,2024/11/07 09:04:47,Technical,Low,
3455,4675,2024/10/22 00:00:00,,Billing,Low,
3456,4174,2024/11/05 00:00:00,2024/11/06 00:47:26,General,High,
3457,4174,2024/09/12 00:00:00,2024/09/12 10:54:59,Billing,Low,
3458,4174,2024/04/11 00:00:00,2024/04/11 20:35:02,Technical,Low,3.0
3459,1288,2024/06/30 00:00:00,2024/06/30 02:03:50,General,Medium,1.0
3460,1288,2024/03/17 00:00:00,2024/03/17 19:22:33,Technical,High,4.0
3461,3693,2024/06/06 00:00:00,2024/06/07 13:24:37,Technical,Low,3.0
3462,3693,2024/03/01 00:00:00,2024/03/01 04:04:33,General,High,2.0
3463,3693,2024/05/27 00:00:00,2024/05/28 07:59:34,Technical,Low,5.0
3464,2366,2024/07/02 00:00:00,2024/07/02 06:43:25,Technical,Medium,
3465,4331,2024/06/22 00:00:00,2024/06/22 12:26:31,Technical,Low,5.0
3466,4331,2024/01/31 00:00:00,2024/01/31 21:07:04,Billing,Medium,
3467,4331,2024/03/05 00:00:00,2024/03/05 11:37:34,Technical,Low,
3468,4331,2024/01/10 00:00:00,2024/01/10 03:16:24,Billing,Low,4.0
3469,581,2024/02/24 00:00:00,,Billing,Medium,
3470,581,2024/04/30 00:00:00,2024/05/01 01:07:04,Technical,Medium,4.0
3471,581,2024/03/01 00:00:00,2024/03/01 03:19:10,Billing,Low,
3472,3235,2024/08/14 00:00:00,2024/08/15 10:22:06,Billing,Medium,5.0
3473,3235,2024/02/08 00:00:00,2024/02/08 07:26:00,Technical,High,
3474,3235,2024/10/03 00:00:00,2024/10/03 07:37:51,General,Low,4.0
3475,107,2024/06/20 00:00:00,2024/06/20 03:03:18,General,Medium,4.0
3476,107,2024/07/07 00:00:00,2024/07/07 04:06:08,Technical,Low,2.0
3477,107,2024/01/07 00:00:00,,Technical,Low,
3478,107,2024/08/11 00:00:00,2024/08/11 20:33:34,Billing,Medium,4.0
3479,107,2024/08/16 00:00:00,2024/08/16 06:52:02,Billing,Low,5.0
3480,144,2024/05/24 00:00:00,2024/05/24 02:22:56,Technical,Low,
3481,144,2024/11/19 00:00:00,2024/11/19 13:35:05,Technical,Medium,
3482,144,2024/03/27 00:00:00,2024/03/27 11:58:53,General,High,3.0
3483,144,2024/07/08 00:00:00,2024/07/08 04:54:13,Technical,Low,
3484,144,2024/08/06 00:00:00,,Technical,Medium,
3485,3568,2024/12/26 00:00:00,2024/12/26 05:43:21,Technical,Medium,3.0
3486,3568,2024/08/22 00:00:00,,Technical,Medium,
3487,3568,2024/12/07 00:00:00,2024/12/07 03:54:21,Billing,Low,4.0
3488,765,2024/09/13 00:00:00,2024/09/13 12:28:32,Billing,Medium,5.0
3489,2316,2024/01/12 00:00:00,,Technical,Medium,
3490,2316,2024/06/20 00:00:00,,Billing,Medium,
3491,4316,2024/05/22 00:00:00,2024/05/22 14:37:29,Billing,Medium,4.0
3492,4316,2024/09/19 00:00:00,2024/09/19 03:52:55,Technical,Low,
3493,4316,2024/01/28 00:00:00,2024/01/29 03:28:07,General,Low,5.0
3494,3151,2024/12/30 00:00:00,2024/12/31 00:39:33,Billing,Low,5.0
3495,4729,2024/04/02 00:00:00,2024/04/02 11:17:40,Technical,Medium,4.0
3496,4729,2024/08/07 00:00:00,2024/08/08 09:34:17,Technical,Low,2.0
3497,4729,2024/03/02 00:00:00,,Billing,High,
3498,4729,2024/06/16 00:00:00,2024/06/16 11:32:28,Technical,High,
3499,4729,2024/08/16 00:00:00,2024/08/16 09:08:30,Technical,Medium,
3500,78,2024/12/12 00:00:00,2024/12/12 06:23:28,Billing,Low,
3501,78,2024/11/10 00:00:00,2024/11/10 08:08:23,Technical,Low,3.0
3502,78,2024/12/04 00:00:00,2024/12/04 18:17:56,General,Low,
3503,78,2024/09/11 00:00:00,,General,Medium,
3504,78,2024/10/19 00:00:00,,Technical,High,
3505,1930,2024/06/12 00:00:00,2024/06/13 01:01:44,Technical,Low,5.0
3506,1930,2024/09/08 00:00:00,2024/09/08 01:51:43,Billing,Medium,5.0
3507,1936,2024/11/22 00:00:00,,Technical,Low,
3508,1936,2024/10/23 00:00:00,2024/10/24 02:53:59,General,Medium,
3509,1936,2024/03/02 00:00:00,2024/03/03 00:59:00,Technical,High,
3510,1936,2024/06/08 00:00:00,2024/06/08 00:19:35,Technical,Low,5.0
3511,1936,2024/05/02 00:00:00,2024/05/03 00:08:18,Technical,High,5.0
3512,1871,2024/12/11 00:00:00,,Billing,Low,
3513,1871,2024/11/10 00:00:00,,Billing,Low,
3514,1871,2024/11/21 00:00:00,2024/11/21 17:03:53,Technical,Low,4.0
3515,2823,2024/08/04 00:00:00,2024/08/04 11:48:23,Technical,Medium,
3516,810,2024/07/27 00:00:00,,Billing,Low,
3517,810,2024/09/08 00:00:00,2024/09/08 06:08:35,General,Medium,4.0
3518,3162,2024/02/26 00:00:00,2024/02/27 18:44:43,General,High,4.0
3519,3162,2024/04/21 00:00:00,2024/04/22 09:54:32,Technical,Low,5.0
3520,3162,2024/05/22 00:00:00,2024/05/22 23:38:02,Billing,Low,5.0
3521,4139,2024/04/22 00:00:00,2024/04/22 23:22:27,Billing,Low,5.0
3522,1488,2024/04/08 00:00:00,2024/04/08 15:26:03,General,Medium,3.0
3523,1488,2024/01/05 00:00:00,2024/01/05 01:44:36,Technical,Low,
3524,1488,2024/03/22 00:00:00,2024/03/22 05:41:53,Technical,Medium,3.0
3525,266,2024/09/19 00:00:00,,General,Medium,
3526,2088,2024/04/25 00:00:00,2024/04/25 04:55:04,General,Low,
3527,4881,2024/03/25 00:00:00,2024/03/25 11:42:14,Technical,Medium,
3528,4881,2024/07/27 00:00:00,2024/07/27 12:59:24,Technical,Medium,
3529,4881,2024/08/24 00:00:00,2024/08/25 09:57:21,Technical,Low,
3530,2237,2024/10/05 00:00:00,2024/10/05 16:13:13,Technical,Medium,3.0
3531,3747,2024/11/10 00:00:00,2024/11/10 02:07:17,Technical,Low,
3532,3747,2024/04/21 00:00:00,2024/04/21 13:20:36,Technical,Low,2.0
3533,3747,2024/01/24 00:00:00,2024/01/24 06:53:30,Billing,Low,
3534,3747,2024/02/20 00:00:00,2024/02/21 11:04:10,Technical,Medium,
3535,4843,2024/11/12 00:00:00,2024/11/12 22:46:35,Technical,Low,4.0
3536,4843,2024/06/11 00:00:00,,Billing,Medium,
3537,4843,2024/03/29 00:00:00,2024/03/29 09:36:59,General,Low,
3538,4843,2024/12/03 00:00:00,,General,Low,
3539,4843,2024/06/15 00:00:00,,Billing,High,
3540,957,2024/12/06 00:00:00,2024/12/06 00:53:32,Billing,High,2.0
3541,2106,2024/06/26 00:00:00,2024/06/27 02:25:17,Billing,Low,4.0
3542,2106,2024/09/19 00:00:00,2024/09/19 02:07:06,Billing,Low,5.0
3543,2106,2024/04/19 00:00:00,2024/04/19 16:48:39,Billing,Medium,
3544,2106,2024/12/09 00:00:00,2024/12/09 13:17:29,Billing,Low,5.0
3545,2972,2024/03/13 00:00:00,2024/03/13 09:42:56,Billing,Low,4.0
3546,2972,2024/10/17 00:00:00,2024/10/17 08:28:52,Technical,Low,
3547,2972,2024/10/26 00:00:00,2024/10/27 02:27:10,General,Medium,4.0
3548,2972,2024/01/27 00:00:00,2024/01/28 17:28:39,General,Medium,
3549,3673,2024/08/12 00:00:00,2024/08/12 23:26:04,Billing,Medium,4.0
3550,3673,2024/08/12 00:00:00,2024/08/13 05:53:17,Technical,High,
3551,3673,2024/01/19 00:00:00,2024/01/19 05:19:57,General,Medium,
3552,3673,2024/08/14 00:00:00,2024/08/14 13:09:44,Billing,Medium,4.0
3553,2075,2024/07/28 00:00:00,2024/07/28 14:55:17,Technical,Low,
3554,2075,2024/02/25 00:00:00,2024/02/25 11:39:20,Technical,Low,5.0
3555,2075,2024/02/13 00:00:00,2024/02/13 19:52:34,Technical,Low,5.0
3556,2075,2024/02/27 00:00:00,2024/02/27 03:35:58,Technical,Low,
3557,2075,2024/09/22 00:00:00,2024/09/22 17:48:32,General,Medium,5.0
3558,1523,2024/09/10 00:00:00,2024/09/10 17:30:01,Technical,High,2.0
3559,1523,2024/06/08 00:00:00,2024/06/09 02:06:10,Billing,Low,
3560,1523,2024/05/31 00:00:00,,General,High,
3561,4476,2024/11/14 00:00:00,2024/11/14 09:38:52,Billing,Low,
3562,4476,2024/03/08 00:00:00,2024/03/10 15:58:30,General,Low,5.0
3563,4476,2024/10/14 00:00:00,2024/10/14 11:39:43,Technical,Medium,3.0
3564,4476,2024/10/13 00:00:00,,Billing,Low,
3565,4476,2024/01/21 00:00:00,2024/01/21 22:27:30,General,Low,3.0
3566,3743,2024/04/23 00:00:00,2024/04/23 19:23:01,Billing,Medium,2.0
3567,3743,2024/09/26 00:00:00,2024/09/26 09:15:20,Technical,Medium,
3568,3743,2024/06/09 00:00:00,2024/06/09 08:19:45,General,Low,
3569,3743,2024/02/22 00:00:00,2024/02/24 19:05:35,Billing,Low,
3570,369,2024/04/21 00:00:00,2024/04/21 04:22:47,Technical,High,
3571,369,2024/05/28 00:00:00,2024/05/29 14:28:54,Technical,Low,4.0
3572,369,2024/03/08 00:00:00,2024/03/08 12:45:15,Technical,Low,5.0
3573,369,2024/05/03 00:00:00,2024/05/04 05:10:32,Billing,Medium,
3574,369,2024/06/20 00:00:00,2024/06/20 18:59:32,Technical,Medium,3.0
3575,1094,2024/06/30 00:00:00,2024/06/30 10:43:51,General,Low,5.0
3576,1094,2024/03/14 00:00:00,,General,Low,
3577,1094,2024/06/19 00:00:00,2024/06/20 07:17:43,Technical,High,2.0
3578,1094,2024/05/06 00:00:00,2024/05/07 14:42:36,Billing,Medium,4.0
3579,1094,2024/11/09 00:00:00,,Technical,Medium,
3580,3389,2024/01/29 00:00:00,2024/01/29 02:40:12,Technical,High,2.0
3581,3389,2024/11/15 00:00:00,2024/11/15 09:38:12,Billing,Medium,4.0
3582,4406,2024/07/17 00:00:00,2024/07/17 04:39:45,Billing,High,
3583,4406,2024/04/03 00:00:00,2024/04/04 00:08:25,General,Low,
3584,4406,2024/10/06 00:00:00,2024/10/06 21:07:19,Technical,Medium,2.0
3585,4406,2024/08/20 00:00:00,2024/08/20 18:59:18,Technical,Low,5.0
3586,4406,2024/07/27 00:00:00,2024/07/29 04:41:12,Technical,High,1.0
3587,2180,2024/01/16 00:00:00,2024/01/16 11:45:02,Technical,Medium,4.0
3588,2180,2024/12/22 00:00:00,,Billing,High,
3589,2180,2024/05/28 00:00:00,2024/05/28 09:10:38,Technical,High,3.0
3590,2180,2024/06/21 00:00:00,,Technical,Low,
3591,2180,2024/05/05 00:00:00,2024/05/05 05:49:50,Technical,Low,
3592,1731,2024/05/02 00:00:00,2024/05/02 10:18:22,Technical,Medium,
3593,1731,2024/02/15 00:00:00,,General,Low,
3594,3356,2024/06/17 00:00:00,2024/06/17 06:29:05,Technical,High,
3595,3356,2024/08/05 00:00:00,2024/08/05 16:08:35,Billing,Medium,3.0
3596,3356,2024/09/01 00:00:00,,Billing,Low,
3597,3356,2024/12/13 00:00:00,2024/12/13 18:12:59,Technical,Medium,2.0
3598,261,2024/10/04 00:00:00,2024/10/05 03:30:00,Billing,Low,
3599,261,2024/11/17 00:00:00,2024/11/17 14:38:55,Technical,Low,4.0
3600,4532,2024/07/22 00:00:00,,Technical,Low,
3601,430,2024/12/29 00:00:00,2024/12/29 05:08:54,Billing,High,3.0
3602,430,2024/04/21 00:00:00,,General,Medium,
3603,528,2024/01/29 00:00:00,2024/01/29 03:41:54,General,Low,
3604,528,2024/06/08 00:00:00,,General,Low,
3605,528,2024/04/14 00:00:00,2024/04/15 23:09:53,Technical,Medium,
3606,3387,2024/01/01 00:00:00,2024/01/01 11:51:35,Billing,Medium,
3607,3387,2024/10/25 00:00:00,2024/10/25 06:00:25,Technical,Low,
3608,3387,2024/11/03 00:00:00,2024/11/03 16:27:00,General,Low,4.0
3609,3387,2024/05/09 00:00:00,2024/05/09 08:05:34,Technical,Low,5.0
3610,3387,2024/12/01 00:00:00,2024/12/01 06:38:52,Billing,High,2.0
3611,4721,2024/09/20 00:00:00,2024/09/20 09:11:04,Technical,Medium,4.0
3612,4721,2024/11/16 00:00:00,2024/11/17 19:31:07,Billing,Medium,
3613,4721,2024/03/30 00:00:00,2024/03/30 09:49:18,General,Low,4.0
3614,4721,2024/09/09 00:00:00,2024/09/09 07:54:37,General,Low,4.0
3615,2451,2024/08/09 00:00:00,,Technical,Low,
3616,701,2024/01/23 00:00:00,2024/01/23 09:34:43,Technical,Low,4.0
3617,701,2024/05/25 00:00:00,,Technical,High,
3618,401,2024/08/11 00:00:00,2024/08/11 07:51:04,Technical,Low,3.0
3619,401,2024/01/05 00:00:00,,Technical,Medium,
3620,401,2024/09/16 00:00:00,2024/09/16 18:10:52,Technical,Medium,2.0
3621,401,2024/05/27 00:00:00,2024/05/28 18:45:51,Technical,Medium,5.0
3622,4470,2024/12/16 00:00:00,,General,Medium,
3623,4470,2024/05/20 00:00:00,,Billing,Low,
3624,4470,2024/06/08 00:00:00,2024/06/08 13:43:07,Technical,Medium,3.0
3625,4627,2024/02/22 00:00:00,2024/02/22 15:03:34,Technical,Medium,2.0
3626,4627,2024/02/29 00:00:00,2024/03/01 01:17:32,Billing,Low,4.0
3627,4627,2024/06/22 00:00:00,2024/06/22 02:01:36,Technical,High,
3628,4627,2024/08/02 00:00:00,2024/08/03 00:19:07,General,Low,
3629,1160,2024/01/14 00:00:00,2024/01/14 12:07:06,Billing,High,
3630,4163,2024/04/05 00:00:00,2024/04/05 03:44:26,Technical,Low,
3631,4163,2024/02/01 00:00:00,,General,Low,
3632,4163,2024/07/13 00:00:00,2024/07/13 02:16:38,Technical,Low,4.0
3633,4718,2024/10/15 00:00:00,2024/10/15 20:16:52,Technical,High,4.0
3634,4718,2024/10/30 00:00:00,2024/10/31 22:59:33,General,Low,
3635,4380,2024/01/29 00:00:00,2024/01/29 10:04:31,Billing,Low,5.0
3636,4380,2024/01/25 00:00:00,2024/01/25 04:23:31,General,High,
3637,1809,2024/07/15 00:00:00,,Billing,Medium,
3638,1809,2024/11/05 00:00:00,2024/11/05 07:19:06,Technical,Low,5.0
3639,1515,2024/06/08 00:00:00,2024/06/08 16:26:23,Technical,High,3.0
3640,1515,2024/07/11 00:00:00,,Billing,Low,
3641,1407,2024/12/10 00:00:00,2024/12/10 20:22:48,Billing,Low,5.0
3642,1407,2024/08/12 00:00:00,2024/08/12 08:04:44,Technical,High,
3643,1407,2024/08/31 00:00:00,2024/08/31 03:54:51,Technical,Medium,4.0
3644,3959,2024/09/19 00:00:00,2024/09/19 20:26:34,General,High,3.0
3645,3959,2024/05/19 00:00:00,2024/05/19 18:36:57,Billing,Low,4.0
3646,50,2024/09/02 00:00:00,2024/09/02 13:40:49,Billing,Medium,5.0
3647,50,2024/06/19 00:00:00,2024/06/19 08:36:48,General,Medium,
3648,50,2024/03/31 00:00:00,2024/04/01 01:25:02,Billing,Low,
3649,50,2024/06/21 00:00:00,2024/06/21 21:45:45,Technical,Medium,
3650,3842,2024/01/29 00:00:00,2024/01/29 06:37:18,Billing,Medium,
3651,3842,2024/12/24 00:00:00,2024/12/26 09:29:42,General,Medium,
3652,3842,2024/04/07 00:00:00,2024/04/07 02:06:13,Technical,Low,
3653,3842,2024/04/15 00:00:00,2024/04/15 15:01:14,Billing,Low,
3654,3842,2024/11/21 00:00:00,2024/11/21 12:30:01,General,Medium,
3655,2673,2024/08/29 00:00:00,2024/08/29 07:26:54,Technical,Low,4.0
3656,2673,2024/07/14 00:00:00,,General,Low,
3657,2673,2024/03/10 00:00:00,,Billing,High,
3658,2673,2024/12/23 00:00:00,2024/12/23 10:05:31,Billing,Medium,
3659,2673,2024/01/13 00:00:00,2024/01/13 03:49:24,Billing,Medium,4.0
3660,1721,2024/01/28 00:00:00,2024/01/28 12:57:50,Billing,Medium,
3661,1721,2024/03/15 00:00:00,2024/03/15 06:25:59,Billing,Medium,4.0
3662,1410,2024/12/20 00:00:00,2024/12/20 04:44:08,General,Low,
3663,1410,2024/12/01 00:00:00,2024/12/01 17:06:45,Technical,Medium,5.0
3664,2345,2024/05/23 00:00:00,,Technical,Low,
3665,2345,2024/12/27 00:00:00,,Technical,Low,
3666,326,2024/02/01 00:00:00,2024/02/01 02:15:49,Technical,Low,5.0
3667,4402,2024/04/07 00:00:00,2024/04/07 11:32:04,Technical,Medium,4.0
3668,4402,2024/01/28 00:00:00,2024/01/28 21:57:25,Technical,Medium,4.0
3669,4402,2024/08/24 00:00:00,2024/08/25 02:45:24,General,Low,
3670,4402,2024/12/10 00:00:00,2024/12/10 06:57:13,General,Medium,1.0
3671,807,2024/01/12 00:00:00,2024/01/12 06:21:38,Billing,Medium,1.0
3672,807,2024/02/11 00:00:00,2024/02/11 05:52:37,Billing,Low,5.0
3673,807,2024/11/02 00:00:00,,Billing,High,
3674,807,2024/04/20 00:00:00,2024/04/20 03:08:43,Technical,Low,5.0
3675,3391,2024/06/03 00:00:00,2024/06/03 19:12:17,Billing,Low,5.0
3676,3391,2024/05/22 00:00:00,,Billing,High,
3677,3391,2024/02/18 00:00:00,2024/02/18 16:51:29,Technical,Low,
3678,1908,2024/03/30 00:00:00,,General,Low,
3679,1908,2024/04/01 00:00:00,2024/04/01 04:11:48,Technical,Low,5.0
3680,1908,2024/08/14 00:00:00,,General,High,
3681,1908,2024/09/26 00:00:00,2024/09/26 12:27:03,Billing,Low,4.0
3682,1908,2024/05/18 00:00:00,,Billing,Low,
3683,3043,2024/05/09 00:00:00,2024/05/09 16:55:37,Billing,Low,1.0
3684,3043,2024/06/09 00:00:00,,Technical,Low,
3685,3043,2024/05/26 00:00:00,2024/05/26 23:09:54,Billing,High,4.0
3686,3043,2024/01/12 00:00:00,2024/01/12 13:39:14,Billing,Medium,
3687,794,2024/05/28 00:00:00,2024/05/29 16:44:36,General,Low,4.0
3688,794,2024/07/19 00:00:00,2024/07/19 15:37:25,Technical,Medium,
3689,794,2024/12/18 00:00:00,,Technical,High,
3690,1789,2024/11/10 00:00:00,,Billing,Low,
3691,1789,2024/04/10 00:00:00,,Technical,Medium,
3692,269,2024/03/04 00:00:00,2024/03/04 08:58:15,Billing,Medium,3.0
3693,269,2024/06/20 00:00:00,,Billing,High,
3694,269,2024/10/30 00:00:00,2024/10/30 09:03:44,Technical,Medium,2.0
3695,269,2024/07/16 00:00:00,2024/07/17 01:08:18,Billing,Low,
3696,2982,2024/03/15 00:00:00,2024/03/15 08:22:24,Technical,Medium,
3697,3575,2024/06/22 00:00:00,2024/06/23 10:06:01,Technical,Low,
3698,3575,2024/06/26 00:00:00,,Billing,Low,
3699,3575,2024/07/30 00:00:00,2024/07/30 10:08:15,Billing,High,1.0
3700,3619,2024/04/02 00:00:00,2024/04/02 10:42:12,Billing,Low,
3701,3619,2024/06/19 00:00:00,2024/06/19 08:44:58,Billing,Medium,
3702,3375,2024/12/20 00:00:00,2024/12/20 18:27:36,Technical,High,
3703,3375,2024/01/17 00:00:00,2024/01/17 13:06:15,Billing,Medium,4.0
3704,3375,2024/06/01 00:00:00,2024/06/01 09:12:22,General,High,
3705,3375,2024/08/20 00:00:00,2024/08/20 17:40:16,Technical,Low,
3706,3375,2024/12/24 00:00:00,,Technical,Low,
3707,3315,2024/01/25 00:00:00,,Billing,Low,
3708,3315,2024/12/16 00:00:00,,Technical,Low,
3709,3315,2024/01/27 00:00:00,2024/01/27 19:04:30,Billing,Low,5.0
3710,158,2024/05/02 00:00:00,2024/05/02 04:06:23,Technical,Medium,4.0
3711,158,2024/11/12 00:00:00,2024/11/12 07:41:57,Technical,Low,
3712,4626,2024/01/14 00:00:00,2024/01/14 13:49:12,Billing,Medium,4.0
3713,4626,2024/02/14 00:00:00,2024/02/14 05:22:34,Technical,Low,4.0
3714,4626,2024/04/19 00:00:00,2024/04/19 08:26:09,Billing,Medium,4.0
3715,4626,2024/04/28 00:00:00,2024/04/28 12:10:58,Technical,High,4.0
3716,4626,2024/05/28 00:00:00,,Technical,Low,
3717,2375,2024/03/26 00:00:00,2024/03/26 14:43:00,General,Low,5.0
3718,2375,2024/05/26 00:00:00,2024/05/26 02:25:27,Billing,High,4.0
3719,3998,2024/10/22 00:00:00,2024/10/22 19:55:29,Technical,High,2.0
3720,3998,2024/12/18 00:00:00,2024/12/18 04:46:34,Technical,High,1.0
3721,3998,2024/07/23 00:00:00,2024/07/23 08:34:54,General,Low,5.0
3722,3998,2024/11/30 00:00:00,2024/11/30 01:10:35,Technical,Low,
3723,3961,2024/09/20 00:00:00,2024/09/20 14:46:45,General,Low,4.0
3724,4857,2024/04/21 00:00:00,2024/04/21 10:46:28,General,High,5.0
3725,4857,2024/05/16 00:00:00,,Technical,Low,
3726,4857,2024/05/15 00:00:00,2024/05/15 21:47:06,Technical,Medium,4.0
3727,4857,2024/08/27 00:00:00,2024/08/27 04:53:10,Billing,Medium,
3728,3567,2024/09/01 00:00:00,,Billing,High,
3729,3567,2024/03/13 00:00:00,2024/03/13 17:10:17,Technical,Low,5.0
3730,3567,2024/11/26 00:00:00,2024/11/26 17:52:49,Technical,Low,
3731,3567,2024/10/15 00:00:00,2024/10/15 08:17:25,Technical,Low,5.0
3732,3567,2024/04/19 00:00:00,,Technical,Medium,
3733,488,2024/03/15 00:00:00,2024/03/15 12:15:15,General,Low,4.0
3734,488,2024/01/09 00:00:00,2024/01/09 10:11:37,General,Medium,4.0
3735,488,2024/11/18 00:00:00,2024/11/19 05:17:25,Technical,Low,3.0
3736,3423,2024/06/17 00:00:00,2024/06/19 00:46:02,Technical,Low,
3737,3423,2024/08/28 00:00:00,2024/08/29 08:35:31,Billing,Low,
3738,3423,2024/08/16 00:00:00,2024/08/16 09:36:52,Billing,Low,3.0
3739,3359,2024/10/17 00:00:00,2024/10/17 04:18:40,Technical,Low,
3740,3359,2024/07/04 00:00:00,2024/07/04 12:53:02,Billing,Medium,3.0
3741,2152,2024/05/22 00:00:00,2024/05/23 03:08:04,General,Low,4.0
3742,2152,2024/06/05 00:00:00,2024/06/05 14:31:55,Technical,Medium,
3743,4796,2024/10/12 00:00:00,,General,Low,
3744,4796,2024/12/07 00:00:00,,Technical,Medium,
3745,3068,2024/05/23 00:00:00,2024/05/23 05:58:47,Technical,High,2.0
3746,201,2024/10/21 00:00:00,2024/10/21 07:28:26,Technical,Low,
3747,201,2024/06/24 00:00:00,2024/06/25 06:16:18,Billing,Low,
3748,2018,2024/10/12 00:00:00,2024/10/12 16:49:20,General,Medium,
3749,2018,2024/01/04 00:00:00,2024/01/05 04:07:56,General,Low,
3750,2018,2024/03/20 00:00:00,2024/03/20 01:07:38,General,High,
3751,2791,2024/03/10 00:00:00,,Billing,High,
3752,2791,2024/05/12 00:00:00,,Billing,Low,
3753,435,2024/05/28 00:00:00,,Billing,High,
3754,435,2024/07/17 00:00:00,2024/07/17 20:12:54,General,Medium,
3755,435,2024/04/27 00:00:00,2024/04/27 16:08:30,Technical,Low,5.0
3756,435,2024/02/27 00:00:00,,Billing,Low,
3757,1411,2024/07/22 00:00:00,2024/07/22 03:11:03,Billing,Low,3.0
3758,1411,2024/05/20 00:00:00,2024/05/20 09:39:18,Technical,Medium,4.0
3759,1411,2024/12/26 00:00:00,2024/12/27 12:48:33,Technical,Low,
3760,1411,2024/05/13 00:00:00,2024/05/13 10:55:51,Billing,High,4.0
3761,4819,2024/08/22 00:00:00,2024/08/22 09:07:42,Technical,Medium,5.0
3762,4819,2024/12/03 00:00:00,2024/12/03 21:41:54,Technical,Medium,
3763,4819,2024/05/17 00:00:00,2024/05/17 12:46:08,Technical,Medium,3.0
3764,446,2024/11/02 00:00:00,,General,Low,
3765,446,2024/01/04 00:00:00,2024/01/04 12:09:32,Billing,Low,5.0
3766,3104,2024/02/17 00:00:00,2024/02/18 19:45:57,Billing,Medium,4.0
3767,3104,2024/05/18 00:00:00,,Technical,Low,
3768,3104,2024/12/01 00:00:00,2024/12/01 22:35:41,General,Medium,
3769,3104,2024/02/22 00:00:00,2024/02/22 10:18:23,General,Medium,4.0
3770,1946,2024/09/26 00:00:00,2024/09/27 05:44:57,Technical,Low,4.0
3771,2778,2024/04/02 00:00:00,2024/04/02 05:15:46,General,Medium,
3772,2778,2024/12/23 00:00:00,2024/12/24 01:16:45,Billing,Medium,2.0
3773,3949,2024/05/05 00:00:00,,General,Medium,
3774,3949,2024/02/10 00:00:00,,Billing,Low,
3775,3949,2024/09/01 00:00:00,2024/09/01 00:44:33,Technical,Medium,
3776,1626,2024/10/27 00:00:00,2024/10/27 08:00:04,Billing,Low,4.0
3777,1626,2024/10/22 00:00:00,2024/10/22 13:30:40,Technical,Medium,
3778,1626,2024/04/29 00:00:00,2024/04/29 07:22:17,Technical,Medium,4.0
3779,1626,2024/12/10 00:00:00,2024/12/11 07:10:58,General,Low,
3780,1498,2024/05/18 00:00:00,,Billing,High,
3781,1498,2024/09/02 00:00:00,2024/09/03 01:01:00,General,High,
3782,1498,2024/01/31 00:00:00,,Billing,Medium,
3783,1498,2024/08/07 00:00:00,2024/08/08 04:18:15,Billing,Medium,1.0
3784,1498,2024/05/02 00:00:00,2024/05/02 03:35:32,Technical,Medium,4.0
3785,1345,2024/08/13 00:00:00,2024/08/13 03:32:44,Technical,High,
3786,1345,2024/06/11 00:00:00,2024/06/11 08:24:11,Technical,Low,
3787,2305,2024/06/20 00:00:00,2024/06/20 18:25:48,Technical,Low,4.0
3788,2305,2024/08/27 00:00:00,2024/08/27 11:50:10,Technical,Medium,3.0
3789,2305,2024/06/14 00:00:00,2024/06/15 06:24:24,Technical,Medium,
3790,2305,2024/03/13 00:00:00,,Technical,High,
3791,3816,2024/05/15 00:00:00,2024/05/15 05:51:57,General,Low,4.0
3792,3816,2024/11/09 00:00:00,,Technical,Low,
3793,1260,2024/04/29 00:00:00,,Technical,Low,
3794,1260,2024/08/06 00:00:00,,General,High,
3795,1260,2024/02/23 00:00:00,2024/02/23 07:07:17,General,Low,
3796,1260,2024/04/24 00:00:00,2024/04/24 10:01:29,Billing,Medium,5.0
3797,1260,2024/01/15 00:00:00,,Billing,Medium,
3798,2120,2024/12/04 00:00:00,,Technical,High,
3799,2120,2024/07/04 00:00:00,2024/07/04 06:54:30,Technical,Medium,4.0
3800,3970,2024/01/07 00:00:00,2024/01/07 19:27:34,Technical,Low,
3801,936,2024/07/05 00:00:00,2024/07/05 20:38:25,General,Medium,
3802,862,2024/06/07 00:00:00,2024/06/07 02:35:23,Technical,Low,
3803,862,2024/03/07 00:00:00,2024/03/07 14:24:36,Technical,High,
3804,862,2024/08/29 00:00:00,2024/08/29 17:32:44,General,Low,
3805,1689,2024/08/09 00:00:00,2024/08/09 19:45:14,Billing,Low,5.0
3806,1689,2024/03/22 00:00:00,2024/03/22 23:47:08,General,Low,
3807,1689,2024/08/08 00:00:00,2024/08/08 07:49:14,Technical,Medium,
3808,1942,2024/01/27 00:00:00,2024/01/27 05:43:33,Technical,Medium,5.0
3809,1942,2024/01/11 00:00:00,2024/01/11 07:07:00,Technical,Low,3.0
3810,1942,2024/12/13 00:00:00,2024/12/13 17:23:50,Billing,Medium,3.0
3811,1942,2024/02/07 00:00:00,2024/02/07 05:08:42,General,Low,4.0
3812,1942,2024/07/26 00:00:00,2024/07/26 09:35:48,Billing,Low,
3813,4180,2024/01/28 00:00:00,2024/01/28 09:25:13,Billing,Low,
3814,4180,2024/08/22 00:00:00,2024/08/22 06:45:09,Billing,Low,
3815,2906,2024/02/21 00:00:00,,Technical,Medium,
3816,2906,2024/09/15 00:00:00,2024/09/16 11:12:22,Technical,High,4.0
3817,2906,2024/02/11 00:00:00,2024/02/12 15:16:12,Technical,Low,3.0
3818,2906,2024/05/16 00:00:00,2024/05/16 13:06:40,General,Low,5.0
3819,3121,2024/10/10 00:00:00,2024/10/10 19:41:28,Technical,Low,3.0
3820,3121,2024/05/02 00:00:00,,General,Low,
3821,2119,2024/08/08 00:00:00,2024/08/08 03:47:10,Billing,Low,
3822,2119,2024/11/14 00:00:00,2024/11/15 01:48:34,Technical,Low,5.0
3823,2119,2024/05/11 00:00:00,,Technical,Low,
3824,1898,2024/06/26 00:00:00,2024/06/26 07:06:34,Billing,High,3.0
3825,1898,2024/07/21 00:00:00,2024/07/21 10:03:23,Billing,High,2.0
3826,1898,2024/04/19 00:00:00,2024/04/19 09:03:55,Technical,Low,5.0
3827,1229,2024/12/30 00:00:00,2024/12/30 12:38:10,Technical,Medium,4.0
3828,1229,2024/07/17 00:00:00,2024/07/17 03:12:39,Billing,Low,4.0
3829,1229,2024/04/05 00:00:00,,Technical,Medium,
3830,1229,2024/05/20 00:00:00,2024/05/20 18:23:39,Billing,Low,4.0
3831,4852,2024/05/26 00:00:00,2024/05/26 20:20:49,Technical,Medium,4.0
3832,4852,2024/05/27 00:00:00,2024/05/27 22:47:34,Technical,Low,1.0
3833,4852,2024/11/21 00:00:00,2024/11/21 23:11:12,Billing,Medium,
3834,4852,2024/10/13 00:00:00,,Billing,Low,
3835,4852,2024/03/08 00:00:00,2024/03/09 01:40:41,Technical,Medium,4.0
3836,1621,2024/11/30 00:00:00,2024/12/01 17:41:42,Billing,Low,4.0
3837,1621,2024/12/24 00:00:00,2024/12/24 21:36:17,Billing,Low,
3838,1621,2024/11/05 00:00:00,,Billing,Low,
3839,3541,2024/01/07 00:00:00,2024/01/08 06:56:13,Billing,Low,
3840,3541,2024/06/25 00:00:00,2024/06/25 04:51:17,Technical,High,3.0
3841,3541,2024/04/26 00:00:00,2024/04/27 00:34:15,Technical,High,3.0
3842,4343,2024/08/07 00:00:00,,Billing,Low,
3843,4096,2024/03/08 00:00:00,2024/03/08 06:46:40,Technical,High,2.0
3844,3553,2024/04/06 00:00:00,2024/04/06 10:30:46,General,Low,2.0
3845,3553,2024/07/04 00:00:00,,Technical,Medium,
3846,3553,2024/01/08 00:00:00,2024/01/08 12:00:46,Billing,Low,3.0
3847,3374,2024/11/13 00:00:00,2024/11/14 12:27:38,Technical,Low,
3848,3374,2024/06/11 00:00:00,,Technical,Low,
3849,3374,2024/10/10 00:00:00,2024/10/10 13:08:36,Technical,Medium,4.0
3850,1402,2024/12/22 00:00:00,2024/12/22 08:03:30,Technical,Medium,
3851,1402,2024/10/03 00:00:00,2024/10/03 03:31:16,Technical,Medium,4.0
3852,1402,2024/10/02 00:00:00,2024/10/03 06:34:33,Billing,Medium,4.0
3853,1402,2024/11/17 00:00:00,2024/11/17 10:44:26,Technical,Low,4.0
3854,1402,2024/02/27 00:00:00,2024/02/27 20:56:25,General,High,3.0
3855,2827,2024/06/09 00:00:00,2024/06/11 10:50:57,General,Low,
3856,2827,2024/11/14 00:00:00,2024/11/14 20:56:58,Billing,Medium,
3857,2081,2024/06/02 00:00:00,2024/06/02 14:45:20,Technical,Medium,
3858,2081,2024/11/22 00:00:00,2024/11/22 13:38:13,Technical,Medium,
3859,4816,2024/09/15 00:00:00,,Technical,Low,
3860,2383,2024/06/20 00:00:00,2024/06/20 05:42:18,Technical,Low,5.0
3861,2383,2024/10/09 00:00:00,,Billing,Medium,
3862,2383,2024/09/01 00:00:00,2024/09/01 09:58:08,General,Low,4.0
3863,1051,2024/05/23 00:00:00,2024/05/23 05:58:56,Technical,Medium,
3864,1051,2024/03/29 00:00:00,,Billing,Low,
3865,1051,2024/10/03 00:00:00,2024/10/03 08:27:18,Technical,Low,4.0
3866,1051,2024/06/05 00:00:00,2024/06/05 08:49:19,Technical,High,5.0
3867,284,2024/01/12 00:00:00,2024/01/12 15:31:11,General,Low,4.0
3868,284,2024/03/03 00:00:00,2024/03/03 13:16:15,General,Low,
3869,1414,2024/12/24 00:00:00,2024/12/24 14:13:35,Billing,Medium,
3870,1414,2024/03/06 00:00:00,2024/03/06 14:34:26,General,Low,
3871,1414,2024/08/16 00:00:00,,General,Medium,
3872,1414,2024/06/07 00:00:00,2024/06/07 05:37:48,Billing,Medium,5.0
3873,3746,2024/11/22 00:00:00,2024/11/22 10:47:25,Billing,Medium,4.0
3874,3746,2024/04/21 00:00:00,2024/04/21 20:22:02,Billing,Low,5.0
3875,3746,2024/02/26 00:00:00,,Technical,Medium,
3876,356,2024/04/28 00:00:00,2024/04/28 04:19:03,General,Medium,2.0
3877,356,2024/10/23 00:00:00,,Billing,Medium,
3878,4227,2024/06/11 00:00:00,2024/06/11 13:10:03,Billing,Low,
3879,4227,2024/03/08 00:00:00,2024/03/08 17:50:01,Technical,Medium,3.0
3880,4227,2024/01/01 00:00:00,2024/01/01 02:36:40,Technical,Low,5.0
3881,4227,2024/10/17 00:00:00,2024/10/19 11:07:53,Technical,Low,
3882,720,2024/05/28 00:00:00,2024/05/28 04:04:11,Technical,Medium,
3883,720,2024/08/06 00:00:00,,Technical,Medium,
3884,720,2024/10/17 00:00:00,2024/10/17 18:57:26,Billing,Low,
3885,1758,2024/07/09 00:00:00,2024/07/09 12:22:24,Technical,Low,4.0
3886,1758,2024/12/12 00:00:00,,Billing,Low,
3887,1758,2024/12/20 00:00:00,2024/12/20 07:07:33,Billing,High,
3888,1758,2024/09/25 00:00:00,2024/09/25 15:40:32,General,Medium,5.0
3889,1758,2024/01/02 00:00:00,2024/01/03 02:18:45,Technical,Medium,4.0
3890,328,2024/06/04 00:00:00,2024/06/04 08:04:12,Technical,High,3.0
3891,328,2024/04/14 00:00:00,2024/04/15 06:41:13,Technical,Medium,3.0
3892,328,2024/01/18 00:00:00,,Billing,Medium,
3893,328,2024/10/11 00:00:00,2024/10/11 13:02:02,Technical,Low,
3894,328,2024/11/16 00:00:00,2024/11/16 15:30:16,Billing,Low,4.0
3895,3749,2024/01/20 00:00:00,,Technical,Low,
3896,3749,2024/06/28 00:00:00,2024/06/28 20:18:23,Technical,Low,4.0
3897,3749,2024/07/21 00:00:00,2024/07/21 05:22:01,Technical,Low,5.0
3898,3749,2024/05/15 00:00:00,,Technical,Low,
3899,3749,2024/02/26 00:00:00,,Technical,Medium,
3900,1803,2024/06/06 00:00:00,,General,Low,
3901,1803,2024/02/05 00:00:00,2024/02/05 08:11:32,Billing,High,3.0
3902,1803,2024/11/06 00:00:00,2024/11/06 10:39:46,General,Medium,1.0
3903,317,2024/06/23 00:00:00,2024/06/23 05:44:46,General,High,
3904,1742,2024/03/04 00:00:00,2024/03/05 11:40:47,Technical,Low,3.0
3905,1742,2024/07/11 00:00:00,2024/07/12 02:26:09,Technical,Low,5.0
3906,1742,2024/05/28 00:00:00,2024/05/28 03:18:21,Technical,Low,5.0
3907,4375,2024/06/03 00:00:00,2024/06/03 21:01:13,Billing,Medium,
3908,4375,2024/10/10 00:00:00,2024/10/10 10:08:29,Technical,Medium,2.0
3909,4375,2024/10/03 00:00:00,2024/10/03 04:22:56,Billing,High,3.0
3910,4375,2024/11/09 00:00:00,2024/11/09 05:45:07,General,Low,4.0
3911,4375,2024/06/01 00:00:00,2024/06/01 07:46:12,Technical,Medium,4.0
3912,714,2024/07/28 00:00:00,2024/07/28 11:47:15,General,Low,
3913,714,2024/07/18 00:00:00,,Technical,Low,
3914,714,2024/04/08 00:00:00,2024/04/08 22:05:24,Billing,Low,5.0
3915,714,2024/09/07 00:00:00,2024/09/07 11:20:36,Billing,Low,5.0
3916,714,2024/09/19 00:00:00,2024/09/19 03:59:51,Billing,Medium,4.0
3917,3308,2024/08/11 00:00:00,2024/08/11 12:29:35,Technical,High,2.0
3918,3308,2024/03/24 00:00:00,2024/03/24 03:03:28,Billing,Low,
3919,346,2024/04/30 00:00:00,2024/05/02 04:16:49,Technical,High,
3920,3662,2024/11/17 00:00:00,2024/11/17 13:54:19,Billing,Low,4.0
3921,1658,2024/05/21 00:00:00,2024/05/21 04:24:30,Billing,Low,5.0
3922,1658,2024/05/03 00:00:00,,Technical,Low,
3923,1658,2024/09/09 00:00:00,2024/09/09 17:37:27,Technical,Low,4.0
3924,1658,2024/09/06 00:00:00,,Technical,Low,
3925,1658,2024/07/13 00:00:00,2024/07/13 05:01:34,Technical,Low,5.0
3926,2640,2024/10/19 00:00:00,,Technical,Low,
3927,2640,2024/01/03 00:00:00,2024/01/03 20:06:49,General,High,1.0
3928,1097,2024/07/13 00:00:00,2024/07/13 08:27:09,Billing,Low,
3929,1097,2024/09/25 00:00:00,2024/09/25 11:43:08,Billing,Low,4.0
3930,1097,2024/07/30 00:00:00,2024/07/30 18:18:49,General,Low,2.0
3931,1097,2024/05/17 00:00:00,2024/05/18 11:43:27,General,Low,4.0
3932,1097,2024/04/24 00:00:00,,General,Low,
3933,321,2024/11/24 00:00:00,2024/11/24 21:26:34,Technical,Low,5.0
3934,321,2024/02/28 00:00:00,2024/02/29 12:51:21,Technical,Low,5.0
3935,321,2024/01/11 00:00:00,2024/01/11 12:45:42,General,Medium,2.0
3936,321,2024/03/25 00:00:00,2024/03/25 08:14:12,Technical,Medium,
3937,2216,2024/02/03 00:00:00,2024/02/04 14:15:18,Technical,Low,
3938,2216,2024/11/28 00:00:00,,General,Medium,
3939,2216,2024/05/28 00:00:00,,Technical,Medium,
3940,2216,2024/11/13 00:00:00,2024/11/13 02:22:22,Technical,Medium,
3941,2216,2024/10/17 00:00:00,2024/10/18 06:05:12,Billing,Medium,
3942,728,2024/12/27 00:00:00,2024/12/27 09:11:40,General,Low,5.0
3943,4668,2024/09/07 00:00:00,2024/09/07 01:53:52,Technical,Low,5.0
3944,4668,2024/02/05 00:00:00,2024/02/05 18:38:41,Billing,Low,
3945,4668,2024/11/08 00:00:00,,Billing,Low,
3946,4668,2024/08/29 00:00:00,2024/08/29 23:50:31,Technical,Low,5.0
3947,4668,2024/05/25 00:00:00,2024/05/25 06:03:10,General,Medium,2.0
3948,1033,2024/09/20 00:00:00,,Billing,Medium,
3949,1033,2024/02/05 00:00:00,2024/02/06 02:28:30,Technical,Medium,3.0
3950,1033,2024/02/26 00:00:00,2024/02/26 08:44:05,Billing,Low,4.0
3951,1033,2024/01/26 00:00:00,2024/01/26 14:04:06,Technical,Medium,
3952,1033,2024/12/27 00:00:00,2024/12/27 02:57:59,General,High,3.0
3953,3300,2024/02/16 00:00:00,2024/02/16 17:18:17,General,Low,
3954,2161,2024/10/15 00:00:00,2024/10/15 01:48:35,Technical,Low,5.0
3955,2161,2024/05/29 00:00:00,2024/05/29 06:58:07,General,High,4.0
3956,2161,2024/02/23 00:00:00,,Billing,Low,
3957,1024,2024/05/21 00:00:00,2024/05/21 07:21:13,Technical,Medium,
3958,1024,2024/11/07 00:00:00,2024/11/07 17:03:20,General,Medium,
3959,1024,2024/11/18 00:00:00,2024/11/20 05:51:21,General,Low,
3960,1024,2024/07/15 00:00:00,,Technical,Low,
3961,2270,2024/03/09 00:00:00,2024/03/09 18:03:20,Technical,Medium,4.0
3962,2270,2024/03/16 00:00:00,,Technical,Low,
3963,2270,2024/05/19 00:00:00,2024/05/20 07:19:06,Billing,Low,2.0
3964,2270,2024/07/26 00:00:00,2024/07/26 10:09:06,Technical,Low,4.0
3965,4935,2024/05/29 00:00:00,2024/05/30 11:42:57,General,Low,
3966,4783,2024/04/17 00:00:00,2024/04/17 07:52:35,General,High,
3967,4783,2024/10/18 00:00:00,,Technical,Low,
3968,4783,2024/02/06 00:00:00,2024/02/06 18:37:04,Technical,High,3.0
3969,4783,2024/09/09 00:00:00,2024/09/09 03:37:14,Billing,Low,3.0
3970,4783,2024/08/07 00:00:00,2024/08/07 17:57:25,Billing,Low,5.0
3971,2677,2024/10/17 00:00:00,2024/10/17 15:57:57,Technical,Medium,
3972,2677,2024/06/17 00:00:00,2024/06/17 09:17:44,General,Low,5.0
3973,2677,2024/07/29 00:00:00,2024/07/31 12:32:28,Technical,Low,
3974,2677,2024/09/24 00:00:00,2024/09/24 17:51:26,Technical,High,
3975,2723,2024/10/10 00:00:00,2024/10/10 11:29:48,Technical,High,2.0
3976,3829,2024/02/21 00:00:00,2024/02/21 19:31:06,Technical,Low,
3977,3829,2024/10/21 00:00:00,2024/10/21 03:43:38,Technical,Medium,4.0
3978,2714,2024/01/03 00:00:00,2024/01/03 11:06:58,General,Low,5.0
3979,2714,2024/02/05 00:00:00,2024/02/05 10:49:36,Technical,Medium,
3980,2714,2024/12/22 00:00:00,2024/12/22 15:21:20,Billing,Low,3.0
3981,2714,2024/07/13 00:00:00,2024/07/13 11:38:52,Technical,Low,
3982,1083,2024/06/27 00:00:00,2024/06/29 03:00:35,Billing,Low,
3983,1083,2024/12/15 00:00:00,,Technical,High,
3984,1083,2024/02/23 00:00:00,2024/02/24 03:16:57,Billing,Low,5.0
3985,3026,2024/08/24 00:00:00,2024/08/24 14:10:11,Billing,Low,
3986,3026,2024/01/11 00:00:00,2024/01/12 02:11:55,Technical,Medium,4.0
3987,3026,2024/02/21 00:00:00,,Billing,Medium,
3988,3026,2024/10/02 00:00:00,2024/10/03 00:30:22,Technical,Medium,3.0
3989,3026,2024/10/05 00:00:00,2024/10/05 01:55:40,Billing,Low,
3990,487,2024/01/27 00:00:00,,Billing,High,
3991,487,2024/09/25 00:00:00,2024/09/25 14:36:07,General,Medium,
3992,487,2024/09/19 00:00:00,2024/09/19 15:40:23,Billing,High,4.0
3993,487,2024/10/18 00:00:00,2024/10/18 17:52:56,Technical,Low,5.0
3994,487,2024/02/20 00:00:00,2024/02/20 09:38:03,Technical,Medium,4.0
3995,4170,2024/04/04 00:00:00,2024/04/04 17:10:53,Billing,Medium,
3996,4170,2024/09/18 00:00:00,2024/09/18 16:42:43,Technical,Low,5.0
3997,4170,2024/11/25 00:00:00,2024/11/25 06:45:52,General,High,
3998,2923,2024/04/23 00:00:00,2024/04/24 01:56:01,Technical,Medium,3.0
3999,2923,2024/11/29 00:00:00,,General,Low,
4000,1300,2024/03/05 00:00:00,2024/03/05 22:39:14,Technical,Medium,4.0
4001,1300,2024/03/05 00:00:00,2024/03/05 12:46:43,Billing,Low,
4002,1300,2024/09/27 00:00:00,2024/09/27 06:56:44,Technical,Low,
4003,1300,2024/01/01 00:00:00,2024/01/01 20:26:04,Technical,Low,
4004,4679,2024/01/03 00:00:00,2024/01/03 08:03:48,Technical,Medium,
4005,4679,2024/03/30 00:00:00,2024/03/31 20:18:17,Technical,Low,
4006,4679,2024/08/13 00:00:00,2024/08/13 22:02:45,Billing,Low,4.0
4007,4679,2024/06/03 00:00:00,2024/06/03 01:10:45,Technical,High,
4008,4295,2024/03/12 00:00:00,2024/03/12 18:36:49,General,Medium,4.0
4009,4295,2024/10/08 00:00:00,2024/10/08 16:18:32,General,Medium,
4010,563,2024/03/13 00:00:00,2024/03/13 06:53:49,Technical,Low,5.0
4011,563,2024/11/12 00:00:00,2024/11/12 03:41:44,Technical,Medium,5.0
4012,563,2024/09/12 00:00:00,2024/09/12 12:02:26,Billing,Low,5.0
4013,563,2024/12/24 00:00:00,2024/12/24 12:34:57,Technical,High,1.0
4014,563,2024/03/24 00:00:00,,Technical,Low,
4015,1392,2024/10/29 00:00:00,,Technical,Medium,
4016,1392,2024/08/12 00:00:00,,Technical,High,
4017,1392,2024/08/29 00:00:00,,Billing,Medium,
4018,1392,2024/06/23 00:00:00,2024/06/23 01:29:07,Technical,Low,3.0
4019,1392,2024/08/01 00:00:00,2024/08/01 16:10:13,Technical,Low,
4020,4017,2024/03/05 00:00:00,,General,Medium,
4021,4017,2024/09/21 00:00:00,2024/09/21 07:02:12,General,Low,5.0
4022,4017,2024/02/19 00:00:00,,Billing,Medium,
4023,4017,2024/04/27 00:00:00,2024/04/27 14:54:24,Technical,Low,
4024,3384,2024/10/13 00:00:00,2024/10/13 09:59:29,Billing,Medium,4.0
4025,3384,2024/09/14 00:00:00,2024/09/14 04:17:44,Billing,Low,5.0
4026,2992,2024/02/05 00:00:00,2024/02/05 17:48:03,Technical,Low,
4027,2992,2024/05/16 00:00:00,2024/05/16 09:09:44,Technical,Low,
4028,2992,2024/07/03 00:00:00,2024/07/04 09:00:47,General,Low,
4029,2992,2024/11/22 00:00:00,2024/11/22 09:52:36,General,Low,5.0
4030,2992,2024/05/31 00:00:00,2024/05/31 09:36:36,Billing,Low,5.0
4031,1090,2024/05/19 00:00:00,,General,High,
4032,1090,2024/12/23 00:00:00,2024/12/23 15:38:20,Billing,Medium,
4033,1090,2024/12/25 00:00:00,2024/12/27 00:20:48,Technical,High,
4034,1090,2024/01/09 00:00:00,,Technical,Low,
4035,1219,2024/02/23 00:00:00,2024/02/24 13:35:52,Technical,High,
4036,1219,2024/01/11 00:00:00,2024/01/11 07:59:55,Technical,Low,3.0
4037,1219,2024/03/31 00:00:00,2024/03/31 12:52:11,Technical,Low,
4038,1219,2024/03/09 00:00:00,2024/03/09 08:03:10,Technical,Low,3.0
4039,2274,2024/10/23 00:00:00,2024/10/23 15:11:08,Technical,Low,5.0
4040,2274,2024/01/08 00:00:00,2024/01/08 10:29:38,Technical,High,3.0
4041,1606,2024/01/29 00:00:00,,General,Medium,
4042,1606,2024/12/23 00:00:00,2024/12/23 15:14:09,Billing,Low,
4043,1606,2024/01/31 00:00:00,2024/01/31 15:16:52,Technical,Low,4.0
4044,1606,2024/02/24 00:00:00,2024/02/24 09:18:17,General,Low,
4045,1606,2024/11/11 00:00:00,2024/11/11 05:49:58,Billing,Low,4.0
4046,2767,2024/06/17 00:00:00,2024/06/17 10:10:15,Technical,High,2.0
4047,2767,2024/09/15 00:00:00,2024/09/15 02:24:04,General,Low,3.0
4048,2767,2024/10/31 00:00:00,2024/10/31 13:31:24,Technical,Medium,4.0
4049,2767,2024/02/19 00:00:00,2024/02/20 22:03:03,Billing,Medium,3.0
4050,64,2024/04/21 00:00:00,2024/04/21 11:13:10,Technical,Medium,2.0
4051,64,2024/05/29 00:00:00,2024/05/29 14:44:18,Technical,Low,5.0
4052,64,2024/04/23 00:00:00,2024/04/23 04:59:57,Technical,Low,4.0
4053,4432,2024/07/07 00:00:00,,Billing,Medium,
4054,4432,2024/09/21 00:00:00,,Technical,Low,
4055,4432,2024/10/04 00:00:00,2024/10/04 10:43:30,Technical,High,
4056,3246,2024/05/27 00:00:00,2024/05/27 04:10:23,Technical,Low,5.0
4057,3246,2024/04/11 00:00:00,2024/04/11 04:46:35,Technical,Medium,5.0
4058,3246,2024/09/19 00:00:00,2024/09/19 10:13:52,Billing,Low,5.0
4059,3246,2024/02/25 00:00:00,2024/02/25 17:25:35,General,Medium,
4060,4959,2024/03/13 00:00:00,2024/03/13 11:10:23,Technical,High,4.0
4061,4959,2024/05/09 00:00:00,2024/05/10 22:41:43,Technical,High,3.0
4062,4959,2024/01/27 00:00:00,2024/01/27 11:21:38,Technical,Medium,4.0
4063,4959,2024/10/21 00:00:00,2024/10/22 13:18:59,Technical,Medium,
4064,4959,2024/12/18 00:00:00,2024/12/18 16:48:57,Billing,Low,
4065,1344,2024/02/03 00:00:00,2024/02/04 22:46:08,Technical,Low,
4066,1344,2024/02/23 00:00:00,2024/02/23 15:02:40,Billing,Low,5.0
4067,1344,2024/01/25 00:00:00,,Billing,Low,
4068,1344,2024/06/02 00:00:00,2024/06/02 08:04:46,General,Low,
4069,1344,2024/09/25 00:00:00,2024/09/25 04:55:20,Technical,Low,
4070,2479,2024/01/11 00:00:00,2024/01/11 18:55:20,Technical,Low,
4071,2479,2024/07/16 00:00:00,2024/07/16 06:09:45,Billing,Medium,4.0
4072,1290,2024/06/13 00:00:00,2024/06/13 07:40:50,Billing,Medium,5.0
4073,1290,2024/10/27 00:00:00,2024/10/27 21:18:57,Technical,Low,5.0
4074,1290,2024/04/27 00:00:00,,Technical,Medium,
4075,2002,2024/01/27 00:00:00,2024/01/27 14:10:19,Billing,Low,5.0
4076,2002,2024/12/06 00:00:00,2024/12/06 21:33:06,Billing,Medium,
4077,580,2024/02/04 00:00:00,2024/02/04 05:48:34,Technical,High,4.0
4078,580,2024/09/07 00:00:00,2024/09/07 12:57:39,General,Low,2.0
4079,580,2024/06/29 00:00:00,2024/06/29 22:32:00,General,Low,
4080,580,2024/02/09 00:00:00,,Technical,Low,
4081,1597,2024/05/10 00:00:00,2024/05/10 12:13:23,Billing,Low,
4082,1597,2024/05/29 00:00:00,2024/05/29 14:27:16,General,Low,5.0
4083,1597,2024/03/29 00:00:00,2024/03/29 13:33:00,General,Low,4.0
4084,1597,2024/10/12 00:00:00,2024/10/13 05:09:42,Technical,Medium,2.0
4085,1597,2024/06/08 00:00:00,2024/06/08 04:07:02,General,Medium,
4086,1091,2024/01/28 00:00:00,2024/01/30 04:55:23,General,High,1.0
4087,1091,2024/03/04 00:00:00,2024/03/04 11:08:06,Billing,Medium,
4088,1091,2024/05/23 00:00:00,2024/05/24 15:49:09,Technical,High,4.0
4089,1091,2024/11/08 00:00:00,,Technical,High,
4090,4446,2024/12/21 00:00:00,2024/12/22 21:49:41,Technical,Medium,
4091,4446,2024/09/08 00:00:00,2024/09/08 16:34:49,Billing,Medium,
4092,4446,2024/04/04 00:00:00,,Billing,Low,
4093,4446,2024/02/08 00:00:00,2024/02/09 00:19:30,Billing,Low,4.0
4094,4932,2024/06/10 00:00:00,2024/06/10 18:40:13,General,Medium,5.0
4095,4932,2024/09/19 00:00:00,2024/09/20 03:12:45,Billing,High,
4096,4932,2024/06/20 00:00:00,2024/06/20 16:11:01,Technical,Low,
4097,3297,2024/01/22 00:00:00,,General,Medium,
4098,3297,2024/12/20 00:00:00,2024/12/20 07:08:24,General,Low,4.0
4099,1588,2024/08/10 00:00:00,2024/08/11 03:16:17,General,Low,3.0
4100,1588,2024/04/12 00:00:00,2024/04/13 23:20:06,Technical,Low,5.0
4101,1588,2024/12/16 00:00:00,2024/12/17 02:35:07,Technical,Low,5.0
4102,1588,2024/09/09 00:00:00,2024/09/10 09:38:01,Billing,High,
4103,1588,2024/02/28 00:00:00,,Billing,Medium,
4104,3535,2024/08/20 00:00:00,2024/08/20 08:41:16,Billing,Medium,
4105,3535,2024/12/20 00:00:00,2024/12/20 19:59:22,Technical,Low,
4106,3535,2024/05/17 00:00:00,,Billing,Low,
4107,3535,2024/05/16 00:00:00,2024/05/16 14:34:02,General,Low,5.0
4108,3535,2024/10/06 00:00:00,2024/10/07 00:31:20,Technical,Low,
4109,4010,2024/01/23 00:00:00,,Technical,High,
4110,4010,2024/07/04 00:00:00,2024/07/04 20:47:43,Technical,Medium,
4111,1723,2024/06/23 00:00:00,2024/06/23 06:26:54,Billing,Medium,3.0
4112,1723,2024/12/10 00:00:00,2024/12/10 16:31:28,Billing,Low,3.0
4113,3781,2024/08/31 00:00:00,2024/08/31 13:57:29,Technical,Low,
4114,4429,2024/12/13 00:00:00,2024/12/13 06:30:09,Technical,Low,4.0
4115,4429,2024/10/31 00:00:00,2024/10/31 13:33:11,Technical,Low,
4116,2263,2024/03/10 00:00:00,2024/03/10 08:21:03,Billing,Low,5.0
4117,2263,2024/05/29 00:00:00,2024/05/29 04:10:30,General,High,
4118,2263,2024/05/27 00:00:00,2024/05/27 15:18:23,Technical,Medium,3.0
4119,2478,2024/01/10 00:00:00,2024/01/10 06:05:52,General,High,5.0
4120,4084,2024/09/22 00:00:00,2024/09/22 21:43:18,Billing,Low,4.0
4121,68,2024/06/14 00:00:00,2024/06/14 14:55:25,Billing,Medium,
4122,173,2024/02/28 00:00:00,2024/02/29 20:07:43,Technical,Medium,1.0
4123,4698,2024/06/14 00:00:00,2024/06/15 15:54:32,Technical,Low,4.0
4124,4698,2024/03/20 00:00:00,2024/03/20 20:56:44,Technical,Medium,3.0
4125,972,2024/04/04 00:00:00,2024/04/05 00:52:13,Technical,Low,
4126,15,2024/05/13 00:00:00,,General,Medium,
4127,15,2024/05/31 00:00:00,2024/05/31 09:53:22,Technical,Medium,5.0
4128,15,2024/01/11 00:00:00,2024/01/11 08:41:17,General,Medium,1.0
4129,15,2024/01/17 00:00:00,2024/01/17 20:38:43,General,High,
4130,15,2024/06/09 00:00:00,2024/06/09 16:45:04,Technical,Low,5.0
4131,1811,2024/04/25 00:00:00,2024/04/25 15:09:16,Technical,Medium,3.0
4132,1811,2024/12/15 00:00:00,2024/12/15 08:07:45,Technical,High,3.0
4133,3649,2024/05/24 00:00:00,2024/05/24 23:09:20,Technical,Medium,3.0
4134,3725,2024/12/20 00:00:00,2024/12/20 07:56:13,Technical,High,3.0
4135,4521,2024/09/20 00:00:00,,Billing,High,
4136,4521,2024/01/17 00:00:00,2024/01/17 09:01:30,Technical,High,2.0
4137,4521,2024/03/13 00:00:00,2024/03/13 17:36:17,Technical,Medium,4.0
4138,1247,2024/03/17 00:00:00,,Technical,Low,
4139,1247,2024/02/28 00:00:00,2024/02/28 15:28:51,Billing,Low,
4140,1247,2024/12/02 00:00:00,,Technical,Low,
4141,486,2024/11/07 00:00:00,,General,Low,
4142,486,2024/01/21 00:00:00,,Technical,Low,
4143,2008,2024/11/11 00:00:00,,Technical,Low,
4144,2008,2024/01/04 00:00:00,2024/01/04 15:17:37,Technical,Low,5.0
4145,2008,2024/08/02 00:00:00,2024/08/03 13:36:59,Technical,High,
4146,2008,2024/07/28 00:00:00,,Technical,Low,
4147,2008,2024/09/02 00:00:00,2024/09/02 13:59:39,General,Medium,
4148,3396,2024/02/28 00:00:00,2024/02/28 04:35:24,Billing,Low,5.0
4149,3396,2024/11/13 00:00:00,2024/11/13 04:09:28,Billing,Low,5.0
4150,124,2024/12/16 00:00:00,2024/12/16 02:43:22,Billing,Low,4.0
4151,124,2024/05/23 00:00:00,2024/05/23 07:13:19,General,Low,
4152,124,2024/04/04 00:00:00,2024/04/04 17:41:18,Billing,Low,4.0
4153,124,2024/01/30 00:00:00,2024/01/30 18:13:06,Billing,Low,
4154,124,2024/11/27 00:00:00,2024/11/27 05:14:50,Technical,Low,4.0
4155,1437,2024/08/13 00:00:00,2024/08/13 18:04:48,Billing,Low,5.0
4156,1437,2024/01/25 00:00:00,,Billing,High,
4157,704,2024/06/15 00:00:00,2024/06/15 07:36:15,Billing,High,
4158,704,2024/08/21 00:00:00,2024/08/21 05:16:47,Technical,Low,5.0
4159,704,2024/09/18 00:00:00,2024/09/19 06:36:35,Billing,Medium,
4160,704,2024/10/14 00:00:00,2024/10/14 10:03:41,Billing,Medium,4.0
4161,704,2024/12/05 00:00:00,2024/12/05 11:04:37,Technical,High,
4162,2100,2024/01/25 00:00:00,2024/01/25 13:55:19,Technical,High,5.0
4163,2100,2024/09/13 00:00:00,2024/09/13 06:47:21,Billing,Low,5.0
4164,2100,2024/04/18 00:00:00,2024/04/18 07:42:26,Billing,High,1.0
4165,517,2024/06/17 00:00:00,2024/06/18 00:15:07,Technical,Low,4.0
4166,517,2024/05/24 00:00:00,2024/05/25 04:15:09,Technical,Low,4.0
4167,667,2024/11/17 00:00:00,2024/11/17 10:56:56,General,Low,5.0
4168,667,2024/06/06 00:00:00,2024/06/06 10:46:42,Billing,Low,
4169,667,2024/07/09 00:00:00,2024/07/09 12:30:07,General,High,4.0
4170,667,2024/07/12 00:00:00,,Technical,Low,
4171,1552,2024/03/24 00:00:00,2024/03/24 08:58:57,Technical,High,
4172,1552,2024/08/24 00:00:00,,Technical,Medium,
4173,1552,2024/06/14 00:00:00,2024/06/15 00:18:12,Technical,Low,
4174,1552,2024/12/03 00:00:00,2024/12/03 20:42:30,Technical,Low,4.0
4175,1552,2024/04/11 00:00:00,2024/04/11 16:12:43,Technical,Low,4.0
4176,3527,2024/11/26 00:00:00,2024/11/26 03:56:17,Technical,Medium,
4177,3527,2024/12/25 00:00:00,2024/12/26 09:20:55,Billing,Medium,
4178,2898,2024/11/11 00:00:00,,Billing,Low,
4179,2898,2024/05/13 00:00:00,2024/05/13 09:57:40,Technical,Medium,2.0
4180,2898,2024/10/01 00:00:00,2024/10/01 18:41:59,Technical,High,4.0
4181,2279,2024/10/11 00:00:00,,Technical,Low,
4182,2279,2024/01/22 00:00:00,2024/01/22 15:47:43,Technical,Medium,
4183,2279,2024/04/22 00:00:00,,Billing,Medium,
4184,4597,2024/08/05 00:00:00,2024/08/05 11:59:06,General,Medium,2.0
4185,3291,2024/11/04 00:00:00,2024/11/04 05:42:10,Billing,High,
4186,3291,2024/08/03 00:00:00,2024/08/03 09:44:58,Billing,High,
4187,3291,2024/01/15 00:00:00,,Technical,Low,
4188,3291,2024/11/20 00:00:00,2024/11/20 20:44:04,Billing,Medium,4.0
4189,3196,2024/10/14 00:00:00,2024/10/14 05:48:29,Technical,Low,
4190,4100,2024/12/03 00:00:00,2024/12/03 04:43:17,Technical,Low,
4191,4100,2024/12/04 00:00:00,2024/12/05 03:26:37,Billing,Low,4.0
4192,796,2024/01/29 00:00:00,2024/01/29 20:51:24,Billing,Low,4.0
4193,796,2024/04/18 00:00:00,,Technical,Medium,
4194,796,2024/08/05 00:00:00,2024/08/05 03:58:50,Technical,Low,
4195,796,2024/11/04 00:00:00,2024/11/04 05:50:08,Technical,Low,4.0
4196,796,2024/04/26 00:00:00,2024/04/26 06:50:07,Billing,Low,
4197,496,2024/08/10 00:00:00,2024/08/10 02:53:00,Technical,High,4.0
4198,496,2024/11/27 00:00:00,2024/11/27 04:02:25,Technical,Low,
4199,352,2024/12/03 00:00:00,2024/12/03 06:55:40,Technical,Low,1.0
4200,352,2024/12/03 00:00:00,2024/12/03 05:20:51,Technical,Low,5.0
4201,352,2024/09/06 00:00:00,2024/09/06 15:23:26,Technical,Low,
4202,352,2024/03/13 00:00:00,,Technical,Medium,
4203,352,2024/09/14 00:00:00,,Billing,Medium,
4204,3865,2024/11/07 00:00:00,2024/11/07 06:16:49,General,High,3.0
4205,3865,2024/06/18 00:00:00,,Billing,Low,
4206,3758,2024/11/20 00:00:00,2024/11/20 15:55:03,Billing,Low,
4207,3758,2024/11/18 00:00:00,,Technical,Low,
4208,3758,2024/04/18 00:00:00,,Technical,Low,
4209,3758,2024/04/05 00:00:00,2024/04/05 09:02:29,Technical,Low,4.0
4210,3758,2024/08/06 00:00:00,2024/08/07 20:34:38,Technical,Low,
4211,2363,2024/03/03 00:00:00,2024/03/03 18:40:56,Technical,Low,
4212,2363,2024/09/24 00:00:00,2024/09/24 10:14:03,Billing,Medium,
4213,2363,2024/12/23 00:00:00,2024/12/23 02:42:41,General,Low,4.0
4214,2363,2024/01/22 00:00:00,,Technical,Low,
4215,2363,2024/12/21 00:00:00,2024/12/22 03:26:11,Technical,Medium,1.0
4216,4482,2024/10/11 00:00:00,2024/10/11 23:11:59,Technical,Low,5.0
4217,4482,2024/09/24 00:00:00,2024/09/25 04:49:48,Technical,Medium,
4218,4482,2024/11/10 00:00:00,2024/11/10 18:23:57,Technical,Low,3.0
4219,4482,2024/01/05 00:00:00,2024/01/05 04:06:22,Billing,Medium,3.0
4220,693,2024/10/07 00:00:00,,Technical,Low,
4221,693,2024/05/27 00:00:00,2024/05/28 14:57:21,Billing,High,3.0
4222,2565,2024/08/11 00:00:00,2024/08/12 00:14:26,Billing,Low,
4223,3141,2024/07/03 00:00:00,2024/07/03 04:20:16,Billing,Medium,4.0
4224,3141,2024/07/28 00:00:00,,Billing,Medium,
4225,3141,2024/04/03 00:00:00,2024/04/03 01:00:43,Technical,Low,3.0
4226,3141,2024/02/02 00:00:00,2024/02/02 19:27:19,Technical,Medium,4.0
4227,4692,2024/02/10 00:00:00,2024/02/10 08:26:28,Billing,Low,
4228,4692,2024/12/01 00:00:00,2024/12/01 04:59:17,Billing,Low,2.0
4229,2436,2024/11/03 00:00:00,2024/11/03 12:55:47,Technical,High,
4230,2436,2024/09/23 00:00:00,2024/09/23 21:18:53,Billing,Medium,
4231,2436,2024/01/18 00:00:00,2024/01/19 02:33:27,Billing,Medium,
4232,2436,2024/10/16 00:00:00,2024/10/17 11:44:52,General,Medium,5.0
4233,4164,2024/10/24 00:00:00,2024/10/24 13:46:10,Technical,Medium,4.0
4234,4164,2024/03/17 00:00:00,,Technical,High,
4235,4164,2024/06/13 00:00:00,2024/06/13 08:51:57,General,Low,5.0
4236,4164,2024/11/11 00:00:00,,Technical,Medium,
4237,4164,2024/04/30 00:00:00,2024/05/01 20:47:26,Technical,Low,5.0
4238,3022,2024/10/18 00:00:00,2024/10/19 11:10:51,Technical,Medium,5.0
4239,3022,2024/11/22 00:00:00,2024/11/22 07:22:29,Technical,High,4.0
4240,3022,2024/05/09 00:00:00,2024/05/09 14:43:27,General,Medium,3.0
4241,3022,2024/05/20 00:00:00,2024/05/20 11:17:11,General,Low,5.0
4242,3022,2024/05/26 00:00:00,2024/05/27 12:49:41,Billing,Low,3.0
4243,1389,2024/04/30 00:00:00,2024/04/30 04:00:02,Technical,Medium,5.0
4244,1389,2024/03/03 00:00:00,2024/03/03 20:30:22,Billing,Low,
4245,1389,2024/08/30 00:00:00,2024/08/30 04:29:04,Technical,Low,4.0
4246,1389,2024/08/01 00:00:00,,General,Medium,
4247,2262,2024/02/09 00:00:00,2024/02/09 23:33:58,General,Low,3.0
4248,2262,2024/02/04 00:00:00,2024/02/04 16:35:34,Technical,Medium,
4249,2262,2024/10/30 00:00:00,2024/10/30 20:12:52,Billing,High,3.0
4250,405,2024/09/30 00:00:00,2024/09/30 13:58:04,Technical,Medium,5.0
4251,405,2024/09/27 00:00:00,2024/09/27 20:40:54,Billing,Low,2.0
4252,405,2024/11/02 00:00:00,2024/11/02 06:56:25,Billing,Low,
4253,405,2024/07/16 00:00:00,,Technical,Low,
4254,2005,2024/07/12 00:00:00,2024/07/12 18:14:33,Billing,Low,
4255,2005,2024/10/16 00:00:00,2024/10/16 06:10:07,General,Low,5.0
4256,3710,2024/03/21 00:00:00,2024/03/21 18:20:43,Billing,Medium,2.0
4257,3710,2024/01/02 00:00:00,2024/01/03 02:57:36,Technical,Low,4.0
4258,3710,2024/02/18 00:00:00,2024/02/18 17:18:40,Billing,Medium,
4259,3710,2024/06/19 00:00:00,2024/06/20 15:32:34,Technical,Medium,2.0
4260,1348,2024/07/06 00:00:00,2024/07/06 15:19:50,Technical,Low,2.0
4261,1348,2024/04/21 00:00:00,2024/04/21 07:25:58,Technical,Low,
4262,1602,2024/01/10 00:00:00,2024/01/10 13:21:35,Technical,Low,5.0
4263,1602,2024/06/03 00:00:00,,Technical,High,
4264,1602,2024/08/17 00:00:00,,General,Low,
4265,1602,2024/08/19 00:00:00,,General,Medium,
4266,3266,2024/10/19 00:00:00,2024/10/19 11:07:42,Technical,Low,5.0
4267,3266,2024/02/10 00:00:00,2024/02/11 12:08:26,Technical,Low,3.0
4268,3266,2024/05/21 00:00:00,2024/05/21 13:12:58,Technical,Low,5.0
4269,3266,2024/01/28 00:00:00,2024/01/29 08:31:26,Billing,Low,
4270,3953,2024/11/16 00:00:00,2024/11/16 12:44:36,General,Low,4.0
4271,3953,2024/12/05 00:00:00,2024/12/05 13:13:20,Billing,High,2.0
4272,3953,2024/09/14 00:00:00,2024/09/14 11:21:00,Billing,High,
4273,576,2024/08/20 00:00:00,,Technical,Low,
4274,1099,2024/03/30 00:00:00,,General,Medium,
4275,1099,2024/04/02 00:00:00,2024/04/02 13:23:30,Billing,Low,4.0
4276,1099,2024/09/11 00:00:00,2024/09/12 02:12:20,Technical,Low,5.0
4277,1099,2024/01/04 00:00:00,2024/01/04 11:17:33,Billing,Medium,1.0
4278,1099,2024/04/21 00:00:00,2024/04/21 03:36:51,Billing,Low,
4279,4531,2024/06/28 00:00:00,2024/06/28 07:24:51,General,Low,5.0
4280,4531,2024/01/27 00:00:00,2024/01/27 20:00:30,Technical,Medium,
4281,4531,2024/10/26 00:00:00,2024/10/27 13:33:27,Technical,Medium,
4282,2111,2024/06/20 00:00:00,2024/06/21 09:03:31,Billing,Medium,
4283,2111,2024/01/16 00:00:00,2024/01/16 08:16:34,Billing,High,
4284,2111,2024/03/07 00:00:00,2024/03/07 03:28:08,Technical,High,4.0
4285,2111,2024/07/29 00:00:00,2024/07/29 19:42:54,Technical,Medium,4.0
4286,2111,2024/03/12 00:00:00,,Technical,Low,
4287,2454,2024/08/21 00:00:00,2024/08/21 12:49:53,Technical,Low,
4288,2204,2024/08/31 00:00:00,2024/09/01 02:15:14,Technical,Medium,3.0
4289,2204,2024/11/01 00:00:00,2024/11/01 16:08:51,Billing,Low,
4290,2204,2024/02/01 00:00:00,2024/02/02 10:43:10,Technical,Medium,
4291,2204,2024/05/24 00:00:00,2024/05/24 16:56:38,General,Low,
4292,2204,2024/05/11 00:00:00,2024/05/11 11:05:43,Technical,Medium,2.0
4293,2579,2024/08/14 00:00:00,2024/08/14 18:39:27,Billing,Medium,3.0
4294,2579,2024/06/08 00:00:00,2024/06/08 06:10:24,Technical,High,
4295,2579,2024/07/04 00:00:00,2024/07/04 05:58:03,Technical,Low,2.0
4296,4014,2024/11/05 00:00:00,,Technical,Low,
4297,4014,2024/01/29 00:00:00,2024/01/29 12:55:32,Technical,High,
4298,1308,2024/02/24 00:00:00,,Technical,Low,
4299,1308,2024/07/07 00:00:00,2024/07/07 06:11:24,Technical,Medium,5.0
4300,1308,2024/08/11 00:00:00,2024/08/11 11:08:56,Billing,Medium,5.0
4301,1732,2024/11/21 00:00:00,2024/11/21 21:59:58,Billing,Medium,
4302,1198,2024/12/15 00:00:00,2024/12/16 01:42:15,General,Low,4.0
4303,4103,2024/02/13 00:00:00,2024/02/13 03:09:20,Billing,Low,4.0
4304,4103,2024/03/26 00:00:00,2024/03/27 04:41:23,Technical,Low,
4305,4103,2024/06/09 00:00:00,2024/06/09 21:25:02,General,Medium,3.0
4306,2754,2024/06/18 00:00:00,2024/06/18 20:26:47,Billing,Low,3.0
4307,2754,2024/10/10 00:00:00,2024/10/11 02:21:53,Technical,Medium,3.0
4308,2754,2024/01/11 00:00:00,2024/01/12 05:13:10,Technical,Medium,
4309,2754,2024/01/25 00:00:00,2024/01/25 11:29:56,Billing,Medium,
4310,62,2024/04/22 00:00:00,,Technical,Medium,
4311,62,2024/07/23 00:00:00,2024/07/24 06:32:01,General,Low,
4312,2087,2024/05/17 00:00:00,2024/05/17 07:39:29,Billing,Medium,3.0
4313,2087,2024/08/25 00:00:00,2024/08/25 02:20:57,Technical,High,2.0
4314,2087,2024/09/14 00:00:00,2024/09/15 10:30:20,Technical,Low,
4315,2087,2024/05/05 00:00:00,2024/05/05 10:42:27,General,High,2.0
4316,621,2024/04/21 00:00:00,2024/04/22 12:07:47,Billing,Medium,4.0
4317,621,2024/05/26 00:00:00,2024/05/26 07:03:18,Technical,Low,5.0
4318,621,2024/01/11 00:00:00,2024/01/11 17:18:54,Billing,Low,
4319,621,2024/05/18 00:00:00,2024/05/18 06:11:16,Technical,Low,4.0
4320,621,2024/11/02 00:00:00,2024/11/02 14:38:09,Billing,Low,3.0
4321,2218,2024/04/05 00:00:00,,Billing,High,
4322,2218,2024/09/17 00:00:00,2024/09/19 04:09:39,Billing,Low,
4323,2218,2024/09/22 00:00:00,2024/09/22 22:39:17,Billing,Low,
4324,2218,2024/07/23 00:00:00,,Technical,Low,
4325,2819,2024/01/08 00:00:00,2024/01/09 04:06:14,Billing,Medium,
4326,2819,2024/10/11 00:00:00,,Technical,Low,
4327,2819,2024/03/05 00:00:00,2024/03/05 05:49:29,General,High,2.0
4328,2819,2024/09/11 00:00:00,2024/09/11 11:02:13,Technical,High,4.0
4329,2819,2024/12/17 00:00:00,2024/12/17 06:28:42,Technical,High,3.0
4330,3682,2024/08/26 00:00:00,,Technical,Medium,
4331,3682,2024/06/08 00:00:00,2024/06/08 08:39:58,Technical,Medium,4.0
4332,3682,2024/10/16 00:00:00,2024/10/16 08:18:55,Technical,Medium,
4333,3701,2024/08/05 00:00:00,2024/08/06 01:00:05,General,Low,3.0
4334,3701,2024/10/14 00:00:00,2024/10/14 06:25:03,Billing,Low,5.0
4335,3701,2024/10/06 00:00:00,,Technical,Low,
4336,2641,2024/08/23 00:00:00,2024/08/23 11:36:28,Technical,Low,
4337,2641,2024/04/10 00:00:00,2024/04/10 21:46:34,Billing,Low,
4338,63,2024/08/28 00:00:00,2024/08/28 15:07:00,Technical,Low,5.0
4339,63,2024/12/23 00:00:00,2024/12/23 11:57:31,Billing,Medium,4.0
4340,63,2024/04/07 00:00:00,,Technical,Medium,
4341,63,2024/08/09 00:00:00,2024/08/09 11:33:55,Technical,Medium,
4342,2470,2024/10/18 00:00:00,2024/10/18 11:49:04,Billing,Medium,
4343,2470,2024/11/04 00:00:00,2024/11/04 03:09:28,Billing,High,
4344,2470,2024/07/06 00:00:00,2024/07/08 17:30:57,Billing,Low,4.0
4345,2470,2024/10/18 00:00:00,2024/10/19 11:22:37,Billing,Low,4.0
4346,2656,2024/06/07 00:00:00,2024/06/07 18:27:18,Technical,Medium,
4347,2656,2024/08/28 00:00:00,,Billing,Low,
4348,2656,2024/03/31 00:00:00,2024/03/31 05:30:36,Technical,Low,5.0
4349,2656,2024/09/21 00:00:00,,Billing,High,
4350,2656,2024/05/09 00:00:00,2024/05/09 04:29:17,Technical,Low,
4351,1617,2024/06/02 00:00:00,2024/06/02 05:57:23,Technical,Low,5.0
4352,1617,2024/02/24 00:00:00,2024/02/25 06:38:29,General,Low,
4353,1617,2024/02/26 00:00:00,,Technical,Medium,
4354,3522,2024/07/05 00:00:00,2024/07/05 05:24:22,Billing,Medium,4.0
4355,3522,2024/12/02 00:00:00,2024/12/02 06:32:39,Technical,Low,5.0
4356,3522,2024/04/24 00:00:00,2024/04/24 01:27:23,General,Low,
4357,3522,2024/09/13 00:00:00,2024/09/13 14:56:36,General,High,4.0
4358,3522,2024/02/05 00:00:00,,General,Low,
4359,3143,2024/06/07 00:00:00,,Technical,Low,
4360,3143,2024/05/26 00:00:00,2024/05/26 15:56:46,Billing,Medium,4.0
4361,3143,2024/04/29 00:00:00,,Technical,Medium,
4362,275,2024/03/24 00:00:00,2024/03/24 20:33:29,Technical,High,4.0
4363,275,2024/07/02 00:00:00,,Technical,Low,
4364,1913,2024/03/04 00:00:00,2024/03/04 23:13:20,Billing,Medium,
4365,2232,2024/09/24 00:00:00,2024/09/24 07:24:38,Technical,High,
4366,2232,2024/07/23 00:00:00,2024/07/24 09:48:48,Technical,Low,
4367,1467,2024/04/16 00:00:00,2024/04/16 23:49:19,Technical,High,
4368,1467,2024/12/14 00:00:00,,Technical,Medium,
4369,1467,2024/01/04 00:00:00,2024/01/04 13:02:48,Technical,High,
4370,1467,2024/03/14 00:00:00,,Billing,Low,
4371,1767,2024/09/11 00:00:00,2024/09/11 05:40:15,Billing,High,4.0
4372,4674,2024/07/02 00:00:00,2024/07/02 05:42:43,General,Medium,
4373,4674,2024/06/10 00:00:00,2024/06/10 15:45:29,Technical,High,3.0
4374,2445,2024/09/23 00:00:00,2024/09/23 07:17:16,General,Medium,5.0
4375,2445,2024/02/10 00:00:00,2024/02/10 06:56:17,Technical,Low,
4376,2185,2024/04/19 00:00:00,,Technical,Medium,
4377,2185,2024/06/28 00:00:00,2024/06/28 14:51:19,Technical,High,4.0
4378,2185,2024/08/08 00:00:00,2024/08/08 03:51:58,Technical,Low,2.0
4379,2185,2024/06/05 00:00:00,,Billing,Low,
4380,2185,2024/02/27 00:00:00,2024/02/27 09:22:31,Technical,High,4.0
4381,4871,2024/11/27 00:00:00,2024/11/27 10:39:03,Billing,Medium,5.0
4382,4871,2024/08/18 00:00:00,2024/08/18 13:15:35,General,High,3.0
4383,4871,2024/08/26 00:00:00,2024/08/26 20:37:17,Billing,Low,4.0
4384,4871,2024/12/07 00:00:00,2024/12/07 10:21:12,Billing,Medium,4.0
4385,3601,2024/06/21 00:00:00,2024/06/21 02:03:47,Technical,Medium,
4386,1424,2024/10/20 00:00:00,2024/10/21 05:34:15,Billing,Medium,
4387,1424,2024/10/22 00:00:00,,Technical,Low,
4388,1424,2024/06/25 00:00:00,2024/06/26 22:15:04,Technical,Medium,
4389,1424,2024/03/21 00:00:00,2024/03/21 18:03:41,Billing,Medium,
4390,3055,2024/02/24 00:00:00,2024/02/24 18:23:59,General,Low,4.0
4391,3055,2024/05/27 00:00:00,,General,Low,
4392,3055,2024/07/25 00:00:00,2024/07/25 04:41:46,General,Medium,5.0
4393,3055,2024/10/12 00:00:00,2024/10/12 06:15:46,General,Medium,5.0
4394,4575,2024/06/06 00:00:00,2024/06/07 04:48:24,Technical,High,
4395,4575,2024/04/21 00:00:00,,Billing,Low,
4396,4575,2024/07/20 00:00:00,2024/07/20 15:07:40,Billing,High,2.0
4397,4575,2024/10/18 00:00:00,2024/10/18 03:36:32,Technical,Low,4.0
4398,10,2024/08/20 00:00:00,2024/08/21 16:26:28,General,Medium,
4399,3713,2024/12/03 00:00:00,2024/12/03 04:00:49,General,Low,
4400,3713,2024/07/23 00:00:00,,Billing,Medium,
4401,4740,2024/01/13 00:00:00,2024/01/13 16:34:15,Technical,Low,5.0
4402,4740,2024/05/29 00:00:00,,Technical,High,
4403,2902,2024/02/20 00:00:00,,General,Low,
4404,2902,2024/10/07 00:00:00,2024/10/07 05:57:15,General,High,4.0
4405,2902,2024/10/03 00:00:00,2024/10/04 11:14:26,Technical,Medium,3.0
4406,2902,2024/01/05 00:00:00,2024/01/06 01:11:27,Technical,Low,5.0
4407,2902,2024/10/16 00:00:00,2024/10/17 05:18:08,Technical,Low,5.0
4408,2613,2024/05/06 00:00:00,2024/05/06 09:17:41,General,Low,4.0
4409,2613,2024/06/21 00:00:00,2024/06/22 03:06:16,Technical,Low,
4410,2613,2024/11/05 00:00:00,,Technical,Medium,
4411,709,2024/12/01 00:00:00,2024/12/01 02:39:50,Technical,Low,4.0
4412,709,2024/07/19 00:00:00,2024/07/20 01:20:49,Technical,Low,5.0
4413,3274,2024/07/05 00:00:00,2024/07/06 20:49:04,Technical,Medium,4.0
4414,4730,2024/05/09 00:00:00,2024/05/09 10:14:09,Technical,Low,5.0
4415,4730,2024/04/04 00:00:00,2024/04/04 06:13:36,General,Medium,4.0
4416,2023,2024/06/27 00:00:00,2024/06/27 05:58:03,Technical,Low,
4417,778,2024/08/05 00:00:00,2024/08/05 04:50:54,Technical,Low,4.0
4418,4594,2024/03/31 00:00:00,,Billing,Medium,
4419,4594,2024/07/02 00:00:00,2024/07/02 03:37:39,Billing,Medium,5.0
4420,2097,2024/10/13 00:00:00,,Technical,Low,
4421,2097,2024/11/26 00:00:00,2024/11/26 23:58:01,Technical,Medium,4.0
4422,4241,2024/06/11 00:00:00,2024/06/12 03:12:22,Billing,Medium,
4423,4241,2024/05/26 00:00:00,2024/05/26 11:51:36,General,Medium,3.0
4424,4241,2024/11/25 00:00:00,2024/11/25 20:33:58,Billing,Low,5.0
4425,3489,2024/12/17 00:00:00,2024/12/17 22:10:17,Technical,High,2.0
4426,3102,2024/07/21 00:00:00,2024/07/22 16:01:47,Technical,High,
4427,3311,2024/10/17 00:00:00,2024/10/17 13:39:00,Technical,Low,5.0
4428,3311,2024/07/10 00:00:00,,Billing,Low,
4429,3311,2024/03/21 00:00:00,2024/03/21 05:08:14,Technical,High,
4430,3311,2024/10/03 00:00:00,2024/10/03 03:20:35,Technical,Low,
4431,3939,2024/12/11 00:00:00,2024/12/11 07:30:37,Technical,Low,
4432,3698,2024/10/15 00:00:00,2024/10/15 15:46:05,Technical,Medium,
4433,745,2024/05/15 00:00:00,2024/05/15 01:43:34,Billing,Low,
4434,745,2024/10/12 00:00:00,,Technical,Low,
4435,745,2024/06/08 00:00:00,,Billing,High,
4436,745,2024/06/25 00:00:00,2024/06/25 11:14:21,Billing,High,3.0
4437,745,2024/01/08 00:00:00,2024/01/08 03:03:25,Billing,Low,3.0
4438,4274,2024/04/18 00:00:00,,Billing,Low,
4439,4337,2024/05/05 00:00:00,2024/05/06 00:56:48,General,High,
4440,4337,2024/12/26 00:00:00,2024/12/26 17:02:33,Technical,High,3.0
4441,1035,2024/05/22 00:00:00,,Technical,High,
4442,1035,2024/11/01 00:00:00,2024/11/01 08:43:18,Technical,Medium,4.0
4443,1035,2024/08/15 00:00:00,,General,Medium,
4444,1035,2024/09/16 00:00:00,2024/09/16 01:49:48,Technical,Low,
4445,3706,2024/07/27 00:00:00,,Billing,Low,
4446,2288,2024/10/08 00:00:00,,Billing,High,
4447,2288,2024/08/04 00:00:00,2024/08/05 02:15:46,General,Low,2.0
4448,3377,2024/08/15 00:00:00,2024/08/15 05:55:50,General,Low,5.0
4449,3377,2024/09/01 00:00:00,2024/09/01 07:55:10,General,Medium,3.0
4450,3377,2024/10/11 00:00:00,2024/10/11 18:57:39,Technical,High,4.0
4451,3377,2024/04/27 00:00:00,2024/04/27 11:49:40,Billing,Medium,1.0
4452,3377,2024/06/11 00:00:00,2024/06/11 09:54:29,Technical,Low,
4453,2339,2024/07/19 00:00:00,2024/07/19 21:48:05,Billing,Medium,4.0
4454,2339,2024/05/05 00:00:00,2024/05/06 18:03:49,Billing,Low,5.0
4455,2339,2024/08/02 00:00:00,2024/08/02 21:54:02,Technical,Low,1.0
4456,2339,2024/11/23 00:00:00,2024/11/24 13:57:08,Billing,High,3.0
4457,4107,2024/08/23 00:00:00,2024/08/23 11:15:06,Billing,Low,4.0
4458,4107,2024/02/29 00:00:00,,Technical,Medium,
4459,4107,2024/05/31 00:00:00,2024/06/01 00:30:53,General,Medium,4.0
4460,1005,2024/03/02 00:00:00,2024/03/04 02:25:11,Billing,Medium,
4461,1880,2024/11/05 00:00:00,2024/11/05 05:00:10,Technical,Low,4.0
4462,1880,2024/12/08 00:00:00,2024/12/08 04:57:37,Technical,Low,4.0
4463,4543,2024/04/13 00:00:00,,Technical,Low,
4464,4543,2024/06/28 00:00:00,2024/06/29 03:35:08,Billing,Low,
4465,4543,2024/02/03 00:00:00,2024/02/03 13:04:16,Technical,Low,3.0
4466,4543,2024/07/15 00:00:00,,Billing,Low,
4467,4543,2024/06/04 00:00:00,,General,Medium,
4468,4681,2024/11/19 00:00:00,2024/11/19 08:53:18,General,High,
4469,4681,2024/02/14 00:00:00,2024/02/14 03:17:59,Technical,Low,5.0
4470,4681,2024/09/14 00:00:00,2024/09/14 23:15:30,Billing,Medium,4.0
4471,3770,2024/10/31 00:00:00,2024/10/31 04:11:50,Technical,Medium,
4472,647,2024/08/05 00:00:00,2024/08/06 00:15:40,Technical,Medium,
4473,647,2024/11/15 00:00:00,2024/11/15 21:18:31,Technical,High,4.0
4474,647,2024/10/16 00:00:00,2024/10/16 10:27:55,Technical,Medium,3.0
4475,647,2024/02/10 00:00:00,2024/02/10 15:29:38,Billing,Low,
4476,647,2024/02/23 00:00:00,,General,Medium,
4477,3097,2024/11/12 00:00:00,2024/11/13 08:45:57,Technical,Medium,5.0
4478,3097,2024/07/06 00:00:00,,General,Low,
4479,3421,2024/10/27 00:00:00,2024/10/28 13:04:58,General,Medium,4.0
4480,3421,2024/08/22 00:00:00,2024/08/22 06:13:23,Billing,Low,4.0
4481,4138,2024/10/06 00:00:00,2024/10/06 06:53:21,Technical,Medium,4.0
4482,4138,2024/03/01 00:00:00,2024/03/01 15:55:52,Technical,Low,5.0
4483,4138,2024/06/29 00:00:00,2024/06/30 19:22:43,General,Low,4.0
4484,4138,2024/08/06 00:00:00,,Technical,Medium,
4485,4268,2024/05/24 00:00:00,2024/05/24 06:31:20,General,Low,
4486,4458,2024/03/10 00:00:00,,Billing,High,
4487,3731,2024/09/16 00:00:00,2024/09/16 20:28:15,General,High,
4488,3731,2024/06/03 00:00:00,2024/06/03 03:57:30,General,Medium,3.0
4489,3731,2024/03/19 00:00:00,,Technical,High,
4490,4065,2024/06/12 00:00:00,,Technical,Medium,
4491,4065,2024/01/12 00:00:00,2024/01/12 09:10:06,Technical,Low,4.0
4492,4065,2024/12/21 00:00:00,2024/12/21 13:32:18,Billing,Low,4.0
4493,1339,2024/06/24 00:00:00,2024/06/25 03:44:03,Technical,Low,
4494,1339,2024/02/23 00:00:00,2024/02/23 14:43:41,Technical,High,3.0
4495,3228,2024/06/22 00:00:00,,Billing,Medium,
4496,3228,2024/09/04 00:00:00,2024/09/04 18:36:36,Technical,Medium,2.0
4497,2432,2024/12/27 00:00:00,2024/12/27 07:16:13,Billing,Medium,
4498,2432,2024/02/16 00:00:00,,Billing,Low,
4499,2432,2024/12/01 00:00:00,2024/12/01 21:49:10,Technical,Medium,
4500,2914,2024/04/05 00:00:00,,Billing,High,
4501,2914,2024/05/26 00:00:00,,Billing,Low,
4502,2914,2024/09/14 00:00:00,2024/09/14 06:10:22,Billing,Medium,
4503,949,2024/12/21 00:00:00,2024/12/21 06:40:09,Billing,Medium,
4504,949,2024/04/21 00:00:00,,General,Low,
4505,949,2024/07/18 00:00:00,2024/07/18 08:48:48,Billing,Low,4.0
4506,949,2024/06/24 00:00:00,2024/06/24 05:13:51,Technical,Medium,4.0
4507,3969,2024/10/04 00:00:00,,General,Low,
4508,3969,2024/03/05 00:00:00,2024/03/05 13:14:21,Technical,High,
4509,3969,2024/07/08 00:00:00,,Technical,Low,
4510,3969,2024/12/04 00:00:00,2024/12/04 03:06:42,Technical,High,2.0
4511,3969,2024/06/07 00:00:00,2024/06/07 10:33:18,Technical,Low,
4512,4837,2024/03/02 00:00:00,2024/03/02 19:39:53,Technical,Medium,
4513,4837,2024/09/25 00:00:00,2024/09/25 12:21:00,Billing,Low,5.0
4514,4837,2024/06/13 00:00:00,2024/06/13 13:17:42,Technical,Medium,
4515,4837,2024/08/12 00:00:00,2024/08/12 06:05:39,Technical,Low,
4516,4322,2024/12/09 00:00:00,2024/12/09 03:31:38,Billing,Low,3.0
4517,380,2024/12/18 00:00:00,2024/12/18 09:45:43,Technical,Medium,5.0
4518,380,2024/10/23 00:00:00,2024/10/23 12:37:35,Billing,Low,5.0
4519,380,2024/05/22 00:00:00,2024/05/22 15:53:52,Billing,Medium,4.0
4520,380,2024/06/16 00:00:00,2024/06/16 11:31:30,Technical,High,
4521,380,2024/10/30 00:00:00,2024/10/31 02:11:53,Technical,High,
4522,2277,2024/08/26 00:00:00,2024/08/26 13:29:59,Technical,Medium,5.0
4523,2277,2024/09/18 00:00:00,2024/09/18 08:01:13,General,Medium,4.0
4524,2277,2024/01/04 00:00:00,2024/01/04 13:08:06,Technical,Medium,4.0
4525,2277,2024/04/28 00:00:00,2024/04/28 11:05:17,Technical,Medium,3.0
4526,2277,2024/03/29 00:00:00,2024/03/30 13:18:24,General,Low,5.0
4527,2063,2024/04/20 00:00:00,2024/04/21 10:50:54,Billing,Low,
4528,2063,2024/10/08 00:00:00,2024/10/08 13:55:45,Billing,Low,4.0
4529,3120,2024/11/10 00:00:00,2024/11/10 20:47:48,Technical,Medium,5.0
4530,3120,2024/08/05 00:00:00,2024/08/05 17:39:12,Billing,Low,5.0
4531,3120,2024/08/07 00:00:00,2024/08/07 17:36:41,Technical,Medium,
4532,3120,2024/11/18 00:00:00,2024/11/18 19:59:18,General,Medium,4.0
4533,4008,2024/01/02 00:00:00,2024/01/02 04:49:29,Technical,Medium,
4534,4008,2024/08/16 00:00:00,2024/08/17 13:43:20,Billing,Low,
4535,4008,2024/07/01 00:00:00,,General,Medium,
4536,4008,2024/05/10 00:00:00,2024/05/10 18:43:11,General,High,2.0
4537,2666,2024/12/26 00:00:00,2024/12/27 05:53:31,General,Medium,5.0
4538,2666,2024/07/11 00:00:00,2024/07/11 06:48:00,Technical,Medium,3.0
4539,2666,2024/03/16 00:00:00,,General,Low,
4540,2666,2024/01/05 00:00:00,2024/01/05 23:33:25,Billing,Medium,5.0
4541,2666,2024/12/06 00:00:00,2024/12/06 16:56:55,Billing,Medium,
4542,2732,2024/02/13 00:00:00,,General,Low,
4543,2732,2024/03/11 00:00:00,2024/03/11 07:47:30,Technical,High,
4544,2732,2024/12/04 00:00:00,2024/12/04 02:54:37,Technical,High,5.0
4545,2732,2024/02/02 00:00:00,2024/02/02 17:48:36,Billing,Medium,
4546,4781,2024/04/01 00:00:00,,General,Low,
4547,445,2024/09/20 00:00:00,2024/09/20 05:16:44,Technical,Low,5.0
4548,2489,2024/03/04 00:00:00,2024/03/04 16:47:37,Billing,High,4.0
4549,2489,2024/08/30 00:00:00,,Billing,Medium,
4550,2489,2024/12/11 00:00:00,2024/12/12 22:14:02,Technical,High,
4551,2489,2024/01/24 00:00:00,,General,Low,
4552,2489,2024/06/01 00:00:00,2024/06/01 15:08:36,Billing,Medium,2.0
4553,3372,2024/08/04 00:00:00,2024/08/04 15:26:06,General,Medium,5.0
4554,1613,2024/05/15 00:00:00,2024/05/15 21:35:31,Technical,Low,5.0
4555,1613,2024/04/28 00:00:00,2024/04/28 07:27:12,Technical,High,
4556,1613,2024/11/07 00:00:00,,Technical,Medium,
4557,4059,2024/03/23 00:00:00,2024/03/23 01:19:50,Technical,Medium,
4558,4059,2024/03/15 00:00:00,2024/03/15 21:29:38,Billing,Low,3.0
4559,4970,2024/04/10 00:00:00,2024/04/10 12:58:01,Technical,High,2.0
4560,4970,2024/07/13 00:00:00,,Technical,Medium,
4561,370,2024/07/07 00:00:00,2024/07/07 12:16:59,General,Low,3.0
4562,370,2024/07/12 00:00:00,2024/07/12 02:03:51,Billing,Medium,1.0
4563,4910,2024/03/10 00:00:00,2024/03/10 22:55:56,Technical,High,
4564,4910,2024/04/14 00:00:00,2024/04/14 19:36:28,Billing,Medium,2.0
4565,4910,2024/08/15 00:00:00,2024/08/17 03:50:47,Billing,Low,5.0
4566,4910,2024/09/28 00:00:00,2024/09/28 20:48:39,Technical,Low,5.0
4567,732,2024/01/16 00:00:00,2024/01/16 02:53:50,General,Medium,4.0
4568,732,2024/09/20 00:00:00,2024/09/20 16:53:11,Technical,Medium,
4569,732,2024/03/25 00:00:00,2024/03/26 15:41:29,General,Medium,
4570,732,2024/04/06 00:00:00,2024/04/06 11:20:26,General,Medium,5.0
4571,732,2024/03/12 00:00:00,2024/03/12 01:44:31,General,Medium,4.0
4572,3320,2024/01/10 00:00:00,2024/01/10 11:45:35,Technical,Medium,
4573,3320,2024/09/09 00:00:00,2024/09/09 13:09:47,Technical,Low,2.0
4574,3320,2024/05/05 00:00:00,2024/05/05 08:06:42,General,Low,2.0
4575,2567,2024/03/06 00:00:00,2024/03/06 14:18:02,Technical,Low,
4576,2567,2024/07/27 00:00:00,2024/07/27 16:52:51,Billing,Low,5.0
4577,2567,2024/04/10 00:00:00,,Technical,Medium,
4578,3529,2024/11/03 00:00:00,,Billing,Medium,
4579,3529,2024/01/02 00:00:00,2024/01/02 14:38:34,Technical,Medium,4.0
4580,4953,2024/05/30 00:00:00,2024/05/30 05:32:04,Billing,Low,
4581,4953,2024/05/14 00:00:00,2024/05/14 13:48:40,Technical,Medium,4.0
4582,1966,2024/09/21 00:00:00,2024/09/21 09:23:45,Technical,Medium,4.0
4583,1966,2024/01/19 00:00:00,2024/01/19 20:27:08,Billing,Medium,
4584,1966,2024/01/22 00:00:00,2024/01/22 16:07:59,General,Low,4.0
4585,1966,2024/05/23 00:00:00,2024/05/23 06:43:30,General,High,
4586,4655,2024/06/08 00:00:00,2024/06/08 00:54:43,General,High,5.0
4587,4655,2024/03/26 00:00:00,2024/03/28 18:15:18,General,Low,5.0
4588,4655,2024/09/17 00:00:00,2024/09/17 09:24:12,Billing,Low,4.0
4589,4655,2024/10/19 00:00:00,2024/10/20 08:58:36,General,Medium,4.0
4590,4655,2024/10/26 00:00:00,2024/10/26 12:06:51,Billing,Low,4.0
4591,3780,2024/05/23 00:00:00,,General,Medium,
4592,3780,2024/01/04 00:00:00,2024/01/04 01:24:32,Technical,Low,4.0
4593,3780,2024/06/15 00:00:00,,Technical,Medium,
4594,3999,2024/07/26 00:00:00,2024/07/27 01:04:03,Billing,Low,5.0
4595,3999,2024/08/25 00:00:00,,Technical,Low,
4596,3999,2024/12/03 00:00:00,2024/12/03 03:22:09,Technical,Low,4.0
4597,3999,2024/04/11 00:00:00,,Technical,Medium,
4598,3118,2024/09/04 00:00:00,2024/09/04 20:35:55,Billing,High,3.0
4599,3118,2024/11/29 00:00:00,,Billing,High,
4600,3118,2024/10/05 00:00:00,2024/10/05 09:57:03,Billing,Low,5.0
4601,3118,2024/04/26 00:00:00,2024/04/26 23:38:32,General,High,3.0
4602,3118,2024/05/11 00:00:00,2024/05/11 13:37:45,Technical,Medium,3.0
4603,2772,2024/05/28 00:00:00,,Technical,Medium,
4604,2772,2024/07/10 00:00:00,2024/07/10 08:39:22,Technical,Low,
4605,2772,2024/04/13 00:00:00,,Technical,Low,
4606,2772,2024/07/29 00:00:00,2024/07/29 11:11:04,Technical,High,4.0
4607,2772,2024/02/03 00:00:00,,Technical,Low,
4608,327,2024/12/28 00:00:00,2024/12/28 18:00:20,Billing,Low,1.0
4609,327,2024/01/21 00:00:00,2024/01/21 07:52:14,Billing,Medium,5.0
4610,327,2024/12/19 00:00:00,,Billing,Low,
4611,327,2024/02/28 00:00:00,2024/02/29 03:17:19,Technical,Low,3.0
4612,3476,2024/05/20 00:00:00,,Technical,Medium,
4613,3476,2024/06/09 00:00:00,2024/06/09 09:46:37,General,Medium,3.0
4614,3476,2024/08/10 00:00:00,2024/08/10 08:29:15,Technical,Medium,
4615,896,2024/07/21 00:00:00,2024/07/21 06:20:31,Technical,Medium,2.0
4616,743,2024/08/27 00:00:00,2024/08/27 10:28:31,Technical,Low,
4617,743,2024/11/07 00:00:00,,Technical,Low,
4618,743,2024/08/19 00:00:00,2024/08/19 01:11:45,Billing,Medium,
4619,1694,2024/09/27 00:00:00,2024/09/27 14:07:26,Billing,Low,5.0
4620,1694,2024/01/28 00:00:00,2024/01/28 11:28:38,Technical,Low,
4621,1694,2024/09/21 00:00:00,2024/09/21 08:09:46,Billing,Low,
4622,1694,2024/01/27 00:00:00,2024/01/27 05:41:34,Technical,Medium,5.0
4623,1821,2024/06/30 00:00:00,,Billing,High,
4624,1821,2024/02/27 00:00:00,2024/02/27 14:54:45,General,High,5.0
4625,1821,2024/03/15 00:00:00,,Technical,Medium,
4626,942,2024/01/21 00:00:00,,Billing,High,
4627,4637,2024/04/29 00:00:00,2024/04/29 06:01:56,Technical,Low,5.0
4628,4637,2024/03/18 00:00:00,,Billing,Low,
4629,4637,2024/12/08 00:00:00,2024/12/08 22:34:55,Billing,Low,4.0
4630,2750,2024/04/28 00:00:00,2024/04/28 23:21:41,Technical,Low,
4631,2750,2024/12/05 00:00:00,2024/12/05 03:11:23,General,Low,
4632,2750,2024/09/04 00:00:00,2024/09/04 18:09:50,Technical,Low,
4633,2750,2024/07/21 00:00:00,2024/07/21 15:40:27,Technical,Low,4.0
4634,27,2024/11/27 00:00:00,,Technical,Medium,
4635,27,2024/05/17 00:00:00,,Billing,Medium,
4636,27,2024/11/27 00:00:00,2024/11/27 14:14:12,Technical,Low,3.0
4637,119,2024/07/15 00:00:00,2024/07/15 15:06:46,General,Low,5.0
4638,119,2024/11/13 00:00:00,,Billing,Low,
4639,119,2024/09/12 00:00:00,2024/09/12 08:01:45,General,Medium,4.0
4640,4822,2024/06/18 00:00:00,,Technical,Medium,
4641,4822,2024/04/20 00:00:00,2024/04/20 10:54:42,General,Low,
4642,4822,2024/08/04 00:00:00,2024/08/04 02:47:27,Billing,Low,5.0
4643,3627,2024/03/06 00:00:00,2024/03/07 09:55:40,Technical,Medium,
4644,3627,2024/01/04 00:00:00,,Billing,Low,
4645,3627,2024/12/25 00:00:00,2024/12/25 13:07:10,Billing,Low,5.0
4646,3627,2024/06/04 00:00:00,2024/06/04 06:35:35,Billing,Medium,4.0
4647,4218,2024/07/18 00:00:00,2024/07/18 15:34:36,Technical,High,3.0
4648,4218,2024/05/18 00:00:00,2024/05/18 05:36:02,Technical,Low,
4649,4218,2024/05/20 00:00:00,2024/05/20 18:35:28,Technical,Low,4.0
4650,4558,2024/09/06 00:00:00,2024/09/06 15:54:24,Technical,Medium,3.0
4651,4558,2024/05/07 00:00:00,2024/05/08 07:00:40,General,Medium,4.0
4652,4558,2024/09/03 00:00:00,,General,Low,
4653,4558,2024/06/14 00:00:00,2024/06/14 12:17:56,Billing,Medium,3.0
4654,4558,2024/04/17 00:00:00,2024/04/17 16:09:26,Technical,Medium,
4655,1874,2024/05/25 00:00:00,2024/05/25 07:31:08,General,Low,
4656,1874,2024/01/19 00:00:00,2024/01/19 14:44:45,Billing,High,2.0
4657,1009,2024/04/08 00:00:00,,Technical,Low,
4658,1009,2024/01/15 00:00:00,2024/01/15 14:06:37,Billing,Low,
4659,1009,2024/04/11 00:00:00,,Billing,Low,
4660,1009,2024/10/15 00:00:00,2024/10/15 08:18:50,Technical,High,3.0
4661,4108,2024/05/25 00:00:00,2024/05/25 03:17:55,Technical,Low,
4662,4802,2024/07/31 00:00:00,2024/07/31 13:52:35,General,Low,5.0
4663,1822,2024/09/02 00:00:00,2024/09/02 22:19:20,Billing,Medium,
4664,1822,2024/03/09 00:00:00,2024/03/09 21:40:46,Technical,Low,4.0
4665,1271,2024/01/30 00:00:00,2024/01/31 00:23:47,Technical,High,
4666,887,2024/11/09 00:00:00,,Technical,Low,
4667,402,2024/05/09 00:00:00,2024/05/10 03:42:34,Technical,High,3.0
4668,402,2024/07/20 00:00:00,2024/07/20 19:27:59,Technical,Low,
4669,2061,2024/03/09 00:00:00,2024/03/09 11:06:52,Technical,Low,
4670,2061,2024/11/24 00:00:00,2024/11/24 09:43:33,Technical,Medium,5.0
4671,2061,2024/10/13 00:00:00,,Technical,Low,
4672,4757,2024/10/12 00:00:00,2024/10/13 03:39:37,Billing,Low,
4673,4757,2024/07/23 00:00:00,,Technical,Low,
4674,4757,2024/06/01 00:00:00,,Technical,Medium,
4675,4757,2024/12/24 00:00:00,,Billing,Medium,
4676,1725,2024/12/12 00:00:00,2024/12/12 04:56:53,Technical,Low,
4677,4768,2024/12/23 00:00:00,,General,Low,
4678,4768,2024/06/06 00:00:00,2024/06/06 04:13:23,Billing,Low,5.0
4679,4768,2024/12/12 00:00:00,2024/12/12 04:18:37,General,Low,
4680,4768,2024/07/28 00:00:00,2024/07/28 03:36:42,Technical,High,
4681,4768,2024/11/27 00:00:00,2024/11/27 09:25:58,Technical,Medium,
4682,3956,2024/02/10 00:00:00,2024/02/10 06:15:55,Technical,Medium,4.0
4683,3956,2024/10/21 00:00:00,2024/10/21 16:05:49,Billing,High,
4684,1964,2024/10/18 00:00:00,,General,Medium,
4685,4148,2024/11/16 00:00:00,2024/11/17 05:05:55,Technical,High,4.0
4686,301,2024/10/16 00:00:00,2024/10/16 22:17:08,Technical,Medium,
4687,301,2024/03/17 00:00:00,2024/03/18 05:14:48,Technical,Low,
4688,301,2024/12/05 00:00:00,2024/12/05 02:57:38,General,Low,4.0
4689,301,2024/05/15 00:00:00,2024/05/15 02:28:48,Technical,High,5.0
4690,1865,2024/09/21 00:00:00,2024/09/21 19:51:00,Technical,Low,
4691,1865,2024/09/13 00:00:00,2024/09/15 05:11:15,Billing,Medium,
4692,1865,2024/10/02 00:00:00,2024/10/02 00:32:58,Technical,Low,4.0
4693,1865,2024/01/29 00:00:00,2024/01/29 04:17:32,Billing,Low,5.0
4694,1865,2024/06/22 00:00:00,,General,Medium,
4695,2522,2024/11/06 00:00:00,2024/11/06 01:37:00,General,High,
4696,2522,2024/08/17 00:00:00,2024/08/17 01:59:39,Technical,Low,
4697,2522,2024/07/22 00:00:00,2024/07/22 08:20:36,Technical,Medium,
4698,2522,2024/02/11 00:00:00,2024/02/11 02:23:08,Technical,Low,5.0
4699,4236,2024/05/02 00:00:00,,Technical,High,
4700,4236,2024/08/07 00:00:00,2024/08/08 13:25:55,Billing,Low,
4701,4236,2024/11/22 00:00:00,2024/11/22 11:28:12,General,Low,2.0
4702,4236,2024/03/27 00:00:00,2024/03/27 20:29:38,Technical,Medium,5.0
4703,2834,2024/06/24 00:00:00,2024/06/24 08:01:32,Billing,Low,5.0
4704,2834,2024/07/02 00:00:00,,Billing,High,
4705,1631,2024/09/29 00:00:00,2024/09/29 21:13:21,General,Low,
4706,1631,2024/05/25 00:00:00,2024/05/25 04:04:06,Technical,Medium,3.0
4707,1631,2024/02/25 00:00:00,2024/02/25 02:11:28,Billing,Medium,
4708,4773,2024/04/17 00:00:00,2024/04/17 22:09:49,General,High,
4709,3745,2024/11/25 00:00:00,2024/11/25 09:57:36,Technical,Low,4.0
4710,3745,2024/06/11 00:00:00,2024/06/11 07:08:49,Technical,Medium,
4711,3745,2024/07/16 00:00:00,,Billing,Low,
4712,3745,2024/08/07 00:00:00,2024/08/07 12:00:06,Technical,Medium,4.0
4713,3745,2024/12/01 00:00:00,2024/12/02 09:40:37,Technical,Medium,
4714,3798,2024/12/19 00:00:00,2024/12/20 09:21:15,General,Medium,2.0
4715,3798,2024/08/16 00:00:00,2024/08/16 16:54:36,Technical,Medium,5.0
4716,3798,2024/11/08 00:00:00,,Billing,High,
4717,3798,2024/06/01 00:00:00,,General,Low,
4718,3798,2024/06/03 00:00:00,2024/06/03 12:52:53,Technical,Medium,
4719,311,2024/06/14 00:00:00,,Technical,Low,
4720,14,2024/09/17 00:00:00,2024/09/18 12:16:00,Billing,Low,3.0
4721,14,2024/11/11 00:00:00,2024/11/13 04:07:18,Billing,Medium,3.0
4722,1154,2024/04/08 00:00:00,,Technical,Medium,
4723,1154,2024/09/24 00:00:00,2024/09/24 07:20:38,Billing,Low,4.0
4724,4518,2024/08/25 00:00:00,2024/08/25 12:55:36,Technical,Medium,3.0
4725,4518,2024/12/08 00:00:00,2024/12/08 02:32:29,Technical,Medium,4.0
4726,4518,2024/07/02 00:00:00,2024/07/02 04:40:24,Technical,Low,5.0
4727,1058,2024/05/31 00:00:00,2024/05/31 02:34:25,Billing,Low,5.0
4728,1774,2024/11/11 00:00:00,2024/11/11 13:41:31,Technical,Low,5.0
4729,1774,2024/06/01 00:00:00,,Technical,Medium,
4730,1774,2024/07/05 00:00:00,2024/07/05 14:39:30,General,Medium,4.0
4731,1774,2024/06/28 00:00:00,,Billing,Medium,
4732,1734,2024/04/26 00:00:00,2024/04/27 00:30:41,Technical,Low,5.0
4733,1734,2024/05/03 00:00:00,2024/05/03 14:40:08,General,Low,
4734,4755,2024/07/07 00:00:00,2024/07/08 11:38:50,General,Low,
4735,538,2024/07/12 00:00:00,2024/07/12 14:12:07,General,Low,4.0
4736,538,2024/10/18 00:00:00,,Billing,Low,
4737,538,2024/06/25 00:00:00,,Billing,Low,
4738,538,2024/03/03 00:00:00,2024/03/04 03:40:57,Technical,Low,4.0
4739,538,2024/01/15 00:00:00,2024/01/15 07:32:58,Technical,High,4.0
4740,3506,2024/01/12 00:00:00,2024/01/12 06:39:32,General,High,1.0
4741,3506,2024/10/13 00:00:00,,Billing,Low,
4742,3506,2024/07/09 00:00:00,,Technical,Low,
4743,3506,2024/10/13 00:00:00,,General,Medium,
4744,249,2024/06/03 00:00:00,2024/06/03 02:23:52,Technical,Low,3.0
4745,249,2024/04/02 00:00:00,2024/04/02 16:26:14,Technical,Low,5.0
4746,249,2024/07/20 00:00:00,,General,Low,
4747,249,2024/08/15 00:00:00,2024/08/15 03:52:14,Technical,Low,4.0
4748,3519,2024/07/25 00:00:00,,General,Medium,
4749,3519,2024/01/14 00:00:00,2024/01/14 18:11:22,General,High,
4750,3519,2024/08/30 00:00:00,2024/08/31 03:04:19,Billing,Low,5.0
4751,2603,2024/01/14 00:00:00,2024/01/14 16:38:48,Technical,Medium,
4752,2603,2024/10/17 00:00:00,2024/10/17 15:23:19,General,Low,5.0
4753,2603,2024/09/01 00:00:00,,Billing,Low,
4754,3007,2024/02/13 00:00:00,2024/02/14 12:21:15,Billing,Low,
4755,3007,2024/11/21 00:00:00,2024/11/21 16:51:22,Technical,Medium,4.0
4756,3007,2024/09/30 00:00:00,2024/10/01 04:49:29,Billing,Medium,4.0
4757,3007,2024/10/05 00:00:00,2024/10/05 12:16:05,General,Low,
4758,2912,2024/04/03 00:00:00,,Technical,Low,
4759,2912,2024/02/01 00:00:00,,Technical,Low,
4760,4438,2024/03/30 00:00:00,,Billing,Medium,
4761,4438,2024/08/05 00:00:00,2024/08/05 19:35:10,Technical,Low,5.0
4762,2302,2024/10/10 00:00:00,2024/10/11 04:07:57,Billing,Medium,2.0
4763,2302,2024/03/28 00:00:00,2024/03/28 02:56:24,General,Low,4.0
4764,2302,2024/05/20 00:00:00,2024/05/21 00:10:13,Billing,Low,5.0
4765,2302,2024/08/24 00:00:00,,Technical,Low,
4766,2302,2024/01/09 00:00:00,,Technical,Low,
4767,1044,2024/10/03 00:00:00,2024/10/03 11:47:10,Technical,Medium,4.0
4768,827,2024/10/19 00:00:00,2024/10/19 07:20:34,Billing,Medium,
4769,827,2024/12/30 00:00:00,2024/12/31 04:10:17,Technical,Medium,
4770,827,2024/11/29 00:00:00,2024/11/29 06:37:11,Billing,Medium,
4771,827,2024/02/22 00:00:00,,Technical,Low,
4772,3504,2024/03/14 00:00:00,,Billing,High,
4773,3504,2024/11/23 00:00:00,2024/11/24 21:34:23,Billing,High,4.0
4774,3504,2024/07/17 00:00:00,2024/07/17 09:04:02,General,Medium,5.0
4775,265,2024/02/11 00:00:00,2024/02/11 03:37:19,Technical,Medium,4.0
4776,265,2024/10/09 00:00:00,2024/10/09 10:58:43,Billing,Medium,
4777,480,2024/03/01 00:00:00,,Technical,Medium,
4778,480,2024/05/08 00:00:00,2024/05/08 04:49:09,General,Low,5.0
4779,480,2024/03/19 00:00:00,2024/03/19 16:14:04,Technical,Low,
4780,480,2024/04/23 00:00:00,2024/04/23 11:58:51,Billing,Medium,5.0
4781,2268,2024/01/15 00:00:00,2024/01/15 13:44:23,Technical,Low,5.0
4782,2268,2024/11/27 00:00:00,2024/11/27 19:51:29,General,Medium,5.0
4783,2268,2024/11/23 00:00:00,2024/11/23 19:27:50,Billing,Low,4.0
4784,2268,2024/08/21 00:00:00,2024/08/21 23:05:41,Billing,Low,
4785,4314,2024/10/28 00:00:00,2024/10/28 18:29:05,Technical,Medium,3.0
4786,4314,2024/10/12 00:00:00,,General,Medium,
4787,4314,2024/11/04 00:00:00,2024/11/04 18:19:02,Technical,Medium,
4788,4314,2024/06/04 00:00:00,2024/06/05 00:58:25,Billing,High,
4789,4314,2024/08/11 00:00:00,2024/08/12 05:38:22,Billing,Medium,4.0
4790,716,2024/11/15 00:00:00,2024/11/15 12:25:00,Technical,Medium,5.0
4791,716,2024/09/06 00:00:00,2024/09/06 04:27:48,General,Medium,5.0
4792,399,2024/09/03 00:00:00,2024/09/03 11:02:06,Billing,Medium,
4793,935,2024/02/29 00:00:00,2024/03/01 00:36:08,Billing,Medium,3.0
4794,935,2024/02/17 00:00:00,2024/02/17 05:31:09,General,Low,5.0
4795,935,2024/01/01 00:00:00,,General,Low,
4796,3408,2024/07/08 00:00:00,2024/07/08 12:08:00,Technical,Medium,4.0
4797,3408,2024/07/15 00:00:00,2024/07/15 09:30:34,Technical,Low,2.0
4798,577,2024/06/16 00:00:00,2024/06/16 04:38:29,Technical,High,
4799,577,2024/03/15 00:00:00,2024/03/15 13:02:09,Technical,Low,4.0
4800,577,2024/07/25 00:00:00,2024/07/25 17:33:31,Technical,Low,3.0
4801,577,2024/07/05 00:00:00,,Technical,Low,
4802,1857,2024/04/02 00:00:00,2024/04/02 08:04:17,Billing,Medium,
4803,1857,2024/12/28 00:00:00,,Technical,Medium,
4804,1857,2024/06/26 00:00:00,,Technical,Medium,
4805,1857,2024/04/24 00:00:00,,General,Low,
4806,1982,2024/07/17 00:00:00,2024/07/18 08:22:54,Technical,Medium,3.0
4807,3186,2024/01/12 00:00:00,2024/01/13 04:41:39,General,Low,4.0
4808,3186,2024/10/23 00:00:00,2024/10/23 12:21:31,Technical,High,4.0
4809,3186,2024/02/28 00:00:00,2024/02/28 11:47:17,Technical,Low,2.0
4810,2066,2024/11/26 00:00:00,2024/11/26 09:15:52,Billing,Low,4.0
4811,2066,2024/10/03 00:00:00,2024/10/03 08:22:46,Technical,Medium,
4812,2066,2024/08/24 00:00:00,2024/08/24 02:53:50,Billing,High,5.0
4813,4772,2024/07/19 00:00:00,2024/07/19 08:29:26,Technical,Low,
4814,4772,2024/11/18 00:00:00,2024/11/18 18:08:12,Technical,Low,
4815,4772,2024/11/16 00:00:00,,Billing,High,
4816,4772,2024/12/15 00:00:00,2024/12/15 03:46:11,General,Low,5.0
4817,4772,2024/07/22 00:00:00,2024/07/22 12:58:38,General,High,4.0
4818,3913,2024/03/15 00:00:00,2024/03/15 01:20:15,Technical,Low,5.0
4819,1756,2024/06/21 00:00:00,,Technical,Low,
4820,1756,2024/08/07 00:00:00,2024/08/07 08:54:30,General,Low,4.0
4821,1756,2024/12/15 00:00:00,2024/12/15 11:03:53,Billing,Low,4.0
4822,1756,2024/07/07 00:00:00,,Technical,Low,
4823,1756,2024/12/19 00:00:00,2024/12/19 05:54:08,Technical,High,3.0
4824,3563,2024/01/30 00:00:00,2024/01/30 17:59:22,Technical,Medium,
4825,3563,2024/10/12 00:00:00,2024/10/12 02:36:13,Technical,Low,4.0
4826,4443,2024/03/03 00:00:00,,General,Low,
4827,4443,2024/11/12 00:00:00,2024/11/12 03:07:00,Technical,Low,4.0
4828,4443,2024/01/03 00:00:00,2024/01/03 04:35:47,General,Low,4.0
4829,2391,2024/06/11 00:00:00,2024/06/11 07:42:52,Technical,Medium,
4830,2391,2024/06/01 00:00:00,2024/06/01 07:35:55,Technical,Low,4.0
4831,4099,2024/04/10 00:00:00,2024/04/10 22:59:13,General,Low,
4832,641,2024/11/04 00:00:00,2024/11/04 04:05:47,General,High,
4833,412,2024/11/06 00:00:00,2024/11/06 05:54:14,Billing,Low,4.0
4834,412,2024/11/24 00:00:00,2024/11/24 11:47:23,Technical,Medium,2.0
4835,412,2024/03/13 00:00:00,2024/03/13 02:14:21,Billing,Medium,
4836,412,2024/07/13 00:00:00,,General,Low,
4837,1192,2024/09/09 00:00:00,2024/09/09 10:40:16,Billing,Medium,
4838,1192,2024/11/17 00:00:00,2024/11/17 05:41:31,General,Low,5.0
4839,149,2024/01/20 00:00:00,,Technical,Low,
4840,149,2024/04/17 00:00:00,,Technical,Medium,
4841,149,2024/11/15 00:00:00,2024/11/17 03:06:47,Billing,Low,4.0
4842,149,2024/08/25 00:00:00,2024/08/25 07:08:38,Technical,Low,
4843,3099,2024/06/29 00:00:00,2024/06/29 13:16:38,Technical,Low,5.0
4844,1961,2024/09/05 00:00:00,2024/09/06 18:25:10,Billing,Low,
4845,1961,2024/09/15 00:00:00,,Billing,Medium,
4846,2055,2024/10/22 00:00:00,2024/10/22 15:41:39,Technical,Medium,3.0
4847,2055,2024/10/16 00:00:00,2024/10/16 05:06:44,Technical,Medium,2.0
4848,2055,2024/10/26 00:00:00,,Technical,Medium,
4849,2055,2024/11/18 00:00:00,2024/11/18 16:43:33,Technical,Low,
4850,1485,2024/07/06 00:00:00,2024/07/06 12:09:29,Technical,Medium,4.0
4851,1485,2024/09/05 00:00:00,2024/09/05 08:22:23,Billing,Medium,
4852,4803,2024/06/15 00:00:00,2024/06/15 23:44:57,Billing,Medium,
4853,4803,2024/04/19 00:00:00,2024/04/19 18:22:35,Technical,Low,5.0
4854,1920,2024/08/01 00:00:00,,General,Medium,
4855,1920,2024/12/01 00:00:00,2024/12/01 15:07:48,Technical,Medium,
4856,4649,2024/04/19 00:00:00,2024/04/19 10:24:13,Technical,Medium,4.0
4857,4649,2024/07/20 00:00:00,2024/07/20 05:19:41,Technical,High,3.0
4858,3457,2024/09/22 00:00:00,2024/09/22 04:43:40,General,High,2.0
4859,2027,2024/05/19 00:00:00,,Technical,Low,
4860,2027,2024/05/30 00:00:00,,Billing,High,
4861,2027,2024/01/15 00:00:00,2024/01/15 21:53:46,Technical,High,
4862,2027,2024/12/18 00:00:00,2024/12/20 14:37:53,Technical,High,2.0
4863,1612,2024/03/03 00:00:00,2024/03/04 09:06:16,Technical,Low,4.0
4864,1612,2024/11/06 00:00:00,2024/11/06 05:08:14,General,Medium,
4865,1612,2024/11/02 00:00:00,2024/11/03 13:17:03,Technical,Low,
4866,1612,2024/04/15 00:00:00,2024/04/16 23:20:07,Billing,Low,
4867,559,2024/03/29 00:00:00,2024/03/29 08:47:14,Technical,Low,
4868,559,2024/04/29 00:00:00,2024/04/29 07:17:16,General,Medium,
4869,559,2024/10/09 00:00:00,,Billing,Low,
4870,559,2024/07/22 00:00:00,2024/07/22 13:19:48,Technical,Medium,2.0
4871,2015,2024/06/05 00:00:00,2024/06/05 07:33:27,Technical,Low,4.0
4872,2015,2024/12/17 00:00:00,2024/12/17 07:35:11,Billing,Low,5.0
4873,4643,2024/03/11 00:00:00,,Technical,Low,
4874,4948,2024/10/29 00:00:00,2024/11/01 01:58:12,Billing,Low,
4875,4948,2024/01/29 00:00:00,2024/01/30 00:21:56,Billing,Low,4.0
4876,4948,2024/03/30 00:00:00,2024/03/30 04:08:30,Technical,Medium,2.0
4877,4948,2024/09/02 00:00:00,2024/09/02 23:27:24,Billing,Medium,5.0
4878,4948,2024/04/15 00:00:00,2024/04/15 11:38:15,Technical,Medium,
4879,3878,2024/02/24 00:00:00,2024/02/24 17:57:52,Technical,Low,
4880,1705,2024/10/26 00:00:00,2024/10/26 18:31:02,Technical,Medium,
4881,1705,2024/02/19 00:00:00,2024/02/20 01:36:56,Billing,Low,4.0
4882,3337,2024/01/20 00:00:00,2024/01/20 16:36:59,Billing,Low,5.0
4883,3337,2024/10/06 00:00:00,2024/10/07 03:51:23,Billing,Low,5.0
4884,3337,2024/12/09 00:00:00,,Technical,Low,
4885,3337,2024/12/30 00:00:00,,Technical,Low,
4886,1346,2024/08/21 00:00:00,,Billing,Medium,
4887,850,2024/04/23 00:00:00,,Technical,Medium,
4888,850,2024/04/03 00:00:00,2024/04/04 10:29:52,Technical,High,1.0
4889,850,2024/02/16 00:00:00,2024/02/16 04:23:12,Technical,Medium,5.0
4890,850,2024/10/11 00:00:00,2024/10/11 10:16:14,Billing,Low,4.0
4891,850,2024/10/25 00:00:00,2024/10/25 06:25:39,Technical,Low,
4892,1973,2024/05/29 00:00:00,,General,Low,
4893,1056,2024/10/08 00:00:00,2024/10/09 04:21:32,General,Medium,4.0
4894,1056,2024/09/21 00:00:00,2024/09/22 11:01:38,General,Low,
4895,1056,2024/02/01 00:00:00,2024/02/01 10:20:49,Technical,Low,5.0
4896,1056,2024/02/12 00:00:00,2024/02/13 17:01:38,Billing,Low,4.0
4897,1056,2024/08/11 00:00:00,,Billing,High,
4898,194,2024/01/27 00:00:00,2024/01/27 08:26:09,Technical,Low,
4899,194,2024/02/08 00:00:00,2024/02/08 20:03:18,Billing,Medium,2.0
4900,194,2024/06/07 00:00:00,2024/06/08 02:57:27,Billing,Low,
4901,194,2024/09/24 00:00:00,,Technical,Medium,
4902,194,2024/05/23 00:00:00,2024/05/23 07:03:14,Technical,Low,
4903,1807,2024/09/04 00:00:00,2024/09/04 08:35:05,Billing,Medium,5.0
4904,190,2024/03/11 00:00:00,2024/03/11 09:37:52,Technical,Low,
4905,190,2024/06/10 00:00:00,,Technical,Medium,
4906,1779,2024/09/28 00:00:00,2024/09/28 08:07:09,General,Medium,
4907,1779,2024/10/07 00:00:00,,General,Medium,
4908,4764,2024/01/06 00:00:00,2024/01/06 05:28:02,Technical,High,4.0
4909,4764,2024/01/23 00:00:00,2024/01/23 22:49:34,Billing,High,2.0
4910,4764,2024/01/11 00:00:00,2024/01/13 16:07:26,Billing,High,
4911,4764,2024/08/10 00:00:00,2024/08/10 14:18:37,Technical,High,
4912,4764,2024/06/04 00:00:00,2024/06/04 15:14:49,Technical,Medium,4.0
4913,4617,2024/08/20 00:00:00,,Billing,Low,
4914,4810,2024/06/11 00:00:00,2024/06/11 12:40:37,Technical,Low,3.0
4915,1431,2024/05/28 00:00:00,2024/05/28 04:43:45,General,High,
4916,1431,2024/03/17 00:00:00,2024/03/17 05:33:04,Technical,Medium,4.0
4917,1431,2024/10/21 00:00:00,2024/10/21 14:04:47,Billing,High,4.0
4918,1431,2024/06/27 00:00:00,2024/06/27 17:58:07,Technical,Medium,
4919,1431,2024/11/22 00:00:00,2024/11/22 05:24:18,General,Low,5.0
4920,3603,2024/10/06 00:00:00,2024/10/06 09:42:21,Billing,Low,4.0
4921,1965,2024/08/14 00:00:00,2024/08/14 12:46:16,Billing,Low,4.0
4922,1965,2024/12/24 00:00:00,2024/12/24 16:37:31,Technical,Medium,5.0
4923,1965,2024/01/14 00:00:00,2024/01/14 04:56:16,Billing,Medium,4.0
4924,1159,2024/08/09 00:00:00,2024/08/09 08:23:14,General,Medium,1.0
4925,1159,2024/05/10 00:00:00,2024/05/10 06:19:08,Billing,High,2.0
4926,1159,2024/04/11 00:00:00,2024/04/11 03:57:06,General,Low,
4927,1159,2024/10/04 00:00:00,,Technical,Low,
4928,210,2024/06/30 00:00:00,2024/06/30 02:20:43,Billing,Low,4.0
4929,210,2024/10/14 00:00:00,2024/10/14 16:39:02,Technical,Medium,
4930,210,2024/09/05 00:00:00,2024/09/05 08:46:12,Technical,High,3.0
4931,210,2024/03/13 00:00:00,,Technical,Medium,
4932,210,2024/01/21 00:00:00,,Technical,Low,
4933,2238,2024/05/06 00:00:00,2024/05/06 12:34:38,Technical,Low,
4934,2238,2024/07/12 00:00:00,,Technical,Medium,
4935,2238,2024/09/17 00:00:00,2024/09/17 14:21:33,Technical,Medium,
4936,2238,2024/08/31 00:00:00,2024/08/31 13:25:20,Technical,High,2.0
4937,3951,2024/11/25 00:00:00,2024/11/25 11:57:48,Technical,Medium,
4938,3951,2024/05/15 00:00:00,2024/05/15 06:26:55,Billing,Medium,
4939,3951,2024/01/19 00:00:00,2024/01/19 14:21:58,Billing,Medium,
4940,1358,2024/10/29 00:00:00,,Technical,Medium,
4941,1358,2024/11/15 00:00:00,2024/11/15 03:20:22,Technical,Low,5.0
4942,1358,2024/04/16 00:00:00,2024/04/17 17:51:50,Billing,Low,5.0
4943,1358,2024/09/04 00:00:00,,Technical,High,
4944,3767,2024/01/27 00:00:00,,General,High,
4945,2459,2024/10/13 00:00:00,2024/10/13 10:06:20,Billing,Low,4.0
4946,2459,2024/09/18 00:00:00,2024/09/19 11:43:54,Technical,Low,5.0
4947,2459,2024/11/30 00:00:00,2024/11/30 03:29:56,Technical,Low,1.0
4948,2459,2024/10/12 00:00:00,2024/10/12 23:47:09,Technical,Medium,5.0
4949,4998,2024/08/24 00:00:00,,Billing,High,
4950,4998,2024/01/01 00:00:00,,Billing,Low,
4951,2411,2024/04/29 00:00:00,,Billing,Low,
4952,2411,2024/10/12 00:00:00,2024/10/13 08:13:49,General,High,
4953,2411,2024/05/21 00:00:00,2024/05/22 12:55:24,Technical,Low,4.0
4954,2411,2024/11/19 00:00:00,2024/11/19 03:57:27,Technical,Low,3.0
4955,2411,2024/12/16 00:00:00,,Technical,Low,
4956,2250,2024/08/19 00:00:00,,Technical,Medium,
4957,2250,2024/08/08 00:00:00,2024/08/08 10:35:43,General,Medium,2.0
4958,1686,2024/10/30 00:00:00,2024/10/30 23:42:14,Technical,Low,
4959,1686,2024/03/13 00:00:00,,Technical,Medium,
4960,1686,2024/07/13 00:00:00,,Technical,High,
4961,1686,2024/10/13 00:00:00,,Billing,Low,
4962,502,2024/07/12 00:00:00,2024/07/12 11:31:21,General,Low,5.0
4963,815,2024/06/10 00:00:00,2024/06/10 21:31:40,General,Low,1.0
4964,815,2024/05/14 00:00:00,2024/05/14 04:43:48,Billing,Low,4.0
4965,815,2024/06/03 00:00:00,2024/06/03 08:08:35,Technical,Low,5.0
4966,815,2024/11/27 00:00:00,2024/11/28 08:22:53,Billing,High,3.0
4967,2993,2024/07/02 00:00:00,2024/07/02 17:35:10,Billing,High,
4968,2993,2024/05/05 00:00:00,2024/05/05 11:47:13,Technical,High,2.0
4969,2993,2024/12/27 00:00:00,2024/12/27 07:59:59,General,Medium,4.0
4970,4383,2024/01/16 00:00:00,2024/01/17 08:15:28,Billing,High,2.0
4971,4383,2024/07/07 00:00:00,2024/07/07 16:33:25,Technical,Medium,
4972,4383,2024/01/08 00:00:00,2024/01/08 09:22:18,General,Low,5.0
4973,1542,2024/04/29 00:00:00,,General,Medium,
4974,3071,2024/08/22 00:00:00,2024/08/22 14:01:00,General,Low,5.0
4975,3071,2024/09/24 00:00:00,,Technical,High,
4976,3071,2024/12/20 00:00:00,,Billing,High,
4977,3071,2024/02/16 00:00:00,2024/02/16 09:30:57,Billing,Low,3.0
4978,3071,2024/06/04 00:00:00,2024/06/04 11:07:49,Technical,Low,5.0
4979,3448,2024/01/11 00:00:00,2024/01/11 01:48:56,Billing,Low,5.0
4980,3448,2024/08/29 00:00:00,2024/08/29 14:41:21,General,High,4.0
4981,3013,2024/05/24 00:00:00,2024/05/24 06:03:15,Billing,Medium,
4982,3013,2024/08/26 00:00:00,2024/08/26 21:27:28,Billing,High,
4983,229,2024/11/28 00:00:00,,General,Medium,
4984,1070,2024/05/26 00:00:00,2024/05/26 19:47:51,Technical,Low,4.0
4985,1070,2024/04/19 00:00:00,2024/04/20 11:44:49,Technical,Low,5.0
4986,1070,2024/03/10 00:00:00,2024/03/11 04:17:06,General,Low,5.0
4987,4564,2024/09/18 00:00:00,2024/09/19 15:11:47,Technical,High,
4988,1171,2024/05/19 00:00:00,2024/05/20 00:15:47,General,Low,4.0
4989,4315,2024/06/16 00:00:00,2024/06/17 04:14:24,General,Low,3.0
4990,4315,2024/11/24 00:00:00,2024/11/24 20:31:03,Technical,Medium,3.0
4991,4315,2024/04/14 00:00:00,2024/04/14 05:43:42,Billing,High,1.0
4992,4315,2024/07/21 00:00:00,2024/07/21 01:25:04,Technical,Medium,
4993,4315,2024/05/21 00:00:00,2024/05/21 16:16:28,Technical,Medium,3.0
4994,4838,2024/01/28 00:00:00,2024/01/28 02:01:49,General,Low,3.0
4995,4838,2024/09/17 00:00:00,2024/09/17 11:40:15,Technical,High,1.0
4996,4504,2024/01/17 00:00:00,,General,Medium,
4997,4504,2024/01/11 00:00:00,2024/01/11 06:39:18,Billing,Medium,3.0
4998,4504,2024/02/23 00:00:00,2024/02/23 08:23:17,General,Medium,4.0
4999,4504,2024/03/17 00:00:00,,Technical,Low,
5000,914,2024/10/23 00:00:00,,General,Medium,
5001,914,2024/12/10 00:00:00,2024/12/11 06:40:53,Technical,Medium,2.0
5002,914,2024/02/02 00:00:00,2024/02/02 17:22:42,Billing,Low,4.0
5003,2671,2024/02/29 00:00:00,2024/02/29 18:59:41,General,Medium,
5004,2643,2024/05/27 00:00:00,2024/05/27 14:45:04,Technical,Low,
5005,884,2024/03/16 00:00:00,2024/03/16 20:53:03,Billing,High,
5006,884,2024/03/27 00:00:00,,Technical,Medium,
5007,884,2024/09/23 00:00:00,2024/09/24 04:02:28,Billing,Low,
5008,2931,2024/08/26 00:00:00,2024/08/27 22:10:18,Technical,Medium,1.0
5009,2931,2024/01/08 00:00:00,2024/01/08 07:09:32,General,High,
5010,2931,2024/06/15 00:00:00,2024/06/15 20:13:29,Billing,Low,2.0
5011,2931,2024/12/02 00:00:00,2024/12/02 03:25:56,Technical,Low,
5012,2931,2024/04/14 00:00:00,2024/04/14 16:26:20,Technical,Medium,
5013,3219,2024/04/03 00:00:00,2024/04/03 14:17:23,Billing,Medium,4.0
5014,2487,2024/04/25 00:00:00,2024/04/25 11:33:43,Billing,Medium,3.0
5015,696,2024/09/23 00:00:00,2024/09/24 11:54:29,Technical,High,
5016,696,2024/05/18 00:00:00,2024/05/18 15:18:15,Technical,Low,4.0
5017,4393,2024/11/09 00:00:00,2024/11/09 03:27:31,Technical,Medium,
5018,2528,2024/01/12 00:00:00,2024/01/13 21:47:33,General,Medium,
5019,2528,2024/04/24 00:00:00,2024/04/24 10:55:12,Technical,Low,4.0
5020,2528,2024/10/17 00:00:00,2024/10/17 19:30:42,Technical,High,3.0
5021,2528,2024/10/24 00:00:00,2024/10/24 18:31:05,Technical,Low,
5022,2528,2024/06/10 00:00:00,2024/06/11 11:50:55,Technical,Low,3.0
5023,661,2024/03/21 00:00:00,,Technical,Low,
5024,661,2024/12/18 00:00:00,2024/12/18 18:07:01,Billing,Medium,4.0
5025,661,2024/07/26 00:00:00,2024/07/26 14:12:26,General,Medium,
5026,1750,2024/01/26 00:00:00,2024/01/26 22:18:51,Billing,Medium,5.0
5027,230,2024/08/17 00:00:00,2024/08/17 13:49:34,Technical,Low,5.0
5028,342,2024/08/10 00:00:00,2024/08/11 08:26:15,Technical,Low,
5029,4645,2024/03/28 00:00:00,,General,Low,
5030,2483,2024/05/04 00:00:00,2024/05/04 04:27:58,Technical,Medium,2.0
5031,2233,2024/05/12 00:00:00,2024/05/12 14:11:22,Billing,Low,3.0
5032,2233,2024/11/21 00:00:00,2024/11/22 15:02:57,Technical,Medium,
5033,2233,2024/02/25 00:00:00,2024/02/26 21:02:30,Technical,Low,
5034,4204,2024/03/25 00:00:00,2024/03/25 08:34:53,Billing,Medium,
5035,4204,2024/08/24 00:00:00,2024/08/25 06:47:32,Technical,Low,4.0
5036,4204,2024/02/26 00:00:00,2024/02/26 16:56:44,Technical,Low,
5037,2769,2024/09/14 00:00:00,2024/09/15 00:13:11,Technical,Low,3.0
5038,2769,2024/10/05 00:00:00,2024/10/05 14:41:40,Billing,Medium,4.0
5039,2769,2024/11/07 00:00:00,,Technical,Low,
5040,2769,2024/05/02 00:00:00,2024/05/02 03:28:09,Billing,Medium,3.0
5041,4407,2024/08/20 00:00:00,2024/08/20 04:39:30,Billing,Low,
5042,4407,2024/02/26 00:00:00,2024/02/26 05:14:58,Billing,Low,4.0
5043,2083,2024/11/24 00:00:00,2024/11/25 04:01:38,Billing,Medium,
5044,2083,2024/09/01 00:00:00,2024/09/02 04:59:28,Billing,Low,
5045,4938,2024/07/29 00:00:00,2024/07/29 04:57:56,Billing,Low,
5046,4938,2024/02/17 00:00:00,2024/02/17 10:07:27,Technical,Low,4.0
5047,4938,2024/07/29 00:00:00,2024/07/29 06:44:07,Technical,High,1.0
5048,1808,2024/10/27 00:00:00,2024/10/27 04:48:29,Technical,Medium,5.0
5049,1808,2024/01/25 00:00:00,2024/01/26 18:23:58,Technical,Low,
5050,1808,2024/02/22 00:00:00,2024/02/22 10:03:59,General,Medium,
5051,4325,2024/07/03 00:00:00,,Technical,High,
5052,4325,2024/04/28 00:00:00,2024/04/28 22:17:25,Technical,High,1.0
5053,4325,2024/01/17 00:00:00,2024/01/17 08:58:21,Technical,Medium,
5054,4325,2024/02/26 00:00:00,2024/02/26 06:42:31,Billing,High,
5055,4541,2024/11/07 00:00:00,2024/11/07 07:30:16,Billing,Medium,
5056,4541,2024/11/02 00:00:00,2024/11/02 06:26:42,Billing,Low,4.0
5057,4541,2024/12/20 00:00:00,,Technical,Low,
5058,4541,2024/01/20 00:00:00,,Technical,Low,
5059,172,2024/06/07 00:00:00,2024/06/07 16:33:54,Billing,Low,4.0
5060,172,2024/06/08 00:00:00,2024/06/08 23:22:47,General,Low,
5061,172,2024/11/02 00:00:00,2024/11/03 03:09:27,General,Low,
5062,172,2024/12/12 00:00:00,2024/12/12 15:16:00,Technical,Low,
5063,3362,2024/08/31 00:00:00,,Technical,Medium,
5064,3362,2024/12/26 00:00:00,2024/12/26 10:34:25,Technical,High,5.0
5065,861,2024/12/18 00:00:00,2024/12/18 17:43:06,Technical,Medium,3.0
5066,861,2024/09/05 00:00:00,2024/09/05 03:21:33,General,High,3.0
5067,1533,2024/09/23 00:00:00,2024/09/23 02:59:21,Billing,High,4.0
5068,1533,2024/09/14 00:00:00,2024/09/14 18:54:24,Technical,High,
5069,1533,2024/11/14 00:00:00,2024/11/14 19:29:10,Billing,Low,4.0
5070,713,2024/06/10 00:00:00,2024/06/10 19:59:00,Billing,Low,5.0
5071,713,2024/01/13 00:00:00,2024/01/13 04:58:55,Technical,Medium,
5072,713,2024/06/23 00:00:00,2024/06/24 03:06:48,General,Medium,
5073,713,2024/11/23 00:00:00,,Billing,Low,
5074,713,2024/07/27 00:00:00,2024/07/27 17:09:31,Technical,Medium,
5075,1646,2024/12/10 00:00:00,2024/12/10 05:54:33,General,High,
5076,1646,2024/11/16 00:00:00,2024/11/16 10:20:01,Billing,Low,3.0
5077,1087,2024/11/30 00:00:00,2024/11/30 17:37:35,Billing,Medium,4.0
5078,1087,2024/10/17 00:00:00,2024/10/18 02:36:53,General,Medium,5.0
5079,1087,2024/04/01 00:00:00,2024/04/01 14:17:21,Technical,Medium,
5080,1087,2024/10/22 00:00:00,2024/10/22 21:48:45,General,High,
5081,3802,2024/08/15 00:00:00,2024/08/15 21:46:34,General,High,3.0
5082,3760,2024/04/04 00:00:00,2024/04/05 05:09:47,Billing,Medium,
5083,3760,2024/01/29 00:00:00,2024/01/30 02:00:57,Technical,Low,
5084,3760,2024/12/20 00:00:00,,General,Low,
5085,3760,2024/06/17 00:00:00,2024/06/17 12:32:33,Technical,Medium,5.0
5086,3760,2024/09/04 00:00:00,2024/09/04 23:21:23,Technical,High,1.0
5087,2617,2024/12/07 00:00:00,2024/12/07 03:31:40,General,Low,5.0
5088,2617,2024/09/27 00:00:00,2024/09/27 04:49:00,Billing,Low,
5089,2617,2024/08/05 00:00:00,2024/08/05 05:36:36,Technical,High,5.0
5090,2617,2024/06/02 00:00:00,2024/06/02 09:10:28,Technical,High,3.0
5091,3636,2024/03/26 00:00:00,2024/03/27 02:41:40,Technical,Low,
5092,2872,2024/03/24 00:00:00,2024/03/24 09:51:24,Technical,Low,
5093,2872,2024/03/19 00:00:00,2024/03/19 04:20:10,Billing,Medium,5.0
5094,2872,2024/01/01 00:00:00,2024/01/01 16:11:03,Technical,Low,
5095,2872,2024/09/24 00:00:00,2024/09/24 12:20:31,Technical,High,3.0
5096,4411,2024/01/06 00:00:00,,Technical,Low,
5097,4353,2024/06/19 00:00:00,2024/06/19 13:01:00,Technical,High,
5098,4353,2024/04/24 00:00:00,,General,Low,
5099,4353,2024/08/21 00:00:00,2024/08/21 02:07:01,Technical,Low,
5100,3443,2024/02/19 00:00:00,,Technical,Low,
5101,3443,2024/05/08 00:00:00,2024/05/10 08:20:25,General,Low,4.0
5102,2900,2024/08/19 00:00:00,2024/08/20 02:52:05,Billing,Low,
5103,2235,2024/08/23 00:00:00,2024/08/23 06:22:52,Billing,Medium,3.0
5104,2235,2024/01/07 00:00:00,2024/01/07 07:03:27,Billing,High,4.0
5105,2235,2024/07/16 00:00:00,2024/07/17 01:55:45,Billing,Low,5.0
5106,839,2024/07/02 00:00:00,,General,Low,
5107,839,2024/12/20 00:00:00,2024/12/20 03:05:15,Billing,Medium,3.0
5108,839,2024/09/02 00:00:00,2024/09/02 20:45:25,Billing,Low,4.0
5109,779,2024/08/10 00:00:00,,Billing,Low,
5110,779,2024/11/01 00:00:00,2024/11/01 17:28:37,Technical,Low,
5111,1802,2024/09/07 00:00:00,2024/09/07 12:49:46,General,Low,5.0
5112,1802,2024/03/16 00:00:00,2024/03/16 13:16:11,General,Medium,
5113,1802,2024/10/24 00:00:00,2024/10/24 02:28:28,Technical,Medium,
5114,1802,2024/12/17 00:00:00,2024/12/17 15:49:54,Billing,Low,1.0
5115,3596,2024/03/05 00:00:00,2024/03/05 11:10:45,Billing,Low,3.0
5116,3596,2024/01/31 00:00:00,2024/01/31 20:16:55,Technical,High,4.0
5117,3596,2024/03/17 00:00:00,2024/03/17 22:10:19,Technical,Low,2.0
5118,3596,2024/08/24 00:00:00,2024/08/25 01:27:09,Technical,Medium,
5119,1019,2024/09/03 00:00:00,2024/09/03 07:56:08,Technical,Low,
5120,1019,2024/02/22 00:00:00,2024/02/22 07:07:34,Billing,Medium,
5121,1019,2024/01/08 00:00:00,2024/01/08 09:58:56,Technical,Medium,
5122,1019,2024/12/07 00:00:00,2024/12/07 05:35:21,Technical,Low,
5123,1019,2024/01/09 00:00:00,2024/01/09 19:17:30,Technical,Low,
5124,40,2024/10/21 00:00:00,2024/10/21 18:28:29,Billing,Low,5.0
5125,40,2024/06/27 00:00:00,,Billing,Medium,
5126,40,2024/12/24 00:00:00,,Technical,Medium,
5127,40,2024/06/01 00:00:00,2024/06/01 09:20:54,Technical,Low,
5128,4435,2024/09/26 00:00:00,2024/09/26 15:41:32,Technical,Low,
5129,4435,2024/12/09 00:00:00,,Technical,Medium,
5130,4435,2024/03/15 00:00:00,,Technical,Low,
5131,2041,2024/02/08 00:00:00,2024/02/08 13:07:40,Technical,Medium,3.0
5132,2041,2024/05/16 00:00:00,2024/05/16 03:11:44,General,Low,
5133,1447,2024/05/21 00:00:00,,Billing,Medium,
5134,1447,2024/09/26 00:00:00,2024/09/26 05:11:42,Technical,Low,
5135,1447,2024/05/03 00:00:00,2024/05/03 12:12:46,Technical,Low,
5136,121,2024/11/01 00:00:00,,General,Low,
5137,121,2024/11/23 00:00:00,2024/11/23 05:41:22,General,High,4.0
5138,121,2024/07/23 00:00:00,2024/07/23 11:37:15,General,Low,
5139,3759,2024/06/29 00:00:00,2024/06/29 21:13:21,Technical,Low,4.0
5140,3759,2024/04/22 00:00:00,2024/04/23 06:29:26,Technical,High,4.0
5141,3759,2024/06/11 00:00:00,2024/06/11 06:00:00,General,Low,
5142,3759,2024/02/14 00:00:00,2024/02/14 01:22:15,Technical,High,4.0
5143,3759,2024/07/08 00:00:00,2024/07/08 12:56:04,General,Low,4.0
5144,2697,2024/07/12 00:00:00,,General,Low,
5145,2697,2024/08/10 00:00:00,2024/08/10 10:07:58,Billing,Low,1.0
5146,2697,2024/02/26 00:00:00,2024/02/27 02:20:06,General,High,
5147,2697,2024/10/31 00:00:00,2024/10/31 09:24:06,Billing,Low,5.0
5148,2697,2024/01/14 00:00:00,2024/01/14 04:55:04,Billing,Low,4.0
5149,3852,2024/08/24 00:00:00,,General,Low,
5150,3852,2024/04/04 00:00:00,2024/04/04 04:09:48,Technical,Low,3.0
5151,3852,2024/08/14 00:00:00,2024/08/14 21:52:15,Billing,Medium,5.0
5152,3852,2024/05/25 00:00:00,2024/05/26 02:52:42,Billing,Medium,5.0
5153,1499,2024/12/08 00:00:00,2024/12/08 11:56:24,Technical,Medium,4.0
5154,4064,2024/03/11 00:00:00,,Technical,Medium,
5155,4064,2024/08/16 00:00:00,2024/08/17 01:04:20,Technical,Low,
5156,4064,2024/08/29 00:00:00,,Billing,High,
5157,4064,2024/09/06 00:00:00,2024/09/06 14:57:02,General,Medium,3.0
5158,2496,2024/07/23 00:00:00,2024/07/24 01:07:13,Technical,Low,5.0
5159,2496,2024/12/26 00:00:00,2024/12/26 22:25:09,General,Low,5.0
5160,2496,2024/02/02 00:00:00,2024/02/03 12:06:10,Technical,Medium,2.0
5161,3366,2024/09/18 00:00:00,2024/09/18 06:19:43,Billing,Medium,
5162,3366,2024/11/12 00:00:00,2024/11/12 03:52:07,Billing,Low,5.0
5163,2110,2024/06/20 00:00:00,2024/06/20 18:56:10,General,Low,3.0
5164,2110,2024/10/27 00:00:00,2024/10/27 03:44:00,Technical,Low,5.0
5165,2110,2024/08/25 00:00:00,,Technical,Low,
5166,2110,2024/03/09 00:00:00,,Billing,Medium,
5167,3403,2024/06/15 00:00:00,2024/06/16 09:40:23,Technical,Low,5.0
5168,3403,2024/12/22 00:00:00,2024/12/22 08:22:11,Billing,Low,4.0
5169,3403,2024/03/16 00:00:00,,General,Medium,
5170,3403,2024/04/22 00:00:00,2024/04/22 05:55:00,Technical,High,2.0
5171,3403,2024/11/13 00:00:00,2024/11/13 13:49:29,Billing,Low,2.0
5172,2210,2024/06/29 00:00:00,,Billing,Low,
5173,2210,2024/10/23 00:00:00,,Technical,High,
5174,2210,2024/09/15 00:00:00,2024/09/15 10:00:17,Technical,Medium,
5175,3874,2024/04/25 00:00:00,2024/04/25 11:23:08,Technical,Low,
5176,3874,2024/01/13 00:00:00,2024/01/13 08:53:17,Technical,Low,
5177,3352,2024/12/28 00:00:00,2024/12/29 01:03:39,Technical,Low,3.0
5178,3352,2024/02/21 00:00:00,2024/02/21 18:11:51,Billing,Medium,2.0
5179,2440,2024/11/16 00:00:00,,Technical,Medium,
5180,2440,2024/08/04 00:00:00,2024/08/04 05:36:47,Technical,Medium,
5181,2440,2024/10/15 00:00:00,2024/10/15 17:59:10,Billing,Low,4.0
5182,2440,2024/11/18 00:00:00,2024/11/18 04:29:03,Technical,Low,3.0
5183,2309,2024/12/29 00:00:00,2024/12/30 01:02:35,Technical,Medium,4.0
5184,2309,2024/06/21 00:00:00,2024/06/21 05:01:46,Billing,Low,4.0
5185,2309,2024/01/22 00:00:00,2024/01/22 02:13:52,Technical,Medium,
5186,1984,2024/10/11 00:00:00,2024/10/12 13:07:15,Technical,Low,
5187,1984,2024/07/12 00:00:00,2024/07/12 11:52:19,Technical,High,1.0
5188,1984,2024/11/12 00:00:00,,Billing,High,
5189,3113,2024/10/23 00:00:00,,General,Medium,
5190,3113,2024/11/28 00:00:00,2024/11/28 02:13:18,Technical,Medium,3.0
5191,3351,2024/04/06 00:00:00,2024/04/06 14:04:29,Billing,Medium,3.0
5192,1008,2024/04/07 00:00:00,2024/04/08 03:52:12,Billing,Medium,
5193,1008,2024/09/05 00:00:00,2024/09/05 17:27:13,General,High,4.0
5194,1008,2024/04/20 00:00:00,2024/04/20 19:18:44,Technical,Medium,
5195,1008,2024/03/09 00:00:00,,Billing,Low,
5196,4911,2024/06/13 00:00:00,2024/06/13 20:05:00,Technical,Medium,
5197,4911,2024/12/01 00:00:00,,Technical,Low,
5198,4801,2024/09/04 00:00:00,2024/09/04 17:35:41,Technical,Low,
5199,4801,2024/03/15 00:00:00,2024/03/15 17:35:16,Technical,High,3.0
5200,4801,2024/10/31 00:00:00,2024/10/31 01:14:35,General,Low,3.0
5201,4801,2024/07/08 00:00:00,2024/07/09 02:51:22,Technical,Low,
5202,3329,2024/09/26 00:00:00,2024/09/27 03:18:40,General,Medium,
5203,3329,2024/03/21 00:00:00,2024/03/21 12:25:11,General,Low,
5204,3329,2024/07/23 00:00:00,2024/07/23 07:52:14,Technical,Medium,4.0
5205,3329,2024/12/20 00:00:00,,Billing,Low,
5206,3329,2024/11/16 00:00:00,,Technical,Low,
5207,1575,2024/10/22 00:00:00,2024/10/23 03:14:21,Billing,Low,4.0
5208,1575,2024/01/05 00:00:00,,Technical,Low,
5209,1575,2024/05/29 00:00:00,2024/05/30 02:31:03,Technical,High,
5210,1907,2024/04/08 00:00:00,2024/04/08 05:11:47,Billing,Medium,
5211,1907,2024/12/02 00:00:00,2024/12/02 10:27:13,General,Medium,3.0
5212,3861,2024/07/28 00:00:00,2024/07/28 16:57:18,Billing,Medium,
5213,3861,2024/05/01 00:00:00,2024/05/01 09:37:33,Technical,High,2.0
5214,3861,2024/08/28 00:00:00,,Technical,Low,
5215,3861,2024/09/06 00:00:00,2024/09/06 06:29:43,Billing,Medium,
5216,4620,2024/10/25 00:00:00,2024/10/25 05:45:37,Billing,Low,3.0
5217,4620,2024/12/16 00:00:00,2024/12/16 11:44:21,Technical,Medium,
5218,4620,2024/08/23 00:00:00,,Technical,High,
5219,4620,2024/07/07 00:00:00,2024/07/08 05:10:23,Technical,Medium,
5220,1333,2024/04/09 00:00:00,2024/04/09 08:50:34,Technical,Low,
5221,1333,2024/11/10 00:00:00,2024/11/10 12:58:11,Technical,Low,5.0
5222,1333,2024/08/17 00:00:00,2024/08/17 03:45:25,Technical,Low,4.0
5223,1333,2024/06/09 00:00:00,2024/06/10 02:16:01,Billing,Low,4.0
5224,1938,2024/10/16 00:00:00,2024/10/17 11:37:34,Technical,Low,3.0
5225,1938,2024/05/09 00:00:00,2024/05/09 05:29:31,General,Low,5.0
5226,289,2024/10/08 00:00:00,2024/10/08 11:07:12,Technical,Low,
5227,434,2024/11/25 00:00:00,2024/11/25 01:00:56,Technical,Low,1.0
5228,256,2024/12/13 00:00:00,2024/12/13 04:38:22,Technical,High,
5229,256,2024/11/07 00:00:00,2024/11/08 12:06:55,General,Medium,
5230,966,2024/11/01 00:00:00,2024/11/01 15:21:13,Technical,Low,
5231,2431,2024/05/16 00:00:00,2024/05/16 11:55:31,Technical,Medium,3.0
5232,2431,2024/06/07 00:00:00,2024/06/07 15:49:46,Technical,Medium,5.0
5233,2431,2024/01/10 00:00:00,,General,Low,
5234,819,2024/10/02 00:00:00,,General,Low,
5235,819,2024/11/01 00:00:00,2024/11/02 00:41:05,Billing,High,
5236,1726,2024/02/02 00:00:00,,Technical,High,
5237,98,2024/12/30 00:00:00,2024/12/30 06:40:06,Technical,Medium,1.0
5238,3631,2024/07/09 00:00:00,2024/07/10 03:02:17,Technical,Low,
5239,3425,2024/07/13 00:00:00,2024/07/14 02:08:00,Technical,High,2.0
5240,3425,2024/12/02 00:00:00,2024/12/02 08:57:29,Technical,Medium,4.0
5241,3876,2024/08/25 00:00:00,2024/08/25 13:55:42,Billing,Low,
5242,3876,2024/12/25 00:00:00,2024/12/25 09:57:58,Technical,Low,
5243,3089,2024/03/11 00:00:00,2024/03/12 04:23:29,Billing,Medium,
5244,3089,2024/03/05 00:00:00,2024/03/05 09:35:35,General,Medium,
5245,3089,2024/03/22 00:00:00,,Technical,Low,
5246,286,2024/01/10 00:00:00,2024/01/11 03:42:37,Billing,Low,
5247,286,2024/07/23 00:00:00,2024/07/23 15:30:48,Technical,High,2.0
5248,286,2024/04/17 00:00:00,2024/04/17 10:25:59,Technical,Low,4.0
5249,286,2024/09/03 00:00:00,2024/09/03 21:23:50,Technical,High,4.0
5250,4041,2024/09/27 00:00:00,2024/09/27 14:43:34,Billing,Low,4.0
5251,4041,2024/01/26 00:00:00,,General,Low,
5252,4041,2024/01/08 00:00:00,2024/01/08 03:56:39,Technical,High,
5253,4041,2024/05/14 00:00:00,2024/05/14 11:57:15,Billing,Low,4.0
5254,905,2024/08/24 00:00:00,2024/08/24 09:57:15,Technical,Low,5.0
5255,905,2024/11/15 00:00:00,2024/11/15 04:26:16,Technical,Low,
5256,4147,2024/06/01 00:00:00,2024/06/02 05:52:51,Billing,Low,
5257,4147,2024/04/16 00:00:00,2024/04/16 08:31:05,Technical,High,
5258,4147,2024/08/08 00:00:00,2024/08/09 00:51:13,Technical,High,3.0
5259,4147,2024/01/04 00:00:00,2024/01/04 12:35:31,Technical,Low,4.0
5260,4147,2024/04/21 00:00:00,2024/04/21 18:17:36,Billing,Medium,4.0
5261,188,2024/03/13 00:00:00,2024/03/14 09:04:38,Billing,Low,4.0
5262,188,2024/11/28 00:00:00,2024/11/29 22:41:16,Billing,Low,5.0
5263,188,2024/05/30 00:00:00,2024/05/31 06:23:24,Technical,Low,4.0
5264,188,2024/08/18 00:00:00,2024/08/19 21:46:49,Technical,Low,4.0
5265,188,2024/04/11 00:00:00,2024/04/11 17:00:44,Billing,Low,5.0
5266,3635,2024/05/08 00:00:00,2024/05/09 01:13:32,Technical,Medium,
5267,3635,2024/08/22 00:00:00,2024/08/23 04:40:31,Technical,Low,
5268,2040,2024/12/26 00:00:00,2024/12/26 17:55:36,Technical,Low,2.0
5269,2040,2024/11/17 00:00:00,2024/11/17 14:10:28,Technical,Low,3.0
5270,2040,2024/11/24 00:00:00,2024/11/24 13:46:42,Technical,Medium,
5271,2040,2024/01/14 00:00:00,2024/01/14 20:23:27,Technical,Low,
5272,1277,2024/04/02 00:00:00,2024/04/03 00:16:07,Technical,Low,
5273,1277,2024/10/12 00:00:00,2024/10/12 13:39:22,General,Low,
5274,1277,2024/06/04 00:00:00,2024/06/04 10:56:42,Technical,Low,5.0
5275,1277,2024/05/13 00:00:00,2024/05/13 06:50:13,Technical,Low,
5276,2966,2024/04/11 00:00:00,2024/04/11 04:34:57,Billing,Medium,4.0
5277,4812,2024/10/02 00:00:00,2024/10/02 05:27:27,Technical,Low,
5278,4812,2024/02/21 00:00:00,2024/02/21 19:18:48,Technical,Medium,1.0
5279,4812,2024/12/23 00:00:00,2024/12/23 15:20:00,Billing,Low,4.0
5280,4812,2024/06/04 00:00:00,2024/06/04 11:07:50,Technical,Medium,5.0
5281,1804,2024/05/01 00:00:00,,Technical,Medium,
5282,1804,2024/01/31 00:00:00,2024/02/01 20:08:07,Technical,Low,4.0
5283,3029,2024/10/30 00:00:00,2024/10/30 10:36:53,Technical,Low,
5284,3029,2024/04/17 00:00:00,,Technical,Low,
5285,3029,2024/03/03 00:00:00,2024/03/03 02:45:56,Technical,Low,
5286,3029,2024/03/21 00:00:00,2024/03/21 19:56:47,Billing,Low,5.0
5287,3029,2024/07/19 00:00:00,2024/07/19 11:58:55,Technical,Low,
5288,1207,2024/02/23 00:00:00,2024/02/23 14:51:21,Billing,Medium,2.0
5289,1207,2024/02/29 00:00:00,,Technical,Low,
5290,1207,2024/02/06 00:00:00,2024/02/06 10:53:37,Technical,High,3.0
5291,1207,2024/02/03 00:00:00,,Technical,Medium,
5292,1207,2024/12/22 00:00:00,,Billing,High,
5293,1125,2024/06/19 00:00:00,2024/06/19 15:00:29,Billing,Medium,3.0
5294,1125,2024/06/21 00:00:00,2024/06/21 11:59:11,Billing,Low,4.0
5295,1125,2024/11/18 00:00:00,2024/11/18 11:14:37,Billing,Low,
5296,1125,2024/09/26 00:00:00,2024/09/26 16:15:50,Billing,Low,5.0
5297,1125,2024/10/17 00:00:00,2024/10/17 17:14:32,Technical,Medium,
5298,1149,2024/10/08 00:00:00,2024/10/10 12:27:52,General,Medium,
5299,1149,2024/11/22 00:00:00,2024/11/22 08:51:20,Billing,Medium,
5300,4342,2024/08/30 00:00:00,2024/08/30 13:38:54,Technical,Low,4.0
5301,4342,2024/03/29 00:00:00,2024/03/29 06:39:28,Technical,Medium,
5302,4342,2024/02/11 00:00:00,2024/02/11 06:57:41,Technical,Low,
5303,2925,2024/10/01 00:00:00,2024/10/01 16:06:39,General,Medium,4.0
5304,1923,2024/01/27 00:00:00,2024/01/27 15:36:44,Technical,Medium,5.0
5305,1923,2024/11/13 00:00:00,2024/11/13 12:59:33,Billing,Medium,3.0
5306,1923,2024/07/14 00:00:00,2024/07/14 14:09:42,Technical,Medium,4.0
5307,140,2024/06/21 00:00:00,2024/06/22 12:46:08,General,Low,4.0
5308,3763,2024/06/16 00:00:00,2024/06/16 03:09:56,Technical,Low,3.0
5309,3763,2024/04/06 00:00:00,2024/04/06 19:14:43,General,Medium,3.0
5310,3763,2024/05/23 00:00:00,2024/05/24 11:59:03,Technical,Medium,4.0
5311,3763,2024/05/12 00:00:00,2024/05/12 01:53:51,Billing,Medium,
5312,3763,2024/06/22 00:00:00,,Billing,Medium,
5313,1713,2024/01/23 00:00:00,2024/01/24 14:37:55,General,Low,5.0
5314,1713,2024/10/29 00:00:00,2024/10/30 15:20:51,Billing,Low,5.0
5315,1713,2024/06/03 00:00:00,2024/06/03 11:31:18,Billing,Medium,
5316,1713,2024/04/12 00:00:00,,Technical,Low,
5317,587,2024/08/15 00:00:00,2024/08/15 10:45:32,General,Low,
5318,587,2024/08/31 00:00:00,,Technical,Low,
5319,587,2024/06/10 00:00:00,,Technical,Low,
5320,587,2024/05/26 00:00:00,2024/05/26 17:14:05,Technical,Medium,2.0
5321,397,2024/12/09 00:00:00,,Technical,Medium,
5322,397,2024/04/03 00:00:00,2024/04/03 02:06:20,Billing,Low,
5323,397,2024/06/22 00:00:00,2024/06/23 04:31:25,General,Low,
5324,2141,2024/07/21 00:00:00,2024/07/21 03:27:57,Technical,Low,
5325,2141,2024/04/28 00:00:00,2024/04/28 03:40:48,Billing,Medium,
5326,332,2024/11/19 00:00:00,2024/11/19 13:05:56,General,Medium,
5327,3340,2024/01/19 00:00:00,,Billing,Low,
5328,3340,2024/05/16 00:00:00,,General,Low,
5329,3340,2024/09/16 00:00:00,,General,Medium,
5330,3340,2024/07/22 00:00:00,2024/07/23 01:59:46,Technical,Medium,
5331,3340,2024/12/30 00:00:00,2024/12/30 08:51:25,Technical,Medium,5.0
5332,100,2024/05/28 00:00:00,2024/05/28 20:16:25,Technical,Medium,5.0
5333,100,2024/10/22 00:00:00,,Technical,Low,
5334,100,2024/07/13 00:00:00,,Technical,Medium,
5335,100,2024/08/08 00:00:00,2024/08/09 02:29:35,Billing,Low,5.0
5336,100,2024/07/19 00:00:00,2024/07/19 17:00:03,General,Medium,
5337,3122,2024/09/18 00:00:00,2024/09/18 05:01:37,Billing,Low,5.0
5338,3122,2024/03/04 00:00:00,,General,Low,
5339,4615,2024/04/01 00:00:00,2024/04/01 14:11:16,Technical,Medium,4.0
5340,4615,2024/05/06 00:00:00,2024/05/06 14:13:04,Technical,Low,5.0
5341,3452,2024/11/30 00:00:00,,General,Low,
5342,3452,2024/07/29 00:00:00,2024/07/29 08:23:27,General,Low,4.0
5343,1040,2024/01/15 00:00:00,2024/01/15 00:34:29,General,Low,
5344,1040,2024/11/25 00:00:00,2024/11/25 09:27:24,Technical,Medium,5.0
5345,1040,2024/11/09 00:00:00,2024/11/09 16:52:46,Technical,Low,5.0
5346,4490,2024/01/26 00:00:00,2024/01/27 03:34:25,Technical,Medium,
5347,4490,2024/12/11 00:00:00,2024/12/11 07:28:30,Technical,Medium,4.0
5348,1236,2024/01/17 00:00:00,2024/01/17 14:39:21,Technical,Medium,
5349,1236,2024/06/26 00:00:00,2024/06/26 03:49:02,Technical,Low,5.0
5350,1236,2024/02/14 00:00:00,2024/02/14 12:41:46,Billing,High,4.0
5351,1417,2024/06/22 00:00:00,2024/06/23 05:59:14,Technical,Medium,
5352,1417,2024/03/01 00:00:00,,Technical,Low,
5353,1417,2024/06/06 00:00:00,,General,Medium,
5354,1417,2024/03/22 00:00:00,,Billing,Low,
5355,1417,2024/03/25 00:00:00,,General,Low,
5356,4285,2024/08/13 00:00:00,2024/08/13 09:04:30,General,Low,5.0
5357,165,2024/03/20 00:00:00,2024/03/20 08:43:47,Billing,Medium,
5358,165,2024/05/01 00:00:00,,Billing,High,
5359,1105,2024/07/02 00:00:00,,Technical,High,
5360,1105,2024/01/06 00:00:00,2024/01/07 00:32:18,Billing,Low,3.0
5361,1105,2024/05/24 00:00:00,,General,Medium,
5362,4749,2024/03/10 00:00:00,2024/03/10 10:57:01,Technical,Low,5.0
5363,4749,2024/08/09 00:00:00,2024/08/09 02:21:38,Billing,Low,4.0
5364,4749,2024/06/01 00:00:00,,Billing,Medium,
5365,4749,2024/03/08 00:00:00,2024/03/08 14:44:19,Billing,Medium,
5366,4749,2024/12/21 00:00:00,2024/12/21 23:31:46,Billing,High,4.0
5367,2303,2024/09/22 00:00:00,2024/09/22 09:20:48,Technical,High,
5368,2303,2024/10/16 00:00:00,2024/10/16 04:26:59,Technical,Medium,
5369,2303,2024/08/05 00:00:00,2024/08/06 01:44:18,Billing,Medium,2.0
5370,549,2024/05/18 00:00:00,2024/05/18 20:01:47,Billing,Low,5.0
5371,549,2024/03/06 00:00:00,,General,Medium,
5372,549,2024/03/11 00:00:00,,Technical,Low,
5373,549,2024/04/11 00:00:00,2024/04/11 05:00:41,Technical,Low,5.0
5374,461,2024/01/04 00:00:00,2024/01/04 08:55:13,General,Low,3.0
5375,3014,2024/04/28 00:00:00,2024/04/28 04:30:03,General,Low,
5376,1287,2024/03/21 00:00:00,2024/03/22 16:21:46,Technical,High,
5377,1287,2024/01/26 00:00:00,,Technical,Medium,
5378,1287,2024/05/08 00:00:00,2024/05/09 13:39:09,Technical,Low,
5379,1143,2024/09/25 00:00:00,2024/09/26 03:47:39,Technical,Low,4.0
5380,2221,2024/12/25 00:00:00,2024/12/25 16:17:39,Technical,Low,
5381,3911,2024/09/01 00:00:00,2024/09/01 08:22:41,Billing,High,
5382,3911,2024/07/16 00:00:00,2024/07/17 07:46:02,Billing,Medium,4.0
5383,4251,2024/01/02 00:00:00,2024/01/02 05:51:22,General,Medium,
5384,4251,2024/08/31 00:00:00,2024/09/01 06:07:16,Technical,Low,4.0
5385,4251,2024/12/17 00:00:00,2024/12/17 00:09:11,Billing,High,4.0
5386,4251,2024/04/24 00:00:00,2024/04/24 19:27:33,Technical,High,
5387,1111,2024/12/30 00:00:00,2024/12/30 04:32:21,General,High,4.0
5388,1111,2024/04/20 00:00:00,,Billing,Low,
5389,1111,2024/04/12 00:00:00,2024/04/12 16:48:03,Billing,High,2.0
5390,1111,2024/05/31 00:00:00,2024/05/31 18:18:50,Technical,Low,
5391,4955,2024/06/30 00:00:00,2024/06/30 05:38:52,Billing,Low,5.0
5392,4955,2024/04/07 00:00:00,2024/04/07 04:02:41,Technical,Low,
5393,4955,2024/02/16 00:00:00,2024/02/16 20:35:15,Technical,High,5.0
5394,1656,2024/05/30 00:00:00,2024/05/30 05:50:22,Technical,Medium,4.0
5395,1656,2024/11/28 00:00:00,,Billing,Low,
5396,1656,2024/10/03 00:00:00,2024/10/04 10:37:20,Technical,Low,4.0
5397,1656,2024/11/30 00:00:00,2024/12/01 15:07:43,Technical,High,4.0
5398,3774,2024/05/21 00:00:00,,General,Low,
5399,3774,2024/08/25 00:00:00,2024/08/26 15:03:59,General,Medium,
5400,1760,2024/01/06 00:00:00,2024/01/07 06:22:35,Technical,Low,4.0
5401,4891,2024/12/15 00:00:00,2024/12/16 06:55:29,General,Low,
5402,4891,2024/02/25 00:00:00,2024/02/25 10:58:15,Technical,Low,3.0
5403,4891,2024/12/02 00:00:00,2024/12/03 15:33:22,Billing,High,5.0
5404,608,2024/07/28 00:00:00,,Billing,Low,
5405,608,2024/03/04 00:00:00,,Technical,Low,
5406,4232,2024/07/03 00:00:00,2024/07/03 11:20:54,General,Medium,
5407,4232,2024/12/15 00:00:00,,Billing,Medium,
5408,4232,2024/12/26 00:00:00,2024/12/26 21:42:44,Technical,Low,3.0
5409,3923,2024/01/24 00:00:00,2024/01/24 19:34:46,Billing,High,
5410,3923,2024/05/10 00:00:00,2024/05/10 04:32:15,General,Low,4.0
5411,3923,2024/03/13 00:00:00,,Technical,Low,
5412,3923,2024/03/15 00:00:00,2024/03/15 08:04:03,Technical,Low,5.0
5413,3923,2024/04/28 00:00:00,2024/04/29 02:22:37,Technical,Medium,3.0
5414,1829,2024/08/09 00:00:00,2024/08/09 21:25:10,Billing,Low,4.0
5415,1829,2024/05/09 00:00:00,2024/05/09 11:54:07,Technical,Low,4.0
5416,2782,2024/08/29 00:00:00,2024/08/29 05:16:59,Billing,Low,
5417,2782,2024/03/02 00:00:00,2024/03/02 17:09:42,Billing,Low,
5418,2782,2024/12/13 00:00:00,2024/12/13 17:49:20,Billing,Low,
5419,2782,2024/04/03 00:00:00,2024/04/03 07:09:31,General,Medium,5.0
5420,2782,2024/09/11 00:00:00,,Technical,Low,
5421,1910,2024/08/05 00:00:00,,Technical,High,
5422,1566,2024/05/02 00:00:00,2024/05/02 13:03:16,Billing,Medium,5.0
5423,1566,2024/04/07 00:00:00,,Technical,High,
5424,1326,2024/09/24 00:00:00,2024/09/24 17:25:04,Technical,Low,3.0
5425,1326,2024/10/03 00:00:00,2024/10/03 09:09:51,General,Low,4.0
5426,1326,2024/03/04 00:00:00,2024/03/05 09:43:27,Billing,Low,4.0
5427,1326,2024/11/11 00:00:00,,Technical,Low,
5428,1326,2024/06/18 00:00:00,2024/06/18 20:56:11,Technical,Low,
5429,1876,2024/01/12 00:00:00,2024/01/12 13:36:35,Technical,Low,4.0
5430,1876,2024/11/04 00:00:00,2024/11/05 03:23:39,Technical,Low,5.0
5431,1876,2024/12/18 00:00:00,2024/12/18 18:25:26,Technical,Medium,4.0
5432,1876,2024/07/21 00:00:00,2024/07/21 06:08:59,Technical,Low,
5433,1876,2024/07/06 00:00:00,2024/07/06 13:38:54,General,Low,
5434,3528,2024/05/07 00:00:00,2024/05/07 07:51:28,Billing,Low,
5435,3528,2024/09/19 00:00:00,,Billing,Medium,
5436,3528,2024/10/22 00:00:00,,General,High,
5437,3528,2024/08/09 00:00:00,,Technical,Low,
5438,4052,2024/05/19 00:00:00,2024/05/19 13:01:27,Technical,Low,
5439,3574,2024/02/08 00:00:00,,Technical,Medium,
5440,3574,2024/09/07 00:00:00,2024/09/07 14:13:36,General,Low,1.0
5441,3574,2024/04/10 00:00:00,2024/04/11 04:38:44,Billing,Low,
5442,4727,2024/08/19 00:00:00,,Technical,Medium,
5443,294,2024/08/23 00:00:00,2024/08/24 05:09:33,General,High,4.0
5444,913,2024/06/08 00:00:00,2024/06/08 03:47:00,General,High,2.0
5445,913,2024/09/14 00:00:00,2024/09/14 14:04:53,General,Low,3.0
5446,2199,2024/02/16 00:00:00,2024/02/16 07:37:23,Technical,Low,5.0
5447,2199,2024/10/11 00:00:00,2024/10/11 12:04:44,Technical,Low,
5448,2633,2024/11/28 00:00:00,2024/11/29 21:37:57,Technical,Low,4.0
5449,2633,2024/08/21 00:00:00,2024/08/21 15:49:28,General,Low,
5450,2633,2024/01/24 00:00:00,2024/01/24 08:40:31,General,Low,4.0
5451,1524,2024/03/19 00:00:00,2024/03/19 14:20:46,Billing,Medium,2.0
5452,1524,2024/08/10 00:00:00,2024/08/10 02:03:06,Billing,Low,4.0
5453,1524,2024/07/09 00:00:00,2024/07/09 20:27:00,Technical,Medium,
5454,2800,2024/03/01 00:00:00,2024/03/01 07:35:32,Technical,Low,5.0
5455,2800,2024/06/12 00:00:00,2024/06/12 10:11:22,Technical,Medium,4.0
5456,2800,2024/07/22 00:00:00,2024/07/22 19:55:10,Technical,Low,5.0
5457,4885,2024/04/14 00:00:00,2024/04/14 04:25:29,General,Low,5.0
5458,4885,2024/03/05 00:00:00,2024/03/06 13:53:42,Technical,Low,
5459,4885,2024/07/26 00:00:00,2024/07/26 14:20:18,Technical,High,
5460,4885,2024/12/02 00:00:00,,Technical,Low,
5461,1238,2024/01/03 00:00:00,2024/01/03 14:29:43,Technical,Low,5.0
5462,1238,2024/10/24 00:00:00,2024/10/24 13:37:12,General,Low,5.0
5463,1238,2024/06/12 00:00:00,,Technical,High,
5464,3942,2024/05/08 00:00:00,,Technical,High,
5465,3942,2024/03/09 00:00:00,2024/03/09 16:39:20,Technical,Low,3.0
5466,3942,2024/05/27 00:00:00,,Billing,Low,
5467,1027,2024/02/29 00:00:00,2024/02/29 21:17:25,General,Medium,
5468,1027,2024/03/03 00:00:00,2024/03/03 20:52:05,Technical,Medium,
5469,1027,2024/04/29 00:00:00,,Technical,Medium,
5470,1027,2024/12/08 00:00:00,,Technical,Medium,
5471,1027,2024/11/11 00:00:00,2024/11/11 10:07:35,Technical,Low,
5472,3187,2024/04/27 00:00:00,2024/04/27 05:28:18,Billing,High,
5473,3187,2024/09/18 00:00:00,2024/09/18 13:35:46,General,Low,4.0
5474,3187,2024/01/09 00:00:00,2024/01/09 03:52:32,Technical,Low,5.0
5475,3187,2024/02/23 00:00:00,2024/02/23 10:27:34,Billing,Low,5.0
5476,1337,2024/10/19 00:00:00,2024/10/20 02:49:28,General,Medium,4.0
5477,1337,2024/03/30 00:00:00,2024/03/30 16:54:02,Technical,Low,5.0
5478,1337,2024/06/23 00:00:00,,General,Low,
5479,1337,2024/01/31 00:00:00,2024/02/01 14:54:42,Technical,Medium,4.0
5480,2282,2024/06/10 00:00:00,,General,Medium,
5481,2282,2024/09/30 00:00:00,2024/09/30 04:01:21,Billing,Medium,4.0
5482,2282,2024/08/12 00:00:00,2024/08/12 02:17:05,Technical,Medium,
5483,2282,2024/05/26 00:00:00,,Billing,Low,
5484,2282,2024/11/30 00:00:00,2024/11/30 12:31:59,Technical,High,2.0
5485,2933,2024/11/22 00:00:00,2024/11/22 07:20:57,Technical,Medium,
5486,97,2024/10/08 00:00:00,2024/10/08 20:16:58,Technical,Low,
5487,97,2024/06/17 00:00:00,2024/06/17 02:41:26,General,Medium,5.0
5488,930,2024/02/24 00:00:00,2024/02/24 09:47:55,Billing,Low,
5489,930,2024/11/02 00:00:00,,Technical,Medium,
5490,773,2024/03/03 00:00:00,2024/03/03 15:59:32,Technical,Medium,4.0
5491,4026,2024/02/24 00:00:00,2024/02/24 11:55:09,Technical,High,2.0
5492,4026,2024/02/04 00:00:00,2024/02/06 00:10:40,General,Low,5.0
5493,4026,2024/11/14 00:00:00,2024/11/14 07:16:08,Billing,Medium,
5494,4026,2024/11/03 00:00:00,,General,Medium,
5495,4026,2024/11/21 00:00:00,2024/11/22 02:54:04,General,High,2.0
5496,738,2024/07/17 00:00:00,2024/07/17 09:34:11,Technical,Medium,
5497,4333,2024/05/27 00:00:00,2024/05/27 05:56:49,General,Medium,
5498,4333,2024/12/09 00:00:00,2024/12/09 14:20:35,Billing,Medium,3.0
5499,4333,2024/02/08 00:00:00,2024/02/08 14:58:49,Billing,Low,
5500,4333,2024/11/12 00:00:00,2024/11/12 09:25:48,Billing,Low,
5501,4333,2024/06/23 00:00:00,2024/06/23 19:28:39,Technical,Medium,4.0
5502,4920,2024/10/25 00:00:00,2024/10/26 01:33:46,General,Medium,3.0
5503,3130,2024/04/20 00:00:00,2024/04/20 06:00:55,Technical,Low,5.0
5504,3130,2024/08/18 00:00:00,,Billing,Low,
5505,3130,2024/02/18 00:00:00,2024/02/18 16:12:09,Billing,Medium,
5506,3130,2024/02/28 00:00:00,2024/02/29 10:41:56,Billing,Low,5.0
5507,3130,2024/12/05 00:00:00,2024/12/06 10:26:01,Billing,Low,
5508,2337,2024/08/13 00:00:00,2024/08/13 16:39:21,Technical,Medium,2.0
5509,2337,2024/12/08 00:00:00,2024/12/08 16:16:10,Technical,Medium,2.0
5510,2337,2024/05/30 00:00:00,,General,Low,
5511,1388,2024/06/14 00:00:00,2024/06/14 14:14:19,Billing,Low,5.0
5512,1388,2024/02/09 00:00:00,2024/02/09 05:05:42,Technical,Low,4.0
5513,1388,2024/10/28 00:00:00,2024/10/28 08:06:16,Technical,Low,4.0
5514,1388,2024/05/06 00:00:00,2024/05/07 00:23:01,General,Medium,
5515,1388,2024/11/01 00:00:00,2024/11/01 16:13:34,Billing,Low,2.0
5516,680,2024/08/01 00:00:00,2024/08/01 06:45:32,Technical,Low,4.0
5517,680,2024/12/24 00:00:00,,General,Low,
5518,680,2024/03/02 00:00:00,2024/03/02 01:19:29,General,Low,4.0
5519,3321,2024/08/26 00:00:00,2024/08/26 11:11:30,Technical,Low,
5520,3321,2024/02/05 00:00:00,2024/02/05 07:59:26,Technical,Medium,
5521,3321,2024/08/12 00:00:00,,General,Medium,
5522,3321,2024/06/29 00:00:00,,Billing,Low,
5523,3321,2024/03/11 00:00:00,2024/03/11 06:15:48,General,Low,3.0
5524,4964,2024/07/16 00:00:00,2024/07/16 08:45:54,Billing,Low,5.0
5525,4964,2024/02/14 00:00:00,2024/02/15 00:11:10,Technical,Low,4.0
5526,4964,2024/07/10 00:00:00,,General,Medium,
5527,4964,2024/10/22 00:00:00,,Technical,High,
5528,1672,2024/12/22 00:00:00,2024/12/22 02:49:39,Technical,Low,
5529,1672,2024/04/19 00:00:00,2024/04/19 10:13:20,General,Low,5.0
5530,2093,2024/04/18 00:00:00,2024/04/18 12:05:54,Billing,Low,
5531,2093,2024/02/20 00:00:00,2024/02/20 13:24:38,General,Medium,
5532,2093,2024/05/11 00:00:00,2024/05/11 06:13:49,Billing,Medium,2.0
5533,4144,2024/09/30 00:00:00,2024/09/30 15:22:03,Technical,Low,
5534,3982,2024/01/07 00:00:00,2024/01/07 19:04:19,Technical,Low,3.0
5535,3225,2024/06/26 00:00:00,2024/06/26 09:09:52,Technical,High,2.0
5536,221,2024/07/16 00:00:00,2024/07/16 10:09:10,Billing,Medium,4.0
5537,221,2024/02/20 00:00:00,2024/02/20 10:29:05,Billing,Low,
5538,221,2024/06/22 00:00:00,2024/06/22 22:18:22,General,Medium,
5539,221,2024/02/04 00:00:00,2024/02/04 07:58:58,Technical,Low,
5540,221,2024/09/14 00:00:00,2024/09/15 07:53:16,Technical,High,3.0
5541,1714,2024/02/19 00:00:00,2024/02/19 12:19:19,Billing,Medium,
5542,4282,2024/12/08 00:00:00,2024/12/08 18:02:18,Technical,High,4.0
5543,4282,2024/05/31 00:00:00,2024/05/31 20:40:46,Technical,Low,
5544,4282,2024/05/19 00:00:00,,General,Low,
5545,4839,2024/12/29 00:00:00,2024/12/29 02:44:32,Billing,Low,4.0
5546,4839,2024/01/16 00:00:00,2024/01/16 11:11:39,Technical,Low,
5547,4839,2024/10/08 00:00:00,2024/10/08 04:47:49,Billing,Low,3.0
5548,1341,2024/06/27 00:00:00,2024/06/27 13:36:07,Billing,Medium,
5549,1341,2024/08/25 00:00:00,2024/08/25 05:05:34,Technical,Low,
5550,1341,2024/06/06 00:00:00,2024/06/06 17:11:13,Technical,Low,5.0
5551,243,2024/09/12 00:00:00,2024/09/12 17:57:40,Billing,Medium,4.0
5552,3510,2024/08/28 00:00:00,2024/08/28 08:31:16,Billing,Low,5.0
5553,316,2024/05/17 00:00:00,2024/05/18 07:04:00,Billing,Low,5.0
5554,316,2024/02/19 00:00:00,,General,Low,
5555,316,2024/02/14 00:00:00,2024/02/14 07:59:54,General,Low,5.0
5556,316,2024/10/09 00:00:00,2024/10/09 08:37:08,Billing,Medium,
5557,1496,2024/04/30 00:00:00,2024/04/30 23:27:46,Technical,Medium,
5558,1496,2024/05/24 00:00:00,2024/05/24 13:17:15,Billing,Medium,4.0
5559,1614,2024/10/07 00:00:00,2024/10/08 22:55:14,Billing,Medium,2.0
5560,1614,2024/08/25 00:00:00,2024/08/25 06:12:39,Technical,Low,
5561,2016,2024/03/07 00:00:00,2024/03/07 05:23:07,Technical,Low,4.0
5562,2016,2024/05/17 00:00:00,,Billing,Low,
5563,2016,2024/05/13 00:00:00,2024/05/13 12:37:16,Technical,Low,
5564,2016,2024/11/19 00:00:00,,Billing,Medium,
5565,552,2024/07/24 00:00:00,2024/07/24 13:28:16,Technical,Low,
5566,552,2024/02/13 00:00:00,2024/02/13 19:47:32,Billing,Medium,3.0
5567,937,2024/10/02 00:00:00,2024/10/03 21:11:43,General,Medium,2.0
5568,3207,2024/02/16 00:00:00,2024/02/16 10:42:19,Technical,Low,
5569,3207,2024/12/19 00:00:00,2024/12/19 05:45:55,Billing,Medium,
5570,3207,2024/12/10 00:00:00,,Billing,Low,
5571,3207,2024/02/04 00:00:00,,General,Low,
5572,965,2024/07/12 00:00:00,2024/07/12 16:52:46,Technical,Low,4.0
5573,965,2024/09/19 00:00:00,2024/09/19 21:16:44,Billing,High,3.0
5574,965,2024/09/11 00:00:00,,Technical,Low,
5575,965,2024/04/25 00:00:00,,Technical,High,
5576,3085,2024/08/08 00:00:00,2024/08/08 09:23:03,Billing,Medium,3.0
5577,3085,2024/05/18 00:00:00,2024/05/18 08:05:45,Technical,Medium,4.0
5578,3085,2024/08/23 00:00:00,2024/08/23 22:52:51,General,Medium,4.0
5579,3085,2024/03/28 00:00:00,2024/03/28 14:46:52,Technical,Low,3.0
5580,3085,2024/03/15 00:00:00,,General,Low,
5581,1559,2024/11/25 00:00:00,2024/11/25 16:39:29,Technical,Low,4.0
5582,1559,2024/08/27 00:00:00,,General,Low,
5583,4060,2024/04/17 00:00:00,2024/04/17 13:03:45,General,Low,5.0
5584,4060,2024/12/29 00:00:00,2024/12/29 16:07:04,Billing,Medium,
5585,4060,2024/05/18 00:00:00,2024/05/18 10:22:49,Technical,Low,
5586,4060,2024/01/04 00:00:00,2024/01/05 23:09:18,Technical,Medium,
5587,4060,2024/08/10 00:00:00,2024/08/10 23:31:43,General,Low,5.0
5588,1853,2024/05/07 00:00:00,,Billing,Low,
5589,1853,2024/05/05 00:00:00,2024/05/05 11:11:36,General,Medium,
5590,1853,2024/07/06 00:00:00,2024/07/06 13:43:15,General,Medium,4.0
5591,1853,2024/05/09 00:00:00,2024/05/10 01:30:19,Technical,Low,
5592,1853,2024/11/16 00:00:00,2024/11/16 21:09:13,General,Low,5.0
5593,4986,2024/10/29 00:00:00,2024/10/30 06:14:18,Technical,Medium,4.0
5594,4986,2024/11/03 00:00:00,2024/11/03 15:43:36,Technical,Low,5.0
5595,4986,2024/11/23 00:00:00,2024/11/23 21:53:15,Billing,High,
5596,4986,2024/03/03 00:00:00,2024/03/03 13:18:21,Technical,Low,5.0
5597,4551,2024/04/03 00:00:00,2024/04/03 18:15:36,Billing,High,4.0
5598,4551,2024/01/14 00:00:00,2024/01/14 00:57:02,General,Low,
5599,4551,2024/02/27 00:00:00,,Technical,Medium,
5600,4551,2024/11/03 00:00:00,2024/11/03 07:21:24,Technical,High,2.0
5601,4551,2024/08/05 00:00:00,2024/08/05 01:41:42,Technical,High,1.0
5602,1022,2024/05/26 00:00:00,,Billing,Low,
5603,1022,2024/10/16 00:00:00,2024/10/17 02:27:32,General,Medium,5.0
5604,1022,2024/01/27 00:00:00,,Billing,Low,
5605,1022,2024/03/21 00:00:00,2024/03/21 17:18:36,Technical,Medium,
5606,3028,2024/11/25 00:00:00,,Technical,Low,
5607,3028,2024/08/06 00:00:00,2024/08/06 04:53:25,General,Low,4.0
5608,3028,2024/10/30 00:00:00,2024/10/30 14:53:57,Technical,Medium,4.0
5609,3028,2024/01/16 00:00:00,2024/01/17 04:34:02,General,Low,
5610,3446,2024/10/31 00:00:00,2024/10/31 05:51:35,Technical,High,
5611,3446,2024/05/10 00:00:00,2024/05/10 23:01:50,Technical,Low,
5612,3446,2024/07/22 00:00:00,,Technical,Low,
5613,3446,2024/04/01 00:00:00,2024/04/01 17:20:46,General,Low,4.0
5614,3446,2024/04/16 00:00:00,2024/04/17 00:42:49,Billing,Low,4.0
5615,1235,2024/04/12 00:00:00,2024/04/13 17:41:48,Billing,High,4.0
5616,154,2024/03/15 00:00:00,2024/03/16 14:17:57,General,Low,5.0
5617,154,2024/01/07 00:00:00,,Technical,Low,
5618,154,2024/06/14 00:00:00,2024/06/14 08:13:23,Technical,Low,4.0
5619,3542,2024/04/27 00:00:00,2024/04/27 18:23:22,Technical,Low,5.0
5620,3542,2024/10/25 00:00:00,2024/10/26 02:30:39,Billing,Medium,4.0
5621,3542,2024/04/04 00:00:00,,Billing,Medium,
5622,3542,2024/07/02 00:00:00,,Technical,Low,
5623,1450,2024/05/01 00:00:00,2024/05/02 03:08:36,Billing,Low,4.0
5624,1450,2024/01/31 00:00:00,2024/02/01 06:52:58,General,Low,
5625,1450,2024/03/08 00:00:00,2024/03/08 07:05:27,Technical,Medium,
5626,3486,2024/04/21 00:00:00,2024/04/22 00:26:40,Technical,Medium,
5627,3486,2024/10/22 00:00:00,2024/10/22 01:18:06,Technical,Low,3.0
5628,4479,2024/05/08 00:00:00,2024/05/08 05:57:23,General,Medium,3.0
5629,4479,2024/08/18 00:00:00,,Technical,High,
5630,4479,2024/08/19 00:00:00,2024/08/19 17:37:52,Billing,High,
5631,4479,2024/06/18 00:00:00,2024/06/18 14:41:49,Technical,Low,
5632,4479,2024/12/03 00:00:00,,Technical,Medium,
5633,2901,2024/06/14 00:00:00,,Billing,Medium,
5634,1084,2024/07/19 00:00:00,2024/07/19 00:54:30,Billing,Medium,
5635,1084,2024/12/08 00:00:00,2024/12/08 07:09:05,Technical,High,
5636,1084,2024/09/08 00:00:00,2024/09/08 12:37:29,Technical,Low,
5637,1084,2024/09/14 00:00:00,2024/09/14 10:30:38,Billing,Low,4.0
5638,1084,2024/12/18 00:00:00,2024/12/18 02:14:50,Billing,Medium,
5639,3547,2024/03/11 00:00:00,2024/03/11 11:10:00,Technical,Medium,4.0
5640,3547,2024/03/11 00:00:00,,Technical,High,
5641,3547,2024/12/18 00:00:00,2024/12/18 07:26:56,Billing,Low,5.0
5642,3547,2024/03/20 00:00:00,2024/03/20 16:53:47,Billing,Low,5.0
5643,3664,2024/01/15 00:00:00,2024/01/15 04:01:54,Technical,Low,
5644,3664,2024/04/21 00:00:00,2024/04/21 03:21:27,Technical,Low,5.0
5645,3664,2024/05/01 00:00:00,2024/05/02 09:41:49,Technical,Medium,
5646,3664,2024/08/15 00:00:00,2024/08/15 21:23:55,Technical,Low,4.0
5647,3664,2024/10/21 00:00:00,2024/10/21 02:55:33,Technical,Medium,4.0
5648,2934,2024/12/09 00:00:00,2024/12/09 05:16:33,Technical,Low,3.0
5649,2934,2024/09/03 00:00:00,,Technical,Low,
5650,2934,2024/05/12 00:00:00,2024/05/13 16:04:03,General,Low,
5651,1838,2024/05/06 00:00:00,2024/05/06 08:37:29,Technical,Medium,3.0
5652,1838,2024/04/11 00:00:00,2024/04/11 11:03:11,General,Medium,3.0
5653,1838,2024/02/13 00:00:00,2024/02/13 03:51:12,General,Medium,
5654,1838,2024/02/02 00:00:00,2024/02/02 06:11:22,Technical,Low,4.0
5655,2737,2024/09/16 00:00:00,2024/09/16 05:16:03,Technical,Low,4.0
5656,2737,2024/08/20 00:00:00,2024/08/20 12:25:43,Technical,High,
5657,2737,2024/02/15 00:00:00,,Technical,High,
5658,2737,2024/11/17 00:00:00,,Technical,Low,
5659,2737,2024/10/21 00:00:00,2024/10/21 08:35:15,Technical,Low,
5660,2116,2024/06/11 00:00:00,2024/06/11 23:56:50,General,Low,
5661,2116,2024/07/30 00:00:00,2024/07/30 13:24:13,Technical,Medium,2.0
5662,4206,2024/05/20 00:00:00,2024/05/20 10:20:54,Billing,Medium,5.0
5663,4206,2024/09/22 00:00:00,2024/09/22 08:30:01,Technical,Medium,
5664,4206,2024/12/04 00:00:00,2024/12/04 06:31:04,General,High,4.0
5665,3888,2024/08/22 00:00:00,2024/08/22 13:56:47,Billing,Low,5.0
5666,3888,2024/11/27 00:00:00,2024/11/28 04:54:08,Billing,Low,2.0
5667,3888,2024/05/09 00:00:00,2024/05/09 09:55:12,General,Low,4.0
5668,2265,2024/05/30 00:00:00,2024/05/30 02:44:15,Technical,Low,
5669,2265,2024/07/07 00:00:00,2024/07/08 12:57:47,Technical,Low,
5670,4224,2024/07/03 00:00:00,2024/07/03 12:37:18,Billing,Low,5.0
5671,3069,2024/02/10 00:00:00,2024/02/10 08:35:59,Technical,High,3.0
5672,3069,2024/10/21 00:00:00,2024/10/21 01:18:45,Technical,Medium,2.0
5673,3069,2024/11/07 00:00:00,2024/11/07 19:31:57,General,Medium,4.0
5674,4842,2024/04/07 00:00:00,2024/04/07 11:06:06,Technical,Medium,
5675,4842,2024/04/04 00:00:00,2024/04/05 12:37:27,General,Medium,3.0
5676,4842,2024/11/04 00:00:00,2024/11/04 03:38:58,Billing,Low,4.0
5677,4842,2024/05/30 00:00:00,2024/05/30 19:37:17,Technical,Low,4.0
5678,3236,2024/06/27 00:00:00,2024/06/27 08:06:16,Billing,High,
5679,3236,2024/10/09 00:00:00,2024/10/10 05:59:41,General,Low,5.0
5680,3236,2024/06/05 00:00:00,2024/06/05 03:47:52,Technical,Low,
5681,3236,2024/11/13 00:00:00,2024/11/14 08:12:53,Billing,Medium,
5682,439,2024/02/05 00:00:00,2024/02/05 13:06:13,Billing,Low,
5683,439,2024/04/09 00:00:00,2024/04/09 14:35:39,Technical,Low,2.0
5684,439,2024/09/04 00:00:00,2024/09/04 08:28:52,General,Low,
5685,439,2024/08/01 00:00:00,2024/08/01 08:08:48,General,Low,5.0
5686,439,2024/05/02 00:00:00,,Technical,Medium,
5687,2647,2024/11/21 00:00:00,2024/11/21 23:41:10,Billing,Low,
5688,3647,2024/03/28 00:00:00,2024/03/29 09:22:01,General,Low,4.0
5689,3647,2024/09/06 00:00:00,2024/09/06 21:24:11,General,High,3.0
5690,3647,2024/04/17 00:00:00,2024/04/17 10:40:16,Billing,Medium,
5691,3647,2024/01/15 00:00:00,,General,Low,
5692,1549,2024/12/19 00:00:00,2024/12/19 20:10:50,Billing,Medium,1.0
5693,1549,2024/07/05 00:00:00,2024/07/05 23:34:52,Technical,Low,
5694,1549,2024/07/18 00:00:00,2024/07/18 23:15:19,Technical,Low,
5695,1549,2024/06/09 00:00:00,,Technical,Low,
5696,20,2024/11/06 00:00:00,,Technical,Medium,
5697,2882,2024/08/01 00:00:00,,General,Medium,
5698,2882,2024/01/21 00:00:00,2024/01/22 18:03:38,Technical,High,4.0
5699,2882,2024/12/09 00:00:00,2024/12/09 06:53:23,General,Medium,4.0
5700,2882,2024/05/31 00:00:00,2024/05/31 16:26:08,General,Medium,3.0
5701,4264,2024/10/25 00:00:00,2024/10/25 05:28:57,Technical,High,
5702,4264,2024/10/02 00:00:00,2024/10/02 23:19:15,Technical,Low,3.0
5703,4264,2024/05/05 00:00:00,,General,Medium,
5704,4264,2024/03/27 00:00:00,2024/03/27 22:27:22,Billing,Low,
5705,4418,2024/07/29 00:00:00,,Technical,Medium,
5706,2707,2024/02/04 00:00:00,2024/02/04 09:39:10,Billing,High,1.0
5707,287,2024/05/02 00:00:00,2024/05/02 22:37:39,General,Medium,4.0
5708,287,2024/04/26 00:00:00,,General,Medium,
5709,287,2024/11/28 00:00:00,2024/11/29 13:58:53,Technical,Low,5.0
5710,1977,2024/07/21 00:00:00,2024/07/21 11:16:34,General,High,2.0
5711,1977,2024/03/26 00:00:00,2024/03/26 10:32:37,Billing,Low,5.0
5712,1977,2024/05/28 00:00:00,2024/05/28 07:52:24,Billing,Medium,
5713,3569,2024/06/09 00:00:00,2024/06/09 07:18:26,Technical,Medium,5.0
5714,390,2024/11/20 00:00:00,2024/11/20 15:47:23,Technical,Low,
5715,390,2024/08/30 00:00:00,2024/08/30 08:32:51,General,Low,5.0
5716,1298,2024/04/30 00:00:00,2024/04/30 06:24:25,Billing,Low,
5717,1298,2024/07/06 00:00:00,2024/07/07 00:24:54,General,Medium,4.0
5718,2665,2024/04/24 00:00:00,,Billing,Medium,
5719,2665,2024/05/18 00:00:00,2024/05/18 09:12:48,Billing,Low,4.0
5720,2665,2024/11/14 00:00:00,2024/11/14 17:14:19,Technical,Low,
5721,80,2024/10/17 00:00:00,2024/10/17 23:23:32,Technical,Low,
5722,80,2024/06/16 00:00:00,,Technical,Low,
5723,988,2024/07/11 00:00:00,2024/07/11 03:41:08,Billing,Low,
5724,4471,2024/04/23 00:00:00,,Billing,High,
5725,4471,2024/02/14 00:00:00,2024/02/14 11:46:00,General,Low,4.0
5726,4471,2024/07/29 00:00:00,2024/07/29 10:31:19,Technical,Medium,2.0
5727,4471,2024/02/02 00:00:00,2024/02/03 11:54:48,Technical,Low,
5728,4471,2024/02/07 00:00:00,2024/02/07 19:08:48,Technical,Low,5.0
5729,1806,2024/01/10 00:00:00,,Technical,High,
5730,1197,2024/11/01 00:00:00,2024/11/01 04:39:11,Technical,Low,5.0
5731,1197,2024/03/05 00:00:00,2024/03/05 08:06:50,General,Low,5.0
5732,1197,2024/05/31 00:00:00,,Technical,High,
5733,1197,2024/11/10 00:00:00,2024/11/10 08:29:16,Technical,Low,
5734,1197,2024/04/04 00:00:00,2024/04/04 14:11:21,Technical,Low,
5735,4073,2024/03/22 00:00:00,,Technical,Medium,
5736,3846,2024/01/16 00:00:00,,Billing,Low,
5737,3846,2024/08/19 00:00:00,2024/08/19 06:37:17,Technical,Medium,
5738,3846,2024/05/04 00:00:00,2024/05/04 09:48:23,Billing,Low,
5739,4846,2024/03/09 00:00:00,2024/03/09 08:17:14,Technical,Low,5.0
5740,4846,2024/01/14 00:00:00,2024/01/15 00:50:03,Billing,Low,4.0
5741,4665,2024/05/20 00:00:00,2024/05/20 08:40:28,Billing,Low,4.0
5742,4665,2024/07/19 00:00:00,2024/07/19 08:40:32,Technical,High,2.0
5743,4665,2024/01/09 00:00:00,,Technical,High,
5744,4665,2024/04/12 00:00:00,2024/04/13 11:51:52,Billing,Medium,5.0
5745,4665,2024/02/29 00:00:00,2024/03/01 01:14:49,Technical,Medium,
5746,2550,2024/06/01 00:00:00,2024/06/01 19:42:49,Technical,Low,1.0
5747,2550,2024/09/07 00:00:00,2024/09/07 07:45:20,Technical,Low,
5748,2550,2024/10/04 00:00:00,2024/10/04 13:32:07,Technical,High,
5749,2550,2024/04/29 00:00:00,2024/04/29 18:36:43,Technical,Medium,
5750,2550,2024/01/30 00:00:00,2024/01/30 12:29:56,Technical,Medium,3.0
5751,3197,2024/05/21 00:00:00,2024/05/21 10:59:55,Billing,High,
5752,3197,2024/09/24 00:00:00,,General,Low,
5753,3197,2024/12/01 00:00:00,2024/12/01 13:01:38,Billing,Low,
5754,3197,2024/12/15 00:00:00,2024/12/15 10:01:56,Billing,Medium,
5755,2663,2024/11/27 00:00:00,2024/11/27 14:03:40,Technical,Medium,
5756,851,2024/02/23 00:00:00,2024/02/23 11:40:59,Billing,Medium,
5757,851,2024/07/30 00:00:00,2024/07/30 11:11:41,Technical,Medium,
5758,1903,2024/02/24 00:00:00,2024/02/24 21:59:27,Technical,Low,5.0
5759,1903,2024/01/28 00:00:00,,General,Low,
5760,1903,2024/12/19 00:00:00,2024/12/20 14:56:55,Technical,Low,
5761,3126,2024/08/01 00:00:00,2024/08/01 09:42:15,Technical,High,4.0
5762,3126,2024/04/13 00:00:00,2024/04/13 04:53:32,Technical,High,
5763,3365,2024/05/21 00:00:00,,Billing,High,
5764,3365,2024/07/26 00:00:00,,Technical,High,
5765,3365,2024/11/13 00:00:00,2024/11/13 09:35:16,Technical,High,
5766,3365,2024/01/05 00:00:00,2024/01/06 12:31:54,Billing,Low,
5767,3365,2024/11/18 00:00:00,2024/11/18 16:29:19,Billing,Medium,
5768,3994,2024/07/20 00:00:00,2024/07/20 15:47:08,Technical,Medium,1.0
5769,3994,2024/09/16 00:00:00,2024/09/16 15:44:16,General,Low,
5770,481,2024/04/13 00:00:00,2024/04/14 12:46:47,General,Medium,
5771,481,2024/12/30 00:00:00,2024/12/31 03:40:47,Technical,Low,4.0
5772,804,2024/01/18 00:00:00,2024/01/18 19:58:23,Technical,Medium,4.0
5773,804,2024/10/31 00:00:00,2024/10/31 07:50:11,Billing,Low,4.0
5774,804,2024/07/12 00:00:00,,General,High,
5775,804,2024/02/07 00:00:00,2024/02/07 10:46:21,Billing,Low,4.0
5776,804,2024/12/14 00:00:00,2024/12/14 08:59:17,Billing,High,2.0
5777,88,2024/09/24 00:00:00,2024/09/24 09:23:30,Technical,Low,
5778,88,2024/07/19 00:00:00,2024/07/20 08:52:42,Billing,Low,4.0
5779,88,2024/12/24 00:00:00,2024/12/24 11:49:02,Technical,Medium,
5780,88,2024/09/18 00:00:00,2024/09/18 01:47:53,Billing,Low,
5781,2071,2024/01/13 00:00:00,2024/01/13 10:04:36,Billing,Medium,3.0
5782,1543,2024/01/20 00:00:00,2024/01/20 11:51:46,Technical,Medium,4.0
5783,1543,2024/05/06 00:00:00,,Technical,Medium,
5784,1543,2024/03/30 00:00:00,2024/03/30 11:18:20,Billing,Medium,2.0
5785,1543,2024/09/14 00:00:00,2024/09/16 07:54:50,Technical,Low,5.0
5786,1543,2024/12/27 00:00:00,2024/12/27 09:43:54,Technical,Low,
5787,695,2024/01/07 00:00:00,2024/01/07 20:55:52,Technical,High,3.0
5788,695,2024/09/06 00:00:00,2024/09/06 16:22:10,Billing,Low,3.0
5789,1833,2024/02/29 00:00:00,2024/02/29 11:18:47,Technical,Medium,3.0
5790,4015,2024/06/05 00:00:00,2024/06/06 12:42:58,Technical,High,3.0
5791,2338,2024/09/14 00:00:00,2024/09/14 21:21:41,Technical,Medium,
5792,2338,2024/07/25 00:00:00,2024/07/25 22:07:51,Technical,Low,
5793,2338,2024/05/01 00:00:00,2024/05/01 17:13:31,Technical,Medium,
5794,2144,2024/02/23 00:00:00,,General,Low,
5795,2144,2024/10/21 00:00:00,,Technical,Medium,
5796,2144,2024/10/11 00:00:00,2024/10/12 01:37:55,Technical,Medium,3.0
5797,2144,2024/05/08 00:00:00,2024/05/08 12:28:35,Billing,Low,5.0
5798,2144,2024/07/11 00:00:00,2024/07/11 07:38:37,Technical,High,
5799,2373,2024/12/04 00:00:00,2024/12/05 18:30:48,Technical,Medium,3.0
5800,3166,2024/03/20 00:00:00,,Technical,High,
5801,3166,2024/04/27 00:00:00,2024/04/27 14:18:24,Technical,Low,5.0
5802,730,2024/10/04 00:00:00,2024/10/04 02:33:48,Technical,Low,
5803,730,2024/09/13 00:00:00,2024/09/13 19:02:45,General,High,2.0
5804,3256,2024/07/02 00:00:00,2024/07/02 07:17:25,Technical,Low,
5805,2468,2024/01/02 00:00:00,,Technical,High,
5806,2468,2024/06/10 00:00:00,2024/06/10 14:26:12,Billing,Low,4.0
5807,2468,2024/06/16 00:00:00,,General,Medium,
5808,2468,2024/01/21 00:00:00,2024/01/22 09:45:08,Technical,Low,5.0
5809,2468,2024/08/20 00:00:00,,Billing,High,
5810,254,2024/01/02 00:00:00,2024/01/02 13:27:04,Billing,Medium,1.0
5811,254,2024/08/28 00:00:00,2024/08/29 03:21:25,General,Low,5.0
5812,620,2024/09/09 00:00:00,2024/09/10 00:19:29,Technical,Low,2.0
5813,620,2024/12/18 00:00:00,2024/12/18 16:39:37,Technical,Low,4.0
5814,620,2024/06/11 00:00:00,2024/06/11 13:44:58,Billing,Low,5.0
5815,620,2024/09/01 00:00:00,,Billing,Low,
5816,620,2024/12/26 00:00:00,2024/12/26 15:08:50,Technical,High,
5817,1297,2024/09/08 00:00:00,2024/09/08 13:17:28,General,Low,5.0
5818,1297,2024/09/16 00:00:00,2024/09/16 12:43:10,Billing,Medium,4.0
5819,1297,2024/02/13 00:00:00,2024/02/13 07:39:52,Billing,High,
5820,1297,2024/05/15 00:00:00,2024/05/16 01:25:57,Technical,Low,4.0
5821,1297,2024/09/17 00:00:00,,Technical,Medium,
5822,1545,2024/02/18 00:00:00,2024/02/19 16:09:00,Billing,Medium,
5823,1545,2024/03/24 00:00:00,2024/03/24 02:26:08,Billing,High,5.0
5824,1545,2024/11/02 00:00:00,,Billing,High,
5825,278,2024/10/08 00:00:00,2024/10/08 08:13:03,Billing,High,3.0
5826,278,2024/09/15 00:00:00,2024/09/15 14:32:43,Billing,Low,5.0
5827,278,2024/03/24 00:00:00,2024/03/24 07:38:43,Billing,Low,
5828,636,2024/09/19 00:00:00,2024/09/19 17:06:46,Billing,Medium,
5829,636,2024/03/11 00:00:00,2024/03/11 02:21:38,General,High,3.0
5830,717,2024/03/01 00:00:00,2024/03/02 12:22:24,General,Low,
5831,717,2024/07/07 00:00:00,,Technical,Low,
5832,717,2024/03/19 00:00:00,2024/03/19 18:53:11,Technical,Low,3.0
5833,1970,2024/11/04 00:00:00,2024/11/04 08:59:27,Billing,Medium,5.0
5834,1970,2024/05/20 00:00:00,2024/05/20 07:15:28,Technical,High,2.0
5835,1970,2024/02/05 00:00:00,2024/02/05 01:28:38,Technical,Low,
5836,3293,2024/08/25 00:00:00,2024/08/26 23:27:01,Technical,Low,
5837,3293,2024/02/28 00:00:00,2024/02/28 15:10:20,Billing,Medium,
5838,3293,2024/01/17 00:00:00,,Technical,Medium,
5839,3293,2024/06/03 00:00:00,2024/06/03 13:51:15,General,Low,5.0
5840,3293,2024/11/21 00:00:00,2024/11/22 04:26:23,Technical,High,
5841,1544,2024/06/17 00:00:00,2024/06/17 14:49:31,Technical,Medium,2.0
5842,1544,2024/08/22 00:00:00,,Technical,Low,
5843,1544,2024/07/14 00:00:00,2024/07/15 20:08:05,General,Medium,3.0
5844,1544,2024/08/11 00:00:00,2024/08/11 06:07:42,Billing,Low,4.0
5845,1544,2024/12/20 00:00:00,2024/12/20 17:57:01,Technical,Medium,4.0
5846,1727,2024/11/22 00:00:00,2024/11/22 21:28:22,Technical,High,4.0
5847,1727,2024/10/24 00:00:00,2024/10/24 04:22:56,Billing,High,
5848,3406,2024/11/06 00:00:00,2024/11/06 08:46:53,Billing,Low,
5849,3406,2024/09/18 00:00:00,,Billing,Medium,
5850,3406,2024/06/24 00:00:00,2024/06/25 01:50:31,General,Low,5.0
5851,872,2024/06/08 00:00:00,,Billing,Low,
5852,872,2024/09/30 00:00:00,2024/09/30 14:19:49,General,Low,5.0
5853,3259,2024/01/04 00:00:00,2024/01/05 20:01:33,Technical,Low,
5854,3259,2024/12/30 00:00:00,2024/12/30 06:22:41,Technical,High,5.0
5855,3259,2024/02/08 00:00:00,2024/02/08 08:10:29,Billing,Low,
5856,3259,2024/12/03 00:00:00,2024/12/04 03:22:04,Technical,Low,4.0
5857,3259,2024/08/03 00:00:00,2024/08/03 04:30:46,Technical,Medium,
5858,3149,2024/01/14 00:00:00,2024/01/14 23:10:45,Technical,Medium,
5859,3149,2024/01/25 00:00:00,2024/01/25 04:36:04,Technical,Low,
5860,3149,2024/03/30 00:00:00,2024/03/30 11:15:56,Technical,Low,4.0
5861,2753,2024/01/14 00:00:00,2024/01/14 11:40:38,Billing,Medium,4.0
5862,2753,2024/06/07 00:00:00,2024/06/07 11:53:11,General,Medium,4.0
5863,2753,2024/12/30 00:00:00,2024/12/30 13:24:26,Technical,Low,
5864,2753,2024/11/30 00:00:00,2024/11/30 05:11:57,Technical,Medium,
5865,2753,2024/03/21 00:00:00,2024/03/21 12:58:23,Technical,Medium,3.0
5866,698,2024/07/30 00:00:00,2024/07/30 05:36:49,Billing,Low,
5867,4143,2024/11/13 00:00:00,2024/11/14 01:29:32,Technical,Medium,
5868,4143,2024/06/20 00:00:00,2024/06/20 11:44:53,Technical,Medium,3.0
5869,4143,2024/01/02 00:00:00,2024/01/02 19:06:52,Technical,Low,
5870,4143,2024/10/25 00:00:00,2024/10/26 15:56:59,Technical,High,
5871,4630,2024/10/27 00:00:00,2024/10/27 13:03:29,Technical,Medium,
5872,4630,2024/08/27 00:00:00,,Technical,Low,
5873,4630,2024/02/16 00:00:00,2024/02/17 11:08:05,General,Low,
5874,1772,2024/01/02 00:00:00,2024/01/03 03:06:32,Billing,High,
5875,1262,2024/10/13 00:00:00,2024/10/13 11:14:24,Billing,Low,4.0
5876,1262,2024/04/12 00:00:00,2024/04/12 09:51:03,Technical,Medium,
5877,1262,2024/10/04 00:00:00,2024/10/04 09:53:33,Technical,Low,4.0
5878,422,2024/12/18 00:00:00,2024/12/18 04:47:02,Technical,Medium,
5879,422,2024/11/11 00:00:00,,Billing,High,
5880,422,2024/08/21 00:00:00,2024/08/21 08:56:32,General,Low,5.0
5881,422,2024/01/02 00:00:00,,Billing,Low,
5882,422,2024/06/22 00:00:00,2024/06/23 13:44:55,Technical,High,4.0
5883,1426,2024/06/23 00:00:00,,General,Low,
5884,1426,2024/07/07 00:00:00,2024/07/08 17:13:48,Technical,High,4.0
5885,1426,2024/10/18 00:00:00,2024/10/18 16:29:02,General,Medium,3.0
5886,4165,2024/09/12 00:00:00,,Technical,Low,
5887,4165,2024/02/08 00:00:00,,Billing,Low,
5888,3544,2024/07/28 00:00:00,2024/07/28 05:24:12,Technical,Medium,
5889,3544,2024/08/25 00:00:00,,Technical,Medium,
5890,3544,2024/08/16 00:00:00,,Technical,High,
5891,1776,2024/06/09 00:00:00,2024/06/09 04:30:21,Billing,Low,4.0
5892,482,2024/11/26 00:00:00,,General,Low,
5893,482,2024/03/17 00:00:00,2024/03/17 04:07:50,General,Medium,
5894,482,2024/03/20 00:00:00,2024/03/20 11:15:42,General,Low,4.0
5895,4396,2024/04/01 00:00:00,2024/04/01 18:49:16,Technical,High,5.0
5896,4348,2024/09/27 00:00:00,2024/09/27 06:05:04,Technical,Medium,
5897,4348,2024/02/27 00:00:00,,Billing,Medium,
5898,4348,2024/10/02 00:00:00,,Technical,Medium,
5899,4348,2024/01/10 00:00:00,2024/01/10 23:36:23,Billing,Medium,
5900,4348,2024/04/26 00:00:00,2024/04/26 14:55:58,Billing,Low,5.0
5901,3282,2024/11/20 00:00:00,2024/11/23 09:38:21,Billing,Medium,
5902,3282,2024/06/25 00:00:00,2024/06/26 01:42:44,Technical,Medium,
5903,3282,2024/04/18 00:00:00,2024/04/18 11:02:17,General,High,
5904,3282,2024/09/15 00:00:00,2024/09/15 09:53:54,Billing,Low,3.0
5905,1733,2024/01/06 00:00:00,2024/01/06 08:01:48,Billing,Medium,4.0
5906,1733,2024/11/04 00:00:00,,Technical,High,
5907,1733,2024/07/26 00:00:00,2024/07/28 01:53:20,Technical,Medium,
5908,1733,2024/01/18 00:00:00,2024/01/18 18:06:15,Technical,Low,4.0
5909,1733,2024/12/12 00:00:00,2024/12/13 00:49:58,General,High,2.0
5910,793,2024/07/06 00:00:00,2024/07/06 13:59:16,General,High,3.0
5911,793,2024/04/15 00:00:00,2024/04/15 16:59:24,Billing,Low,4.0
5912,3674,2024/07/31 00:00:00,2024/08/02 18:08:56,Billing,Low,5.0
5913,3674,2024/03/31 00:00:00,2024/03/31 13:21:18,General,High,4.0
5914,3442,2024/09/25 00:00:00,2024/09/25 11:45:24,General,Low,
5915,3442,2024/08/29 00:00:00,2024/08/29 15:36:50,General,Low,5.0
5916,3442,2024/04/05 00:00:00,2024/04/05 23:10:58,Technical,Low,5.0
5917,3442,2024/04/22 00:00:00,2024/04/22 15:40:32,General,Medium,1.0
5918,847,2024/10/29 00:00:00,2024/10/29 16:50:38,Billing,Medium,
5919,690,2024/10/25 00:00:00,2024/10/26 02:05:27,Billing,Low,4.0
5920,690,2024/02/10 00:00:00,2024/02/10 12:17:39,Technical,Low,
5921,690,2024/05/08 00:00:00,2024/05/09 05:12:54,General,Low,
5922,690,2024/10/31 00:00:00,2024/10/31 20:03:19,General,Low,2.0
5923,2879,2024/03/15 00:00:00,2024/03/15 00:13:13,Billing,High,4.0
5924,2879,2024/01/08 00:00:00,2024/01/08 14:50:35,Billing,High,3.0
5925,2879,2024/11/18 00:00:00,2024/11/18 06:11:25,General,Low,4.0
5926,1576,2024/05/01 00:00:00,,Technical,Medium,
5927,1576,2024/10/20 00:00:00,2024/10/20 20:11:48,Technical,Low,4.0
5928,1576,2024/12/15 00:00:00,2024/12/15 07:24:20,Billing,Medium,4.0
5929,1909,2024/05/05 00:00:00,2024/05/06 15:34:33,Technical,Low,5.0
5930,1909,2024/08/28 00:00:00,,Billing,Medium,
5931,1899,2024/01/03 00:00:00,2024/01/04 12:59:25,Billing,Medium,4.0
5932,3761,2024/02/16 00:00:00,2024/02/16 03:21:12,Technical,Low,4.0
5933,3761,2024/12/25 00:00:00,2024/12/25 20:39:01,Technical,Low,2.0
5934,3761,2024/05/07 00:00:00,2024/05/07 20:13:46,Billing,Medium,
5935,1186,2024/04/05 00:00:00,2024/04/05 23:05:34,Billing,Low,
5936,1186,2024/06/20 00:00:00,2024/06/20 14:44:58,Technical,High,2.0
5937,1186,2024/12/25 00:00:00,,Billing,Medium,
5938,1186,2024/03/29 00:00:00,,Technical,Medium,
5939,2365,2024/10/30 00:00:00,2024/10/30 10:36:24,Technical,Low,3.0
5940,2365,2024/11/24 00:00:00,2024/11/24 09:34:39,Technical,High,4.0
5941,2365,2024/01/13 00:00:00,2024/01/13 06:30:20,Technical,Low,4.0
5942,2365,2024/04/04 00:00:00,2024/04/04 19:38:23,Billing,Low,4.0
5943,1746,2024/02/03 00:00:00,2024/02/04 10:34:45,Technical,Low,4.0
5944,1746,2024/11/02 00:00:00,2024/11/02 05:14:11,General,Low,4.0
