customer_id,churn_date,churned,observation_date
1,,0,2024-12-31
2,,0,2024-12-31
3,,0,2024-12-31
4,,0,2024-12-31
5,,0,2024-12-31
6,,0,2024-12-31
7,2024-12-04,1,2024-12-31
8,,0,2024-12-31
9,,0,2024-12-31
10,,0,2024-12-31
11,,0,2024-12-31
12,,0,2024-12-31
13,,0,2024-12-31
14,,0,2024-12-31
15,,0,2024-12-31
16,,0,2024-12-31
17,2024-12-30,1,2024-12-31
18,,0,2024-12-31
19,2024-11-29,1,2024-12-31
20,,0,2024-12-31
21,,0,2024-12-31
22,,0,2024-12-31
23,2024-11-26,1,2024-12-31
24,,0,2024-12-31
25,2024-12-23,1,2024-12-31
26,,0,2024-12-31
27,,0,2024-12-31
28,2024-10-22,1,2024-12-31
29,,0,2024-12-31
30,2024-11-05,1,2024-12-31
31,,0,2024-12-31
32,,0,2024-12-31
33,,0,2024-12-31
34,,0,2024-12-31
35,,0,2024-12-31
36,,0,2024-12-31
37,,0,2024-12-31
38,,0,2024-12-31
39,,0,2024-12-31
40,,0,2024-12-31
41,2024-12-28,1,2024-12-31
42,,0,2024-12-31
43,,0,2024-12-31
44,,0,2024-12-31
45,,0,2024-12-31
46,,0,2024-12-31
47,,0,2024-12-31
48,2024-11-02,1,2024-12-31
49,,0,2024-12-31
50,,0,2024-12-31
51,,0,2024-12-31
52,2024-10-10,1,2024-12-31
53,2024-12-09,1,2024-12-31
54,,0,2024-12-31
55,2024-11-05,1,2024-12-31
56,,0,2024-12-31
57,,0,2024-12-31
58,2024-10-14,1,2024-12-31
59,,0,2024-12-31
60,2024-11-11,1,2024-12-31
61,2024-12-14,1,2024-12-31
62,,0,2024-12-31
63,,0,2024-12-31
64,2024-11-04,1,2024-12-31
65,,0,2024-12-31
66,,0,2024-12-31
67,,0,2024-12-31
68,,0,2024-12-31
69,,0,2024-12-31
70,,0,2024-12-31
71,,0,2024-12-31
72,,0,2024-12-31
73,2024-10-16,1,2024-12-31
74,,0,2024-12-31
75,,0,2024-12-31
76,,0,2024-12-31
77,2024-10-24,1,2024-12-31
78,,0,2024-12-31
79,,0,2024-12-31
80,,0,2024-12-31
81,,0,2024-12-31
82,2024-10-12,1,2024-12-31
83,,0,2024-12-31
84,,0,2024-12-31
85,2024-11-16,1,2024-12-31
86,,0,2024-12-31
87,,0,2024-12-31
88,,0,2024-12-31
89,,0,2024-12-31
90,,0,2024-12-31
91,,0,2024-12-31
92,,0,2024-12-31
93,,0,2024-12-31
94,,0,2024-12-31
95,,0,2024-12-31
96,,0,2024-12-31
97,,0,2024-12-31
98,,0,2024-12-31
99,,0,2024-12-31
100,,0,2024-12-31
101,2024-12-30,1,2024-12-31
102,2024-10-15,1,2024-12-31
103,,0,2024-12-31
104,,0,2024-12-31
105,2024-11-28,1,2024-12-31
106,,0,2024-12-31
107,2024-11-23,1,2024-12-31
108,,0,2024-12-31
109,,0,2024-12-31
110,,0,2024-12-31
111,,0,2024-12-31
112,,0,2024-12-31
113,,0,2024-12-31
114,,0,2024-12-31
115,,0,2024-12-31
116,,0,2024-12-31
117,,0,2024-12-31
118,,0,2024-12-31
119,,0,2024-12-31
120,,0,2024-12-31
121,,0,2024-12-31
122,2024-12-01,1,2024-12-31
123,,0,2024-12-31
124,,0,2024-12-31
125,,0,2024-12-31
126,2024-12-22,1,2024-12-31
127,,0,2024-12-31
128,2024-11-16,1,2024-12-31
129,2024-10-23,1,2024-12-31
130,,0,2024-12-31
131,2024-10-24,1,2024-12-31
132,,0,2024-12-31
133,2024-11-11,1,2024-12-31
134,,0,2024-12-31
135,,0,2024-12-31
136,,0,2024-12-31
137,,0,2024-12-31
138,,0,2024-12-31
139,,0,2024-12-31
140,,0,2024-12-31
141,,0,2024-12-31
142,,0,2024-12-31
143,2024-11-17,1,2024-12-31
144,,0,2024-12-31
145,,0,2024-12-31
146,2024-12-11,1,2024-12-31
147,2024-12-28,1,2024-12-31
148,2024-10-24,1,2024-12-31
149,2024-11-02,1,2024-12-31
150,,0,2024-12-31
151,,0,2024-12-31
152,,0,2024-12-31
153,2024-12-13,1,2024-12-31
154,,0,2024-12-31
155,,0,2024-12-31
156,,0,2024-12-31
157,,0,2024-12-31
158,,0,2024-12-31
159,,0,2024-12-31
160,,0,2024-12-31
161,,0,2024-12-31
162,,0,2024-12-31
163,2024-11-16,1,2024-12-31
164,,0,2024-12-31
165,,0,2024-12-31
166,,0,2024-12-31
167,,0,2024-12-31
168,,0,2024-12-31
169,2024-10-06,1,2024-12-31
170,2024-11-01,1,2024-12-31
171,,0,2024-12-31
172,,0,2024-12-31
173,,0,2024-12-31
174,2024-12-30,1,2024-12-31
175,,0,2024-12-31
176,,0,2024-12-31
177,,0,2024-12-31
178,2024-11-16,1,2024-12-31
179,,0,2024-12-31
180,,0,2024-12-31
181,2024-11-21,1,2024-12-31
182,,0,2024-12-31
183,,0,2024-12-31
184,2024-12-14,1,2024-12-31
185,,0,2024-12-31
186,2024-11-17,1,2024-12-31
187,,0,2024-12-31
188,2024-12-05,1,2024-12-31
189,,0,2024-12-31
190,,0,2024-12-31
191,,0,2024-12-31
192,,0,2024-12-31
193,2024-12-04,1,2024-12-31
194,,0,2024-12-31
195,,0,2024-12-31
196,,0,2024-12-31
197,2024-12-21,1,2024-12-31
198,,0,2024-12-31
199,,0,2024-12-31
200,,0,2024-12-31
201,,0,2024-12-31
202,2024-12-07,1,2024-12-31
203,2024-11-19,1,2024-12-31
204,,0,2024-12-31
205,,0,2024-12-31
206,2024-10-17,1,2024-12-31
207,,0,2024-12-31
208,,0,2024-12-31
209,2024-11-29,1,2024-12-31
210,2024-10-12,1,2024-12-31
211,,0,2024-12-31
212,2024-12-23,1,2024-12-31
213,2024-12-08,1,2024-12-31
214,,0,2024-12-31
215,,0,2024-12-31
216,,0,2024-12-31
217,,0,2024-12-31
218,2024-11-22,1,2024-12-31
219,,0,2024-12-31
220,2024-10-17,1,2024-12-31
221,,0,2024-12-31
222,,0,2024-12-31
223,,0,2024-12-31
224,2024-12-11,1,2024-12-31
225,,0,2024-12-31
226,,0,2024-12-31
227,,0,2024-12-31
228,2024-11-22,1,2024-12-31
229,,0,2024-12-31
230,2024-11-11,1,2024-12-31
231,2024-11-25,1,2024-12-31
232,,0,2024-12-31
233,,0,2024-12-31
234,,0,2024-12-31
235,2024-12-27,1,2024-12-31
236,,0,2024-12-31
237,,0,2024-12-31
238,,0,2024-12-31
239,2024-10-03,1,2024-12-31
240,,0,2024-12-31
241,2024-11-22,1,2024-12-31
242,2024-12-27,1,2024-12-31
243,,0,2024-12-31
244,2024-11-22,1,2024-12-31
245,2024-10-16,1,2024-12-31
246,,0,2024-12-31
247,2024-12-06,1,2024-12-31
248,2024-11-24,1,2024-12-31
249,,0,2024-12-31
250,,0,2024-12-31
251,2024-10-11,1,2024-12-31
252,,0,2024-12-31
253,,0,2024-12-31
254,,0,2024-12-31
255,,0,2024-12-31
256,,0,2024-12-31
257,,0,2024-12-31
258,,0,2024-12-31
259,,0,2024-12-31
260,,0,2024-12-31
261,,0,2024-12-31
262,,0,2024-12-31
263,2024-11-16,1,2024-12-31
264,,0,2024-12-31
265,,0,2024-12-31
266,,0,2024-12-31
267,,0,2024-12-31
268,,0,2024-12-31
269,2024-12-14,1,2024-12-31
270,,0,2024-12-31
271,,0,2024-12-31
272,,0,2024-12-31
273,,0,2024-12-31
274,2024-10-29,1,2024-12-31
275,2024-12-01,1,2024-12-31
276,,0,2024-12-31
277,2024-11-04,1,2024-12-31
278,,0,2024-12-31
279,2024-12-05,1,2024-12-31
280,2024-11-03,1,2024-12-31
281,,0,2024-12-31
282,,0,2024-12-31
283,2024-11-25,1,2024-12-31
284,,0,2024-12-31
285,,0,2024-12-31
286,,0,2024-12-31
287,2024-12-20,1,2024-12-31
288,2024-12-03,1,2024-12-31
289,,0,2024-12-31
290,,0,2024-12-31
291,,0,2024-12-31
292,,0,2024-12-31
293,,0,2024-12-31
294,,0,2024-12-31
295,,0,2024-12-31
296,,0,2024-12-31
297,,0,2024-12-31
298,2024-11-26,1,2024-12-31
299,2024-12-05,1,2024-12-31
300,,0,2024-12-31
301,,0,2024-12-31
302,2024-11-19,1,2024-12-31
303,,0,2024-12-31
304,,0,2024-12-31
305,2024-11-18,1,2024-12-31
306,,0,2024-12-31
307,,0,2024-12-31
308,,0,2024-12-31
309,2024-10-13,1,2024-12-31
310,,0,2024-12-31
311,,0,2024-12-31
312,,0,2024-12-31
313,,0,2024-12-31
314,,0,2024-12-31
315,,0,2024-12-31
316,,0,2024-12-31
317,2024-10-22,1,2024-12-31
318,,0,2024-12-31
319,,0,2024-12-31
320,2024-10-12,1,2024-12-31
321,,0,2024-12-31
322,,0,2024-12-31
323,,0,2024-12-31
324,,0,2024-12-31
325,2024-12-13,1,2024-12-31
326,,0,2024-12-31
327,,0,2024-12-31
328,2024-11-27,1,2024-12-31
329,,0,2024-12-31
330,,0,2024-12-31
331,2024-11-18,1,2024-12-31
332,,0,2024-12-31
333,,0,2024-12-31
334,2024-12-23,1,2024-12-31
335,,0,2024-12-31
336,,0,2024-12-31
337,,0,2024-12-31
338,,0,2024-12-31
339,,0,2024-12-31
340,,0,2024-12-31
341,,0,2024-12-31
342,,0,2024-12-31
343,,0,2024-12-31
344,,0,2024-12-31
345,,0,2024-12-31
346,,0,2024-12-31
347,,0,2024-12-31
348,,0,2024-12-31
349,,0,2024-12-31
350,,0,2024-12-31
351,2024-12-17,1,2024-12-31
352,,0,2024-12-31
353,,0,2024-12-31
354,2024-11-25,1,2024-12-31
355,2024-10-18,1,2024-12-31
356,,0,2024-12-31
357,,0,2024-12-31
358,2024-11-18,1,2024-12-31
359,,0,2024-12-31
360,,0,2024-12-31
361,,0,2024-12-31
362,,0,2024-12-31
363,2024-11-17,1,2024-12-31
364,,0,2024-12-31
365,,0,2024-12-31
366,,0,2024-12-31
367,2024-11-07,1,2024-12-31
368,,0,2024-12-31
369,2024-11-28,1,2024-12-31
370,,0,2024-12-31
371,,0,2024-12-31
372,,0,2024-12-31
373,,0,2024-12-31
374,,0,2024-12-31
375,,0,2024-12-31
376,,0,2024-12-31
377,,0,2024-12-31
378,,0,2024-12-31
379,,0,2024-12-31
380,,0,2024-12-31
381,,0,2024-12-31
382,,0,2024-12-31
383,2024-11-28,1,2024-12-31
384,,0,2024-12-31
385,,0,2024-12-31
386,2024-10-18,1,2024-12-31
387,,0,2024-12-31
388,,0,2024-12-31
389,2024-10-12,1,2024-12-31
390,,0,2024-12-31
391,2024-12-01,1,2024-12-31
392,2024-10-12,1,2024-12-31
393,2024-10-25,1,2024-12-31
394,,0,2024-12-31
395,,0,2024-12-31
396,,0,2024-12-31
397,2024-10-07,1,2024-12-31
398,,0,2024-12-31
399,,0,2024-12-31
400,2024-11-08,1,2024-12-31
401,2024-11-29,1,2024-12-31
402,,0,2024-12-31
403,2024-11-02,1,2024-12-31
404,,0,2024-12-31
405,,0,2024-12-31
406,,0,2024-12-31
407,,0,2024-12-31
408,2024-12-10,1,2024-12-31
409,,0,2024-12-31
410,,0,2024-12-31
411,,0,2024-12-31
412,,0,2024-12-31
413,,0,2024-12-31
414,,0,2024-12-31
415,,0,2024-12-31
416,,0,2024-12-31
417,,0,2024-12-31
418,2024-10-28,1,2024-12-31
419,,0,2024-12-31
420,,0,2024-12-31
421,,0,2024-12-31
422,,0,2024-12-31
423,,0,2024-12-31
424,,0,2024-12-31
425,2024-12-26,1,2024-12-31
426,,0,2024-12-31
427,2024-10-20,1,2024-12-31
428,2024-10-24,1,2024-12-31
429,,0,2024-12-31
430,,0,2024-12-31
431,2024-10-02,1,2024-12-31
432,2024-10-11,1,2024-12-31
433,,0,2024-12-31
434,,0,2024-12-31
435,2024-11-20,1,2024-12-31
436,2024-11-27,1,2024-12-31
437,,0,2024-12-31
438,,0,2024-12-31
439,,0,2024-12-31
440,,0,2024-12-31
441,,0,2024-12-31
442,,0,2024-12-31
443,,0,2024-12-31
444,2024-10-31,1,2024-12-31
445,2024-10-10,1,2024-12-31
446,,0,2024-12-31
447,,0,2024-12-31
448,,0,2024-12-31
449,2024-10-03,1,2024-12-31
450,,0,2024-12-31
451,2024-10-14,1,2024-12-31
452,,0,2024-12-31
453,,0,2024-12-31
454,,0,2024-12-31
455,2024-10-21,1,2024-12-31
456,,0,2024-12-31
457,2024-12-01,1,2024-12-31
458,,0,2024-12-31
459,,0,2024-12-31
460,,0,2024-12-31
461,,0,2024-12-31
462,2024-12-09,1,2024-12-31
463,2024-11-15,1,2024-12-31
464,,0,2024-12-31
465,,0,2024-12-31
466,,0,2024-12-31
467,2024-11-24,1,2024-12-31
468,,0,2024-12-31
469,,0,2024-12-31
470,2024-11-21,1,2024-12-31
471,,0,2024-12-31
472,,0,2024-12-31
473,,0,2024-12-31
474,2024-10-20,1,2024-12-31
475,,0,2024-12-31
476,2024-12-21,1,2024-12-31
477,,0,2024-12-31
478,2024-11-28,1,2024-12-31
479,,0,2024-12-31
480,2024-11-05,1,2024-12-31
481,,0,2024-12-31
482,,0,2024-12-31
483,,0,2024-12-31
484,,0,2024-12-31
485,,0,2024-12-31
486,,0,2024-12-31
487,,0,2024-12-31
488,,0,2024-12-31
489,,0,2024-12-31
490,,0,2024-12-31
491,2024-11-25,1,2024-12-31
492,,0,2024-12-31
493,,0,2024-12-31
494,,0,2024-12-31
495,,0,2024-12-31
496,2024-10-14,1,2024-12-31
497,,0,2024-12-31
498,,0,2024-12-31
499,,0,2024-12-31
500,,0,2024-12-31
501,,0,2024-12-31
502,,0,2024-12-31
503,,0,2024-12-31
504,2024-11-26,1,2024-12-31
505,,0,2024-12-31
506,2024-11-29,1,2024-12-31
507,,0,2024-12-31
508,2024-10-22,1,2024-12-31
509,2024-10-06,1,2024-12-31
510,,0,2024-12-31
511,,0,2024-12-31
512,2024-12-26,1,2024-12-31
513,,0,2024-12-31
514,,0,2024-12-31
515,,0,2024-12-31
516,2024-12-20,1,2024-12-31
517,2024-11-08,1,2024-12-31
518,,0,2024-12-31
519,,0,2024-12-31
520,,0,2024-12-31
521,,0,2024-12-31
522,,0,2024-12-31
523,2024-10-11,1,2024-12-31
524,,0,2024-12-31
525,,0,2024-12-31
526,2024-10-05,1,2024-12-31
527,,0,2024-12-31
528,,0,2024-12-31
529,,0,2024-12-31
530,,0,2024-12-31
531,,0,2024-12-31
532,,0,2024-12-31
533,2024-12-07,1,2024-12-31
534,,0,2024-12-31
535,,0,2024-12-31
536,,0,2024-12-31
537,,0,2024-12-31
538,2024-12-25,1,2024-12-31
539,,0,2024-12-31
540,,0,2024-12-31
541,,0,2024-12-31
542,,0,2024-12-31
543,2024-12-26,1,2024-12-31
544,,0,2024-12-31
545,,0,2024-12-31
546,,0,2024-12-31
547,,0,2024-12-31
548,,0,2024-12-31
549,,0,2024-12-31
550,,0,2024-12-31
551,,0,2024-12-31
552,,0,2024-12-31
553,,0,2024-12-31
554,2024-10-16,1,2024-12-31
555,,0,2024-12-31
556,2024-10-06,1,2024-12-31
557,,0,2024-12-31
558,,0,2024-12-31
559,,0,2024-12-31
560,,0,2024-12-31
561,,0,2024-12-31
562,,0,2024-12-31
563,,0,2024-12-31
564,,0,2024-12-31
565,,0,2024-12-31
566,,0,2024-12-31
567,,0,2024-12-31
568,,0,2024-12-31
569,,0,2024-12-31
570,2024-11-19,1,2024-12-31
571,2024-10-02,1,2024-12-31
572,2024-12-26,1,2024-12-31
573,,0,2024-12-31
574,,0,2024-12-31
575,,0,2024-12-31
576,,0,2024-12-31
577,,0,2024-12-31
578,,0,2024-12-31
579,,0,2024-12-31
580,2024-10-28,1,2024-12-31
581,2024-10-27,1,2024-12-31
582,,0,2024-12-31
583,,0,2024-12-31
584,,0,2024-12-31
585,,0,2024-12-31
586,2024-11-11,1,2024-12-31
587,,0,2024-12-31
588,2024-10-09,1,2024-12-31
589,,0,2024-12-31
590,,0,2024-12-31
591,,0,2024-12-31
592,,0,2024-12-31
593,,0,2024-12-31
594,2024-12-28,1,2024-12-31
595,,0,2024-12-31
596,,0,2024-12-31
597,,0,2024-12-31
598,,0,2024-12-31
599,,0,2024-12-31
600,,0,2024-12-31
601,,0,2024-12-31
602,,0,2024-12-31
603,,0,2024-12-31
604,,0,2024-12-31
605,,0,2024-12-31
606,,0,2024-12-31
607,,0,2024-12-31
608,,0,2024-12-31
609,,0,2024-12-31
610,,0,2024-12-31
611,2024-10-30,1,2024-12-31
612,,0,2024-12-31
613,,0,2024-12-31
614,,0,2024-12-31
615,,0,2024-12-31
616,,0,2024-12-31
617,,0,2024-12-31
618,2024-12-27,1,2024-12-31
619,,0,2024-12-31
620,,0,2024-12-31
621,,0,2024-12-31
622,,0,2024-12-31
623,,0,2024-12-31
624,,0,2024-12-31
625,,0,2024-12-31
626,2024-10-03,1,2024-12-31
627,2024-10-24,1,2024-12-31
628,,0,2024-12-31
629,,0,2024-12-31
630,,0,2024-12-31
631,,0,2024-12-31
632,,0,2024-12-31
633,,0,2024-12-31
634,2024-12-01,1,2024-12-31
635,,0,2024-12-31
636,,0,2024-12-31
637,2024-11-26,1,2024-12-31
638,,0,2024-12-31
639,2024-12-01,1,2024-12-31
640,,0,2024-12-31
641,,0,2024-12-31
642,,0,2024-12-31
643,,0,2024-12-31
644,2024-11-23,1,2024-12-31
645,,0,2024-12-31
646,,0,2024-12-31
647,,0,2024-12-31
648,,0,2024-12-31
649,,0,2024-12-31
650,,0,2024-12-31
651,2024-11-10,1,2024-12-31
652,,0,2024-12-31
653,,0,2024-12-31
654,,0,2024-12-31
655,,0,2024-12-31
656,,0,2024-12-31
657,,0,2024-12-31
658,,0,2024-12-31
659,,0,2024-12-31
660,,0,2024-12-31
661,2024-12-07,1,2024-12-31
662,2024-10-04,1,2024-12-31
663,2024-11-28,1,2024-12-31
664,,0,2024-12-31
665,,0,2024-12-31
666,,0,2024-12-31
667,2024-12-08,1,2024-12-31
668,,0,2024-12-31
669,,0,2024-12-31
670,,0,2024-12-31
671,2024-10-03,1,2024-12-31
672,,0,2024-12-31
673,,0,2024-12-31
674,,0,2024-12-31
675,,0,2024-12-31
676,,0,2024-12-31
677,2024-12-22,1,2024-12-31
678,,0,2024-12-31
679,,0,2024-12-31
680,,0,2024-12-31
681,,0,2024-12-31
682,,0,2024-12-31
683,2024-11-06,1,2024-12-31
684,,0,2024-12-31
685,,0,2024-12-31
686,,0,2024-12-31
687,,0,2024-12-31
688,,0,2024-12-31
689,2024-11-14,1,2024-12-31
690,,0,2024-12-31
691,,0,2024-12-31
692,,0,2024-12-31
693,,0,2024-12-31
694,2024-10-28,1,2024-12-31
695,,0,2024-12-31
696,2024-10-17,1,2024-12-31
697,2024-10-28,1,2024-12-31
698,,0,2024-12-31
699,,0,2024-12-31
700,,0,2024-12-31
701,,0,2024-12-31
702,,0,2024-12-31
703,,0,2024-12-31
704,2024-10-11,1,2024-12-31
705,,0,2024-12-31
706,,0,2024-12-31
707,,0,2024-12-31
708,,0,2024-12-31
709,2024-10-02,1,2024-12-31
710,,0,2024-12-31
711,,0,2024-12-31
712,,0,2024-12-31
713,,0,2024-12-31
714,,0,2024-12-31
715,,0,2024-12-31
716,,0,2024-12-31
717,,0,2024-12-31
718,,0,2024-12-31
719,,0,2024-12-31
720,,0,2024-12-31
721,,0,2024-12-31
722,,0,2024-12-31
723,,0,2024-12-31
724,,0,2024-12-31
725,2024-12-30,1,2024-12-31
726,,0,2024-12-31
727,,0,2024-12-31
728,2024-12-23,1,2024-12-31
729,,0,2024-12-31
730,,0,2024-12-31
731,,0,2024-12-31
732,2024-12-24,1,2024-12-31
733,,0,2024-12-31
734,2024-11-23,1,2024-12-31
735,,0,2024-12-31
736,,0,2024-12-31
737,2024-11-08,1,2024-12-31
738,,0,2024-12-31
739,,0,2024-12-31
740,,0,2024-12-31
741,,0,2024-12-31
742,,0,2024-12-31
743,,0,2024-12-31
744,,0,2024-12-31
745,,0,2024-12-31
746,,0,2024-12-31
747,,0,2024-12-31
748,2024-11-26,1,2024-12-31
749,,0,2024-12-31
750,,0,2024-12-31
751,2024-10-22,1,2024-12-31
752,,0,2024-12-31
753,2024-12-19,1,2024-12-31
754,2024-11-08,1,2024-12-31
755,2024-10-02,1,2024-12-31
756,,0,2024-12-31
757,,0,2024-12-31
758,,0,2024-12-31
759,,0,2024-12-31
760,,0,2024-12-31
761,,0,2024-12-31
762,2024-10-29,1,2024-12-31
763,,0,2024-12-31
764,,0,2024-12-31
765,,0,2024-12-31
766,,0,2024-12-31
767,,0,2024-12-31
768,,0,2024-12-31
769,,0,2024-12-31
770,,0,2024-12-31
771,2024-11-29,1,2024-12-31
772,,0,2024-12-31
773,,0,2024-12-31
774,,0,2024-12-31
775,2024-12-30,1,2024-12-31
776,,0,2024-12-31
777,,0,2024-12-31
778,,0,2024-12-31
779,,0,2024-12-31
780,2024-11-12,1,2024-12-31
781,2024-12-08,1,2024-12-31
782,2024-12-07,1,2024-12-31
783,,0,2024-12-31
784,,0,2024-12-31
785,2024-12-29,1,2024-12-31
786,,0,2024-12-31
787,,0,2024-12-31
788,,0,2024-12-31
789,2024-11-25,1,2024-12-31
790,,0,2024-12-31
791,2024-12-04,1,2024-12-31
792,2024-11-12,1,2024-12-31
793,,0,2024-12-31
794,2024-11-12,1,2024-12-31
795,,0,2024-12-31
796,,0,2024-12-31
797,2024-12-14,1,2024-12-31
798,,0,2024-12-31
799,2024-12-29,1,2024-12-31
800,,0,2024-12-31
801,,0,2024-12-31
802,,0,2024-12-31
803,2024-11-29,1,2024-12-31
804,2024-10-25,1,2024-12-31
805,,0,2024-12-31
806,,0,2024-12-31
807,,0,2024-12-31
808,,0,2024-12-31
809,,0,2024-12-31
810,,0,2024-12-31
811,,0,2024-12-31
812,,0,2024-12-31
813,,0,2024-12-31
814,,0,2024-12-31
815,,0,2024-12-31
816,2024-11-30,1,2024-12-31
817,2024-11-01,1,2024-12-31
818,2024-12-21,1,2024-12-31
819,,0,2024-12-31
820,,0,2024-12-31
821,,0,2024-12-31
822,,0,2024-12-31
823,,0,2024-12-31
824,,0,2024-12-31
825,,0,2024-12-31
826,2024-11-21,1,2024-12-31
827,2024-12-15,1,2024-12-31
828,,0,2024-12-31
829,2024-11-01,1,2024-12-31
830,2024-11-17,1,2024-12-31
831,2024-11-24,1,2024-12-31
832,2024-11-20,1,2024-12-31
833,,0,2024-12-31
834,2024-12-22,1,2024-12-31
835,,0,2024-12-31
836,,0,2024-12-31
837,,0,2024-12-31
838,,0,2024-12-31
839,,0,2024-12-31
840,,0,2024-12-31
841,,0,2024-12-31
842,,0,2024-12-31
843,,0,2024-12-31
844,2024-12-29,1,2024-12-31
845,,0,2024-12-31
846,2024-10-09,1,2024-12-31
847,,0,2024-12-31
848,,0,2024-12-31
849,,0,2024-12-31
850,,0,2024-12-31
851,,0,2024-12-31
852,,0,2024-12-31
853,2024-12-22,1,2024-12-31
854,,0,2024-12-31
855,,0,2024-12-31
856,2024-12-13,1,2024-12-31
857,,0,2024-12-31
858,2024-12-05,1,2024-12-31
859,,0,2024-12-31
860,,0,2024-12-31
861,2024-12-27,1,2024-12-31
862,,0,2024-12-31
863,,0,2024-12-31
864,,0,2024-12-31
865,,0,2024-12-31
866,,0,2024-12-31
867,,0,2024-12-31
868,2024-11-23,1,2024-12-31
869,,0,2024-12-31
870,2024-11-27,1,2024-12-31
871,2024-11-02,1,2024-12-31
872,,0,2024-12-31
873,,0,2024-12-31
874,,0,2024-12-31
875,2024-12-26,1,2024-12-31
876,,0,2024-12-31
877,2024-10-11,1,2024-12-31
878,,0,2024-12-31
879,,0,2024-12-31
880,2024-11-16,1,2024-12-31
881,2024-12-11,1,2024-12-31
882,2024-10-27,1,2024-12-31
883,,0,2024-12-31
884,2024-10-15,1,2024-12-31
885,2024-11-28,1,2024-12-31
886,,0,2024-12-31
887,,0,2024-12-31
888,,0,2024-12-31
889,,0,2024-12-31
890,,0,2024-12-31
891,,0,2024-12-31
892,2024-10-31,1,2024-12-31
893,,0,2024-12-31
894,,0,2024-12-31
895,,0,2024-12-31
896,,0,2024-12-31
897,,0,2024-12-31
898,2024-10-12,1,2024-12-31
899,,0,2024-12-31
900,,0,2024-12-31
901,,0,2024-12-31
902,2024-10-08,1,2024-12-31
903,,0,2024-12-31
904,,0,2024-12-31
905,,0,2024-12-31
906,,0,2024-12-31
907,,0,2024-12-31
908,2024-12-29,1,2024-12-31
909,,0,2024-12-31
910,,0,2024-12-31
911,2024-10-14,1,2024-12-31
912,2024-12-22,1,2024-12-31
913,2024-12-23,1,2024-12-31
914,,0,2024-12-31
915,,0,2024-12-31
916,,0,2024-12-31
917,,0,2024-12-31
918,,0,2024-12-31
919,,0,2024-12-31
920,2024-11-02,1,2024-12-31
921,,0,2024-12-31
922,2024-12-22,1,2024-12-31
923,,0,2024-12-31
924,,0,2024-12-31
925,,0,2024-12-31
926,2024-11-06,1,2024-12-31
927,,0,2024-12-31
928,,0,2024-12-31
929,,0,2024-12-31
930,2024-11-04,1,2024-12-31
931,2024-10-04,1,2024-12-31
932,,0,2024-12-31
933,,0,2024-12-31
934,2024-12-30,1,2024-12-31
935,2024-11-08,1,2024-12-31
936,,0,2024-12-31
937,,0,2024-12-31
938,,0,2024-12-31
939,,0,2024-12-31
940,2024-10-02,1,2024-12-31
941,,0,2024-12-31
942,2024-11-27,1,2024-12-31
943,,0,2024-12-31
944,,0,2024-12-31
945,,0,2024-12-31
946,,0,2024-12-31
947,,0,2024-12-31
948,,0,2024-12-31
949,,0,2024-12-31
950,2024-11-09,1,2024-12-31
951,,0,2024-12-31
952,2024-12-16,1,2024-12-31
953,,0,2024-12-31
954,,0,2024-12-31
955,,0,2024-12-31
956,,0,2024-12-31
957,2024-12-30,1,2024-12-31
958,,0,2024-12-31
959,,0,2024-12-31
960,,0,2024-12-31
961,,0,2024-12-31
962,,0,2024-12-31
963,2024-11-08,1,2024-12-31
964,,0,2024-12-31
965,,0,2024-12-31
966,,0,2024-12-31
967,,0,2024-12-31
968,2024-10-22,1,2024-12-31
969,,0,2024-12-31
970,2024-10-07,1,2024-12-31
971,,0,2024-12-31
972,,0,2024-12-31
973,,0,2024-12-31
974,,0,2024-12-31
975,2024-12-18,1,2024-12-31
976,2024-10-07,1,2024-12-31
977,2024-10-20,1,2024-12-31
978,2024-11-06,1,2024-12-31
979,2024-12-16,1,2024-12-31
980,,0,2024-12-31
981,,0,2024-12-31
982,,0,2024-12-31
983,,0,2024-12-31
984,2024-10-02,1,2024-12-31
985,2024-11-14,1,2024-12-31
986,,0,2024-12-31
987,2024-12-25,1,2024-12-31
988,,0,2024-12-31
989,,0,2024-12-31
990,2024-11-27,1,2024-12-31
991,2024-10-07,1,2024-12-31
992,2024-11-14,1,2024-12-31
993,2024-11-21,1,2024-12-31
994,,0,2024-12-31
995,,0,2024-12-31
996,,0,2024-12-31
997,,0,2024-12-31
998,,0,2024-12-31
999,,0,2024-12-31
1000,,0,2024-12-31
1001,2024-11-28,1,2024-12-31
1002,,0,2024-12-31
1003,,0,2024-12-31
1004,2024-10-31,1,2024-12-31
1005,,0,2024-12-31
1006,,0,2024-12-31
1007,,0,2024-12-31
1008,,0,2024-12-31
1009,,0,2024-12-31
1010,,0,2024-12-31
1011,,0,2024-12-31
1012,2024-11-13,1,2024-12-31
1013,,0,2024-12-31
1014,,0,2024-12-31
1015,,0,2024-12-31
1016,,0,2024-12-31
1017,,0,2024-12-31
1018,2024-12-04,1,2024-12-31
1019,,0,2024-12-31
1020,,0,2024-12-31
1021,2024-10-03,1,2024-12-31
1022,2024-12-29,1,2024-12-31
1023,,0,2024-12-31
1024,,0,2024-12-31
1025,,0,2024-12-31
1026,2024-11-30,1,2024-12-31
1027,,0,2024-12-31
1028,,0,2024-12-31
1029,,0,2024-12-31
1030,,0,2024-12-31
1031,,0,2024-12-31
1032,,0,2024-12-31
1033,,0,2024-12-31
1034,,0,2024-12-31
1035,,0,2024-12-31
1036,,0,2024-12-31
1037,,0,2024-12-31
1038,2024-10-16,1,2024-12-31
1039,,0,2024-12-31
1040,2024-12-09,1,2024-12-31
1041,,0,2024-12-31
1042,,0,2024-12-31
1043,,0,2024-12-31
1044,2024-12-21,1,2024-12-31
1045,,0,2024-12-31
1046,,0,2024-12-31
1047,,0,2024-12-31
1048,,0,2024-12-31
1049,,0,2024-12-31
1050,,0,2024-12-31
1051,2024-12-30,1,2024-12-31
1052,,0,2024-12-31
1053,,0,2024-12-31
1054,2024-10-10,1,2024-12-31
1055,,0,2024-12-31
1056,2024-10-06,1,2024-12-31
1057,,0,2024-12-31
1058,,0,2024-12-31
1059,,0,2024-12-31
1060,,0,2024-12-31
1061,,0,2024-12-31
1062,,0,2024-12-31
1063,2024-12-03,1,2024-12-31
1064,,0,2024-12-31
1065,,0,2024-12-31
1066,,0,2024-12-31
1067,2024-11-11,1,2024-12-31
1068,2024-12-05,1,2024-12-31
1069,,0,2024-12-31
1070,2024-11-23,1,2024-12-31
1071,,0,2024-12-31
1072,,0,2024-12-31
1073,,0,2024-12-31
1074,2024-11-10,1,2024-12-31
1075,,0,2024-12-31
1076,,0,2024-12-31
1077,2024-11-05,1,2024-12-31
1078,,0,2024-12-31
1079,2024-12-12,1,2024-12-31
1080,,0,2024-12-31
1081,,0,2024-12-31
1082,,0,2024-12-31
1083,2024-12-23,1,2024-12-31
1084,,0,2024-12-31
1085,2024-12-03,1,2024-12-31
1086,2024-10-31,1,2024-12-31
1087,2024-12-30,1,2024-12-31
1088,,0,2024-12-31
1089,2024-11-30,1,2024-12-31
1090,,0,2024-12-31
1091,2024-10-24,1,2024-12-31
1092,,0,2024-12-31
1093,,0,2024-12-31
1094,,0,2024-12-31
1095,,0,2024-12-31
1096,,0,2024-12-31
1097,,0,2024-12-31
1098,,0,2024-12-31
1099,2024-10-21,1,2024-12-31
1100,2024-12-03,1,2024-12-31
1101,2024-12-03,1,2024-12-31
1102,,0,2024-12-31
1103,,0,2024-12-31
1104,2024-11-17,1,2024-12-31
1105,,0,2024-12-31
1106,,0,2024-12-31
1107,,0,2024-12-31
1108,,0,2024-12-31
1109,,0,2024-12-31
1110,,0,2024-12-31
1111,,0,2024-12-31
1112,,0,2024-12-31
1113,,0,2024-12-31
1114,,0,2024-12-31
1115,,0,2024-12-31
1116,,0,2024-12-31
1117,2024-10-13,1,2024-12-31
1118,,0,2024-12-31
1119,,0,2024-12-31
1120,,0,2024-12-31
1121,,0,2024-12-31
1122,2024-12-16,1,2024-12-31
1123,2024-12-25,1,2024-12-31
1124,,0,2024-12-31
1125,,0,2024-12-31
1126,,0,2024-12-31
1127,,0,2024-12-31
1128,,0,2024-12-31
1129,,0,2024-12-31
1130,2024-10-22,1,2024-12-31
1131,,0,2024-12-31
1132,,0,2024-12-31
1133,,0,2024-12-31
1134,,0,2024-12-31
1135,,0,2024-12-31
1136,2024-10-08,1,2024-12-31
1137,,0,2024-12-31
1138,,0,2024-12-31
1139,,0,2024-12-31
1140,,0,2024-12-31
1141,,0,2024-12-31
1142,,0,2024-12-31
1143,,0,2024-12-31
1144,,0,2024-12-31
1145,,0,2024-12-31
1146,,0,2024-12-31
1147,,0,2024-12-31
1148,,0,2024-12-31
1149,2024-12-26,1,2024-12-31
1150,2024-11-30,1,2024-12-31
1151,2024-11-23,1,2024-12-31
1152,,0,2024-12-31
1153,,0,2024-12-31
1154,,0,2024-12-31
1155,2024-11-26,1,2024-12-31
1156,,0,2024-12-31
1157,2024-12-05,1,2024-12-31
1158,,0,2024-12-31
1159,,0,2024-12-31
1160,,0,2024-12-31
1161,,0,2024-12-31
1162,,0,2024-12-31
1163,,0,2024-12-31
1164,,0,2024-12-31
1165,2024-10-03,1,2024-12-31
1166,2024-11-11,1,2024-12-31
1167,,0,2024-12-31
1168,,0,2024-12-31
1169,,0,2024-12-31
1170,,0,2024-12-31
1171,,0,2024-12-31
1172,,0,2024-12-31
1173,,0,2024-12-31
1174,,0,2024-12-31
1175,,0,2024-12-31
1176,,0,2024-12-31
1177,,0,2024-12-31
1178,,0,2024-12-31
1179,,0,2024-12-31
1180,,0,2024-12-31
1181,,0,2024-12-31
1182,,0,2024-12-31
1183,,0,2024-12-31
1184,,0,2024-12-31
1185,,0,2024-12-31
1186,,0,2024-12-31
1187,,0,2024-12-31
1188,,0,2024-12-31
1189,,0,2024-12-31
1190,2024-12-20,1,2024-12-31
1191,2024-12-14,1,2024-12-31
1192,2024-12-26,1,2024-12-31
1193,,0,2024-12-31
1194,,0,2024-12-31
1195,,0,2024-12-31
1196,,0,2024-12-31
1197,,0,2024-12-31
1198,,0,2024-12-31
1199,,0,2024-12-31
1200,,0,2024-12-31
1201,,0,2024-12-31
1202,,0,2024-12-31
1203,,0,2024-12-31
1204,,0,2024-12-31
1205,,0,2024-12-31
1206,,0,2024-12-31
1207,,0,2024-12-31
1208,,0,2024-12-31
1209,,0,2024-12-31
1210,2024-10-15,1,2024-12-31
1211,,0,2024-12-31
1212,2024-10-04,1,2024-12-31
1213,,0,2024-12-31
1214,,0,2024-12-31
1215,,0,2024-12-31
1216,,0,2024-12-31
1217,,0,2024-12-31
1218,,0,2024-12-31
1219,,0,2024-12-31
1220,,0,2024-12-31
1221,,0,2024-12-31
1222,,0,2024-12-31
1223,2024-11-03,1,2024-12-31
1224,,0,2024-12-31
1225,2024-10-17,1,2024-12-31
1226,2024-10-08,1,2024-12-31
1227,,0,2024-12-31
1228,,0,2024-12-31
1229,,0,2024-12-31
1230,,0,2024-12-31
1231,,0,2024-12-31
1232,2024-12-28,1,2024-12-31
1233,2024-10-26,1,2024-12-31
1234,,0,2024-12-31
1235,,0,2024-12-31
1236,,0,2024-12-31
1237,,0,2024-12-31
1238,2024-10-31,1,2024-12-31
1239,2024-10-02,1,2024-12-31
1240,,0,2024-12-31
1241,,0,2024-12-31
1242,,0,2024-12-31
1243,,0,2024-12-31
1244,,0,2024-12-31
1245,,0,2024-12-31
1246,,0,2024-12-31
1247,2024-10-25,1,2024-12-31
1248,,0,2024-12-31
1249,,0,2024-12-31
1250,,0,2024-12-31
1251,,0,2024-12-31
1252,,0,2024-12-31
1253,,0,2024-12-31
1254,,0,2024-12-31
1255,,0,2024-12-31
1256,2024-11-30,1,2024-12-31
1257,,0,2024-12-31
1258,,0,2024-12-31
1259,,0,2024-12-31
1260,2024-11-06,1,2024-12-31
1261,,0,2024-12-31
1262,,0,2024-12-31
1263,,0,2024-12-31
1264,,0,2024-12-31
1265,,0,2024-12-31
1266,2024-11-06,1,2024-12-31
1267,2024-12-18,1,2024-12-31
1268,2024-10-12,1,2024-12-31
1269,2024-12-26,1,2024-12-31
1270,,0,2024-12-31
1271,2024-12-12,1,2024-12-31
1272,,0,2024-12-31
1273,2024-10-25,1,2024-12-31
1274,2024-12-09,1,2024-12-31
1275,,0,2024-12-31
1276,2024-10-21,1,2024-12-31
1277,,0,2024-12-31
1278,2024-12-15,1,2024-12-31
1279,,0,2024-12-31
1280,,0,2024-12-31
1281,,0,2024-12-31
1282,2024-12-03,1,2024-12-31
1283,,0,2024-12-31
1284,,0,2024-12-31
1285,,0,2024-12-31
1286,,0,2024-12-31
1287,,0,2024-12-31
1288,,0,2024-12-31
1289,,0,2024-12-31
1290,,0,2024-12-31
1291,2024-12-03,1,2024-12-31
1292,2024-12-16,1,2024-12-31
1293,,0,2024-12-31
1294,,0,2024-12-31
1295,,0,2024-12-31
1296,2024-12-19,1,2024-12-31
1297,,0,2024-12-31
1298,,0,2024-12-31
1299,2024-11-11,1,2024-12-31
1300,,0,2024-12-31
1301,,0,2024-12-31
1302,2024-12-06,1,2024-12-31
1303,,0,2024-12-31
1304,,0,2024-12-31
1305,,0,2024-12-31
1306,,0,2024-12-31
1307,,0,2024-12-31
1308,,0,2024-12-31
1309,2024-12-08,1,2024-12-31
1310,,0,2024-12-31
1311,,0,2024-12-31
1312,2024-10-17,1,2024-12-31
1313,,0,2024-12-31
1314,2024-11-20,1,2024-12-31
1315,,0,2024-12-31
1316,,0,2024-12-31
1317,,0,2024-12-31
1318,,0,2024-12-31
1319,,0,2024-12-31
1320,2024-10-13,1,2024-12-31
1321,,0,2024-12-31
1322,2024-12-10,1,2024-12-31
1323,,0,2024-12-31
1324,,0,2024-12-31
1325,2024-11-19,1,2024-12-31
1326,,0,2024-12-31
1327,,0,2024-12-31
1328,,0,2024-12-31
1329,,0,2024-12-31
1330,,0,2024-12-31
1331,2024-11-04,1,2024-12-31
1332,,0,2024-12-31
1333,,0,2024-12-31
1334,,0,2024-12-31
1335,,0,2024-12-31
1336,2024-10-17,1,2024-12-31
1337,,0,2024-12-31
1338,,0,2024-12-31
1339,2024-11-15,1,2024-12-31
1340,2024-10-08,1,2024-12-31
1341,,0,2024-12-31
1342,,0,2024-12-31
1343,,0,2024-12-31
1344,2024-11-02,1,2024-12-31
1345,,0,2024-12-31
1346,,0,2024-12-31
1347,,0,2024-12-31
1348,,0,2024-12-31
1349,2024-12-17,1,2024-12-31
1350,,0,2024-12-31
1351,,0,2024-12-31
1352,,0,2024-12-31
1353,,0,2024-12-31
1354,,0,2024-12-31
1355,,0,2024-12-31
1356,2024-11-12,1,2024-12-31
1357,,0,2024-12-31
1358,,0,2024-12-31
1359,,0,2024-12-31
1360,,0,2024-12-31
1361,,0,2024-12-31
1362,,0,2024-12-31
1363,,0,2024-12-31
1364,,0,2024-12-31
1365,,0,2024-12-31
1366,,0,2024-12-31
1367,,0,2024-12-31
1368,,0,2024-12-31
1369,2024-10-22,1,2024-12-31
1370,,0,2024-12-31
1371,,0,2024-12-31
1372,,0,2024-12-31
1373,,0,2024-12-31
1374,,0,2024-12-31
1375,,0,2024-12-31
1376,,0,2024-12-31
1377,,0,2024-12-31
1378,,0,2024-12-31
1379,,0,2024-12-31
1380,,0,2024-12-31
1381,,0,2024-12-31
1382,2024-10-19,1,2024-12-31
1383,,0,2024-12-31
1384,,0,2024-12-31
1385,,0,2024-12-31
1386,,0,2024-12-31
1387,,0,2024-12-31
1388,,0,2024-12-31
1389,,0,2024-12-31
1390,,0,2024-12-31
1391,,0,2024-12-31
1392,,0,2024-12-31
1393,2024-12-04,1,2024-12-31
1394,,0,2024-12-31
1395,,0,2024-12-31
1396,2024-12-26,1,2024-12-31
1397,,0,2024-12-31
1398,,0,2024-12-31
1399,,0,2024-12-31
1400,,0,2024-12-31
1401,2024-11-11,1,2024-12-31
1402,,0,2024-12-31
1403,,0,2024-12-31
1404,2024-12-06,1,2024-12-31
1405,,0,2024-12-31
1406,,0,2024-12-31
1407,2024-11-02,1,2024-12-31
1408,2024-10-27,1,2024-12-31
1409,2024-11-05,1,2024-12-31
1410,2024-11-25,1,2024-12-31
1411,,0,2024-12-31
1412,,0,2024-12-31
1413,,0,2024-12-31
1414,,0,2024-12-31
1415,,0,2024-12-31
1416,,0,2024-12-31
1417,,0,2024-12-31
1418,,0,2024-12-31
1419,,0,2024-12-31
1420,,0,2024-12-31
1421,2024-10-12,1,2024-12-31
1422,2024-12-16,1,2024-12-31
1423,,0,2024-12-31
1424,,0,2024-12-31
1425,2024-10-06,1,2024-12-31
1426,2024-11-25,1,2024-12-31
1427,,0,2024-12-31
1428,2024-11-13,1,2024-12-31
1429,,0,2024-12-31
1430,,0,2024-12-31
1431,,0,2024-12-31
1432,,0,2024-12-31
1433,,0,2024-12-31
1434,2024-10-06,1,2024-12-31
1435,,0,2024-12-31
1436,,0,2024-12-31
1437,2024-10-24,1,2024-12-31
1438,,0,2024-12-31
1439,,0,2024-12-31
1440,,0,2024-12-31
1441,,0,2024-12-31
1442,2024-11-28,1,2024-12-31
1443,2024-12-04,1,2024-12-31
1444,,0,2024-12-31
1445,,0,2024-12-31
1446,2024-10-24,1,2024-12-31
1447,,0,2024-12-31
1448,2024-11-09,1,2024-12-31
1449,,0,2024-12-31
1450,,0,2024-12-31
1451,,0,2024-12-31
1452,,0,2024-12-31
1453,2024-10-10,1,2024-12-31
1454,,0,2024-12-31
1455,2024-10-11,1,2024-12-31
1456,,0,2024-12-31
1457,,0,2024-12-31
1458,,0,2024-12-31
1459,,0,2024-12-31
1460,,0,2024-12-31
1461,,0,2024-12-31
1462,,0,2024-12-31
1463,2024-10-25,1,2024-12-31
1464,,0,2024-12-31
1465,,0,2024-12-31
1466,2024-12-20,1,2024-12-31
1467,,0,2024-12-31
1468,,0,2024-12-31
1469,2024-11-15,1,2024-12-31
1470,,0,2024-12-31
1471,,0,2024-12-31
1472,,0,2024-12-31
1473,,0,2024-12-31
1474,2024-10-19,1,2024-12-31
1475,2024-10-19,1,2024-12-31
1476,,0,2024-12-31
1477,,0,2024-12-31
1478,,0,2024-12-31
1479,2024-10-24,1,2024-12-31
1480,2024-11-29,1,2024-12-31
1481,2024-10-08,1,2024-12-31
1482,,0,2024-12-31
1483,,0,2024-12-31
1484,,0,2024-12-31
1485,,0,2024-12-31
1486,,0,2024-12-31
1487,2024-12-17,1,2024-12-31
1488,2024-11-15,1,2024-12-31
1489,,0,2024-12-31
1490,2024-11-17,1,2024-12-31
1491,,0,2024-12-31
1492,2024-12-06,1,2024-12-31
1493,,0,2024-12-31
1494,2024-11-14,1,2024-12-31
1495,2024-11-19,1,2024-12-31
1496,,0,2024-12-31
1497,,0,2024-12-31
1498,2024-10-14,1,2024-12-31
1499,2024-11-25,1,2024-12-31
1500,2024-10-15,1,2024-12-31
1501,,0,2024-12-31
1502,2024-10-12,1,2024-12-31
1503,2024-10-23,1,2024-12-31
1504,,0,2024-12-31
1505,,0,2024-12-31
1506,2024-11-20,1,2024-12-31
1507,,0,2024-12-31
1508,2024-12-16,1,2024-12-31
1509,,0,2024-12-31
1510,2024-12-25,1,2024-12-31
1511,2024-12-20,1,2024-12-31
1512,2024-11-16,1,2024-12-31
1513,,0,2024-12-31
1514,,0,2024-12-31
1515,,0,2024-12-31
1516,2024-11-28,1,2024-12-31
1517,,0,2024-12-31
1518,2024-11-09,1,2024-12-31
1519,2024-12-19,1,2024-12-31
1520,,0,2024-12-31
1521,,0,2024-12-31
1522,,0,2024-12-31
1523,,0,2024-12-31
1524,,0,2024-12-31
1525,,0,2024-12-31
1526,2024-11-11,1,2024-12-31
1527,,0,2024-12-31
1528,,0,2024-12-31
1529,,0,2024-12-31
1530,2024-10-02,1,2024-12-31
1531,,0,2024-12-31
1532,,0,2024-12-31
1533,,0,2024-12-31
1534,,0,2024-12-31
1535,2024-11-17,1,2024-12-31
1536,,0,2024-12-31
1537,,0,2024-12-31
1538,,0,2024-12-31
1539,,0,2024-12-31
1540,,0,2024-12-31
1541,,0,2024-12-31
1542,,0,2024-12-31
1543,,0,2024-12-31
1544,2024-12-06,1,2024-12-31
1545,,0,2024-12-31
1546,,0,2024-12-31
1547,2024-12-21,1,2024-12-31
1548,,0,2024-12-31
1549,,0,2024-12-31
1550,,0,2024-12-31
1551,,0,2024-12-31
1552,2024-10-04,1,2024-12-31
1553,,0,2024-12-31
1554,2024-10-27,1,2024-12-31
1555,,0,2024-12-31
1556,,0,2024-12-31
1557,2024-12-05,1,2024-12-31
1558,,0,2024-12-31
1559,2024-11-10,1,2024-12-31
1560,2024-12-01,1,2024-12-31
1561,2024-11-14,1,2024-12-31
1562,,0,2024-12-31
1563,,0,2024-12-31
1564,,0,2024-12-31
1565,,0,2024-12-31
1566,2024-12-20,1,2024-12-31
1567,,0,2024-12-31
1568,,0,2024-12-31
1569,2024-11-23,1,2024-12-31
1570,,0,2024-12-31
1571,,0,2024-12-31
1572,,0,2024-12-31
1573,,0,2024-12-31
1574,,0,2024-12-31
1575,,0,2024-12-31
1576,2024-12-03,1,2024-12-31
1577,2024-11-25,1,2024-12-31
1578,,0,2024-12-31
1579,2024-10-12,1,2024-12-31
1580,2024-10-07,1,2024-12-31
1581,2024-12-18,1,2024-12-31
1582,,0,2024-12-31
1583,2024-10-20,1,2024-12-31
1584,,0,2024-12-31
1585,,0,2024-12-31
1586,,0,2024-12-31
1587,,0,2024-12-31
1588,,0,2024-12-31
1589,,0,2024-12-31
1590,,0,2024-12-31
1591,,0,2024-12-31
1592,,0,2024-12-31
1593,,0,2024-12-31
1594,,0,2024-12-31
1595,,0,2024-12-31
1596,,0,2024-12-31
1597,,0,2024-12-31
1598,,0,2024-12-31
1599,,0,2024-12-31
1600,,0,2024-12-31
1601,,0,2024-12-31
1602,,0,2024-12-31
1603,,0,2024-12-31
1604,,0,2024-12-31
1605,,0,2024-12-31
1606,,0,2024-12-31
1607,,0,2024-12-31
1608,,0,2024-12-31
1609,2024-12-27,1,2024-12-31
1610,,0,2024-12-31
1611,,0,2024-12-31
1612,,0,2024-12-31
1613,,0,2024-12-31
1614,,0,2024-12-31
1615,,0,2024-12-31
1616,2024-12-15,1,2024-12-31
1617,,0,2024-12-31
1618,,0,2024-12-31
1619,,0,2024-12-31
1620,,0,2024-12-31
1621,2024-12-04,1,2024-12-31
1622,,0,2024-12-31
1623,2024-11-13,1,2024-12-31
1624,,0,2024-12-31
1625,2024-12-30,1,2024-12-31
1626,,0,2024-12-31
1627,2024-10-31,1,2024-12-31
1628,,0,2024-12-31
1629,,0,2024-12-31
1630,,0,2024-12-31
1631,,0,2024-12-31
1632,2024-12-15,1,2024-12-31
1633,,0,2024-12-31
1634,,0,2024-12-31
1635,,0,2024-12-31
1636,,0,2024-12-31
1637,2024-11-17,1,2024-12-31
1638,,0,2024-12-31
1639,,0,2024-12-31
1640,,0,2024-12-31
1641,2024-10-30,1,2024-12-31
1642,,0,2024-12-31
1643,,0,2024-12-31
1644,2024-12-19,1,2024-12-31
1645,,0,2024-12-31
1646,,0,2024-12-31
1647,,0,2024-12-31
1648,2024-11-29,1,2024-12-31
1649,,0,2024-12-31
1650,,0,2024-12-31
1651,2024-11-10,1,2024-12-31
1652,,0,2024-12-31
1653,,0,2024-12-31
1654,,0,2024-12-31
1655,2024-12-15,1,2024-12-31
1656,,0,2024-12-31
1657,,0,2024-12-31
1658,,0,2024-12-31
1659,2024-11-18,1,2024-12-31
1660,,0,2024-12-31
1661,,0,2024-12-31
1662,,0,2024-12-31
1663,,0,2024-12-31
1664,,0,2024-12-31
1665,,0,2024-12-31
1666,,0,2024-12-31
1667,2024-12-23,1,2024-12-31
1668,,0,2024-12-31
1669,2024-11-04,1,2024-12-31
1670,,0,2024-12-31
1671,2024-10-19,1,2024-12-31
1672,,0,2024-12-31
1673,2024-11-14,1,2024-12-31
1674,2024-12-28,1,2024-12-31
1675,2024-11-02,1,2024-12-31
1676,,0,2024-12-31
1677,,0,2024-12-31
1678,,0,2024-12-31
1679,2024-10-16,1,2024-12-31
1680,2024-11-17,1,2024-12-31
1681,,0,2024-12-31
1682,,0,2024-12-31
1683,,0,2024-12-31
1684,,0,2024-12-31
1685,,0,2024-12-31
1686,,0,2024-12-31
1687,2024-11-01,1,2024-12-31
1688,,0,2024-12-31
1689,,0,2024-12-31
1690,,0,2024-12-31
1691,,0,2024-12-31
1692,,0,2024-12-31
1693,,0,2024-12-31
1694,,0,2024-12-31
1695,,0,2024-12-31
1696,,0,2024-12-31
1697,,0,2024-12-31
1698,,0,2024-12-31
1699,2024-10-15,1,2024-12-31
1700,,0,2024-12-31
1701,,0,2024-12-31
1702,,0,2024-12-31
1703,,0,2024-12-31
1704,,0,2024-12-31
1705,,0,2024-12-31
1706,,0,2024-12-31
1707,,0,2024-12-31
1708,,0,2024-12-31
1709,,0,2024-12-31
1710,,0,2024-12-31
1711,,0,2024-12-31
1712,,0,2024-12-31
1713,,0,2024-12-31
1714,,0,2024-12-31
1715,,0,2024-12-31
1716,2024-12-28,1,2024-12-31
1717,,0,2024-12-31
1718,,0,2024-12-31
1719,,0,2024-12-31
1720,,0,2024-12-31
1721,,0,2024-12-31
1722,,0,2024-12-31
1723,2024-11-13,1,2024-12-31
1724,,0,2024-12-31
1725,2024-10-22,1,2024-12-31
1726,,0,2024-12-31
1727,2024-10-16,1,2024-12-31
1728,2024-10-14,1,2024-12-31
1729,,0,2024-12-31
1730,,0,2024-12-31
1731,,0,2024-12-31
1732,,0,2024-12-31
1733,,0,2024-12-31
1734,,0,2024-12-31
1735,,0,2024-12-31
1736,,0,2024-12-31
1737,,0,2024-12-31
1738,,0,2024-12-31
1739,2024-10-17,1,2024-12-31
1740,,0,2024-12-31
1741,2024-12-01,1,2024-12-31
1742,,0,2024-12-31
1743,2024-10-11,1,2024-12-31
1744,,0,2024-12-31
1745,,0,2024-12-31
1746,,0,2024-12-31
1747,,0,2024-12-31
1748,,0,2024-12-31
1749,,0,2024-12-31
1750,2024-12-01,1,2024-12-31
1751,,0,2024-12-31
1752,,0,2024-12-31
1753,,0,2024-12-31
1754,,0,2024-12-31
1755,2024-12-02,1,2024-12-31
1756,,0,2024-12-31
1757,,0,2024-12-31
1758,,0,2024-12-31
1759,,0,2024-12-31
1760,,0,2024-12-31
1761,,0,2024-12-31
1762,,0,2024-12-31
1763,,0,2024-12-31
1764,,0,2024-12-31
1765,2024-10-26,1,2024-12-31
1766,,0,2024-12-31
1767,,0,2024-12-31
1768,2024-10-27,1,2024-12-31
1769,,0,2024-12-31
1770,,0,2024-12-31
1771,2024-10-16,1,2024-12-31
1772,,0,2024-12-31
1773,2024-12-23,1,2024-12-31
1774,,0,2024-12-31
1775,,0,2024-12-31
1776,,0,2024-12-31
1777,2024-12-17,1,2024-12-31
1778,2024-12-29,1,2024-12-31
1779,,0,2024-12-31
1780,,0,2024-12-31
1781,2024-11-26,1,2024-12-31
1782,2024-11-22,1,2024-12-31
1783,,0,2024-12-31
1784,,0,2024-12-31
1785,2024-11-01,1,2024-12-31
1786,2024-12-19,1,2024-12-31
1787,,0,2024-12-31
1788,,0,2024-12-31
1789,2024-11-14,1,2024-12-31
1790,2024-11-20,1,2024-12-31
1791,,0,2024-12-31
1792,2024-12-03,1,2024-12-31
1793,,0,2024-12-31
1794,,0,2024-12-31
1795,,0,2024-12-31
1796,,0,2024-12-31
1797,,0,2024-12-31
1798,,0,2024-12-31
1799,2024-11-03,1,2024-12-31
1800,,0,2024-12-31
1801,,0,2024-12-31
1802,,0,2024-12-31
1803,,0,2024-12-31
1804,,0,2024-12-31
1805,2024-10-23,1,2024-12-31
1806,,0,2024-12-31
1807,,0,2024-12-31
1808,,0,2024-12-31
1809,,0,2024-12-31
1810,,0,2024-12-31
1811,,0,2024-12-31
1812,,0,2024-12-31
1813,,0,2024-12-31
1814,,0,2024-12-31
1815,,0,2024-12-31
1816,2024-11-10,1,2024-12-31
1817,,0,2024-12-31
1818,,0,2024-12-31
1819,,0,2024-12-31
1820,,0,2024-12-31
1821,,0,2024-12-31
1822,,0,2024-12-31
1823,,0,2024-12-31
1824,,0,2024-12-31
1825,,0,2024-12-31
1826,2024-12-20,1,2024-12-31
1827,,0,2024-12-31
1828,,0,2024-12-31
1829,,0,2024-12-31
1830,,0,2024-12-31
1831,,0,2024-12-31
1832,,0,2024-12-31
1833,,0,2024-12-31
1834,,0,2024-12-31
1835,,0,2024-12-31
1836,,0,2024-12-31
1837,,0,2024-12-31
1838,,0,2024-12-31
1839,,0,2024-12-31
1840,,0,2024-12-31
1841,,0,2024-12-31
1842,,0,2024-12-31
1843,,0,2024-12-31
1844,,0,2024-12-31
1845,2024-11-13,1,2024-12-31
1846,,0,2024-12-31
1847,,0,2024-12-31
1848,,0,2024-12-31
1849,,0,2024-12-31
1850,2024-12-12,1,2024-12-31
1851,,0,2024-12-31
1852,,0,2024-12-31
1853,,0,2024-12-31
1854,,0,2024-12-31
1855,,0,2024-12-31
1856,2024-12-16,1,2024-12-31
1857,,0,2024-12-31
1858,,0,2024-12-31
1859,2024-10-22,1,2024-12-31
1860,2024-10-23,1,2024-12-31
1861,,0,2024-12-31
1862,,0,2024-12-31
1863,,0,2024-12-31
1864,,0,2024-12-31
1865,,0,2024-12-31
1866,,0,2024-12-31
1867,,0,2024-12-31
1868,,0,2024-12-31
1869,,0,2024-12-31
1870,,0,2024-12-31
1871,,0,2024-12-31
1872,2024-10-17,1,2024-12-31
1873,,0,2024-12-31
1874,,0,2024-12-31
1875,,0,2024-12-31
1876,,0,2024-12-31
1877,,0,2024-12-31
1878,2024-12-18,1,2024-12-31
1879,,0,2024-12-31
1880,,0,2024-12-31
1881,,0,2024-12-31
1882,,0,2024-12-31
1883,,0,2024-12-31
1884,,0,2024-12-31
1885,2024-11-20,1,2024-12-31
1886,,0,2024-12-31
1887,2024-11-20,1,2024-12-31
1888,,0,2024-12-31
1889,,0,2024-12-31
1890,2024-10-03,1,2024-12-31
1891,,0,2024-12-31
1892,,0,2024-12-31
1893,,0,2024-12-31
1894,2024-10-09,1,2024-12-31
1895,,0,2024-12-31
1896,,0,2024-12-31
1897,,0,2024-12-31
1898,,0,2024-12-31
1899,,0,2024-12-31
1900,,0,2024-12-31
1901,,0,2024-12-31
1902,,0,2024-12-31
1903,2024-12-19,1,2024-12-31
1904,,0,2024-12-31
1905,,0,2024-12-31
1906,,0,2024-12-31
1907,2024-10-10,1,2024-12-31
1908,,0,2024-12-31
1909,,0,2024-12-31
1910,2024-10-23,1,2024-12-31
1911,,0,2024-12-31
1912,2024-12-04,1,2024-12-31
1913,,0,2024-12-31
1914,,0,2024-12-31
1915,,0,2024-12-31
1916,,0,2024-12-31
1917,,0,2024-12-31
1918,,0,2024-12-31
1919,,0,2024-12-31
1920,,0,2024-12-31
1921,,0,2024-12-31
1922,,0,2024-12-31
1923,,0,2024-12-31
1924,,0,2024-12-31
1925,2024-11-23,1,2024-12-31
1926,,0,2024-12-31
1927,,0,2024-12-31
1928,2024-10-03,1,2024-12-31
1929,,0,2024-12-31
1930,2024-11-01,1,2024-12-31
1931,,0,2024-12-31
1932,2024-11-15,1,2024-12-31
1933,2024-11-01,1,2024-12-31
1934,,0,2024-12-31
1935,,0,2024-12-31
1936,,0,2024-12-31
1937,,0,2024-12-31
1938,,0,2024-12-31
1939,,0,2024-12-31
1940,,0,2024-12-31
1941,,0,2024-12-31
1942,,0,2024-12-31
1943,,0,2024-12-31
1944,,0,2024-12-31
1945,2024-10-08,1,2024-12-31
1946,,0,2024-12-31
1947,,0,2024-12-31
1948,2024-12-18,1,2024-12-31
1949,,0,2024-12-31
1950,,0,2024-12-31
1951,2024-11-20,1,2024-12-31
1952,2024-11-07,1,2024-12-31
1953,,0,2024-12-31
1954,,0,2024-12-31
1955,,0,2024-12-31
1956,2024-10-31,1,2024-12-31
1957,2024-12-13,1,2024-12-31
1958,2024-12-12,1,2024-12-31
1959,2024-12-19,1,2024-12-31
1960,,0,2024-12-31
1961,2024-10-21,1,2024-12-31
1962,,0,2024-12-31
1963,,0,2024-12-31
1964,,0,2024-12-31
1965,,0,2024-12-31
1966,,0,2024-12-31
1967,,0,2024-12-31
1968,,0,2024-12-31
1969,2024-10-08,1,2024-12-31
1970,2024-10-03,1,2024-12-31
1971,2024-11-04,1,2024-12-31
1972,,0,2024-12-31
1973,,0,2024-12-31
1974,2024-12-20,1,2024-12-31
1975,,0,2024-12-31
1976,,0,2024-12-31
1977,2024-10-19,1,2024-12-31
1978,2024-12-19,1,2024-12-31
1979,,0,2024-12-31
1980,,0,2024-12-31
1981,2024-11-27,1,2024-12-31
1982,2024-11-16,1,2024-12-31
1983,,0,2024-12-31
1984,,0,2024-12-31
1985,2024-10-07,1,2024-12-31
1986,,0,2024-12-31
1987,2024-11-09,1,2024-12-31
1988,,0,2024-12-31
1989,,0,2024-12-31
1990,2024-11-12,1,2024-12-31
1991,,0,2024-12-31
1992,2024-11-17,1,2024-12-31
1993,,0,2024-12-31
1994,,0,2024-12-31
1995,2024-12-05,1,2024-12-31
1996,,0,2024-12-31
1997,,0,2024-12-31
1998,2024-12-14,1,2024-12-31
1999,,0,2024-12-31
2000,,0,2024-12-31
2001,,0,2024-12-31
2002,2024-11-09,1,2024-12-31
2003,,0,2024-12-31
2004,,0,2024-12-31
2005,,0,2024-12-31
2006,,0,2024-12-31
2007,,0,2024-12-31
2008,,0,2024-12-31
2009,,0,2024-12-31
2010,2024-10-27,1,2024-12-31
2011,,0,2024-12-31
2012,2024-10-30,1,2024-12-31
2013,,0,2024-12-31
2014,,0,2024-12-31
2015,,0,2024-12-31
2016,,0,2024-12-31
2017,2024-12-17,1,2024-12-31
2018,,0,2024-12-31
2019,,0,2024-12-31
2020,,0,2024-12-31
2021,,0,2024-12-31
2022,,0,2024-12-31
2023,,0,2024-12-31
2024,,0,2024-12-31
2025,,0,2024-12-31
2026,,0,2024-12-31
2027,,0,2024-12-31
2028,,0,2024-12-31
2029,,0,2024-12-31
2030,,0,2024-12-31
2031,,0,2024-12-31
2032,,0,2024-12-31
2033,,0,2024-12-31
2034,,0,2024-12-31
2035,2024-10-04,1,2024-12-31
2036,,0,2024-12-31
2037,,0,2024-12-31
2038,,0,2024-12-31
2039,,0,2024-12-31
2040,,0,2024-12-31
2041,2024-12-12,1,2024-12-31
2042,2024-11-13,1,2024-12-31
2043,,0,2024-12-31
2044,,0,2024-12-31
2045,,0,2024-12-31
2046,,0,2024-12-31
2047,2024-12-22,1,2024-12-31
2048,,0,2024-12-31
2049,,0,2024-12-31
2050,,0,2024-12-31
2051,,0,2024-12-31
2052,,0,2024-12-31
2053,,0,2024-12-31
2054,,0,2024-12-31
2055,,0,2024-12-31
2056,,0,2024-12-31
2057,,0,2024-12-31
2058,,0,2024-12-31
2059,2024-11-15,1,2024-12-31
2060,,0,2024-12-31
2061,,0,2024-12-31
2062,2024-10-10,1,2024-12-31
2063,,0,2024-12-31
2064,,0,2024-12-31
2065,2024-11-14,1,2024-12-31
2066,,0,2024-12-31
2067,,0,2024-12-31
2068,,0,2024-12-31
2069,2024-12-20,1,2024-12-31
2070,,0,2024-12-31
2071,2024-12-19,1,2024-12-31
2072,2024-11-23,1,2024-12-31
2073,,0,2024-12-31
2074,2024-11-16,1,2024-12-31
2075,2024-11-11,1,2024-12-31
2076,,0,2024-12-31
2077,,0,2024-12-31
2078,2024-10-23,1,2024-12-31
2079,,0,2024-12-31
2080,,0,2024-12-31
2081,,0,2024-12-31
2082,,0,2024-12-31
2083,,0,2024-12-31
2084,,0,2024-12-31
2085,,0,2024-12-31
2086,,0,2024-12-31
2087,,0,2024-12-31
2088,,0,2024-12-31
2089,,0,2024-12-31
2090,,0,2024-12-31
2091,,0,2024-12-31
2092,2024-10-22,1,2024-12-31
2093,,0,2024-12-31
2094,,0,2024-12-31
2095,2024-12-20,1,2024-12-31
2096,,0,2024-12-31
2097,,0,2024-12-31
2098,,0,2024-12-31
2099,,0,2024-12-31
2100,,0,2024-12-31
2101,,0,2024-12-31
2102,,0,2024-12-31
2103,,0,2024-12-31
2104,,0,2024-12-31
2105,,0,2024-12-31
2106,2024-12-03,1,2024-12-31
2107,,0,2024-12-31
2108,,0,2024-12-31
2109,,0,2024-12-31
2110,2024-11-18,1,2024-12-31
2111,,0,2024-12-31
2112,2024-10-23,1,2024-12-31
2113,,0,2024-12-31
2114,,0,2024-12-31
2115,,0,2024-12-31
2116,,0,2024-12-31
2117,,0,2024-12-31
2118,,0,2024-12-31
2119,,0,2024-12-31
2120,,0,2024-12-31
2121,2024-12-03,1,2024-12-31
2122,2024-12-25,1,2024-12-31
2123,,0,2024-12-31
2124,,0,2024-12-31
2125,,0,2024-12-31
2126,,0,2024-12-31
2127,,0,2024-12-31
2128,,0,2024-12-31
2129,,0,2024-12-31
2130,2024-10-30,1,2024-12-31
2131,,0,2024-12-31
2132,,0,2024-12-31
2133,,0,2024-12-31
2134,,0,2024-12-31
2135,,0,2024-12-31
2136,,0,2024-12-31
2137,,0,2024-12-31
2138,,0,2024-12-31
2139,2024-12-20,1,2024-12-31
2140,,0,2024-12-31
2141,,0,2024-12-31
2142,,0,2024-12-31
2143,,0,2024-12-31
2144,,0,2024-12-31
2145,,0,2024-12-31
2146,,0,2024-12-31
2147,,0,2024-12-31
2148,,0,2024-12-31
2149,,0,2024-12-31
2150,,0,2024-12-31
2151,,0,2024-12-31
2152,2024-12-13,1,2024-12-31
2153,,0,2024-12-31
2154,,0,2024-12-31
2155,,0,2024-12-31
2156,,0,2024-12-31
2157,,0,2024-12-31
2158,,0,2024-12-31
2159,,0,2024-12-31
2160,,0,2024-12-31
2161,,0,2024-12-31
2162,,0,2024-12-31
2163,2024-12-19,1,2024-12-31
2164,,0,2024-12-31
2165,,0,2024-12-31
2166,2024-10-12,1,2024-12-31
2167,,0,2024-12-31
2168,,0,2024-12-31
2169,,0,2024-12-31
2170,,0,2024-12-31
2171,,0,2024-12-31
2172,,0,2024-12-31
2173,2024-11-09,1,2024-12-31
2174,,0,2024-12-31
2175,2024-11-07,1,2024-12-31
2176,,0,2024-12-31
2177,2024-10-25,1,2024-12-31
2178,2024-12-30,1,2024-12-31
2179,2024-11-22,1,2024-12-31
2180,,0,2024-12-31
2181,,0,2024-12-31
2182,2024-10-11,1,2024-12-31
2183,,0,2024-12-31
2184,,0,2024-12-31
2185,2024-12-22,1,2024-12-31
2186,,0,2024-12-31
2187,,0,2024-12-31
2188,,0,2024-12-31
2189,,0,2024-12-31
2190,2024-10-03,1,2024-12-31
2191,,0,2024-12-31
2192,,0,2024-12-31
2193,2024-11-03,1,2024-12-31
2194,,0,2024-12-31
2195,,0,2024-12-31
2196,,0,2024-12-31
2197,,0,2024-12-31
2198,,0,2024-12-31
2199,,0,2024-12-31
2200,2024-11-23,1,2024-12-31
2201,,0,2024-12-31
2202,2024-10-10,1,2024-12-31
2203,,0,2024-12-31
2204,2024-11-15,1,2024-12-31
2205,,0,2024-12-31
2206,,0,2024-12-31
2207,2024-12-13,1,2024-12-31
2208,,0,2024-12-31
2209,,0,2024-12-31
2210,,0,2024-12-31
2211,,0,2024-12-31
2212,,0,2024-12-31
2213,,0,2024-12-31
2214,,0,2024-12-31
2215,,0,2024-12-31
2216,,0,2024-12-31
2217,,0,2024-12-31
2218,,0,2024-12-31
2219,,0,2024-12-31
2220,,0,2024-12-31
2221,,0,2024-12-31
2222,,0,2024-12-31
2223,,0,2024-12-31
2224,,0,2024-12-31
2225,,0,2024-12-31
2226,,0,2024-12-31
2227,,0,2024-12-31
2228,,0,2024-12-31
2229,,0,2024-12-31
2230,,0,2024-12-31
2231,,0,2024-12-31
2232,2024-10-23,1,2024-12-31
2233,,0,2024-12-31
2234,,0,2024-12-31
2235,,0,2024-12-31
2236,2024-10-17,1,2024-12-31
2237,,0,2024-12-31
2238,,0,2024-12-31
2239,,0,2024-12-31
2240,,0,2024-12-31
2241,,0,2024-12-31
2242,,0,2024-12-31
2243,,0,2024-12-31
2244,2024-12-15,1,2024-12-31
2245,,0,2024-12-31
2246,,0,2024-12-31
2247,2024-10-26,1,2024-12-31
2248,,0,2024-12-31
2249,,0,2024-12-31
2250,2024-12-17,1,2024-12-31
2251,,0,2024-12-31
2252,2024-12-30,1,2024-12-31
2253,,0,2024-12-31
2254,2024-11-26,1,2024-12-31
2255,2024-11-22,1,2024-12-31
2256,,0,2024-12-31
2257,,0,2024-12-31
2258,2024-10-24,1,2024-12-31
2259,,0,2024-12-31
2260,,0,2024-12-31
2261,,0,2024-12-31
2262,,0,2024-12-31
2263,,0,2024-12-31
2264,,0,2024-12-31
2265,,0,2024-12-31
2266,,0,2024-12-31
2267,2024-12-17,1,2024-12-31
2268,,0,2024-12-31
2269,,0,2024-12-31
2270,2024-11-08,1,2024-12-31
2271,,0,2024-12-31
2272,,0,2024-12-31
2273,,0,2024-12-31
2274,,0,2024-12-31
2275,2024-10-13,1,2024-12-31
2276,,0,2024-12-31
2277,,0,2024-12-31
2278,,0,2024-12-31
2279,,0,2024-12-31
2280,,0,2024-12-31
2281,,0,2024-12-31
2282,,0,2024-12-31
2283,,0,2024-12-31
2284,,0,2024-12-31
2285,,0,2024-12-31
2286,,0,2024-12-31
2287,,0,2024-12-31
2288,,0,2024-12-31
2289,,0,2024-12-31
2290,,0,2024-12-31
2291,,0,2024-12-31
2292,,0,2024-12-31
2293,,0,2024-12-31
2294,2024-11-14,1,2024-12-31
2295,2024-10-27,1,2024-12-31
2296,,0,2024-12-31
2297,,0,2024-12-31
2298,,0,2024-12-31
2299,2024-11-19,1,2024-12-31
2300,,0,2024-12-31
2301,2024-10-29,1,2024-12-31
2302,2024-10-19,1,2024-12-31
2303,,0,2024-12-31
2304,,0,2024-12-31
2305,,0,2024-12-31
2306,2024-11-23,1,2024-12-31
2307,2024-11-27,1,2024-12-31
2308,,0,2024-12-31
2309,,0,2024-12-31
2310,,0,2024-12-31
2311,,0,2024-12-31
2312,2024-11-26,1,2024-12-31
2313,,0,2024-12-31
2314,,0,2024-12-31
2315,,0,2024-12-31
2316,,0,2024-12-31
2317,2024-11-26,1,2024-12-31
2318,,0,2024-12-31
2319,2024-11-11,1,2024-12-31
2320,,0,2024-12-31
2321,2024-12-14,1,2024-12-31
2322,2024-11-20,1,2024-12-31
2323,2024-10-09,1,2024-12-31
2324,,0,2024-12-31
2325,,0,2024-12-31
2326,2024-10-06,1,2024-12-31
2327,,0,2024-12-31
2328,2024-10-03,1,2024-12-31
2329,,0,2024-12-31
2330,2024-12-08,1,2024-12-31
2331,2024-11-19,1,2024-12-31
2332,,0,2024-12-31
2333,2024-11-09,1,2024-12-31
2334,,0,2024-12-31
2335,,0,2024-12-31
2336,,0,2024-12-31
2337,,0,2024-12-31
2338,,0,2024-12-31
2339,,0,2024-12-31
2340,,0,2024-12-31
2341,2024-10-22,1,2024-12-31
2342,2024-12-03,1,2024-12-31
2343,2024-10-24,1,2024-12-31
2344,2024-11-18,1,2024-12-31
2345,2024-12-13,1,2024-12-31
2346,,0,2024-12-31
2347,,0,2024-12-31
2348,,0,2024-12-31
2349,,0,2024-12-31
2350,,0,2024-12-31
2351,,0,2024-12-31
2352,,0,2024-12-31
2353,,0,2024-12-31
2354,,0,2024-12-31
2355,2024-11-16,1,2024-12-31
2356,,0,2024-12-31
2357,2024-11-22,1,2024-12-31
2358,,0,2024-12-31
2359,,0,2024-12-31
2360,2024-11-04,1,2024-12-31
2361,,0,2024-12-31
2362,,0,2024-12-31
2363,,0,2024-12-31
2364,2024-12-22,1,2024-12-31
2365,,0,2024-12-31
2366,,0,2024-12-31
2367,,0,2024-12-31
2368,,0,2024-12-31
2369,,0,2024-12-31
2370,,0,2024-12-31
2371,,0,2024-12-31
2372,,0,2024-12-31
2373,,0,2024-12-31
2374,,0,2024-12-31
2375,2024-12-02,1,2024-12-31
2376,2024-12-18,1,2024-12-31
2377,2024-11-27,1,2024-12-31
2378,,0,2024-12-31
2379,,0,2024-12-31
2380,,0,2024-12-31
2381,2024-11-21,1,2024-12-31
2382,,0,2024-12-31
2383,,0,2024-12-31
2384,2024-12-03,1,2024-12-31
2385,,0,2024-12-31
2386,,0,2024-12-31
2387,,0,2024-12-31
2388,,0,2024-12-31
2389,,0,2024-12-31
2390,,0,2024-12-31
2391,,0,2024-12-31
2392,,0,2024-12-31
2393,,0,2024-12-31
2394,,0,2024-12-31
2395,,0,2024-12-31
2396,,0,2024-12-31
2397,2024-12-27,1,2024-12-31
2398,,0,2024-12-31
2399,,0,2024-12-31
2400,,0,2024-12-31
2401,,0,2024-12-31
2402,2024-11-03,1,2024-12-31
2403,,0,2024-12-31
2404,,0,2024-12-31
2405,,0,2024-12-31
2406,,0,2024-12-31
2407,,0,2024-12-31
2408,,0,2024-12-31
2409,2024-12-15,1,2024-12-31
2410,,0,2024-12-31
2411,,0,2024-12-31
2412,,0,2024-12-31
2413,,0,2024-12-31
2414,,0,2024-12-31
2415,2024-12-14,1,2024-12-31
2416,,0,2024-12-31
2417,2024-10-24,1,2024-12-31
2418,,0,2024-12-31
2419,2024-10-25,1,2024-12-31
2420,,0,2024-12-31
2421,,0,2024-12-31
2422,2024-10-22,1,2024-12-31
2423,,0,2024-12-31
2424,,0,2024-12-31
2425,,0,2024-12-31
2426,2024-12-12,1,2024-12-31
2427,,0,2024-12-31
2428,2024-10-20,1,2024-12-31
2429,,0,2024-12-31
2430,2024-10-15,1,2024-12-31
2431,2024-10-09,1,2024-12-31
2432,,0,2024-12-31
2433,,0,2024-12-31
2434,,0,2024-12-31
2435,2024-12-01,1,2024-12-31
2436,,0,2024-12-31
2437,,0,2024-12-31
2438,,0,2024-12-31
2439,,0,2024-12-31
2440,2024-11-14,1,2024-12-31
2441,,0,2024-12-31
2442,,0,2024-12-31
2443,,0,2024-12-31
2444,,0,2024-12-31
2445,2024-12-02,1,2024-12-31
2446,,0,2024-12-31
2447,,0,2024-12-31
2448,,0,2024-12-31
2449,2024-10-12,1,2024-12-31
2450,2024-10-16,1,2024-12-31
2451,,0,2024-12-31
2452,,0,2024-12-31
2453,,0,2024-12-31
2454,2024-11-14,1,2024-12-31
2455,2024-12-27,1,2024-12-31
2456,2024-12-08,1,2024-12-31
2457,,0,2024-12-31
2458,,0,2024-12-31
2459,,0,2024-12-31
2460,,0,2024-12-31
2461,,0,2024-12-31
2462,2024-10-23,1,2024-12-31
2463,,0,2024-12-31
2464,,0,2024-12-31
2465,,0,2024-12-31
2466,,0,2024-12-31
2467,,0,2024-12-31
2468,,0,2024-12-31
2469,,0,2024-12-31
2470,,0,2024-12-31
2471,,0,2024-12-31
2472,,0,2024-12-31
2473,,0,2024-12-31
2474,,0,2024-12-31
2475,,0,2024-12-31
2476,,0,2024-12-31
2477,,0,2024-12-31
2478,2024-12-26,1,2024-12-31
2479,,0,2024-12-31
2480,,0,2024-12-31
2481,,0,2024-12-31
2482,,0,2024-12-31
2483,2024-10-21,1,2024-12-31
2484,,0,2024-12-31
2485,,0,2024-12-31
2486,,0,2024-12-31
2487,,0,2024-12-31
2488,2024-10-16,1,2024-12-31
2489,,0,2024-12-31
2490,,0,2024-12-31
2491,,0,2024-12-31
2492,,0,2024-12-31
2493,,0,2024-12-31
2494,,0,2024-12-31
2495,,0,2024-12-31
2496,,0,2024-12-31
2497,2024-10-24,1,2024-12-31
2498,2024-10-09,1,2024-12-31
2499,2024-11-29,1,2024-12-31
2500,,0,2024-12-31
2501,2024-10-03,1,2024-12-31
2502,,0,2024-12-31
2503,2024-11-15,1,2024-12-31
2504,,0,2024-12-31
2505,,0,2024-12-31
2506,,0,2024-12-31
2507,,0,2024-12-31
2508,,0,2024-12-31
2509,,0,2024-12-31
2510,2024-11-05,1,2024-12-31
2511,,0,2024-12-31
2512,,0,2024-12-31
2513,,0,2024-12-31
2514,,0,2024-12-31
2515,,0,2024-12-31
2516,,0,2024-12-31
2517,2024-10-23,1,2024-12-31
2518,,0,2024-12-31
2519,2024-11-29,1,2024-12-31
2520,2024-11-21,1,2024-12-31
2521,,0,2024-12-31
2522,,0,2024-12-31
2523,,0,2024-12-31
2524,,0,2024-12-31
2525,2024-12-25,1,2024-12-31
2526,,0,2024-12-31
2527,2024-11-29,1,2024-12-31
2528,2024-11-26,1,2024-12-31
2529,,0,2024-12-31
2530,,0,2024-12-31
2531,2024-10-31,1,2024-12-31
2532,,0,2024-12-31
2533,,0,2024-12-31
2534,,0,2024-12-31
2535,,0,2024-12-31
2536,,0,2024-12-31
2537,,0,2024-12-31
2538,,0,2024-12-31
2539,,0,2024-12-31
2540,,0,2024-12-31
2541,,0,2024-12-31
2542,,0,2024-12-31
2543,,0,2024-12-31
2544,2024-12-18,1,2024-12-31
2545,,0,2024-12-31
2546,,0,2024-12-31
2547,2024-12-25,1,2024-12-31
2548,,0,2024-12-31
2549,,0,2024-12-31
2550,,0,2024-12-31
2551,,0,2024-12-31
2552,,0,2024-12-31
2553,,0,2024-12-31
2554,,0,2024-12-31
2555,,0,2024-12-31
2556,,0,2024-12-31
2557,2024-11-10,1,2024-12-31
2558,2024-11-04,1,2024-12-31
2559,,0,2024-12-31
2560,,0,2024-12-31
2561,,0,2024-12-31
2562,,0,2024-12-31
2563,,0,2024-12-31
2564,,0,2024-12-31
2565,,0,2024-12-31
2566,,0,2024-12-31
2567,2024-10-11,1,2024-12-31
2568,,0,2024-12-31
2569,,0,2024-12-31
2570,,0,2024-12-31
2571,,0,2024-12-31
2572,,0,2024-12-31
2573,,0,2024-12-31
2574,2024-12-13,1,2024-12-31
2575,,0,2024-12-31
2576,,0,2024-12-31
2577,,0,2024-12-31
2578,,0,2024-12-31
2579,,0,2024-12-31
2580,2024-10-18,1,2024-12-31
2581,,0,2024-12-31
2582,,0,2024-12-31
2583,,0,2024-12-31
2584,,0,2024-12-31
2585,,0,2024-12-31
2586,,0,2024-12-31
2587,,0,2024-12-31
2588,,0,2024-12-31
2589,,0,2024-12-31
2590,,0,2024-12-31
2591,,0,2024-12-31
2592,,0,2024-12-31
2593,2024-12-21,1,2024-12-31
2594,2024-12-04,1,2024-12-31
2595,,0,2024-12-31
2596,2024-12-29,1,2024-12-31
2597,2024-12-20,1,2024-12-31
2598,,0,2024-12-31
2599,2024-11-24,1,2024-12-31
2600,,0,2024-12-31
2601,,0,2024-12-31
2602,,0,2024-12-31
2603,,0,2024-12-31
2604,2024-12-21,1,2024-12-31
2605,,0,2024-12-31
2606,,0,2024-12-31
2607,2024-10-27,1,2024-12-31
2608,,0,2024-12-31
2609,2024-10-27,1,2024-12-31
2610,,0,2024-12-31
2611,,0,2024-12-31
2612,2024-11-01,1,2024-12-31
2613,,0,2024-12-31
2614,,0,2024-12-31
2615,,0,2024-12-31
2616,,0,2024-12-31
2617,2024-10-31,1,2024-12-31
2618,,0,2024-12-31
2619,,0,2024-12-31
2620,,0,2024-12-31
2621,,0,2024-12-31
2622,,0,2024-12-31
2623,,0,2024-12-31
2624,,0,2024-12-31
2625,,0,2024-12-31
2626,,0,2024-12-31
2627,,0,2024-12-31
2628,,0,2024-12-31
2629,,0,2024-12-31
2630,2024-11-10,1,2024-12-31
2631,,0,2024-12-31
2632,,0,2024-12-31
2633,,0,2024-12-31
2634,,0,2024-12-31
2635,,0,2024-12-31
2636,,0,2024-12-31
2637,,0,2024-12-31
2638,,0,2024-12-31
2639,,0,2024-12-31
2640,,0,2024-12-31
2641,2024-11-19,1,2024-12-31
2642,,0,2024-12-31
2643,,0,2024-12-31
2644,2024-10-27,1,2024-12-31
2645,,0,2024-12-31
2646,2024-11-08,1,2024-12-31
2647,2024-10-31,1,2024-12-31
2648,2024-10-24,1,2024-12-31
2649,,0,2024-12-31
2650,2024-10-25,1,2024-12-31
2651,2024-11-02,1,2024-12-31
2652,,0,2024-12-31
2653,2024-12-13,1,2024-12-31
2654,,0,2024-12-31
2655,2024-12-11,1,2024-12-31
2656,,0,2024-12-31
2657,,0,2024-12-31
2658,,0,2024-12-31
2659,,0,2024-12-31
2660,,0,2024-12-31
2661,,0,2024-12-31
2662,,0,2024-12-31
2663,2024-12-14,1,2024-12-31
2664,,0,2024-12-31
2665,,0,2024-12-31
2666,,0,2024-12-31
2667,2024-10-21,1,2024-12-31
2668,,0,2024-12-31
2669,,0,2024-12-31
2670,,0,2024-12-31
2671,,0,2024-12-31
2672,,0,2024-12-31
2673,2024-10-26,1,2024-12-31
2674,,0,2024-12-31
2675,,0,2024-12-31
2676,,0,2024-12-31
2677,2024-10-08,1,2024-12-31
2678,,0,2024-12-31
2679,,0,2024-12-31
2680,,0,2024-12-31
2681,,0,2024-12-31
2682,,0,2024-12-31
2683,,0,2024-12-31
2684,2024-11-22,1,2024-12-31
2685,2024-12-04,1,2024-12-31
2686,,0,2024-12-31
2687,,0,2024-12-31
2688,,0,2024-12-31
2689,,0,2024-12-31
2690,,0,2024-12-31
2691,,0,2024-12-31
2692,,0,2024-12-31
2693,,0,2024-12-31
2694,,0,2024-12-31
2695,2024-10-22,1,2024-12-31
2696,,0,2024-12-31
2697,,0,2024-12-31
2698,,0,2024-12-31
2699,,0,2024-12-31
2700,2024-11-07,1,2024-12-31
2701,,0,2024-12-31
2702,,0,2024-12-31
2703,,0,2024-12-31
2704,2024-11-09,1,2024-12-31
2705,,0,2024-12-31
2706,,0,2024-12-31
2707,,0,2024-12-31
2708,,0,2024-12-31
2709,,0,2024-12-31
2710,,0,2024-12-31
2711,,0,2024-12-31
2712,,0,2024-12-31
2713,,0,2024-12-31
2714,,0,2024-12-31
2715,2024-12-22,1,2024-12-31
2716,,0,2024-12-31
2717,,0,2024-12-31
2718,2024-10-05,1,2024-12-31
2719,,0,2024-12-31
2720,,0,2024-12-31
2721,,0,2024-12-31
2722,,0,2024-12-31
2723,2024-12-12,1,2024-12-31
2724,,0,2024-12-31
2725,,0,2024-12-31
2726,2024-12-01,1,2024-12-31
2727,,0,2024-12-31
2728,,0,2024-12-31
2729,,0,2024-12-31
2730,,0,2024-12-31
2731,2024-11-18,1,2024-12-31
2732,2024-12-12,1,2024-12-31
2733,,0,2024-12-31
2734,,0,2024-12-31
2735,,0,2024-12-31
2736,,0,2024-12-31
2737,,0,2024-12-31
2738,,0,2024-12-31
2739,,0,2024-12-31
2740,,0,2024-12-31
2741,,0,2024-12-31
2742,,0,2024-12-31
2743,,0,2024-12-31
2744,2024-10-09,1,2024-12-31
2745,2024-12-25,1,2024-12-31
2746,,0,2024-12-31
2747,,0,2024-12-31
2748,2024-12-14,1,2024-12-31
2749,,0,2024-12-31
2750,,0,2024-12-31
2751,,0,2024-12-31
2752,,0,2024-12-31
2753,,0,2024-12-31
2754,,0,2024-12-31
2755,,0,2024-12-31
2756,,0,2024-12-31
2757,2024-11-27,1,2024-12-31
2758,,0,2024-12-31
2759,2024-12-18,1,2024-12-31
2760,2024-11-30,1,2024-12-31
2761,,0,2024-12-31
2762,,0,2024-12-31
2763,,0,2024-12-31
2764,2024-12-21,1,2024-12-31
2765,,0,2024-12-31
2766,,0,2024-12-31
2767,,0,2024-12-31
2768,,0,2024-12-31
2769,2024-11-30,1,2024-12-31
2770,2024-12-21,1,2024-12-31
2771,2024-11-09,1,2024-12-31
2772,,0,2024-12-31
2773,2024-12-28,1,2024-12-31
2774,,0,2024-12-31
2775,2024-10-05,1,2024-12-31
2776,2024-10-13,1,2024-12-31
2777,,0,2024-12-31
2778,,0,2024-12-31
2779,,0,2024-12-31
2780,,0,2024-12-31
2781,,0,2024-12-31
2782,,0,2024-12-31
2783,,0,2024-12-31
2784,,0,2024-12-31
2785,,0,2024-12-31
2786,2024-12-01,1,2024-12-31
2787,,0,2024-12-31
2788,,0,2024-12-31
2789,,0,2024-12-31
2790,2024-10-27,1,2024-12-31
2791,2024-11-11,1,2024-12-31
2792,,0,2024-12-31
2793,2024-10-04,1,2024-12-31
2794,2024-10-07,1,2024-12-31
2795,2024-11-13,1,2024-12-31
2796,,0,2024-12-31
2797,,0,2024-12-31
2798,,0,2024-12-31
2799,,0,2024-12-31
2800,,0,2024-12-31
2801,,0,2024-12-31
2802,,0,2024-12-31
2803,,0,2024-12-31
2804,,0,2024-12-31
2805,,0,2024-12-31
2806,,0,2024-12-31
2807,2024-12-20,1,2024-12-31
2808,,0,2024-12-31
2809,,0,2024-12-31
2810,,0,2024-12-31
2811,,0,2024-12-31
2812,2024-10-27,1,2024-12-31
2813,,0,2024-12-31
2814,2024-12-27,1,2024-12-31
2815,,0,2024-12-31
2816,2024-12-23,1,2024-12-31
2817,,0,2024-12-31
2818,,0,2024-12-31
2819,,0,2024-12-31
2820,,0,2024-12-31
2821,,0,2024-12-31
2822,,0,2024-12-31
2823,,0,2024-12-31
2824,,0,2024-12-31
2825,,0,2024-12-31
2826,,0,2024-12-31
2827,,0,2024-12-31
2828,,0,2024-12-31
2829,,0,2024-12-31
2830,,0,2024-12-31
2831,,0,2024-12-31
2832,,0,2024-12-31
2833,,0,2024-12-31
2834,,0,2024-12-31
2835,,0,2024-12-31
2836,2024-10-08,1,2024-12-31
2837,,0,2024-12-31
2838,,0,2024-12-31
2839,,0,2024-12-31
2840,,0,2024-12-31
2841,,0,2024-12-31
2842,,0,2024-12-31
2843,,0,2024-12-31
2844,,0,2024-12-31
2845,,0,2024-12-31
2846,,0,2024-12-31
2847,2024-11-10,1,2024-12-31
2848,,0,2024-12-31
2849,2024-12-04,1,2024-12-31
2850,,0,2024-12-31
2851,,0,2024-12-31
2852,,0,2024-12-31
2853,,0,2024-12-31
2854,,0,2024-12-31
2855,2024-10-14,1,2024-12-31
2856,2024-11-09,1,2024-12-31
2857,,0,2024-12-31
2858,,0,2024-12-31
2859,2024-12-18,1,2024-12-31
2860,,0,2024-12-31
2861,,0,2024-12-31
2862,,0,2024-12-31
2863,,0,2024-12-31
2864,,0,2024-12-31
2865,,0,2024-12-31
2866,,0,2024-12-31
2867,,0,2024-12-31
2868,,0,2024-12-31
2869,2024-10-27,1,2024-12-31
2870,,0,2024-12-31
2871,,0,2024-12-31
2872,2024-11-16,1,2024-12-31
2873,,0,2024-12-31
2874,,0,2024-12-31
2875,2024-12-28,1,2024-12-31
2876,,0,2024-12-31
2877,,0,2024-12-31
2878,2024-12-27,1,2024-12-31
2879,,0,2024-12-31
2880,,0,2024-12-31
2881,,0,2024-12-31
2882,,0,2024-12-31
2883,,0,2024-12-31
2884,2024-10-12,1,2024-12-31
2885,,0,2024-12-31
2886,,0,2024-12-31
2887,,0,2024-12-31
2888,,0,2024-12-31
2889,,0,2024-12-31
2890,,0,2024-12-31
2891,2024-11-16,1,2024-12-31
2892,2024-10-31,1,2024-12-31
2893,2024-12-06,1,2024-12-31
2894,,0,2024-12-31
2895,2024-10-14,1,2024-12-31
2896,,0,2024-12-31
2897,,0,2024-12-31
2898,,0,2024-12-31
2899,,0,2024-12-31
2900,2024-12-13,1,2024-12-31
2901,,0,2024-12-31
2902,,0,2024-12-31
2903,2024-12-28,1,2024-12-31
2904,,0,2024-12-31
2905,2024-12-13,1,2024-12-31
2906,,0,2024-12-31
2907,,0,2024-12-31
2908,2024-10-19,1,2024-12-31
2909,,0,2024-12-31
2910,,0,2024-12-31
2911,,0,2024-12-31
2912,,0,2024-12-31
2913,,0,2024-12-31
2914,2024-12-23,1,2024-12-31
2915,,0,2024-12-31
2916,,0,2024-12-31
2917,,0,2024-12-31
2918,,0,2024-12-31
2919,,0,2024-12-31
2920,,0,2024-12-31
2921,2024-12-28,1,2024-12-31
2922,,0,2024-12-31
2923,,0,2024-12-31
2924,,0,2024-12-31
2925,,0,2024-12-31
2926,,0,2024-12-31
2927,,0,2024-12-31
2928,2024-11-19,1,2024-12-31
2929,,0,2024-12-31
2930,,0,2024-12-31
2931,,0,2024-12-31
2932,,0,2024-12-31
2933,,0,2024-12-31
2934,2024-10-27,1,2024-12-31
2935,2024-10-16,1,2024-12-31
2936,,0,2024-12-31
2937,,0,2024-12-31
2938,,0,2024-12-31
2939,,0,2024-12-31
2940,,0,2024-12-31
2941,,0,2024-12-31
2942,,0,2024-12-31
2943,2024-11-26,1,2024-12-31
2944,,0,2024-12-31
2945,,0,2024-12-31
2946,,0,2024-12-31
2947,,0,2024-12-31
2948,2024-12-28,1,2024-12-31
2949,2024-12-06,1,2024-12-31
2950,2024-12-19,1,2024-12-31
2951,,0,2024-12-31
2952,,0,2024-12-31
2953,,0,2024-12-31
2954,,0,2024-12-31
2955,2024-10-19,1,2024-12-31
2956,,0,2024-12-31
2957,,0,2024-12-31
2958,,0,2024-12-31
2959,,0,2024-12-31
2960,,0,2024-12-31
2961,,0,2024-12-31
2962,,0,2024-12-31
2963,,0,2024-12-31
2964,2024-11-29,1,2024-12-31
2965,,0,2024-12-31
2966,,0,2024-12-31
2967,,0,2024-12-31
2968,,0,2024-12-31
2969,,0,2024-12-31
2970,,0,2024-12-31
2971,,0,2024-12-31
2972,,0,2024-12-31
2973,,0,2024-12-31
2974,,0,2024-12-31
2975,,0,2024-12-31
2976,,0,2024-12-31
2977,,0,2024-12-31
2978,,0,2024-12-31
2979,,0,2024-12-31
2980,2024-10-16,1,2024-12-31
2981,2024-12-27,1,2024-12-31
2982,,0,2024-12-31
2983,,0,2024-12-31
2984,,0,2024-12-31
2985,,0,2024-12-31
2986,2024-11-28,1,2024-12-31
2987,,0,2024-12-31
2988,,0,2024-12-31
2989,,0,2024-12-31
2990,,0,2024-12-31
2991,,0,2024-12-31
2992,,0,2024-12-31
2993,,0,2024-12-31
2994,,0,2024-12-31
2995,2024-10-22,1,2024-12-31
2996,,0,2024-12-31
2997,,0,2024-12-31
2998,,0,2024-12-31
2999,,0,2024-12-31
3000,,0,2024-12-31
3001,,0,2024-12-31
3002,,0,2024-12-31
3003,,0,2024-12-31
3004,2024-10-27,1,2024-12-31
3005,,0,2024-12-31
3006,,0,2024-12-31
3007,,0,2024-12-31
3008,,0,2024-12-31
3009,2024-11-04,1,2024-12-31
3010,,0,2024-12-31
3011,,0,2024-12-31
3012,,0,2024-12-31
3013,,0,2024-12-31
3014,,0,2024-12-31
3015,,0,2024-12-31
3016,,0,2024-12-31
3017,,0,2024-12-31
3018,,0,2024-12-31
3019,,0,2024-12-31
3020,,0,2024-12-31
3021,,0,2024-12-31
3022,,0,2024-12-31
3023,,0,2024-12-31
3024,,0,2024-12-31
3025,,0,2024-12-31
3026,,0,2024-12-31
3027,2024-10-17,1,2024-12-31
3028,2024-12-30,1,2024-12-31
3029,,0,2024-12-31
3030,,0,2024-12-31
3031,,0,2024-12-31
3032,,0,2024-12-31
3033,2024-10-15,1,2024-12-31
3034,,0,2024-12-31
3035,2024-10-02,1,2024-12-31
3036,2024-12-22,1,2024-12-31
3037,,0,2024-12-31
3038,2024-10-15,1,2024-12-31
3039,,0,2024-12-31
3040,2024-10-31,1,2024-12-31
3041,2024-10-12,1,2024-12-31
3042,,0,2024-12-31
3043,,0,2024-12-31
3044,2024-10-04,1,2024-12-31
3045,,0,2024-12-31
3046,,0,2024-12-31
3047,2024-10-07,1,2024-12-31
3048,,0,2024-12-31
3049,2024-10-03,1,2024-12-31
3050,,0,2024-12-31
3051,,0,2024-12-31
3052,,0,2024-12-31
3053,,0,2024-12-31
3054,2024-11-04,1,2024-12-31
3055,,0,2024-12-31
3056,2024-11-13,1,2024-12-31
3057,2024-12-10,1,2024-12-31
3058,,0,2024-12-31
3059,,0,2024-12-31
3060,,0,2024-12-31
3061,,0,2024-12-31
3062,,0,2024-12-31
3063,,0,2024-12-31
3064,,0,2024-12-31
3065,,0,2024-12-31
3066,,0,2024-12-31
3067,,0,2024-12-31
3068,,0,2024-12-31
3069,,0,2024-12-31
3070,,0,2024-12-31
3071,2024-11-29,1,2024-12-31
3072,2024-10-08,1,2024-12-31
3073,,0,2024-12-31
3074,,0,2024-12-31
3075,,0,2024-12-31
3076,2024-10-25,1,2024-12-31
3077,2024-10-12,1,2024-12-31
3078,,0,2024-12-31
3079,,0,2024-12-31
3080,2024-10-19,1,2024-12-31
3081,,0,2024-12-31
3082,2024-10-15,1,2024-12-31
3083,2024-12-12,1,2024-12-31
3084,,0,2024-12-31
3085,2024-12-04,1,2024-12-31
3086,2024-10-29,1,2024-12-31
3087,,0,2024-12-31
3088,,0,2024-12-31
3089,,0,2024-12-31
3090,,0,2024-12-31
3091,2024-10-14,1,2024-12-31
3092,,0,2024-12-31
3093,2024-10-20,1,2024-12-31
3094,,0,2024-12-31
3095,,0,2024-12-31
3096,,0,2024-12-31
3097,2024-10-06,1,2024-12-31
3098,,0,2024-12-31
3099,,0,2024-12-31
3100,,0,2024-12-31
3101,2024-10-20,1,2024-12-31
3102,,0,2024-12-31
3103,2024-10-10,1,2024-12-31
3104,,0,2024-12-31
3105,2024-10-02,1,2024-12-31
3106,,0,2024-12-31
3107,,0,2024-12-31
3108,,0,2024-12-31
3109,2024-10-25,1,2024-12-31
3110,,0,2024-12-31
3111,2024-11-05,1,2024-12-31
3112,,0,2024-12-31
3113,2024-11-14,1,2024-12-31
3114,,0,2024-12-31
3115,,0,2024-12-31
3116,2024-11-25,1,2024-12-31
3117,,0,2024-12-31
3118,,0,2024-12-31
3119,,0,2024-12-31
3120,,0,2024-12-31
3121,,0,2024-12-31
3122,,0,2024-12-31
3123,2024-12-05,1,2024-12-31
3124,,0,2024-12-31
3125,,0,2024-12-31
3126,,0,2024-12-31
3127,,0,2024-12-31
3128,,0,2024-12-31
3129,,0,2024-12-31
3130,,0,2024-12-31
3131,,0,2024-12-31
3132,,0,2024-12-31
3133,2024-12-29,1,2024-12-31
3134,,0,2024-12-31
3135,,0,2024-12-31
3136,,0,2024-12-31
3137,,0,2024-12-31
3138,,0,2024-12-31
3139,,0,2024-12-31
3140,,0,2024-12-31
3141,,0,2024-12-31
3142,,0,2024-12-31
3143,,0,2024-12-31
3144,,0,2024-12-31
3145,,0,2024-12-31
3146,2024-11-08,1,2024-12-31
3147,,0,2024-12-31
3148,,0,2024-12-31
3149,2024-12-30,1,2024-12-31
3150,2024-11-06,1,2024-12-31
3151,,0,2024-12-31
3152,,0,2024-12-31
3153,,0,2024-12-31
3154,,0,2024-12-31
3155,,0,2024-12-31
3156,2024-10-11,1,2024-12-31
3157,2024-10-20,1,2024-12-31
3158,2024-11-24,1,2024-12-31
3159,,0,2024-12-31
3160,,0,2024-12-31
3161,2024-11-27,1,2024-12-31
3162,2024-11-08,1,2024-12-31
3163,,0,2024-12-31
3164,,0,2024-12-31
3165,2024-12-15,1,2024-12-31
3166,,0,2024-12-31
3167,2024-11-10,1,2024-12-31
3168,,0,2024-12-31
3169,2024-12-06,1,2024-12-31
3170,,0,2024-12-31
3171,,0,2024-12-31
3172,2024-11-01,1,2024-12-31
3173,2024-12-13,1,2024-12-31
3174,,0,2024-12-31
3175,2024-10-25,1,2024-12-31
3176,,0,2024-12-31
3177,,0,2024-12-31
3178,,0,2024-12-31
3179,,0,2024-12-31
3180,,0,2024-12-31
3181,,0,2024-12-31
3182,,0,2024-12-31
3183,,0,2024-12-31
3184,,0,2024-12-31
3185,2024-10-06,1,2024-12-31
3186,2024-11-18,1,2024-12-31
3187,,0,2024-12-31
3188,,0,2024-12-31
3189,2024-10-25,1,2024-12-31
3190,,0,2024-12-31
3191,,0,2024-12-31
3192,2024-12-10,1,2024-12-31
3193,,0,2024-12-31
3194,2024-12-26,1,2024-12-31
3195,2024-11-12,1,2024-12-31
3196,,0,2024-12-31
3197,,0,2024-12-31
3198,,0,2024-12-31
3199,2024-11-09,1,2024-12-31
3200,2024-10-25,1,2024-12-31
3201,,0,2024-12-31
3202,,0,2024-12-31
3203,,0,2024-12-31
3204,,0,2024-12-31
3205,,0,2024-12-31
3206,,0,2024-12-31
3207,,0,2024-12-31
3208,,0,2024-12-31
3209,,0,2024-12-31
3210,,0,2024-12-31
3211,,0,2024-12-31
3212,,0,2024-12-31
3213,,0,2024-12-31
3214,,0,2024-12-31
3215,2024-10-23,1,2024-12-31
3216,,0,2024-12-31
3217,2024-10-02,1,2024-12-31
3218,,0,2024-12-31
3219,,0,2024-12-31
3220,,0,2024-12-31
3221,2024-10-10,1,2024-12-31
3222,,0,2024-12-31
3223,,0,2024-12-31
3224,2024-10-03,1,2024-12-31
3225,,0,2024-12-31
3226,,0,2024-12-31
3227,,0,2024-12-31
3228,2024-11-25,1,2024-12-31
3229,2024-11-06,1,2024-12-31
3230,,0,2024-12-31
3231,,0,2024-12-31
3232,,0,2024-12-31
3233,,0,2024-12-31
3234,,0,2024-12-31
3235,,0,2024-12-31
3236,,0,2024-12-31
3237,,0,2024-12-31
3238,,0,2024-12-31
3239,2024-12-18,1,2024-12-31
3240,,0,2024-12-31
3241,,0,2024-12-31
3242,,0,2024-12-31
3243,2024-11-26,1,2024-12-31
3244,,0,2024-12-31
3245,2024-12-23,1,2024-12-31
3246,,0,2024-12-31
3247,,0,2024-12-31
3248,,0,2024-12-31
3249,2024-11-07,1,2024-12-31
3250,,0,2024-12-31
3251,,0,2024-12-31
3252,,0,2024-12-31
3253,2024-12-08,1,2024-12-31
3254,,0,2024-12-31
3255,,0,2024-12-31
3256,,0,2024-12-31
3257,,0,2024-12-31
3258,,0,2024-12-31
3259,,0,2024-12-31
3260,2024-12-30,1,2024-12-31
3261,,0,2024-12-31
3262,,0,2024-12-31
3263,,0,2024-12-31
3264,,0,2024-12-31
3265,,0,2024-12-31
3266,,0,2024-12-31
3267,,0,2024-12-31
3268,,0,2024-12-31
3269,,0,2024-12-31
3270,,0,2024-12-31
3271,,0,2024-12-31
3272,,0,2024-12-31
3273,2024-12-09,1,2024-12-31
3274,,0,2024-12-31
3275,,0,2024-12-31
3276,,0,2024-12-31
3277,,0,2024-12-31
3278,2024-10-31,1,2024-12-31
3279,2024-11-04,1,2024-12-31
3280,,0,2024-12-31
3281,2024-10-18,1,2024-12-31
3282,,0,2024-12-31
3283,,0,2024-12-31
3284,,0,2024-12-31
3285,,0,2024-12-31
3286,,0,2024-12-31
3287,2024-12-04,1,2024-12-31
3288,,0,2024-12-31
3289,,0,2024-12-31
3290,2024-11-05,1,2024-12-31
3291,2024-11-06,1,2024-12-31
3292,,0,2024-12-31
3293,,0,2024-12-31
3294,,0,2024-12-31
3295,,0,2024-12-31
3296,,0,2024-12-31
3297,2024-11-13,1,2024-12-31
3298,2024-10-06,1,2024-12-31
3299,,0,2024-12-31
3300,,0,2024-12-31
3301,,0,2024-12-31
3302,,0,2024-12-31
3303,,0,2024-12-31
3304,,0,2024-12-31
3305,,0,2024-12-31
3306,,0,2024-12-31
3307,2024-11-05,1,2024-12-31
3308,,0,2024-12-31
3309,,0,2024-12-31
3310,,0,2024-12-31
3311,,0,2024-12-31
3312,,0,2024-12-31
3313,,0,2024-12-31
3314,2024-11-24,1,2024-12-31
3315,,0,2024-12-31
3316,,0,2024-12-31
3317,2024-11-05,1,2024-12-31
3318,,0,2024-12-31
3319,,0,2024-12-31
3320,,0,2024-12-31
3321,,0,2024-12-31
3322,2024-10-18,1,2024-12-31
3323,,0,2024-12-31
3324,,0,2024-12-31
3325,,0,2024-12-31
3326,2024-12-23,1,2024-12-31
3327,,0,2024-12-31
3328,,0,2024-12-31
3329,2024-12-04,1,2024-12-31
3330,2024-12-21,1,2024-12-31
3331,,0,2024-12-31
3332,2024-10-09,1,2024-12-31
3333,,0,2024-12-31
3334,2024-11-17,1,2024-12-31
3335,,0,2024-12-31
3336,,0,2024-12-31
3337,,0,2024-12-31
3338,,0,2024-12-31
3339,,0,2024-12-31
3340,,0,2024-12-31
3341,,0,2024-12-31
3342,,0,2024-12-31
3343,,0,2024-12-31
3344,,0,2024-12-31
3345,,0,2024-12-31
3346,,0,2024-12-31
3347,,0,2024-12-31
3348,,0,2024-12-31
3349,2024-11-15,1,2024-12-31
3350,,0,2024-12-31
3351,2024-10-17,1,2024-12-31
3352,,0,2024-12-31
3353,,0,2024-12-31
3354,,0,2024-12-31
3355,2024-11-19,1,2024-12-31
3356,,0,2024-12-31
3357,,0,2024-12-31
3358,,0,2024-12-31
3359,,0,2024-12-31
3360,,0,2024-12-31
3361,2024-10-30,1,2024-12-31
3362,,0,2024-12-31
3363,,0,2024-12-31
3364,,0,2024-12-31
3365,2024-10-08,1,2024-12-31
3366,2024-12-16,1,2024-12-31
3367,,0,2024-12-31
3368,,0,2024-12-31
3369,2024-11-01,1,2024-12-31
3370,2024-11-02,1,2024-12-31
3371,,0,2024-12-31
3372,,0,2024-12-31
3373,,0,2024-12-31
3374,2024-12-27,1,2024-12-31
3375,,0,2024-12-31
3376,,0,2024-12-31
3377,,0,2024-12-31
3378,,0,2024-12-31
3379,,0,2024-12-31
3380,2024-12-19,1,2024-12-31
3381,,0,2024-12-31
3382,,0,2024-12-31
3383,,0,2024-12-31
3384,,0,2024-12-31
3385,,0,2024-12-31
3386,,0,2024-12-31
3387,,0,2024-12-31
3388,,0,2024-12-31
3389,2024-11-18,1,2024-12-31
3390,,0,2024-12-31
3391,,0,2024-12-31
3392,2024-12-29,1,2024-12-31
3393,2024-12-23,1,2024-12-31
3394,,0,2024-12-31
3395,,0,2024-12-31
3396,,0,2024-12-31
3397,,0,2024-12-31
3398,,0,2024-12-31
3399,2024-11-14,1,2024-12-31
3400,2024-12-08,1,2024-12-31
3401,2024-10-30,1,2024-12-31
3402,,0,2024-12-31
3403,,0,2024-12-31
3404,,0,2024-12-31
3405,,0,2024-12-31
3406,,0,2024-12-31
3407,2024-12-26,1,2024-12-31
3408,,0,2024-12-31
3409,2024-11-14,1,2024-12-31
3410,,0,2024-12-31
3411,,0,2024-12-31
3412,2024-10-29,1,2024-12-31
3413,,0,2024-12-31
3414,,0,2024-12-31
3415,,0,2024-12-31
3416,,0,2024-12-31
3417,,0,2024-12-31
3418,,0,2024-12-31
3419,,0,2024-12-31
3420,,0,2024-12-31
3421,,0,2024-12-31
3422,,0,2024-12-31
3423,2024-12-28,1,2024-12-31
3424,,0,2024-12-31
3425,,0,2024-12-31
3426,,0,2024-12-31
3427,,0,2024-12-31
3428,,0,2024-12-31
3429,2024-11-16,1,2024-12-31
3430,2024-10-15,1,2024-12-31
3431,,0,2024-12-31
3432,,0,2024-12-31
3433,2024-11-24,1,2024-12-31
3434,,0,2024-12-31
3435,,0,2024-12-31
3436,2024-10-11,1,2024-12-31
3437,,0,2024-12-31
3438,,0,2024-12-31
3439,,0,2024-12-31
3440,,0,2024-12-31
3441,,0,2024-12-31
3442,,0,2024-12-31
3443,,0,2024-12-31
3444,2024-12-09,1,2024-12-31
3445,,0,2024-12-31
3446,2024-12-27,1,2024-12-31
3447,,0,2024-12-31
3448,,0,2024-12-31
3449,,0,2024-12-31
3450,,0,2024-12-31
3451,,0,2024-12-31
3452,2024-11-15,1,2024-12-31
3453,,0,2024-12-31
3454,,0,2024-12-31
3455,,0,2024-12-31
3456,2024-10-17,1,2024-12-31
3457,,0,2024-12-31
3458,,0,2024-12-31
3459,,0,2024-12-31
3460,,0,2024-12-31
3461,2024-11-27,1,2024-12-31
3462,,0,2024-12-31
3463,,0,2024-12-31
3464,,0,2024-12-31
3465,,0,2024-12-31
3466,2024-11-27,1,2024-12-31
3467,,0,2024-12-31
3468,,0,2024-12-31
3469,,0,2024-12-31
3470,2024-11-05,1,2024-12-31
3471,,0,2024-12-31
3472,2024-11-20,1,2024-12-31
3473,,0,2024-12-31
3474,,0,2024-12-31
3475,,0,2024-12-31
3476,,0,2024-12-31
3477,,0,2024-12-31
3478,2024-12-14,1,2024-12-31
3479,,0,2024-12-31
3480,,0,2024-12-31
3481,,0,2024-12-31
3482,,0,2024-12-31
3483,,0,2024-12-31
3484,,0,2024-12-31
3485,,0,2024-12-31
3486,,0,2024-12-31
3487,,0,2024-12-31
3488,,0,2024-12-31
3489,,0,2024-12-31
3490,2024-11-01,1,2024-12-31
3491,,0,2024-12-31
3492,,0,2024-12-31
3493,2024-12-27,1,2024-12-31
3494,,0,2024-12-31
3495,,0,2024-12-31
3496,,0,2024-12-31
3497,2024-12-13,1,2024-12-31
3498,,0,2024-12-31
3499,,0,2024-12-31
3500,2024-10-17,1,2024-12-31
3501,,0,2024-12-31
3502,,0,2024-12-31
3503,,0,2024-12-31
3504,,0,2024-12-31
3505,2024-11-18,1,2024-12-31
3506,,0,2024-12-31
3507,,0,2024-12-31
3508,2024-10-13,1,2024-12-31
3509,,0,2024-12-31
3510,,0,2024-12-31
3511,,0,2024-12-31
3512,2024-10-14,1,2024-12-31
3513,,0,2024-12-31
3514,,0,2024-12-31
3515,,0,2024-12-31
3516,,0,2024-12-31
3517,2024-12-15,1,2024-12-31
3518,,0,2024-12-31
3519,,0,2024-12-31
3520,,0,2024-12-31
3521,,0,2024-12-31
3522,,0,2024-12-31
3523,,0,2024-12-31
3524,,0,2024-12-31
3525,,0,2024-12-31
3526,2024-12-10,1,2024-12-31
3527,,0,2024-12-31
3528,2024-12-26,1,2024-12-31
3529,2024-10-02,1,2024-12-31
3530,,0,2024-12-31
3531,2024-11-01,1,2024-12-31
3532,,0,2024-12-31
3533,2024-12-25,1,2024-12-31
3534,,0,2024-12-31
3535,,0,2024-12-31
3536,,0,2024-12-31
3537,,0,2024-12-31
3538,2024-12-24,1,2024-12-31
3539,,0,2024-12-31
3540,,0,2024-12-31
3541,,0,2024-12-31
3542,,0,2024-12-31
3543,,0,2024-12-31
3544,2024-10-07,1,2024-12-31
3545,2024-12-18,1,2024-12-31
3546,,0,2024-12-31
3547,,0,2024-12-31
3548,,0,2024-12-31
3549,,0,2024-12-31
3550,,0,2024-12-31
3551,,0,2024-12-31
3552,,0,2024-12-31
3553,,0,2024-12-31
3554,2024-11-15,1,2024-12-31
3555,,0,2024-12-31
3556,2024-11-30,1,2024-12-31
3557,,0,2024-12-31
3558,,0,2024-12-31
3559,,0,2024-12-31
3560,,0,2024-12-31
3561,,0,2024-12-31
3562,,0,2024-12-31
3563,,0,2024-12-31
3564,,0,2024-12-31
3565,,0,2024-12-31
3566,,0,2024-12-31
3567,,0,2024-12-31
3568,,0,2024-12-31
3569,2024-10-28,1,2024-12-31
3570,,0,2024-12-31
3571,,0,2024-12-31
3572,,0,2024-12-31
3573,2024-11-11,1,2024-12-31
3574,,0,2024-12-31
3575,,0,2024-12-31
3576,,0,2024-12-31
3577,,0,2024-12-31
3578,,0,2024-12-31
3579,,0,2024-12-31
3580,,0,2024-12-31
3581,,0,2024-12-31
3582,,0,2024-12-31
3583,2024-11-20,1,2024-12-31
3584,2024-11-20,1,2024-12-31
3585,,0,2024-12-31
3586,,0,2024-12-31
3587,2024-11-15,1,2024-12-31
3588,,0,2024-12-31
3589,,0,2024-12-31
3590,,0,2024-12-31
3591,,0,2024-12-31
3592,2024-10-28,1,2024-12-31
3593,,0,2024-12-31
3594,2024-11-23,1,2024-12-31
3595,,0,2024-12-31
3596,,0,2024-12-31
3597,2024-12-15,1,2024-12-31
3598,,0,2024-12-31
3599,,0,2024-12-31
3600,2024-11-02,1,2024-12-31
3601,,0,2024-12-31
3602,,0,2024-12-31
3603,,0,2024-12-31
3604,,0,2024-12-31
3605,2024-12-18,1,2024-12-31
3606,2024-11-27,1,2024-12-31
3607,,0,2024-12-31
3608,2024-11-12,1,2024-12-31
3609,,0,2024-12-31
3610,,0,2024-12-31
3611,,0,2024-12-31
3612,2024-12-26,1,2024-12-31
3613,,0,2024-12-31
3614,,0,2024-12-31
3615,,0,2024-12-31
3616,,0,2024-12-31
3617,,0,2024-12-31
3618,2024-12-10,1,2024-12-31
3619,,0,2024-12-31
3620,,0,2024-12-31
3621,,0,2024-12-31
3622,,0,2024-12-31
3623,,0,2024-12-31
3624,,0,2024-12-31
3625,,0,2024-12-31
3626,,0,2024-12-31
3627,2024-12-15,1,2024-12-31
3628,,0,2024-12-31
3629,,0,2024-12-31
3630,,0,2024-12-31
3631,,0,2024-12-31
3632,,0,2024-12-31
3633,,0,2024-12-31
3634,,0,2024-12-31
3635,2024-10-08,1,2024-12-31
3636,,0,2024-12-31
3637,2024-12-22,1,2024-12-31
3638,,0,2024-12-31
3639,,0,2024-12-31
3640,,0,2024-12-31
3641,,0,2024-12-31
3642,,0,2024-12-31
3643,2024-10-21,1,2024-12-31
3644,,0,2024-12-31
3645,2024-10-22,1,2024-12-31
3646,,0,2024-12-31
3647,,0,2024-12-31
3648,2024-10-28,1,2024-12-31
3649,2024-10-03,1,2024-12-31
3650,,0,2024-12-31
3651,,0,2024-12-31
3652,,0,2024-12-31
3653,2024-12-13,1,2024-12-31
3654,,0,2024-12-31
3655,,0,2024-12-31
3656,2024-12-01,1,2024-12-31
3657,,0,2024-12-31
3658,,0,2024-12-31
3659,,0,2024-12-31
3660,,0,2024-12-31
3661,,0,2024-12-31
3662,,0,2024-12-31
3663,,0,2024-12-31
3664,,0,2024-12-31
3665,,0,2024-12-31
3666,,0,2024-12-31
3667,,0,2024-12-31
3668,2024-12-06,1,2024-12-31
3669,,0,2024-12-31
3670,,0,2024-12-31
3671,,0,2024-12-31
3672,2024-11-28,1,2024-12-31
3673,,0,2024-12-31
3674,2024-10-07,1,2024-12-31
3675,,0,2024-12-31
3676,,0,2024-12-31
3677,,0,2024-12-31
3678,,0,2024-12-31
3679,,0,2024-12-31
3680,2024-11-26,1,2024-12-31
3681,,0,2024-12-31
3682,,0,2024-12-31
3683,2024-12-20,1,2024-12-31
3684,,0,2024-12-31
3685,,0,2024-12-31
3686,,0,2024-12-31
3687,2024-11-01,1,2024-12-31
3688,,0,2024-12-31
3689,,0,2024-12-31
3690,,0,2024-12-31
3691,,0,2024-12-31
3692,,0,2024-12-31
3693,,0,2024-12-31
3694,,0,2024-12-31
3695,,0,2024-12-31
3696,2024-10-23,1,2024-12-31
3697,,0,2024-12-31
3698,2024-10-11,1,2024-12-31
3699,,0,2024-12-31
3700,,0,2024-12-31
3701,,0,2024-12-31
3702,,0,2024-12-31
3703,,0,2024-12-31
3704,2024-10-16,1,2024-12-31
3705,,0,2024-12-31
3706,,0,2024-12-31
3707,,0,2024-12-31
3708,,0,2024-12-31
3709,2024-10-07,1,2024-12-31
3710,2024-12-12,1,2024-12-31
3711,,0,2024-12-31
3712,,0,2024-12-31
3713,,0,2024-12-31
3714,,0,2024-12-31
3715,2024-10-22,1,2024-12-31
3716,,0,2024-12-31
3717,,0,2024-12-31
3718,,0,2024-12-31
3719,,0,2024-12-31
3720,,0,2024-12-31
3721,,0,2024-12-31
3722,2024-10-12,1,2024-12-31
3723,,0,2024-12-31
3724,,0,2024-12-31
3725,,0,2024-12-31
3726,,0,2024-12-31
3727,2024-10-11,1,2024-12-31
3728,,0,2024-12-31
3729,,0,2024-12-31
3730,,0,2024-12-31
3731,,0,2024-12-31
3732,,0,2024-12-31
3733,,0,2024-12-31
3734,,0,2024-12-31
3735,,0,2024-12-31
3736,,0,2024-12-31
3737,2024-12-11,1,2024-12-31
3738,2024-11-02,1,2024-12-31
3739,,0,2024-12-31
3740,2024-12-21,1,2024-12-31
3741,,0,2024-12-31
3742,2024-12-14,1,2024-12-31
3743,,0,2024-12-31
3744,,0,2024-12-31
3745,,0,2024-12-31
3746,,0,2024-12-31
3747,,0,2024-12-31
3748,,0,2024-12-31
3749,,0,2024-12-31
3750,,0,2024-12-31
3751,2024-12-28,1,2024-12-31
3752,2024-10-08,1,2024-12-31
3753,,0,2024-12-31
3754,,0,2024-12-31
3755,,0,2024-12-31
3756,,0,2024-12-31
3757,,0,2024-12-31
3758,2024-10-26,1,2024-12-31
3759,2024-11-30,1,2024-12-31
3760,2024-10-27,1,2024-12-31
3761,,0,2024-12-31
3762,,0,2024-12-31
3763,,0,2024-12-31
3764,,0,2024-12-31
3765,,0,2024-12-31
3766,2024-10-23,1,2024-12-31
3767,,0,2024-12-31
3768,,0,2024-12-31
3769,2024-10-27,1,2024-12-31
3770,2024-11-12,1,2024-12-31
3771,,0,2024-12-31
3772,2024-10-11,1,2024-12-31
3773,2024-11-01,1,2024-12-31
3774,2024-12-29,1,2024-12-31
3775,2024-10-16,1,2024-12-31
3776,,0,2024-12-31
3777,,0,2024-12-31
3778,,0,2024-12-31
3779,,0,2024-12-31
3780,2024-10-17,1,2024-12-31
3781,,0,2024-12-31
3782,,0,2024-12-31
3783,,0,2024-12-31
3784,,0,2024-12-31
3785,,0,2024-12-31
3786,,0,2024-12-31
3787,2024-12-16,1,2024-12-31
3788,,0,2024-12-31
3789,,0,2024-12-31
3790,2024-12-28,1,2024-12-31
3791,2024-11-06,1,2024-12-31
3792,,0,2024-12-31
3793,,0,2024-12-31
3794,2024-10-30,1,2024-12-31
3795,,0,2024-12-31
3796,2024-11-29,1,2024-12-31
3797,,0,2024-12-31
3798,,0,2024-12-31
3799,,0,2024-12-31
3800,,0,2024-12-31
3801,,0,2024-12-31
3802,,0,2024-12-31
3803,,0,2024-12-31
3804,,0,2024-12-31
3805,,0,2024-12-31
3806,2024-12-21,1,2024-12-31
3807,,0,2024-12-31
3808,,0,2024-12-31
3809,,0,2024-12-31
3810,,0,2024-12-31
3811,2024-10-12,1,2024-12-31
3812,,0,2024-12-31
3813,,0,2024-12-31
3814,,0,2024-12-31
3815,2024-11-14,1,2024-12-31
3816,2024-10-03,1,2024-12-31
3817,,0,2024-12-31
3818,,0,2024-12-31
3819,,0,2024-12-31
3820,2024-11-07,1,2024-12-31
3821,2024-11-18,1,2024-12-31
3822,,0,2024-12-31
3823,,0,2024-12-31
3824,,0,2024-12-31
3825,,0,2024-12-31
3826,2024-10-21,1,2024-12-31
3827,,0,2024-12-31
3828,,0,2024-12-31
3829,,0,2024-12-31
3830,,0,2024-12-31
3831,,0,2024-12-31
3832,2024-10-22,1,2024-12-31
3833,,0,2024-12-31
3834,,0,2024-12-31
3835,,0,2024-12-31
3836,2024-12-12,1,2024-12-31
3837,,0,2024-12-31
3838,,0,2024-12-31
3839,,0,2024-12-31
3840,2024-11-26,1,2024-12-31
3841,,0,2024-12-31
3842,,0,2024-12-31
3843,,0,2024-12-31
3844,,0,2024-12-31
3845,,0,2024-12-31
3846,2024-12-03,1,2024-12-31
3847,,0,2024-12-31
3848,,0,2024-12-31
3849,,0,2024-12-31
3850,2024-12-20,1,2024-12-31
3851,,0,2024-12-31
3852,,0,2024-12-31
3853,,0,2024-12-31
3854,2024-11-28,1,2024-12-31
3855,2024-12-04,1,2024-12-31
3856,,0,2024-12-31
3857,,0,2024-12-31
3858,,0,2024-12-31
3859,,0,2024-12-31
3860,2024-11-01,1,2024-12-31
3861,2024-12-23,1,2024-12-31
3862,,0,2024-12-31
3863,,0,2024-12-31
3864,,0,2024-12-31
3865,,0,2024-12-31
3866,,0,2024-12-31
3867,,0,2024-12-31
3868,2024-11-14,1,2024-12-31
3869,,0,2024-12-31
3870,,0,2024-12-31
3871,,0,2024-12-31
3872,,0,2024-12-31
3873,,0,2024-12-31
3874,,0,2024-12-31
3875,,0,2024-12-31
3876,2024-10-12,1,2024-12-31
3877,,0,2024-12-31
3878,,0,2024-12-31
3879,2024-11-05,1,2024-12-31
3880,,0,2024-12-31
3881,,0,2024-12-31
3882,,0,2024-12-31
3883,2024-10-22,1,2024-12-31
3884,,0,2024-12-31
3885,,0,2024-12-31
3886,2024-10-02,1,2024-12-31
3887,2024-11-26,1,2024-12-31
3888,,0,2024-12-31
3889,,0,2024-12-31
3890,2024-11-03,1,2024-12-31
3891,,0,2024-12-31
3892,,0,2024-12-31
3893,,0,2024-12-31
3894,,0,2024-12-31
3895,,0,2024-12-31
3896,,0,2024-12-31
3897,,0,2024-12-31
3898,,0,2024-12-31
3899,,0,2024-12-31
3900,,0,2024-12-31
3901,2024-10-26,1,2024-12-31
3902,,0,2024-12-31
3903,2024-12-28,1,2024-12-31
3904,,0,2024-12-31
3905,,0,2024-12-31
3906,,0,2024-12-31
3907,,0,2024-12-31
3908,2024-12-28,1,2024-12-31
3909,,0,2024-12-31
3910,,0,2024-12-31
3911,,0,2024-12-31
3912,2024-10-26,1,2024-12-31
3913,,0,2024-12-31
3914,,0,2024-12-31
3915,,0,2024-12-31
3916,,0,2024-12-31
3917,,0,2024-12-31
3918,,0,2024-12-31
3919,,0,2024-12-31
3920,,0,2024-12-31
3921,2024-12-27,1,2024-12-31
3922,2024-10-29,1,2024-12-31
3923,,0,2024-12-31
3924,2024-11-06,1,2024-12-31
3925,2024-12-06,1,2024-12-31
3926,,0,2024-12-31
3927,,0,2024-12-31
3928,2024-11-28,1,2024-12-31
3929,,0,2024-12-31
3930,2024-11-22,1,2024-12-31
3931,,0,2024-12-31
3932,,0,2024-12-31
3933,2024-11-01,1,2024-12-31
3934,,0,2024-12-31
3935,2024-12-15,1,2024-12-31
3936,,0,2024-12-31
3937,,0,2024-12-31
3938,2024-10-23,1,2024-12-31
3939,2024-11-02,1,2024-12-31
3940,2024-12-25,1,2024-12-31
3941,,0,2024-12-31
3942,,0,2024-12-31
3943,,0,2024-12-31
3944,2024-11-07,1,2024-12-31
3945,,0,2024-12-31
3946,,0,2024-12-31
3947,,0,2024-12-31
3948,,0,2024-12-31
3949,,0,2024-12-31
3950,,0,2024-12-31
3951,2024-12-29,1,2024-12-31
3952,2024-12-30,1,2024-12-31
3953,,0,2024-12-31
3954,,0,2024-12-31
3955,,0,2024-12-31
3956,,0,2024-12-31
3957,,0,2024-12-31
3958,,0,2024-12-31
3959,,0,2024-12-31
3960,,0,2024-12-31
3961,,0,2024-12-31
3962,,0,2024-12-31
3963,,0,2024-12-31
3964,,0,2024-12-31
3965,,0,2024-12-31
3966,2024-12-27,1,2024-12-31
3967,,0,2024-12-31
3968,,0,2024-12-31
3969,,0,2024-12-31
3970,,0,2024-12-31
3971,2024-10-21,1,2024-12-31
3972,,0,2024-12-31
3973,,0,2024-12-31
3974,,0,2024-12-31
3975,,0,2024-12-31
3976,,0,2024-12-31
3977,,0,2024-12-31
3978,2024-10-06,1,2024-12-31
3979,,0,2024-12-31
3980,2024-11-01,1,2024-12-31
3981,2024-12-15,1,2024-12-31
3982,2024-10-10,1,2024-12-31
3983,2024-10-31,1,2024-12-31
3984,,0,2024-12-31
3985,2024-12-16,1,2024-12-31
3986,2024-11-30,1,2024-12-31
3987,2024-10-19,1,2024-12-31
3988,,0,2024-12-31
3989,,0,2024-12-31
3990,2024-12-04,1,2024-12-31
3991,,0,2024-12-31
3992,2024-11-02,1,2024-12-31
3993,,0,2024-12-31
3994,,0,2024-12-31
3995,,0,2024-12-31
3996,,0,2024-12-31
3997,,0,2024-12-31
3998,,0,2024-12-31
3999,,0,2024-12-31
4000,2024-10-28,1,2024-12-31
4001,,0,2024-12-31
4002,,0,2024-12-31
4003,,0,2024-12-31
4004,2024-12-26,1,2024-12-31
4005,,0,2024-12-31
4006,,0,2024-12-31
4007,,0,2024-12-31
4008,2024-11-17,1,2024-12-31
4009,,0,2024-12-31
4010,,0,2024-12-31
4011,,0,2024-12-31
4012,,0,2024-12-31
4013,,0,2024-12-31
4014,,0,2024-12-31
4015,,0,2024-12-31
4016,,0,2024-12-31
4017,2024-10-07,1,2024-12-31
4018,,0,2024-12-31
4019,,0,2024-12-31
4020,2024-11-27,1,2024-12-31
4021,2024-12-27,1,2024-12-31
4022,,0,2024-12-31
4023,,0,2024-12-31
4024,2024-11-21,1,2024-12-31
4025,,0,2024-12-31
4026,2024-11-29,1,2024-12-31
4027,,0,2024-12-31
4028,,0,2024-12-31
4029,,0,2024-12-31
4030,,0,2024-12-31
4031,,0,2024-12-31
4032,,0,2024-12-31
4033,,0,2024-12-31
4034,,0,2024-12-31
4035,,0,2024-12-31
4036,,0,2024-12-31
4037,,0,2024-12-31
4038,,0,2024-12-31
4039,,0,2024-12-31
4040,,0,2024-12-31
4041,2024-12-21,1,2024-12-31
4042,,0,2024-12-31
4043,,0,2024-12-31
4044,2024-12-02,1,2024-12-31
4045,,0,2024-12-31
4046,,0,2024-12-31
4047,2024-10-27,1,2024-12-31
4048,,0,2024-12-31
4049,,0,2024-12-31
4050,2024-10-17,1,2024-12-31
4051,,0,2024-12-31
4052,,0,2024-12-31
4053,,0,2024-12-31
4054,,0,2024-12-31
4055,,0,2024-12-31
4056,,0,2024-12-31
4057,,0,2024-12-31
4058,,0,2024-12-31
4059,,0,2024-12-31
4060,,0,2024-12-31
4061,,0,2024-12-31
4062,,0,2024-12-31
4063,2024-11-26,1,2024-12-31
4064,2024-10-26,1,2024-12-31
4065,,0,2024-12-31
4066,2024-12-01,1,2024-12-31
4067,,0,2024-12-31
4068,2024-10-07,1,2024-12-31
4069,,0,2024-12-31
4070,2024-10-07,1,2024-12-31
4071,,0,2024-12-31
4072,,0,2024-12-31
4073,2024-10-17,1,2024-12-31
4074,2024-12-13,1,2024-12-31
4075,2024-12-05,1,2024-12-31
4076,,0,2024-12-31
4077,2024-11-05,1,2024-12-31
4078,,0,2024-12-31
4079,,0,2024-12-31
4080,2024-11-09,1,2024-12-31
4081,,0,2024-12-31
4082,2024-12-27,1,2024-12-31
4083,2024-11-13,1,2024-12-31
4084,2024-12-23,1,2024-12-31
4085,2024-10-23,1,2024-12-31
4086,2024-10-12,1,2024-12-31
4087,,0,2024-12-31
4088,,0,2024-12-31
4089,,0,2024-12-31
4090,2024-10-04,1,2024-12-31
4091,,0,2024-12-31
4092,,0,2024-12-31
4093,,0,2024-12-31
4094,,0,2024-12-31
4095,,0,2024-12-31
4096,,0,2024-12-31
4097,2024-11-10,1,2024-12-31
4098,,0,2024-12-31
4099,,0,2024-12-31
4100,,0,2024-12-31
4101,2024-10-30,1,2024-12-31
4102,,0,2024-12-31
4103,,0,2024-12-31
4104,,0,2024-12-31
4105,2024-12-05,1,2024-12-31
4106,,0,2024-12-31
4107,,0,2024-12-31
4108,,0,2024-12-31
4109,2024-11-07,1,2024-12-31
4110,,0,2024-12-31
4111,2024-11-16,1,2024-12-31
4112,,0,2024-12-31
4113,2024-12-23,1,2024-12-31
4114,,0,2024-12-31
4115,,0,2024-12-31
4116,,0,2024-12-31
4117,,0,2024-12-31
4118,,0,2024-12-31
4119,2024-12-10,1,2024-12-31
4120,,0,2024-12-31
4121,,0,2024-12-31
4122,,0,2024-12-31
4123,,0,2024-12-31
4124,,0,2024-12-31
4125,2024-11-20,1,2024-12-31
4126,,0,2024-12-31
4127,,0,2024-12-31
4128,,0,2024-12-31
4129,,0,2024-12-31
4130,,0,2024-12-31
4131,,0,2024-12-31
4132,,0,2024-12-31
4133,2024-12-01,1,2024-12-31
4134,2024-12-02,1,2024-12-31
4135,2024-12-12,1,2024-12-31
4136,,0,2024-12-31
4137,,0,2024-12-31
4138,2024-10-07,1,2024-12-31
4139,,0,2024-12-31
4140,,0,2024-12-31
4141,,0,2024-12-31
4142,2024-10-29,1,2024-12-31
4143,2024-10-10,1,2024-12-31
4144,,0,2024-12-31
4145,,0,2024-12-31
4146,,0,2024-12-31
4147,,0,2024-12-31
4148,2024-11-20,1,2024-12-31
4149,,0,2024-12-31
4150,2024-10-28,1,2024-12-31
4151,,0,2024-12-31
4152,,0,2024-12-31
4153,,0,2024-12-31
4154,2024-12-01,1,2024-12-31
4155,,0,2024-12-31
4156,,0,2024-12-31
4157,2024-12-03,1,2024-12-31
4158,,0,2024-12-31
4159,2024-12-02,1,2024-12-31
4160,,0,2024-12-31
4161,2024-10-07,1,2024-12-31
4162,2024-12-05,1,2024-12-31
4163,,0,2024-12-31
4164,,0,2024-12-31
4165,2024-11-10,1,2024-12-31
4166,,0,2024-12-31
4167,2024-11-03,1,2024-12-31
4168,2024-10-31,1,2024-12-31
4169,2024-10-25,1,2024-12-31
4170,2024-12-11,1,2024-12-31
4171,,0,2024-12-31
4172,,0,2024-12-31
4173,,0,2024-12-31
4174,,0,2024-12-31
4175,,0,2024-12-31
4176,,0,2024-12-31
4177,,0,2024-12-31
4178,2024-11-19,1,2024-12-31
4179,,0,2024-12-31
4180,,0,2024-12-31
4181,2024-10-03,1,2024-12-31
4182,2024-12-09,1,2024-12-31
4183,,0,2024-12-31
4184,,0,2024-12-31
4185,,0,2024-12-31
4186,,0,2024-12-31
4187,,0,2024-12-31
4188,,0,2024-12-31
4189,,0,2024-12-31
4190,,0,2024-12-31
4191,,0,2024-12-31
4192,,0,2024-12-31
4193,,0,2024-12-31
4194,,0,2024-12-31
4195,,0,2024-12-31
4196,,0,2024-12-31
4197,2024-11-17,1,2024-12-31
4198,2024-10-13,1,2024-12-31
4199,2024-10-21,1,2024-12-31
4200,,0,2024-12-31
4201,,0,2024-12-31
4202,,0,2024-12-31
4203,,0,2024-12-31
4204,,0,2024-12-31
4205,2024-12-10,1,2024-12-31
4206,,0,2024-12-31
4207,,0,2024-12-31
4208,2024-10-06,1,2024-12-31
4209,,0,2024-12-31
4210,,0,2024-12-31
4211,,0,2024-12-31
4212,2024-10-31,1,2024-12-31
4213,,0,2024-12-31
4214,,0,2024-12-31
4215,2024-11-11,1,2024-12-31
4216,,0,2024-12-31
4217,2024-11-05,1,2024-12-31
4218,,0,2024-12-31
4219,2024-11-09,1,2024-12-31
4220,,0,2024-12-31
4221,,0,2024-12-31
4222,,0,2024-12-31
4223,,0,2024-12-31
4224,,0,2024-12-31
4225,,0,2024-12-31
4226,2024-12-13,1,2024-12-31
4227,,0,2024-12-31
4228,,0,2024-12-31
4229,,0,2024-12-31
4230,,0,2024-12-31
4231,,0,2024-12-31
4232,,0,2024-12-31
4233,,0,2024-12-31
4234,,0,2024-12-31
4235,,0,2024-12-31
4236,,0,2024-12-31
4237,,0,2024-12-31
4238,,0,2024-12-31
4239,2024-10-20,1,2024-12-31
4240,,0,2024-12-31
4241,,0,2024-12-31
4242,,0,2024-12-31
4243,2024-10-17,1,2024-12-31
4244,,0,2024-12-31
4245,2024-10-25,1,2024-12-31
4246,,0,2024-12-31
4247,2024-10-07,1,2024-12-31
4248,2024-11-12,1,2024-12-31
4249,,0,2024-12-31
4250,,0,2024-12-31
4251,,0,2024-12-31
4252,2024-11-11,1,2024-12-31
4253,,0,2024-12-31
4254,2024-10-31,1,2024-12-31
4255,2024-11-23,1,2024-12-31
4256,,0,2024-12-31
4257,,0,2024-12-31
4258,,0,2024-12-31
4259,2024-12-01,1,2024-12-31
4260,2024-10-02,1,2024-12-31
4261,,0,2024-12-31
4262,,0,2024-12-31
4263,,0,2024-12-31
4264,,0,2024-12-31
4265,,0,2024-12-31
4266,,0,2024-12-31
4267,,0,2024-12-31
4268,,0,2024-12-31
4269,,0,2024-12-31
4270,2024-10-17,1,2024-12-31
4271,2024-10-21,1,2024-12-31
4272,,0,2024-12-31
4273,,0,2024-12-31
4274,,0,2024-12-31
4275,,0,2024-12-31
4276,,0,2024-12-31
4277,,0,2024-12-31
4278,,0,2024-12-31
4279,,0,2024-12-31
4280,2024-12-09,1,2024-12-31
4281,,0,2024-12-31
4282,,0,2024-12-31
4283,,0,2024-12-31
4284,,0,2024-12-31
4285,2024-12-01,1,2024-12-31
4286,,0,2024-12-31
4287,2024-12-06,1,2024-12-31
4288,,0,2024-12-31
4289,2024-12-17,1,2024-12-31
4290,2024-11-20,1,2024-12-31
4291,2024-10-22,1,2024-12-31
4292,,0,2024-12-31
4293,,0,2024-12-31
4294,,0,2024-12-31
4295,,0,2024-12-31
4296,,0,2024-12-31
4297,,0,2024-12-31
4298,2024-12-17,1,2024-12-31
4299,,0,2024-12-31
4300,,0,2024-12-31
4301,,0,2024-12-31
4302,2024-11-13,1,2024-12-31
4303,,0,2024-12-31
4304,,0,2024-12-31
4305,,0,2024-12-31
4306,,0,2024-12-31
4307,2024-11-20,1,2024-12-31
4308,,0,2024-12-31
4309,2024-10-28,1,2024-12-31
4310,,0,2024-12-31
4311,,0,2024-12-31
4312,2024-11-27,1,2024-12-31
4313,,0,2024-12-31
4314,,0,2024-12-31
4315,2024-11-26,1,2024-12-31
4316,,0,2024-12-31
4317,,0,2024-12-31
4318,2024-12-25,1,2024-12-31
4319,2024-11-30,1,2024-12-31
4320,2024-12-16,1,2024-12-31
4321,,0,2024-12-31
4322,,0,2024-12-31
4323,,0,2024-12-31
4324,,0,2024-12-31
4325,,0,2024-12-31
4326,,0,2024-12-31
4327,2024-12-01,1,2024-12-31
4328,2024-10-07,1,2024-12-31
4329,,0,2024-12-31
4330,,0,2024-12-31
4331,,0,2024-12-31
4332,2024-10-09,1,2024-12-31
4333,,0,2024-12-31
4334,,0,2024-12-31
4335,,0,2024-12-31
4336,2024-10-22,1,2024-12-31
4337,,0,2024-12-31
4338,2024-12-17,1,2024-12-31
4339,2024-12-12,1,2024-12-31
4340,,0,2024-12-31
4341,,0,2024-12-31
4342,,0,2024-12-31
4343,,0,2024-12-31
4344,,0,2024-12-31
4345,,0,2024-12-31
4346,2024-12-19,1,2024-12-31
4347,,0,2024-12-31
4348,,0,2024-12-31
4349,,0,2024-12-31
4350,2024-10-03,1,2024-12-31
4351,2024-12-10,1,2024-12-31
4352,,0,2024-12-31
4353,,0,2024-12-31
4354,,0,2024-12-31
4355,,0,2024-12-31
4356,,0,2024-12-31
4357,,0,2024-12-31
4358,,0,2024-12-31
4359,,0,2024-12-31
4360,,0,2024-12-31
4361,2024-11-27,1,2024-12-31
4362,,0,2024-12-31
4363,,0,2024-12-31
4364,,0,2024-12-31
4365,,0,2024-12-31
4366,,0,2024-12-31
4367,,0,2024-12-31
4368,,0,2024-12-31
4369,,0,2024-12-31
4370,,0,2024-12-31
4371,,0,2024-12-31
4372,,0,2024-12-31
4373,,0,2024-12-31
4374,,0,2024-12-31
4375,2024-10-07,1,2024-12-31
4376,,0,2024-12-31
4377,,0,2024-12-31
4378,,0,2024-12-31
4379,2024-10-05,1,2024-12-31
4380,,0,2024-12-31
4381,,0,2024-12-31
4382,,0,2024-12-31
4383,,0,2024-12-31
4384,,0,2024-12-31
4385,,0,2024-12-31
4386,2024-10-25,1,2024-12-31
4387,2024-10-09,1,2024-12-31
4388,,0,2024-12-31
4389,,0,2024-12-31
4390,,0,2024-12-31
4391,,0,2024-12-31
4392,,0,2024-12-31
4393,,0,2024-12-31
4394,2024-10-14,1,2024-12-31
4395,,0,2024-12-31
4396,2024-10-20,1,2024-12-31
4397,,0,2024-12-31
4398,,0,2024-12-31
4399,,0,2024-12-31
4400,,0,2024-12-31
4401,,0,2024-12-31
4402,2024-10-23,1,2024-12-31
4403,,0,2024-12-31
4404,,0,2024-12-31
4405,,0,2024-12-31
4406,2024-12-28,1,2024-12-31
4407,,0,2024-12-31
4408,,0,2024-12-31
4409,,0,2024-12-31
4410,,0,2024-12-31
4411,,0,2024-12-31
4412,,0,2024-12-31
4413,,0,2024-12-31
4414,,0,2024-12-31
4415,,0,2024-12-31
4416,,0,2024-12-31
4417,,0,2024-12-31
4418,2024-12-25,1,2024-12-31
4419,,0,2024-12-31
4420,,0,2024-12-31
4421,,0,2024-12-31
4422,2024-11-26,1,2024-12-31
4423,,0,2024-12-31
4424,2024-11-20,1,2024-12-31
4425,2024-10-25,1,2024-12-31
4426,,0,2024-12-31
4427,2024-12-06,1,2024-12-31
4428,,0,2024-12-31
4429,,0,2024-12-31
4430,,0,2024-12-31
4431,,0,2024-12-31
4432,2024-10-18,1,2024-12-31
4433,,0,2024-12-31
4434,2024-12-21,1,2024-12-31
4435,,0,2024-12-31
4436,,0,2024-12-31
4437,2024-11-27,1,2024-12-31
4438,,0,2024-12-31
4439,,0,2024-12-31
4440,,0,2024-12-31
4441,,0,2024-12-31
4442,,0,2024-12-31
4443,,0,2024-12-31
4444,2024-11-10,1,2024-12-31
4445,,0,2024-12-31
4446,,0,2024-12-31
4447,,0,2024-12-31
4448,,0,2024-12-31
4449,,0,2024-12-31
4450,,0,2024-12-31
4451,,0,2024-12-31
4452,,0,2024-12-31
4453,2024-11-21,1,2024-12-31
4454,2024-10-17,1,2024-12-31
4455,,0,2024-12-31
4456,2024-12-27,1,2024-12-31
4457,2024-11-23,1,2024-12-31
4458,,0,2024-12-31
4459,,0,2024-12-31
4460,2024-12-06,1,2024-12-31
4461,,0,2024-12-31
4462,,0,2024-12-31
4463,2024-11-14,1,2024-12-31
4464,,0,2024-12-31
4465,,0,2024-12-31
4466,,0,2024-12-31
4467,,0,2024-12-31
4468,2024-10-21,1,2024-12-31
4469,2024-12-14,1,2024-12-31
4470,,0,2024-12-31
4471,2024-11-18,1,2024-12-31
4472,2024-10-18,1,2024-12-31
4473,,0,2024-12-31
4474,,0,2024-12-31
4475,2024-11-27,1,2024-12-31
4476,2024-12-20,1,2024-12-31
4477,,0,2024-12-31
4478,2024-10-08,1,2024-12-31
4479,,0,2024-12-31
4480,,0,2024-12-31
4481,,0,2024-12-31
4482,,0,2024-12-31
4483,,0,2024-12-31
4484,2024-10-15,1,2024-12-31
4485,,0,2024-12-31
4486,2024-10-10,1,2024-12-31
4487,,0,2024-12-31
4488,,0,2024-12-31
4489,,0,2024-12-31
4490,,0,2024-12-31
4491,,0,2024-12-31
4492,,0,2024-12-31
4493,,0,2024-12-31
4494,,0,2024-12-31
4495,,0,2024-12-31
4496,,0,2024-12-31
4497,,0,2024-12-31
4498,,0,2024-12-31
4499,,0,2024-12-31
4500,,0,2024-12-31
4501,,0,2024-12-31
4502,,0,2024-12-31
4503,,0,2024-12-31
4504,,0,2024-12-31
4505,,0,2024-12-31
4506,2024-10-11,1,2024-12-31
4507,,0,2024-12-31
4508,2024-12-09,1,2024-12-31
4509,2024-10-16,1,2024-12-31
4510,2024-11-19,1,2024-12-31
4511,2024-12-24,1,2024-12-31
4512,,0,2024-12-31
4513,2024-12-08,1,2024-12-31
4514,,0,2024-12-31
4515,2024-12-11,1,2024-12-31
4516,,0,2024-12-31
4517,,0,2024-12-31
4518,,0,2024-12-31
4519,2024-10-21,1,2024-12-31
4520,,0,2024-12-31
4521,,0,2024-12-31
4522,,0,2024-12-31
4523,,0,2024-12-31
4524,2024-11-23,1,2024-12-31
4525,2024-10-12,1,2024-12-31
4526,2024-11-23,1,2024-12-31
4527,,0,2024-12-31
4528,,0,2024-12-31
4529,,0,2024-12-31
4530,2024-12-16,1,2024-12-31
4531,2024-12-13,1,2024-12-31
4532,,0,2024-12-31
4533,2024-12-22,1,2024-12-31
4534,,0,2024-12-31
4535,,0,2024-12-31
4536,2024-12-08,1,2024-12-31
4537,,0,2024-12-31
4538,2024-10-26,1,2024-12-31
4539,,0,2024-12-31
4540,2024-11-26,1,2024-12-31
4541,2024-11-09,1,2024-12-31
4542,,0,2024-12-31
4543,,0,2024-12-31
4544,2024-12-03,1,2024-12-31
4545,,0,2024-12-31
4546,2024-10-04,1,2024-12-31
4547,,0,2024-12-31
4548,2024-11-22,1,2024-12-31
4549,,0,2024-12-31
4550,,0,2024-12-31
4551,,0,2024-12-31
4552,,0,2024-12-31
4553,2024-11-17,1,2024-12-31
4554,,0,2024-12-31
4555,,0,2024-12-31
4556,,0,2024-12-31
4557,,0,2024-12-31
4558,,0,2024-12-31
4559,2024-12-06,1,2024-12-31
4560,,0,2024-12-31
4561,,0,2024-12-31
4562,,0,2024-12-31
4563,,0,2024-12-31
4564,,0,2024-12-31
4565,,0,2024-12-31
4566,,0,2024-12-31
4567,,0,2024-12-31
4568,,0,2024-12-31
4569,,0,2024-12-31
4570,,0,2024-12-31
4571,,0,2024-12-31
4572,,0,2024-12-31
4573,,0,2024-12-31
4574,,0,2024-12-31
4575,,0,2024-12-31
4576,,0,2024-12-31
4577,,0,2024-12-31
4578,,0,2024-12-31
4579,,0,2024-12-31
4580,2024-12-08,1,2024-12-31
4581,,0,2024-12-31
4582,2024-11-10,1,2024-12-31
4583,,0,2024-12-31
4584,2024-12-14,1,2024-12-31
4585,2024-10-23,1,2024-12-31
4586,,0,2024-12-31
4587,,0,2024-12-31
4588,,0,2024-12-31
4589,,0,2024-12-31
4590,,0,2024-12-31
4591,,0,2024-12-31
4592,2024-11-13,1,2024-12-31
4593,2024-11-04,1,2024-12-31
4594,2024-11-29,1,2024-12-31
4595,,0,2024-12-31
4596,,0,2024-12-31
4597,,0,2024-12-31
4598,,0,2024-12-31
4599,,0,2024-12-31
4600,,0,2024-12-31
4601,,0,2024-12-31
4602,,0,2024-12-31
4603,,0,2024-12-31
4604,,0,2024-12-31
4605,,0,2024-12-31
4606,2024-11-25,1,2024-12-31
4607,,0,2024-12-31
4608,2024-12-20,1,2024-12-31
4609,2024-12-12,1,2024-12-31
4610,2024-10-09,1,2024-12-31
4611,,0,2024-12-31
4612,,0,2024-12-31
4613,,0,2024-12-31
4614,2024-12-28,1,2024-12-31
4615,,0,2024-12-31
4616,2024-11-02,1,2024-12-31
4617,,0,2024-12-31
4618,,0,2024-12-31
4619,,0,2024-12-31
4620,,0,2024-12-31
4621,,0,2024-12-31
4622,,0,2024-12-31
4623,,0,2024-12-31
4624,2024-10-15,1,2024-12-31
4625,,0,2024-12-31
4626,,0,2024-12-31
4627,,0,2024-12-31
4628,2024-12-09,1,2024-12-31
4629,,0,2024-12-31
4630,2024-11-02,1,2024-12-31
4631,,0,2024-12-31
4632,,0,2024-12-31
4633,2024-10-31,1,2024-12-31
4634,,0,2024-12-31
4635,,0,2024-12-31
4636,,0,2024-12-31
4637,2024-11-12,1,2024-12-31
4638,,0,2024-12-31
4639,2024-10-10,1,2024-12-31
4640,2024-11-01,1,2024-12-31
4641,,0,2024-12-31
4642,2024-11-14,1,2024-12-31
4643,,0,2024-12-31
4644,,0,2024-12-31
4645,2024-10-18,1,2024-12-31
4646,,0,2024-12-31
4647,,0,2024-12-31
4648,,0,2024-12-31
4649,,0,2024-12-31
4650,,0,2024-12-31
4651,,0,2024-12-31
4652,2024-11-24,1,2024-12-31
4653,2024-11-01,1,2024-12-31
4654,2024-11-30,1,2024-12-31
4655,,0,2024-12-31
4656,,0,2024-12-31
4657,,0,2024-12-31
4658,,0,2024-12-31
4659,,0,2024-12-31
4660,,0,2024-12-31
4661,,0,2024-12-31
4662,,0,2024-12-31
4663,2024-11-12,1,2024-12-31
4664,,0,2024-12-31
4665,2024-10-27,1,2024-12-31
4666,,0,2024-12-31
4667,,0,2024-12-31
4668,,0,2024-12-31
4669,2024-11-05,1,2024-12-31
4670,,0,2024-12-31
4671,,0,2024-12-31
4672,,0,2024-12-31
4673,,0,2024-12-31
4674,,0,2024-12-31
4675,,0,2024-12-31
4676,2024-10-09,1,2024-12-31
4677,2024-12-26,1,2024-12-31
4678,,0,2024-12-31
4679,,0,2024-12-31
4680,,0,2024-12-31
4681,2024-11-01,1,2024-12-31
4682,2024-10-30,1,2024-12-31
4683,,0,2024-12-31
4684,,0,2024-12-31
4685,2024-10-03,1,2024-12-31
4686,,0,2024-12-31
4687,,0,2024-12-31
4688,,0,2024-12-31
4689,,0,2024-12-31
4690,,0,2024-12-31
4691,,0,2024-12-31
4692,,0,2024-12-31
4693,2024-10-22,1,2024-12-31
4694,2024-10-22,1,2024-12-31
4695,,0,2024-12-31
4696,,0,2024-12-31
4697,,0,2024-12-31
4698,,0,2024-12-31
4699,,0,2024-12-31
4700,2024-10-27,1,2024-12-31
4701,,0,2024-12-31
4702,,0,2024-12-31
4703,,0,2024-12-31
4704,2024-10-16,1,2024-12-31
4705,,0,2024-12-31
4706,,0,2024-12-31
4707,,0,2024-12-31
4708,,0,2024-12-31
4709,,0,2024-12-31
4710,,0,2024-12-31
4711,,0,2024-12-31
4712,,0,2024-12-31
4713,,0,2024-12-31
4714,,0,2024-12-31
4715,,0,2024-12-31
4716,,0,2024-12-31
4717,,0,2024-12-31
4718,2024-12-30,1,2024-12-31
4719,2024-11-12,1,2024-12-31
4720,,0,2024-12-31
4721,2024-12-09,1,2024-12-31
4722,,0,2024-12-31
4723,,0,2024-12-31
4724,2024-10-02,1,2024-12-31
4725,,0,2024-12-31
4726,,0,2024-12-31
4727,,0,2024-12-31
4728,,0,2024-12-31
4729,,0,2024-12-31
4730,2024-11-09,1,2024-12-31
4731,,0,2024-12-31
4732,,0,2024-12-31
4733,,0,2024-12-31
4734,,0,2024-12-31
4735,,0,2024-12-31
4736,,0,2024-12-31
4737,2024-10-11,1,2024-12-31
4738,2024-12-28,1,2024-12-31
4739,2024-11-22,1,2024-12-31
4740,2024-10-22,1,2024-12-31
4741,,0,2024-12-31
4742,,0,2024-12-31
4743,,0,2024-12-31
4744,2024-10-05,1,2024-12-31
4745,,0,2024-12-31
4746,2024-10-26,1,2024-12-31
4747,2024-10-19,1,2024-12-31
4748,2024-11-02,1,2024-12-31
4749,,0,2024-12-31
4750,,0,2024-12-31
4751,,0,2024-12-31
4752,,0,2024-12-31
4753,2024-10-13,1,2024-12-31
4754,,0,2024-12-31
4755,,0,2024-12-31
4756,,0,2024-12-31
4757,,0,2024-12-31
4758,,0,2024-12-31
4759,2024-10-23,1,2024-12-31
4760,,0,2024-12-31
4761,,0,2024-12-31
4762,,0,2024-12-31
4763,2024-11-19,1,2024-12-31
4764,,0,2024-12-31
4765,2024-11-12,1,2024-12-31
4766,,0,2024-12-31
4767,,0,2024-12-31
4768,,0,2024-12-31
4769,2024-12-11,1,2024-12-31
4770,,0,2024-12-31
4771,,0,2024-12-31
4772,,0,2024-12-31
4773,,0,2024-12-31
4774,,0,2024-12-31
4775,,0,2024-12-31
4776,,0,2024-12-31
4777,,0,2024-12-31
4778,,0,2024-12-31
4779,,0,2024-12-31
4780,,0,2024-12-31
4781,,0,2024-12-31
4782,2024-12-25,1,2024-12-31
4783,,0,2024-12-31
4784,2024-12-03,1,2024-12-31
4785,,0,2024-12-31
4786,,0,2024-12-31
4787,2024-12-05,1,2024-12-31
4788,2024-11-25,1,2024-12-31
4789,2024-12-16,1,2024-12-31
4790,2024-11-24,1,2024-12-31
4791,,0,2024-12-31
4792,,0,2024-12-31
4793,2024-11-21,1,2024-12-31
4794,2024-12-08,1,2024-12-31
4795,2024-10-31,1,2024-12-31
4796,,0,2024-12-31
4797,,0,2024-12-31
4798,,0,2024-12-31
4799,2024-11-07,1,2024-12-31
4800,,0,2024-12-31
4801,,0,2024-12-31
4802,,0,2024-12-31
4803,,0,2024-12-31
4804,2024-11-27,1,2024-12-31
4805,2024-10-02,1,2024-12-31
4806,,0,2024-12-31
4807,,0,2024-12-31
4808,2024-11-07,1,2024-12-31
4809,,0,2024-12-31
4810,,0,2024-12-31
4811,,0,2024-12-31
4812,,0,2024-12-31
4813,,0,2024-12-31
4814,,0,2024-12-31
4815,,0,2024-12-31
4816,,0,2024-12-31
4817,,0,2024-12-31
4818,,0,2024-12-31
4819,,0,2024-12-31
4820,,0,2024-12-31
4821,2024-12-19,1,2024-12-31
4822,,0,2024-12-31
4823,,0,2024-12-31
4824,,0,2024-12-31
4825,,0,2024-12-31
4826,,0,2024-12-31
4827,,0,2024-12-31
4828,,0,2024-12-31
4829,,0,2024-12-31
4830,,0,2024-12-31
4831,2024-11-10,1,2024-12-31
4832,,0,2024-12-31
4833,2024-10-25,1,2024-12-31
4834,2024-12-20,1,2024-12-31
4835,,0,2024-12-31
4836,,0,2024-12-31
4837,2024-10-19,1,2024-12-31
4838,,0,2024-12-31
4839,,0,2024-12-31
4840,,0,2024-12-31
4841,2024-10-26,1,2024-12-31
4842,,0,2024-12-31
4843,,0,2024-12-31
4844,2024-12-06,1,2024-12-31
4845,,0,2024-12-31
4846,,0,2024-12-31
4847,2024-11-12,1,2024-12-31
4848,,0,2024-12-31
4849,,0,2024-12-31
4850,,0,2024-12-31
4851,,0,2024-12-31
4852,,0,2024-12-31
4853,2024-12-16,1,2024-12-31
4854,,0,2024-12-31
4855,2024-12-09,1,2024-12-31
4856,,0,2024-12-31
4857,2024-11-01,1,2024-12-31
4858,2024-12-01,1,2024-12-31
4859,,0,2024-12-31
4860,,0,2024-12-31
4861,,0,2024-12-31
4862,,0,2024-12-31
4863,,0,2024-12-31
4864,,0,2024-12-31
4865,,0,2024-12-31
4866,,0,2024-12-31
4867,,0,2024-12-31
4868,,0,2024-12-31
4869,,0,2024-12-31
4870,2024-12-30,1,2024-12-31
4871,,0,2024-12-31
4872,,0,2024-12-31
4873,,0,2024-12-31
4874,,0,2024-12-31
4875,,0,2024-12-31
4876,,0,2024-12-31
4877,,0,2024-12-31
4878,,0,2024-12-31
4879,,0,2024-12-31
4880,,0,2024-12-31
4881,,0,2024-12-31
4882,,0,2024-12-31
4883,2024-10-26,1,2024-12-31
4884,,0,2024-12-31
4885,,0,2024-12-31
4886,,0,2024-12-31
4887,2024-11-11,1,2024-12-31
4888,2024-12-30,1,2024-12-31
4889,,0,2024-12-31
4890,2024-10-26,1,2024-12-31
4891,,0,2024-12-31
4892,,0,2024-12-31
4893,,0,2024-12-31
4894,2024-11-14,1,2024-12-31
4895,,0,2024-12-31
4896,,0,2024-12-31
4897,,0,2024-12-31
4898,,0,2024-12-31
4899,,0,2024-12-31
4900,,0,2024-12-31
4901,2024-11-18,1,2024-12-31
4902,2024-11-24,1,2024-12-31
4903,,0,2024-12-31
4904,,0,2024-12-31
4905,,0,2024-12-31
4906,,0,2024-12-31
4907,,0,2024-12-31
4908,,0,2024-12-31
4909,,0,2024-12-31
4910,,0,2024-12-31
4911,,0,2024-12-31
4912,,0,2024-12-31
4913,,0,2024-12-31
4914,,0,2024-12-31
4915,2024-10-08,1,2024-12-31
4916,,0,2024-12-31
4917,,0,2024-12-31
4918,,0,2024-12-31
4919,,0,2024-12-31
4920,,0,2024-12-31
4921,,0,2024-12-31
4922,,0,2024-12-31
4923,2024-10-09,1,2024-12-31
4924,2024-12-24,1,2024-12-31
4925,2024-12-28,1,2024-12-31
4926,,0,2024-12-31
4927,2024-12-14,1,2024-12-31
4928,2024-10-14,1,2024-12-31
4929,,0,2024-12-31
4930,,0,2024-12-31
4931,,0,2024-12-31
4932,2024-12-04,1,2024-12-31
4933,,0,2024-12-31
4934,,0,2024-12-31
4935,,0,2024-12-31
4936,,0,2024-12-31
4937,2024-10-17,1,2024-12-31
4938,2024-11-10,1,2024-12-31
4939,,0,2024-12-31
4940,,0,2024-12-31
4941,,0,2024-12-31
4942,,0,2024-12-31
4943,,0,2024-12-31
4944,2024-12-05,1,2024-12-31
4945,,0,2024-12-31
4946,,0,2024-12-31
4947,,0,2024-12-31
4948,,0,2024-12-31
4949,,0,2024-12-31
4950,,0,2024-12-31
4951,,0,2024-12-31
4952,2024-12-11,1,2024-12-31
4953,,0,2024-12-31
4954,,0,2024-12-31
4955,2024-10-06,1,2024-12-31
4956,,0,2024-12-31
4957,,0,2024-12-31
4958,,0,2024-12-31
4959,2024-11-22,1,2024-12-31
4960,2024-11-18,1,2024-12-31
4961,,0,2024-12-31
4962,,0,2024-12-31
4963,,0,2024-12-31
4964,,0,2024-12-31
4965,,0,2024-12-31
4966,,0,2024-12-31
4967,,0,2024-12-31
4968,2024-12-25,1,2024-12-31
4969,,0,2024-12-31
4970,,0,2024-12-31
4971,,0,2024-12-31
4972,,0,2024-12-31
4973,,0,2024-12-31
4974,,0,2024-12-31
4975,,0,2024-12-31
4976,,0,2024-12-31
4977,,0,2024-12-31
4978,2024-11-03,1,2024-12-31
4979,,0,2024-12-31
4980,2024-10-06,1,2024-12-31
4981,,0,2024-12-31
4982,,0,2024-12-31
4983,,0,2024-12-31
4984,,0,2024-12-31
4985,2024-12-10,1,2024-12-31
4986,2024-11-09,1,2024-12-31
4987,2024-10-14,1,2024-12-31
4988,,0,2024-12-31
4989,2024-10-15,1,2024-12-31
4990,,0,2024-12-31
4991,,0,2024-12-31
4992,,0,2024-12-31
4993,,0,2024-12-31
4994,,0,2024-12-31
4995,,0,2024-12-31
4996,,0,2024-12-31
4997,,0,2024-12-31
4998,,0,2024-12-31
4999,,0,2024-12-31
5000,,0,2024-12-31
