customer_id,signup_date,country,age,gender,subscription_tier,monthly_fee
1,2023-10-17,Germany,62.0,F,Basic,13.0
2,2022-04-25,UK,43.5,M,Premium,30.48
3,2022-01-26,Brazil,53.0,Unknown,Basic,11.59
4,2024-01-30,Canada,26.0,M,Basic,11.97
5,2022-10-09,Spain,44.0,F,Basic,11.23
6,2022-09-08,Brazil,51.0,F,Basic,10.18
7,2022-08-17,UK,68.0,M,Enterprise,131.87
8,2022-05-23,Germany,18.0,M,Basic,13.95
9,2024-01-25,Italy,43.5,F,Basic,11.79
10,2022-04-15,USA,42.0,M,Enterprise,132.33
11,2023-11-24,Germany,46.0,M,Basic,14.7
12,2024-01-29,Canada,24.0,M,Basic,10.2
13,2023-07-13,Canada,66.0,M,Premium,37.66
14,2022-03-31,Spain,20.0,F,Premium,34.82
15,2023-08-28,UK,37.0,F,Basic,14.71
16,2023-03-09,UK,37.0,M,Premium,33.92
17,2022-02-02,Spain,70.0,F,Premium,37.07
18,2022-01-31,Spain,47.0,M,Basic,10.34
19,2022-04-06,USA,52.0,F,Premium,39.28
20,2022-08-12,UK,52.0,F,Premium,33.44
21,2022-08-27,UK,66.0,F,Enterprise,152.39
22,2023-06-02,USA,56.0,M,Enterprise,113.84
23,2023-09-09,Spain,44.0,M,Basic,14.72
24,2022-01-28,Australia,43.0,M,Basic,13.35
25,2023-07-29,Mexico,31.0,F,Basic,10.26
26,2022-07-23,UK,34.0,M,Basic,10.77
27,2024-01-04,USA,35.0,F,Basic,11.99
28,2023-10-28,Australia,62.0,Other,Premium,32.16
29,2023-12-20,UK,69.0,F,Basic,11.51
30,2023-07-13,USA,46.0,F,Basic,14.98
31,2023-03-06,Australia,37.0,M,Premium,36.58
32,2022-08-14,Italy,70.0,M,Premium,39.21
33,2023-04-05,UK,44.0,M,Premium,34.35
34,2023-08-27,Brazil,35.0,F,Basic,13.54
35,2022-10-12,Australia,21.0,M,Premium,34.59
36,2024-04-08,France,18.0,F,Enterprise,132.81
37,2024-06-09,USA,67.0,M,Basic,12.59
38,2022-01-07,Canada,18.0,M,Basic,12.13
39,2024-02-17,Canada,43.5,F,Enterprise,198.04
40,2024-04-05,Italy,62.0,M,Basic,12.47
41,2022-06-13,Australia,37.0,M,Basic,14.05
42,2023-12-16,Australia,69.0,F,Basic,13.32
43,2023-03-09,Mexico,40.0,M,Basic,12.39
44,2022-12-15,Mexico,27.0,M,Basic,12.36
45,2022-10-12,Mexico,28.0,M,Basic,11.7
46,2022-06-09,USA,58.0,F,Basic,10.52
47,2022-08-09,Australia,58.0,Other,Basic,13.8
48,2024-02-21,Germany,22.0,F,Premium,39.17
49,2022-12-11,UK,18.0,M,Enterprise,121.79
50,2022-04-15,France,34.0,M,Basic,14.62
51,2022-04-05,USA,39.0,M,Premium,32.31
52,2023-01-25,UK,51.0,Other,Basic,12.64
53,2022-04-10,USA,62.0,M,Basic,11.71
54,2023-01-03,Germany,58.0,M,Enterprise,111.44
55,2024-05-17,UK,46.0,F,Basic,10.25
56,2022-12-19,France,21.0,Other,Basic,11.82
57,2023-09-11,Germany,22.0,M,Basic,10.23
58,2022-09-28,USA,28.0,M,Premium,31.03
59,2024-04-06,UK,68.0,M,Basic,10.7
60,2022-02-14,France,38.0,M,Basic,10.0
61,2024-01-18,Australia,52.0,F,Premium,31.52
62,2023-04-16,Mexico,29.0,F,Basic,12.88
63,2023-07-04,USA,43.0,F,Basic,14.09
64,2022-05-08,Italy,43.5,M,Basic,10.96
65,2023-01-23,France,36.0,Unknown,Basic,10.39
66,2022-03-22,Italy,62.0,M,Basic,13.64
67,2023-07-20,UK,24.0,M,Premium,30.07
68,2022-10-28,USA,64.0,Unknown,Premium,37.33
69,2024-04-29,UK,24.0,M,Basic,10.65
70,2023-10-06,Australia,43.0,M,Basic,11.13
71,2023-09-26,Australia,43.5,M,Basic,10.59
72,2024-06-25,Germany,22.0,M,Basic,11.23
73,2024-06-01,Australia,38.0,M,Basic,13.98
74,2023-01-06,Brazil,31.0,F,Basic,10.65
75,2023-08-15,Spain,21.0,M,Basic,14.96
76,2022-07-16,USA,40.0,F,Basic,11.63
77,2023-12-23,Mexico,59.0,M,Basic,14.6
78,2022-03-13,USA,37.0,M,Basic,10.94
79,2022-02-16,UK,32.0,F,Basic,10.93
80,2023-11-09,USA,67.0,M,Basic,12.82
81,2022-08-22,Spain,69.0,F,Premium,30.5
82,2024-03-02,UK,62.0,M,Basic,14.0
83,2022-10-24,USA,46.0,F,Basic,12.19
84,2022-03-23,Mexico,25.0,F,Basic,13.49
85,2024-05-25,UK,58.0,F,Basic,10.86
86,2022-08-27,UK,65.0,F,Premium,36.41
87,2024-06-06,Italy,36.0,F,Enterprise,159.4
88,2022-04-14,UK,65.0,M,Basic,13.77
89,2023-01-25,UK,56.0,F,Premium,32.96
90,2022-10-12,Brazil,63.0,F,Basic,14.66
91,2023-04-10,USA,45.0,M,Basic,14.8
92,2023-10-13,Italy,63.0,M,Basic,14.33
93,2024-05-04,Australia,44.0,F,Premium,35.71
94,2023-01-09,USA,21.0,F,Basic,12.09
95,2022-06-16,Italy,32.0,M,Enterprise,105.79
96,2023-01-15,Mexico,52.0,F,Basic,14.73
97,2022-12-30,UK,54.0,M,Basic,14.75
98,2022-08-03,Mexico,18.0,M,Premium,30.18
99,2023-11-18,Spain,20.0,F,Enterprise,135.68
100,2022-10-01,Mexico,43.5,M,Premium,38.79
101,2023-12-20,Germany,41.0,F,Premium,30.8
102,2023-12-01,Australia,44.0,M,Basic,10.97
103,2023-10-26,France,57.0,M,Basic,14.88
104,2022-03-15,Mexico,53.0,M,Basic,14.23
105,2023-09-16,Spain,51.0,F,Basic,14.55
106,2023-10-13,UK,46.0,M,Enterprise,114.21
107,2022-06-25,Brazil,41.0,M,Premium,32.1
108,2023-07-01,USA,41.0,M,Premium,36.04
109,2024-01-17,UK,59.0,M,Basic,12.5
110,2022-09-08,Spain,21.0,M,Premium,32.98
111,2022-06-17,Italy,20.0,M,Premium,38.83
112,2023-04-19,France,51.0,F,Basic,14.5
113,2023-01-24,Australia,66.0,M,Basic,11.45
114,2022-10-04,Australia,40.0,F,Premium,31.55
115,2023-10-18,Australia,70.0,F,Basic,10.74
116,2023-12-06,Brazil,69.0,M,Enterprise,148.43
117,2023-07-25,France,40.0,M,Basic,10.65
118,2022-08-13,Brazil,62.0,F,Basic,12.36
119,2023-12-03,Brazil,22.0,F,Basic,12.3
120,2022-11-29,USA,48.0,M,Basic,14.41
121,2024-05-13,France,70.0,F,Basic,11.47
122,2024-02-26,Germany,58.0,M,Basic,12.79
123,2024-03-05,France,23.0,M,Enterprise,174.34
124,2022-02-27,Spain,54.0,M,Premium,35.95
125,2022-08-23,USA,27.0,F,Basic,14.76
126,2024-04-21,Australia,57.0,F,Basic,13.0
127,2022-02-02,Spain,24.0,F,Basic,14.5
128,2024-04-04,Spain,56.0,M,Premium,32.44
129,2022-11-20,Canada,43.5,F,Basic,12.79
130,2023-02-15,USA,43.5,M,Basic,12.71
131,2022-10-02,USA,37.0,F,Basic,14.94
132,2022-03-09,Spain,20.0,M,Premium,32.04
133,2022-08-05,USA,68.0,M,Basic,10.69
134,2023-08-04,USA,39.0,M,Premium,36.11
135,2024-06-16,USA,64.0,F,Enterprise,122.36
136,2024-01-06,Canada,21.0,M,Basic,13.19
137,2022-11-19,UK,45.0,M,Basic,14.85
138,2022-08-06,Italy,29.0,M,Basic,14.72
139,2023-11-03,Germany,55.0,Other,Basic,11.15
140,2023-05-27,Italy,68.0,F,Basic,10.84
141,2023-02-10,France,53.0,F,Basic,12.79
142,2024-06-24,Australia,64.0,M,Premium,35.86
143,2023-10-21,Germany,58.0,M,Basic,13.3
144,2023-04-15,France,22.0,F,Basic,13.7
145,2022-05-27,Spain,30.0,M,Basic,12.99
146,2022-09-29,Australia,40.0,Unknown,Basic,10.55
147,2022-05-23,USA,67.0,M,Basic,13.94
148,2022-09-10,USA,47.0,F,Basic,10.39
149,2024-02-02,Germany,54.0,M,Basic,10.09
150,2023-07-29,Germany,42.0,F,Enterprise,176.96
151,2023-07-06,Mexico,65.0,F,Basic,12.73
152,2022-09-27,Spain,44.0,M,Premium,36.98
153,2024-02-04,UK,43.5,M,Basic,11.9
154,2023-08-22,USA,31.0,Other,Premium,30.1
155,2023-03-15,Australia,65.0,F,Basic,11.65
156,2023-08-21,Spain,64.0,F,Premium,36.07
157,2023-02-13,UK,53.0,F,Basic,11.12
158,2023-01-06,Canada,56.0,Unknown,Basic,13.43
159,2022-08-13,USA,33.0,Unknown,Basic,13.96
160,2022-05-22,USA,39.0,M,Basic,12.26
161,2023-06-06,USA,38.0,F,Basic,14.37
162,2023-05-21,UK,38.0,F,Premium,38.54
163,2022-04-04,Mexico,25.0,F,Basic,14.38
164,2024-02-13,USA,43.5,F,Premium,36.6
165,2022-02-18,USA,33.0,F,Basic,11.51
166,2024-05-31,UK,48.0,M,Basic,12.4
167,2022-04-23,Italy,59.0,F,Basic,13.54
168,2022-06-06,Germany,27.0,M,Basic,11.04
169,2023-10-05,Mexico,49.0,F,Basic,13.68
170,2022-06-13,Germany,51.0,M,Premium,35.47
171,2024-03-22,Canada,26.0,M,Basic,10.47
172,2023-11-28,France,34.0,Unknown,Premium,35.56
173,2023-03-09,Italy,28.0,Other,Premium,30.66
174,2023-09-03,Italy,49.0,M,Basic,10.06
175,2022-03-07,Australia,27.0,F,Premium,38.89
176,2023-01-30,Brazil,39.0,F,Basic,12.44
177,2023-01-26,USA,43.5,F,Basic,12.71
178,2023-09-03,Germany,21.0,M,Basic,11.39
179,2023-04-25,USA,65.0,F,Basic,12.7
180,2023-06-26,UK,69.0,F,Premium,31.68
181,2022-09-15,Brazil,64.0,M,Premium,37.45
182,2023-07-21,UK,42.0,F,Basic,14.11
183,2024-05-31,Mexico,38.0,F,Basic,14.27
184,2022-01-12,UK,43.5,F,Basic,10.52
185,2023-11-28,Germany,43.5,M,Premium,35.57
186,2024-01-09,Germany,66.0,M,Basic,14.03
187,2022-04-28,Brazil,18.0,Unknown,Basic,10.63
188,2023-11-30,Canada,42.0,M,Premium,30.99
189,2024-06-25,Brazil,68.0,F,Basic,14.07
190,2023-07-04,UK,53.0,M,Enterprise,179.66
191,2024-02-08,Brazil,34.0,M,Basic,12.23
192,2022-10-01,Germany,58.0,M,Enterprise,110.96
193,2024-02-27,Canada,41.0,F,Basic,12.57
194,2023-10-19,USA,43.5,M,Basic,11.96
195,2022-12-15,UK,57.0,F,Premium,35.18
196,2022-04-25,Australia,32.0,F,Premium,34.39
197,2022-10-28,USA,49.0,F,Premium,35.68
198,2023-03-22,Italy,56.0,F,Basic,13.63
199,2022-06-11,Brazil,23.0,M,Enterprise,177.48
200,2023-04-10,Mexico,18.0,M,Basic,13.23
201,2022-01-04,France,64.0,M,Basic,10.98
202,2024-01-10,UK,40.0,F,Basic,11.98
203,2024-06-15,UK,56.0,F,Premium,30.7
204,2024-01-07,Australia,34.0,M,Premium,34.51
205,2022-09-27,Australia,51.0,M,Basic,14.84
206,2023-05-28,Australia,58.0,F,Basic,13.2
207,2024-02-20,Australia,46.0,M,Basic,10.76
208,2022-07-02,UK,26.0,F,Basic,11.33
209,2023-06-04,Mexico,30.0,M,Basic,10.31
210,2022-04-19,Mexico,23.0,Other,Premium,31.81
211,2024-06-10,Canada,23.0,M,Premium,34.87
212,2023-10-03,Italy,37.0,M,Enterprise,134.48
213,2022-11-02,Germany,69.0,M,Basic,11.01
214,2024-05-11,Australia,70.0,M,Basic,10.72
215,2023-10-17,France,20.0,M,Basic,13.27
216,2023-06-04,Germany,34.0,M,Premium,35.57
217,2023-09-16,Mexico,66.0,F,Basic,14.2
218,2022-07-23,USA,29.0,M,Enterprise,118.32
219,2022-06-06,USA,65.0,F,Premium,38.47
220,2023-01-18,France,64.0,M,Basic,12.88
221,2024-02-20,Canada,62.0,F,Basic,11.32
222,2022-06-15,Mexico,18.0,F,Premium,32.73
223,2023-07-07,France,34.0,M,Premium,33.89
224,2024-03-08,UK,20.0,M,Basic,12.29
225,2023-06-28,Brazil,43.0,M,Basic,10.4
226,2022-01-01,France,32.0,M,Basic,14.2
227,2023-09-06,USA,53.0,F,Premium,31.21
228,2022-11-28,Germany,49.0,F,Basic,12.41
229,2023-05-16,UK,49.0,F,Basic,11.9
230,2022-01-20,Spain,21.0,F,Basic,12.55
231,2022-04-25,Canada,35.0,Other,Enterprise,188.74
232,2023-01-07,France,66.0,F,Basic,14.94
233,2024-06-18,Mexico,36.0,F,Premium,30.19
234,2024-05-01,UK,60.0,F,Basic,11.96
235,2024-04-06,USA,69.0,M,Basic,14.08
236,2022-11-11,USA,52.0,Unknown,Basic,11.62
237,2022-09-03,Italy,57.0,F,Basic,13.24
238,2022-03-01,Australia,31.0,M,Premium,39.91
239,2022-09-04,Spain,50.0,M,Basic,13.22
240,2024-06-18,Canada,31.0,M,Basic,10.55
241,2023-08-04,UK,51.0,M,Basic,14.2
242,2022-03-22,Spain,21.0,F,Premium,39.66
243,2022-03-29,France,41.0,M,Basic,13.55
244,2024-01-20,UK,46.0,F,Basic,12.09
245,2023-05-13,USA,36.0,F,Basic,14.73
246,2024-04-15,Mexico,23.0,M,Enterprise,196.85
247,2022-03-12,USA,50.0,Unknown,Basic,14.67
248,2024-02-18,Italy,66.0,F,Premium,34.11
249,2023-06-30,UK,57.0,M,Basic,13.94
250,2024-02-24,Australia,36.0,M,Basic,13.26
251,2022-05-09,Mexico,70.0,M,Basic,10.89
252,2022-05-12,Germany,18.0,F,Basic,12.67
253,2023-11-07,USA,22.0,F,Premium,37.47
254,2023-05-02,USA,44.0,M,Basic,14.47
255,2023-07-17,USA,33.0,M,Basic,14.3
256,2022-06-19,UK,23.0,M,Premium,31.54
257,2022-09-29,USA,57.0,F,Basic,12.43
258,2023-06-25,Spain,30.0,M,Basic,12.38
259,2024-06-12,USA,65.0,F,Premium,38.98
260,2023-09-14,Canada,52.0,M,Basic,10.0
261,2023-03-10,USA,36.0,F,Premium,37.38
262,2022-08-05,USA,43.5,F,Basic,13.08
263,2023-07-07,USA,33.0,F,Basic,14.6
264,2024-02-13,Australia,60.0,M,Basic,12.27
265,2024-01-18,UK,27.0,F,Premium,36.57
266,2023-12-08,Germany,42.0,M,Basic,14.85
267,2022-07-25,UK,37.0,M,Basic,13.71
268,2024-01-01,USA,48.0,F,Premium,30.66
269,2022-11-16,USA,21.0,F,Basic,10.83
270,2023-02-13,USA,61.0,F,Premium,38.2
271,2023-11-19,Mexico,40.0,M,Basic,11.66
272,2023-10-28,USA,19.0,F,Basic,13.52
273,2023-01-18,UK,39.0,F,Basic,13.49
274,2023-03-25,Australia,68.0,F,Basic,14.96
275,2023-06-14,Italy,54.0,F,Premium,34.69
276,2023-04-08,UK,25.0,F,Premium,37.37
277,2022-05-04,Germany,24.0,M,Premium,30.48
278,2022-09-11,UK,31.0,Unknown,Premium,34.62
279,2022-08-19,Germany,20.0,F,Basic,10.92
280,2022-03-07,Canada,67.0,Other,Enterprise,184.05
281,2022-12-13,Spain,33.0,M,Enterprise,183.98
282,2022-01-22,Canada,36.0,M,Basic,11.17
283,2023-08-26,USA,43.5,M,Basic,11.58
284,2023-07-22,UK,35.0,F,Premium,37.01
285,2022-08-24,Spain,69.0,F,Basic,13.68
286,2023-08-26,UK,33.0,M,Premium,36.57
287,2022-08-14,UK,25.0,F,Basic,14.97
288,2022-01-08,USA,50.0,Unknown,Basic,14.33
289,2022-03-14,UK,66.0,F,Basic,12.08
290,2023-12-26,UK,29.0,M,Basic,11.62
291,2023-10-09,Canada,70.0,F,Basic,12.97
292,2022-03-02,USA,28.0,M,Basic,14.08
293,2022-08-23,France,22.0,F,Basic,12.37
294,2022-03-11,Australia,44.0,M,Premium,37.37
295,2022-02-02,Canada,29.0,M,Basic,10.09
296,2024-05-30,UK,34.0,F,Premium,39.25
297,2022-12-05,Brazil,23.0,M,Basic,13.86
298,2022-03-14,USA,50.0,M,Premium,33.93
299,2023-06-11,UK,22.0,Unknown,Enterprise,138.39
300,2022-09-01,Australia,45.0,F,Basic,10.5
301,2022-10-13,Canada,43.5,F,Enterprise,181.61
302,2023-11-17,UK,22.0,M,Basic,13.83
303,2023-05-13,USA,50.0,M,Basic,13.14
304,2022-08-08,Italy,67.0,M,Premium,31.0
305,2023-07-07,USA,65.0,M,Basic,11.3
306,2022-05-16,USA,58.0,F,Basic,12.28
307,2024-01-11,UK,36.0,M,Basic,11.32
308,2024-06-22,Germany,39.0,M,Premium,34.33
309,2023-08-08,UK,22.0,M,Premium,32.25
310,2023-08-14,France,19.0,M,Basic,11.74
311,2023-04-30,USA,47.0,F,Enterprise,165.22
312,2022-09-06,Spain,64.0,F,Premium,38.91
313,2024-03-14,Germany,56.0,M,Enterprise,138.49
314,2023-04-30,USA,21.0,M,Basic,13.45
315,2024-04-06,Spain,50.0,M,Premium,31.34
316,2023-02-21,USA,30.0,F,Premium,35.4
317,2022-07-14,Canada,37.0,F,Basic,14.6
318,2022-04-07,Australia,24.0,M,Enterprise,102.78
319,2022-04-10,France,32.0,F,Basic,11.33
320,2023-11-06,France,40.0,F,Basic,10.65
321,2023-03-18,USA,31.0,F,Enterprise,153.3
322,2022-12-29,Germany,40.0,F,Enterprise,167.95
323,2023-03-10,Mexico,36.0,M,Basic,10.28
324,2023-02-25,Italy,46.0,Unknown,Basic,10.34
325,2023-04-24,USA,37.0,M,Premium,38.69
326,2024-06-03,Germany,46.0,F,Enterprise,145.61
327,2024-01-17,Australia,41.0,Other,Premium,34.62
328,2022-02-25,Italy,35.0,M,Premium,39.44
329,2023-11-21,France,27.0,M,Premium,33.19
330,2023-11-01,UK,58.0,M,Basic,14.48
331,2023-10-24,Australia,25.0,M,Enterprise,197.42
332,2022-04-11,USA,43.0,M,Basic,11.2
333,2022-03-04,USA,46.0,F,Premium,35.13
334,2023-02-17,USA,27.0,M,Basic,12.66
335,2024-01-16,Mexico,34.0,M,Basic,14.32
336,2022-12-14,Australia,19.0,F,Premium,33.03
337,2024-03-30,UK,43.5,M,Enterprise,179.79
338,2024-06-01,UK,22.0,M,Premium,39.7
339,2022-04-22,Canada,45.0,M,Premium,38.39
340,2022-09-12,Germany,58.0,F,Basic,14.54
341,2022-07-16,France,22.0,F,Premium,37.07
342,2022-07-14,France,35.0,M,Basic,14.51
343,2023-07-04,USA,43.0,F,Basic,10.81
344,2023-04-05,USA,37.0,M,Basic,13.55
345,2022-05-24,USA,58.0,F,Premium,37.31
346,2023-03-09,UK,66.0,F,Enterprise,143.91
347,2022-07-07,Spain,44.0,F,Premium,30.79
348,2022-10-13,UK,66.0,Unknown,Basic,13.1
349,2023-04-19,Spain,29.0,Other,Basic,10.25
350,2022-09-13,USA,24.0,Other,Basic,11.9
351,2024-06-14,Spain,20.0,F,Basic,11.96
352,2022-03-19,UK,27.0,F,Basic,14.98
353,2023-03-30,Canada,51.0,M,Premium,32.99
354,2024-04-07,USA,43.5,M,Enterprise,182.04
355,2024-06-01,Spain,52.0,M,Basic,10.26
356,2024-05-26,UK,33.0,M,Basic,12.64
357,2023-07-18,UK,19.0,F,Premium,35.36
358,2022-04-11,Spain,41.0,F,Premium,36.28
359,2022-02-21,UK,27.0,F,Premium,38.09
360,2023-10-30,Mexico,55.0,M,Basic,13.8
361,2023-07-08,USA,39.0,M,Basic,13.8
362,2024-05-06,Mexico,43.0,F,Enterprise,143.22
363,2022-01-16,France,60.0,M,Basic,13.63
364,2022-04-06,USA,56.0,M,Premium,34.9
365,2024-02-11,France,44.0,Other,Basic,10.32
366,2024-05-19,Brazil,46.0,F,Basic,14.44
367,2022-08-31,USA,64.0,M,Premium,38.89
368,2022-06-20,Mexico,55.0,F,Basic,11.6
369,2023-02-21,USA,37.0,F,Premium,39.13
370,2023-05-13,USA,44.0,F,Basic,13.78
371,2023-05-08,UK,58.0,F,Enterprise,140.07
372,2022-08-07,USA,37.0,M,Basic,11.65
373,2024-06-04,Brazil,61.0,F,Basic,14.87
374,2023-02-15,France,36.0,M,Basic,13.55
375,2022-03-02,UK,37.0,M,Premium,33.78
376,2022-06-18,USA,52.0,F,Premium,36.41
377,2023-01-24,UK,64.0,F,Basic,12.85
378,2022-01-03,USA,19.0,F,Basic,12.61
379,2023-02-04,Mexico,47.0,Unknown,Premium,36.44
380,2022-09-29,UK,43.5,F,Premium,35.37
381,2024-03-13,UK,51.0,F,Premium,36.54
382,2024-03-14,Spain,39.0,F,Premium,39.07
383,2023-04-11,Spain,20.0,Unknown,Basic,14.96
384,2022-10-20,Germany,23.0,M,Basic,13.54
385,2023-03-10,USA,32.0,M,Basic,14.63
386,2023-12-15,USA,43.5,M,Enterprise,185.83
387,2024-01-19,USA,27.0,F,Basic,11.47
388,2024-03-13,Australia,26.0,F,Basic,14.65
389,2023-07-24,Canada,50.0,Other,Enterprise,107.07
390,2023-11-09,USA,49.0,F,Basic,11.64
391,2024-01-06,UK,65.0,F,Premium,36.39
392,2023-05-14,Germany,23.0,M,Premium,35.26
393,2022-06-08,UK,58.0,M,Enterprise,154.23
394,2022-07-14,Mexico,53.0,M,Basic,13.96
395,2022-10-31,Mexico,19.0,F,Basic,10.96
396,2022-08-11,UK,46.0,M,Enterprise,198.2
397,2022-03-01,UK,21.0,F,Basic,12.18
398,2023-08-17,Brazil,18.0,Unknown,Basic,14.74
399,2024-01-24,USA,36.0,M,Premium,33.82
400,2023-07-10,UK,43.5,M,Basic,13.0
401,2022-03-04,Spain,42.0,F,Enterprise,145.02
402,2024-02-05,Canada,27.0,M,Premium,36.75
403,2022-11-18,Canada,70.0,F,Basic,10.91
404,2022-02-28,USA,32.0,F,Basic,11.99
405,2022-02-21,UK,39.0,F,Basic,10.33
406,2023-08-22,Mexico,68.0,F,Basic,12.98
407,2023-05-04,USA,65.0,F,Premium,39.62
408,2023-05-30,Australia,38.0,Other,Basic,10.22
409,2024-05-23,USA,39.0,M,Basic,13.29
410,2023-06-28,UK,53.0,F,Enterprise,177.5
411,2022-06-11,Australia,43.5,M,Basic,11.06
412,2022-02-28,Brazil,47.0,M,Basic,11.36
413,2023-06-05,USA,42.0,M,Enterprise,120.15
414,2022-03-24,UK,43.5,F,Basic,11.48
415,2024-05-21,USA,45.0,M,Enterprise,111.0
416,2022-07-10,USA,18.0,M,Premium,33.69
417,2022-03-12,USA,66.0,Other,Premium,33.68
418,2023-09-02,Australia,62.0,Unknown,Premium,38.06
419,2022-03-11,Australia,21.0,F,Basic,13.99
420,2023-11-23,Mexico,24.0,F,Premium,37.96
421,2024-06-01,Brazil,66.0,Other,Premium,35.66
422,2022-08-29,Mexico,26.0,F,Basic,11.62
423,2023-02-18,UK,53.0,M,Basic,12.04
424,2022-05-03,UK,36.0,F,Premium,33.17
425,2024-06-30,USA,18.0,F,Basic,12.9
426,2023-08-07,Australia,27.0,M,Premium,39.37
427,2022-09-10,France,53.0,Unknown,Premium,32.83
428,2023-08-16,UK,26.0,M,Basic,12.28
429,2023-09-01,Spain,62.0,F,Basic,13.27
430,2022-02-10,Brazil,63.0,M,Basic,14.21
431,2023-09-27,USA,59.0,Other,Basic,11.26
432,2022-03-25,Mexico,49.0,F,Basic,11.39
433,2023-03-06,UK,49.0,F,Premium,38.84
434,2023-11-05,USA,23.0,F,Premium,30.79
435,2023-08-21,Australia,65.0,M,Premium,36.04
436,2023-08-02,USA,55.0,M,Premium,38.59
437,2023-06-20,UK,43.5,M,Basic,14.6
438,2022-11-20,Brazil,27.0,F,Premium,30.12
439,2022-09-25,UK,67.0,M,Basic,11.84
440,2022-07-29,Germany,44.0,M,Basic,11.28
441,2023-11-17,USA,67.0,M,Basic,12.83
442,2024-01-04,USA,52.0,F,Basic,13.15
443,2022-11-18,USA,69.0,Unknown,Basic,14.99
444,2022-09-02,France,38.0,F,Basic,12.55
445,2022-09-29,Italy,42.0,M,Basic,12.75
446,2023-02-10,UK,45.0,F,Enterprise,141.42
447,2022-05-15,Italy,64.0,M,Basic,10.73
448,2023-11-19,USA,32.0,F,Premium,33.02
449,2023-10-23,Spain,21.0,F,Basic,11.22
450,2022-11-04,Mexico,46.0,M,Basic,14.0
451,2023-04-14,Spain,43.5,F,Basic,12.72
452,2022-11-20,USA,44.0,F,Basic,11.47
453,2024-02-09,UK,43.0,F,Premium,34.88
454,2022-03-16,Germany,36.0,F,Basic,11.08
455,2022-01-10,USA,45.0,M,Basic,10.92
456,2023-04-15,Canada,34.0,F,Basic,14.29
457,2023-09-29,Italy,60.0,Other,Basic,14.71
458,2023-07-31,USA,58.0,F,Premium,30.79
459,2022-04-13,Italy,59.0,F,Basic,13.81
460,2022-03-17,USA,67.0,M,Basic,12.26
461,2023-07-05,Spain,37.0,F,Basic,11.93
462,2022-08-07,USA,62.0,F,Basic,13.44
463,2023-06-03,France,57.0,M,Basic,11.32
464,2022-09-29,Canada,56.0,F,Basic,10.09
465,2022-05-16,UK,66.0,F,Basic,11.06
466,2022-12-24,Germany,70.0,M,Premium,31.84
467,2024-06-21,Brazil,40.0,M,Premium,30.33
468,2022-03-12,Italy,64.0,F,Basic,11.6
469,2024-06-19,Germany,49.0,M,Basic,12.36
470,2022-09-08,Italy,69.0,M,Basic,13.67
471,2023-01-14,USA,43.5,M,Premium,33.25
472,2022-10-19,USA,50.0,M,Basic,10.96
473,2022-06-11,France,63.0,F,Enterprise,123.05
474,2023-03-25,Spain,22.0,M,Basic,14.45
475,2024-05-03,Brazil,60.0,F,Basic,11.01
476,2023-07-11,Australia,65.0,F,Premium,38.78
477,2023-12-22,Italy,51.0,F,Basic,12.23
478,2022-11-06,Germany,57.0,M,Basic,14.66
479,2023-09-19,France,28.0,F,Basic,12.03
480,2024-04-06,UK,67.0,M,Basic,10.88
481,2023-11-01,Brazil,20.0,M,Premium,35.48
482,2023-06-26,UK,50.0,F,Premium,35.87
483,2022-01-09,USA,28.0,F,Basic,13.17
484,2023-11-15,Spain,33.0,F,Basic,12.05
485,2024-04-16,Mexico,35.0,Other,Basic,10.23
486,2023-07-22,Mexico,47.0,Unknown,Premium,36.26
487,2022-11-03,Australia,65.0,F,Basic,14.66
488,2023-11-11,USA,43.5,F,Basic,14.78
489,2022-04-17,Germany,35.0,M,Basic,12.97
490,2024-06-18,Australia,55.0,M,Basic,10.09
491,2022-05-18,USA,36.0,F,Premium,31.05
492,2022-09-28,USA,53.0,F,Premium,38.33
493,2022-04-29,Germany,30.0,M,Basic,14.14
494,2024-06-30,UK,63.0,M,Premium,39.45
495,2022-04-20,USA,20.0,M,Basic,12.81
496,2024-01-31,France,27.0,F,Basic,14.31
497,2023-07-21,Italy,55.0,F,Basic,14.11
498,2022-06-09,Mexico,18.0,F,Basic,12.94
499,2022-10-06,Brazil,44.0,F,Premium,37.83
500,2022-10-16,UK,63.0,F,Enterprise,112.56
501,2023-09-12,Italy,25.0,M,Basic,13.19
502,2022-08-04,Italy,68.0,M,Basic,14.76
503,2024-01-05,UK,63.0,M,Basic,10.8
504,2022-12-18,USA,59.0,F,Premium,37.43
505,2022-07-28,UK,34.0,Unknown,Premium,33.2
506,2023-12-05,Italy,26.0,F,Basic,14.08
507,2023-10-12,UK,43.5,F,Premium,36.96
508,2024-05-23,UK,60.0,M,Premium,39.25
509,2022-09-28,Canada,42.0,F,Basic,13.55
510,2023-06-02,Australia,56.0,F,Basic,12.04
511,2023-05-16,UK,66.0,M,Premium,30.1
512,2022-09-15,USA,45.0,M,Basic,13.95
513,2024-05-16,Spain,50.0,F,Basic,12.03
514,2022-02-22,UK,54.0,M,Basic,13.34
515,2022-04-05,Australia,26.0,M,Basic,10.52
516,2023-10-12,Australia,35.0,F,Premium,38.9
517,2023-03-10,Australia,38.0,F,Basic,12.17
518,2024-04-29,UK,19.0,F,Basic,14.59
519,2022-10-11,Germany,60.0,F,Basic,13.53
520,2022-02-15,UK,55.0,F,Premium,31.2
521,2022-01-04,UK,57.0,M,Basic,12.89
522,2022-12-08,Brazil,53.0,F,Basic,14.54
523,2024-02-29,UK,67.0,M,Basic,13.99
524,2022-05-14,Mexico,60.0,M,Premium,34.17
525,2023-10-15,USA,54.0,F,Premium,39.54
526,2022-09-26,Germany,32.0,F,Premium,32.68
527,2022-06-15,Spain,45.0,M,Basic,11.87
528,2024-01-30,UK,35.0,F,Premium,37.49
529,2023-03-29,Brazil,51.0,F,Basic,11.15
530,2023-07-19,USA,39.0,F,Premium,35.14
531,2023-12-24,Australia,28.0,M,Basic,13.63
532,2023-03-14,Italy,30.0,F,Premium,36.43
533,2023-07-29,Mexico,21.0,Unknown,Basic,10.77
534,2022-01-10,USA,39.0,M,Premium,36.29
535,2022-04-25,USA,24.0,F,Premium,35.72
536,2022-03-19,Spain,60.0,F,Basic,12.78
537,2024-06-23,USA,41.0,Unknown,Enterprise,182.59
538,2023-12-09,Australia,21.0,F,Basic,10.91
539,2022-06-02,Italy,43.5,M,Enterprise,175.15
540,2023-07-13,Germany,32.0,F,Premium,37.6
541,2022-02-06,Italy,18.0,M,Enterprise,172.25
542,2024-05-04,UK,20.0,F,Basic,12.52
543,2023-01-14,Italy,31.0,M,Basic,11.97
544,2023-08-20,UK,55.0,Other,Premium,33.94
545,2023-07-20,Mexico,67.0,F,Enterprise,173.37
546,2022-06-01,Germany,18.0,F,Basic,12.48
547,2023-03-17,France,55.0,F,Basic,11.68
548,2022-05-11,Australia,43.5,F,Basic,13.12
549,2022-02-12,UK,38.0,M,Premium,38.36
550,2022-11-12,USA,65.0,M,Premium,30.61
551,2023-01-09,Italy,46.0,F,Basic,14.85
552,2024-03-26,Italy,22.0,M,Basic,10.47
553,2024-05-31,USA,66.0,F,Basic,12.55
554,2022-02-10,USA,27.0,M,Basic,12.79
555,2023-01-02,Mexico,45.0,M,Premium,31.37
556,2022-08-04,UK,38.0,F,Basic,14.57
557,2023-11-30,France,67.0,Other,Premium,34.7
558,2022-09-13,Spain,24.0,F,Premium,31.42
559,2023-11-14,Brazil,20.0,F,Basic,13.55
560,2022-04-16,UK,62.0,F,Basic,13.31
561,2022-12-29,USA,64.0,M,Premium,39.62
562,2024-03-09,Brazil,37.0,M,Basic,12.2
563,2023-07-28,Germany,36.0,F,Premium,32.67
564,2024-06-24,UK,52.0,F,Basic,10.29
565,2024-06-14,UK,21.0,F,Premium,37.32
566,2023-02-21,Brazil,22.0,Other,Basic,13.08
567,2023-09-28,Germany,18.0,M,Basic,14.85
568,2024-02-07,USA,21.0,M,Basic,13.55
569,2022-06-08,Australia,29.0,F,Enterprise,193.31
570,2022-08-31,Italy,44.0,M,Enterprise,199.15
571,2024-06-04,USA,59.0,M,Basic,12.13
572,2022-06-16,UK,40.0,M,Basic,10.74
573,2024-03-30,UK,42.0,M,Basic,10.97
574,2024-04-10,France,38.0,F,Basic,11.58
575,2022-07-01,Brazil,69.0,F,Premium,35.08
576,2024-06-21,Mexico,41.0,F,Basic,10.6
577,2023-02-27,Australia,42.0,F,Premium,33.01
578,2022-01-26,UK,62.0,M,Premium,33.07
579,2022-07-03,USA,63.0,F,Basic,10.01
580,2024-01-25,Mexico,49.0,M,Premium,33.53
581,2022-12-07,Mexico,49.0,M,Basic,10.57
582,2024-03-12,Mexico,22.0,M,Basic,12.14
583,2023-02-26,UK,53.0,F,Premium,31.96
584,2024-04-01,UK,63.0,F,Basic,14.1
585,2023-11-17,Australia,59.0,F,Basic,10.39
586,2024-06-03,Italy,66.0,F,Enterprise,186.56
587,2024-01-23,Italy,59.0,M,Premium,35.8
588,2024-04-10,UK,56.0,F,Basic,12.28
589,2022-09-12,Germany,33.0,F,Premium,35.49
590,2022-10-01,UK,50.0,M,Basic,11.87
591,2022-06-13,USA,66.0,M,Enterprise,112.75
592,2024-03-17,Mexico,38.0,F,Basic,13.82
593,2023-12-20,Mexico,26.0,F,Premium,39.27
594,2022-04-21,UK,23.0,F,Premium,39.49
595,2023-01-27,Germany,68.0,F,Basic,13.34
596,2024-06-12,Italy,62.0,Other,Premium,34.09
597,2022-02-09,Italy,52.0,M,Enterprise,147.83
598,2024-05-29,UK,56.0,M,Premium,36.56
599,2023-04-27,UK,39.0,M,Basic,14.11
600,2022-08-16,UK,58.0,M,Basic,11.86
601,2022-07-24,USA,22.0,F,Enterprise,191.67
602,2024-04-16,UK,59.0,F,Basic,11.61
603,2023-04-17,Italy,40.0,F,Premium,35.3
604,2022-12-25,Italy,34.0,M,Basic,14.8
605,2022-11-09,USA,29.0,F,Basic,14.68
606,2024-04-20,Italy,40.0,M,Basic,13.47
607,2024-03-25,USA,33.0,M,Enterprise,132.45
608,2024-06-11,Spain,20.0,F,Premium,32.18
609,2022-08-22,UK,43.5,F,Basic,10.39
610,2022-08-17,Brazil,39.0,M,Premium,37.08
611,2022-01-25,UK,26.0,M,Basic,12.51
612,2023-11-07,Spain,46.0,F,Premium,35.71
613,2022-07-17,Germany,64.0,M,Basic,12.35
614,2023-02-13,USA,54.0,M,Enterprise,148.28
615,2022-12-03,USA,40.0,F,Basic,12.85
616,2022-10-13,Australia,30.0,M,Premium,39.13
617,2024-06-04,Canada,49.0,M,Basic,10.14
618,2022-03-13,UK,63.0,F,Basic,14.0
619,2024-03-02,Spain,69.0,Other,Basic,11.94
620,2022-10-13,Australia,64.0,Other,Enterprise,174.48
621,2022-12-26,USA,65.0,M,Basic,14.73
622,2023-10-19,USA,40.0,M,Premium,33.05
623,2023-06-06,Australia,62.0,M,Basic,10.44
624,2023-02-14,USA,34.0,M,Basic,11.15
625,2023-11-27,USA,43.5,F,Basic,11.1
626,2024-05-13,Brazil,38.0,F,Premium,37.41
627,2023-07-04,USA,19.0,F,Premium,30.61
628,2022-12-06,Canada,54.0,M,Enterprise,105.08
629,2022-01-29,UK,23.0,M,Enterprise,169.35
630,2022-04-29,Australia,61.0,F,Basic,12.77
631,2024-06-17,USA,43.5,M,Premium,34.17
632,2022-09-25,USA,47.0,F,Basic,12.87
633,2022-07-02,USA,39.0,F,Premium,37.34
634,2023-08-18,Spain,50.0,F,Basic,10.51
635,2022-09-29,Italy,47.0,M,Premium,35.52
636,2022-02-09,Canada,34.0,F,Basic,14.11
637,2022-04-22,Australia,60.0,M,Basic,11.8
638,2023-09-03,Brazil,49.0,M,Basic,13.81
639,2023-03-21,Brazil,59.0,F,Basic,14.22
640,2022-12-20,Australia,68.0,M,Basic,14.09
641,2024-01-17,Mexico,31.0,F,Premium,36.49
642,2024-03-16,USA,27.0,F,Premium,37.16
643,2022-11-18,Brazil,64.0,F,Basic,13.93
644,2023-03-23,USA,68.0,F,Basic,13.66
645,2023-09-13,USA,53.0,M,Basic,12.25
646,2023-06-08,USA,51.0,Other,Premium,31.58
647,2022-04-29,Germany,26.0,F,Basic,11.54
648,2023-01-30,USA,59.0,F,Basic,11.03
649,2023-08-14,Italy,45.0,M,Basic,11.8
650,2022-07-14,Spain,28.0,F,Basic,12.44
651,2022-09-18,Brazil,31.0,M,Basic,14.79
652,2022-02-15,Italy,56.0,F,Basic,14.79
653,2023-12-27,Italy,64.0,M,Basic,13.84
654,2023-03-23,Italy,36.0,F,Basic,14.89
655,2022-01-02,Mexico,32.0,M,Basic,14.98
656,2023-06-17,USA,45.0,M,Premium,38.84
657,2024-04-05,USA,41.0,M,Basic,10.39
658,2023-07-06,France,25.0,M,Basic,12.12
659,2023-12-05,Germany,60.0,M,Basic,12.66
660,2024-01-07,UK,26.0,F,Premium,31.23
661,2024-01-30,Italy,64.0,Unknown,Premium,38.08
662,2024-01-25,UK,50.0,F,Premium,31.48
663,2023-11-18,USA,43.5,F,Basic,11.91
664,2022-07-21,Brazil,36.0,M,Basic,10.33
665,2023-01-08,Canada,20.0,M,Basic,12.61
666,2023-03-18,Brazil,27.0,M,Basic,12.98
667,2022-03-13,Spain,57.0,Unknown,Basic,13.67
668,2023-11-12,UK,64.0,F,Premium,33.38
669,2022-12-05,France,59.0,M,Premium,35.9
670,2023-10-01,UK,18.0,M,Basic,13.66
671,2022-11-18,Brazil,43.5,F,Basic,13.8
672,2023-11-11,France,67.0,F,Basic,11.5
673,2024-05-18,UK,51.0,F,Basic,10.33
674,2022-05-08,Italy,68.0,F,Enterprise,103.75
675,2024-01-08,UK,30.0,Unknown,Basic,13.83
676,2022-11-04,France,18.0,M,Enterprise,138.53
677,2023-06-04,Spain,51.0,M,Basic,10.66
678,2022-11-13,USA,46.0,F,Basic,10.91
679,2023-11-14,USA,65.0,F,Basic,13.82
680,2023-02-23,USA,64.0,F,Premium,35.98
681,2022-12-01,UK,30.0,M,Basic,12.5
682,2023-02-17,USA,65.0,M,Basic,13.11
683,2023-12-15,USA,66.0,M,Basic,10.68
684,2022-10-30,Germany,70.0,M,Basic,11.59
685,2023-07-22,Spain,46.0,M,Basic,11.86
686,2022-05-11,Germany,56.0,F,Basic,11.56
687,2022-07-16,Mexico,41.0,F,Premium,38.63
688,2023-03-07,UK,43.0,M,Premium,35.8
689,2023-11-12,Australia,34.0,F,Basic,13.64
690,2023-01-24,USA,24.0,M,Premium,32.36
691,2023-11-25,Germany,30.0,F,Basic,11.31
692,2024-02-06,Brazil,22.0,M,Premium,32.24
693,2022-06-28,Germany,43.0,M,Basic,13.43
694,2023-09-23,France,66.0,F,Basic,11.74
695,2023-08-06,USA,20.0,M,Basic,12.02
696,2022-11-05,France,24.0,M,Premium,37.08
697,2023-02-20,Mexico,66.0,M,Basic,14.85
698,2023-07-16,USA,56.0,M,Basic,10.8
699,2024-05-03,USA,70.0,M,Basic,10.3
700,2022-01-01,Mexico,18.0,F,Basic,10.96
701,2022-11-08,UK,66.0,F,Premium,37.34
702,2022-10-21,France,34.0,F,Basic,10.96
703,2022-08-04,UK,60.0,M,Enterprise,158.43
704,2023-03-17,Brazil,42.0,M,Basic,12.94
705,2024-03-15,Canada,20.0,M,Basic,11.46
706,2023-08-17,USA,32.0,M,Premium,30.68
707,2023-09-14,USA,46.0,F,Premium,33.98
708,2023-11-02,UK,70.0,M,Basic,10.92
709,2022-11-26,Australia,60.0,F,Basic,10.91
710,2023-04-22,Brazil,49.0,M,Premium,35.22
711,2023-03-29,France,43.0,M,Basic,13.36
712,2023-03-29,USA,33.0,M,Premium,30.74
713,2023-11-23,Australia,42.0,M,Basic,12.88
714,2022-08-07,France,45.0,M,Enterprise,124.61
715,2023-06-08,Germany,26.0,M,Basic,13.36
716,2023-04-30,Australia,18.0,M,Basic,14.04
717,2024-03-23,Mexico,46.0,Unknown,Basic,14.03
718,2024-03-26,UK,43.5,F,Enterprise,136.98
719,2024-01-24,USA,33.0,M,Premium,35.66
720,2022-06-23,Italy,58.0,M,Basic,13.96
721,2023-11-06,UK,68.0,F,Basic,10.29
722,2022-03-28,UK,61.0,Other,Basic,13.02
723,2022-10-18,USA,68.0,F,Basic,14.17
724,2023-06-12,Australia,58.0,M,Basic,11.85
725,2023-11-11,France,24.0,Unknown,Basic,12.27
726,2023-10-11,UK,31.0,F,Basic,13.48
727,2023-09-27,Canada,46.0,M,Basic,10.33
728,2022-12-10,UK,36.0,F,Premium,33.85
729,2022-04-06,UK,36.0,M,Basic,11.47
730,2024-04-18,UK,19.0,Other,Basic,10.07
731,2024-02-09,Germany,58.0,F,Basic,10.97
732,2022-08-29,France,62.0,F,Premium,33.95
733,2023-11-20,Germany,32.0,F,Premium,31.96
734,2022-11-14,Brazil,20.0,M,Premium,36.01
735,2022-08-19,UK,28.0,F,Basic,12.23
736,2024-04-05,Italy,70.0,F,Basic,10.19
737,2022-07-23,Italy,63.0,F,Enterprise,127.49
738,2022-05-31,Germany,47.0,F,Basic,10.09
739,2022-01-26,Mexico,57.0,F,Basic,11.78
740,2022-02-17,Italy,35.0,Other,Premium,32.58
741,2022-09-08,UK,68.0,F,Basic,13.43
742,2023-05-02,USA,65.0,F,Basic,11.53
743,2023-09-18,Germany,19.0,M,Basic,11.87
744,2024-05-20,Brazil,49.0,F,Basic,13.62
745,2024-02-26,Canada,25.0,M,Basic,12.39
746,2022-03-16,Canada,39.0,M,Basic,12.77
747,2023-04-12,USA,23.0,M,Premium,38.4
748,2023-03-01,Australia,29.0,F,Basic,11.02
749,2024-06-26,France,64.0,F,Basic,14.94
750,2023-10-07,Italy,43.5,F,Basic,14.49
751,2023-08-13,Italy,53.0,M,Premium,32.86
752,2022-07-19,Australia,32.0,F,Basic,14.45
753,2024-01-06,USA,45.0,F,Premium,37.53
754,2023-12-15,Brazil,69.0,M,Premium,39.3
755,2023-01-29,UK,66.0,M,Premium,36.9
756,2023-05-22,Germany,62.0,M,Basic,13.36
757,2023-02-14,Mexico,35.0,F,Premium,30.02
758,2022-09-07,Brazil,19.0,F,Basic,12.36
759,2022-06-01,Spain,30.0,M,Basic,10.99
760,2023-11-03,Italy,62.0,Other,Basic,11.61
761,2023-12-06,France,32.0,M,Enterprise,197.87
762,2022-01-06,USA,37.0,M,Basic,10.42
763,2024-02-08,Canada,46.0,M,Premium,37.21
764,2024-05-31,Italy,59.0,M,Basic,10.85
765,2024-02-28,USA,46.0,M,Basic,10.03
766,2024-06-25,UK,20.0,M,Premium,35.0
767,2022-04-20,Brazil,36.0,F,Basic,10.8
768,2024-03-08,UK,20.0,M,Premium,39.64
769,2023-03-12,UK,31.0,F,Premium,32.03
770,2022-08-13,USA,57.0,F,Basic,10.95
771,2022-06-30,Spain,21.0,M,Basic,10.15
772,2024-04-03,Brazil,69.0,F,Basic,11.64
773,2023-12-14,USA,28.0,M,Basic,10.11
774,2023-06-15,UK,48.0,F,Basic,12.48
775,2023-04-21,UK,60.0,F,Basic,12.52
776,2022-02-21,USA,49.0,M,Enterprise,105.31
777,2023-07-25,Germany,44.0,F,Basic,11.19
778,2022-09-13,France,47.0,F,Premium,38.31
779,2024-05-18,Brazil,60.0,F,Basic,12.3
780,2022-05-05,UK,19.0,F,Basic,12.16
781,2023-04-13,UK,66.0,M,Basic,13.48
782,2022-05-17,UK,26.0,F,Premium,37.14
783,2024-03-31,Australia,45.0,M,Basic,13.8
784,2023-04-21,USA,48.0,M,Premium,38.29
785,2023-11-15,Brazil,51.0,M,Basic,11.15
786,2023-06-28,Australia,32.0,M,Basic,10.32
787,2023-07-27,UK,65.0,F,Basic,11.89
788,2023-09-02,Germany,42.0,F,Basic,14.27
789,2022-11-21,Canada,53.0,F,Basic,10.38
790,2024-02-13,Italy,25.0,M,Premium,35.75
791,2023-03-30,Italy,26.0,F,Premium,37.0
792,2023-09-20,USA,54.0,F,Premium,34.8
793,2024-04-14,Germany,65.0,M,Premium,32.54
794,2024-01-07,Mexico,62.0,M,Enterprise,132.62
795,2023-06-01,USA,56.0,F,Enterprise,107.16
796,2023-03-13,Brazil,49.0,F,Basic,11.45
797,2024-04-30,Brazil,69.0,F,Basic,10.21
798,2023-07-16,USA,34.0,F,Basic,13.62
799,2023-04-02,Australia,52.0,Unknown,Basic,14.48
800,2022-06-12,Mexico,54.0,M,Enterprise,163.34
801,2024-02-01,Italy,36.0,F,Basic,13.27
802,2024-06-01,UK,61.0,M,Premium,34.71
803,2023-05-02,Australia,46.0,F,Premium,31.55
804,2023-04-06,Spain,24.0,F,Basic,10.03
805,2022-09-23,Brazil,45.0,F,Basic,11.71
806,2024-02-09,France,26.0,Other,Basic,13.75
807,2022-09-11,Germany,45.0,M,Basic,14.79
808,2024-05-10,USA,23.0,F,Basic,12.15
809,2023-10-15,USA,46.0,F,Basic,11.82
810,2022-10-11,Brazil,34.0,Other,Basic,12.22
811,2024-02-24,Australia,33.0,F,Basic,12.13
812,2024-03-07,Mexico,40.0,M,Basic,13.12
813,2023-06-18,France,48.0,F,Basic,13.66
814,2023-05-12,Australia,20.0,F,Premium,37.84
815,2023-10-04,USA,38.0,M,Basic,13.24
816,2022-09-02,France,43.0,F,Premium,34.37
817,2022-10-09,Spain,53.0,F,Premium,39.49
818,2023-03-27,USA,59.0,F,Premium,37.1
819,2022-03-21,UK,54.0,M,Basic,12.12
820,2024-01-01,UK,70.0,F,Basic,12.22
821,2022-10-20,UK,39.0,F,Basic,14.08
822,2022-08-29,Italy,43.5,F,Basic,12.19
823,2022-10-06,Australia,29.0,M,Enterprise,151.62
824,2022-12-10,Brazil,59.0,M,Basic,11.45
825,2022-11-24,Brazil,43.5,F,Enterprise,183.88
826,2023-07-08,Brazil,28.0,F,Premium,35.21
827,2022-03-24,UK,33.0,M,Basic,12.75
828,2022-05-22,UK,25.0,M,Premium,38.8
829,2022-06-04,UK,57.0,M,Basic,14.59
830,2022-08-25,Canada,57.0,F,Basic,14.11
831,2023-01-28,Australia,62.0,M,Basic,10.32
832,2023-12-12,UK,19.0,M,Enterprise,144.34
833,2022-06-06,UK,47.0,M,Basic,11.71
834,2023-12-25,USA,47.0,F,Premium,32.13
835,2022-08-08,USA,29.0,M,Basic,14.53
836,2022-03-07,UK,27.0,M,Basic,14.44
837,2023-03-01,France,61.0,F,Basic,12.32
838,2023-02-22,USA,28.0,M,Basic,10.66
839,2022-12-05,France,32.0,M,Basic,10.06
840,2023-07-10,USA,33.0,F,Basic,12.18
841,2023-04-23,Mexico,34.0,M,Premium,30.39
842,2023-03-02,USA,43.0,F,Basic,13.04
843,2022-03-05,UK,19.0,M,Enterprise,160.83
844,2022-07-31,UK,67.0,F,Basic,14.48
845,2024-05-02,UK,29.0,M,Basic,10.94
846,2023-03-07,USA,68.0,F,Basic,11.85
847,2023-02-03,Germany,43.0,M,Basic,14.29
848,2024-02-28,France,40.0,M,Enterprise,147.42
849,2023-08-22,Canada,35.0,F,Premium,30.59
850,2023-12-14,Australia,49.0,Other,Premium,31.1
851,2022-01-21,Italy,66.0,Unknown,Premium,38.12
852,2024-05-27,Spain,55.0,F,Premium,37.43
853,2024-06-20,UK,64.0,M,Premium,38.75
854,2024-02-23,Australia,20.0,F,Premium,31.18
855,2023-08-13,Spain,55.0,M,Basic,13.79
856,2023-01-25,Australia,20.0,F,Basic,13.27
857,2023-05-04,UK,47.0,M,Premium,32.31
858,2022-01-07,Spain,18.0,M,Basic,14.86
859,2022-12-27,Italy,47.0,M,Premium,35.69
860,2022-11-02,Australia,62.0,M,Basic,14.52
861,2024-02-11,UK,43.5,F,Premium,38.58
862,2023-02-04,Italy,43.5,Other,Basic,11.66
863,2024-05-23,Spain,38.0,F,Basic,12.67
864,2024-05-05,Italy,63.0,M,Basic,12.15
865,2023-03-06,Australia,30.0,M,Premium,37.08
866,2023-07-06,USA,44.0,Unknown,Basic,12.93
867,2024-02-05,Australia,53.0,Other,Premium,37.84
868,2024-01-23,Australia,24.0,M,Premium,30.11
869,2023-07-14,UK,43.5,F,Basic,13.43
870,2024-03-30,France,27.0,Other,Enterprise,131.9
871,2023-09-10,UK,56.0,F,Basic,11.11
872,2022-08-14,Canada,70.0,M,Premium,38.0
873,2023-05-15,UK,32.0,M,Basic,10.44
874,2022-08-13,USA,32.0,F,Basic,11.13
875,2022-10-07,France,21.0,F,Basic,11.01
876,2023-03-23,USA,49.0,M,Premium,34.19
877,2023-05-13,UK,40.0,M,Enterprise,132.22
878,2022-01-30,UK,23.0,F,Basic,13.59
879,2023-02-03,Brazil,41.0,M,Basic,13.49
880,2022-12-11,Australia,37.0,M,Enterprise,132.54
881,2023-11-16,Brazil,54.0,F,Basic,12.17
882,2023-11-27,Brazil,37.0,F,Basic,11.03
883,2024-03-28,Mexico,43.5,F,Basic,13.34
884,2023-02-19,USA,50.0,M,Basic,11.97
885,2024-01-12,Brazil,43.5,F,Premium,31.32
886,2022-06-19,UK,25.0,F,Enterprise,112.72
887,2024-05-10,USA,18.0,M,Basic,11.6
888,2023-04-24,USA,54.0,F,Premium,37.46
889,2022-05-11,UK,39.0,M,Premium,30.25
890,2023-09-30,France,23.0,Unknown,Basic,11.28
891,2023-07-01,USA,38.0,M,Basic,10.8
892,2022-01-28,Italy,49.0,M,Premium,39.55
893,2023-02-08,Spain,52.0,M,Basic,13.52
894,2023-08-30,Mexico,32.0,F,Basic,11.16
895,2023-08-01,USA,22.0,M,Enterprise,120.74
896,2023-11-10,Canada,63.0,Other,Premium,38.57
897,2022-01-28,Brazil,67.0,F,Enterprise,119.01
898,2022-03-27,UK,65.0,M,Basic,14.98
899,2023-10-21,Germany,23.0,M,Premium,32.81
900,2023-03-15,Spain,42.0,F,Premium,30.83
901,2022-05-19,USA,63.0,F,Enterprise,169.08
902,2024-06-06,UK,57.0,M,Enterprise,160.95
903,2023-04-18,USA,43.5,M,Enterprise,199.97
904,2022-07-06,USA,43.5,F,Enterprise,180.2
905,2022-02-21,USA,57.0,M,Basic,12.13
906,2022-09-24,Canada,43.5,F,Premium,36.76
907,2023-01-24,UK,55.0,F,Basic,14.08
908,2022-12-02,Italy,35.0,M,Premium,35.13
909,2022-08-05,France,19.0,M,Enterprise,127.28
910,2023-04-11,UK,25.0,M,Basic,11.04
911,2022-12-01,Canada,28.0,F,Basic,11.47
912,2022-12-12,Canada,50.0,M,Premium,38.47
913,2024-02-19,USA,55.0,M,Basic,11.89
914,2024-06-19,Brazil,65.0,F,Basic,11.42
915,2023-01-24,USA,44.0,M,Basic,14.02
916,2022-10-12,USA,37.0,F,Basic,10.15
917,2024-02-10,France,29.0,F,Premium,35.93
918,2024-05-01,USA,60.0,M,Basic,14.36
919,2023-03-08,USA,48.0,F,Basic,12.04
920,2022-09-16,UK,44.0,F,Enterprise,126.92
921,2024-05-04,Germany,49.0,M,Premium,34.91
922,2022-03-25,UK,27.0,M,Basic,13.58
923,2023-04-27,Australia,20.0,M,Basic,12.57
924,2022-01-20,USA,62.0,F,Premium,30.07
925,2024-02-07,UK,44.0,M,Basic,10.38
926,2023-07-07,UK,52.0,Other,Premium,37.2
927,2022-02-23,UK,48.0,F,Premium,33.99
928,2022-12-25,USA,32.0,M,Basic,13.91
929,2022-08-18,UK,33.0,F,Enterprise,164.94
930,2023-10-28,Germany,30.0,M,Basic,12.9
931,2022-03-12,UK,66.0,F,Basic,14.5
932,2024-03-10,UK,52.0,F,Enterprise,102.12
933,2023-10-30,UK,69.0,M,Basic,10.77
934,2022-02-11,Italy,43.5,M,Premium,36.23
935,2024-02-12,Italy,38.0,F,Premium,30.65
936,2022-02-01,USA,68.0,F,Basic,13.21
937,2022-09-11,USA,28.0,F,Enterprise,198.4
938,2022-07-24,UK,43.5,M,Basic,14.38
939,2024-05-09,Mexico,65.0,Unknown,Basic,12.94
940,2022-01-21,France,70.0,M,Enterprise,189.39
941,2023-09-29,Mexico,52.0,F,Basic,10.57
942,2022-06-06,USA,39.0,M,Premium,34.54
943,2022-09-02,USA,55.0,M,Premium,34.28
944,2022-05-10,Brazil,48.0,F,Basic,11.67
945,2023-04-30,Brazil,31.0,F,Basic,9.99
946,2023-11-17,UK,41.0,M,Basic,14.45
947,2022-04-28,Mexico,67.0,M,Premium,37.77
948,2023-08-01,USA,66.0,F,Basic,13.25
949,2022-08-12,USA,49.0,M,Basic,10.63
950,2023-04-22,Spain,53.0,M,Basic,11.88
951,2023-12-18,USA,49.0,Unknown,Basic,14.61
952,2022-09-20,Australia,32.0,F,Premium,36.16
953,2024-02-25,Spain,60.0,F,Enterprise,160.33
954,2023-01-13,Germany,52.0,M,Basic,14.56
955,2022-06-21,Italy,20.0,M,Basic,12.79
956,2023-09-13,Italy,43.5,F,Premium,35.97
957,2023-09-14,USA,22.0,Other,Basic,11.72
958,2024-02-05,UK,38.0,F,Enterprise,137.13
959,2024-01-06,UK,27.0,Other,Basic,13.42
960,2022-04-28,USA,36.0,F,Basic,11.59
961,2024-03-07,Canada,42.0,F,Enterprise,155.9
962,2024-04-18,USA,21.0,M,Basic,11.39
963,2022-06-17,Australia,46.0,M,Basic,10.82
964,2022-11-15,USA,36.0,M,Basic,12.26
965,2022-04-21,UK,60.0,F,Enterprise,121.73
966,2023-08-16,Australia,19.0,F,Premium,38.97
967,2022-01-27,UK,27.0,F,Basic,11.51
968,2022-11-16,Mexico,60.0,M,Premium,35.96
969,2023-08-13,Mexico,42.0,M,Basic,11.31
970,2023-11-25,Canada,37.0,M,Basic,11.28
971,2023-01-20,France,65.0,M,Premium,33.5
972,2023-02-11,USA,36.0,F,Premium,39.15
973,2024-01-03,Germany,40.0,F,Basic,11.95
974,2022-07-23,UK,41.0,M,Basic,14.1
975,2022-03-19,UK,28.0,M,Basic,10.98
976,2023-08-30,Mexico,63.0,F,Premium,30.47
977,2023-12-09,USA,51.0,M,Premium,37.81
978,2024-04-30,Canada,43.5,F,Premium,35.41
979,2023-10-05,USA,22.0,M,Premium,35.03
980,2022-09-06,Germany,22.0,M,Premium,32.71
981,2022-04-15,UK,43.5,M,Premium,30.71
982,2023-12-15,Australia,38.0,M,Basic,12.4
983,2024-03-02,USA,29.0,F,Basic,14.33
984,2022-11-05,UK,67.0,M,Basic,10.59
985,2024-05-20,USA,21.0,M,Basic,14.64
986,2023-12-02,USA,66.0,M,Premium,32.74
987,2023-09-07,USA,59.0,M,Enterprise,153.21
988,2024-04-04,Mexico,37.0,M,Basic,10.32
989,2022-05-04,Canada,55.0,F,Enterprise,142.49
990,2024-03-26,USA,42.0,F,Basic,10.62
991,2023-08-03,USA,31.0,F,Basic,10.23
992,2024-03-12,UK,28.0,M,Premium,39.66
993,2022-02-12,France,49.0,M,Basic,13.64
994,2022-12-22,UK,43.5,M,Basic,13.59
995,2023-06-30,USA,35.0,M,Basic,10.44
996,2023-03-15,Spain,44.0,F,Enterprise,192.93
997,2023-11-09,Australia,35.0,F,Premium,34.68
998,2023-01-15,Mexico,40.0,F,Basic,14.25
999,2022-03-12,Germany,28.0,M,Basic,10.05
1000,2023-06-03,Italy,38.0,M,Enterprise,129.81
1001,2023-10-26,USA,61.0,F,Basic,14.97
1002,2022-12-16,USA,22.0,M,Enterprise,142.77
1003,2022-01-13,UK,43.5,F,Basic,14.43
1004,2024-05-19,Brazil,58.0,F,Premium,33.27
1005,2023-03-07,UK,42.0,F,Premium,35.24
1006,2024-04-22,Italy,58.0,F,Basic,14.26
1007,2023-05-17,Spain,27.0,M,Premium,36.05
1008,2022-04-19,USA,39.0,M,Basic,13.62
1009,2023-03-20,Italy,36.0,M,Premium,32.28
1010,2023-01-06,USA,18.0,F,Premium,31.55
1011,2023-10-13,Australia,24.0,M,Basic,11.14
1012,2024-04-28,UK,21.0,F,Premium,34.92
1013,2023-04-16,Spain,18.0,F,Basic,13.99
1014,2023-12-26,UK,32.0,F,Basic,11.76
1015,2022-06-06,USA,57.0,M,Premium,35.64
1016,2023-03-22,UK,29.0,M,Basic,14.01
1017,2022-06-30,UK,39.0,F,Basic,11.18
1018,2024-01-22,USA,39.0,F,Basic,14.4
1019,2023-06-19,Brazil,67.0,F,Basic,14.76
1020,2023-10-29,Mexico,64.0,M,Basic,10.18
1021,2022-10-04,Canada,34.0,F,Basic,10.29
1022,2023-09-23,Canada,46.0,F,Premium,30.9
1023,2024-04-07,Canada,63.0,M,Premium,37.76
1024,2023-07-06,USA,31.0,F,Enterprise,118.92
1025,2024-03-04,France,67.0,F,Basic,13.62
1026,2023-05-11,Germany,37.0,M,Premium,34.4
1027,2023-04-22,Germany,67.0,M,Premium,38.35
1028,2023-03-23,Canada,65.0,F,Basic,14.03
1029,2024-04-25,UK,50.0,M,Premium,39.59
1030,2024-01-19,Spain,60.0,F,Premium,32.5
1031,2023-08-30,UK,32.0,F,Basic,11.14
1032,2022-10-02,Spain,29.0,F,Premium,30.31
1033,2022-11-27,UK,57.0,F,Basic,12.04
1034,2024-05-22,Spain,37.0,M,Basic,12.29
1035,2022-09-09,France,47.0,M,Basic,14.81
1036,2024-04-30,USA,55.0,F,Premium,38.3
1037,2022-03-30,USA,20.0,M,Basic,10.82
1038,2022-10-13,Canada,45.0,F,Basic,13.98
1039,2024-06-21,Brazil,43.0,F,Premium,31.77
1040,2023-04-07,USA,43.5,M,Premium,30.77
1041,2022-09-07,Brazil,30.0,M,Premium,38.36
1042,2024-02-08,Italy,30.0,F,Basic,14.87
1043,2023-04-21,USA,19.0,F,Premium,30.87
1044,2023-08-07,USA,54.0,Unknown,Basic,14.06
1045,2023-09-17,UK,66.0,F,Basic,14.29
1046,2023-11-16,UK,55.0,F,Basic,10.58
1047,2023-01-24,USA,19.0,Other,Premium,32.82
1048,2022-12-11,Australia,53.0,M,Premium,37.33
1049,2022-01-30,Italy,43.0,M,Premium,38.07
1050,2023-05-22,Brazil,28.0,F,Basic,11.76
1051,2024-05-21,UK,25.0,F,Basic,10.79
1052,2022-11-29,UK,61.0,M,Basic,13.23
1053,2022-07-06,UK,57.0,F,Enterprise,170.19
1054,2023-05-15,USA,60.0,F,Basic,12.51
1055,2022-08-06,UK,39.0,M,Basic,10.71
1056,2022-12-30,France,37.0,F,Premium,38.43
1057,2024-03-27,Australia,25.0,F,Basic,13.22
1058,2022-09-22,Italy,46.0,M,Premium,38.68
1059,2022-12-15,Mexico,57.0,M,Premium,39.32
1060,2022-10-14,USA,43.0,F,Premium,38.05
1061,2024-06-20,USA,47.0,M,Basic,14.78
1062,2023-09-03,Mexico,34.0,M,Basic,14.76
1063,2023-12-20,Italy,37.0,F,Basic,13.09
1064,2024-06-20,Brazil,69.0,F,Basic,13.63
1065,2022-10-10,Canada,33.0,F,Premium,36.98
1066,2023-07-24,France,63.0,F,Basic,13.1
1067,2022-01-11,Italy,60.0,M,Premium,30.18
1068,2023-06-14,France,24.0,M,Basic,11.77
1069,2022-07-15,France,33.0,M,Premium,30.99
1070,2022-03-29,UK,62.0,M,Basic,11.49
1071,2022-09-05,Spain,64.0,F,Basic,10.33
1072,2024-01-08,Mexico,65.0,F,Basic,14.59
1073,2023-02-21,Canada,43.5,F,Premium,34.5
1074,2023-05-16,Brazil,43.5,M,Basic,10.94
1075,2023-07-23,USA,40.0,M,Basic,12.91
1076,2024-02-16,Italy,41.0,F,Basic,10.97
1077,2022-09-04,UK,26.0,M,Basic,14.01
1078,2023-12-09,USA,52.0,M,Premium,33.05
1079,2023-05-03,Spain,68.0,F,Premium,33.14
1080,2023-10-24,USA,37.0,M,Basic,14.34
1081,2023-12-30,USA,54.0,M,Basic,12.79
1082,2023-05-18,Brazil,59.0,F,Basic,14.43
1083,2023-04-04,UK,34.0,M,Enterprise,141.28
1084,2024-03-22,Spain,64.0,F,Basic,11.71
1085,2022-01-18,UK,48.0,M,Premium,35.05
1086,2022-04-06,Mexico,25.0,M,Premium,30.6
1087,2022-10-29,Italy,32.0,M,Premium,31.53
1088,2022-08-15,Australia,48.0,F,Enterprise,121.94
1089,2023-02-19,Germany,70.0,F,Basic,14.07
1090,2023-12-10,Mexico,47.0,Other,Enterprise,173.37
1091,2022-09-07,Spain,63.0,F,Premium,31.92
1092,2022-11-10,USA,37.0,F,Basic,11.37
1093,2023-11-11,Brazil,56.0,M,Premium,39.43
1094,2023-08-19,Italy,70.0,M,Premium,30.85
1095,2023-01-13,Mexico,29.0,M,Premium,35.46
1096,2023-04-30,Canada,66.0,M,Basic,12.6
1097,2023-07-21,Spain,34.0,M,Premium,37.25
1098,2023-06-28,USA,59.0,M,Basic,11.3
1099,2022-12-19,Germany,47.0,M,Premium,39.34
1100,2023-03-12,USA,46.0,M,Enterprise,141.05
1101,2024-02-03,Germany,36.0,M,Premium,32.85
1102,2023-07-18,Mexico,63.0,F,Basic,11.67
1103,2022-12-05,Canada,28.0,F,Premium,33.48
1104,2022-12-27,Australia,51.0,M,Basic,10.98
1105,2023-12-21,Brazil,67.0,M,Premium,39.27
1106,2023-04-10,USA,24.0,M,Premium,31.74
1107,2022-10-05,Italy,61.0,F,Basic,14.4
1108,2022-11-10,UK,43.5,M,Basic,12.01
1109,2022-09-15,USA,37.0,Unknown,Premium,32.68
1110,2022-08-25,USA,67.0,M,Basic,10.98
1111,2022-05-04,France,55.0,M,Premium,35.03
1112,2024-01-09,Germany,41.0,M,Basic,13.34
1113,2022-07-17,UK,27.0,M,Basic,14.48
1114,2022-11-20,Australia,49.0,F,Premium,36.51
1115,2022-05-03,Italy,69.0,F,Premium,34.83
1116,2024-01-31,Germany,32.0,F,Basic,10.16
1117,2023-07-03,France,54.0,F,Premium,39.14
1118,2024-02-20,USA,37.0,F,Basic,14.5
1119,2023-12-08,Germany,20.0,Unknown,Premium,33.78
1120,2022-07-09,UK,54.0,M,Basic,10.14
1121,2022-07-16,Italy,57.0,M,Basic,13.66
1122,2022-08-10,Mexico,25.0,M,Basic,13.95
1123,2024-01-27,Australia,57.0,F,Basic,12.7
1124,2023-05-11,France,61.0,M,Basic,12.0
1125,2022-10-11,USA,40.0,F,Basic,14.25
1126,2024-01-12,Brazil,57.0,M,Enterprise,119.24
1127,2023-08-27,UK,28.0,Unknown,Basic,12.19
1128,2024-02-18,France,63.0,M,Basic,10.11
1129,2023-06-22,UK,25.0,M,Premium,31.63
1130,2023-09-04,Italy,46.0,F,Basic,14.69
1131,2022-10-17,USA,47.0,M,Basic,12.88
1132,2022-04-13,France,27.0,Other,Basic,14.02
1133,2024-05-02,Brazil,56.0,M,Basic,12.42
1134,2022-07-18,USA,45.0,M,Basic,14.16
1135,2022-10-31,UK,66.0,F,Basic,12.68
1136,2022-08-21,UK,53.0,F,Premium,30.04
1137,2023-01-05,USA,30.0,M,Basic,14.49
1138,2022-07-03,Spain,49.0,F,Basic,10.73
1139,2022-11-06,Spain,53.0,F,Basic,12.24
1140,2022-01-15,USA,54.0,Unknown,Basic,12.37
1141,2023-12-27,Australia,43.0,M,Basic,10.23
1142,2023-07-01,USA,43.5,M,Premium,30.52
1143,2022-05-10,Italy,21.0,F,Enterprise,176.25
1144,2022-10-08,France,48.0,F,Premium,32.99
1145,2022-02-16,UK,35.0,F,Basic,12.04
1146,2022-02-25,UK,55.0,M,Enterprise,156.4
1147,2023-07-21,UK,41.0,M,Basic,11.86
1148,2022-10-27,Italy,40.0,F,Basic,13.87
1149,2023-12-16,USA,39.0,M,Basic,14.41
1150,2022-05-10,Canada,19.0,M,Premium,30.59
1151,2023-10-16,Spain,48.0,M,Basic,13.17
1152,2024-06-08,Canada,28.0,F,Premium,33.17
1153,2024-02-10,Brazil,45.0,M,Premium,35.82
1154,2023-05-18,UK,63.0,F,Basic,12.41
1155,2022-04-16,UK,49.0,F,Premium,33.33
1156,2024-06-12,France,22.0,F,Basic,10.46
1157,2022-01-13,USA,55.0,M,Basic,12.79
1158,2023-08-11,UK,27.0,M,Basic,10.55
1159,2022-10-19,UK,57.0,F,Premium,31.55
1160,2023-04-26,UK,63.0,F,Basic,14.9
1161,2023-05-06,UK,41.0,F,Premium,33.16
1162,2023-03-28,UK,52.0,F,Enterprise,158.43
1163,2022-12-15,Germany,61.0,F,Enterprise,127.21
1164,2022-07-08,UK,65.0,F,Basic,14.32
1165,2022-02-22,Mexico,40.0,M,Basic,11.41
1166,2022-09-16,Canada,34.0,M,Basic,11.82
1167,2024-06-01,Mexico,18.0,F,Premium,36.07
1168,2023-05-05,Mexico,48.0,M,Enterprise,186.99
1169,2022-04-27,Mexico,43.5,F,Premium,38.15
1170,2024-04-21,Spain,59.0,M,Basic,11.31
1171,2022-03-08,Germany,59.0,F,Basic,14.14
1172,2023-02-15,France,70.0,M,Premium,37.0
1173,2023-05-19,Germany,51.0,M,Basic,14.94
1174,2022-03-17,USA,26.0,Other,Basic,14.67
1175,2023-08-14,USA,39.0,M,Premium,35.32
1176,2023-10-07,Spain,30.0,M,Basic,13.74
1177,2023-12-04,UK,42.0,M,Basic,12.84
1178,2022-02-24,UK,65.0,F,Basic,12.96
1179,2022-06-05,Spain,43.5,F,Basic,10.5
1180,2022-06-02,UK,68.0,F,Premium,30.01
1181,2024-04-10,USA,29.0,M,Basic,10.23
1182,2023-07-31,UK,57.0,F,Premium,39.66
1183,2022-11-08,Australia,34.0,M,Basic,10.62
1184,2022-03-29,Canada,32.0,F,Basic,10.21
1185,2022-09-12,UK,59.0,F,Basic,11.54
1186,2022-05-02,UK,32.0,F,Basic,12.93
1187,2023-07-26,UK,32.0,F,Premium,39.47
1188,2024-02-22,USA,56.0,F,Premium,36.99
1189,2023-03-03,Mexico,30.0,F,Basic,11.37
1190,2023-09-13,Spain,34.0,M,Basic,14.69
1191,2023-09-03,UK,49.0,F,Premium,30.35
1192,2024-03-20,USA,26.0,M,Basic,14.89
1193,2023-09-26,Mexico,43.5,M,Basic,10.28
1194,2022-08-20,France,37.0,M,Basic,13.76
1195,2024-03-05,USA,43.0,M,Premium,30.44
1196,2023-06-20,Canada,44.0,M,Basic,14.65
1197,2023-01-25,Spain,38.0,F,Basic,10.53
1198,2023-04-07,Italy,35.0,M,Premium,30.49
1199,2023-03-30,USA,30.0,M,Enterprise,188.92
1200,2022-11-01,Brazil,33.0,F,Basic,10.47
1201,2024-05-30,Australia,26.0,M,Basic,13.98
1202,2023-08-26,UK,29.0,F,Basic,13.73
1203,2023-03-16,UK,61.0,F,Basic,12.98
1204,2022-11-09,Italy,55.0,F,Basic,11.88
1205,2023-08-06,UK,36.0,F,Basic,14.57
1206,2023-09-28,UK,24.0,M,Enterprise,187.1
1207,2022-03-03,USA,52.0,M,Premium,34.25
1208,2023-09-17,UK,65.0,M,Basic,11.15
1209,2024-01-28,USA,35.0,F,Premium,32.72
1210,2022-04-12,UK,33.0,M,Basic,11.09
1211,2024-02-21,USA,56.0,M,Basic,12.7
1212,2022-08-01,Australia,21.0,M,Enterprise,186.84
1213,2023-10-03,USA,42.0,F,Enterprise,177.35
1214,2022-08-05,Italy,49.0,M,Basic,13.97
1215,2022-09-28,Mexico,57.0,Other,Basic,12.23
1216,2023-11-08,UK,30.0,M,Basic,11.6
1217,2022-03-25,UK,62.0,M,Basic,13.78
1218,2022-06-10,Mexico,34.0,M,Premium,37.92
1219,2022-09-03,Canada,66.0,F,Basic,13.47
1220,2022-06-27,UK,54.0,F,Basic,10.15
1221,2023-07-20,Brazil,23.0,M,Basic,12.94
1222,2022-03-18,Canada,36.0,M,Basic,11.73
1223,2022-06-10,USA,30.0,F,Premium,31.95
1224,2022-01-03,USA,43.0,M,Premium,36.93
1225,2023-02-23,UK,31.0,M,Basic,11.33
1226,2023-04-07,USA,48.0,M,Basic,14.55
1227,2023-12-07,Spain,21.0,M,Basic,11.48
1228,2023-09-01,Italy,56.0,M,Basic,12.77
1229,2023-04-27,UK,25.0,M,Basic,14.13
1230,2022-10-26,Germany,42.0,M,Basic,12.0
1231,2022-02-03,Italy,30.0,F,Basic,14.13
1232,2022-08-26,Australia,49.0,M,Basic,13.61
1233,2022-10-23,USA,55.0,F,Premium,39.2
1234,2023-12-25,Brazil,55.0,M,Basic,11.62
1235,2022-10-17,Spain,45.0,F,Premium,31.04
1236,2023-12-21,USA,70.0,M,Basic,12.14
1237,2024-05-30,UK,47.0,F,Premium,37.85
1238,2023-04-10,USA,20.0,M,Basic,12.24
1239,2022-03-14,UK,45.0,F,Premium,32.61
1240,2023-12-05,France,20.0,M,Basic,10.13
1241,2022-08-28,USA,62.0,M,Enterprise,131.29
1242,2022-09-28,France,51.0,F,Premium,37.12
1243,2024-03-17,Canada,33.0,F,Basic,10.73
1244,2024-03-21,Spain,39.0,M,Basic,11.69
1245,2023-10-03,UK,49.0,F,Premium,30.19
1246,2023-08-27,Germany,55.0,M,Enterprise,172.17
1247,2023-11-09,USA,25.0,M,Premium,38.8
1248,2024-04-03,Mexico,25.0,Other,Premium,35.68
1249,2022-07-22,USA,23.0,M,Premium,30.25
1250,2023-03-12,UK,31.0,F,Basic,11.08
1251,2022-04-28,Mexico,49.0,M,Basic,12.18
1252,2023-07-12,Australia,52.0,F,Basic,12.93
1253,2022-08-19,Australia,27.0,F,Premium,34.95
1254,2023-10-26,USA,20.0,Other,Basic,14.57
1255,2022-06-02,Mexico,29.0,F,Basic,14.68
1256,2022-09-30,UK,66.0,M,Basic,10.53
1257,2024-04-26,Spain,48.0,F,Premium,31.37
1258,2022-05-26,Canada,46.0,M,Basic,11.78
1259,2022-03-15,France,22.0,F,Basic,12.1
1260,2022-03-03,USA,69.0,F,Basic,12.92
1261,2022-06-19,Australia,42.0,F,Basic,13.86
1262,2024-03-22,USA,58.0,F,Premium,31.35
1263,2022-11-11,USA,48.0,M,Basic,14.0
1264,2023-09-02,USA,38.0,F,Premium,36.09
1265,2024-02-06,Spain,37.0,M,Basic,14.89
1266,2024-04-24,UK,56.0,F,Basic,13.25
1267,2023-08-06,Australia,39.0,Unknown,Basic,13.57
1268,2022-10-23,Brazil,21.0,F,Basic,10.97
1269,2023-03-26,Spain,30.0,M,Basic,13.83
1270,2022-05-08,Canada,62.0,F,Basic,10.39
1271,2023-04-25,France,59.0,M,Premium,36.56
1272,2023-12-07,UK,67.0,F,Enterprise,105.55
1273,2022-11-08,Mexico,66.0,M,Enterprise,111.51
1274,2023-12-18,Australia,37.0,F,Enterprise,110.78
1275,2023-02-17,Mexico,69.0,M,Basic,10.25
1276,2022-10-06,USA,30.0,F,Basic,11.6
1277,2023-05-28,UK,34.0,M,Basic,14.96
1278,2023-07-07,UK,53.0,F,Basic,11.73
1279,2023-05-21,UK,50.0,M,Premium,37.6
1280,2023-03-25,USA,18.0,F,Premium,31.31
1281,2022-03-24,Canada,32.0,M,Premium,34.53
1282,2023-09-05,Mexico,30.0,M,Premium,31.84
1283,2022-02-10,Italy,34.0,F,Basic,10.95
1284,2024-06-29,Mexico,41.0,M,Basic,10.49
1285,2023-03-19,UK,25.0,M,Basic,12.15
1286,2024-01-23,France,67.0,F,Enterprise,107.54
1287,2022-11-27,Brazil,44.0,Other,Enterprise,190.97
1288,2023-09-11,Italy,62.0,F,Basic,12.23
1289,2022-09-14,France,40.0,M,Basic,14.18
1290,2022-01-27,USA,63.0,M,Basic,14.89
1291,2022-04-04,Spain,25.0,F,Basic,13.38
1292,2022-08-23,Spain,25.0,M,Premium,39.01
1293,2023-11-22,Germany,43.0,F,Basic,10.67
1294,2024-05-06,Spain,64.0,M,Basic,14.14
1295,2024-05-31,Mexico,30.0,Other,Basic,11.35
1296,2023-08-13,USA,56.0,F,Enterprise,147.25
1297,2023-08-25,Brazil,54.0,F,Basic,13.22
1298,2022-01-22,UK,66.0,M,Premium,39.03
1299,2024-02-23,USA,45.0,F,Basic,14.54
1300,2023-11-20,Germany,42.0,M,Basic,10.45
1301,2024-04-21,USA,33.0,F,Basic,11.81
1302,2022-10-03,France,19.0,Unknown,Premium,37.92
1303,2023-08-14,USA,35.0,M,Premium,37.02
1304,2022-02-11,USA,34.0,M,Basic,10.12
1305,2024-02-21,Germany,47.0,F,Basic,12.24
1306,2024-02-14,USA,56.0,M,Premium,38.28
1307,2022-06-29,Mexico,30.0,F,Premium,37.37
1308,2023-04-27,UK,49.0,M,Basic,12.05
1309,2023-06-16,Spain,67.0,M,Basic,13.67
1310,2023-10-30,Spain,46.0,F,Premium,35.5
1311,2023-03-29,USA,63.0,F,Basic,14.55
1312,2022-10-12,Germany,47.0,M,Enterprise,158.7
1313,2022-07-05,USA,35.0,F,Premium,34.0
1314,2023-08-23,UK,30.0,F,Basic,14.3
1315,2023-03-23,UK,60.0,F,Premium,30.49
1316,2023-10-13,USA,38.0,M,Basic,14.49
1317,2024-04-13,Germany,47.0,M,Premium,36.95
1318,2023-05-19,USA,38.0,F,Premium,39.4
1319,2022-04-04,Spain,65.0,F,Basic,11.24
1320,2023-04-27,Italy,34.0,M,Premium,36.94
1321,2022-12-23,UK,57.0,F,Premium,38.08
1322,2023-02-23,Brazil,36.0,M,Premium,37.01
1323,2022-12-08,USA,69.0,M,Basic,11.04
1324,2022-11-25,UK,43.5,F,Basic,11.37
1325,2023-11-18,Mexico,26.0,F,Premium,35.66
1326,2022-04-18,Germany,69.0,M,Enterprise,144.67
1327,2024-05-28,Canada,27.0,F,Basic,13.67
1328,2022-06-14,UK,61.0,F,Basic,11.88
1329,2022-12-04,Brazil,48.0,F,Basic,14.29
1330,2023-02-26,UK,70.0,F,Basic,12.15
1331,2023-12-12,France,40.0,M,Premium,30.39
1332,2023-05-23,USA,69.0,Unknown,Premium,30.16
1333,2022-10-23,Brazil,47.0,M,Enterprise,164.66
1334,2023-11-10,UK,43.5,F,Premium,35.4
1335,2023-02-15,Canada,69.0,F,Basic,12.7
1336,2024-04-13,Germany,26.0,M,Premium,37.89
1337,2024-02-18,USA,64.0,M,Premium,33.75
1338,2023-07-18,Mexico,18.0,M,Enterprise,199.53
1339,2022-02-07,UK,61.0,M,Basic,14.72
1340,2023-04-11,UK,52.0,F,Basic,10.05
1341,2022-04-01,USA,28.0,F,Basic,14.47
1342,2022-11-19,Italy,51.0,M,Basic,13.39
1343,2022-09-16,UK,33.0,F,Basic,12.5
1344,2022-11-28,Canada,26.0,F,Premium,35.82
1345,2022-04-29,Italy,49.0,F,Premium,38.41
1346,2024-03-02,USA,32.0,M,Basic,14.75
1347,2023-02-18,UK,29.0,M,Basic,12.79
1348,2024-06-04,UK,43.5,Unknown,Enterprise,118.12
1349,2023-06-11,Brazil,62.0,F,Basic,13.19
1350,2024-04-24,UK,31.0,F,Basic,10.37
1351,2022-01-02,Brazil,25.0,F,Basic,13.17
1352,2023-11-05,Spain,25.0,M,Basic,14.03
1353,2024-06-09,UK,44.0,M,Basic,11.76
1354,2023-07-10,Spain,29.0,M,Premium,30.7
1355,2023-04-19,Brazil,18.0,Other,Enterprise,169.21
1356,2023-02-28,Spain,60.0,M,Premium,33.38
1357,2022-02-25,UK,57.0,M,Basic,11.24
1358,2022-07-12,Brazil,59.0,Other,Basic,13.44
1359,2023-06-15,UK,68.0,F,Enterprise,196.95
1360,2023-01-06,Australia,28.0,F,Premium,37.44
1361,2023-09-30,Brazil,56.0,M,Basic,12.45
1362,2024-02-14,USA,60.0,F,Basic,12.99
1363,2023-05-26,Canada,48.0,M,Premium,31.41
1364,2023-10-03,USA,34.0,F,Basic,14.06
1365,2023-03-29,USA,43.5,M,Basic,13.01
1366,2024-02-18,UK,49.0,M,Basic,14.82
1367,2022-02-22,UK,43.5,F,Basic,14.89
1368,2022-07-28,Italy,38.0,Unknown,Basic,11.76
1369,2022-10-01,Canada,38.0,F,Basic,14.93
1370,2023-07-17,Canada,57.0,M,Basic,14.77
1371,2022-05-15,UK,40.0,M,Premium,36.39
1372,2022-10-22,UK,23.0,F,Premium,33.32
1373,2023-03-25,Canada,43.5,F,Basic,13.76
1374,2024-06-20,Mexico,67.0,Other,Enterprise,127.11
1375,2023-12-17,Italy,55.0,F,Basic,13.14
1376,2023-05-12,Spain,54.0,F,Basic,10.11
1377,2022-05-05,UK,62.0,F,Basic,13.13
1378,2022-01-30,UK,68.0,M,Premium,39.51
1379,2023-10-08,Spain,25.0,M,Basic,11.17
1380,2023-09-16,Germany,58.0,M,Basic,13.88
1381,2024-03-29,Italy,66.0,M,Premium,32.92
1382,2022-09-03,Mexico,52.0,F,Basic,13.53
1383,2023-12-28,Canada,68.0,F,Premium,36.99
1384,2022-06-12,Australia,28.0,F,Premium,31.84
1385,2022-11-15,Italy,41.0,M,Enterprise,159.7
1386,2023-07-19,Brazil,66.0,M,Basic,14.29
1387,2022-01-15,Spain,38.0,M,Basic,11.9
1388,2023-07-20,Mexico,68.0,F,Enterprise,171.02
1389,2023-02-22,USA,19.0,M,Premium,36.73
1390,2022-04-06,France,57.0,F,Premium,32.57
1391,2022-08-19,USA,36.0,M,Basic,14.58
1392,2024-05-11,Spain,56.0,M,Basic,12.81
1393,2022-04-27,Australia,45.0,F,Basic,11.77
1394,2023-04-18,Canada,34.0,F,Basic,10.81
1395,2022-05-01,Australia,23.0,M,Basic,12.36
1396,2023-10-26,Australia,36.0,F,Basic,13.64
1397,2024-05-02,UK,55.0,Other,Basic,13.11
1398,2022-06-07,UK,45.0,Other,Basic,13.63
1399,2023-05-26,UK,19.0,F,Basic,13.95
1400,2024-01-04,Spain,55.0,F,Basic,12.2
1401,2022-10-26,UK,54.0,M,Basic,12.59
1402,2023-06-06,Spain,68.0,F,Basic,14.92
1403,2023-12-24,Italy,69.0,M,Basic,14.83
1404,2022-10-07,USA,21.0,Other,Basic,12.06
1405,2023-03-02,Australia,39.0,M,Premium,36.84
1406,2024-05-04,Italy,43.0,M,Basic,11.33
1407,2023-05-10,France,66.0,F,Premium,31.52
1408,2023-04-29,UK,60.0,M,Premium,37.67
1409,2022-09-07,USA,53.0,M,Premium,34.35
1410,2023-04-13,Brazil,30.0,F,Basic,10.88
1411,2023-07-19,Mexico,69.0,F,Basic,13.78
1412,2022-05-29,Spain,49.0,F,Premium,39.14
1413,2023-01-28,France,34.0,M,Enterprise,193.32
1414,2022-07-15,UK,58.0,F,Enterprise,159.62
1415,2023-09-06,Canada,53.0,Unknown,Basic,12.39
1416,2023-06-05,Germany,63.0,M,Premium,31.41
1417,2024-02-04,USA,36.0,F,Premium,37.92
1418,2024-06-19,Mexico,52.0,F,Premium,39.44
1419,2022-05-20,UK,63.0,F,Basic,14.44
1420,2024-06-03,UK,57.0,F,Basic,13.75
1421,2022-03-13,Italy,45.0,M,Basic,10.01
1422,2022-10-10,Mexico,18.0,F,Basic,12.03
1423,2024-03-02,UK,59.0,M,Premium,34.1
1424,2024-03-19,UK,35.0,F,Enterprise,189.43
1425,2024-05-24,Germany,65.0,F,Premium,30.65
1426,2023-03-01,France,57.0,F,Basic,12.65
1427,2022-12-15,USA,50.0,F,Premium,31.35
1428,2024-03-17,UK,29.0,F,Basic,13.3
1429,2023-06-04,Germany,25.0,F,Premium,37.91
1430,2022-10-01,USA,41.0,M,Premium,36.41
1431,2024-04-20,Spain,33.0,M,Basic,13.96
1432,2022-01-03,UK,67.0,F,Basic,13.03
1433,2022-10-17,France,21.0,F,Basic,10.94
1434,2024-01-14,UK,43.5,M,Basic,11.9
1435,2022-11-02,France,61.0,M,Premium,39.56
1436,2024-05-07,Italy,44.0,M,Basic,11.43
1437,2023-08-25,UK,26.0,F,Basic,10.3
1438,2023-08-17,France,64.0,M,Basic,11.91
1439,2023-11-07,UK,33.0,M,Premium,33.65
1440,2023-05-17,Italy,29.0,F,Basic,12.34
1441,2024-06-05,France,48.0,F,Basic,12.79
1442,2022-06-02,USA,41.0,M,Premium,39.91
1443,2023-04-03,UK,31.0,M,Basic,13.77
1444,2023-07-06,France,62.0,F,Basic,10.17
1445,2023-05-11,Italy,42.0,M,Premium,37.12
1446,2022-12-20,Canada,51.0,Other,Basic,14.11
1447,2022-12-07,UK,20.0,F,Premium,38.95
1448,2023-07-20,USA,41.0,M,Basic,12.11
1449,2024-02-21,Germany,43.5,F,Basic,11.56
1450,2023-07-11,USA,26.0,M,Basic,14.19
1451,2023-01-22,Canada,43.0,M,Premium,37.77
1452,2023-04-12,USA,37.0,F,Basic,12.67
1453,2022-11-26,Canada,57.0,F,Basic,10.58
1454,2024-06-09,USA,27.0,M,Basic,13.25
1455,2022-07-13,Canada,36.0,M,Basic,10.32
1456,2023-12-16,Canada,20.0,M,Premium,30.99
1457,2022-09-02,Australia,41.0,M,Enterprise,133.1
1458,2023-08-09,Canada,22.0,F,Premium,33.7
1459,2023-01-28,USA,20.0,M,Basic,12.3
1460,2022-08-28,UK,44.0,Other,Basic,11.69
1461,2024-05-26,Spain,33.0,M,Premium,30.33
1462,2024-03-05,France,66.0,F,Enterprise,115.73
1463,2023-02-25,Germany,32.0,Unknown,Basic,10.57
1464,2022-02-14,UK,52.0,F,Basic,12.15
1465,2022-11-22,UK,29.0,M,Basic,11.05
1466,2024-02-02,UK,58.0,M,Basic,11.46
1467,2023-04-30,Spain,70.0,M,Basic,12.35
1468,2023-12-24,USA,61.0,Other,Enterprise,123.55
1469,2024-04-10,USA,43.0,F,Basic,11.22
1470,2023-01-26,Brazil,64.0,F,Basic,14.16
1471,2023-01-31,Canada,51.0,F,Basic,12.73
1472,2023-11-11,UK,40.0,M,Enterprise,185.67
1473,2024-03-22,Italy,48.0,F,Basic,12.56
1474,2024-04-20,Australia,67.0,Other,Basic,14.54
1475,2023-10-30,USA,37.0,M,Basic,11.26
1476,2022-06-05,UK,43.5,M,Basic,13.07
1477,2023-05-23,USA,40.0,F,Premium,35.02
1478,2022-02-07,Germany,21.0,M,Basic,14.58
1479,2022-05-10,USA,40.0,M,Basic,12.08
1480,2023-05-30,UK,65.0,F,Premium,38.54
1481,2023-08-28,France,65.0,F,Basic,12.81
1482,2022-12-06,USA,18.0,M,Basic,13.53
1483,2024-06-09,UK,42.0,M,Enterprise,188.68
1484,2022-04-13,UK,19.0,F,Basic,14.97
1485,2024-06-14,UK,47.0,F,Premium,37.3
1486,2024-05-15,Australia,20.0,M,Premium,33.14
1487,2023-03-27,Brazil,38.0,F,Enterprise,129.89
1488,2022-04-13,Spain,42.0,F,Basic,11.54
1489,2023-06-23,USA,37.0,F,Basic,10.48
1490,2023-04-13,Germany,43.5,M,Basic,10.26
1491,2022-01-16,USA,69.0,M,Basic,12.89
1492,2024-01-10,Brazil,39.0,F,Basic,14.04
1493,2022-05-28,Mexico,38.0,M,Enterprise,103.6
1494,2023-02-24,Germany,50.0,F,Premium,35.66
1495,2024-06-10,USA,69.0,M,Basic,11.85
1496,2023-11-02,Canada,55.0,M,Basic,14.45
1497,2022-06-08,Spain,32.0,M,Basic,10.72
1498,2022-03-18,USA,63.0,M,Premium,35.62
1499,2023-04-26,Mexico,69.0,F,Basic,14.84
1500,2024-03-11,Mexico,32.0,M,Basic,11.72
1501,2022-09-29,Brazil,63.0,F,Enterprise,174.17
1502,2022-12-13,USA,42.0,F,Basic,14.4
1503,2023-10-01,Brazil,38.0,M,Premium,31.85
1504,2023-12-11,Brazil,41.0,F,Basic,14.95
1505,2023-02-12,Mexico,22.0,M,Premium,38.08
1506,2023-10-28,Spain,23.0,F,Basic,10.68
1507,2022-03-24,USA,66.0,F,Basic,11.54
1508,2024-05-22,USA,60.0,M,Enterprise,162.49
1509,2022-12-03,USA,65.0,M,Premium,38.84
1510,2024-05-22,Mexico,61.0,F,Basic,10.96
1511,2023-11-22,USA,64.0,F,Basic,13.65
1512,2024-05-29,USA,40.0,M,Basic,11.34
1513,2023-07-01,USA,21.0,F,Premium,38.04
1514,2023-01-25,UK,44.0,M,Basic,13.41
1515,2022-11-21,Australia,35.0,F,Premium,35.22
1516,2023-10-04,USA,38.0,M,Basic,13.24
1517,2024-01-06,USA,45.0,F,Basic,14.37
1518,2024-06-27,Mexico,52.0,M,Premium,33.85
1519,2024-02-17,UK,39.0,F,Basic,13.84
1520,2023-05-15,USA,57.0,Unknown,Premium,31.58
1521,2024-06-12,UK,40.0,F,Basic,13.5
1522,2023-07-09,USA,20.0,F,Basic,13.74
1523,2022-02-06,Spain,57.0,F,Basic,12.2
1524,2023-09-25,Brazil,67.0,Unknown,Basic,13.96
1525,2022-03-12,Germany,27.0,F,Basic,12.78
1526,2022-08-29,Germany,42.0,F,Basic,14.67
1527,2023-10-09,USA,69.0,F,Premium,31.11
1528,2023-12-02,Italy,66.0,F,Basic,10.64
1529,2022-10-22,Italy,25.0,M,Basic,14.2
1530,2022-08-21,USA,28.0,F,Basic,14.2
1531,2024-02-04,Mexico,22.0,M,Basic,12.35
1532,2022-04-03,USA,62.0,F,Basic,14.81
1533,2023-03-21,Australia,70.0,F,Basic,13.39
1534,2022-04-11,USA,54.0,Other,Basic,14.9
1535,2024-02-18,Germany,62.0,M,Basic,12.65
1536,2023-10-11,Germany,55.0,M,Basic,11.0
1537,2023-12-22,Australia,46.0,Unknown,Premium,34.43
1538,2024-06-12,USA,22.0,M,Premium,39.79
1539,2022-04-13,Germany,26.0,M,Basic,11.84
1540,2023-03-31,Brazil,43.5,F,Enterprise,195.69
1541,2022-06-20,Spain,19.0,F,Basic,13.98
1542,2023-12-12,USA,18.0,M,Basic,12.2
1543,2022-11-03,France,57.0,F,Premium,35.41
1544,2022-01-30,Germany,68.0,M,Premium,36.06
1545,2022-02-17,USA,47.0,F,Enterprise,166.57
1546,2022-11-29,Spain,28.0,M,Enterprise,107.66
1547,2024-03-26,Germany,45.0,F,Basic,14.66
1548,2022-02-27,Canada,61.0,M,Enterprise,159.69
1549,2022-10-28,Brazil,29.0,F,Enterprise,193.1
1550,2023-01-03,Spain,56.0,M,Basic,13.15
1551,2023-01-19,UK,43.0,F,Enterprise,143.09
1552,2023-03-18,France,30.0,M,Basic,12.82
1553,2022-05-30,UK,25.0,M,Premium,38.29
1554,2022-09-08,USA,45.0,F,Basic,11.62
1555,2023-06-28,USA,47.0,F,Basic,14.77
1556,2023-02-26,USA,26.0,M,Basic,12.32
1557,2023-08-03,Australia,56.0,M,Basic,14.77
1558,2023-11-30,Spain,48.0,M,Premium,38.8
1559,2024-03-22,USA,38.0,M,Basic,13.83
1560,2022-07-04,USA,64.0,M,Basic,12.33
1561,2022-06-24,Spain,51.0,M,Basic,12.92
1562,2022-06-29,Mexico,48.0,F,Premium,38.37
1563,2022-03-22,Spain,43.5,F,Premium,35.43
1564,2023-09-17,Mexico,42.0,M,Premium,37.37
1565,2024-06-10,Canada,29.0,Other,Premium,37.9
1566,2023-01-27,UK,18.0,F,Basic,12.56
1567,2023-09-27,UK,39.0,M,Basic,12.67
1568,2023-12-01,UK,57.0,M,Basic,10.98
1569,2022-09-04,UK,54.0,F,Enterprise,124.46
1570,2023-05-25,UK,64.0,M,Premium,39.04
1571,2023-08-21,Mexico,18.0,M,Basic,14.19
1572,2022-05-27,Germany,18.0,F,Basic,10.04
1573,2022-08-26,USA,59.0,F,Basic,14.34
1574,2023-04-18,Germany,59.0,M,Premium,30.24
1575,2023-10-16,Italy,38.0,F,Basic,12.28
1576,2022-09-18,Germany,32.0,F,Premium,30.66
1577,2023-04-16,USA,34.0,F,Basic,14.83
1578,2022-09-19,Germany,39.0,F,Basic,14.85
1579,2023-11-14,UK,55.0,M,Premium,36.1
1580,2022-01-10,USA,52.0,F,Basic,11.95
1581,2024-04-03,Brazil,62.0,M,Enterprise,151.19
1582,2023-04-22,USA,33.0,M,Basic,13.8
1583,2022-10-22,UK,25.0,M,Basic,11.11
1584,2023-11-25,Brazil,64.0,M,Basic,12.2
1585,2023-07-14,Australia,34.0,M,Premium,37.36
1586,2022-06-11,USA,34.0,M,Premium,33.94
1587,2022-03-17,USA,43.0,M,Basic,10.15
1588,2023-03-29,USA,30.0,F,Basic,12.53
1589,2022-12-20,UK,34.0,M,Basic,13.68
1590,2023-08-25,UK,55.0,F,Basic,14.87
1591,2022-11-03,Canada,34.0,M,Basic,10.18
1592,2023-10-17,Italy,65.0,M,Basic,12.69
1593,2023-03-11,USA,31.0,M,Basic,12.24
1594,2023-12-08,USA,62.0,M,Basic,11.2
1595,2022-09-14,Germany,23.0,F,Basic,13.18
1596,2023-04-13,Germany,43.5,M,Basic,10.81
1597,2024-05-15,Australia,63.0,Other,Basic,11.41
1598,2022-11-06,UK,31.0,Other,Basic,13.9
1599,2022-07-23,UK,64.0,M,Premium,34.59
1600,2023-01-29,UK,25.0,F,Basic,14.96
1601,2024-05-23,UK,32.0,M,Basic,11.92
1602,2023-05-10,Mexico,44.0,F,Basic,12.31
1603,2022-04-20,France,30.0,F,Premium,32.99
1604,2022-08-31,USA,66.0,M,Basic,11.17
1605,2023-01-26,UK,48.0,M,Enterprise,192.22
1606,2023-08-09,Australia,70.0,M,Basic,13.73
1607,2023-01-03,USA,52.0,M,Basic,11.66
1608,2023-08-12,UK,23.0,F,Basic,13.49
1609,2022-10-30,Italy,22.0,M,Basic,14.82
1610,2023-12-18,UK,39.0,M,Basic,10.36
1611,2022-10-30,Australia,66.0,M,Basic,11.31
1612,2022-01-23,Spain,40.0,F,Basic,10.99
1613,2024-04-29,USA,42.0,M,Basic,14.34
1614,2023-11-06,Italy,51.0,F,Basic,10.89
1615,2023-02-10,Mexico,43.0,F,Basic,11.53
1616,2022-10-09,Spain,64.0,F,Basic,12.71
1617,2022-01-09,Canada,22.0,F,Premium,36.2
1618,2023-08-03,Mexico,43.0,M,Basic,14.03
1619,2024-06-04,Germany,37.0,M,Basic,12.03
1620,2023-12-04,USA,43.5,F,Basic,12.66
1621,2024-03-07,USA,23.0,F,Basic,14.82
1622,2024-02-02,USA,67.0,F,Basic,11.48
1623,2022-02-20,USA,35.0,M,Basic,11.23
1624,2023-09-13,Mexico,21.0,M,Basic,13.54
1625,2024-02-03,France,34.0,Other,Enterprise,177.1
1626,2023-05-24,Spain,31.0,M,Basic,12.06
1627,2024-05-02,USA,31.0,M,Basic,11.05
1628,2022-10-21,Brazil,30.0,M,Premium,37.78
1629,2024-03-05,France,24.0,Other,Basic,13.34
1630,2024-03-29,Germany,61.0,M,Premium,38.75
1631,2022-08-24,France,32.0,M,Basic,14.21
1632,2023-09-14,UK,36.0,F,Basic,11.02
1633,2024-04-01,UK,60.0,M,Premium,38.31
1634,2022-12-27,Canada,64.0,F,Enterprise,117.51
1635,2022-08-13,Mexico,61.0,F,Premium,38.63
1636,2023-10-14,UK,52.0,M,Basic,13.84
1637,2022-07-14,Italy,34.0,F,Basic,12.84
1638,2023-09-28,Italy,52.0,F,Basic,13.2
1639,2022-09-14,Brazil,36.0,M,Premium,31.03
1640,2023-11-26,Brazil,37.0,M,Basic,10.19
1641,2024-02-13,USA,53.0,F,Basic,11.64
1642,2024-01-09,Germany,52.0,M,Premium,38.2
1643,2024-02-25,UK,49.0,F,Premium,34.65
1644,2023-11-07,Canada,65.0,F,Basic,11.11
1645,2023-11-29,UK,61.0,M,Premium,38.34
1646,2024-05-08,USA,57.0,F,Basic,11.13
1647,2022-05-21,UK,41.0,M,Basic,14.07
1648,2023-10-06,Italy,34.0,Unknown,Basic,12.25
1649,2022-04-10,UK,24.0,M,Basic,12.31
1650,2023-10-05,France,60.0,F,Premium,32.72
1651,2023-10-24,UK,67.0,F,Premium,38.99
1652,2022-02-10,USA,18.0,F,Basic,10.43
1653,2022-11-13,USA,52.0,F,Premium,31.43
1654,2024-03-18,UK,49.0,F,Basic,13.17
1655,2023-03-28,France,53.0,M,Basic,14.24
1656,2022-02-04,UK,43.5,F,Basic,10.47
1657,2023-08-17,Italy,23.0,F,Premium,37.33
1658,2023-01-09,Australia,31.0,F,Basic,13.7
1659,2024-01-20,Germany,54.0,F,Basic,12.9
1660,2022-05-15,UK,65.0,M,Basic,12.42
1661,2022-04-03,Italy,32.0,M,Basic,11.6
1662,2022-10-30,UK,64.0,M,Premium,33.5
1663,2022-12-01,UK,21.0,F,Basic,13.36
1664,2024-02-05,Canada,57.0,M,Basic,10.32
1665,2023-03-02,France,33.0,F,Enterprise,158.48
1666,2022-06-29,UK,45.0,M,Basic,11.38
1667,2022-07-25,Canada,33.0,M,Premium,34.66
1668,2022-05-16,Spain,21.0,M,Basic,12.78
1669,2024-03-16,USA,62.0,M,Basic,14.42
1670,2023-07-07,Australia,43.0,F,Premium,35.78
1671,2024-06-16,Brazil,45.0,M,Basic,11.13
1672,2023-01-10,France,49.0,M,Premium,30.78
1673,2023-06-28,UK,62.0,M,Basic,13.12
1674,2023-05-29,Germany,19.0,F,Basic,12.72
1675,2022-10-07,Italy,48.0,F,Premium,36.71
1676,2024-04-30,Brazil,20.0,M,Basic,12.29
1677,2022-06-18,USA,25.0,F,Basic,14.12
1678,2022-09-21,Italy,41.0,M,Premium,39.19
1679,2024-04-24,UK,32.0,M,Premium,30.39
1680,2023-05-09,Australia,60.0,F,Basic,13.71
1681,2024-04-05,Mexico,48.0,M,Premium,30.34
1682,2022-10-30,Italy,26.0,F,Enterprise,144.5
1683,2024-02-04,Mexico,56.0,Unknown,Basic,12.3
1684,2024-06-10,USA,62.0,F,Basic,13.47
1685,2022-12-13,Australia,19.0,M,Basic,11.75
1686,2024-04-03,UK,25.0,F,Premium,38.2
1687,2022-04-28,Canada,24.0,F,Premium,33.42
1688,2023-04-25,USA,61.0,M,Premium,33.42
1689,2022-03-19,USA,68.0,F,Enterprise,122.27
1690,2022-05-25,UK,56.0,M,Basic,13.41
1691,2024-02-12,UK,59.0,F,Basic,10.37
1692,2022-08-20,USA,33.0,M,Basic,11.81
1693,2024-05-30,Italy,52.0,M,Basic,11.32
1694,2023-11-24,Brazil,47.0,F,Premium,32.28
1695,2024-01-12,UK,27.0,M,Premium,30.6
1696,2023-11-22,Canada,55.0,F,Basic,10.94
1697,2023-02-11,Spain,35.0,M,Basic,12.22
1698,2024-05-16,Canada,67.0,M,Premium,35.03
1699,2024-04-03,UK,22.0,F,Basic,11.34
1700,2023-07-25,USA,70.0,F,Basic,13.24
1701,2023-01-10,Canada,46.0,M,Basic,11.67
1702,2022-04-03,Germany,56.0,M,Basic,11.83
1703,2024-03-20,Spain,51.0,M,Enterprise,178.25
1704,2023-02-09,USA,60.0,M,Basic,12.75
1705,2022-01-15,UK,62.0,M,Premium,39.52
1706,2022-09-28,USA,40.0,M,Basic,11.79
1707,2023-07-04,Germany,22.0,F,Basic,14.13
1708,2022-05-07,Spain,47.0,F,Basic,13.68
1709,2023-04-11,UK,23.0,M,Basic,14.44
1710,2023-01-13,UK,63.0,M,Basic,14.77
1711,2023-11-20,UK,61.0,M,Basic,10.03
1712,2024-02-06,Spain,21.0,F,Basic,10.43
1713,2023-11-20,USA,46.0,F,Premium,36.73
1714,2022-09-26,Italy,40.0,F,Basic,11.94
1715,2023-08-22,UK,23.0,F,Basic,14.09
1716,2023-01-26,UK,49.0,F,Premium,30.11
1717,2024-04-22,USA,59.0,M,Basic,14.02
1718,2023-10-16,USA,35.0,M,Enterprise,113.51
1719,2023-01-16,UK,32.0,F,Enterprise,129.01
1720,2022-04-21,Canada,57.0,M,Premium,39.68
1721,2023-11-23,USA,49.0,F,Premium,30.51
1722,2022-08-28,Mexico,26.0,F,Basic,11.74
1723,2023-04-28,Canada,43.5,F,Basic,10.41
1724,2022-01-26,Brazil,27.0,M,Premium,38.53
1725,2023-09-27,Canada,37.0,F,Basic,13.51
1726,2024-06-24,USA,23.0,Unknown,Basic,13.99
1727,2023-07-29,France,65.0,F,Premium,35.26
1728,2022-12-02,Italy,20.0,F,Premium,33.57
1729,2023-09-17,USA,59.0,Other,Basic,10.0
1730,2022-08-15,UK,28.0,Unknown,Basic,11.38
1731,2023-10-26,France,60.0,M,Basic,12.56
1732,2022-03-06,France,34.0,M,Premium,36.63
1733,2023-10-13,Spain,49.0,M,Basic,11.13
1734,2024-04-23,USA,21.0,F,Enterprise,113.88
1735,2023-04-21,USA,21.0,Other,Premium,32.01
1736,2023-12-19,France,34.0,M,Basic,11.76
1737,2022-11-06,Brazil,58.0,M,Basic,10.73
1738,2023-10-27,Canada,36.0,M,Basic,10.77
1739,2023-02-23,Spain,22.0,F,Enterprise,104.37
1740,2022-04-30,Italy,49.0,M,Basic,14.27
1741,2022-05-24,France,39.0,M,Premium,32.19
1742,2022-02-16,Germany,23.0,M,Basic,14.1
1743,2022-02-08,USA,43.5,M,Basic,12.18
1744,2022-11-08,USA,39.0,F,Enterprise,163.23
1745,2023-05-20,USA,18.0,M,Basic,10.37
1746,2022-04-29,UK,37.0,M,Premium,35.83
1747,2022-04-10,Australia,39.0,M,Basic,11.44
1748,2022-08-29,Australia,65.0,F,Premium,30.94
1749,2024-06-27,USA,28.0,F,Premium,39.07
1750,2023-07-05,Mexico,30.0,M,Premium,36.03
1751,2022-05-19,UK,59.0,M,Basic,11.2
1752,2023-02-02,USA,20.0,F,Basic,12.09
1753,2023-04-10,Australia,26.0,M,Basic,11.77
1754,2023-01-15,USA,29.0,F,Basic,13.49
1755,2023-11-18,UK,40.0,M,Premium,36.06
1756,2024-01-31,Australia,31.0,M,Basic,10.09
1757,2023-12-15,Canada,50.0,F,Basic,10.98
1758,2023-07-08,Canada,35.0,F,Premium,34.77
1759,2023-03-06,USA,66.0,F,Premium,34.44
1760,2023-08-25,Brazil,58.0,M,Enterprise,151.66
1761,2024-01-31,USA,26.0,M,Basic,13.56
1762,2024-01-15,Italy,40.0,M,Basic,13.4
1763,2022-06-08,France,27.0,F,Basic,11.85
1764,2024-06-25,Germany,36.0,F,Basic,14.38
1765,2023-03-01,USA,64.0,M,Basic,10.3
1766,2023-11-02,Australia,22.0,F,Enterprise,158.44
1767,2022-04-12,Mexico,64.0,F,Basic,14.74
1768,2024-05-03,Spain,69.0,M,Basic,12.74
1769,2023-05-17,USA,43.5,F,Basic,12.27
1770,2023-09-23,Spain,47.0,M,Basic,10.66
1771,2023-02-22,UK,42.0,M,Basic,14.04
1772,2022-10-14,USA,45.0,Other,Basic,11.86
1773,2022-02-03,Germany,51.0,M,Basic,13.5
1774,2023-12-08,UK,62.0,M,Basic,10.98
1775,2023-01-15,UK,65.0,F,Basic,10.2
1776,2022-08-11,UK,64.0,Other,Premium,33.04
1777,2023-03-31,Spain,42.0,Other,Basic,11.4
1778,2023-04-01,France,27.0,F,Basic,14.36
1779,2022-08-30,USA,31.0,M,Enterprise,186.46
1780,2024-05-25,France,59.0,F,Basic,12.66
1781,2023-01-07,Australia,63.0,F,Basic,10.08
1782,2022-04-12,Canada,47.0,M,Premium,32.27
1783,2023-12-04,Italy,58.0,F,Basic,13.19
1784,2023-01-12,France,42.0,M,Premium,31.0
1785,2023-07-12,Brazil,31.0,M,Enterprise,170.05
1786,2023-10-23,Italy,52.0,F,Basic,10.05
1787,2023-01-03,Italy,69.0,F,Premium,36.82
1788,2022-03-04,Germany,65.0,M,Basic,14.21
1789,2023-02-12,USA,51.0,M,Basic,12.34
1790,2022-10-10,Germany,27.0,F,Premium,38.28
1791,2022-07-14,Italy,52.0,M,Enterprise,178.14
1792,2022-05-06,UK,43.5,M,Premium,36.7
1793,2024-05-18,UK,28.0,F,Basic,12.22
1794,2024-04-23,Italy,38.0,F,Basic,11.35
1795,2023-04-11,Germany,38.0,F,Basic,14.29
1796,2022-04-04,Mexico,39.0,F,Basic,13.23
1797,2023-11-10,UK,62.0,F,Enterprise,179.79
1798,2022-08-06,Germany,24.0,F,Basic,12.75
1799,2023-10-20,France,34.0,M,Basic,10.85
1800,2023-10-17,USA,19.0,F,Basic,14.89
1801,2023-09-04,Spain,29.0,M,Basic,10.9
1802,2022-01-22,USA,59.0,Unknown,Premium,39.1
1803,2022-02-21,Canada,35.0,M,Basic,11.03
1804,2024-03-16,Germany,28.0,F,Premium,33.73
1805,2022-12-08,Brazil,33.0,M,Basic,12.19
1806,2022-09-07,USA,66.0,M,Basic,14.6
1807,2022-05-09,Mexico,68.0,F,Premium,38.87
1808,2024-03-16,UK,43.5,F,Basic,14.11
1809,2023-08-02,Germany,52.0,F,Basic,11.87
1810,2022-07-30,USA,70.0,M,Premium,30.03
1811,2022-03-12,USA,43.0,M,Basic,13.4
1812,2024-04-29,Canada,33.0,F,Basic,12.04
1813,2024-02-23,Italy,43.5,M,Premium,37.56
1814,2023-07-22,Germany,61.0,F,Enterprise,179.48
1815,2022-08-01,USA,60.0,M,Basic,12.19
1816,2023-08-24,Mexico,64.0,F,Premium,37.47
1817,2022-08-10,Spain,64.0,M,Basic,14.19
1818,2024-04-12,USA,65.0,M,Basic,14.63
1819,2024-06-09,Australia,59.0,F,Basic,12.9
1820,2022-08-27,Australia,29.0,M,Enterprise,177.84
1821,2022-12-03,Brazil,30.0,M,Basic,12.46
1822,2024-03-03,USA,21.0,F,Basic,10.2
1823,2022-06-01,USA,56.0,M,Basic,10.77
1824,2024-03-18,UK,19.0,M,Enterprise,112.81
1825,2023-09-03,Canada,43.0,M,Basic,10.85
1826,2022-01-03,Spain,44.0,M,Basic,10.04
1827,2022-10-11,Italy,44.0,M,Premium,38.58
1828,2024-05-29,Germany,32.0,F,Premium,35.59
1829,2022-05-29,Germany,25.0,F,Basic,11.91
1830,2022-05-14,Australia,24.0,M,Basic,12.04
1831,2023-07-08,Germany,64.0,M,Enterprise,146.33
1832,2022-09-14,Spain,63.0,F,Enterprise,107.38
1833,2024-03-28,USA,57.0,Other,Basic,11.36
1834,2022-06-28,UK,29.0,M,Basic,14.25
1835,2022-04-23,Brazil,30.0,F,Basic,13.71
1836,2023-11-08,UK,60.0,F,Basic,12.81
1837,2024-06-06,France,34.0,M,Premium,34.8
1838,2022-01-27,Brazil,34.0,M,Basic,11.28
1839,2022-05-15,USA,53.0,M,Premium,34.7
1840,2022-01-16,USA,38.0,F,Premium,35.97
1841,2023-01-02,Brazil,25.0,F,Premium,37.12
1842,2024-03-19,Italy,22.0,F,Enterprise,116.65
1843,2024-03-18,Australia,43.0,M,Basic,14.06
1844,2022-09-01,Mexico,33.0,F,Basic,11.72
1845,2023-08-26,USA,53.0,F,Premium,35.02
1846,2022-11-28,Germany,45.0,F,Premium,36.07
1847,2022-01-17,USA,46.0,M,Basic,12.43
1848,2022-06-28,Italy,64.0,F,Premium,35.71
1849,2022-09-29,USA,29.0,M,Basic,10.55
1850,2022-02-23,Mexico,54.0,F,Basic,12.15
1851,2022-05-10,Canada,47.0,F,Basic,11.39
1852,2024-01-30,Germany,40.0,M,Enterprise,108.59
1853,2023-03-08,Brazil,43.5,Unknown,Basic,10.95
1854,2023-06-23,Brazil,31.0,Unknown,Basic,13.0
1855,2022-04-27,USA,27.0,F,Enterprise,119.66
1856,2024-02-03,USA,24.0,M,Premium,31.8
1857,2022-03-07,Canada,62.0,F,Premium,35.52
1858,2023-05-03,Germany,69.0,F,Basic,14.51
1859,2023-04-05,Mexico,54.0,M,Basic,13.93
1860,2024-03-07,UK,46.0,F,Basic,14.52
1861,2023-01-06,Brazil,20.0,M,Premium,35.82
1862,2023-06-10,Mexico,32.0,M,Premium,34.09
1863,2023-08-31,USA,53.0,F,Premium,37.29
1864,2022-04-22,Brazil,64.0,F,Premium,32.6
1865,2023-04-08,Mexico,63.0,F,Basic,10.38
1866,2023-05-31,UK,69.0,F,Premium,33.44
1867,2022-08-15,Australia,36.0,F,Basic,11.49
1868,2023-09-22,France,30.0,F,Basic,13.37
1869,2022-02-14,Spain,59.0,F,Basic,12.75
1870,2024-01-15,Australia,38.0,F,Premium,31.37
1871,2024-03-13,France,54.0,M,Premium,39.08
1872,2024-06-06,Italy,44.0,M,Basic,12.96
1873,2023-11-06,Mexico,69.0,F,Basic,12.28
1874,2023-06-18,France,46.0,F,Basic,14.68
1875,2022-11-05,Germany,37.0,F,Enterprise,109.72
1876,2023-04-15,UK,42.0,M,Premium,37.89
1877,2023-10-21,UK,43.5,Other,Enterprise,136.46
1878,2022-02-01,USA,53.0,M,Premium,36.94
1879,2022-03-04,Mexico,19.0,F,Basic,14.64
1880,2023-05-06,USA,39.0,M,Basic,12.58
1881,2024-05-17,USA,49.0,M,Basic,10.1
1882,2023-02-16,Brazil,33.0,F,Basic,10.13
1883,2023-03-13,Mexico,35.0,Other,Basic,11.64
1884,2023-12-04,Spain,22.0,M,Basic,13.9
1885,2022-04-21,Mexico,53.0,M,Premium,32.87
1886,2023-05-18,USA,47.0,M,Basic,11.66
1887,2023-12-31,UK,62.0,M,Basic,13.91
1888,2023-03-31,USA,36.0,M,Basic,10.57
1889,2022-03-17,Mexico,40.0,F,Basic,14.22
1890,2022-03-24,UK,51.0,F,Premium,32.65
1891,2022-11-26,France,30.0,M,Premium,30.5
1892,2023-09-15,USA,60.0,F,Basic,10.58
1893,2022-06-01,UK,46.0,M,Premium,39.52
1894,2022-03-09,Mexico,53.0,M,Basic,12.25
1895,2022-05-10,France,39.0,M,Basic,11.27
1896,2022-10-09,USA,69.0,F,Basic,12.6
1897,2023-10-02,France,69.0,M,Enterprise,168.22
1898,2023-10-11,Spain,64.0,M,Basic,11.58
1899,2023-08-23,UK,53.0,M,Basic,13.62
1900,2023-07-16,Australia,43.5,M,Premium,32.51
1901,2023-12-31,Canada,56.0,M,Basic,10.55
1902,2022-11-29,Italy,68.0,F,Basic,12.74
1903,2023-01-26,UK,36.0,F,Premium,31.5
1904,2023-09-04,Brazil,55.0,F,Basic,14.69
1905,2023-06-28,UK,23.0,M,Premium,29.99
1906,2022-10-29,Canada,69.0,M,Premium,37.55
1907,2023-04-10,Australia,64.0,M,Premium,32.78
1908,2023-06-02,UK,32.0,M,Enterprise,184.6
1909,2023-09-12,Germany,37.0,F,Premium,30.59
1910,2023-03-17,Spain,26.0,M,Premium,39.52
1911,2022-04-12,Mexico,49.0,M,Premium,31.0
1912,2024-03-23,Spain,21.0,F,Enterprise,178.78
1913,2023-12-20,Canada,67.0,M,Enterprise,151.72
1914,2022-04-28,Mexico,35.0,Other,Premium,34.29
1915,2024-05-23,Brazil,22.0,M,Basic,11.39
1916,2023-11-02,USA,37.0,F,Premium,38.4
1917,2023-10-29,France,40.0,M,Basic,10.99
1918,2024-06-17,Germany,28.0,Other,Basic,13.6
1919,2024-02-27,UK,54.0,M,Basic,12.22
1920,2023-07-19,UK,39.0,F,Enterprise,199.84
1921,2024-01-09,Canada,21.0,M,Basic,13.05
1922,2024-06-05,Spain,46.0,F,Premium,31.03
1923,2022-08-09,UK,61.0,M,Basic,12.09
1924,2023-03-17,Brazil,51.0,M,Basic,10.32
1925,2023-04-08,UK,30.0,F,Basic,11.42
1926,2024-06-28,UK,59.0,Other,Premium,33.42
1927,2022-08-22,USA,26.0,M,Premium,38.52
1928,2023-02-28,Brazil,59.0,F,Basic,14.18
1929,2022-12-14,Mexico,48.0,M,Basic,10.05
1930,2024-04-27,Italy,24.0,F,Premium,35.31
1931,2023-04-10,Canada,21.0,F,Basic,11.11
1932,2023-02-13,USA,36.0,F,Basic,11.59
1933,2023-03-02,France,59.0,F,Basic,10.1
1934,2024-01-18,Italy,47.0,F,Premium,37.49
1935,2022-04-08,France,48.0,M,Basic,14.74
1936,2022-11-17,USA,52.0,F,Basic,11.09
1937,2023-03-14,Italy,38.0,M,Enterprise,134.17
1938,2022-11-17,USA,48.0,F,Premium,32.05
1939,2023-11-13,Spain,36.0,F,Basic,14.64
1940,2022-09-19,UK,48.0,M,Basic,10.04
1941,2023-01-19,UK,70.0,F,Basic,12.91
1942,2022-06-06,UK,49.0,F,Basic,14.34
1943,2023-12-05,UK,19.0,F,Basic,10.92
1944,2023-05-01,Germany,69.0,M,Basic,12.94
1945,2022-03-10,USA,27.0,M,Basic,10.24
1946,2022-04-04,France,43.5,F,Enterprise,181.45
1947,2024-05-01,USA,19.0,M,Enterprise,127.43
1948,2022-03-29,UK,41.0,M,Basic,14.93
1949,2022-04-06,Italy,34.0,F,Premium,39.21
1950,2023-03-19,USA,49.0,M,Basic,13.65
1951,2022-04-09,Brazil,33.0,F,Premium,34.96
1952,2024-02-02,Canada,33.0,F,Basic,13.82
1953,2024-01-27,Italy,63.0,F,Enterprise,113.05
1954,2023-01-17,USA,43.5,M,Premium,33.09
1955,2024-04-11,USA,70.0,Unknown,Basic,10.12
1956,2022-05-14,USA,48.0,M,Premium,36.44
1957,2023-07-24,Mexico,60.0,F,Premium,38.05
1958,2022-03-03,USA,41.0,M,Basic,14.72
1959,2023-08-24,Spain,18.0,Other,Premium,36.86
1960,2023-07-30,USA,28.0,F,Premium,37.31
1961,2023-07-30,USA,38.0,F,Premium,38.94
1962,2022-12-04,UK,21.0,M,Premium,39.35
1963,2023-11-18,Brazil,24.0,M,Basic,12.45
1964,2022-05-06,Spain,43.0,F,Premium,31.09
1965,2023-02-25,Brazil,64.0,M,Enterprise,146.63
1966,2022-12-29,France,67.0,M,Basic,12.77
1967,2024-06-13,France,43.5,M,Basic,13.15
1968,2023-11-13,UK,48.0,F,Premium,39.88
1969,2024-02-08,Mexico,43.5,F,Enterprise,191.75
1970,2023-03-10,UK,50.0,F,Basic,11.97
1971,2024-06-07,USA,28.0,F,Basic,10.56
1972,2024-01-09,Canada,45.0,M,Basic,11.06
1973,2022-02-22,France,49.0,F,Premium,31.73
1974,2022-10-22,Spain,18.0,M,Enterprise,135.59
1975,2023-09-07,USA,64.0,F,Basic,14.37
1976,2022-11-16,Canada,45.0,M,Basic,12.18
1977,2022-12-27,Australia,43.5,M,Enterprise,156.72
1978,2022-04-17,Brazil,59.0,F,Basic,10.89
1979,2023-08-15,France,43.5,M,Premium,34.92
1980,2023-06-04,USA,19.0,F,Basic,14.36
1981,2022-08-06,France,59.0,M,Basic,13.86
1982,2022-06-08,USA,43.5,M,Basic,10.4
1983,2023-11-04,Australia,21.0,M,Premium,38.61
1984,2023-05-09,Italy,61.0,F,Enterprise,127.37
1985,2022-08-18,France,36.0,M,Enterprise,166.56
1986,2024-05-17,Spain,43.0,F,Premium,31.45
1987,2022-04-21,France,28.0,M,Basic,13.36
1988,2022-12-25,UK,57.0,M,Basic,10.17
1989,2024-05-15,Canada,67.0,M,Basic,12.99
1990,2023-07-24,Canada,60.0,F,Enterprise,164.58
1991,2023-01-12,USA,28.0,F,Basic,11.21
1992,2022-04-28,Spain,62.0,M,Enterprise,193.69
1993,2024-02-20,Australia,20.0,F,Enterprise,104.59
1994,2022-10-13,UK,29.0,F,Basic,14.45
1995,2023-08-11,Spain,20.0,M,Premium,33.81
1996,2022-08-20,Canada,59.0,F,Enterprise,171.38
1997,2024-04-06,UK,44.0,M,Premium,36.51
1998,2023-03-16,Italy,66.0,F,Premium,31.67
1999,2024-05-15,USA,19.0,F,Premium,33.18
2000,2023-07-29,UK,66.0,M,Basic,12.64
2001,2024-02-25,UK,33.0,M,Premium,38.46
2002,2024-04-18,Australia,19.0,Other,Basic,14.76
2003,2023-09-29,Brazil,43.5,F,Basic,10.09
2004,2023-09-21,Australia,37.0,F,Premium,33.52
2005,2023-11-23,UK,55.0,M,Premium,36.67
2006,2023-10-21,Brazil,45.0,M,Basic,12.63
2007,2023-07-25,USA,42.0,M,Basic,14.71
2008,2022-01-27,USA,49.0,M,Enterprise,101.69
2009,2023-09-16,Spain,27.0,F,Premium,34.37
2010,2023-11-05,Brazil,59.0,F,Basic,13.33
2011,2024-04-29,Mexico,57.0,F,Enterprise,121.75
2012,2023-12-12,Brazil,50.0,M,Basic,13.62
2013,2022-10-01,USA,30.0,F,Premium,30.8
2014,2022-01-30,Italy,58.0,F,Premium,34.5
2015,2022-07-04,USA,59.0,F,Enterprise,167.61
2016,2022-10-07,Spain,64.0,F,Premium,32.66
2017,2023-12-21,Spain,54.0,Other,Basic,10.36
2018,2024-02-20,USA,33.0,F,Premium,39.56
2019,2022-11-13,Spain,62.0,M,Basic,14.56
2020,2022-12-14,Canada,43.5,M,Basic,14.62
2021,2022-12-26,Brazil,37.0,Other,Basic,14.88
2022,2022-01-07,Brazil,67.0,F,Basic,10.91
2023,2022-07-05,USA,60.0,M,Basic,10.78
2024,2024-06-09,UK,44.0,M,Basic,10.16
2025,2022-05-27,Spain,58.0,F,Premium,38.91
2026,2023-08-03,USA,33.0,Other,Premium,37.52
2027,2023-11-05,Spain,51.0,M,Basic,13.16
2028,2023-02-15,Australia,49.0,F,Enterprise,192.76
2029,2022-03-13,USA,43.0,F,Basic,12.87
2030,2022-05-26,Canada,42.0,M,Basic,10.64
2031,2024-01-29,Canada,19.0,M,Basic,10.87
2032,2023-10-11,France,29.0,F,Basic,10.65
2033,2022-02-01,Brazil,57.0,F,Basic,11.53
2034,2022-04-04,Canada,26.0,F,Enterprise,137.94
2035,2024-02-04,Brazil,29.0,F,Basic,13.97
2036,2023-06-28,France,43.0,M,Basic,10.95
2037,2022-08-09,UK,26.0,F,Basic,13.62
2038,2023-01-21,Italy,27.0,M,Premium,34.9
2039,2023-03-06,UK,49.0,M,Basic,14.99
2040,2023-04-10,Canada,51.0,M,Premium,37.76
2041,2022-12-16,UK,65.0,M,Basic,14.83
2042,2022-06-11,Australia,37.0,F,Basic,11.7
2043,2023-01-14,Germany,56.0,F,Basic,10.61
2044,2022-11-16,UK,19.0,F,Premium,35.05
2045,2024-01-09,Canada,18.0,M,Premium,31.23
2046,2022-11-29,Brazil,68.0,F,Basic,12.45
2047,2024-03-06,Italy,53.0,F,Basic,11.34
2048,2023-08-05,France,41.0,F,Basic,12.45
2049,2023-09-03,USA,44.0,F,Basic,14.74
2050,2022-03-28,Germany,19.0,M,Basic,11.44
2051,2024-06-23,Italy,48.0,M,Premium,39.92
2052,2022-02-23,Italy,31.0,M,Premium,32.28
2053,2022-06-09,Canada,19.0,F,Basic,11.03
2054,2022-06-11,UK,46.0,Other,Enterprise,154.47
2055,2024-02-12,Mexico,32.0,M,Enterprise,184.19
2056,2023-09-25,Germany,29.0,M,Basic,13.74
2057,2022-02-20,USA,54.0,M,Basic,13.61
2058,2023-11-22,UK,45.0,F,Enterprise,128.25
2059,2022-03-25,USA,37.0,M,Premium,30.22
2060,2022-10-06,Mexico,56.0,M,Basic,10.8
2061,2023-03-30,Brazil,41.0,M,Premium,33.48
2062,2023-11-09,Brazil,38.0,Unknown,Basic,14.85
2063,2023-03-11,Australia,27.0,F,Premium,39.19
2064,2023-05-13,Germany,63.0,F,Basic,10.99
2065,2023-09-14,USA,31.0,M,Premium,37.25
2066,2023-03-29,Brazil,54.0,M,Basic,12.89
2067,2023-03-01,Mexico,35.0,M,Basic,10.24
2068,2022-10-07,Canada,41.0,Unknown,Basic,11.85
2069,2022-08-09,USA,31.0,M,Basic,12.42
2070,2024-02-13,France,51.0,M,Premium,36.67
2071,2023-06-09,USA,29.0,F,Basic,11.46
2072,2022-04-27,Spain,39.0,M,Basic,14.66
2073,2022-12-20,USA,23.0,M,Basic,12.25
2074,2023-03-17,Australia,53.0,Unknown,Premium,32.48
2075,2022-04-24,Spain,62.0,F,Basic,11.57
2076,2022-10-18,Brazil,53.0,F,Basic,13.75
2077,2023-11-26,USA,39.0,F,Enterprise,164.02
2078,2023-11-26,UK,31.0,M,Basic,13.7
2079,2023-08-31,USA,33.0,F,Premium,32.91
2080,2023-05-14,Mexico,53.0,F,Basic,11.62
2081,2023-06-24,Germany,42.0,M,Premium,33.96
2082,2023-11-15,Italy,49.0,M,Basic,10.93
2083,2022-11-12,France,50.0,F,Premium,36.9
2084,2022-02-16,USA,62.0,M,Basic,11.64
2085,2022-08-14,Australia,53.0,M,Basic,11.62
2086,2023-02-09,Australia,37.0,M,Basic,11.34
2087,2023-09-06,Mexico,35.0,M,Premium,34.52
2088,2022-02-26,UK,55.0,M,Premium,37.71
2089,2022-01-08,Brazil,20.0,M,Basic,14.17
2090,2022-07-29,UK,40.0,M,Basic,14.01
2091,2022-11-05,UK,43.5,M,Premium,36.2
2092,2022-08-05,UK,62.0,F,Premium,32.79
2093,2024-02-25,UK,33.0,M,Premium,37.34
2094,2022-05-21,USA,22.0,F,Enterprise,103.93
2095,2024-02-22,UK,21.0,F,Basic,13.98
2096,2022-09-19,Canada,38.0,F,Basic,13.89
2097,2022-10-24,USA,57.0,F,Basic,13.34
2098,2022-12-02,Australia,68.0,M,Premium,30.97
2099,2022-05-03,UK,31.0,M,Basic,14.98
2100,2022-01-08,USA,56.0,F,Basic,13.77
2101,2023-05-25,Italy,48.0,M,Basic,13.66
2102,2024-02-04,UK,31.0,F,Basic,10.31
2103,2023-03-17,USA,23.0,F,Basic,11.98
2104,2022-06-29,UK,43.5,M,Basic,10.42
2105,2022-05-13,Italy,33.0,F,Enterprise,136.09
2106,2023-01-25,Spain,34.0,F,Basic,12.84
2107,2023-06-30,Canada,62.0,M,Basic,14.38
2108,2023-12-22,USA,40.0,M,Premium,32.82
2109,2022-08-24,USA,31.0,F,Premium,36.22
2110,2023-05-28,Mexico,24.0,F,Premium,31.64
2111,2023-07-27,Brazil,63.0,M,Basic,11.76
2112,2024-05-03,Australia,49.0,M,Premium,39.46
2113,2023-11-16,UK,32.0,F,Basic,13.73
2114,2024-04-05,Canada,61.0,F,Basic,12.72
2115,2022-12-29,USA,34.0,F,Premium,32.51
2116,2022-03-15,UK,58.0,Other,Premium,33.79
2117,2023-02-11,Brazil,64.0,M,Basic,10.77
2118,2024-06-01,Australia,61.0,M,Enterprise,135.34
2119,2024-01-30,Germany,43.5,F,Premium,31.5
2120,2022-02-13,Brazil,43.5,F,Premium,37.94
2121,2023-03-23,Canada,62.0,M,Basic,10.39
2122,2022-01-20,USA,44.0,M,Basic,10.94
2123,2023-04-16,UK,69.0,F,Basic,13.45
2124,2022-03-21,USA,40.0,Unknown,Basic,14.5
2125,2024-06-01,Canada,43.5,F,Basic,14.81
2126,2022-11-17,Italy,31.0,M,Premium,38.35
2127,2023-08-13,Germany,32.0,M,Premium,32.1
2128,2023-03-16,Italy,43.5,M,Basic,11.42
2129,2023-08-11,USA,50.0,F,Basic,14.34
2130,2023-02-19,Mexico,70.0,F,Basic,14.44
2131,2023-12-28,USA,48.0,F,Premium,36.4
2132,2023-10-18,Brazil,52.0,F,Basic,11.56
2133,2023-03-04,UK,34.0,Unknown,Premium,32.23
2134,2022-10-24,USA,45.0,M,Premium,38.51
2135,2022-04-28,USA,36.0,F,Basic,11.02
2136,2023-02-19,Brazil,63.0,F,Basic,13.3
2137,2022-01-22,France,40.0,F,Basic,14.83
2138,2022-11-29,Germany,43.5,F,Premium,37.04
2139,2022-06-25,Germany,57.0,M,Premium,32.57
2140,2024-03-31,Brazil,30.0,M,Premium,32.82
2141,2023-09-25,Brazil,37.0,F,Premium,30.92
2142,2023-04-17,Canada,52.0,M,Basic,13.42
2143,2024-05-01,UK,22.0,M,Basic,12.58
2144,2023-12-08,USA,26.0,Unknown,Premium,32.05
2145,2023-01-06,Mexico,46.0,M,Premium,32.27
2146,2022-04-01,UK,23.0,F,Premium,30.08
2147,2023-03-24,UK,42.0,M,Premium,39.77
2148,2024-05-14,Canada,48.0,F,Basic,14.13
2149,2022-04-19,Canada,39.0,F,Basic,11.96
2150,2022-09-07,USA,19.0,F,Premium,39.45
2151,2023-03-23,USA,62.0,M,Enterprise,167.7
2152,2023-08-27,Mexico,22.0,M,Basic,13.75
2153,2023-02-15,Australia,44.0,M,Basic,13.39
2154,2023-06-21,Spain,42.0,M,Basic,13.77
2155,2022-03-22,Australia,25.0,F,Basic,10.84
2156,2023-02-10,Brazil,18.0,M,Basic,12.8
2157,2024-06-10,UK,37.0,M,Enterprise,184.93
2158,2022-11-14,UK,61.0,M,Premium,30.19
2159,2024-02-03,Canada,40.0,F,Premium,31.22
2160,2022-12-14,UK,49.0,M,Premium,32.45
2161,2022-08-15,UK,28.0,F,Basic,11.46
2162,2022-12-08,USA,56.0,F,Enterprise,118.26
2163,2024-03-08,France,64.0,F,Basic,13.11
2164,2022-06-22,UK,41.0,F,Enterprise,129.39
2165,2022-03-20,USA,28.0,M,Premium,31.57
2166,2023-06-07,Canada,46.0,F,Basic,14.52
2167,2023-10-11,USA,43.0,F,Basic,13.47
2168,2022-04-27,Italy,33.0,F,Basic,11.22
2169,2023-06-28,Australia,52.0,F,Basic,11.79
2170,2023-06-07,UK,37.0,M,Basic,13.69
2171,2022-07-18,USA,63.0,M,Premium,37.9
2172,2024-03-05,Brazil,20.0,F,Premium,31.75
2173,2022-12-24,USA,18.0,F,Basic,14.67
2174,2022-12-26,USA,70.0,M,Basic,13.92
2175,2024-01-15,France,64.0,M,Premium,38.56
2176,2024-04-18,Spain,18.0,Unknown,Basic,10.71
2177,2023-10-23,Australia,34.0,Unknown,Basic,10.71
2178,2024-04-14,USA,19.0,F,Premium,33.04
2179,2022-06-01,Australia,46.0,F,Basic,10.31
2180,2022-08-30,Canada,37.0,M,Basic,10.45
2181,2022-04-16,Spain,23.0,M,Basic,10.71
2182,2022-05-30,Australia,25.0,M,Basic,13.55
2183,2022-09-20,Mexico,43.5,M,Basic,10.14
2184,2022-07-22,France,65.0,F,Basic,10.41
2185,2022-06-27,USA,68.0,M,Basic,14.71
2186,2023-09-09,Brazil,50.0,F,Premium,30.83
2187,2022-06-06,UK,20.0,F,Premium,35.36
2188,2024-02-18,Spain,52.0,F,Premium,36.42
2189,2024-02-17,Canada,22.0,M,Basic,14.78
2190,2023-11-03,Mexico,44.0,M,Basic,14.49
2191,2022-03-19,USA,61.0,M,Basic,12.19
2192,2022-07-01,UK,29.0,F,Premium,39.41
2193,2024-03-02,Germany,37.0,F,Basic,12.15
2194,2023-10-06,USA,62.0,M,Basic,13.34
2195,2023-05-21,Brazil,37.0,M,Basic,11.29
2196,2023-04-21,Australia,26.0,F,Enterprise,163.65
2197,2024-02-12,UK,56.0,F,Enterprise,153.81
2198,2023-08-01,Spain,21.0,Other,Basic,13.02
2199,2024-02-18,Australia,43.5,M,Premium,36.82
2200,2023-08-17,Italy,36.0,M,Basic,10.86
2201,2023-04-05,USA,43.5,M,Basic,11.5
2202,2023-11-29,UK,44.0,M,Basic,13.67
2203,2024-06-22,Mexico,62.0,F,Basic,10.81
2204,2023-08-02,France,60.0,M,Basic,11.71
2205,2023-10-21,Mexico,30.0,M,Enterprise,166.64
2206,2023-10-13,Mexico,30.0,F,Premium,39.37
2207,2023-10-02,Germany,39.0,M,Basic,10.37
2208,2022-11-27,USA,43.5,F,Basic,12.57
2209,2024-06-03,Mexico,69.0,M,Basic,10.4
2210,2023-10-05,Australia,64.0,F,Basic,11.89
2211,2022-11-20,UK,70.0,M,Premium,31.74
2212,2022-06-04,UK,62.0,F,Basic,13.24
2213,2023-03-27,France,39.0,M,Premium,37.57
2214,2022-03-11,UK,60.0,M,Basic,11.23
2215,2023-04-26,France,36.0,F,Basic,13.55
2216,2023-03-29,Australia,25.0,M,Basic,12.22
2217,2023-10-09,UK,69.0,M,Enterprise,128.35
2218,2022-11-07,UK,25.0,F,Premium,35.22
2219,2024-03-26,UK,59.0,F,Basic,11.89
2220,2022-10-09,UK,43.5,M,Premium,32.29
2221,2023-08-29,USA,65.0,M,Enterprise,175.67
2222,2022-02-27,Spain,68.0,M,Basic,13.98
2223,2022-12-27,Spain,43.0,M,Basic,13.99
2224,2023-06-04,Canada,40.0,Other,Basic,11.9
2225,2022-03-17,Brazil,60.0,F,Basic,10.84
2226,2022-11-14,USA,30.0,M,Premium,38.39
2227,2023-04-18,Spain,45.0,Other,Basic,11.64
2228,2023-04-08,UK,26.0,F,Basic,13.73
2229,2022-02-08,USA,37.0,F,Basic,14.08
2230,2022-02-28,Mexico,36.0,M,Basic,13.83
2231,2023-01-13,USA,65.0,M,Basic,11.94
2232,2024-05-01,Mexico,56.0,F,Premium,39.37
2233,2022-10-21,UK,68.0,M,Basic,13.29
2234,2022-03-20,Canada,29.0,M,Basic,12.87
2235,2023-10-23,Brazil,32.0,M,Basic,13.48
2236,2024-06-03,France,48.0,M,Enterprise,104.46
2237,2024-05-25,USA,31.0,F,Basic,11.94
2238,2022-04-03,Australia,28.0,F,Basic,14.4
2239,2023-09-22,UK,43.0,M,Basic,10.8
2240,2023-09-01,France,59.0,M,Basic,12.06
2241,2023-06-04,Spain,44.0,F,Basic,12.02
2242,2023-01-29,Canada,28.0,M,Premium,33.55
2243,2023-04-19,UK,55.0,F,Premium,35.61
2244,2023-08-18,USA,51.0,F,Basic,14.97
2245,2023-07-22,Spain,60.0,M,Basic,11.27
2246,2024-03-21,France,36.0,F,Premium,37.04
2247,2024-01-27,USA,23.0,F,Basic,13.78
2248,2022-02-12,Australia,63.0,M,Basic,12.91
2249,2023-04-06,France,69.0,M,Basic,10.48
2250,2024-04-09,Mexico,55.0,Other,Premium,35.71
2251,2023-08-09,UK,66.0,M,Premium,39.52
2252,2023-10-30,UK,43.5,F,Basic,11.7
2253,2022-07-12,Australia,45.0,F,Basic,13.19
2254,2022-11-26,UK,18.0,M,Premium,39.58
2255,2023-09-12,USA,43.5,M,Basic,13.98
2256,2023-05-03,Italy,57.0,F,Premium,36.87
2257,2023-05-29,Spain,43.5,M,Basic,14.85
2258,2022-06-04,USA,69.0,F,Enterprise,117.05
2259,2022-03-05,Australia,64.0,F,Premium,37.72
2260,2023-04-07,USA,24.0,F,Basic,12.02
2261,2022-04-16,USA,28.0,M,Basic,11.79
2262,2024-04-10,USA,56.0,F,Basic,12.59
2263,2024-05-07,USA,21.0,F,Basic,10.16
2264,2022-12-18,France,42.0,F,Premium,33.12
2265,2024-01-02,Brazil,29.0,M,Basic,10.82
2266,2022-03-28,Mexico,43.0,F,Premium,31.38
2267,2023-06-01,USA,43.5,F,Basic,11.68
2268,2023-10-24,Brazil,63.0,M,Premium,38.01
2269,2022-06-26,UK,29.0,Other,Basic,11.0
2270,2022-02-10,Italy,60.0,M,Premium,35.3
2271,2022-09-11,UK,68.0,M,Basic,13.73
2272,2023-12-26,Germany,43.5,F,Basic,11.19
2273,2023-03-25,USA,54.0,M,Basic,14.61
2274,2023-03-26,UK,63.0,F,Basic,14.32
2275,2023-06-21,Germany,70.0,F,Basic,11.25
2276,2023-06-20,Italy,41.0,M,Basic,14.94
2277,2023-09-17,Mexico,33.0,M,Enterprise,166.91
2278,2022-06-12,Italy,30.0,F,Basic,11.42
2279,2023-01-08,USA,42.0,Unknown,Premium,36.8
2280,2023-01-17,USA,69.0,F,Basic,13.32
2281,2022-10-17,Italy,21.0,F,Basic,13.02
2282,2023-02-01,Germany,43.5,M,Premium,37.11
2283,2023-02-23,Australia,49.0,M,Premium,32.67
2284,2024-03-04,USA,66.0,F,Basic,14.88
2285,2022-12-13,Spain,24.0,F,Premium,38.57
2286,2023-11-27,Canada,63.0,M,Basic,13.72
2287,2023-09-05,Brazil,28.0,F,Premium,30.25
2288,2022-02-23,USA,45.0,F,Basic,12.94
2289,2024-03-19,Canada,58.0,F,Basic,13.52
2290,2023-10-09,UK,40.0,M,Basic,14.26
2291,2023-10-25,France,62.0,F,Basic,14.72
2292,2022-12-09,UK,40.0,F,Basic,14.57
2293,2022-03-09,France,67.0,F,Basic,12.02
2294,2022-12-04,Germany,45.0,F,Premium,38.96
2295,2022-04-07,France,60.0,F,Basic,9.99
2296,2023-07-26,USA,64.0,F,Basic,11.75
2297,2023-11-26,Australia,43.0,Other,Basic,10.56
2298,2023-01-31,Spain,42.0,M,Premium,38.82
2299,2022-10-18,Spain,46.0,M,Premium,39.27
2300,2022-09-16,USA,43.5,F,Basic,11.27
2301,2024-01-12,Australia,50.0,M,Basic,11.83
2302,2024-05-22,Mexico,43.5,M,Basic,14.91
2303,2023-11-04,UK,31.0,M,Premium,35.65
2304,2023-09-10,Mexico,31.0,M,Premium,34.96
2305,2024-06-13,Canada,52.0,M,Basic,12.49
2306,2022-06-03,Germany,47.0,M,Premium,36.95
2307,2022-12-08,Canada,45.0,Other,Basic,14.76
2308,2022-03-25,UK,34.0,Unknown,Basic,11.82
2309,2023-08-20,UK,20.0,F,Enterprise,117.26
2310,2023-11-11,UK,33.0,M,Premium,31.84
2311,2022-05-25,Italy,63.0,F,Premium,30.19
2312,2022-12-25,UK,47.0,F,Basic,12.77
2313,2022-11-14,Italy,69.0,F,Basic,14.64
2314,2023-11-03,USA,46.0,M,Premium,37.12
2315,2023-12-17,France,62.0,M,Premium,39.92
2316,2023-11-10,Australia,32.0,F,Basic,14.54
2317,2023-02-06,Italy,63.0,F,Basic,12.45
2318,2022-05-13,Mexico,42.0,F,Premium,34.86
2319,2023-09-02,Canada,68.0,F,Enterprise,162.83
2320,2023-12-27,USA,55.0,M,Premium,31.1
2321,2022-03-28,UK,59.0,F,Premium,36.07
2322,2022-11-14,Australia,64.0,M,Basic,12.31
2323,2023-07-27,Germany,70.0,F,Premium,36.42
2324,2023-01-21,Australia,43.5,Other,Premium,35.64
2325,2023-10-21,Brazil,55.0,F,Basic,11.54
2326,2024-03-21,France,40.0,Unknown,Premium,36.07
2327,2022-12-03,Brazil,42.0,M,Enterprise,136.59
2328,2024-04-12,USA,59.0,F,Basic,10.96
2329,2022-05-11,Italy,24.0,F,Premium,36.74
2330,2023-11-18,USA,39.0,F,Premium,33.05
2331,2023-12-21,Germany,34.0,Unknown,Basic,14.44
2332,2024-04-28,Mexico,35.0,M,Premium,31.98
2333,2024-01-27,UK,66.0,F,Basic,12.99
2334,2023-12-03,Brazil,58.0,F,Premium,35.71
2335,2023-06-24,Spain,43.5,Other,Basic,10.98
2336,2022-04-06,Brazil,27.0,M,Premium,34.39
2337,2023-10-24,Germany,24.0,F,Basic,13.37
2338,2023-11-18,UK,65.0,M,Basic,11.58
2339,2023-03-10,Germany,67.0,F,Basic,10.56
2340,2023-06-05,USA,55.0,F,Basic,13.07
2341,2023-01-06,Australia,44.0,M,Basic,11.11
2342,2022-01-19,USA,69.0,M,Basic,13.4
2343,2023-01-07,UK,50.0,F,Premium,38.38
2344,2022-11-13,USA,18.0,F,Premium,31.22
2345,2022-07-04,USA,61.0,M,Enterprise,143.75
2346,2022-08-08,UK,70.0,M,Premium,34.44
2347,2022-12-16,UK,51.0,F,Premium,36.32
2348,2024-02-24,Spain,21.0,F,Basic,11.66
2349,2023-05-13,France,34.0,M,Premium,34.18
2350,2022-07-16,Canada,21.0,F,Premium,30.11
2351,2022-08-20,USA,60.0,M,Basic,10.6
2352,2022-05-21,Australia,43.0,M,Premium,35.69
2353,2022-06-08,Italy,21.0,M,Basic,11.07
2354,2022-03-21,USA,18.0,F,Enterprise,114.45
2355,2022-10-30,USA,24.0,M,Premium,33.23
2356,2024-05-14,Brazil,47.0,F,Enterprise,116.34
2357,2024-03-18,Brazil,67.0,M,Basic,10.29
2358,2022-04-14,UK,26.0,Other,Basic,11.41
2359,2023-06-04,USA,52.0,F,Enterprise,116.43
2360,2024-02-29,Germany,25.0,F,Basic,13.99
2361,2023-07-07,Australia,41.0,F,Basic,10.3
2362,2024-05-05,USA,36.0,F,Premium,37.46
2363,2024-01-27,Mexico,53.0,F,Premium,33.82
2364,2024-06-23,UK,67.0,M,Basic,13.37
2365,2023-06-24,Italy,69.0,M,Basic,10.25
2366,2022-02-08,Brazil,60.0,F,Basic,14.59
2367,2023-11-09,Spain,43.5,M,Basic,13.83
2368,2022-12-11,UK,49.0,M,Basic,10.69
2369,2024-06-16,UK,31.0,F,Premium,32.18
2370,2024-02-24,UK,35.0,M,Premium,36.43
2371,2023-09-25,Australia,45.0,F,Premium,39.21
2372,2022-05-15,Australia,46.0,M,Basic,12.22
2373,2023-09-04,Mexico,33.0,Other,Premium,34.85
2374,2023-01-21,UK,52.0,F,Enterprise,123.77
2375,2022-06-07,Australia,64.0,F,Premium,33.82
2376,2022-06-16,Spain,48.0,M,Basic,11.42
2377,2022-07-05,USA,21.0,F,Enterprise,135.05
2378,2024-05-01,USA,54.0,F,Basic,10.09
2379,2023-12-11,USA,34.0,F,Premium,30.4
2380,2024-02-29,France,56.0,F,Basic,13.39
2381,2023-10-02,UK,65.0,M,Premium,36.81
2382,2024-04-08,Italy,63.0,F,Enterprise,133.01
2383,2022-06-19,UK,43.0,F,Basic,14.42
2384,2024-01-09,USA,65.0,M,Basic,11.32
2385,2023-03-25,UK,56.0,F,Basic,11.97
2386,2022-02-14,USA,58.0,F,Basic,13.65
2387,2023-02-25,USA,21.0,F,Basic,13.71
2388,2023-01-09,UK,47.0,M,Premium,38.6
2389,2023-11-24,UK,47.0,F,Basic,10.14
2390,2024-01-07,Germany,39.0,Other,Basic,10.91
2391,2022-09-01,Italy,28.0,F,Basic,13.19
2392,2023-03-31,USA,19.0,F,Basic,11.68
2393,2023-09-18,USA,61.0,F,Premium,30.43
2394,2022-10-19,Italy,29.0,F,Premium,35.85
2395,2024-02-10,UK,47.0,F,Premium,33.92
2396,2024-02-06,Brazil,53.0,M,Basic,11.81
2397,2024-03-13,Australia,35.0,M,Basic,11.31
2398,2023-04-05,USA,43.0,M,Basic,10.02
2399,2022-08-28,Brazil,70.0,M,Basic,10.9
2400,2023-07-01,USA,24.0,M,Basic,12.36
2401,2022-09-02,Spain,18.0,M,Premium,32.75
2402,2022-11-13,UK,43.0,F,Basic,14.36
2403,2024-04-08,USA,40.0,M,Basic,10.7
2404,2024-03-14,USA,43.0,M,Premium,38.74
2405,2023-04-26,Italy,62.0,M,Premium,34.04
2406,2024-05-05,Spain,23.0,F,Basic,11.37
2407,2022-07-18,UK,23.0,M,Premium,33.03
2408,2023-01-12,Mexico,61.0,M,Enterprise,133.0
2409,2023-11-26,Germany,25.0,M,Basic,12.52
2410,2023-08-08,Italy,41.0,F,Basic,11.76
2411,2023-03-28,Australia,39.0,F,Basic,13.23
2412,2023-04-18,Mexico,36.0,F,Premium,34.24
2413,2024-02-27,Mexico,43.5,M,Basic,13.35
2414,2022-10-16,USA,35.0,F,Enterprise,160.43
2415,2024-03-07,Germany,48.0,F,Premium,32.43
2416,2023-01-27,UK,54.0,M,Basic,14.05
2417,2023-05-30,UK,43.5,M,Basic,13.98
2418,2023-06-25,UK,59.0,M,Basic,14.93
2419,2023-03-05,Brazil,50.0,F,Basic,10.87
2420,2022-06-15,France,27.0,M,Enterprise,184.77
2421,2024-04-16,Mexico,54.0,M,Basic,14.35
2422,2022-07-24,UK,29.0,F,Basic,13.2
2423,2024-03-31,Australia,47.0,F,Basic,12.52
2424,2023-09-12,Brazil,44.0,F,Basic,14.78
2425,2022-05-22,Mexico,56.0,F,Basic,14.85
2426,2024-06-12,Spain,26.0,F,Basic,13.2
2427,2022-09-14,Germany,38.0,F,Premium,33.59
2428,2022-02-23,France,29.0,M,Basic,14.08
2429,2023-10-19,UK,46.0,M,Basic,10.44
2430,2023-05-08,USA,50.0,F,Premium,32.9
2431,2024-06-14,Germany,60.0,Other,Basic,14.92
2432,2023-01-16,UK,70.0,F,Basic,14.06
2433,2023-07-22,USA,32.0,M,Basic,14.69
2434,2022-04-16,Canada,19.0,M,Basic,12.96
2435,2023-12-30,France,69.0,M,Enterprise,140.76
2436,2024-05-16,France,43.5,F,Basic,14.89
2437,2023-06-13,Australia,70.0,F,Premium,33.08
2438,2024-05-21,USA,61.0,Unknown,Basic,13.78
2439,2022-05-08,USA,35.0,F,Basic,12.78
2440,2022-10-19,UK,20.0,M,Premium,32.28
2441,2022-03-27,UK,24.0,M,Basic,10.08
2442,2024-02-21,USA,60.0,M,Premium,33.83
2443,2022-06-14,Spain,35.0,F,Basic,12.73
2444,2022-10-07,Australia,61.0,M,Basic,10.91
2445,2023-04-06,Spain,55.0,F,Premium,34.14
2446,2023-06-10,UK,54.0,F,Basic,13.07
2447,2022-05-31,Brazil,50.0,M,Premium,37.14
2448,2024-04-30,Germany,61.0,M,Basic,10.25
2449,2023-03-24,Canada,48.0,M,Premium,36.63
2450,2022-04-04,Italy,28.0,F,Basic,10.27
2451,2022-08-16,USA,21.0,M,Premium,30.27
2452,2024-04-16,UK,35.0,M,Enterprise,115.23
2453,2023-04-07,Mexico,21.0,F,Basic,13.26
2454,2024-06-24,Italy,66.0,F,Basic,10.25
2455,2022-12-24,Brazil,51.0,F,Premium,30.2
2456,2022-01-28,Italy,46.0,F,Basic,10.58
2457,2023-03-01,Australia,41.0,F,Premium,39.49
2458,2022-02-24,Mexico,39.0,F,Enterprise,190.72
2459,2023-02-10,France,19.0,M,Premium,30.85
2460,2023-05-30,USA,61.0,M,Basic,11.51
2461,2023-01-18,UK,23.0,F,Basic,14.73
2462,2022-08-30,UK,59.0,F,Basic,10.48
2463,2023-01-31,Spain,42.0,F,Basic,10.46
2464,2022-03-25,Canada,38.0,F,Basic,10.42
2465,2023-01-19,Australia,33.0,Unknown,Premium,39.75
2466,2022-08-18,USA,48.0,M,Basic,13.71
2467,2022-01-29,France,31.0,M,Enterprise,121.44
2468,2022-11-23,UK,56.0,M,Premium,30.45
2469,2022-04-12,UK,45.0,F,Enterprise,196.51
2470,2024-05-09,Australia,49.0,M,Basic,12.12
2471,2024-01-02,France,43.5,M,Basic,12.98
2472,2023-10-28,Canada,68.0,M,Basic,11.39
2473,2022-12-10,UK,66.0,M,Basic,13.78
2474,2024-03-21,UK,26.0,M,Premium,31.96
2475,2022-05-30,Australia,62.0,M,Premium,37.86
2476,2022-05-21,UK,39.0,F,Basic,11.14
2477,2022-02-09,USA,49.0,M,Basic,10.48
2478,2022-10-21,USA,22.0,M,Basic,12.38
2479,2024-04-29,Spain,40.0,F,Premium,38.12
2480,2023-04-29,Australia,22.0,F,Enterprise,138.48
2481,2023-12-14,Spain,59.0,M,Basic,10.13
2482,2024-05-01,Australia,70.0,M,Basic,12.76
2483,2022-05-23,UK,43.5,F,Enterprise,168.04
2484,2024-02-17,Australia,27.0,M,Basic,13.69
2485,2023-12-24,Canada,56.0,M,Premium,34.01
2486,2023-04-26,Brazil,32.0,M,Basic,10.48
2487,2023-04-05,UK,24.0,M,Basic,12.91
2488,2023-09-23,USA,46.0,F,Basic,11.64
2489,2022-01-06,Mexico,64.0,F,Premium,39.46
2490,2022-03-23,USA,20.0,F,Basic,12.5
2491,2022-01-20,France,43.5,F,Basic,12.35
2492,2022-09-20,UK,27.0,M,Basic,11.54
2493,2022-08-09,UK,45.0,F,Basic,11.68
2494,2024-05-05,Italy,46.0,M,Premium,35.12
2495,2022-06-03,Brazil,32.0,M,Premium,33.06
2496,2023-07-16,USA,43.5,F,Basic,14.45
2497,2024-01-15,Germany,23.0,F,Premium,34.38
2498,2023-09-16,USA,29.0,M,Basic,11.45
2499,2023-06-25,UK,64.0,F,Basic,10.77
2500,2023-03-10,UK,55.0,M,Premium,36.71
2501,2022-04-24,UK,30.0,M,Basic,10.12
2502,2024-03-05,Canada,46.0,Unknown,Basic,12.24
2503,2022-10-23,UK,36.0,F,Basic,12.74
2504,2022-09-01,USA,20.0,F,Premium,33.39
2505,2022-11-05,USA,25.0,F,Basic,13.74
2506,2022-05-05,USA,25.0,M,Basic,13.37
2507,2022-02-18,Mexico,37.0,M,Premium,39.7
2508,2022-09-02,Australia,64.0,F,Premium,35.08
2509,2023-03-06,Italy,21.0,M,Premium,35.37
2510,2023-10-17,UK,68.0,M,Basic,11.22
2511,2024-03-23,UK,38.0,Other,Basic,11.92
2512,2023-09-30,USA,20.0,F,Basic,10.12
2513,2023-04-14,Spain,62.0,M,Premium,36.88
2514,2022-03-06,Canada,25.0,M,Premium,33.11
2515,2022-04-24,Canada,40.0,M,Enterprise,154.03
2516,2024-05-06,Mexico,33.0,F,Basic,11.26
2517,2023-05-27,USA,30.0,F,Basic,13.1
2518,2023-09-04,France,20.0,F,Basic,12.23
2519,2023-07-03,USA,65.0,M,Basic,12.4
2520,2022-01-17,Brazil,26.0,M,Basic,14.7
2521,2023-10-10,France,31.0,Other,Enterprise,170.61
2522,2023-06-12,Germany,30.0,Other,Basic,11.3
2523,2023-08-12,Spain,70.0,F,Basic,12.51
2524,2022-09-05,Canada,24.0,M,Premium,34.66
2525,2024-01-06,USA,32.0,F,Basic,13.97
2526,2022-05-28,Germany,24.0,F,Premium,38.32
2527,2022-10-26,Australia,55.0,F,Premium,32.82
2528,2023-03-16,UK,51.0,F,Basic,14.1
2529,2022-01-02,UK,58.0,Unknown,Premium,31.79
2530,2023-09-22,Germany,39.0,M,Basic,13.8
2531,2022-12-28,Mexico,41.0,M,Basic,11.23
2532,2022-09-04,Brazil,66.0,F,Basic,11.48
2533,2023-08-08,UK,54.0,F,Basic,14.25
2534,2023-03-03,USA,61.0,F,Basic,12.09
2535,2022-07-11,Italy,18.0,M,Basic,14.94
2536,2023-11-12,Australia,43.5,F,Basic,10.75
2537,2023-11-16,Germany,60.0,F,Basic,12.31
2538,2022-03-29,Spain,33.0,Unknown,Premium,37.31
2539,2023-06-21,USA,63.0,F,Enterprise,100.53
2540,2023-01-05,UK,25.0,M,Premium,31.51
2541,2022-03-11,USA,66.0,M,Basic,10.09
2542,2023-06-23,Germany,42.0,Unknown,Premium,39.92
2543,2023-07-12,Spain,67.0,F,Premium,37.6
2544,2023-06-04,Brazil,29.0,F,Basic,11.86
2545,2024-03-16,UK,42.0,M,Basic,10.77
2546,2023-06-04,UK,34.0,F,Premium,30.89
2547,2023-07-22,UK,43.0,F,Premium,35.31
2548,2022-01-21,USA,63.0,F,Enterprise,197.58
2549,2023-02-04,USA,43.5,M,Premium,36.74
2550,2024-06-13,Germany,31.0,F,Premium,33.64
2551,2023-04-27,Germany,58.0,F,Basic,12.49
2552,2022-02-14,Italy,53.0,M,Basic,14.98
2553,2023-10-13,Canada,40.0,M,Enterprise,151.87
2554,2023-02-01,Italy,60.0,F,Basic,14.81
2555,2023-01-18,Mexico,23.0,M,Basic,10.07
2556,2022-09-17,USA,64.0,F,Basic,13.59
2557,2024-02-05,USA,22.0,M,Premium,36.26
2558,2022-01-17,USA,60.0,F,Basic,13.42
2559,2023-01-01,Italy,42.0,M,Premium,35.7
2560,2024-03-18,Spain,35.0,M,Basic,10.21
2561,2022-03-11,Spain,30.0,M,Basic,10.74
2562,2022-12-20,USA,60.0,F,Enterprise,192.22
2563,2022-09-04,Australia,31.0,F,Basic,11.15
2564,2024-01-21,Canada,45.0,M,Basic,14.95
2565,2023-11-04,Spain,35.0,M,Basic,13.39
2566,2023-10-06,France,45.0,F,Basic,12.21
2567,2022-04-17,Mexico,68.0,M,Basic,14.59
2568,2024-03-01,UK,44.0,F,Basic,13.96
2569,2023-08-19,USA,49.0,M,Enterprise,142.89
2570,2024-01-23,USA,64.0,F,Basic,10.33
2571,2024-02-14,USA,26.0,F,Basic,14.33
2572,2022-12-07,Mexico,57.0,Other,Basic,13.82
2573,2022-05-17,UK,49.0,F,Basic,13.94
2574,2022-02-15,UK,37.0,M,Basic,13.71
2575,2022-12-27,France,45.0,M,Premium,32.75
2576,2023-07-14,Italy,50.0,F,Enterprise,185.87
2577,2022-12-13,Mexico,21.0,F,Basic,10.0
2578,2024-04-13,Australia,63.0,F,Premium,32.36
2579,2023-10-21,USA,51.0,F,Basic,10.22
2580,2022-06-29,USA,65.0,F,Premium,31.1
2581,2024-04-30,UK,20.0,M,Basic,12.65
2582,2024-03-08,France,43.0,M,Basic,10.18
2583,2023-12-03,USA,25.0,M,Basic,10.9
2584,2023-04-21,France,23.0,M,Basic,11.15
2585,2023-12-14,France,33.0,F,Premium,36.54
2586,2023-05-06,Brazil,41.0,M,Basic,12.33
2587,2023-10-09,France,65.0,M,Basic,12.28
2588,2022-07-06,UK,56.0,M,Enterprise,176.83
2589,2024-04-10,Brazil,47.0,M,Basic,12.27
2590,2022-05-19,France,62.0,M,Premium,33.47
2591,2022-03-06,Canada,30.0,F,Basic,14.8
2592,2024-01-04,UK,22.0,M,Basic,10.03
2593,2024-03-05,USA,42.0,F,Basic,11.52
2594,2023-04-14,Brazil,37.0,F,Basic,13.04
2595,2022-02-07,UK,35.0,Other,Basic,13.9
2596,2022-10-28,Mexico,64.0,M,Premium,38.15
2597,2022-07-26,UK,35.0,M,Premium,30.45
2598,2022-02-14,UK,19.0,Unknown,Premium,37.08
2599,2024-03-21,USA,27.0,M,Premium,37.19
2600,2022-07-24,UK,62.0,F,Enterprise,121.4
2601,2024-06-26,USA,67.0,F,Basic,10.55
2602,2022-02-12,USA,64.0,F,Premium,37.49
2603,2022-11-20,Brazil,29.0,M,Basic,11.24
2604,2022-11-14,France,64.0,F,Premium,30.01
2605,2023-06-12,Germany,30.0,M,Premium,32.23
2606,2023-02-12,USA,67.0,F,Basic,10.15
2607,2024-04-14,Brazil,64.0,F,Basic,11.24
2608,2023-07-11,Canada,28.0,M,Enterprise,133.49
2609,2023-04-30,USA,43.5,M,Basic,11.35
2610,2022-09-17,Spain,52.0,F,Basic,14.59
2611,2022-02-07,Mexico,56.0,M,Basic,11.15
2612,2024-02-11,UK,70.0,Unknown,Basic,12.33
2613,2023-10-25,Germany,43.0,M,Basic,14.78
2614,2022-07-15,France,63.0,M,Basic,14.39
2615,2022-10-20,UK,43.5,F,Basic,11.54
2616,2023-01-01,USA,62.0,F,Premium,33.25
2617,2024-06-01,Australia,43.5,F,Basic,12.96
2618,2024-03-10,Italy,41.0,M,Basic,14.58
2619,2022-02-18,Germany,58.0,F,Basic,10.04
2620,2024-06-05,UK,18.0,Unknown,Basic,11.96
2621,2023-11-03,USA,68.0,M,Enterprise,184.97
2622,2022-12-06,Australia,60.0,M,Premium,34.09
2623,2022-10-07,Brazil,39.0,F,Basic,13.59
2624,2022-05-08,France,40.0,M,Basic,13.45
2625,2024-03-29,USA,36.0,M,Premium,32.04
2626,2023-01-12,USA,35.0,M,Basic,12.24
2627,2023-03-24,USA,29.0,M,Basic,12.82
2628,2024-06-29,USA,45.0,M,Basic,13.57
2629,2023-02-14,Australia,45.0,M,Enterprise,182.23
2630,2024-02-01,UK,50.0,F,Basic,13.79
2631,2023-03-27,Italy,36.0,M,Basic,10.13
2632,2023-01-31,Canada,45.0,F,Basic,13.34
2633,2022-12-14,USA,69.0,M,Basic,12.48
2634,2022-07-11,Spain,66.0,Other,Basic,12.86
2635,2023-05-24,Mexico,54.0,F,Basic,11.85
2636,2023-12-10,Mexico,43.0,F,Enterprise,171.39
2637,2023-05-25,Italy,52.0,F,Basic,13.36
2638,2023-01-12,USA,51.0,Unknown,Basic,12.89
2639,2024-03-27,Mexico,52.0,F,Basic,14.3
2640,2023-06-16,France,57.0,M,Premium,31.01
2641,2022-10-01,USA,33.0,M,Basic,11.5
2642,2024-03-31,UK,55.0,F,Basic,12.47
2643,2022-03-26,Italy,30.0,M,Premium,39.58
2644,2024-01-15,Spain,40.0,F,Basic,10.35
2645,2023-03-11,USA,43.5,F,Enterprise,133.7
2646,2022-03-22,UK,33.0,M,Basic,14.62
2647,2023-03-17,Australia,45.0,F,Basic,14.48
2648,2023-09-09,UK,65.0,M,Basic,14.32
2649,2024-04-22,Brazil,52.0,Unknown,Basic,11.53
2650,2022-07-04,Italy,62.0,F,Premium,38.46
2651,2023-07-13,France,63.0,M,Basic,12.52
2652,2022-10-28,Australia,25.0,F,Basic,13.09
2653,2022-11-25,UK,61.0,F,Enterprise,123.87
2654,2022-04-16,USA,39.0,M,Premium,37.06
2655,2022-03-23,UK,38.0,F,Basic,11.63
2656,2022-12-02,Australia,43.0,F,Basic,11.71
2657,2023-11-08,UK,57.0,M,Basic,13.17
2658,2022-10-30,Canada,43.5,M,Premium,32.39
2659,2022-11-10,Germany,42.0,F,Premium,32.23
2660,2023-04-02,UK,58.0,F,Basic,11.84
2661,2023-09-10,Mexico,18.0,M,Basic,13.88
2662,2024-01-05,USA,23.0,M,Basic,11.11
2663,2023-03-13,Australia,40.0,F,Basic,13.93
2664,2022-06-20,Canada,68.0,F,Premium,36.95
2665,2023-12-08,Canada,43.5,M,Basic,13.39
2666,2023-03-31,Brazil,60.0,F,Basic,12.36
2667,2022-12-26,UK,60.0,M,Basic,13.72
2668,2023-04-03,Germany,40.0,F,Basic,10.06
2669,2022-02-13,Canada,49.0,M,Basic,11.52
2670,2024-01-15,Germany,47.0,M,Premium,36.78
2671,2024-06-09,UK,30.0,M,Premium,39.86
2672,2022-12-28,Australia,60.0,F,Basic,10.0
2673,2023-09-22,France,35.0,F,Premium,35.09
2674,2023-03-22,UK,40.0,F,Premium,39.23
2675,2022-10-09,Canada,32.0,F,Basic,14.31
2676,2023-10-17,USA,50.0,M,Basic,10.11
2677,2024-03-21,UK,38.0,F,Basic,12.64
2678,2022-02-28,UK,43.5,M,Basic,10.01
2679,2022-03-18,Brazil,40.0,F,Premium,37.89
2680,2023-11-19,UK,44.0,M,Basic,11.53
2681,2023-10-15,USA,62.0,M,Enterprise,176.55
2682,2023-02-20,USA,61.0,F,Premium,39.44
2683,2023-01-08,Mexico,35.0,F,Basic,14.87
2684,2023-06-10,Brazil,41.0,F,Premium,38.93
2685,2024-03-31,UK,68.0,F,Basic,11.01
2686,2024-02-07,UK,64.0,M,Basic,10.96
2687,2023-11-27,UK,57.0,F,Premium,36.25
2688,2022-06-13,Mexico,68.0,M,Basic,12.71
2689,2022-02-01,Canada,59.0,Unknown,Basic,10.04
2690,2022-05-27,Brazil,24.0,F,Premium,33.91
2691,2024-05-19,Australia,67.0,M,Premium,39.06
2692,2023-09-15,USA,65.0,M,Basic,14.48
2693,2023-11-26,Spain,37.0,M,Basic,11.01
2694,2024-03-11,Italy,44.0,M,Basic,11.9
2695,2023-03-25,UK,23.0,M,Premium,35.59
2696,2022-02-05,Mexico,44.0,M,Basic,14.25
2697,2022-05-10,USA,26.0,M,Enterprise,153.19
2698,2022-03-10,USA,70.0,F,Premium,39.67
2699,2022-08-30,USA,62.0,F,Premium,37.98
2700,2024-03-08,Brazil,43.5,M,Enterprise,195.3
2701,2023-10-23,UK,38.0,M,Enterprise,173.14
2702,2023-01-11,Italy,43.0,Unknown,Basic,14.38
2703,2023-01-06,France,57.0,F,Basic,14.15
2704,2023-01-28,Mexico,65.0,F,Premium,32.53
2705,2023-08-04,Canada,62.0,F,Enterprise,122.94
2706,2022-02-03,Germany,30.0,F,Premium,38.63
2707,2023-09-12,Australia,66.0,F,Basic,10.41
2708,2022-06-07,Italy,40.0,F,Premium,34.08
2709,2023-11-27,Germany,37.0,M,Basic,14.09
2710,2023-04-06,Brazil,54.0,Unknown,Enterprise,181.31
2711,2023-01-15,Germany,70.0,F,Basic,10.68
2712,2023-01-16,Spain,45.0,F,Enterprise,148.76
2713,2023-03-31,USA,43.5,F,Basic,12.39
2714,2024-02-21,Italy,45.0,M,Enterprise,132.36
2715,2022-03-20,Brazil,58.0,F,Basic,14.58
2716,2023-08-11,Italy,19.0,M,Premium,36.52
2717,2022-05-21,Spain,42.0,M,Enterprise,198.01
2718,2023-06-27,UK,67.0,M,Premium,30.66
2719,2023-01-11,UK,58.0,Other,Premium,33.93
2720,2023-02-12,UK,43.5,F,Basic,14.17
2721,2022-11-18,UK,28.0,F,Basic,12.1
2722,2023-10-28,Germany,55.0,F,Premium,32.61
2723,2022-10-13,UK,23.0,M,Basic,14.98
2724,2022-09-13,USA,62.0,F,Premium,38.72
2725,2022-04-27,Australia,28.0,Other,Premium,35.45
2726,2022-01-27,Spain,31.0,F,Basic,12.8
2727,2024-01-24,Brazil,19.0,Unknown,Basic,10.02
2728,2022-07-10,Italy,57.0,F,Basic,14.89
2729,2023-05-27,Canada,20.0,Other,Basic,14.02
2730,2023-06-15,Brazil,70.0,F,Enterprise,103.66
2731,2023-02-01,Germany,52.0,F,Premium,31.75
2732,2023-07-30,UK,50.0,F,Basic,14.1
2733,2022-05-01,UK,41.0,F,Basic,10.42
2734,2022-09-26,UK,36.0,F,Premium,39.41
2735,2024-03-04,UK,35.0,F,Basic,14.99
2736,2022-09-24,Australia,66.0,M,Basic,14.42
2737,2023-12-22,France,69.0,F,Basic,13.68
2738,2023-04-02,Italy,41.0,F,Premium,34.86
2739,2022-08-08,France,62.0,F,Basic,10.4
2740,2023-09-19,Italy,52.0,F,Basic,13.64
2741,2022-10-20,Spain,18.0,M,Enterprise,139.68
2742,2023-12-12,Italy,53.0,M,Basic,12.84
2743,2023-05-18,France,42.0,F,Premium,32.92
2744,2022-07-24,Brazil,62.0,F,Basic,11.2
2745,2022-05-06,Italy,66.0,Unknown,Basic,11.61
2746,2022-05-19,Spain,60.0,M,Basic,14.06
2747,2024-05-23,Spain,51.0,M,Basic,12.12
2748,2022-03-17,USA,42.0,M,Basic,11.55
2749,2023-04-08,Italy,33.0,M,Basic,12.15
2750,2022-06-26,Canada,51.0,M,Basic,10.15
2751,2024-01-01,UK,46.0,M,Basic,14.44
2752,2023-04-01,UK,36.0,M,Premium,35.51
2753,2022-03-31,USA,40.0,M,Premium,31.04
2754,2024-04-09,Spain,36.0,F,Premium,32.87
2755,2023-11-30,USA,42.0,M,Basic,14.91
2756,2024-05-15,UK,33.0,M,Enterprise,159.3
2757,2022-11-24,Australia,68.0,M,Basic,11.45
2758,2023-11-15,Germany,26.0,M,Basic,12.12
2759,2022-12-22,Italy,18.0,M,Basic,11.28
2760,2023-12-28,France,59.0,M,Premium,30.31
2761,2022-03-08,USA,36.0,F,Premium,38.41
2762,2023-07-18,USA,50.0,F,Premium,32.91
2763,2023-07-10,UK,51.0,F,Basic,14.18
2764,2022-10-25,Italy,33.0,F,Premium,34.78
2765,2022-11-04,USA,61.0,M,Basic,10.9
2766,2024-05-21,Germany,57.0,F,Basic,14.0
2767,2022-06-11,USA,35.0,M,Basic,11.88
2768,2023-12-30,UK,43.5,F,Basic,13.53
2769,2023-12-28,USA,42.0,M,Basic,14.18
2770,2023-12-19,USA,62.0,F,Premium,39.62
2771,2023-10-16,Australia,23.0,F,Basic,10.42
2772,2022-06-28,USA,38.0,M,Basic,10.03
2773,2024-03-23,USA,23.0,Unknown,Basic,12.73
2774,2023-01-06,Germany,49.0,M,Enterprise,126.41
2775,2023-06-05,UK,58.0,F,Basic,12.34
2776,2022-08-18,USA,65.0,F,Basic,10.35
2777,2022-05-05,UK,60.0,M,Basic,12.5
2778,2022-07-25,UK,56.0,M,Premium,31.24
2779,2024-03-22,USA,48.0,M,Basic,14.18
2780,2022-05-23,Australia,59.0,F,Basic,13.79
2781,2022-08-31,Germany,27.0,M,Basic,10.36
2782,2024-03-20,Canada,47.0,F,Basic,14.17
2783,2023-05-21,Italy,69.0,F,Basic,11.61
2784,2022-01-27,France,35.0,M,Premium,33.52
2785,2023-01-05,Mexico,41.0,Other,Enterprise,117.97
2786,2023-07-22,Brazil,69.0,F,Enterprise,183.52
2787,2023-08-10,Brazil,26.0,M,Premium,34.04
2788,2023-01-13,France,48.0,M,Basic,10.23
2789,2023-04-24,Mexico,32.0,F,Premium,39.65
2790,2024-04-02,France,21.0,M,Premium,32.55
2791,2023-07-19,USA,57.0,M,Premium,39.35
2792,2022-05-13,USA,26.0,M,Basic,11.5
2793,2023-09-19,Germany,62.0,F,Basic,14.15
2794,2024-06-24,UK,26.0,F,Enterprise,166.41
2795,2022-03-30,USA,43.0,F,Enterprise,186.12
2796,2022-03-09,USA,21.0,M,Basic,14.87
2797,2022-11-13,Italy,43.5,F,Enterprise,187.14
2798,2023-02-12,UK,33.0,Other,Premium,34.03
2799,2024-01-05,Brazil,32.0,M,Basic,14.06
2800,2024-01-07,Germany,52.0,M,Basic,13.55
2801,2023-05-06,France,69.0,F,Basic,10.3
2802,2023-06-23,USA,22.0,F,Basic,14.64
2803,2023-02-25,Canada,43.5,F,Enterprise,146.59
2804,2024-02-27,Germany,37.0,F,Basic,10.66
2805,2023-02-24,Spain,32.0,Unknown,Premium,34.24
2806,2024-04-23,Australia,35.0,M,Premium,36.02
2807,2023-08-12,Mexico,64.0,F,Basic,12.85
2808,2022-03-17,USA,19.0,F,Basic,12.86
2809,2022-05-09,UK,46.0,Other,Premium,32.55
2810,2022-11-21,Italy,43.5,M,Basic,13.15
2811,2023-10-20,UK,21.0,F,Premium,39.06
2812,2022-03-17,Italy,59.0,F,Basic,11.93
2813,2023-04-06,Germany,62.0,M,Basic,13.14
2814,2023-04-23,Brazil,27.0,M,Basic,11.21
2815,2023-11-28,Mexico,48.0,F,Basic,10.23
2816,2023-06-14,UK,58.0,M,Basic,12.92
2817,2022-12-19,Spain,25.0,F,Enterprise,104.74
2818,2022-05-12,UK,20.0,F,Basic,13.61
2819,2024-06-18,USA,65.0,M,Enterprise,167.03
2820,2024-04-28,UK,63.0,Other,Enterprise,136.92
2821,2024-03-09,USA,26.0,F,Enterprise,141.12
2822,2023-07-19,France,47.0,F,Basic,14.58
2823,2023-10-18,Spain,70.0,M,Premium,30.12
2824,2023-08-25,USA,28.0,F,Basic,12.81
2825,2022-07-06,Canada,52.0,M,Basic,14.61
2826,2024-02-26,UK,54.0,M,Premium,39.13
2827,2022-05-13,France,59.0,M,Basic,12.91
2828,2023-03-20,Germany,30.0,M,Enterprise,138.11
2829,2023-05-30,UK,43.5,M,Premium,30.98
2830,2024-06-08,Brazil,30.0,Other,Basic,10.86
2831,2022-02-26,USA,43.5,F,Basic,13.39
2832,2024-05-01,Australia,54.0,M,Premium,30.16
2833,2022-05-08,USA,27.0,M,Basic,14.41
2834,2023-06-15,Australia,26.0,F,Premium,35.87
2835,2022-06-06,UK,69.0,M,Basic,10.22
2836,2022-11-08,Australia,24.0,F,Basic,11.19
2837,2022-06-18,Canada,19.0,F,Basic,12.96
2838,2022-06-15,UK,40.0,F,Basic,10.17
2839,2022-11-27,Spain,56.0,M,Basic,13.89
2840,2023-12-28,UK,57.0,M,Basic,14.59
2841,2022-08-19,Spain,56.0,M,Basic,14.8
2842,2022-12-21,USA,43.5,M,Premium,37.33
2843,2023-06-16,USA,40.0,M,Premium,38.56
2844,2022-10-18,UK,46.0,F,Basic,13.04
2845,2024-05-16,Australia,31.0,F,Premium,34.58
2846,2022-03-22,Brazil,43.0,Unknown,Premium,37.12
2847,2022-09-14,Italy,68.0,F,Basic,11.11
2848,2022-07-21,USA,22.0,M,Basic,10.54
2849,2023-10-13,UK,48.0,F,Basic,13.8
2850,2023-07-19,UK,42.0,M,Basic,14.78
2851,2022-10-09,USA,48.0,M,Basic,12.88
2852,2022-05-09,Germany,67.0,F,Basic,12.4
2853,2023-10-03,Australia,37.0,F,Basic,12.66
2854,2022-11-07,USA,61.0,F,Premium,34.77
2855,2023-09-22,UK,43.5,M,Basic,12.2
2856,2023-07-01,USA,62.0,M,Premium,39.46
2857,2022-04-06,USA,19.0,M,Premium,34.79
2858,2023-05-30,USA,42.0,M,Basic,10.4
2859,2023-10-19,Germany,43.5,Unknown,Enterprise,176.54
2860,2022-06-22,Mexico,56.0,F,Basic,11.95
2861,2023-08-30,UK,45.0,F,Enterprise,171.06
2862,2023-08-18,Spain,59.0,M,Basic,12.89
2863,2022-06-07,UK,23.0,F,Basic,13.56
2864,2022-06-25,Australia,20.0,M,Premium,30.61
2865,2023-11-06,Italy,52.0,Other,Enterprise,103.38
2866,2023-10-02,UK,35.0,Unknown,Basic,11.88
2867,2024-01-08,UK,43.5,F,Premium,36.92
2868,2023-09-12,Brazil,37.0,F,Premium,32.23
2869,2022-12-12,Brazil,22.0,F,Basic,12.16
2870,2024-05-12,France,36.0,M,Basic,14.89
2871,2023-08-01,Germany,39.0,F,Basic,11.06
2872,2022-02-12,Italy,36.0,M,Basic,14.23
2873,2024-04-25,Mexico,64.0,M,Premium,38.24
2874,2024-06-03,Mexico,33.0,M,Enterprise,189.13
2875,2022-01-30,France,43.5,F,Premium,39.14
2876,2022-03-25,Germany,58.0,F,Enterprise,150.72
2877,2022-02-16,Australia,21.0,M,Basic,13.4
2878,2023-10-19,USA,32.0,F,Basic,13.08
2879,2024-02-29,Australia,42.0,F,Premium,33.08
2880,2023-08-14,Spain,61.0,F,Premium,32.79
2881,2022-09-29,UK,52.0,M,Basic,11.7
2882,2023-10-29,USA,31.0,F,Basic,11.08
2883,2022-08-04,Mexico,66.0,F,Premium,37.56
2884,2024-02-25,Brazil,36.0,M,Basic,14.81
2885,2023-08-09,Germany,55.0,F,Basic,14.33
2886,2023-03-03,Australia,53.0,M,Premium,32.17
2887,2023-09-25,USA,24.0,M,Enterprise,105.18
2888,2023-10-17,Spain,47.0,M,Premium,37.56
2889,2022-02-01,UK,36.0,M,Premium,33.89
2890,2023-05-25,UK,66.0,F,Basic,14.11
2891,2024-06-29,UK,42.0,M,Premium,37.78
2892,2023-10-05,Spain,33.0,F,Basic,13.12
2893,2023-07-13,Spain,64.0,M,Enterprise,125.52
2894,2022-10-24,Australia,57.0,F,Basic,10.51
2895,2023-10-20,USA,68.0,F,Premium,32.52
2896,2022-11-06,France,25.0,F,Premium,35.09
2897,2023-05-10,Mexico,35.0,F,Basic,14.89
2898,2022-09-08,UK,45.0,F,Enterprise,106.36
2899,2024-04-04,UK,33.0,Unknown,Basic,10.99
2900,2024-04-06,UK,69.0,F,Basic,13.13
2901,2023-12-03,UK,36.0,F,Basic,11.51
2902,2023-02-20,USA,59.0,F,Premium,38.58
2903,2022-11-01,Spain,34.0,F,Premium,31.38
2904,2023-04-10,Germany,62.0,F,Basic,14.81
2905,2022-03-16,USA,30.0,M,Basic,14.55
2906,2023-12-07,UK,24.0,F,Enterprise,188.74
2907,2022-03-03,Australia,44.0,M,Basic,10.86
2908,2022-06-11,UK,27.0,M,Premium,33.28
2909,2023-03-27,UK,51.0,F,Premium,38.03
2910,2023-03-02,USA,53.0,M,Premium,38.07
2911,2023-05-11,Brazil,42.0,M,Basic,13.52
2912,2023-04-21,Mexico,23.0,F,Basic,12.23
2913,2022-07-28,UK,41.0,F,Enterprise,131.15
2914,2022-12-15,USA,35.0,F,Basic,14.8
2915,2023-09-14,Germany,40.0,F,Basic,10.69
2916,2022-05-28,USA,23.0,Other,Basic,10.21
2917,2022-11-17,Brazil,46.0,M,Enterprise,100.9
2918,2024-06-01,USA,42.0,F,Premium,37.74
2919,2024-01-06,France,34.0,M,Basic,10.27
2920,2022-11-23,UK,63.0,M,Premium,35.38
2921,2024-01-22,USA,41.0,F,Basic,11.83
2922,2024-05-31,Canada,28.0,F,Enterprise,114.68
2923,2022-12-20,France,43.0,M,Basic,13.69
2924,2023-02-13,France,68.0,M,Premium,30.54
2925,2022-05-14,USA,51.0,F,Premium,33.17
2926,2024-02-18,Canada,45.0,F,Basic,12.8
2927,2023-01-15,USA,20.0,F,Premium,34.01
2928,2023-06-12,UK,28.0,M,Basic,11.29
2929,2023-07-30,Mexico,55.0,F,Premium,39.25
2930,2022-04-19,Germany,31.0,M,Premium,39.3
2931,2022-11-23,Italy,68.0,M,Premium,34.15
2932,2022-09-05,UK,43.0,F,Basic,11.96
2933,2023-04-23,USA,65.0,F,Enterprise,130.73
2934,2022-05-06,Germany,38.0,M,Basic,14.27
2935,2022-10-01,UK,56.0,M,Premium,35.67
2936,2023-04-06,USA,47.0,F,Premium,30.89
2937,2022-09-11,UK,25.0,M,Enterprise,185.32
2938,2022-05-25,Canada,68.0,M,Premium,35.34
2939,2022-04-10,UK,37.0,M,Basic,12.07
2940,2022-02-21,Australia,43.5,M,Premium,33.37
2941,2022-10-25,UK,49.0,M,Basic,10.49
2942,2023-01-29,UK,39.0,F,Basic,14.77
2943,2024-06-03,Italy,24.0,F,Enterprise,174.11
2944,2023-09-23,Australia,26.0,F,Basic,10.65
2945,2023-03-05,USA,62.0,F,Basic,12.55
2946,2022-09-12,Italy,18.0,F,Basic,12.77
2947,2024-06-05,UK,46.0,F,Basic,10.83
2948,2022-06-13,USA,25.0,F,Basic,12.13
2949,2024-04-13,Brazil,21.0,M,Basic,13.22
2950,2022-12-02,USA,52.0,F,Premium,32.83
2951,2023-08-15,Mexico,20.0,M,Premium,33.31
2952,2024-01-09,Spain,62.0,F,Premium,31.21
2953,2022-11-17,Italy,57.0,F,Basic,12.06
2954,2022-07-14,Mexico,43.5,F,Premium,35.83
2955,2024-02-21,Mexico,44.0,F,Basic,10.57
2956,2022-06-13,UK,18.0,M,Basic,13.06
2957,2023-05-26,USA,44.0,Unknown,Premium,33.97
2958,2023-06-12,Germany,33.0,M,Basic,13.38
2959,2023-04-24,UK,55.0,M,Premium,33.14
2960,2023-05-26,Mexico,24.0,M,Enterprise,156.84
2961,2024-06-19,France,61.0,M,Basic,13.05
2962,2022-11-12,UK,40.0,M,Basic,13.44
2963,2023-05-25,USA,58.0,Other,Basic,13.77
2964,2022-01-24,USA,28.0,M,Basic,10.67
2965,2022-04-03,Canada,59.0,M,Premium,39.64
2966,2023-02-07,USA,70.0,M,Premium,38.43
2967,2023-06-02,USA,50.0,F,Basic,12.8
2968,2023-04-14,USA,67.0,M,Basic,14.44
2969,2022-09-04,Mexico,53.0,F,Enterprise,138.23
2970,2022-08-09,UK,54.0,M,Basic,10.16
2971,2023-08-21,USA,58.0,F,Basic,13.63
2972,2022-12-28,Italy,34.0,F,Basic,14.71
2973,2022-02-19,France,52.0,M,Premium,31.61
2974,2022-02-21,USA,65.0,M,Basic,13.21
2975,2022-10-16,France,43.5,M,Basic,14.06
2976,2023-05-22,Brazil,65.0,F,Premium,39.04
2977,2023-09-04,UK,49.0,M,Premium,32.76
2978,2024-06-22,USA,20.0,F,Basic,10.63
2979,2024-05-13,UK,69.0,F,Basic,11.23
2980,2023-11-01,Mexico,64.0,F,Basic,12.88
2981,2023-11-20,USA,52.0,M,Basic,14.58
2982,2023-04-27,Mexico,69.0,M,Basic,12.9
2983,2022-10-20,UK,31.0,F,Basic,14.59
2984,2023-07-04,Mexico,65.0,F,Basic,13.84
2985,2022-01-09,Brazil,48.0,Other,Basic,12.98
2986,2024-05-17,UK,48.0,F,Enterprise,102.17
2987,2022-04-21,USA,34.0,F,Basic,11.66
2988,2023-03-18,USA,41.0,F,Basic,10.28
2989,2022-05-18,France,69.0,F,Basic,11.6
2990,2024-06-22,UK,40.0,M,Basic,10.3
2991,2022-09-28,France,35.0,F,Premium,31.67
2992,2024-01-15,Brazil,67.0,M,Basic,12.04
2993,2023-01-10,UK,31.0,M,Premium,35.14
2994,2024-02-22,USA,67.0,F,Basic,11.08
2995,2023-02-17,Spain,32.0,M,Premium,37.32
2996,2023-01-10,UK,32.0,Unknown,Basic,12.94
2997,2022-02-16,USA,23.0,M,Basic,13.45
2998,2023-02-15,UK,44.0,Unknown,Basic,13.65
2999,2022-02-22,France,32.0,F,Basic,13.62
3000,2023-08-07,UK,67.0,F,Basic,14.67
3001,2023-07-30,Brazil,53.0,M,Basic,11.18
3002,2022-07-19,Australia,25.0,M,Premium,32.69
3003,2023-01-07,Australia,32.0,M,Basic,10.46
3004,2023-07-21,Australia,20.0,M,Basic,12.95
3005,2022-10-23,Brazil,43.5,F,Basic,11.97
3006,2022-03-17,Mexico,30.0,M,Premium,34.95
3007,2023-01-31,UK,58.0,M,Basic,10.84
3008,2023-06-01,USA,51.0,M,Basic,13.24
3009,2023-04-07,Brazil,41.0,M,Basic,13.09
3010,2024-02-22,Australia,57.0,M,Premium,32.64
3011,2023-07-18,UK,43.5,Unknown,Premium,34.64
3012,2022-10-14,Brazil,49.0,F,Basic,14.46
3013,2024-04-25,Canada,47.0,F,Basic,13.86
3014,2023-10-01,Mexico,69.0,F,Basic,11.12
3015,2023-11-28,USA,66.0,M,Basic,14.38
3016,2023-09-18,Australia,30.0,F,Basic,10.33
3017,2022-05-02,Germany,18.0,F,Basic,12.06
3018,2022-05-12,USA,51.0,M,Basic,10.39
3019,2022-04-10,USA,32.0,F,Basic,14.61
3020,2023-02-08,UK,61.0,F,Basic,10.19
3021,2023-01-18,USA,31.0,M,Basic,10.75
3022,2024-03-24,USA,46.0,F,Basic,14.57
3023,2022-12-14,Italy,51.0,F,Basic,12.9
3024,2023-07-26,France,35.0,F,Premium,37.94
3025,2023-01-10,USA,24.0,F,Premium,30.15
3026,2024-02-13,Mexico,46.0,M,Basic,12.09
3027,2022-05-28,Canada,48.0,M,Basic,14.91
3028,2022-07-23,USA,42.0,F,Basic,12.89
3029,2023-09-09,Brazil,55.0,F,Basic,14.24
3030,2023-06-06,Spain,31.0,F,Enterprise,196.35
3031,2023-02-16,France,43.5,M,Basic,13.42
3032,2023-05-28,Germany,44.0,M,Premium,33.27
3033,2022-02-11,USA,19.0,M,Basic,11.53
3034,2022-02-16,France,34.0,M,Premium,30.7
3035,2022-02-09,USA,54.0,M,Premium,34.27
3036,2022-05-21,UK,43.5,M,Premium,39.14
3037,2024-01-01,France,42.0,M,Basic,12.38
3038,2022-12-08,Australia,47.0,M,Premium,39.1
3039,2024-04-03,Mexico,46.0,M,Basic,14.08
3040,2023-05-01,Mexico,37.0,Other,Enterprise,198.41
3041,2023-06-16,USA,38.0,F,Premium,39.47
3042,2023-04-13,Germany,70.0,M,Basic,13.52
3043,2022-06-02,Australia,39.0,F,Enterprise,187.11
3044,2023-09-13,USA,52.0,F,Premium,37.47
3045,2023-06-12,UK,54.0,F,Premium,37.02
3046,2022-05-24,UK,33.0,M,Basic,13.57
3047,2022-12-02,Germany,67.0,M,Enterprise,172.09
3048,2023-09-20,Spain,66.0,F,Premium,33.78
3049,2022-11-23,USA,60.0,M,Premium,34.23
3050,2022-06-16,UK,34.0,F,Enterprise,129.4
3051,2023-02-07,Germany,33.0,F,Basic,10.73
3052,2023-09-24,Australia,19.0,Other,Basic,12.28
3053,2024-01-28,UK,21.0,M,Basic,14.49
3054,2024-05-12,Brazil,38.0,M,Basic,13.25
3055,2022-11-03,UK,56.0,M,Premium,30.55
3056,2023-08-31,UK,51.0,F,Basic,14.05
3057,2022-12-11,Australia,47.0,M,Basic,14.67
3058,2023-06-04,UK,23.0,F,Basic,14.14
3059,2024-04-28,Germany,34.0,M,Basic,13.63
3060,2023-06-06,USA,43.5,M,Basic,10.74
3061,2023-06-30,UK,42.0,M,Basic,11.73
3062,2023-05-17,UK,22.0,F,Basic,12.82
3063,2023-12-27,Mexico,22.0,F,Premium,30.76
3064,2023-07-31,Brazil,37.0,M,Premium,31.05
3065,2022-11-03,USA,33.0,F,Basic,14.66
3066,2023-05-02,Germany,68.0,F,Basic,13.5
3067,2024-04-15,Canada,58.0,F,Basic,11.37
3068,2022-01-18,Australia,54.0,F,Basic,11.63
3069,2023-01-13,UK,57.0,M,Enterprise,138.43
3070,2022-12-06,Mexico,26.0,M,Basic,10.37
3071,2023-11-21,Germany,22.0,F,Basic,13.69
3072,2022-04-23,UK,59.0,M,Basic,10.87
3073,2023-03-03,Brazil,19.0,M,Enterprise,180.5
3074,2023-08-21,UK,26.0,M,Basic,14.22
3075,2022-11-12,UK,60.0,F,Basic,13.18
3076,2024-03-26,Mexico,53.0,M,Basic,13.84
3077,2024-01-13,Germany,39.0,F,Basic,10.85
3078,2024-06-12,USA,43.5,M,Premium,35.75
3079,2023-12-06,Mexico,39.0,Other,Basic,13.37
3080,2023-10-07,Canada,51.0,M,Premium,36.61
3081,2022-01-28,UK,46.0,F,Basic,10.58
3082,2023-09-04,UK,55.0,F,Basic,11.71
3083,2023-05-01,UK,63.0,F,Basic,11.62
3084,2022-09-29,UK,50.0,M,Premium,35.72
3085,2023-11-03,Italy,35.0,F,Basic,13.82
3086,2024-03-12,Germany,24.0,M,Basic,12.84
3087,2024-03-05,Italy,43.5,M,Basic,13.76
3088,2023-08-16,Spain,50.0,F,Premium,30.98
3089,2023-08-15,Germany,18.0,F,Premium,38.77
3090,2022-08-22,UK,41.0,F,Premium,35.36
3091,2024-01-09,USA,21.0,F,Basic,10.18
3092,2022-02-22,Brazil,21.0,M,Basic,13.21
3093,2023-08-21,UK,35.0,F,Basic,12.58
3094,2023-05-07,Italy,44.0,M,Basic,11.09
3095,2022-06-24,USA,60.0,F,Premium,37.63
3096,2023-06-21,Brazil,49.0,F,Premium,39.33
3097,2023-10-07,UK,50.0,F,Premium,33.22
3098,2024-01-09,UK,45.0,M,Basic,12.46
3099,2023-09-27,USA,59.0,F,Premium,31.27
3100,2024-03-04,UK,58.0,M,Enterprise,192.97
3101,2024-05-11,Brazil,53.0,M,Basic,11.58
3102,2023-01-25,UK,23.0,M,Basic,10.96
3103,2022-06-01,USA,33.0,F,Basic,12.38
3104,2024-04-21,USA,51.0,M,Basic,10.21
3105,2023-11-29,USA,40.0,M,Premium,32.52
3106,2022-09-06,Australia,67.0,M,Basic,10.33
3107,2022-02-02,Canada,59.0,M,Basic,10.63
3108,2023-08-10,UK,41.0,F,Basic,10.55
3109,2023-12-19,UK,66.0,F,Basic,14.35
3110,2022-04-23,Germany,30.0,M,Basic,14.64
3111,2022-07-15,UK,35.0,F,Enterprise,147.44
3112,2022-01-20,Italy,30.0,F,Basic,13.14
3113,2023-03-28,Mexico,66.0,F,Premium,36.95
3114,2022-11-18,UK,54.0,F,Premium,33.9
3115,2023-03-05,USA,60.0,M,Basic,11.84
3116,2022-06-05,UK,56.0,F,Enterprise,167.55
3117,2023-02-27,Australia,59.0,M,Basic,11.87
3118,2023-12-09,USA,34.0,M,Premium,35.8
3119,2022-07-28,Spain,32.0,F,Premium,35.14
3120,2023-02-25,USA,35.0,F,Basic,12.61
3121,2023-05-29,France,40.0,M,Basic,14.14
3122,2024-03-04,Brazil,68.0,M,Premium,37.03
3123,2023-09-19,UK,47.0,F,Basic,14.79
3124,2023-04-28,Brazil,51.0,Unknown,Basic,13.94
3125,2024-06-12,UK,43.5,F,Premium,31.45
3126,2024-05-18,Italy,20.0,M,Premium,37.37
3127,2024-01-24,UK,24.0,F,Basic,13.32
3128,2024-01-15,Italy,35.0,M,Basic,13.22
3129,2022-03-05,Brazil,59.0,M,Basic,12.39
3130,2023-12-24,USA,24.0,M,Basic,10.3
3131,2022-05-22,France,57.0,F,Basic,14.75
3132,2023-06-16,USA,43.5,Unknown,Enterprise,185.18
3133,2022-08-01,Spain,39.0,F,Basic,12.42
3134,2023-07-29,France,18.0,F,Basic,10.78
3135,2022-11-29,France,21.0,M,Premium,38.23
3136,2023-11-10,USA,63.0,M,Basic,12.14
3137,2023-05-05,USA,66.0,M,Basic,11.94
3138,2023-06-23,Australia,69.0,F,Premium,36.64
3139,2023-01-21,Brazil,67.0,F,Premium,37.58
3140,2022-11-18,USA,60.0,Other,Premium,30.62
3141,2022-06-27,Italy,46.0,F,Premium,37.67
3142,2023-04-16,USA,43.5,F,Basic,13.66
3143,2023-06-30,Italy,43.0,F,Premium,35.88
3144,2022-12-17,Australia,43.5,F,Basic,11.68
3145,2023-07-14,Spain,26.0,F,Basic,10.81
3146,2022-12-29,UK,64.0,F,Basic,10.5
3147,2023-11-24,Australia,29.0,F,Basic,10.0
3148,2024-03-01,Canada,59.0,F,Basic,11.02
3149,2024-06-07,Germany,68.0,M,Basic,12.05
3150,2024-01-09,USA,68.0,M,Basic,11.21
3151,2023-11-29,Spain,23.0,M,Basic,11.53
3152,2023-10-21,Canada,37.0,M,Premium,33.89
3153,2024-04-02,UK,41.0,F,Premium,33.07
3154,2023-12-11,Spain,44.0,M,Basic,13.61
3155,2022-09-28,USA,55.0,M,Basic,12.45
3156,2023-09-17,USA,25.0,M,Basic,10.09
3157,2023-05-11,Australia,18.0,F,Basic,11.12
3158,2022-07-16,Germany,66.0,M,Premium,37.09
3159,2022-09-10,Spain,66.0,M,Basic,11.49
3160,2022-10-13,Brazil,41.0,M,Basic,14.59
3161,2023-07-26,USA,64.0,M,Basic,13.55
3162,2022-11-02,UK,24.0,F,Premium,32.89
3163,2022-08-19,Australia,36.0,M,Basic,12.57
3164,2022-11-01,USA,39.0,F,Premium,36.66
3165,2024-02-29,Germany,52.0,Unknown,Basic,10.96
3166,2022-10-23,UK,47.0,Other,Premium,32.45
3167,2023-12-23,Spain,46.0,M,Enterprise,150.7
3168,2022-08-01,Brazil,39.0,M,Basic,14.61
3169,2023-12-08,Spain,28.0,M,Premium,33.43
3170,2023-12-23,France,37.0,M,Premium,34.01
3171,2023-05-16,Germany,46.0,F,Premium,31.9
3172,2022-11-21,Canada,68.0,M,Premium,35.92
3173,2023-05-07,USA,58.0,M,Basic,13.69
3174,2022-12-24,Brazil,59.0,F,Basic,12.19
3175,2023-07-28,USA,51.0,F,Enterprise,175.01
3176,2024-03-25,Spain,18.0,M,Basic,11.5
3177,2024-01-09,USA,48.0,M,Enterprise,170.69
3178,2022-10-08,Spain,43.5,Unknown,Basic,11.28
3179,2022-10-22,USA,65.0,F,Basic,13.89
3180,2022-05-05,UK,35.0,F,Premium,38.3
3181,2023-08-11,UK,34.0,F,Premium,37.97
3182,2023-11-24,UK,55.0,F,Basic,11.07
3183,2023-07-11,Spain,31.0,F,Basic,13.46
3184,2023-01-24,Italy,40.0,M,Premium,35.38
3185,2023-02-09,Mexico,42.0,M,Enterprise,198.59
3186,2024-04-18,UK,32.0,F,Premium,33.61
3187,2022-12-20,Canada,63.0,F,Basic,13.85
3188,2024-03-02,UK,39.0,M,Basic,11.84
3189,2024-04-03,USA,20.0,F,Enterprise,139.68
3190,2022-05-30,Germany,36.0,F,Basic,10.54
3191,2022-10-25,USA,61.0,M,Basic,11.19
3192,2022-02-13,Australia,51.0,F,Basic,10.81
3193,2022-10-22,USA,52.0,M,Basic,10.79
3194,2024-01-02,Canada,67.0,F,Basic,10.04
3195,2022-03-22,Italy,18.0,M,Basic,13.96
3196,2022-12-21,UK,69.0,F,Premium,34.67
3197,2023-03-29,UK,38.0,F,Basic,14.01
3198,2023-11-03,Mexico,46.0,M,Basic,13.05
3199,2022-09-20,UK,23.0,F,Basic,14.15
3200,2024-02-05,Spain,54.0,F,Enterprise,150.37
3201,2023-05-06,Italy,18.0,F,Premium,30.93
3202,2022-08-08,UK,68.0,M,Basic,13.07
3203,2022-07-26,Australia,18.0,F,Basic,13.38
3204,2024-04-27,USA,44.0,M,Basic,13.12
3205,2023-07-06,Spain,38.0,M,Premium,38.0
3206,2022-10-05,Spain,70.0,M,Basic,13.65
3207,2023-07-30,France,33.0,M,Basic,12.15
3208,2023-12-14,France,61.0,F,Premium,38.18
3209,2022-10-06,USA,57.0,M,Premium,36.91
3210,2022-05-21,USA,43.0,M,Basic,10.59
3211,2022-04-22,USA,33.0,F,Basic,12.69
3212,2023-09-23,USA,45.0,F,Basic,13.63
3213,2024-01-29,UK,18.0,F,Basic,12.76
3214,2023-08-24,Mexico,53.0,M,Basic,14.74
3215,2022-09-03,UK,27.0,F,Enterprise,110.14
3216,2022-09-06,Mexico,60.0,M,Basic,13.6
3217,2022-02-21,France,34.0,Other,Premium,38.23
3218,2023-11-17,France,40.0,F,Basic,13.5
3219,2023-06-28,France,24.0,F,Basic,11.92
3220,2022-08-20,Italy,43.5,M,Premium,33.84
3221,2023-10-16,Germany,70.0,M,Premium,35.86
3222,2022-08-27,Mexico,24.0,M,Enterprise,139.7
3223,2022-02-23,USA,61.0,M,Basic,14.41
3224,2022-04-13,Italy,32.0,M,Basic,10.54
3225,2023-02-28,UK,51.0,F,Basic,13.19
3226,2022-12-05,UK,63.0,M,Basic,10.66
3227,2024-01-05,Australia,62.0,F,Basic,12.69
3228,2023-04-29,Canada,21.0,M,Premium,37.15
3229,2022-04-13,Spain,31.0,M,Basic,10.82
3230,2023-11-29,USA,31.0,F,Enterprise,170.39
3231,2024-02-29,UK,33.0,F,Basic,10.69
3232,2022-05-21,Brazil,43.5,M,Premium,36.2
3233,2022-01-06,UK,49.0,M,Basic,12.52
3234,2023-07-18,Australia,36.0,F,Basic,11.48
3235,2022-06-11,USA,19.0,M,Premium,31.11
3236,2023-02-21,Canada,27.0,M,Basic,13.67
3237,2023-10-31,Italy,67.0,F,Premium,33.81
3238,2024-06-20,USA,34.0,M,Basic,10.42
3239,2024-06-18,Spain,54.0,Unknown,Premium,37.72
3240,2023-05-03,USA,29.0,F,Premium,32.32
3241,2023-05-04,Germany,23.0,F,Basic,13.67
3242,2023-10-29,France,39.0,M,Basic,12.81
3243,2022-07-24,France,49.0,F,Basic,10.96
3244,2024-02-14,Spain,58.0,M,Basic,10.37
3245,2022-10-22,Canada,37.0,F,Basic,12.96
3246,2022-11-25,Mexico,18.0,F,Basic,10.12
3247,2022-10-20,Australia,64.0,M,Basic,10.32
3248,2023-10-24,Italy,70.0,M,Enterprise,170.21
3249,2022-03-02,France,23.0,M,Basic,12.68
3250,2024-02-27,USA,36.0,F,Enterprise,132.62
3251,2022-04-02,UK,35.0,F,Basic,12.69
3252,2023-10-30,UK,23.0,M,Premium,35.91
3253,2023-08-11,Mexico,62.0,M,Basic,12.82
3254,2022-08-26,UK,50.0,M,Basic,13.2
3255,2023-07-02,UK,43.5,M,Premium,39.39
3256,2024-01-27,Australia,40.0,M,Enterprise,138.87
3257,2024-01-11,USA,43.0,F,Basic,11.5
3258,2024-05-20,Mexico,30.0,F,Enterprise,103.83
3259,2022-02-08,USA,24.0,Other,Premium,31.46
3260,2022-06-29,Spain,32.0,F,Enterprise,110.61
3261,2023-03-04,UK,61.0,F,Basic,11.67
3262,2024-06-22,USA,44.0,F,Enterprise,160.99
3263,2024-05-07,Italy,43.0,F,Premium,30.45
3264,2022-06-30,Mexico,50.0,M,Basic,13.63
3265,2022-02-07,Germany,32.0,M,Basic,11.98
3266,2024-05-06,Germany,53.0,M,Basic,14.81
3267,2023-02-11,USA,62.0,F,Basic,12.83
3268,2024-03-17,Australia,44.0,F,Premium,37.7
3269,2023-05-23,France,22.0,M,Premium,38.6
3270,2022-07-10,USA,19.0,F,Premium,38.88
3271,2024-02-06,UK,50.0,F,Basic,12.58
3272,2024-06-12,Brazil,33.0,M,Basic,11.97
3273,2022-10-24,Mexico,40.0,M,Basic,12.79
3274,2024-06-16,UK,55.0,M,Premium,34.01
3275,2022-02-08,Mexico,33.0,M,Basic,11.19
3276,2022-01-10,Spain,31.0,F,Basic,11.61
3277,2022-11-02,Mexico,46.0,F,Basic,11.15
3278,2023-08-05,Spain,43.0,F,Basic,11.34
3279,2023-09-10,Mexico,52.0,F,Basic,10.46
3280,2022-04-20,Germany,32.0,F,Basic,12.12
3281,2022-12-10,Germany,20.0,F,Enterprise,123.52
3282,2022-10-19,Australia,40.0,F,Basic,12.23
3283,2023-04-11,Canada,46.0,F,Premium,37.91
3284,2023-10-19,UK,51.0,Unknown,Basic,12.23
3285,2023-07-11,UK,50.0,M,Premium,39.54
3286,2023-06-21,Canada,58.0,F,Basic,10.73
3287,2023-05-21,France,58.0,Unknown,Premium,38.49
3288,2024-06-29,UK,40.0,F,Premium,32.47
3289,2022-05-18,Australia,24.0,M,Basic,14.66
3290,2024-05-21,Brazil,20.0,M,Enterprise,122.7
3291,2023-06-01,Brazil,49.0,Other,Basic,13.72
3292,2023-04-25,USA,48.0,M,Premium,30.61
3293,2022-10-07,USA,35.0,M,Basic,13.14
3294,2022-07-17,Brazil,60.0,M,Enterprise,121.86
3295,2024-04-08,UK,24.0,F,Premium,36.69
3296,2022-04-26,UK,58.0,F,Basic,13.17
3297,2022-12-05,Canada,18.0,F,Basic,14.61
3298,2022-06-16,USA,31.0,F,Premium,36.26
3299,2024-01-19,USA,69.0,M,Premium,34.07
3300,2023-04-15,Germany,49.0,M,Enterprise,119.35
3301,2023-10-26,Spain,23.0,M,Basic,13.28
3302,2022-09-21,Australia,56.0,F,Basic,10.57
3303,2024-01-06,Brazil,27.0,F,Basic,14.13
3304,2022-07-10,UK,24.0,M,Basic,11.23
3305,2022-01-15,Canada,43.0,M,Basic,12.61
3306,2024-01-25,UK,51.0,M,Basic,12.97
3307,2022-12-12,Brazil,47.0,F,Basic,11.8
3308,2024-03-20,USA,53.0,M,Basic,13.31
3309,2022-10-30,Spain,38.0,M,Basic,11.24
3310,2023-08-05,USA,34.0,M,Premium,30.34
3311,2023-11-22,UK,50.0,F,Basic,14.79
3312,2024-02-15,USA,27.0,F,Basic,11.59
3313,2022-07-17,Germany,68.0,M,Basic,13.56
3314,2022-06-29,Brazil,64.0,F,Basic,12.53
3315,2023-09-18,Mexico,43.5,F,Enterprise,166.89
3316,2024-05-26,Germany,68.0,Other,Basic,10.54
3317,2023-10-17,Australia,29.0,M,Premium,35.18
3318,2023-02-20,France,33.0,F,Basic,11.95
3319,2024-04-26,UK,58.0,F,Premium,34.51
3320,2023-03-14,Spain,49.0,M,Basic,14.82
3321,2023-06-12,Italy,32.0,F,Basic,10.67
3322,2022-12-02,Italy,44.0,M,Premium,37.54
3323,2022-03-30,Spain,45.0,M,Basic,11.64
3324,2023-02-15,USA,34.0,M,Premium,32.89
3325,2023-11-17,Australia,63.0,M,Basic,11.34
3326,2022-04-08,UK,67.0,M,Premium,33.48
3327,2022-07-09,USA,19.0,M,Enterprise,135.7
3328,2022-05-24,USA,53.0,F,Enterprise,127.06
3329,2023-05-04,UK,43.5,F,Basic,13.33
3330,2022-11-28,Spain,24.0,M,Basic,10.23
3331,2022-09-12,USA,30.0,F,Enterprise,133.22
3332,2022-01-07,Italy,32.0,F,Premium,32.79
3333,2022-09-25,USA,42.0,M,Basic,13.75
3334,2023-01-28,Canada,40.0,M,Basic,10.72
3335,2022-08-30,France,39.0,F,Basic,14.69
3336,2023-04-03,Italy,43.0,F,Enterprise,117.04
3337,2024-02-11,UK,50.0,M,Basic,11.84
3338,2022-10-01,Mexico,28.0,M,Basic,10.99
3339,2022-12-04,Germany,27.0,F,Premium,32.86
3340,2022-11-06,Canada,43.5,Other,Enterprise,176.09
3341,2023-08-20,Canada,54.0,M,Premium,34.75
3342,2024-01-11,USA,65.0,Other,Basic,10.8
3343,2023-08-10,France,60.0,M,Basic,10.22
3344,2022-01-12,Brazil,70.0,M,Enterprise,122.98
3345,2022-09-25,France,55.0,M,Premium,39.45
3346,2023-11-01,UK,58.0,F,Premium,38.44
3347,2023-01-04,UK,62.0,M,Premium,34.39
3348,2023-12-11,UK,41.0,M,Basic,12.4
3349,2022-08-30,Italy,57.0,F,Premium,38.98
3350,2022-03-05,Italy,63.0,Other,Basic,12.95
3351,2023-11-15,Italy,50.0,M,Basic,14.39
3352,2022-05-02,UK,34.0,M,Premium,34.91
3353,2023-04-22,Australia,41.0,F,Basic,10.99
3354,2022-11-11,USA,54.0,F,Basic,13.62
3355,2022-06-13,Mexico,19.0,M,Basic,12.62
3356,2023-02-20,Mexico,49.0,F,Basic,13.33
3357,2023-12-04,France,41.0,M,Premium,31.56
3358,2023-05-30,USA,26.0,F,Premium,36.47
3359,2024-06-28,UK,21.0,M,Basic,11.9
3360,2023-12-22,France,34.0,F,Basic,11.65
3361,2024-02-28,UK,43.5,M,Basic,13.35
3362,2022-11-15,Canada,70.0,F,Basic,12.95
3363,2023-12-08,USA,67.0,Unknown,Premium,36.48
3364,2022-05-01,Germany,65.0,Unknown,Basic,14.82
3365,2023-10-17,UK,47.0,F,Premium,37.0
3366,2022-10-30,Spain,57.0,M,Basic,13.19
3367,2023-01-12,USA,28.0,F,Basic,13.06
3368,2023-09-22,UK,38.0,Other,Basic,11.98
3369,2022-08-15,Italy,38.0,F,Basic,14.19
3370,2022-08-13,UK,35.0,F,Premium,33.8
3371,2022-05-17,Brazil,46.0,F,Basic,13.49
3372,2023-05-05,UK,41.0,M,Basic,11.46
3373,2022-06-06,UK,27.0,M,Enterprise,114.77
3374,2023-04-11,Italy,62.0,F,Premium,31.29
3375,2024-02-05,Spain,34.0,F,Basic,13.16
3376,2023-09-13,UK,35.0,F,Enterprise,132.79
3377,2023-01-18,USA,59.0,F,Basic,11.37
3378,2023-03-02,Italy,65.0,M,Premium,35.91
3379,2023-12-20,UK,37.0,M,Basic,10.12
3380,2023-07-17,UK,54.0,M,Premium,32.45
3381,2023-04-28,UK,62.0,F,Basic,11.69
3382,2024-02-15,UK,35.0,M,Basic,13.53
3383,2023-07-05,Spain,34.0,M,Premium,35.44
3384,2024-04-01,Germany,26.0,F,Premium,38.55
3385,2023-11-12,UK,31.0,F,Premium,33.34
3386,2024-04-25,Italy,66.0,F,Premium,32.95
3387,2022-08-12,UK,46.0,Other,Basic,10.16
3388,2024-02-20,Mexico,48.0,F,Basic,14.75
3389,2022-09-11,UK,21.0,M,Premium,35.0
3390,2023-11-28,Australia,35.0,F,Premium,35.02
3391,2024-02-12,France,37.0,M,Basic,14.61
3392,2023-09-03,Brazil,64.0,F,Basic,11.44
3393,2024-06-13,UK,60.0,F,Basic,11.65
3394,2024-03-17,USA,61.0,F,Enterprise,165.62
3395,2022-03-25,Germany,26.0,M,Basic,13.92
3396,2023-06-23,Germany,30.0,M,Basic,13.49
3397,2023-04-03,UK,32.0,F,Basic,13.93
3398,2023-06-25,Brazil,44.0,M,Premium,35.74
3399,2023-12-22,Mexico,32.0,Other,Premium,38.62
3400,2023-01-06,USA,45.0,F,Premium,35.49
3401,2022-03-21,Spain,54.0,F,Premium,32.28
3402,2023-08-01,UK,36.0,F,Basic,12.7
3403,2022-04-25,Italy,43.0,F,Basic,13.55
3404,2022-03-05,Germany,69.0,M,Premium,36.53
3405,2024-04-28,UK,43.5,M,Basic,11.21
3406,2023-07-15,UK,42.0,F,Basic,10.2
3407,2023-06-02,Spain,43.0,F,Premium,32.51
3408,2022-07-27,Mexico,43.0,F,Premium,39.83
3409,2023-08-10,Spain,63.0,Other,Enterprise,118.44
3410,2023-07-04,USA,45.0,M,Enterprise,146.43
3411,2022-06-03,Mexico,66.0,M,Basic,13.18
3412,2022-06-18,USA,35.0,M,Enterprise,187.94
3413,2022-12-02,USA,49.0,F,Basic,13.79
3414,2024-05-24,Australia,70.0,M,Premium,39.08
3415,2023-06-17,Australia,20.0,M,Basic,13.01
3416,2023-03-29,USA,19.0,F,Basic,14.32
3417,2022-04-30,USA,50.0,M,Enterprise,126.37
3418,2023-11-28,Mexico,59.0,Unknown,Basic,12.14
3419,2022-07-30,USA,36.0,F,Premium,38.43
3420,2024-01-05,UK,34.0,M,Basic,11.62
3421,2023-08-21,Spain,61.0,M,Basic,14.35
3422,2023-05-16,Brazil,50.0,F,Basic,11.81
3423,2022-04-04,Australia,29.0,M,Premium,33.62
3424,2023-06-07,Mexico,66.0,M,Basic,11.54
3425,2023-04-02,Italy,20.0,M,Basic,12.72
3426,2024-04-08,UK,60.0,M,Premium,31.28
3427,2022-02-26,UK,66.0,F,Basic,10.17
3428,2023-04-10,UK,43.0,M,Basic,14.48
3429,2022-05-16,USA,52.0,F,Enterprise,192.88
3430,2023-06-10,Brazil,25.0,M,Basic,10.37
3431,2023-03-02,UK,69.0,F,Basic,12.74
3432,2023-04-13,Mexico,53.0,F,Premium,35.39
3433,2023-08-01,Germany,70.0,F,Premium,33.71
3434,2022-03-01,USA,24.0,F,Premium,35.68
3435,2023-07-27,Germany,63.0,M,Enterprise,145.8
3436,2023-04-19,USA,63.0,F,Basic,12.44
3437,2023-11-20,USA,53.0,M,Enterprise,175.52
3438,2024-04-06,UK,33.0,M,Enterprise,152.59
3439,2022-11-12,USA,41.0,F,Premium,33.23
3440,2024-01-11,Canada,18.0,M,Basic,12.9
3441,2022-01-23,Australia,66.0,F,Premium,36.4
3442,2023-02-10,Canada,42.0,M,Basic,13.3
3443,2022-09-18,Canada,27.0,F,Premium,36.17
3444,2024-04-16,France,33.0,F,Basic,13.31
3445,2022-01-04,Australia,43.5,F,Premium,33.09
3446,2024-02-03,UK,25.0,F,Premium,34.45
3447,2022-08-12,Brazil,46.0,F,Basic,13.33
3448,2023-08-16,USA,43.5,F,Premium,37.53
3449,2022-03-16,USA,45.0,M,Basic,12.16
3450,2022-02-16,UK,23.0,F,Premium,33.64
3451,2023-03-10,UK,33.0,M,Basic,13.57
3452,2022-12-19,UK,37.0,M,Premium,32.21
3453,2023-12-19,Canada,33.0,M,Basic,10.04
3454,2022-03-07,UK,24.0,M,Basic,12.35
3455,2023-07-09,Mexico,58.0,F,Basic,10.86
3456,2022-03-03,Australia,31.0,F,Premium,33.77
3457,2022-03-12,Canada,60.0,F,Premium,32.9
3458,2023-04-29,Germany,43.0,F,Basic,13.88
3459,2022-02-02,France,43.0,M,Basic,11.65
3460,2022-10-21,Italy,31.0,M,Basic,13.19
3461,2023-02-23,UK,24.0,M,Enterprise,167.38
3462,2022-07-04,France,50.0,F,Premium,34.55
3463,2024-02-27,UK,43.5,M,Basic,10.4
3464,2022-05-19,Brazil,62.0,F,Basic,13.49
3465,2024-02-24,Italy,37.0,F,Basic,10.37
3466,2023-10-19,USA,20.0,F,Premium,30.98
3467,2024-01-17,USA,69.0,F,Basic,10.97
3468,2023-10-24,Brazil,21.0,F,Premium,32.79
3469,2023-03-07,Canada,43.0,M,Basic,14.22
3470,2023-01-19,USA,28.0,M,Basic,13.36
3471,2023-01-27,Mexico,19.0,F,Basic,11.93
3472,2023-04-05,Mexico,31.0,F,Premium,39.78
3473,2024-06-09,UK,61.0,F,Enterprise,124.35
3474,2023-01-22,Brazil,47.0,M,Basic,13.04
3475,2023-01-20,UK,66.0,F,Basic,14.23
3476,2022-03-24,USA,29.0,M,Basic,14.0
3477,2023-12-01,Canada,43.0,M,Premium,30.89
3478,2023-11-09,Brazil,61.0,M,Premium,36.96
3479,2024-06-14,USA,43.5,M,Basic,11.28
3480,2023-07-07,UK,30.0,M,Basic,11.77
3481,2022-05-17,USA,31.0,M,Premium,34.88
3482,2023-11-01,Italy,41.0,F,Premium,37.9
3483,2024-05-30,USA,51.0,F,Basic,10.82
3484,2022-12-23,Mexico,61.0,F,Premium,31.08
3485,2022-05-02,Italy,43.5,M,Premium,31.52
3486,2022-07-02,USA,38.0,Other,Basic,11.08
3487,2023-07-05,UK,45.0,M,Basic,10.29
3488,2023-02-07,Brazil,65.0,M,Basic,14.62
3489,2023-06-26,UK,43.5,F,Premium,33.18
3490,2022-05-11,UK,57.0,M,Premium,31.76
3491,2024-01-16,USA,19.0,F,Enterprise,163.77
3492,2022-08-17,UK,59.0,F,Basic,13.92
3493,2024-05-04,Italy,43.5,Other,Premium,37.52
3494,2022-01-04,UK,40.0,F,Basic,13.58
3495,2024-02-14,UK,32.0,F,Basic,10.24
3496,2022-01-24,UK,30.0,M,Premium,37.81
3497,2022-11-02,Italy,40.0,F,Enterprise,150.18
3498,2023-04-20,UK,34.0,M,Basic,13.24
3499,2023-11-21,Mexico,65.0,F,Enterprise,195.63
3500,2024-01-07,Germany,19.0,F,Basic,14.04
3501,2023-07-12,Germany,37.0,M,Basic,14.12
3502,2023-03-11,USA,37.0,F,Basic,10.9
3503,2023-06-29,USA,63.0,M,Premium,34.75
3504,2023-01-24,USA,20.0,M,Basic,14.74
3505,2024-04-23,Spain,29.0,F,Basic,12.9
3506,2022-08-24,France,57.0,M,Basic,10.5
3507,2022-09-11,UK,43.5,Unknown,Premium,37.31
3508,2023-04-17,UK,53.0,M,Basic,10.2
3509,2022-12-21,France,31.0,F,Basic,13.7
3510,2022-06-08,UK,33.0,M,Premium,38.79
3511,2022-10-10,Mexico,36.0,M,Premium,34.24
3512,2022-07-13,Australia,51.0,F,Basic,12.06
3513,2024-06-15,Australia,61.0,M,Basic,11.51
3514,2024-01-13,Australia,63.0,M,Premium,38.76
3515,2024-02-23,France,43.5,F,Basic,12.73
3516,2022-04-26,UK,30.0,F,Premium,35.78
3517,2022-02-02,Spain,53.0,F,Basic,13.3
3518,2024-04-08,France,39.0,M,Basic,11.49
3519,2023-11-08,UK,35.0,F,Basic,12.15
3520,2023-03-06,UK,29.0,F,Enterprise,174.15
3521,2023-09-22,Mexico,69.0,M,Enterprise,198.54
3522,2024-02-24,Spain,47.0,M,Enterprise,103.42
3523,2024-06-23,Australia,70.0,Other,Basic,10.2
3524,2024-06-29,Italy,68.0,F,Premium,34.27
3525,2022-01-17,Mexico,57.0,F,Basic,13.29
3526,2022-09-04,UK,24.0,F,Premium,33.85
3527,2022-07-31,Australia,49.0,F,Basic,14.99
3528,2022-03-10,Germany,65.0,F,Premium,31.94
3529,2022-04-14,USA,36.0,M,Enterprise,100.78
3530,2023-09-01,Germany,23.0,M,Basic,10.94
3531,2022-02-04,Australia,37.0,F,Basic,14.42
3532,2023-04-03,Mexico,44.0,F,Basic,10.72
3533,2023-09-05,Spain,70.0,F,Basic,12.38
3534,2023-11-20,Italy,60.0,Other,Basic,12.09
3535,2023-12-22,UK,43.5,F,Premium,36.65
3536,2024-06-12,Italy,65.0,M,Basic,10.26
3537,2022-02-19,France,24.0,F,Premium,36.58
3538,2022-09-08,Brazil,43.5,M,Basic,11.76
3539,2024-01-29,UK,28.0,M,Basic,14.62
3540,2022-02-15,Australia,32.0,M,Basic,14.23
3541,2023-02-16,France,20.0,F,Basic,11.99
3542,2023-03-26,Brazil,22.0,Other,Premium,39.92
3543,2022-08-28,UK,40.0,M,Basic,10.25
3544,2023-07-07,Spain,70.0,M,Premium,37.88
3545,2022-08-11,Canada,54.0,F,Basic,12.16
3546,2024-02-12,UK,26.0,F,Enterprise,143.32
3547,2024-06-03,USA,32.0,F,Premium,31.69
3548,2024-03-05,Italy,20.0,F,Basic,12.56
3549,2022-02-27,Canada,46.0,F,Basic,10.41
3550,2022-05-24,France,23.0,M,Basic,13.07
3551,2023-05-31,UK,34.0,M,Premium,32.41
3552,2022-10-24,UK,43.0,M,Basic,13.61
3553,2022-08-28,USA,38.0,F,Premium,36.06
3554,2024-04-15,USA,25.0,M,Basic,13.72
3555,2024-01-20,Canada,38.0,F,Basic,13.74
3556,2023-08-13,Germany,28.0,M,Basic,10.97
3557,2022-11-23,UK,55.0,M,Basic,9.99
3558,2023-08-15,USA,25.0,M,Premium,33.65
3559,2023-09-05,Spain,59.0,M,Basic,14.59
3560,2024-03-02,Canada,41.0,M,Premium,35.77
3561,2023-11-20,UK,52.0,F,Premium,37.27
3562,2024-04-18,Spain,31.0,M,Basic,14.39
3563,2022-11-25,Germany,31.0,F,Basic,14.52
3564,2022-08-31,UK,27.0,M,Basic,12.64
3565,2022-11-06,Italy,29.0,F,Premium,35.4
3566,2024-06-16,Italy,55.0,F,Basic,14.24
3567,2022-05-27,Australia,61.0,Other,Basic,14.03
3568,2023-11-08,Spain,63.0,M,Basic,13.48
3569,2023-06-18,Mexico,51.0,M,Basic,13.01
3570,2022-08-15,France,58.0,F,Enterprise,161.71
3571,2023-02-28,UK,27.0,Unknown,Premium,33.62
3572,2022-11-04,Italy,34.0,F,Basic,14.19
3573,2022-10-09,UK,34.0,M,Premium,36.17
3574,2022-03-04,USA,20.0,F,Enterprise,122.34
3575,2023-07-25,UK,48.0,M,Basic,11.19
3576,2023-08-29,USA,68.0,F,Premium,38.61
3577,2024-06-19,Germany,18.0,F,Basic,13.12
3578,2024-01-23,Italy,29.0,M,Premium,33.98
3579,2022-06-29,UK,56.0,M,Premium,31.86
3580,2023-10-04,Spain,21.0,M,Enterprise,161.01
3581,2023-11-27,USA,59.0,F,Basic,10.91
3582,2023-03-14,USA,30.0,M,Premium,34.69
3583,2023-07-24,USA,51.0,M,Basic,13.38
3584,2023-05-23,France,59.0,F,Basic,12.82
3585,2022-02-18,UK,38.0,M,Enterprise,192.2
3586,2022-12-19,Australia,39.0,M,Premium,30.39
3587,2023-10-21,France,21.0,M,Basic,11.39
3588,2023-11-19,Brazil,35.0,F,Premium,30.56
3589,2023-01-26,France,22.0,Other,Basic,10.96
3590,2024-03-15,USA,36.0,M,Basic,10.61
3591,2023-06-22,USA,19.0,F,Premium,37.32
3592,2022-11-23,UK,29.0,M,Basic,11.84
3593,2023-12-15,UK,34.0,M,Basic,14.62
3594,2023-03-03,Italy,27.0,F,Premium,30.22
3595,2023-02-23,France,51.0,M,Basic,13.25
3596,2022-06-02,Germany,23.0,F,Basic,14.84
3597,2022-11-04,UK,25.0,F,Basic,10.87
3598,2023-01-21,Germany,68.0,F,Enterprise,144.23
3599,2022-07-08,USA,28.0,M,Premium,37.01
3600,2024-02-12,USA,29.0,M,Basic,13.16
3601,2023-07-05,Spain,26.0,Other,Basic,12.82
3602,2023-04-30,Brazil,19.0,M,Premium,33.26
3603,2022-09-04,Brazil,25.0,F,Premium,37.27
3604,2024-05-19,USA,28.0,M,Basic,13.26
3605,2022-08-19,Australia,70.0,M,Basic,10.8
3606,2022-11-04,Italy,53.0,M,Enterprise,196.4
3607,2024-05-28,Canada,27.0,F,Basic,12.77
3608,2023-12-26,France,38.0,F,Basic,12.62
3609,2022-05-28,Germany,37.0,M,Premium,38.47
3610,2024-04-05,UK,65.0,F,Basic,13.19
3611,2023-04-20,USA,25.0,M,Basic,10.36
3612,2022-03-01,USA,43.5,M,Enterprise,150.65
3613,2023-07-30,USA,46.0,F,Basic,13.89
3614,2023-02-27,UK,59.0,F,Basic,13.49
3615,2023-03-03,Mexico,29.0,M,Basic,14.84
3616,2023-07-25,UK,31.0,M,Premium,30.24
3617,2023-06-27,USA,65.0,Other,Premium,32.6
3618,2022-05-18,USA,67.0,F,Basic,12.74
3619,2023-02-02,Italy,38.0,F,Premium,36.18
3620,2022-09-06,UK,39.0,M,Basic,11.36
3621,2022-09-19,UK,38.0,F,Basic,14.12
3622,2022-07-28,USA,61.0,M,Premium,31.63
3623,2022-12-05,UK,67.0,Other,Basic,9.99
3624,2023-10-25,France,47.0,M,Enterprise,195.23
3625,2022-03-22,USA,43.5,M,Premium,33.91
3626,2023-04-06,Italy,37.0,M,Basic,14.78
3627,2024-05-17,USA,41.0,F,Premium,32.77
3628,2023-01-15,USA,40.0,F,Basic,10.31
3629,2022-04-05,Brazil,24.0,M,Premium,37.72
3630,2023-07-03,Germany,26.0,F,Basic,14.17
3631,2024-01-12,UK,18.0,F,Basic,12.45
3632,2024-04-29,Australia,43.0,M,Premium,30.73
3633,2022-07-15,Spain,55.0,F,Premium,36.53
3634,2022-02-22,Spain,55.0,F,Basic,10.9
3635,2022-10-02,UK,61.0,M,Basic,14.24
3636,2023-01-22,Australia,39.0,M,Basic,11.36
3637,2023-11-21,Canada,61.0,M,Basic,14.23
3638,2023-09-12,Italy,27.0,M,Basic,12.12
3639,2023-09-10,USA,23.0,M,Premium,35.95
3640,2022-02-10,USA,34.0,F,Basic,13.94
3641,2024-06-13,USA,43.5,F,Enterprise,104.03
3642,2022-03-16,Germany,67.0,M,Basic,14.1
3643,2022-07-12,UK,55.0,F,Premium,31.38
3644,2024-04-03,UK,41.0,F,Basic,11.78
3645,2024-02-19,Italy,68.0,F,Premium,34.72
3646,2023-08-25,UK,27.0,M,Basic,14.47
3647,2024-01-12,Mexico,25.0,F,Premium,30.21
3648,2023-11-19,UK,38.0,F,Basic,12.79
3649,2023-07-27,UK,23.0,F,Basic,13.2
3650,2022-08-11,Spain,38.0,M,Basic,11.57
3651,2023-05-06,Spain,56.0,M,Basic,11.44
3652,2022-08-02,UK,41.0,F,Premium,34.89
3653,2024-06-09,UK,50.0,M,Basic,10.93
3654,2022-12-07,UK,35.0,Unknown,Premium,34.67
3655,2022-11-07,Australia,45.0,F,Basic,13.82
3656,2022-01-16,Mexico,69.0,M,Basic,14.22
3657,2022-08-05,Canada,49.0,F,Premium,33.84
3658,2022-07-14,Brazil,29.0,M,Premium,36.16
3659,2024-01-30,France,65.0,M,Basic,9.99
3660,2022-05-01,Spain,59.0,F,Premium,35.49
3661,2024-02-04,Italy,44.0,F,Premium,39.74
3662,2024-02-12,Australia,43.5,M,Premium,33.11
3663,2023-05-06,Italy,63.0,F,Basic,12.96
3664,2022-09-06,USA,69.0,M,Premium,37.61
3665,2023-12-14,USA,59.0,M,Basic,13.03
3666,2023-09-11,France,49.0,M,Premium,34.17
3667,2023-12-22,Spain,59.0,M,Basic,10.75
3668,2022-07-29,Mexico,43.0,F,Premium,34.63
3669,2023-02-11,USA,42.0,F,Premium,32.94
3670,2022-09-03,Spain,28.0,F,Basic,13.47
3671,2023-07-20,Australia,40.0,F,Basic,12.2
3672,2022-11-26,USA,51.0,M,Premium,38.49
3673,2024-03-05,Italy,69.0,M,Basic,10.96
3674,2022-10-17,UK,57.0,F,Basic,12.08
3675,2023-01-25,USA,40.0,F,Basic,12.78
3676,2023-04-23,UK,46.0,F,Premium,31.25
3677,2023-07-01,Germany,48.0,M,Premium,35.87
3678,2023-10-27,UK,24.0,M,Premium,32.9
3679,2023-01-03,Germany,43.5,M,Basic,11.14
3680,2022-11-12,France,50.0,M,Basic,10.7
3681,2022-09-25,Canada,43.5,M,Basic,11.74
3682,2023-01-04,USA,19.0,F,Enterprise,192.89
3683,2023-06-10,Canada,35.0,M,Basic,10.15
3684,2024-06-22,USA,64.0,F,Basic,14.25
3685,2023-05-25,UK,43.5,F,Premium,33.96
3686,2023-04-23,USA,54.0,M,Premium,35.61
3687,2022-04-11,Canada,51.0,F,Basic,12.55
3688,2024-04-02,Spain,37.0,Unknown,Basic,14.62
3689,2024-01-10,Australia,52.0,F,Basic,13.84
3690,2023-04-26,Italy,68.0,F,Premium,39.84
3691,2024-02-19,Spain,67.0,F,Basic,13.96
3692,2024-05-09,Spain,35.0,F,Premium,32.95
3693,2022-11-24,Australia,63.0,M,Basic,14.8
3694,2022-07-28,Australia,41.0,F,Premium,39.83
3695,2023-01-15,France,25.0,F,Basic,10.61
3696,2022-11-17,UK,47.0,F,Basic,14.5
3697,2023-02-28,UK,61.0,F,Premium,36.63
3698,2022-02-16,UK,70.0,F,Premium,39.21
3699,2023-07-31,Spain,27.0,F,Premium,39.15
3700,2024-06-03,Germany,40.0,M,Premium,38.9
3701,2022-08-15,France,69.0,M,Basic,14.42
3702,2024-01-30,Mexico,66.0,F,Basic,10.58
3703,2022-05-30,Spain,28.0,F,Basic,10.71
3704,2022-01-17,USA,19.0,Other,Enterprise,111.77
3705,2022-09-25,Italy,43.0,M,Basic,10.45
3706,2023-07-21,Australia,53.0,M,Basic,11.76
3707,2023-08-22,UK,50.0,F,Basic,13.41
3708,2023-08-17,UK,64.0,F,Premium,33.54
3709,2024-01-08,Australia,30.0,F,Premium,37.19
3710,2023-03-04,USA,57.0,M,Enterprise,182.02
3711,2022-10-30,Germany,42.0,M,Basic,13.32
3712,2022-06-06,USA,21.0,M,Premium,34.64
3713,2022-07-20,Brazil,59.0,M,Basic,11.47
3714,2022-12-04,USA,36.0,Other,Basic,10.61
3715,2022-08-24,Canada,35.0,M,Basic,12.46
3716,2023-01-24,USA,54.0,M,Basic,13.59
3717,2023-08-07,Canada,47.0,M,Premium,35.47
3718,2024-05-03,Spain,36.0,M,Enterprise,172.14
3719,2022-09-09,UK,40.0,F,Basic,11.67
3720,2023-05-27,USA,33.0,M,Enterprise,106.67
3721,2023-07-18,Australia,18.0,Unknown,Basic,13.85
3722,2023-11-02,USA,29.0,Other,Basic,11.09
3723,2023-12-03,Germany,41.0,M,Basic,13.07
3724,2022-12-12,Spain,51.0,F,Basic,14.01
3725,2022-09-21,UK,70.0,M,Basic,10.69
3726,2024-02-21,Australia,25.0,F,Premium,35.97
3727,2024-04-21,Canada,35.0,M,Premium,36.88
3728,2023-05-16,UK,65.0,M,Premium,37.46
3729,2024-01-11,UK,22.0,F,Basic,10.73
3730,2023-10-20,Mexico,43.0,M,Premium,38.24
3731,2024-01-28,UK,47.0,F,Premium,30.93
3732,2023-05-18,Mexico,30.0,M,Enterprise,151.95
3733,2023-04-17,UK,36.0,F,Basic,12.21
3734,2022-06-22,USA,46.0,F,Enterprise,122.17
3735,2024-01-21,France,20.0,M,Premium,33.01
3736,2024-03-25,Australia,43.0,M,Premium,31.63
3737,2022-12-27,Canada,57.0,F,Basic,12.12
3738,2022-06-23,Mexico,29.0,F,Basic,10.17
3739,2022-05-24,Germany,19.0,M,Basic,14.43
3740,2024-01-08,USA,28.0,F,Basic,10.81
3741,2023-07-14,Brazil,61.0,M,Basic,14.42
3742,2023-05-16,Germany,45.0,M,Enterprise,186.35
3743,2022-07-08,UK,35.0,F,Basic,12.25
3744,2024-06-29,UK,30.0,F,Basic,12.48
3745,2023-07-10,Mexico,43.5,F,Basic,11.5
3746,2023-10-20,Brazil,39.0,M,Basic,14.97
3747,2022-03-02,USA,29.0,M,Basic,13.34
3748,2023-06-21,UK,19.0,F,Basic,14.75
3749,2022-02-04,Australia,54.0,M,Basic,12.06
3750,2024-05-09,UK,24.0,M,Premium,38.82
3751,2024-05-17,Italy,43.0,M,Basic,12.23
3752,2022-03-18,Canada,43.0,F,Premium,38.66
3753,2024-04-17,Germany,43.5,M,Enterprise,113.08
3754,2023-11-16,Canada,29.0,M,Basic,13.17
3755,2022-02-19,UK,33.0,F,Premium,36.78
3756,2024-02-22,France,40.0,F,Basic,13.27
3757,2022-01-07,USA,57.0,M,Basic,12.23
3758,2023-02-27,USA,26.0,F,Basic,13.41
3759,2022-05-21,UK,49.0,M,Basic,11.19
3760,2024-05-12,France,32.0,M,Enterprise,159.57
3761,2023-10-08,UK,54.0,F,Basic,12.76
3762,2022-08-25,USA,30.0,M,Basic,11.58
3763,2022-03-11,Italy,22.0,M,Basic,13.88
3764,2023-12-26,Mexico,28.0,F,Basic,10.39
3765,2022-06-04,Mexico,43.5,F,Enterprise,117.13
3766,2022-01-10,UK,69.0,F,Basic,12.35
3767,2022-08-12,USA,30.0,M,Basic,14.45
3768,2023-06-02,Brazil,58.0,M,Basic,12.87
3769,2023-04-12,Australia,70.0,M,Basic,14.2
3770,2023-01-18,Brazil,63.0,M,Basic,12.58
3771,2022-03-03,France,67.0,M,Basic,13.92
3772,2023-09-25,UK,32.0,F,Basic,11.62
3773,2023-10-16,UK,59.0,M,Premium,38.14
3774,2023-11-14,USA,24.0,M,Basic,12.0
3775,2023-09-24,UK,57.0,F,Premium,35.58
3776,2023-05-10,USA,45.0,M,Enterprise,117.58
3777,2023-11-07,Australia,49.0,Other,Enterprise,192.03
3778,2023-05-15,Australia,52.0,M,Basic,13.5
3779,2022-01-17,France,43.5,F,Enterprise,185.88
3780,2022-01-07,Canada,65.0,F,Premium,32.07
3781,2023-06-29,USA,53.0,F,Premium,30.67
3782,2023-07-19,Australia,38.0,M,Basic,11.68
3783,2023-02-26,Australia,23.0,F,Basic,12.57
3784,2022-01-13,France,18.0,M,Enterprise,180.23
3785,2022-01-18,UK,21.0,M,Basic,11.98
3786,2023-06-27,Spain,28.0,Unknown,Basic,11.34
3787,2024-01-10,USA,61.0,M,Basic,11.85
3788,2022-10-09,UK,43.0,M,Enterprise,170.35
3789,2023-07-03,USA,54.0,M,Basic,11.67
3790,2022-10-21,Australia,40.0,M,Enterprise,197.91
3791,2022-01-18,Australia,43.5,F,Basic,10.86
3792,2023-05-30,Mexico,38.0,M,Basic,13.76
3793,2024-04-12,Italy,65.0,F,Basic,12.94
3794,2023-12-16,UK,62.0,Other,Premium,32.32
3795,2023-11-22,Australia,62.0,M,Basic,13.76
3796,2023-03-17,Spain,66.0,F,Basic,12.23
3797,2024-04-05,Italy,44.0,Other,Basic,13.4
3798,2022-07-03,Mexico,56.0,M,Basic,13.3
3799,2022-04-20,USA,57.0,M,Premium,31.1
3800,2022-04-09,UK,30.0,F,Basic,14.19
3801,2023-06-21,USA,40.0,F,Basic,13.4
3802,2022-06-02,UK,33.0,F,Basic,13.89
3803,2022-09-04,USA,47.0,M,Basic,12.23
3804,2022-07-16,France,21.0,F,Enterprise,119.5
3805,2023-09-27,USA,57.0,M,Basic,11.62
3806,2023-06-24,USA,33.0,M,Basic,14.5
3807,2022-09-16,Italy,48.0,M,Basic,14.68
3808,2024-04-14,Canada,70.0,M,Premium,34.81
3809,2022-12-29,France,59.0,F,Basic,11.48
3810,2022-10-01,Germany,43.5,F,Basic,13.64
3811,2024-03-25,UK,61.0,Unknown,Premium,37.65
3812,2023-02-11,USA,29.0,M,Premium,38.14
3813,2022-03-22,UK,43.5,F,Basic,10.15
3814,2023-01-18,Australia,54.0,F,Basic,10.04
3815,2023-02-20,Canada,65.0,M,Basic,11.78
3816,2023-04-16,Mexico,50.0,F,Premium,31.51
3817,2023-08-02,Canada,45.0,F,Enterprise,180.49
3818,2022-09-07,USA,26.0,F,Basic,12.65
3819,2023-12-15,USA,29.0,M,Premium,38.24
3820,2022-08-20,UK,22.0,F,Basic,10.87
3821,2022-11-04,Brazil,69.0,F,Premium,36.26
3822,2023-12-02,USA,45.0,M,Premium,35.79
3823,2024-04-27,USA,52.0,F,Premium,33.39
3824,2024-05-18,USA,22.0,M,Basic,12.58
3825,2022-03-24,Spain,51.0,F,Basic,12.94
3826,2023-11-01,Spain,63.0,F,Premium,38.88
3827,2024-05-28,Australia,51.0,F,Basic,10.27
3828,2023-10-28,Germany,43.5,F,Basic,14.11
3829,2024-02-17,UK,56.0,M,Basic,14.89
3830,2022-02-02,France,59.0,M,Basic,13.65
3831,2022-04-06,UK,62.0,F,Premium,37.36
3832,2023-02-20,Australia,65.0,M,Basic,11.08
3833,2023-01-24,USA,31.0,Unknown,Basic,12.61
3834,2023-01-22,Spain,28.0,M,Basic,13.52
3835,2023-07-20,Germany,59.0,Unknown,Premium,36.01
3836,2023-05-03,Germany,55.0,F,Enterprise,138.5
3837,2022-02-27,USA,21.0,F,Basic,14.69
3838,2023-10-15,UK,70.0,M,Basic,12.56
3839,2022-01-10,Italy,50.0,M,Basic,14.84
3840,2023-12-21,France,24.0,M,Basic,12.81
3841,2022-06-25,UK,58.0,M,Premium,37.92
3842,2022-03-26,UK,25.0,M,Basic,13.7
3843,2023-05-27,USA,54.0,M,Basic,13.29
3844,2024-05-15,France,68.0,F,Basic,10.06
3845,2023-03-21,UK,27.0,F,Enterprise,107.73
3846,2023-10-23,UK,60.0,M,Premium,35.8
3847,2024-03-14,Mexico,32.0,F,Premium,39.11
3848,2022-12-06,UK,55.0,F,Basic,13.0
3849,2023-08-03,Mexico,32.0,M,Basic,11.17
3850,2024-05-28,UK,22.0,M,Premium,33.19
3851,2022-04-08,Australia,46.0,Unknown,Basic,13.11
3852,2023-06-25,USA,36.0,M,Premium,35.96
3853,2022-02-13,Germany,68.0,F,Basic,14.77
3854,2022-08-24,France,27.0,F,Basic,12.64
3855,2022-08-05,USA,29.0,Unknown,Basic,11.77
3856,2024-06-07,Australia,43.5,F,Premium,35.24
3857,2023-12-10,Brazil,48.0,F,Basic,13.92
3858,2024-06-27,USA,35.0,M,Premium,35.39
3859,2023-08-04,USA,33.0,M,Premium,33.25
3860,2023-05-02,USA,57.0,F,Enterprise,133.85
3861,2022-10-05,UK,53.0,F,Basic,13.77
3862,2022-02-17,Canada,42.0,F,Basic,10.32
3863,2022-03-18,Canada,40.0,F,Enterprise,127.47
3864,2023-12-02,Germany,29.0,Unknown,Basic,10.76
3865,2022-10-15,Canada,51.0,M,Basic,14.71
3866,2023-07-11,Canada,53.0,M,Basic,10.44
3867,2023-08-01,USA,54.0,M,Basic,13.78
3868,2023-11-05,Spain,20.0,F,Basic,13.14
3869,2022-02-03,Mexico,26.0,Unknown,Premium,36.32
3870,2022-07-03,UK,70.0,F,Premium,37.62
3871,2024-05-20,Mexico,35.0,F,Basic,11.99
3872,2022-11-19,UK,60.0,M,Premium,34.0
3873,2022-01-17,UK,52.0,M,Basic,11.43
3874,2022-08-01,Spain,51.0,M,Basic,12.98
3875,2023-08-25,Mexico,58.0,F,Enterprise,192.97
3876,2022-05-28,USA,31.0,M,Basic,14.61
3877,2024-02-10,USA,21.0,F,Premium,37.02
3878,2024-04-20,Mexico,46.0,F,Basic,14.52
3879,2023-12-31,Mexico,58.0,M,Premium,39.63
3880,2024-04-20,Canada,62.0,M,Basic,13.97
3881,2023-02-12,UK,67.0,Unknown,Basic,12.03
3882,2022-03-20,USA,32.0,M,Basic,12.41
3883,2022-11-03,France,45.0,F,Basic,14.65
3884,2022-06-16,Spain,59.0,F,Basic,13.34
3885,2023-08-01,Spain,33.0,M,Premium,38.2
3886,2022-09-04,Mexico,29.0,M,Basic,10.57
3887,2023-08-04,Italy,69.0,M,Premium,31.93
3888,2024-05-04,UK,22.0,F,Basic,11.71
3889,2024-05-19,Germany,51.0,M,Basic,10.93
3890,2023-02-03,UK,59.0,F,Enterprise,190.64
3891,2023-11-25,France,18.0,F,Enterprise,121.68
3892,2023-07-08,USA,56.0,F,Basic,12.78
3893,2022-12-06,Mexico,49.0,M,Premium,30.84
3894,2023-01-29,USA,43.0,F,Basic,10.76
3895,2024-02-13,USA,34.0,F,Basic,11.23
3896,2024-01-28,Italy,65.0,F,Basic,14.9
3897,2022-05-24,USA,44.0,F,Enterprise,179.7
3898,2024-03-20,France,41.0,F,Enterprise,167.35
3899,2023-12-07,Australia,52.0,F,Basic,14.57
3900,2024-01-12,UK,63.0,M,Premium,39.55
3901,2022-03-22,Brazil,59.0,F,Premium,34.53
3902,2023-05-28,Germany,56.0,M,Basic,11.63
3903,2024-02-03,Mexico,43.5,F,Premium,33.14
3904,2022-12-21,France,66.0,F,Basic,10.17
3905,2022-02-24,Canada,55.0,M,Basic,11.39
3906,2022-04-11,Australia,43.5,F,Premium,33.54
3907,2023-03-24,Germany,39.0,F,Basic,10.17
3908,2022-08-26,France,21.0,M,Basic,14.4
3909,2024-05-08,Australia,66.0,F,Basic,14.23
3910,2022-03-19,USA,26.0,M,Premium,32.51
3911,2022-12-15,UK,21.0,F,Basic,14.0
3912,2023-09-12,Mexico,24.0,F,Basic,13.97
3913,2024-02-27,Spain,40.0,F,Premium,33.34
3914,2023-09-21,UK,19.0,F,Basic,13.48
3915,2023-09-02,UK,66.0,F,Premium,32.89
3916,2023-02-11,Brazil,41.0,M,Basic,10.34
3917,2024-03-03,UK,57.0,M,Basic,12.51
3918,2022-12-01,Spain,48.0,F,Basic,12.18
3919,2022-01-31,USA,64.0,F,Basic,10.68
3920,2023-10-12,Mexico,48.0,F,Enterprise,149.05
3921,2022-10-07,France,64.0,F,Basic,14.74
3922,2024-03-13,USA,57.0,F,Premium,37.3
3923,2023-04-07,Spain,65.0,M,Basic,13.68
3924,2023-05-18,UK,68.0,F,Premium,37.57
3925,2022-08-22,France,60.0,M,Enterprise,174.45
3926,2022-12-31,Mexico,51.0,M,Basic,10.09
3927,2023-07-21,Canada,41.0,Unknown,Basic,14.61
3928,2023-01-20,UK,66.0,F,Enterprise,183.0
3929,2023-03-19,USA,43.0,M,Premium,32.74
3930,2022-07-10,France,33.0,F,Basic,12.75
3931,2023-11-28,Canada,64.0,F,Basic,13.07
3932,2023-08-23,Mexico,30.0,F,Basic,10.65
3933,2023-11-08,Mexico,32.0,F,Premium,32.53
3934,2023-01-25,France,44.0,M,Premium,30.22
3935,2022-03-29,UK,21.0,F,Enterprise,186.39
3936,2024-03-01,Canada,33.0,F,Basic,10.11
3937,2023-09-26,UK,47.0,F,Basic,11.58
3938,2022-10-30,Australia,61.0,F,Basic,10.38
3939,2024-03-28,Spain,47.0,M,Basic,13.9
3940,2022-09-10,USA,53.0,M,Basic,14.61
3941,2024-01-01,France,20.0,F,Basic,12.8
3942,2022-03-17,Brazil,39.0,F,Premium,31.39
3943,2022-03-26,Mexico,66.0,F,Basic,12.78
3944,2022-10-02,UK,39.0,M,Basic,13.84
3945,2022-06-07,France,67.0,M,Enterprise,171.83
3946,2023-01-25,Spain,67.0,M,Enterprise,174.16
3947,2023-12-30,Germany,66.0,F,Basic,11.39
3948,2024-03-13,Brazil,29.0,M,Enterprise,107.36
3949,2023-10-12,Mexico,43.5,F,Basic,10.73
3950,2022-06-07,USA,21.0,M,Basic,14.77
3951,2024-01-28,Mexico,48.0,F,Premium,36.13
3952,2023-02-03,Australia,61.0,M,Premium,37.27
3953,2022-11-21,USA,48.0,M,Premium,38.98
3954,2023-01-05,Canada,40.0,F,Premium,38.52
3955,2022-04-20,Mexico,70.0,F,Basic,11.08
3956,2022-04-04,USA,37.0,M,Basic,10.28
3957,2022-01-06,UK,43.5,F,Basic,14.62
3958,2022-11-12,UK,40.0,M,Basic,14.9
3959,2023-04-01,UK,45.0,M,Basic,12.83
3960,2023-01-04,UK,33.0,M,Basic,14.43
3961,2024-02-19,UK,54.0,M,Premium,32.31
3962,2022-10-04,USA,38.0,F,Premium,31.1
3963,2022-04-15,Australia,32.0,M,Premium,34.99
3964,2022-05-16,USA,34.0,F,Basic,14.05
3965,2022-03-31,UK,67.0,M,Premium,36.54
3966,2022-07-11,Brazil,43.5,F,Premium,36.36
3967,2023-03-18,France,30.0,M,Enterprise,101.74
3968,2023-04-05,Brazil,43.5,M,Basic,11.58
3969,2023-07-25,France,47.0,M,Basic,14.69
3970,2023-07-23,UK,62.0,F,Enterprise,113.42
3971,2023-06-09,USA,35.0,F,Enterprise,172.63
3972,2023-02-22,USA,31.0,F,Basic,13.79
3973,2022-04-16,USA,53.0,M,Basic,13.65
3974,2022-01-27,Spain,53.0,F,Premium,39.88
3975,2022-04-02,USA,37.0,F,Basic,12.04
3976,2022-12-29,Spain,69.0,M,Premium,36.81
3977,2023-07-22,Brazil,36.0,M,Basic,10.96
3978,2022-04-06,Germany,62.0,F,Basic,11.99
3979,2023-09-04,Spain,61.0,Unknown,Basic,12.45
3980,2023-09-05,Australia,24.0,M,Basic,11.06
3981,2024-03-14,UK,61.0,F,Basic,14.52
3982,2022-11-29,Australia,70.0,F,Basic,13.57
3983,2024-06-03,Mexico,21.0,Unknown,Basic,11.41
3984,2023-01-30,France,51.0,M,Basic,10.66
3985,2022-01-13,USA,19.0,F,Basic,11.43
3986,2022-10-26,Italy,22.0,M,Basic,13.1
3987,2023-02-28,UK,27.0,M,Enterprise,182.63
3988,2023-02-02,Brazil,49.0,F,Basic,12.51
3989,2024-03-08,UK,59.0,M,Basic,10.5
3990,2022-03-28,Spain,58.0,M,Basic,11.24
3991,2024-01-13,UK,30.0,M,Premium,33.44
3992,2023-07-27,USA,56.0,M,Basic,13.17
3993,2022-09-06,UK,22.0,M,Basic,11.22
3994,2023-08-09,UK,27.0,M,Basic,11.16
3995,2023-06-18,France,27.0,F,Premium,32.85
3996,2022-06-23,Brazil,55.0,M,Premium,35.92
3997,2023-12-03,USA,44.0,Other,Basic,12.45
3998,2023-01-25,UK,68.0,M,Basic,14.2
3999,2022-06-23,Germany,38.0,M,Basic,13.48
4000,2022-05-23,Germany,25.0,F,Basic,13.32
4001,2022-10-03,Australia,18.0,M,Premium,31.54
4002,2022-11-05,Australia,45.0,F,Basic,10.27
4003,2022-10-02,UK,66.0,F,Basic,12.54
4004,2023-05-20,UK,56.0,M,Basic,10.35
4005,2022-05-30,Australia,31.0,F,Premium,33.63
4006,2022-03-06,Brazil,38.0,M,Premium,30.25
4007,2022-06-21,USA,47.0,Other,Enterprise,117.67
4008,2023-03-22,UK,38.0,F,Basic,10.54
4009,2022-10-10,Australia,66.0,F,Basic,13.99
4010,2023-03-08,USA,26.0,M,Basic,11.72
4011,2022-11-03,Spain,34.0,M,Basic,10.38
4012,2023-05-11,USA,22.0,M,Basic,11.32
4013,2024-03-12,Canada,48.0,M,Basic,13.4
4014,2022-03-20,Germany,69.0,F,Basic,13.72
4015,2023-01-05,France,57.0,F,Enterprise,111.98
4016,2022-09-15,USA,55.0,M,Premium,37.78
4017,2022-09-10,Spain,60.0,F,Basic,11.84
4018,2024-01-09,Germany,36.0,F,Basic,13.39
4019,2023-10-03,UK,53.0,F,Basic,13.35
4020,2023-05-23,UK,43.5,M,Basic,13.96
4021,2023-09-01,UK,50.0,M,Basic,13.48
4022,2023-09-24,France,43.5,F,Basic,10.18
4023,2022-07-20,USA,31.0,F,Enterprise,151.94
4024,2023-04-14,USA,50.0,F,Basic,10.82
4025,2022-04-20,Brazil,46.0,F,Basic,14.84
4026,2022-05-19,Australia,60.0,M,Premium,32.55
4027,2022-11-08,UK,66.0,F,Basic,12.09
4028,2022-01-07,Italy,53.0,M,Basic,10.97
4029,2023-02-10,Canada,61.0,F,Basic,10.66
4030,2022-12-07,Spain,27.0,F,Premium,36.0
4031,2024-05-11,USA,48.0,F,Basic,12.46
4032,2023-09-28,Australia,23.0,F,Basic,11.86
4033,2023-01-25,Italy,18.0,F,Enterprise,108.53
4034,2024-04-03,USA,24.0,M,Basic,13.67
4035,2024-06-01,France,44.0,M,Premium,30.05
4036,2022-12-04,Brazil,38.0,F,Premium,34.57
4037,2023-03-27,Brazil,45.0,M,Basic,13.15
4038,2022-12-09,USA,33.0,Unknown,Premium,34.3
4039,2023-03-17,USA,63.0,M,Premium,31.25
4040,2024-04-15,Spain,40.0,F,Enterprise,177.81
4041,2024-04-23,Mexico,69.0,M,Basic,11.61
4042,2024-05-30,USA,37.0,F,Enterprise,113.47
4043,2023-10-29,Brazil,55.0,Other,Basic,12.74
4044,2023-09-01,UK,42.0,Other,Premium,30.18
4045,2022-05-20,Spain,45.0,M,Basic,11.61
4046,2022-11-04,USA,22.0,F,Basic,13.74
4047,2022-11-25,Brazil,38.0,Other,Basic,14.55
4048,2023-09-10,Brazil,35.0,F,Basic,12.95
4049,2023-12-13,UK,64.0,F,Basic,11.08
4050,2022-07-25,USA,23.0,F,Basic,11.09
4051,2023-05-06,Mexico,46.0,M,Basic,13.01
4052,2022-11-18,USA,36.0,F,Basic,12.02
4053,2022-07-01,Mexico,50.0,M,Basic,10.88
4054,2023-02-12,Spain,18.0,M,Basic,13.93
4055,2022-11-23,Canada,62.0,Other,Premium,31.99
4056,2022-10-26,UK,20.0,M,Premium,33.21
4057,2024-01-23,Australia,59.0,M,Basic,10.3
4058,2023-12-13,USA,38.0,Other,Basic,13.5
4059,2023-10-11,Italy,52.0,Other,Premium,32.74
4060,2023-05-18,Germany,58.0,M,Basic,11.15
4061,2023-08-13,UK,57.0,Unknown,Basic,11.51
4062,2024-03-11,UK,20.0,M,Basic,14.36
4063,2022-09-06,USA,42.0,M,Enterprise,151.79
4064,2022-11-30,Mexico,62.0,M,Basic,10.78
4065,2023-01-21,Italy,55.0,M,Premium,37.73
4066,2022-10-15,Canada,62.0,M,Basic,11.03
4067,2024-04-16,UK,37.0,M,Premium,34.11
4068,2024-03-15,Mexico,69.0,F,Basic,12.83
4069,2023-02-07,France,43.5,F,Basic,12.91
4070,2023-01-09,France,62.0,F,Basic,10.34
4071,2022-04-27,Spain,51.0,F,Enterprise,183.67
4072,2023-08-01,UK,38.0,M,Basic,12.39
4073,2022-07-24,USA,65.0,F,Basic,14.94
4074,2023-08-30,France,43.5,F,Premium,37.16
4075,2023-07-13,USA,23.0,M,Basic,14.95
4076,2022-07-04,Spain,68.0,M,Basic,12.26
4077,2023-11-30,UK,70.0,F,Basic,10.69
4078,2024-02-26,USA,30.0,F,Basic,13.63
4079,2023-07-18,Canada,66.0,F,Basic,13.88
4080,2022-01-28,Germany,40.0,M,Premium,38.52
4081,2024-01-15,Germany,26.0,M,Basic,11.5
4082,2023-04-18,France,34.0,F,Premium,35.1
4083,2023-12-27,Germany,19.0,F,Basic,14.28
4084,2022-08-03,Brazil,36.0,M,Basic,14.31
4085,2023-03-25,Canada,36.0,M,Basic,10.12
4086,2024-03-27,Mexico,24.0,F,Premium,36.7
4087,2022-10-26,USA,59.0,F,Basic,13.0
4088,2024-05-01,Canada,59.0,M,Premium,30.82
4089,2023-12-11,Brazil,37.0,F,Premium,39.29
4090,2022-03-12,Mexico,26.0,F,Basic,12.22
4091,2024-04-18,Brazil,34.0,F,Basic,13.36
4092,2024-05-18,USA,44.0,M,Basic,14.4
4093,2024-03-25,Spain,64.0,M,Premium,31.29
4094,2024-03-25,Australia,19.0,F,Basic,14.27
4095,2023-02-23,USA,53.0,M,Premium,37.23
4096,2023-11-21,Australia,36.0,F,Basic,14.19
4097,2023-05-27,Spain,34.0,F,Premium,34.94
4098,2022-05-23,Spain,22.0,M,Basic,10.16
4099,2023-10-11,Brazil,43.5,F,Basic,13.34
4100,2022-11-07,UK,35.0,F,Enterprise,137.44
4101,2022-09-05,Brazil,43.5,F,Premium,34.01
4102,2022-09-16,Australia,43.5,M,Basic,12.2
4103,2023-11-06,Brazil,34.0,Other,Premium,34.92
4104,2022-06-07,USA,56.0,M,Premium,36.61
4105,2024-01-03,Brazil,53.0,F,Basic,13.62
4106,2023-03-10,Italy,57.0,F,Basic,13.87
4107,2024-03-19,Germany,62.0,M,Basic,13.35
4108,2023-01-22,Australia,21.0,F,Enterprise,180.34
4109,2022-03-17,Italy,55.0,Other,Basic,10.6
4110,2023-04-05,UK,42.0,M,Basic,14.17
4111,2023-09-05,Spain,43.5,M,Basic,11.93
4112,2023-05-06,France,47.0,F,Basic,12.63
4113,2023-08-20,Canada,29.0,M,Basic,12.16
4114,2023-02-15,Mexico,21.0,M,Basic,12.37
4115,2023-07-02,Germany,41.0,F,Basic,11.42
4116,2023-06-03,Mexico,46.0,F,Enterprise,116.99
4117,2024-06-09,Brazil,26.0,Other,Enterprise,110.48
4118,2023-12-10,Germany,43.5,M,Basic,12.25
4119,2023-03-05,USA,68.0,M,Basic,10.62
4120,2023-07-11,UK,41.0,M,Premium,32.44
4121,2022-02-07,USA,31.0,F,Basic,10.66
4122,2024-03-20,USA,22.0,F,Premium,31.08
4123,2023-01-04,USA,43.5,M,Premium,38.81
4124,2023-12-20,UK,59.0,M,Premium,36.73
4125,2024-04-11,Mexico,36.0,F,Basic,14.61
4126,2023-07-04,USA,29.0,F,Enterprise,164.39
4127,2023-09-01,UK,35.0,M,Premium,38.43
4128,2023-10-16,USA,34.0,F,Premium,35.54
4129,2022-03-29,UK,47.0,M,Basic,12.3
4130,2022-04-22,USA,41.0,F,Premium,35.27
4131,2024-02-27,Australia,28.0,F,Basic,11.59
4132,2022-09-12,Spain,52.0,F,Basic,13.28
4133,2023-11-05,UK,40.0,M,Basic,14.48
4134,2023-11-12,USA,34.0,M,Enterprise,178.23
4135,2022-12-30,USA,18.0,F,Premium,34.61
4136,2022-06-20,Australia,32.0,M,Premium,39.53
4137,2023-10-25,Italy,49.0,F,Basic,14.92
4138,2023-09-20,USA,26.0,Other,Basic,12.46
4139,2022-02-15,France,32.0,Other,Premium,38.64
4140,2023-07-31,Germany,45.0,F,Basic,10.01
4141,2023-10-23,USA,41.0,F,Premium,30.66
4142,2023-11-25,Brazil,52.0,Other,Basic,10.1
4143,2023-10-25,France,39.0,M,Premium,37.72
4144,2023-02-14,Italy,44.0,M,Premium,30.79
4145,2024-02-10,USA,36.0,M,Basic,10.08
4146,2022-12-06,USA,62.0,M,Basic,10.73
4147,2024-03-26,Canada,29.0,F,Basic,11.52
4148,2023-03-17,Brazil,37.0,F,Enterprise,146.46
4149,2022-04-19,Italy,18.0,F,Premium,30.64
4150,2022-01-11,Mexico,38.0,F,Premium,34.98
4151,2022-04-11,USA,66.0,F,Basic,11.23
4152,2022-09-22,USA,62.0,F,Premium,32.73
4153,2022-08-16,UK,18.0,M,Premium,38.21
4154,2023-06-07,France,27.0,F,Basic,14.92
4155,2024-02-04,France,64.0,M,Enterprise,146.38
4156,2023-06-16,Germany,49.0,F,Basic,11.6
4157,2023-07-26,Australia,56.0,M,Basic,14.65
4158,2023-08-18,USA,39.0,F,Basic,12.49
4159,2023-12-06,UK,43.5,F,Basic,13.64
4160,2023-08-13,UK,65.0,F,Premium,34.13
4161,2022-08-15,Canada,63.0,F,Basic,11.0
4162,2023-04-02,UK,49.0,F,Premium,36.54
4163,2023-01-19,USA,44.0,M,Basic,13.31
4164,2023-02-05,Brazil,45.0,M,Basic,12.29
4165,2023-04-20,UK,35.0,F,Premium,32.69
4166,2024-03-01,USA,56.0,M,Premium,38.31
4167,2023-11-27,Mexico,66.0,M,Basic,11.37
4168,2023-08-26,Spain,46.0,F,Enterprise,165.89
4169,2023-12-09,USA,35.0,M,Premium,33.83
4170,2023-05-28,USA,61.0,M,Basic,12.35
4171,2022-06-04,France,25.0,M,Basic,11.05
4172,2022-12-20,Mexico,48.0,M,Basic,13.24
4173,2022-01-26,Australia,51.0,F,Premium,32.25
4174,2023-05-10,USA,24.0,F,Basic,12.42
4175,2022-04-18,Canada,53.0,Other,Basic,11.63
4176,2022-10-30,USA,35.0,M,Basic,14.81
4177,2023-03-02,Germany,55.0,F,Basic,14.9
4178,2022-03-29,Brazil,26.0,M,Premium,37.52
4179,2022-04-29,Italy,26.0,F,Premium,39.83
4180,2024-05-01,UK,63.0,F,Basic,10.56
4181,2024-01-18,UK,25.0,F,Basic,14.95
4182,2022-05-26,Mexico,68.0,F,Basic,10.51
4183,2022-12-23,USA,52.0,M,Premium,34.14
4184,2022-11-16,France,35.0,M,Premium,32.38
4185,2022-12-18,Germany,22.0,F,Basic,14.76
4186,2023-04-12,Spain,31.0,M,Basic,13.17
4187,2024-03-14,France,45.0,M,Basic,12.98
4188,2022-07-31,UK,47.0,M,Enterprise,199.73
4189,2023-06-18,Australia,21.0,M,Basic,13.05
4190,2023-05-10,UK,56.0,F,Basic,13.22
4191,2022-12-23,UK,37.0,F,Basic,10.21
4192,2023-05-03,Canada,42.0,M,Basic,14.29
4193,2022-04-10,USA,45.0,M,Premium,39.69
4194,2023-03-25,UK,29.0,F,Basic,14.79
4195,2024-01-10,USA,19.0,F,Basic,11.1
4196,2023-12-15,Brazil,60.0,Other,Premium,32.25
4197,2023-04-09,Germany,31.0,F,Basic,11.82
4198,2022-11-23,France,39.0,F,Basic,11.54
4199,2022-03-10,UK,48.0,F,Basic,11.52
4200,2022-11-04,UK,40.0,F,Premium,36.04
4201,2022-02-15,Italy,65.0,M,Basic,14.02
4202,2024-04-09,Mexico,37.0,F,Enterprise,193.67
4203,2023-12-29,Australia,55.0,M,Basic,10.33
4204,2022-04-28,Australia,21.0,F,Basic,11.38
4205,2022-01-24,USA,32.0,F,Premium,32.54
4206,2024-05-19,USA,41.0,F,Premium,33.56
4207,2022-12-18,USA,42.0,M,Basic,12.11
4208,2023-10-26,Australia,18.0,F,Enterprise,138.91
4209,2022-04-22,Australia,24.0,M,Basic,14.75
4210,2023-11-25,France,48.0,M,Premium,34.36
4211,2024-03-30,Germany,29.0,M,Basic,12.75
4212,2022-06-18,Spain,59.0,M,Basic,13.73
4213,2024-01-29,Canada,22.0,M,Basic,13.62
4214,2022-09-07,Italy,61.0,F,Basic,12.9
4215,2023-06-13,Canada,67.0,F,Basic,14.29
4216,2022-06-28,France,59.0,M,Basic,13.11
4217,2023-07-20,UK,55.0,M,Enterprise,187.47
4218,2022-06-13,UK,29.0,Other,Basic,11.5
4219,2022-12-05,Australia,56.0,F,Basic,10.65
4220,2023-07-28,USA,35.0,M,Premium,38.19
4221,2023-03-13,Spain,19.0,F,Basic,11.9
4222,2023-04-19,Germany,27.0,F,Basic,13.25
4223,2022-08-26,USA,32.0,M,Basic,13.68
4224,2024-03-27,Spain,47.0,M,Basic,11.62
4225,2023-02-19,Australia,61.0,F,Enterprise,150.51
4226,2023-10-07,UK,34.0,M,Basic,14.46
4227,2022-07-08,Germany,21.0,F,Basic,14.39
4228,2022-07-10,UK,24.0,M,Basic,13.74
4229,2023-10-18,UK,58.0,F,Basic,13.8
4230,2023-11-05,Spain,48.0,F,Basic,14.48
4231,2023-03-19,USA,68.0,M,Premium,37.35
4232,2023-02-10,USA,56.0,F,Premium,33.39
4233,2022-01-30,UK,51.0,Other,Premium,31.2
4234,2024-01-26,USA,23.0,F,Basic,12.1
4235,2023-09-21,Brazil,67.0,F,Basic,10.43
4236,2024-06-23,Italy,55.0,M,Enterprise,111.57
4237,2022-07-22,Australia,62.0,F,Basic,14.74
4238,2023-04-06,USA,68.0,M,Enterprise,167.58
4239,2023-08-30,Australia,51.0,M,Premium,38.51
4240,2023-03-16,USA,61.0,M,Enterprise,164.28
4241,2023-02-03,Canada,32.0,M,Basic,12.08
4242,2022-01-05,Canada,31.0,M,Basic,10.12
4243,2023-12-23,Mexico,23.0,F,Premium,39.55
4244,2022-08-08,Canada,43.5,F,Premium,30.7
4245,2022-07-30,USA,54.0,M,Basic,13.04
4246,2022-10-13,USA,67.0,M,Premium,31.01
4247,2024-02-10,UK,49.0,F,Basic,11.41
4248,2023-12-22,UK,20.0,M,Basic,10.92
4249,2024-04-08,Spain,20.0,M,Premium,35.53
4250,2024-03-26,USA,39.0,F,Basic,14.43
4251,2022-03-06,UK,39.0,M,Basic,13.17
4252,2023-08-15,Spain,27.0,M,Basic,13.31
4253,2022-04-15,Australia,68.0,F,Basic,14.53
4254,2024-03-29,UK,20.0,F,Basic,13.74
4255,2024-06-11,USA,29.0,M,Basic,14.32
4256,2023-07-04,UK,46.0,F,Basic,12.07
4257,2022-07-11,USA,65.0,F,Premium,38.64
4258,2023-01-10,Brazil,34.0,M,Enterprise,164.58
4259,2022-11-30,USA,24.0,M,Basic,10.67
4260,2022-07-21,UK,30.0,M,Basic,10.18
4261,2023-04-14,Mexico,19.0,M,Basic,11.21
4262,2022-04-27,Spain,21.0,M,Premium,33.77
4263,2022-09-26,Spain,27.0,M,Premium,38.37
4264,2023-11-18,Canada,56.0,M,Enterprise,174.11
4265,2024-06-02,USA,41.0,F,Basic,14.77
4266,2023-05-17,Canada,34.0,F,Premium,35.58
4267,2023-06-25,Brazil,69.0,F,Basic,13.73
4268,2023-10-17,UK,23.0,F,Enterprise,127.52
4269,2022-11-17,Italy,36.0,F,Basic,13.39
4270,2023-09-04,Canada,22.0,F,Basic,13.52
4271,2023-02-02,Mexico,49.0,M,Premium,38.47
4272,2023-09-18,UK,27.0,M,Premium,35.35
4273,2023-02-06,Canada,26.0,F,Basic,13.24
4274,2023-08-25,Canada,44.0,Unknown,Basic,11.01
4275,2022-04-27,Italy,30.0,M,Basic,13.67
4276,2022-12-23,USA,36.0,F,Basic,14.18
4277,2022-12-27,USA,38.0,F,Basic,12.96
4278,2024-05-15,UK,41.0,F,Enterprise,111.56
4279,2023-04-14,Canada,55.0,M,Basic,11.55
4280,2023-09-25,Brazil,43.5,M,Premium,34.75
4281,2022-06-26,UK,41.0,F,Premium,36.76
4282,2024-04-13,Mexico,43.5,M,Premium,33.19
4283,2023-11-21,Italy,20.0,M,Enterprise,184.02
4284,2023-12-24,UK,21.0,F,Premium,33.71
4285,2024-03-30,Italy,54.0,F,Basic,10.2
4286,2022-11-01,Brazil,57.0,F,Basic,13.96
4287,2023-09-22,UK,43.5,F,Basic,13.21
4288,2023-08-28,Italy,52.0,M,Basic,14.0
4289,2022-03-28,Australia,48.0,M,Basic,11.73
4290,2023-11-20,UK,61.0,M,Premium,30.17
4291,2022-05-18,USA,42.0,F,Basic,10.36
4292,2022-11-17,Germany,57.0,F,Basic,10.55
4293,2022-05-01,UK,30.0,M,Enterprise,180.5
4294,2022-09-02,UK,21.0,F,Basic,11.5
4295,2022-11-09,USA,43.5,M,Basic,14.98
4296,2022-04-30,Australia,31.0,F,Premium,37.57
4297,2022-07-07,France,30.0,F,Premium,36.0
4298,2023-01-18,USA,44.0,M,Basic,14.91
4299,2023-12-12,Brazil,23.0,M,Premium,33.15
4300,2022-05-25,Brazil,34.0,M,Basic,10.82
4301,2023-06-08,Canada,53.0,M,Basic,13.68
4302,2023-02-02,Mexico,57.0,M,Basic,11.38
4303,2023-03-05,UK,66.0,F,Premium,39.6
4304,2023-09-03,USA,52.0,M,Basic,14.93
4305,2022-05-22,Brazil,34.0,F,Premium,39.25
4306,2023-08-12,UK,58.0,M,Basic,14.71
4307,2023-01-28,UK,19.0,Unknown,Premium,36.15
4308,2023-03-10,UK,30.0,M,Premium,36.91
4309,2022-07-10,UK,69.0,F,Basic,10.46
4310,2023-05-14,France,19.0,M,Basic,13.81
4311,2023-10-13,USA,69.0,F,Premium,32.01
4312,2023-07-05,Brazil,45.0,F,Basic,14.19
4313,2023-12-12,USA,60.0,F,Basic,14.8
4314,2023-10-23,Brazil,43.0,F,Basic,11.05
4315,2022-06-27,UK,43.5,M,Basic,10.38
4316,2023-07-23,UK,64.0,F,Basic,12.41
4317,2022-06-20,Canada,60.0,F,Basic,13.95
4318,2023-05-17,Germany,20.0,Other,Premium,37.7
4319,2022-10-23,USA,52.0,Unknown,Basic,13.47
4320,2022-05-24,USA,29.0,F,Basic,14.09
4321,2022-07-11,Italy,41.0,M,Enterprise,117.49
4322,2022-11-19,USA,22.0,M,Premium,36.51
4323,2024-05-12,Brazil,37.0,F,Basic,13.02
4324,2023-04-07,USA,56.0,Other,Basic,10.76
4325,2023-09-27,Italy,56.0,F,Basic,12.06
4326,2022-02-24,USA,30.0,F,Basic,14.25
4327,2024-06-05,UK,58.0,M,Enterprise,197.17
4328,2023-01-03,Mexico,70.0,M,Premium,36.64
4329,2022-01-10,Australia,62.0,F,Enterprise,192.18
4330,2023-05-12,UK,43.5,M,Premium,31.31
4331,2022-05-20,Australia,30.0,F,Basic,14.87
4332,2022-07-19,Canada,27.0,M,Premium,30.33
4333,2024-04-14,Germany,50.0,M,Premium,35.26
4334,2023-01-29,UK,57.0,F,Basic,11.45
4335,2023-07-30,USA,33.0,M,Basic,14.06
4336,2023-06-02,USA,62.0,F,Basic,11.08
4337,2023-10-31,Australia,52.0,M,Basic,10.05
4338,2023-05-22,Spain,20.0,Unknown,Premium,34.14
4339,2023-02-23,Brazil,22.0,F,Premium,30.63
4340,2023-12-03,USA,43.0,M,Enterprise,129.0
4341,2023-05-19,Brazil,28.0,F,Premium,36.43
4342,2023-03-02,USA,24.0,M,Premium,32.94
4343,2023-12-29,Canada,70.0,M,Basic,11.22
4344,2024-05-10,UK,27.0,F,Basic,10.77
4345,2023-03-31,USA,59.0,F,Enterprise,113.51
4346,2023-05-16,Brazil,69.0,M,Premium,35.25
4347,2022-06-21,USA,43.5,Unknown,Premium,36.81
4348,2022-03-26,USA,20.0,F,Basic,12.25
4349,2023-08-02,Australia,25.0,M,Premium,31.23
4350,2022-02-01,USA,48.0,M,Premium,36.47
4351,2024-03-25,Spain,28.0,F,Basic,12.78
4352,2024-02-19,UK,62.0,M,Premium,33.8
4353,2022-08-14,France,24.0,Unknown,Basic,11.64
4354,2022-10-27,Spain,43.5,F,Basic,10.91
4355,2022-02-03,Italy,19.0,M,Premium,31.45
4356,2022-10-09,USA,23.0,F,Basic,11.68
4357,2022-08-19,UK,58.0,F,Basic,10.2
4358,2023-07-05,Germany,49.0,F,Premium,34.36
4359,2022-10-23,UK,37.0,F,Premium,36.01
4360,2022-06-22,Spain,51.0,M,Basic,14.7
4361,2024-03-10,Australia,67.0,Unknown,Enterprise,162.57
4362,2023-04-14,UK,33.0,M,Basic,13.11
4363,2023-08-03,USA,42.0,F,Enterprise,137.43
4364,2024-01-31,UK,29.0,M,Premium,31.32
4365,2024-03-02,UK,24.0,M,Basic,12.22
4366,2024-02-24,UK,56.0,Other,Basic,12.98
4367,2023-05-23,USA,34.0,Other,Basic,13.61
4368,2023-07-17,Canada,62.0,M,Basic,14.12
4369,2023-06-08,UK,28.0,M,Premium,32.55
4370,2022-04-26,USA,23.0,F,Basic,11.2
4371,2023-08-10,Canada,40.0,F,Basic,12.82
4372,2022-04-27,UK,44.0,M,Premium,35.65
4373,2022-10-02,Brazil,63.0,M,Basic,11.08
4374,2024-03-04,Australia,23.0,F,Basic,12.93
4375,2023-07-11,UK,55.0,F,Basic,11.72
4376,2024-04-23,UK,19.0,F,Premium,36.38
4377,2023-01-11,UK,39.0,M,Premium,32.9
4378,2023-07-10,Canada,37.0,M,Premium,35.91
4379,2024-04-22,Germany,42.0,Unknown,Basic,13.83
4380,2024-02-14,Australia,32.0,M,Basic,14.89
4381,2022-02-12,UK,66.0,M,Basic,14.55
4382,2024-02-18,USA,46.0,M,Basic,12.51
4383,2024-01-07,Spain,25.0,F,Basic,12.43
4384,2023-03-28,UK,54.0,F,Basic,12.18
4385,2023-07-14,France,66.0,F,Basic,10.13
4386,2022-08-12,Mexico,69.0,F,Premium,31.65
4387,2023-03-12,Italy,50.0,F,Basic,10.29
4388,2022-04-15,Australia,39.0,F,Basic,13.47
4389,2024-01-24,UK,67.0,M,Enterprise,141.31
4390,2024-04-29,USA,64.0,M,Basic,10.31
4391,2023-11-01,USA,22.0,F,Basic,13.44
4392,2024-02-09,USA,56.0,M,Enterprise,164.43
4393,2022-09-11,Italy,35.0,F,Enterprise,171.99
4394,2022-11-01,Australia,55.0,M,Basic,12.99
4395,2024-06-14,Australia,70.0,M,Premium,31.61
4396,2022-02-03,UK,54.0,F,Basic,10.3
4397,2023-04-06,UK,47.0,F,Premium,38.16
4398,2022-09-27,Germany,68.0,F,Enterprise,121.57
4399,2022-12-23,Italy,48.0,F,Basic,12.7
4400,2024-06-01,UK,27.0,M,Premium,34.84
4401,2024-04-16,UK,32.0,M,Premium,39.2
4402,2022-03-31,Canada,59.0,F,Basic,12.75
4403,2023-03-26,USA,65.0,M,Premium,35.79
4404,2024-06-05,Mexico,61.0,M,Basic,11.59
4405,2022-05-01,Spain,35.0,M,Basic,14.78
4406,2024-03-05,Germany,40.0,M,Enterprise,161.23
4407,2024-04-11,Canada,50.0,F,Basic,10.01
4408,2022-08-31,Canada,33.0,F,Basic,12.77
4409,2022-08-03,France,55.0,F,Premium,33.63
4410,2024-04-10,USA,52.0,F,Enterprise,103.2
4411,2024-01-26,USA,51.0,M,Premium,34.31
4412,2023-08-26,USA,45.0,M,Basic,13.86
4413,2023-12-07,USA,19.0,M,Basic,12.51
4414,2022-12-26,UK,47.0,M,Basic,13.19
4415,2024-05-31,Mexico,30.0,M,Basic,13.19
4416,2023-12-29,Canada,58.0,M,Enterprise,167.09
4417,2023-09-17,USA,33.0,F,Premium,33.87
4418,2023-10-10,Australia,43.5,F,Basic,11.84
4419,2023-03-15,USA,45.0,F,Basic,10.01
4420,2022-06-19,UK,70.0,F,Enterprise,115.41
4421,2023-09-23,Germany,56.0,M,Premium,39.5
4422,2022-05-23,Brazil,62.0,M,Basic,14.2
4423,2024-03-14,USA,37.0,M,Premium,32.74
4424,2022-07-31,France,41.0,M,Basic,12.0
4425,2024-04-13,Spain,44.0,M,Premium,39.39
4426,2022-07-31,UK,47.0,M,Premium,32.49
4427,2024-04-04,Brazil,62.0,F,Premium,35.32
4428,2022-03-02,USA,44.0,F,Basic,10.1
4429,2023-08-07,USA,43.0,F,Basic,13.09
4430,2022-12-26,USA,24.0,M,Basic,14.64
4431,2023-06-30,USA,59.0,F,Enterprise,188.46
4432,2022-10-15,Spain,64.0,F,Enterprise,150.19
4433,2023-09-04,USA,70.0,F,Premium,36.49
4434,2023-07-06,UK,55.0,M,Enterprise,156.97
4435,2022-06-22,USA,22.0,F,Premium,30.66
4436,2022-11-28,Canada,40.0,F,Basic,10.78
4437,2023-12-22,UK,45.0,M,Premium,39.63
4438,2022-10-27,Brazil,51.0,M,Basic,11.27
4439,2022-10-24,Mexico,70.0,M,Basic,11.91
4440,2023-08-10,Brazil,32.0,F,Basic,12.53
4441,2022-10-01,Germany,43.5,F,Basic,14.89
4442,2024-05-28,USA,43.0,M,Premium,36.89
4443,2023-06-11,UK,65.0,M,Basic,13.14
4444,2023-11-27,Brazil,48.0,F,Basic,12.61
4445,2024-04-14,UK,36.0,M,Premium,37.0
4446,2022-04-08,Canada,26.0,Unknown,Premium,36.63
4447,2022-05-19,USA,46.0,M,Basic,14.5
4448,2024-02-08,UK,68.0,F,Basic,12.7
4449,2024-03-15,Italy,56.0,F,Basic,12.1
4450,2023-02-26,Italy,21.0,M,Premium,38.06
4451,2022-03-02,Mexico,20.0,Other,Premium,37.99
4452,2022-10-11,UK,46.0,F,Basic,10.84
4453,2024-06-06,Australia,69.0,M,Enterprise,123.67
4454,2023-11-03,USA,28.0,F,Basic,14.78
4455,2022-05-10,France,50.0,M,Basic,12.21
4456,2023-12-20,Spain,55.0,F,Basic,12.59
4457,2024-06-05,USA,28.0,M,Basic,11.54
4458,2022-05-16,Spain,44.0,F,Enterprise,148.1
4459,2022-09-13,Mexico,50.0,M,Basic,13.71
4460,2022-05-30,France,38.0,F,Basic,12.4
4461,2023-12-30,Mexico,56.0,M,Basic,11.56
4462,2022-11-26,USA,48.0,F,Basic,10.47
4463,2024-04-28,USA,55.0,M,Basic,14.63
4464,2022-09-11,USA,63.0,F,Basic,14.35
4465,2024-02-19,Spain,19.0,F,Basic,13.95
4466,2024-05-13,Italy,44.0,M,Basic,13.46
4467,2023-11-24,USA,53.0,F,Premium,35.15
4468,2023-02-07,Spain,28.0,M,Premium,38.96
4469,2023-05-17,Germany,64.0,F,Basic,13.95
4470,2022-05-26,Mexico,35.0,F,Basic,14.07
4471,2023-08-15,Germany,18.0,M,Premium,33.09
4472,2023-10-10,USA,52.0,F,Basic,12.11
4473,2022-10-03,USA,52.0,M,Basic,13.52
4474,2023-10-05,UK,48.0,M,Premium,33.7
4475,2023-03-01,France,45.0,F,Premium,34.93
4476,2023-01-20,UK,56.0,F,Basic,13.22
4477,2023-04-08,USA,18.0,M,Basic,12.18
4478,2022-03-19,UK,42.0,M,Basic,13.96
4479,2023-10-11,Brazil,60.0,F,Premium,31.15
4480,2024-03-24,Spain,55.0,M,Basic,13.58
4481,2024-06-20,Spain,37.0,F,Basic,10.72
4482,2024-02-27,UK,20.0,F,Basic,14.68
4483,2022-04-06,Australia,68.0,M,Basic,11.56
4484,2023-02-17,France,19.0,Unknown,Basic,13.97
4485,2023-06-12,USA,35.0,F,Basic,12.6
4486,2024-02-07,UK,61.0,M,Basic,10.45
4487,2022-10-12,USA,27.0,F,Premium,35.82
4488,2023-12-13,USA,22.0,Other,Basic,14.55
4489,2024-06-17,Spain,26.0,F,Premium,31.56
4490,2023-01-13,Germany,19.0,M,Basic,11.6
4491,2023-04-11,France,51.0,M,Premium,34.38
4492,2023-05-15,USA,55.0,F,Enterprise,127.5
4493,2022-12-02,Mexico,48.0,Unknown,Basic,14.71
4494,2023-08-19,Mexico,27.0,F,Enterprise,137.74
4495,2022-01-03,UK,67.0,M,Basic,13.28
4496,2024-06-08,Mexico,29.0,F,Premium,32.23
4497,2024-03-03,UK,53.0,M,Basic,11.09
4498,2024-05-17,Canada,38.0,Unknown,Basic,10.87
4499,2024-01-21,USA,66.0,F,Basic,12.16
4500,2022-04-06,Spain,64.0,F,Basic,12.65
4501,2024-01-19,USA,23.0,M,Premium,30.1
4502,2023-04-15,Mexico,65.0,F,Basic,14.15
4503,2023-10-13,Australia,43.5,M,Basic,12.55
4504,2023-11-12,Brazil,20.0,F,Enterprise,115.71
4505,2023-12-16,Brazil,27.0,M,Enterprise,106.72
4506,2023-01-02,USA,22.0,M,Enterprise,106.31
4507,2024-05-20,Brazil,63.0,M,Premium,32.57
4508,2022-03-06,Brazil,43.0,Unknown,Basic,12.49
4509,2024-03-25,USA,38.0,Unknown,Basic,14.29
4510,2023-07-02,Canada,62.0,F,Basic,14.5
4511,2023-02-12,UK,43.0,F,Enterprise,183.22
4512,2022-08-12,USA,55.0,F,Basic,11.63
4513,2023-03-16,Spain,61.0,M,Basic,11.52
4514,2024-04-24,USA,43.0,F,Basic,14.93
4515,2022-08-05,Germany,25.0,F,Basic,13.4
4516,2023-05-22,USA,22.0,M,Basic,11.51
4517,2022-10-02,Italy,32.0,M,Premium,33.28
4518,2022-11-27,Australia,33.0,M,Basic,12.16
4519,2024-04-28,UK,18.0,M,Basic,13.1
4520,2022-10-18,Australia,33.0,M,Premium,38.97
4521,2022-12-12,USA,43.5,M,Premium,31.97
4522,2023-07-15,USA,20.0,F,Basic,10.41
4523,2023-08-15,Italy,69.0,M,Enterprise,140.57
4524,2022-05-14,Brazil,64.0,M,Premium,32.44
4525,2023-08-03,Spain,48.0,F,Basic,12.87
4526,2024-05-22,Australia,30.0,F,Premium,36.98
4527,2023-05-12,USA,33.0,M,Premium,33.1
4528,2024-03-18,Germany,60.0,F,Basic,13.42
4529,2022-12-18,USA,38.0,M,Basic,11.71
4530,2023-11-30,Spain,19.0,M,Basic,13.16
4531,2024-02-20,Germany,44.0,M,Premium,36.32
4532,2022-02-19,Mexico,55.0,F,Basic,11.38
4533,2022-02-17,Spain,43.0,F,Premium,36.35
4534,2022-04-12,Mexico,55.0,F,Basic,11.89
4535,2023-10-04,Germany,63.0,Other,Basic,11.67
4536,2024-03-13,Canada,42.0,F,Basic,11.44
4537,2024-05-06,UK,28.0,F,Basic,11.72
4538,2023-04-16,Brazil,25.0,F,Premium,37.86
4539,2022-01-17,Germany,25.0,M,Premium,32.44
4540,2022-05-08,UK,50.0,M,Basic,13.4
4541,2024-05-28,Germany,70.0,F,Basic,14.49
4542,2022-06-11,USA,24.0,F,Premium,33.49
4543,2023-03-28,USA,55.0,F,Premium,30.29
4544,2023-04-13,France,38.0,M,Premium,30.24
4545,2022-01-01,Mexico,25.0,Unknown,Basic,10.69
4546,2023-03-15,UK,68.0,F,Enterprise,110.99
4547,2022-07-27,Brazil,38.0,M,Premium,37.47
4548,2023-12-07,UK,37.0,F,Basic,11.46
4549,2022-05-16,USA,25.0,F,Basic,13.25
4550,2024-06-22,UK,63.0,F,Basic,10.2
4551,2023-10-28,USA,48.0,F,Premium,32.95
4552,2022-11-06,France,67.0,M,Basic,11.16
4553,2022-06-12,France,46.0,M,Basic,11.37
4554,2024-06-14,UK,65.0,F,Basic,10.94
4555,2024-06-16,USA,26.0,F,Basic,13.08
4556,2022-10-08,Germany,32.0,F,Basic,13.3
4557,2022-04-06,Germany,47.0,M,Premium,31.47
4558,2023-11-02,Mexico,43.0,M,Basic,13.7
4559,2023-01-05,Italy,27.0,M,Basic,11.24
4560,2022-09-14,Italy,46.0,M,Basic,11.4
4561,2022-03-26,UK,33.0,F,Basic,14.13
4562,2023-01-16,Spain,53.0,F,Basic,14.5
4563,2023-11-12,UK,37.0,M,Basic,14.11
4564,2023-10-27,UK,62.0,M,Basic,10.73
4565,2022-06-19,UK,54.0,M,Premium,39.98
4566,2022-02-23,USA,39.0,M,Basic,13.35
4567,2023-02-10,Mexico,24.0,F,Premium,35.1
4568,2023-10-03,USA,40.0,F,Basic,14.76
4569,2022-11-09,Australia,58.0,F,Basic,14.08
4570,2024-01-14,Mexico,57.0,M,Premium,36.91
4571,2023-12-18,UK,43.5,F,Basic,14.18
4572,2024-02-13,UK,33.0,M,Enterprise,138.54
4573,2022-08-28,Spain,43.5,F,Basic,13.41
4574,2023-03-16,UK,45.0,F,Basic,10.94
4575,2023-11-03,Mexico,65.0,F,Basic,14.93
4576,2022-04-04,UK,55.0,M,Premium,35.88
4577,2023-12-22,Brazil,48.0,M,Enterprise,181.41
4578,2022-04-08,Canada,31.0,F,Basic,12.03
4579,2022-01-02,Germany,70.0,M,Basic,13.78
4580,2022-08-07,Spain,50.0,M,Basic,11.93
4581,2023-05-04,USA,26.0,F,Premium,35.89
4582,2022-03-21,Australia,44.0,M,Basic,13.88
4583,2022-05-16,Germany,41.0,F,Basic,10.57
4584,2023-08-31,Mexico,30.0,M,Basic,11.77
4585,2022-08-20,USA,43.0,F,Premium,35.44
4586,2023-06-16,USA,46.0,M,Basic,11.66
4587,2023-11-28,Spain,68.0,F,Premium,33.08
4588,2023-04-01,USA,66.0,M,Premium,32.81
4589,2022-01-10,Canada,60.0,F,Basic,11.13
4590,2022-01-09,France,45.0,F,Basic,14.23
4591,2023-12-14,Australia,45.0,Unknown,Premium,39.23
4592,2022-12-18,USA,25.0,M,Basic,13.49
4593,2024-04-16,France,40.0,M,Basic,10.14
4594,2022-05-04,USA,46.0,M,Premium,37.85
4595,2024-05-30,Italy,22.0,F,Enterprise,153.18
4596,2023-03-09,Brazil,43.5,M,Enterprise,175.8
4597,2023-12-12,Italy,24.0,F,Premium,34.36
4598,2022-05-16,USA,59.0,F,Basic,10.2
4599,2023-05-05,UK,53.0,M,Basic,13.4
4600,2022-03-14,UK,58.0,F,Basic,12.21
4601,2022-08-23,USA,44.0,M,Basic,14.36
4602,2023-01-28,Germany,63.0,M,Basic,13.68
4603,2022-04-02,Spain,19.0,M,Basic,11.79
4604,2024-01-19,USA,42.0,F,Premium,37.23
4605,2024-04-05,Spain,43.5,M,Enterprise,149.51
4606,2022-04-15,France,70.0,F,Enterprise,119.93
4607,2022-04-16,UK,44.0,M,Basic,12.09
4608,2022-11-17,UK,18.0,Other,Enterprise,122.25
4609,2023-01-12,Australia,40.0,F,Basic,10.01
4610,2024-06-21,France,27.0,M,Basic,11.22
4611,2022-11-03,Brazil,59.0,F,Premium,32.09
4612,2022-05-21,Australia,69.0,F,Basic,10.01
4613,2023-01-27,Canada,42.0,M,Enterprise,178.38
4614,2024-03-03,France,20.0,M,Basic,10.37
4615,2024-04-12,USA,23.0,M,Basic,12.24
4616,2024-02-11,Canada,23.0,F,Basic,12.08
4617,2024-06-14,USA,70.0,F,Premium,31.8
4618,2022-05-17,France,19.0,M,Basic,14.82
4619,2023-10-19,Canada,35.0,M,Premium,36.03
4620,2023-11-25,USA,40.0,F,Premium,38.13
4621,2022-05-27,Australia,43.5,F,Premium,34.95
4622,2022-03-12,UK,29.0,F,Basic,13.6
4623,2023-06-28,UK,39.0,Other,Basic,14.84
4624,2023-07-31,USA,54.0,M,Premium,33.47
4625,2022-01-09,USA,37.0,M,Enterprise,150.42
4626,2023-09-17,Brazil,56.0,Unknown,Premium,35.14
4627,2023-10-28,USA,41.0,F,Basic,14.95
4628,2022-06-18,USA,65.0,M,Basic,11.16
4629,2023-03-27,UK,37.0,M,Basic,13.37
4630,2022-12-26,Spain,18.0,F,Premium,31.37
4631,2024-01-10,Australia,18.0,M,Basic,14.63
4632,2022-08-07,USA,34.0,M,Premium,35.89
4633,2023-10-06,UK,43.5,F,Enterprise,185.93
4634,2024-02-06,USA,70.0,M,Basic,14.47
4635,2022-06-05,Italy,69.0,M,Basic,12.78
4636,2023-02-26,Germany,62.0,F,Enterprise,168.19
4637,2023-09-23,Italy,47.0,M,Basic,13.48
4638,2023-12-05,Brazil,58.0,M,Basic,12.29
4639,2023-03-30,USA,64.0,F,Basic,12.16
4640,2024-05-30,Australia,20.0,M,Basic,10.92
4641,2022-08-11,Canada,63.0,F,Premium,33.83
4642,2022-03-30,France,28.0,M,Basic,14.94
4643,2022-04-13,Spain,41.0,M,Basic,11.34
4644,2022-05-24,Germany,39.0,M,Premium,37.61
4645,2024-02-10,Italy,61.0,M,Basic,10.29
4646,2022-05-07,Germany,62.0,M,Basic,12.33
4647,2023-08-27,UK,43.0,M,Premium,30.57
4648,2024-01-18,UK,30.0,F,Premium,34.75
4649,2023-01-29,Canada,18.0,M,Basic,10.13
4650,2022-12-26,Brazil,41.0,Other,Basic,13.06
4651,2023-03-16,UK,27.0,M,Premium,35.86
4652,2022-11-19,USA,52.0,M,Premium,37.97
4653,2024-03-21,Spain,41.0,M,Basic,12.91
4654,2022-05-24,Australia,45.0,F,Basic,14.62
4655,2022-09-11,Canada,53.0,F,Basic,13.91
4656,2022-10-11,USA,33.0,F,Premium,31.32
4657,2023-10-23,UK,57.0,M,Basic,11.32
4658,2022-03-28,France,33.0,M,Premium,30.25
4659,2022-09-12,Mexico,34.0,F,Basic,11.92
4660,2023-07-21,France,68.0,M,Premium,35.09
4661,2023-09-08,UK,32.0,M,Enterprise,194.58
4662,2023-09-07,UK,33.0,M,Basic,12.6
4663,2024-01-09,USA,32.0,M,Basic,13.9
4664,2023-09-15,USA,51.0,M,Basic,11.33
4665,2022-10-19,Australia,28.0,F,Basic,10.76
4666,2024-03-08,UK,18.0,F,Basic,14.04
4667,2023-12-09,Italy,32.0,F,Basic,11.23
4668,2022-01-28,USA,43.0,M,Enterprise,187.12
4669,2024-05-18,UK,68.0,F,Premium,31.69
4670,2024-05-17,UK,21.0,F,Premium,38.51
4671,2023-11-06,Germany,60.0,F,Basic,13.85
4672,2024-06-15,Australia,22.0,M,Basic,13.05
4673,2022-11-05,France,52.0,Other,Basic,14.24
4674,2022-07-30,USA,30.0,M,Basic,11.64
4675,2023-06-15,USA,27.0,F,Basic,10.82
4676,2023-09-14,Mexico,43.5,M,Basic,10.78
4677,2023-06-06,USA,43.5,M,Premium,32.69
4678,2022-07-13,Australia,51.0,M,Basic,12.22
4679,2024-02-05,France,56.0,F,Basic,14.37
4680,2023-02-06,Australia,58.0,M,Basic,10.44
4681,2022-10-30,Germany,59.0,F,Enterprise,191.51
4682,2023-10-24,France,67.0,F,Basic,14.62
4683,2022-02-25,Brazil,40.0,F,Basic,13.63
4684,2024-03-13,USA,24.0,F,Basic,14.49
4685,2024-03-23,UK,43.5,F,Basic,13.84
4686,2022-09-03,Brazil,20.0,F,Premium,35.27
4687,2023-05-22,UK,29.0,M,Basic,12.99
4688,2023-01-31,USA,24.0,F,Basic,13.13
4689,2022-04-26,France,66.0,F,Basic,10.62
4690,2022-09-04,France,43.0,M,Premium,31.92
4691,2023-05-27,UK,50.0,F,Basic,12.61
4692,2023-10-16,Canada,54.0,M,Basic,10.57
4693,2023-09-01,UK,65.0,M,Basic,14.81
4694,2022-03-14,Spain,32.0,M,Basic,12.53
4695,2023-06-25,UK,19.0,M,Basic,11.89
4696,2024-06-29,USA,58.0,F,Basic,10.78
4697,2022-01-13,UK,24.0,F,Basic,12.07
4698,2023-01-05,Brazil,49.0,F,Basic,11.5
4699,2022-11-21,Germany,21.0,Other,Premium,30.87
4700,2022-05-16,Brazil,43.5,M,Basic,14.83
4701,2023-02-01,Brazil,67.0,M,Basic,11.31
4702,2024-05-31,USA,70.0,F,Basic,13.44
4703,2024-05-09,France,53.0,F,Basic,10.45
4704,2023-08-06,Spain,49.0,M,Basic,14.56
4705,2023-03-07,Spain,45.0,Other,Basic,12.94
4706,2023-01-10,Germany,30.0,F,Basic,13.27
4707,2023-07-14,UK,18.0,Other,Basic,13.9
4708,2023-12-01,USA,52.0,M,Basic,13.02
4709,2022-06-26,USA,65.0,M,Premium,30.7
4710,2024-02-21,Australia,47.0,F,Basic,12.14
4711,2023-04-28,UK,53.0,F,Basic,11.3
4712,2024-02-28,Australia,42.0,M,Basic,12.42
4713,2022-03-16,Australia,33.0,F,Basic,12.01
4714,2022-01-18,UK,36.0,F,Basic,14.12
4715,2023-08-25,Australia,18.0,M,Basic,11.23
4716,2022-03-11,Spain,22.0,M,Basic,11.0
4717,2022-01-15,UK,68.0,F,Basic,14.78
4718,2022-09-26,UK,39.0,M,Basic,14.74
4719,2022-08-09,USA,41.0,F,Basic,14.96
4720,2022-02-10,UK,60.0,M,Premium,35.67
4721,2022-03-03,UK,62.0,F,Enterprise,111.3
4722,2024-03-19,Australia,69.0,F,Premium,38.79
4723,2023-02-12,Canada,54.0,M,Basic,10.72
4724,2023-06-03,USA,70.0,F,Premium,31.55
4725,2022-10-21,Brazil,43.5,M,Basic,10.96
4726,2023-10-06,France,53.0,M,Premium,36.52
4727,2023-12-31,USA,21.0,F,Premium,31.06
4728,2023-05-29,UK,53.0,Other,Premium,37.77
4729,2024-02-25,UK,69.0,M,Basic,10.28
4730,2023-03-02,Italy,43.5,M,Basic,10.54
4731,2023-03-10,UK,35.0,M,Basic,12.16
4732,2023-12-20,Australia,67.0,M,Basic,11.89
4733,2023-02-16,UK,33.0,M,Basic,14.94
4734,2022-03-26,Italy,58.0,F,Basic,14.82
4735,2023-10-18,Mexico,35.0,M,Basic,10.94
4736,2023-07-04,Brazil,39.0,F,Enterprise,194.66
4737,2023-07-05,UK,19.0,M,Basic,13.45
4738,2023-09-23,UK,38.0,F,Basic,12.03
4739,2022-06-06,Spain,53.0,F,Premium,37.39
4740,2022-10-12,USA,61.0,F,Enterprise,190.0
4741,2022-03-27,UK,56.0,M,Basic,10.89
4742,2022-11-14,USA,64.0,Unknown,Basic,10.97
4743,2022-03-22,UK,56.0,F,Basic,12.03
4744,2023-06-08,Mexico,46.0,F,Basic,10.84
4745,2022-07-28,Italy,43.0,F,Premium,33.59
4746,2024-04-07,USA,38.0,M,Premium,36.45
4747,2022-06-09,France,34.0,F,Basic,14.05
4748,2023-07-04,USA,33.0,Other,Premium,33.01
4749,2022-12-01,UK,48.0,F,Premium,32.81
4750,2023-02-05,USA,68.0,F,Enterprise,177.96
4751,2023-08-24,Australia,26.0,F,Enterprise,138.09
4752,2023-10-12,UK,48.0,F,Basic,14.08
4753,2024-02-21,UK,31.0,F,Basic,14.96
4754,2024-05-04,Spain,66.0,F,Basic,14.89
4755,2023-10-28,Brazil,54.0,M,Enterprise,166.26
4756,2023-11-29,Canada,19.0,F,Enterprise,137.51
4757,2023-10-21,France,69.0,F,Basic,10.32
4758,2022-03-09,UK,65.0,M,Basic,13.68
4759,2022-11-14,Italy,63.0,M,Basic,14.88
4760,2023-12-17,Australia,31.0,F,Premium,30.67
4761,2023-03-24,Italy,50.0,F,Basic,10.02
4762,2024-01-18,UK,52.0,M,Basic,14.15
4763,2024-05-16,USA,56.0,F,Basic,10.5
4764,2022-09-02,UK,64.0,F,Premium,30.81
4765,2022-03-01,Germany,68.0,M,Premium,39.09
4766,2022-09-08,Australia,37.0,M,Basic,10.39
4767,2022-03-30,USA,19.0,F,Basic,10.56
4768,2023-03-21,Spain,43.5,F,Premium,35.69
4769,2022-04-29,Australia,58.0,M,Enterprise,175.67
4770,2023-04-10,Italy,36.0,M,Basic,11.99
4771,2023-09-19,Australia,54.0,Unknown,Basic,12.09
4772,2023-09-16,Canada,35.0,F,Basic,13.15
4773,2022-02-26,UK,33.0,M,Basic,12.52
4774,2022-11-13,UK,21.0,F,Basic,10.08
4775,2023-11-14,Italy,29.0,M,Basic,10.56
4776,2024-01-30,Canada,46.0,F,Basic,12.9
4777,2023-11-05,Mexico,24.0,M,Premium,37.93
4778,2024-01-29,France,31.0,F,Basic,13.81
4779,2022-06-29,USA,29.0,F,Basic,13.69
4780,2022-05-03,UK,52.0,M,Basic,13.85
4781,2022-01-13,UK,22.0,M,Basic,10.21
4782,2023-12-26,Germany,34.0,F,Basic,14.47
4783,2022-05-21,UK,59.0,M,Premium,38.88
4784,2023-12-20,France,49.0,F,Basic,12.65
4785,2022-01-12,USA,27.0,M,Basic,11.23
4786,2022-06-17,Germany,60.0,M,Basic,12.95
4787,2023-05-24,Italy,34.0,F,Premium,35.57
4788,2022-12-22,Germany,22.0,F,Basic,11.1
4789,2023-06-20,UK,62.0,Unknown,Basic,13.01
4790,2023-06-14,France,59.0,M,Basic,13.98
4791,2024-03-12,Mexico,26.0,M,Basic,14.02
4792,2024-04-22,Australia,66.0,F,Premium,30.59
4793,2024-01-09,Canada,50.0,M,Basic,10.98
4794,2022-09-23,UK,53.0,M,Premium,36.67
4795,2022-06-20,UK,53.0,M,Basic,14.29
4796,2023-01-16,Brazil,35.0,M,Enterprise,152.11
4797,2022-05-10,Germany,26.0,F,Basic,13.53
4798,2024-02-07,UK,46.0,F,Premium,30.2
4799,2024-03-10,USA,67.0,F,Basic,13.03
4800,2024-06-13,France,31.0,F,Basic,14.8
4801,2022-10-03,Canada,42.0,F,Basic,13.3
4802,2024-01-21,Spain,32.0,F,Premium,39.21
4803,2024-06-26,USA,23.0,F,Basic,12.82
4804,2022-05-01,Germany,59.0,M,Basic,14.21
4805,2024-02-29,France,46.0,M,Basic,10.61
4806,2022-01-31,Spain,32.0,F,Enterprise,112.34
4807,2022-12-10,Spain,46.0,M,Basic,10.59
4808,2024-04-06,Brazil,21.0,M,Basic,12.43
4809,2023-03-16,UK,35.0,F,Enterprise,133.02
4810,2022-10-06,Canada,67.0,F,Enterprise,171.91
4811,2023-06-21,UK,66.0,F,Basic,14.5
4812,2022-03-07,Spain,61.0,M,Premium,36.18
4813,2022-09-27,USA,56.0,Other,Basic,11.06
4814,2023-12-31,Brazil,33.0,F,Basic,14.64
4815,2023-08-14,France,28.0,F,Premium,35.27
4816,2023-10-05,Brazil,31.0,M,Premium,37.19
4817,2022-03-20,USA,20.0,Unknown,Basic,14.44
4818,2023-05-24,USA,68.0,M,Basic,14.94
4819,2023-04-12,Australia,67.0,M,Basic,12.52
4820,2023-06-08,Brazil,59.0,M,Premium,38.07
4821,2023-01-04,Australia,55.0,M,Enterprise,156.68
4822,2022-02-26,Germany,62.0,F,Basic,12.42
4823,2023-05-27,Australia,59.0,F,Premium,35.37
4824,2024-05-29,Italy,35.0,F,Basic,12.41
4825,2023-08-04,UK,37.0,M,Premium,34.2
4826,2022-06-20,Italy,65.0,M,Basic,13.61
4827,2023-01-12,Spain,42.0,M,Basic,11.24
4828,2022-06-11,France,55.0,M,Basic,13.07
4829,2022-09-19,Germany,30.0,M,Enterprise,171.29
4830,2024-03-02,UK,21.0,F,Basic,14.45
4831,2022-04-16,Spain,31.0,F,Basic,11.65
4832,2023-08-11,UK,50.0,Unknown,Premium,38.6
4833,2023-11-22,USA,45.0,F,Basic,14.72
4834,2024-01-11,Canada,69.0,F,Basic,13.23
4835,2022-04-29,Australia,54.0,F,Basic,13.85
4836,2022-08-22,UK,25.0,F,Premium,34.05
4837,2024-01-29,France,61.0,F,Basic,14.75
4838,2023-06-06,USA,51.0,Unknown,Basic,13.34
4839,2022-01-03,Canada,61.0,F,Basic,11.54
4840,2022-02-15,Italy,22.0,M,Enterprise,140.42
4841,2024-05-29,Australia,22.0,F,Basic,13.08
4842,2024-06-02,Germany,48.0,F,Basic,11.16
4843,2022-01-13,Italy,62.0,F,Premium,37.53
4844,2022-09-08,France,26.0,M,Basic,11.11
4845,2022-02-17,Italy,59.0,M,Basic,12.95
4846,2023-04-29,France,49.0,F,Enterprise,169.69
4847,2023-01-08,Italy,50.0,Unknown,Basic,14.29
4848,2023-01-28,Canada,43.5,M,Premium,37.33
4849,2022-06-03,Brazil,47.0,F,Premium,37.98
4850,2022-07-03,USA,67.0,F,Basic,14.55
4851,2024-05-28,Canada,29.0,M,Basic,12.98
4852,2022-02-06,Brazil,46.0,F,Enterprise,184.62
4853,2023-07-21,UK,20.0,M,Premium,32.31
4854,2024-04-02,Spain,43.0,F,Basic,14.06
4855,2024-01-02,Spain,47.0,F,Basic,11.1
4856,2024-01-29,UK,26.0,F,Premium,39.34
4857,2023-11-03,Australia,43.0,F,Basic,11.64
4858,2023-03-06,Canada,19.0,M,Basic,10.85
4859,2022-08-18,Canada,20.0,F,Enterprise,114.81
4860,2022-11-26,USA,63.0,F,Basic,10.93
4861,2022-09-12,USA,21.0,F,Premium,34.47
4862,2023-03-03,UK,43.5,M,Premium,35.21
4863,2024-01-08,UK,68.0,M,Basic,14.56
4864,2022-11-24,Spain,30.0,F,Premium,33.8
4865,2022-10-05,UK,43.5,F,Basic,11.08
4866,2024-04-25,Australia,61.0,M,Basic,13.71
4867,2022-03-21,France,52.0,Other,Basic,10.66
4868,2023-08-09,France,40.0,F,Basic,14.45
4869,2023-01-17,Mexico,26.0,F,Premium,34.08
4870,2022-05-03,USA,19.0,F,Enterprise,161.37
4871,2023-05-30,Italy,58.0,F,Premium,31.85
4872,2023-11-21,USA,61.0,F,Basic,10.72
4873,2022-02-23,USA,48.0,M,Premium,37.98
4874,2022-07-03,UK,61.0,F,Basic,12.14
4875,2022-08-17,UK,64.0,F,Basic,14.92
4876,2024-04-03,UK,19.0,F,Basic,12.61
4877,2023-06-13,France,49.0,F,Basic,14.22
4878,2022-02-17,Canada,35.0,M,Basic,14.89
4879,2023-02-15,Spain,30.0,M,Basic,11.4
4880,2022-03-12,UK,63.0,F,Basic,13.99
4881,2024-06-17,USA,43.5,M,Basic,10.1
4882,2023-04-22,USA,59.0,F,Enterprise,167.97
4883,2024-06-05,UK,61.0,M,Enterprise,174.51
4884,2022-10-17,Canada,27.0,M,Premium,34.76
4885,2024-03-03,USA,60.0,M,Basic,10.8
4886,2024-05-15,Brazil,42.0,F,Premium,36.16
4887,2022-11-15,Italy,51.0,F,Premium,38.97
4888,2022-12-02,UK,54.0,F,Premium,39.3
4889,2022-03-30,Mexico,47.0,F,Basic,13.72
4890,2023-07-21,UK,24.0,M,Basic,11.31
4891,2023-04-13,UK,23.0,M,Basic,14.34
4892,2022-01-09,UK,20.0,F,Basic,14.43
4893,2023-01-13,Mexico,43.5,F,Basic,11.83
4894,2022-07-25,UK,20.0,M,Premium,31.82
4895,2022-10-26,Mexico,43.0,F,Premium,38.74
4896,2023-08-01,USA,41.0,F,Basic,14.42
4897,2024-03-14,Mexico,70.0,M,Basic,10.49
4898,2022-11-08,Italy,23.0,M,Premium,39.66
4899,2024-01-28,Mexico,60.0,F,Basic,12.66
4900,2023-09-30,Brazil,66.0,M,Basic,14.96
4901,2022-09-06,Mexico,59.0,M,Premium,34.44
4902,2023-04-21,USA,29.0,F,Basic,12.66
4903,2023-01-13,Mexico,66.0,M,Premium,32.65
4904,2023-08-29,UK,53.0,F,Premium,38.98
4905,2023-05-21,Brazil,19.0,M,Premium,34.43
4906,2024-03-02,Spain,28.0,F,Basic,14.06
4907,2024-03-05,Australia,56.0,F,Basic,10.39
4908,2022-07-20,Brazil,51.0,M,Basic,13.93
4909,2024-01-21,Canada,43.0,M,Basic,12.44
4910,2023-07-14,Australia,35.0,F,Basic,10.02
4911,2024-02-18,USA,38.0,F,Premium,32.25
4912,2024-03-26,USA,53.0,F,Enterprise,119.36
4913,2022-09-09,Canada,57.0,M,Premium,37.51
4914,2022-06-04,Brazil,69.0,F,Basic,12.38
4915,2022-01-07,USA,63.0,F,Premium,31.59
4916,2023-02-24,Canada,61.0,F,Basic,11.27
4917,2022-01-25,Australia,39.0,F,Basic,12.51
4918,2022-08-27,Australia,70.0,M,Premium,30.19
4919,2023-07-09,UK,47.0,F,Basic,12.11
4920,2022-12-21,France,67.0,M,Basic,13.38
4921,2023-10-14,UK,60.0,M,Premium,35.17
4922,2024-05-09,USA,47.0,F,Basic,12.98
4923,2023-12-12,Australia,25.0,Other,Enterprise,132.65
4924,2024-06-17,Spain,51.0,M,Basic,10.91
4925,2022-01-10,Canada,64.0,F,Premium,38.09
4926,2022-12-10,Italy,43.5,M,Basic,14.52
4927,2022-01-02,Mexico,43.5,F,Basic,12.54
4928,2024-02-17,France,37.0,F,Basic,11.52
4929,2023-11-05,Australia,57.0,M,Premium,35.1
4930,2023-01-21,Canada,42.0,M,Premium,38.78
4931,2024-05-19,UK,36.0,M,Premium,36.9
4932,2024-01-26,France,22.0,M,Enterprise,185.85
4933,2024-01-15,USA,28.0,M,Premium,33.27
4934,2022-11-11,USA,32.0,F,Basic,13.55
4935,2022-04-17,Germany,25.0,M,Premium,36.52
4936,2022-07-30,Germany,36.0,F,Basic,12.85
4937,2023-06-27,UK,40.0,M,Basic,12.63
4938,2022-09-01,UK,44.0,F,Basic,12.74
4939,2023-03-06,USA,57.0,M,Basic,14.24
4940,2023-05-19,Italy,49.0,M,Premium,39.15
4941,2022-03-03,UK,43.0,F,Basic,10.55
4942,2022-05-26,UK,44.0,M,Premium,35.68
4943,2023-12-30,Australia,36.0,F,Enterprise,191.83
4944,2022-10-14,USA,67.0,F,Basic,10.66
4945,2022-04-06,Brazil,59.0,F,Premium,34.12
4946,2022-02-14,Canada,46.0,M,Premium,30.88
4947,2022-08-26,Brazil,56.0,M,Basic,10.56
4948,2024-05-15,USA,58.0,F,Premium,39.03
4949,2023-06-17,USA,50.0,F,Basic,12.22
4950,2023-02-27,Canada,36.0,M,Basic,13.43
4951,2023-12-19,Canada,54.0,M,Basic,10.68
4952,2023-01-17,UK,36.0,M,Basic,10.1
4953,2023-04-15,USA,50.0,F,Basic,14.44
4954,2024-02-05,USA,64.0,M,Basic,12.86
4955,2022-03-28,Germany,33.0,F,Basic,10.09
4956,2023-08-18,Spain,40.0,M,Premium,39.91
4957,2022-04-08,Brazil,24.0,M,Premium,34.91
4958,2023-06-02,Italy,43.0,M,Basic,12.37
4959,2022-05-17,Spain,49.0,F,Basic,13.09
4960,2023-10-15,Mexico,29.0,M,Basic,10.03
4961,2024-04-19,UK,25.0,M,Premium,35.68
4962,2023-02-08,Mexico,22.0,M,Basic,13.14
4963,2022-03-18,USA,59.0,M,Basic,11.47
4964,2023-08-30,Canada,45.0,M,Basic,13.62
4965,2023-08-05,Germany,70.0,F,Premium,33.76
4966,2022-03-05,USA,22.0,F,Basic,13.58
4967,2023-03-22,Canada,66.0,M,Basic,10.71
4968,2023-11-10,UK,43.0,F,Premium,39.13
4969,2022-05-14,Spain,22.0,M,Premium,38.78
4970,2022-08-31,USA,39.0,M,Premium,31.5
4971,2022-10-26,UK,32.0,Other,Basic,14.68
4972,2022-09-25,Brazil,30.0,F,Premium,35.57
4973,2024-05-21,UK,45.0,Other,Basic,13.5
4974,2022-11-19,Australia,50.0,M,Basic,14.19
4975,2024-03-31,France,43.5,M,Basic,10.41
4976,2023-02-07,UK,40.0,F,Basic,10.84
4977,2023-12-19,Italy,50.0,F,Basic,11.44
4978,2024-05-01,UK,60.0,M,Basic,12.38
4979,2024-01-24,UK,35.0,F,Basic,11.72
4980,2022-12-01,Australia,67.0,F,Basic,12.52
4981,2022-11-22,Australia,70.0,M,Premium,31.85
4982,2023-04-09,Italy,47.0,F,Basic,13.4
4983,2022-10-06,Canada,43.0,F,Enterprise,105.56
4984,2022-08-28,UK,33.0,M,Basic,11.8
4985,2022-03-18,Spain,30.0,Other,Basic,10.89
4986,2022-07-27,Italy,56.0,M,Basic,13.64
4987,2022-05-20,Australia,50.0,M,Premium,38.83
4988,2024-03-09,Spain,43.0,F,Premium,30.78
4989,2024-02-28,USA,65.0,Other,Enterprise,178.49
4990,2023-08-22,Germany,18.0,F,Basic,14.47
4991,2022-04-22,Spain,66.0,F,Basic,14.86
4992,2022-06-09,Canada,55.0,F,Premium,35.78
4993,2022-04-19,UK,19.0,F,Premium,33.26
4994,2022-06-18,UK,66.0,M,Enterprise,132.19
4995,2023-04-06,Canada,23.0,F,Basic,11.88
4996,2023-04-23,France,63.0,F,Premium,36.12
4997,2022-11-18,Brazil,67.0,M,Basic,12.44
4998,2023-02-21,USA,55.0,F,Basic,13.26
4999,2022-05-04,Australia,59.0,F,Basic,10.19
5000,2023-07-03,Brazil,41.0,F,Premium,31.05
