ticket_id,customer_id,created_date,resolved_date,category,priority,satisfaction_score,resolution_time_hours
1,4110,2024-03-29,2024-03-29 08:51:44,Technical,Medium,0.0,8.862222222222222
2,4110,2024-03-04,2024-03-04 12:08:22,Billing,Low,0.0,12.139444444444445
3,4110,2024-03-27,2024-03-27 01:09:27,Technical,Medium,5.0,1.1575
4,2990,2024-12-22,2024-12-23 03:33:56,Technical,Low,0.0,27.565555555555555
5,3341,2024-01-03,2024-01-05 16:12:29,Technical,High,0.0,64.20805555555556
6,3341,2024-10-01,2024-10-01 04:40:00,Technical,Medium,0.0,4.666666666666667
7,3341,2024-06-02,2024-06-02 13:02:55,General,Low,1.0,13.04861111111111
8,3341,2024-09-20,,Technical,High,0.0,
9,3341,2024-03-29,,Technical,Medium,0.0,
10,2669,2024-05-06,2024-05-06 09:53:15,Billing,Low,0.0,9.8875
11,2669,2024-06-19,2024-06-20 00:14:06,Technical,Medium,0.0,24.235
12,2669,2024-04-25,2024-04-25 04:19:11,General,Low,0.0,4.3197222222222225
13,4175,2024-01-24,,Technical,Low,0.0,
14,4175,2024-11-04,,General,Low,0.0,
15,4175,2024-05-22,2024-05-22 02:51:45,General,Medium,4.0,2.8625
16,4352,2024-06-12,2024-06-12 08:36:06,Technical,High,4.0,8.601666666666667
17,4352,2024-09-04,2024-09-04 11:12:02,General,Low,4.0,11.200555555555555
18,4352,2024-08-03,2024-08-03 15:26:05,Technical,Medium,0.0,15.434722222222222
19,4352,2024-12-18,2024-12-18 23:18:36,General,Medium,0.0,23.31
20,113,2024-01-21,2024-01-22 05:39:51,Technical,Medium,4.0,29.664166666666667
21,113,2024-06-13,2024-06-13 18:33:38,Billing,Medium,5.0,18.560555555555556
22,113,2024-11-08,2024-11-09 05:25:49,Billing,Medium,0.0,29.43027777777778
23,113,2024-08-03,,General,Medium,0.0,
24,2381,2024-07-26,2024-07-26 03:48:34,Technical,Low,0.0,3.8094444444444444
25,1781,2024-04-18,2024-04-19 03:25:51,Billing,Low,0.0,27.430833333333332
26,1781,2024-09-13,2024-09-14 02:39:28,Technical,Medium,3.0,26.657777777777778
27,2267,2024-03-11,2024-03-12 15:48:39,Billing,Low,0.0,39.810833333333335
28,2267,2024-01-10,2024-01-10 18:13:52,Billing,Low,4.0,18.23111111111111
29,2267,2024-03-14,2024-03-14 03:24:37,General,Low,0.0,3.410277777777778
30,2267,2024-06-11,2024-06-11 04:04:53,Technical,Low,0.0,4.081388888888889
31,3103,2024-09-19,2024-09-19 16:31:37,Technical,Medium,5.0,16.526944444444446
32,3103,2024-12-12,2024-12-12 08:54:30,Technical,Low,3.0,8.908333333333333
33,3103,2024-10-14,2024-10-15 03:20:37,Technical,Medium,0.0,27.343611111111112
34,2747,2024-12-24,,Billing,Medium,0.0,
35,2747,2024-08-16,2024-08-17 22:53:55,Technical,Medium,2.0,46.89861111111111
36,2747,2024-04-12,2024-04-12 09:56:14,Technical,Medium,3.0,9.937222222222223
37,2747,2024-10-30,2024-10-30 08:34:33,Technical,Medium,3.0,8.575833333333334
38,2364,2024-01-02,2024-01-03 22:22:52,Billing,Low,4.0,46.38111111111111
39,2364,2024-12-30,2024-12-30 19:05:11,Billing,Low,0.0,19.086388888888887
40,2364,2024-08-31,2024-08-31 17:26:29,Billing,High,3.0,17.441388888888888
41,2364,2024-04-11,2024-04-12 05:50:38,Technical,Low,2.0,29.843888888888888
42,2364,2024-11-02,2024-11-04 05:38:45,Billing,Low,5.0,53.645833333333336
43,2444,2024-05-01,2024-05-02 16:11:33,Billing,Low,0.0,40.1925
44,2444,2024-08-27,2024-08-27 10:08:17,Billing,Low,4.0,10.138055555555555
45,2444,2024-05-04,2024-05-05 06:01:55,Billing,Medium,3.0,30.031944444444445
46,2463,2024-07-10,2024-07-10 15:02:08,Billing,Low,1.0,15.035555555555556
47,3262,2024-09-22,2024-09-22 18:43:09,Technical,Medium,3.0,18.719166666666666
48,3262,2024-09-07,2024-09-07 17:29:34,Technical,High,5.0,17.49277777777778
49,3262,2024-03-28,2024-03-28 20:16:36,Technical,Low,0.0,20.276666666666667
50,3262,2024-10-28,2024-10-28 02:04:40,Technical,Low,0.0,2.077777777777778
51,4744,2024-03-01,2024-03-01 12:30:06,Technical,Low,5.0,12.501666666666667
52,4744,2024-11-15,2024-11-15 11:41:15,Billing,High,2.0,11.6875
53,3809,2024-10-20,2024-10-20 06:53:05,Billing,Low,0.0,6.884722222222222
54,3809,2024-08-23,2024-08-23 09:08:04,Technical,Low,5.0,9.134444444444444
55,3809,2024-07-14,2024-07-14 00:54:42,Billing,High,0.0,0.9116666666666666
56,3809,2024-12-27,,Technical,Medium,0.0,
57,1416,2024-06-16,2024-06-16 08:13:36,Billing,Medium,3.0,8.226666666666667
58,1416,2024-03-18,2024-03-18 15:51:39,Technical,Low,4.0,15.860833333333334
59,1416,2024-09-11,2024-09-11 18:48:32,Technical,Low,5.0,18.808888888888887
60,3261,2024-04-19,,General,High,0.0,
61,3261,2024-05-22,2024-05-22 17:44:45,Billing,Low,5.0,17.745833333333334
62,3261,2024-11-14,2024-11-14 09:32:39,General,Low,3.0,9.544166666666667
63,3261,2024-04-03,,Technical,Low,0.0,
64,56,2024-04-25,2024-04-25 03:19:45,Billing,Medium,4.0,3.3291666666666666
65,56,2024-02-03,2024-02-03 17:33:23,General,Low,4.0,17.55638888888889
66,56,2024-02-05,2024-02-06 10:52:49,Technical,Medium,0.0,34.88027777777778
67,56,2024-04-23,2024-04-23 14:43:54,General,High,4.0,14.731666666666667
68,56,2024-01-24,2024-01-24 12:33:30,Technical,Medium,0.0,12.558333333333334
69,4880,2024-10-16,2024-10-16 16:06:59,Technical,Medium,0.0,16.11638888888889
70,4880,2024-08-28,,General,Medium,0.0,
71,4880,2024-01-10,2024-01-10 13:42:19,Technical,Low,0.0,13.705277777777777
72,4880,2024-02-18,,Technical,High,0.0,
73,2068,2024-06-16,2024-06-16 23:33:32,Technical,Low,5.0,23.558888888888887
74,2068,2024-11-28,2024-11-28 21:47:53,Technical,Low,2.0,21.798055555555557
75,3173,2024-06-08,,Technical,Low,0.0,
76,3173,2024-03-22,2024-03-23 11:36:33,Billing,High,3.0,35.60916666666667
77,3173,2024-07-19,2024-07-19 15:50:28,Billing,Low,5.0,15.841111111111111
78,4924,2024-01-04,2024-01-05 22:12:33,General,Medium,0.0,46.20916666666667
79,4924,2024-05-22,2024-05-22 16:33:59,Billing,Medium,5.0,16.566388888888888
80,4660,2024-04-10,2024-04-10 07:06:46,Technical,Medium,2.0,7.112777777777778
81,4660,2024-04-16,,General,High,0.0,
82,4660,2024-10-24,,Billing,Medium,0.0,
83,4660,2024-03-18,2024-03-18 01:29:08,Technical,Medium,5.0,1.4855555555555555
84,4660,2024-08-19,2024-08-19 10:12:31,Billing,Medium,0.0,10.20861111111111
85,2128,2024-04-25,2024-04-26 15:12:59,General,High,0.0,39.216388888888886
86,2128,2024-11-02,2024-11-02 20:01:32,Technical,Medium,4.0,20.025555555555556
87,2128,2024-06-15,2024-06-16 14:06:32,Technical,Low,5.0,38.10888888888889
88,2128,2024-03-21,2024-03-21 21:12:57,Billing,High,0.0,21.215833333333332
89,2128,2024-07-03,2024-07-03 11:56:26,Billing,Medium,3.0,11.940555555555555
90,1791,2024-08-08,2024-08-09 11:52:54,Technical,Medium,4.0,35.88166666666667
91,4403,2024-04-01,2024-04-01 05:37:38,Technical,Low,2.0,5.627222222222223
92,4403,2024-07-01,2024-07-01 07:49:52,Technical,Medium,0.0,7.831111111111111
93,4403,2024-09-16,2024-09-16 13:28:41,Technical,Low,3.0,13.478055555555555
94,1239,2024-07-03,2024-07-03 17:33:01,General,Medium,4.0,17.55027777777778
95,1239,2024-08-19,2024-08-20 09:49:51,Billing,Medium,4.0,33.83083333333333
96,1239,2024-01-08,2024-01-09 01:27:25,Technical,Low,5.0,25.456944444444446
97,1340,2024-05-15,2024-05-15 15:28:08,Billing,Low,5.0,15.46888888888889
98,1340,2024-02-16,2024-02-17 01:15:32,Billing,Low,2.0,25.25888888888889
99,1340,2024-09-25,2024-09-26 11:01:16,General,Low,5.0,35.02111111111111
100,3524,2024-06-17,,General,High,0.0,
101,3524,2024-03-20,2024-03-21 00:27:14,Technical,Low,5.0,24.45388888888889
102,3524,2024-10-22,,Billing,Low,0.0,
103,2315,2024-07-29,,Technical,Low,0.0,
104,4394,2024-03-03,2024-03-04 03:23:39,Billing,Low,0.0,27.394166666666667
105,4394,2024-05-13,2024-05-13 12:27:22,Technical,Low,5.0,12.456111111111111
106,4394,2024-11-25,,Billing,Medium,0.0,
107,4394,2024-06-18,2024-06-19 03:06:13,Billing,Low,4.0,27.10361111111111
108,325,2024-08-22,2024-08-23 04:44:04,Billing,Low,0.0,28.734444444444446
109,325,2024-09-09,2024-09-09 08:58:54,Billing,Low,4.0,8.981666666666667
110,325,2024-06-12,2024-06-12 11:33:44,General,Medium,0.0,11.562222222222223
111,325,2024-09-19,2024-09-19 15:48:30,Technical,Medium,2.0,15.808333333333334
112,1562,2024-10-21,2024-10-21 07:09:07,Technical,High,0.0,7.151944444444444
113,1562,2024-04-30,2024-04-30 08:38:33,Technical,Medium,0.0,8.6425
114,1562,2024-03-28,2024-03-28 05:23:40,Billing,Low,0.0,5.394444444444445
115,746,2024-04-19,2024-04-19 05:33:39,General,High,3.0,5.560833333333333
116,746,2024-07-07,2024-07-07 23:13:24,Technical,High,0.0,23.223333333333333
117,746,2024-05-07,2024-05-07 03:20:02,Technical,Low,3.0,3.3338888888888887
118,2146,2024-09-16,2024-09-16 07:22:46,Billing,Low,5.0,7.379444444444444
119,2146,2024-01-27,2024-01-27 19:02:06,Technical,Medium,0.0,19.035
120,2146,2024-10-18,2024-10-18 04:11:58,Billing,Medium,3.0,4.1994444444444445
121,1409,2024-11-16,2024-11-16 08:09:10,Technical,Low,4.0,8.152777777777779
122,1409,2024-09-05,,Billing,Low,0.0,
123,1409,2024-05-12,2024-05-12 04:27:16,Billing,High,3.0,4.454444444444444
124,4650,2024-06-17,2024-06-17 19:21:06,General,High,4.0,19.351666666666667
125,4650,2024-09-25,2024-09-25 06:21:49,Technical,Medium,5.0,6.363611111111111
126,4650,2024-01-14,2024-01-14 16:47:42,Billing,Medium,0.0,16.795
127,4650,2024-11-06,2024-11-06 22:35:33,Billing,High,0.0,22.5925
128,4650,2024-09-23,2024-09-23 09:52:05,Technical,Medium,0.0,9.868055555555555
129,3369,2024-06-21,,Billing,Low,0.0,
130,1335,2024-06-26,2024-06-29 15:27:25,Technical,Low,5.0,87.45694444444445
131,1335,2024-03-16,2024-03-16 13:34:10,Technical,Medium,0.0,13.569444444444445
132,1335,2024-05-17,2024-05-18 03:47:00,Technical,Low,0.0,27.783333333333335
133,1335,2024-09-13,2024-09-13 03:44:24,Technical,High,5.0,3.74
134,1335,2024-11-09,,General,Medium,0.0,
135,855,2024-04-10,2024-04-10 10:10:20,Technical,Medium,0.0,10.172222222222222
136,855,2024-01-16,2024-01-16 03:46:08,General,Medium,4.0,3.7688888888888887
137,4011,2024-03-24,,Billing,Medium,0.0,
138,4011,2024-07-20,2024-07-20 08:52:55,Billing,Medium,0.0,8.881944444444445
139,4011,2024-04-08,2024-04-08 12:54:37,General,Medium,4.0,12.910277777777777
140,4011,2024-06-26,2024-06-26 09:25:48,General,Medium,0.0,9.43
141,4011,2024-07-01,2024-07-01 06:59:39,Technical,Medium,5.0,6.994166666666667
142,1765,2024-03-12,2024-03-12 12:00:03,Billing,Medium,0.0,12.000833333333333
143,1505,2024-01-31,,Technical,Medium,0.0,
144,1505,2024-06-04,2024-06-04 12:53:30,Technical,Low,5.0,12.891666666666667
145,1505,2024-04-01,2024-04-01 07:03:56,Billing,High,5.0,7.065555555555555
146,1505,2024-09-05,2024-09-05 07:40:33,General,Medium,0.0,7.675833333333333
147,1505,2024-08-07,,Technical,Medium,0.0,
148,4808,2024-01-13,2024-01-14 22:31:50,Technical,Medium,3.0,46.53055555555556
149,4808,2024-12-21,2024-12-22 08:00:55,Technical,Low,0.0,32.015277777777776
150,4808,2024-04-23,2024-04-23 10:27:46,Billing,Low,3.0,10.462777777777777
151,1771,2024-05-16,2024-05-16 15:26:24,Technical,Low,5.0,15.44
152,1771,2024-02-29,2024-02-29 20:27:49,Technical,Medium,3.0,20.46361111111111
153,3792,2024-08-23,2024-08-24 20:53:25,Technical,Low,0.0,44.890277777777776
154,3792,2024-07-25,2024-07-25 05:21:11,Billing,Low,4.0,5.353055555555556
155,3183,2024-03-19,2024-03-19 10:25:44,Billing,Low,0.0,10.428888888888888
156,3183,2024-08-13,2024-08-13 12:20:55,Technical,Low,5.0,12.348611111111111
157,3183,2024-06-16,2024-06-16 12:47:08,Technical,Low,0.0,12.785555555555556
158,3183,2024-11-06,2024-11-06 02:33:46,General,High,2.0,2.562777777777778
159,1598,2024-04-10,2024-04-11 19:58:06,Technical,Low,0.0,43.968333333333334
160,1598,2024-07-13,2024-07-13 16:57:00,Billing,Low,0.0,16.95
161,3974,2024-02-15,,Billing,Low,0.0,
162,3974,2024-01-30,2024-01-31 12:04:58,Technical,High,2.0,36.08277777777778
163,4115,2024-01-07,2024-01-07 12:12:19,Technical,Low,5.0,12.205277777777777
164,2629,2024-07-11,,Technical,Low,0.0,
165,2629,2024-01-09,2024-01-10 02:14:49,Technical,Low,0.0,26.246944444444445
166,3020,2024-05-20,2024-05-20 11:51:57,Billing,Low,0.0,11.865833333333333
167,3020,2024-08-03,2024-08-03 03:04:10,General,Medium,0.0,3.0694444444444446
168,3020,2024-05-17,2024-05-17 04:50:10,Billing,Low,5.0,4.836111111111111
169,3020,2024-12-24,2024-12-24 10:27:11,Technical,Medium,0.0,10.453055555555556
170,1788,2024-01-07,,Billing,Medium,0.0,
171,1788,2024-05-05,2024-05-05 17:18:25,Billing,Low,0.0,17.306944444444444
172,1788,2024-03-01,2024-03-01 23:46:37,Technical,Low,4.0,23.776944444444446
173,1788,2024-01-23,,Billing,High,0.0,
174,4537,2024-02-05,2024-02-05 08:32:16,General,Low,0.0,8.537777777777778
175,4537,2024-12-08,2024-12-08 11:48:23,Technical,Medium,5.0,11.80638888888889
176,3587,2024-12-01,2024-12-02 02:53:08,Technical,Low,0.0,26.885555555555555
177,2627,2024-03-31,2024-03-31 20:15:30,Billing,Medium,4.0,20.258333333333333
178,2627,2024-04-01,2024-04-02 04:14:07,Billing,Low,5.0,28.235277777777778
179,2627,2024-12-04,,General,High,0.0,
180,168,2024-09-18,2024-09-18 04:30:37,Technical,Medium,0.0,4.510277777777778
181,168,2024-10-25,2024-10-25 15:34:34,Technical,Medium,5.0,15.57611111111111
182,168,2024-07-24,2024-07-24 07:54:45,Billing,Low,4.0,7.9125
183,2127,2024-08-10,2024-08-10 12:43:58,Technical,Low,2.0,12.732777777777779
184,2127,2024-11-12,2024-11-12 04:30:27,Technical,High,0.0,4.5075
185,3250,2024-12-08,,Technical,Low,0.0,
186,4753,2024-10-16,2024-10-16 19:25:33,Technical,Low,3.0,19.425833333333333
187,4753,2024-07-06,2024-07-06 11:30:20,General,Medium,3.0,11.505555555555556
188,4753,2024-08-11,2024-08-11 04:54:06,Billing,Medium,0.0,4.901666666666666
189,4566,2024-11-04,2024-11-04 20:17:06,General,Low,4.0,20.285
190,1841,2024-05-01,2024-05-02 02:40:04,Billing,Low,0.0,26.66777777777778
191,3707,2024-12-14,2024-12-14 19:04:21,General,High,0.0,19.0725
192,1653,2024-08-31,,Technical,Medium,0.0,
193,2997,2024-05-07,2024-05-07 04:48:35,Billing,Low,5.0,4.809722222222222
194,2997,2024-01-05,2024-01-05 08:04:50,Billing,Medium,0.0,8.080555555555556
195,1657,2024-06-22,2024-06-23 18:30:39,Technical,Medium,4.0,42.51083333333333
196,1657,2024-11-10,2024-11-10 10:28:18,General,Low,5.0,10.471666666666666
197,2171,2024-12-10,2024-12-10 01:12:37,Technical,Low,0.0,1.2102777777777778
198,2171,2024-11-03,2024-11-03 03:44:02,General,Medium,3.0,3.733888888888889
199,83,2024-12-17,2024-12-18 00:32:03,Technical,Low,5.0,24.534166666666668
200,2429,2024-02-28,2024-02-28 06:05:29,General,High,0.0,6.091388888888889
201,2429,2024-07-26,,General,Low,0.0,
202,2429,2024-05-03,2024-05-03 12:30:56,General,Low,4.0,12.515555555555556
203,2429,2024-03-14,2024-03-14 10:10:04,Technical,Low,0.0,10.167777777777777
204,4419,2024-03-13,2024-03-13 20:56:48,Technical,Medium,2.0,20.946666666666665
205,4419,2024-04-10,2024-04-10 22:12:54,Technical,Medium,2.0,22.215
206,4419,2024-06-08,,General,Medium,0.0,
207,4419,2024-09-28,2024-09-28 18:52:19,Technical,Low,5.0,18.871944444444445
208,2751,2024-08-06,2024-08-06 20:56:42,Billing,Low,0.0,20.945
209,2751,2024-06-13,2024-06-13 06:14:05,Technical,Low,0.0,6.2347222222222225
210,2751,2024-08-26,,Technical,Medium,0.0,
211,2751,2024-02-15,2024-02-16 05:48:28,Technical,Low,4.0,29.807777777777776
212,2751,2024-03-26,2024-03-26 20:11:27,Billing,High,4.0,20.190833333333334
213,1128,2024-03-08,2024-03-09 00:04:14,Billing,Low,0.0,24.070555555555554
214,1128,2024-07-26,2024-07-27 06:55:13,Technical,Low,0.0,30.920277777777777
215,4651,2024-08-04,2024-08-04 09:44:51,Technical,Low,0.0,9.7475
216,4651,2024-08-18,2024-08-18 16:15:02,Technical,Low,0.0,16.250555555555554
217,4651,2024-04-26,2024-04-27 16:37:34,Technical,Medium,0.0,40.62611111111111
218,3564,2024-08-10,2024-08-10 06:45:59,Technical,Low,5.0,6.766388888888889
219,3564,2024-11-07,2024-11-07 15:05:40,Billing,Medium,0.0,15.094444444444445
220,3564,2024-01-06,,Technical,Low,0.0,
221,2208,2024-03-24,2024-03-24 03:18:58,Technical,Low,5.0,3.3161111111111112
222,2208,2024-02-10,2024-02-10 20:39:12,Technical,Medium,0.0,20.653333333333332
223,2208,2024-03-30,2024-03-30 11:28:01,Technical,Low,4.0,11.466944444444444
224,2208,2024-03-09,2024-03-09 23:02:43,Technical,Low,2.0,23.045277777777777
225,2208,2024-12-10,2024-12-10 21:46:49,Technical,Medium,3.0,21.780277777777776
226,3920,2024-11-30,2024-11-30 15:42:57,Technical,High,3.0,15.715833333333334
227,2076,2024-06-16,2024-06-16 17:41:19,General,Medium,4.0,17.68861111111111
228,2076,2024-09-13,,Technical,Low,0.0,
229,3399,2024-11-10,2024-11-10 20:22:03,Billing,Medium,0.0,20.3675
230,3399,2024-12-08,2024-12-08 06:36:52,Billing,High,3.0,6.614444444444445
231,3399,2024-05-30,2024-05-30 22:30:14,Technical,Low,0.0,22.503888888888888
232,4868,2024-05-16,2024-05-16 10:53:01,Billing,Medium,1.0,10.883611111111112
233,2960,2024-07-19,2024-07-19 14:32:22,Technical,Low,4.0,14.539444444444445
234,2960,2024-10-23,2024-10-24 11:38:47,Billing,Medium,3.0,35.646388888888886
235,2960,2024-09-30,2024-09-30 16:46:30,Billing,Low,4.0,16.775
236,1736,2024-11-19,,Technical,Medium,0.0,
237,1736,2024-09-27,2024-09-27 13:37:25,Technical,Low,0.0,13.623611111111112
238,2760,2024-10-13,2024-10-13 13:36:20,General,Low,0.0,13.605555555555556
239,4186,2024-08-21,2024-08-21 07:00:33,Technical,Low,2.0,7.009166666666666
240,4062,2024-10-29,2024-10-29 15:26:03,Technical,High,2.0,15.434166666666666
241,3583,2024-12-29,,General,High,0.0,
242,3583,2024-06-09,,Billing,Medium,0.0,
243,3048,2024-03-15,2024-03-15 12:54:09,General,High,0.0,12.9025
244,3048,2024-06-14,,Billing,Low,0.0,
245,1526,2024-12-22,2024-12-22 15:42:51,Technical,Low,5.0,15.714166666666667
246,1526,2024-05-30,2024-05-30 21:58:11,General,Low,5.0,21.969722222222224
247,1526,2024-09-07,2024-09-07 02:37:17,Technical,Low,0.0,2.6213888888888888
248,1526,2024-06-09,,Technical,Medium,0.0,
249,1526,2024-12-05,2024-12-05 04:04:48,Technical,Low,5.0,4.08
250,2796,2024-07-10,2024-07-10 09:59:14,Technical,Low,3.0,9.987222222222222
251,2796,2024-06-30,2024-06-30 17:06:56,Billing,Medium,5.0,17.115555555555556
252,2796,2024-08-28,2024-08-29 16:45:06,Billing,Medium,4.0,40.751666666666665
253,2796,2024-11-11,,Technical,Low,0.0,
254,2796,2024-08-30,2024-08-30 14:20:54,General,Low,0.0,14.348333333333333
255,663,2024-06-06,2024-06-06 08:18:08,Technical,Low,0.0,8.302222222222222
256,663,2024-06-05,,Billing,Medium,0.0,
257,663,2024-11-10,2024-11-10 03:48:45,Technical,Low,5.0,3.8125
258,663,2024-07-27,2024-07-29 20:02:01,Technical,Medium,4.0,68.03361111111111
259,663,2024-09-18,2024-09-19 00:00:49,Technical,Low,0.0,24.01361111111111
260,4636,2024-09-29,2024-09-29 14:05:31,Technical,Medium,0.0,14.091944444444444
261,2948,2024-02-03,2024-02-03 12:37:09,Technical,High,2.0,12.619166666666667
262,2948,2024-08-19,2024-08-19 16:59:44,Billing,Low,4.0,16.995555555555555
263,1710,2024-04-12,2024-04-12 04:41:55,Technical,Low,5.0,4.698611111111111
264,777,2024-02-04,,General,High,0.0,
265,777,2024-12-11,2024-12-11 21:20:22,Technical,Low,0.0,21.339444444444446
266,777,2024-07-14,2024-07-14 18:37:14,General,Medium,3.0,18.620555555555555
267,777,2024-11-19,2024-11-19 04:20:42,Billing,Low,4.0,4.345
268,777,2024-08-24,2024-08-24 02:47:02,Technical,Medium,4.0,2.783888888888889
269,460,2024-02-01,2024-02-01 11:50:14,Technical,Low,5.0,11.837222222222222
270,460,2024-01-30,2024-01-31 02:53:02,Technical,Medium,0.0,26.88388888888889
271,460,2024-04-30,2024-04-30 17:03:57,Technical,Medium,0.0,17.065833333333334
272,2072,2024-05-25,2024-05-25 02:43:08,Technical,High,0.0,2.718888888888889
273,2072,2024-05-29,2024-05-29 02:01:56,Technical,Low,5.0,2.0322222222222224
274,2072,2024-06-13,2024-06-13 17:30:18,Technical,Low,3.0,17.505
275,3947,2024-07-22,2024-07-22 09:01:16,Billing,Medium,2.0,9.02111111111111
276,3947,2024-08-29,,Technical,Low,0.0,
277,3947,2024-04-15,2024-04-15 10:29:12,Technical,Medium,4.0,10.486666666666666
278,2092,2024-01-26,2024-01-26 14:44:14,Technical,Low,0.0,14.737222222222222
279,2092,2024-05-17,2024-05-17 09:17:28,General,High,4.0,9.29111111111111
280,2092,2024-12-13,2024-12-13 21:38:45,Billing,Low,0.0,21.645833333333332
281,2092,2024-01-08,2024-01-09 00:43:02,General,Low,5.0,24.717222222222222
282,2092,2024-06-27,2024-06-27 06:24:01,Technical,Medium,0.0,6.400277777777778
283,1116,2024-11-16,2024-11-16 16:53:35,Technical,Medium,5.0,16.893055555555556
284,1116,2024-11-19,2024-11-19 10:28:53,General,Low,5.0,10.481388888888889
285,4754,2024-05-06,2024-05-06 15:55:34,Technical,High,4.0,15.926111111111112
286,4754,2024-10-24,2024-10-24 21:36:29,Technical,Low,0.0,21.608055555555556
287,4754,2024-02-03,2024-02-03 10:20:06,General,High,3.0,10.335
288,4754,2024-05-30,2024-05-30 15:21:18,Technical,High,5.0,15.355
289,4491,2024-11-14,2024-11-14 09:34:29,General,High,0.0,9.574722222222222
290,4491,2024-10-27,2024-10-27 18:49:01,Billing,Medium,3.0,18.816944444444445
291,4491,2024-06-08,2024-06-08 10:31:12,Technical,Medium,0.0,10.52
292,4491,2024-03-08,2024-03-08 08:11:46,Billing,Medium,3.0,8.196111111111112
293,1299,2024-02-26,,General,High,0.0,
294,1299,2024-11-02,2024-11-03 02:35:23,General,Low,4.0,26.58972222222222
295,1299,2024-07-29,2024-07-30 00:23:40,Technical,Medium,4.0,24.394444444444446
296,1299,2024-10-09,2024-10-09 08:43:58,Billing,Medium,5.0,8.732777777777779
297,550,2024-01-19,2024-01-21 01:57:13,Billing,High,0.0,49.95361111111111
298,550,2024-03-02,2024-03-02 15:57:47,Technical,Low,0.0,15.963055555555556
299,550,2024-11-26,2024-11-26 11:45:29,General,Medium,4.0,11.758055555555556
300,550,2024-04-09,2024-04-10 01:49:47,Technical,Low,3.0,25.829722222222223
301,4942,2024-11-21,,Technical,Medium,0.0,
302,4942,2024-05-09,2024-05-09 04:23:18,Technical,High,3.0,4.388333333333334
303,3561,2024-01-17,2024-01-17 14:44:49,General,Medium,0.0,14.746944444444445
304,3561,2024-01-11,2024-01-11 15:46:21,Billing,Medium,4.0,15.7725
305,3561,2024-05-25,2024-05-25 16:24:09,Billing,Low,5.0,16.4025
306,3561,2024-11-28,2024-11-29 23:54:58,Technical,Medium,0.0,47.916111111111114
307,3561,2024-02-12,,General,Medium,0.0,
308,854,2024-09-14,2024-09-14 23:53:08,Billing,Low,5.0,23.885555555555555
309,854,2024-11-26,2024-11-26 09:07:46,Technical,Low,0.0,9.129444444444445
310,854,2024-06-10,2024-06-10 13:16:03,Technical,Medium,4.0,13.2675
311,854,2024-10-20,,General,Low,0.0,
312,854,2024-12-29,2024-12-29 01:32:10,Technical,Low,4.0,1.5361111111111112
313,2868,2024-07-07,2024-07-07 08:57:04,General,Medium,2.0,8.95111111111111
314,2868,2024-10-30,2024-10-31 04:19:05,Technical,Medium,4.0,28.318055555555556
315,2868,2024-02-12,2024-02-12 18:29:18,Billing,Medium,3.0,18.488333333333333
316,1331,2024-08-26,,General,Low,0.0,
317,1331,2024-10-11,,Billing,Medium,0.0,
318,858,2024-03-22,,Technical,Low,0.0,
319,858,2024-08-24,,Billing,Medium,0.0,
320,858,2024-04-09,,General,Low,0.0,
321,4013,2024-02-03,2024-02-03 20:00:47,Technical,Low,0.0,20.013055555555557
322,4013,2024-05-06,2024-05-06 03:33:48,Technical,Low,3.0,3.5633333333333335
323,4013,2024-06-10,2024-06-10 11:56:01,Technical,Low,0.0,11.93361111111111
324,4013,2024-06-10,2024-06-11 17:29:32,General,Low,0.0,41.492222222222225
325,837,2024-01-20,2024-01-20 05:36:45,General,Low,4.0,5.6125
326,837,2024-10-06,2024-10-07 21:35:08,Technical,Low,5.0,45.58555555555556
327,837,2024-07-06,2024-07-06 18:25:26,General,Medium,2.0,18.42388888888889
328,837,2024-07-25,2024-07-26 12:21:02,Billing,Low,0.0,36.35055555555556
329,837,2024-04-26,2024-04-26 04:01:28,Billing,Low,5.0,4.024444444444445
330,4102,2024-09-27,2024-09-27 15:43:48,General,Low,5.0,15.73
331,4102,2024-12-12,2024-12-12 23:12:49,Billing,Medium,0.0,23.21361111111111
332,4044,2024-12-30,,Technical,Low,0.0,
333,4912,2024-12-14,,General,Medium,0.0,
334,4912,2024-12-25,2024-12-26 02:48:29,Technical,Medium,4.0,26.808055555555555
335,4912,2024-06-06,2024-06-07 01:54:53,Technical,High,3.0,25.914722222222224
336,4912,2024-03-19,2024-03-19 09:48:27,Technical,Medium,0.0,9.8075
337,4912,2024-06-20,2024-06-20 19:33:30,Billing,Low,4.0,19.558333333333334
338,3776,2024-05-10,2024-05-11 08:09:13,Billing,Low,5.0,32.15361111111111
339,3776,2024-03-28,2024-03-28 02:20:55,General,Low,4.0,2.348611111111111
340,3776,2024-12-14,2024-12-14 05:14:02,Technical,High,0.0,5.233888888888889
341,3776,2024-03-13,2024-03-13 18:43:02,Technical,Low,0.0,18.717222222222222
342,3776,2024-10-31,,Technical,Low,0.0,
343,1317,2024-10-31,2024-10-31 20:44:45,Technical,High,0.0,20.745833333333334
344,1317,2024-09-27,2024-09-27 21:59:56,Technical,Medium,3.0,21.99888888888889
345,1317,2024-11-08,2024-11-08 11:04:52,General,Low,5.0,11.081111111111111
346,3675,2024-09-17,2024-09-17 09:37:06,General,Medium,0.0,9.618333333333334
347,3675,2024-08-02,2024-08-04 05:39:09,Billing,Low,2.0,53.6525
348,4317,2024-02-18,2024-02-18 12:00:06,Billing,Low,4.0,12.001666666666667
349,4317,2024-05-18,2024-05-19 07:41:07,Technical,Medium,1.0,31.685277777777777
350,4317,2024-09-11,2024-09-11 04:30:39,Technical,Medium,4.0,4.510833333333333
351,4317,2024-10-26,,Billing,Low,0.0,
352,4317,2024-06-26,2024-06-26 08:33:12,General,Medium,0.0,8.553333333333333
353,4539,2024-08-18,2024-08-18 13:06:09,Billing,Low,4.0,13.1025
354,4539,2024-05-12,2024-05-12 04:03:49,Technical,High,3.0,4.063611111111111
355,4539,2024-08-06,2024-08-06 11:51:44,Billing,Medium,5.0,11.862222222222222
356,4539,2024-02-16,,Technical,Medium,0.0,
357,1073,2024-01-13,2024-01-13 18:11:46,Technical,Medium,0.0,18.19611111111111
358,4957,2024-03-05,2024-03-05 03:06:09,General,Low,0.0,3.1025
359,4957,2024-10-31,2024-10-31 19:54:04,Technical,Medium,0.0,19.90111111111111
360,4957,2024-11-18,,Billing,Low,0.0,
361,4957,2024-08-26,2024-08-26 08:22:30,Technical,Medium,0.0,8.375
362,561,2024-12-12,2024-12-12 00:33:23,Technical,Low,0.0,0.5563888888888889
363,561,2024-08-10,2024-08-11 04:39:01,Technical,Medium,5.0,28.650277777777777
364,561,2024-11-03,,Billing,Low,0.0,
365,561,2024-02-19,2024-02-19 19:01:29,Technical,Low,0.0,19.024722222222223
366,493,2024-01-02,2024-01-03 18:01:27,Technical,Medium,5.0,42.024166666666666
367,493,2024-06-21,,Billing,High,0.0,
368,493,2024-12-06,2024-12-07 10:26:45,General,High,0.0,34.44583333333333
369,238,2024-07-11,,Technical,Low,0.0,
370,238,2024-06-13,2024-06-14 01:40:46,Billing,Low,5.0,25.679444444444446
371,238,2024-08-31,2024-08-31 02:27:36,Technical,Medium,4.0,2.46
372,882,2024-10-07,2024-10-07 13:10:56,Billing,Medium,4.0,13.182222222222222
373,882,2024-05-24,2024-05-24 18:25:28,Technical,Low,5.0,18.424444444444443
374,882,2024-10-04,2024-10-06 03:51:04,Technical,Low,0.0,51.85111111111111
375,882,2024-07-15,2024-07-15 05:58:03,General,High,0.0,5.9675
376,755,2024-07-24,2024-07-24 10:05:28,Technical,Low,0.0,10.091111111111111
377,755,2024-01-05,2024-01-05 08:47:18,Technical,Low,0.0,8.788333333333334
378,3040,2024-08-19,2024-08-19 01:18:34,General,Medium,4.0,1.3094444444444444
379,3040,2024-03-13,,Technical,Low,0.0,
380,2985,2024-06-13,2024-06-13 04:14:26,Billing,Medium,0.0,4.240555555555556
381,3750,2024-07-24,2024-07-24 16:43:07,General,Low,0.0,16.718611111111112
382,224,2024-03-17,2024-03-17 08:01:00,Technical,High,1.0,8.016666666666667
383,4513,2024-02-26,2024-02-27 11:32:42,Billing,Low,1.0,35.545
384,1468,2024-02-28,2024-02-28 05:28:15,Technical,Low,0.0,5.470833333333333
385,2376,2024-07-13,2024-07-13 07:10:19,Technical,Medium,0.0,7.171944444444445
386,2376,2024-09-22,2024-09-22 08:08:12,Technical,Low,5.0,8.136666666666667
387,2376,2024-09-23,2024-09-23 05:57:48,Technical,High,0.0,5.963333333333333
388,2376,2024-08-18,2024-08-19 00:22:52,Billing,Medium,0.0,24.38111111111111
389,2376,2024-06-07,2024-06-07 06:09:34,Technical,High,2.0,6.1594444444444445
390,21,2024-11-08,,Technical,Low,0.0,
391,3632,2024-09-23,,Technical,Low,0.0,
392,3632,2024-04-22,,Technical,Low,0.0,
393,3632,2024-06-18,2024-06-20 06:40:24,Technical,Low,5.0,54.67333333333333
394,2542,2024-10-27,2024-10-27 16:56:43,Billing,Low,0.0,16.94527777777778
395,2542,2024-02-24,2024-02-24 02:23:20,Technical,Medium,0.0,2.388888888888889
396,2542,2024-03-16,2024-03-16 23:21:06,Billing,Medium,0.0,23.351666666666667
397,2542,2024-10-19,2024-10-19 07:29:32,Technical,Low,0.0,7.492222222222222
398,2213,2024-01-03,2024-01-04 00:34:34,Technical,High,0.0,24.57611111111111
399,2213,2024-02-22,2024-02-22 07:12:25,Billing,Low,0.0,7.206944444444445
400,2213,2024-05-30,,General,Low,0.0,
401,2213,2024-04-25,,Billing,Low,0.0,
402,2213,2024-04-30,2024-04-30 05:58:24,Billing,Medium,4.0,5.973333333333334
403,474,2024-10-12,2024-10-12 07:36:21,General,Low,0.0,7.605833333333333
404,474,2024-07-22,,Technical,Medium,0.0,
405,474,2024-07-23,2024-07-23 11:25:56,Technical,High,0.0,11.432222222222222
406,3349,2024-08-08,2024-08-08 19:07:15,Technical,Low,4.0,19.120833333333334
407,252,2024-01-29,2024-01-29 04:54:31,Billing,Low,0.0,4.908611111111111
408,252,2024-02-17,2024-02-17 17:50:50,Technical,Medium,4.0,17.84722222222222
409,252,2024-06-30,2024-07-01 14:39:36,General,Low,3.0,38.66
410,252,2024-05-15,2024-05-15 11:22:52,Billing,Medium,0.0,11.38111111111111
411,1258,2024-05-31,2024-05-31 23:02:43,Technical,High,0.0,23.045277777777777
412,1258,2024-03-03,2024-03-03 04:50:00,Technical,Medium,4.0,4.833333333333333
413,1777,2024-01-13,2024-01-13 11:17:46,Billing,Medium,5.0,11.296111111111111
414,1777,2024-05-12,2024-05-12 09:19:17,Technical,High,0.0,9.321388888888889
415,1777,2024-02-15,,Billing,High,0.0,
416,1777,2024-04-19,2024-04-19 06:19:44,Technical,Low,5.0,6.328888888888889
417,1777,2024-08-17,2024-08-17 06:10:23,General,High,3.0,6.173055555555556
418,924,2024-11-27,2024-11-29 05:14:25,Billing,Medium,4.0,53.24027777777778
419,924,2024-12-14,,Technical,Low,0.0,
420,924,2024-01-25,2024-01-25 06:17:53,Technical,Low,4.0,6.298055555555556
421,319,2024-06-07,,Technical,High,0.0,
422,319,2024-06-06,2024-06-07 11:18:11,Technical,Medium,5.0,35.30305555555555
423,520,2024-09-26,2024-09-26 04:39:10,General,High,0.0,4.652777777777778
424,520,2024-04-24,2024-04-24 16:56:47,General,Low,5.0,16.94638888888889
425,520,2024-10-24,2024-10-24 08:46:37,Billing,Low,0.0,8.776944444444444
426,520,2024-08-05,,Technical,Low,0.0,
427,1507,2024-07-04,2024-07-04 07:43:21,General,Low,5.0,7.7225
428,1507,2024-08-01,2024-08-02 06:39:49,Technical,Medium,3.0,30.663611111111113
429,3873,2024-02-20,2024-02-20 09:48:26,Billing,Low,0.0,9.807222222222222
430,3873,2024-07-02,2024-07-03 01:37:30,Billing,Low,0.0,25.625
431,3873,2024-12-17,2024-12-17 03:25:59,General,Low,3.0,3.4330555555555557
432,3873,2024-08-19,,Technical,Low,0.0,
433,3873,2024-08-17,2024-08-17 16:58:55,Technical,Low,4.0,16.981944444444444
434,2217,2024-06-12,,General,Low,0.0,
435,2217,2024-11-18,2024-11-19 04:41:12,Technical,Low,0.0,28.686666666666667
436,2217,2024-10-07,,Technical,Medium,0.0,
437,2217,2024-10-13,2024-10-13 15:29:25,Technical,Low,4.0,15.490277777777777
438,2217,2024-03-23,2024-03-24 15:23:42,Technical,Medium,4.0,39.395
439,951,2024-06-23,2024-06-23 15:29:00,Billing,Medium,0.0,15.483333333333333
440,951,2024-04-14,,Technical,Low,0.0,
441,951,2024-06-12,2024-06-12 10:53:18,General,Medium,4.0,10.888333333333334
442,4767,2024-02-02,,Technical,Medium,0.0,
443,1990,2024-12-15,,Billing,High,0.0,
444,1990,2024-05-12,,Billing,Medium,0.0,
445,1990,2024-01-26,2024-01-26 11:27:51,General,High,0.0,11.464166666666667
446,1990,2024-09-05,2024-09-05 10:34:27,Billing,Low,0.0,10.574166666666667
447,4965,2024-03-10,2024-03-10 11:25:46,Technical,Low,0.0,11.429444444444444
448,4965,2024-01-10,2024-01-10 06:11:04,Technical,Medium,0.0,6.184444444444445
449,4965,2024-06-21,2024-06-22 01:25:43,General,Low,0.0,25.42861111111111
450,4965,2024-03-25,2024-03-25 01:10:41,General,Low,0.0,1.1780555555555556
451,4965,2024-10-07,2024-10-07 01:40:49,Technical,Medium,0.0,1.6802777777777778
452,1751,2024-09-24,2024-09-24 12:52:45,Billing,Low,5.0,12.879166666666666
453,340,2024-04-22,2024-04-22 13:57:04,Billing,Low,4.0,13.95111111111111
454,340,2024-09-03,,General,Medium,0.0,
455,340,2024-11-05,2024-11-06 06:55:29,Billing,Low,0.0,30.924722222222222
456,340,2024-11-19,2024-11-19 07:50:46,Technical,Low,4.0,7.846111111111111
457,340,2024-10-09,,Billing,Medium,0.0,
458,2835,2024-10-21,2024-10-21 09:55:10,Technical,Medium,0.0,9.919444444444444
459,4632,2024-07-28,2024-07-28 06:46:58,Technical,High,1.0,6.782777777777778
460,4632,2024-09-27,2024-09-27 16:39:40,Technical,Low,2.0,16.66111111111111
461,4632,2024-04-05,2024-04-05 12:45:24,Technical,High,3.0,12.756666666666666
462,4632,2024-12-29,2024-12-29 06:12:49,Billing,Medium,4.0,6.213611111111111
463,2929,2024-09-19,2024-09-21 00:19:03,Billing,Medium,5.0,48.3175
464,3093,2024-11-25,2024-11-25 09:47:08,Technical,Low,0.0,9.785555555555556
465,3093,2024-07-16,2024-07-16 03:40:37,Technical,Low,0.0,3.6769444444444446
466,3093,2024-08-08,2024-08-08 11:17:23,Technical,Low,2.0,11.289722222222222
467,3093,2024-08-16,,General,Medium,0.0,
468,3705,2024-07-05,2024-07-05 16:47:25,Technical,Low,3.0,16.790277777777778
469,2829,2024-01-24,2024-01-25 13:13:49,Technical,Low,5.0,37.23027777777778
470,2829,2024-01-19,2024-01-19 10:07:39,Billing,Low,5.0,10.1275
471,2829,2024-03-25,2024-03-26 04:29:24,Billing,Medium,0.0,28.49
472,2829,2024-09-02,2024-09-02 04:55:21,General,Medium,0.0,4.9225
473,2829,2024-08-16,2024-08-16 09:42:41,Technical,High,2.0,9.711388888888889
474,2711,2024-12-28,2024-12-28 12:29:20,General,Medium,0.0,12.488888888888889
475,2711,2024-03-17,2024-03-17 10:05:06,Billing,Low,3.0,10.085
476,1049,2024-04-09,2024-04-09 05:32:51,Technical,Low,0.0,5.5475
477,1049,2024-03-14,2024-03-14 03:34:25,Billing,Medium,0.0,3.573611111111111
478,1049,2024-02-16,,Technical,Medium,0.0,
479,295,2024-02-28,2024-02-28 18:21:52,Billing,Low,3.0,18.364444444444445
480,295,2024-02-07,2024-02-07 15:31:35,General,Low,0.0,15.526388888888889
481,295,2024-05-17,2024-05-17 09:31:39,Billing,Medium,5.0,9.5275
482,295,2024-01-26,2024-01-26 09:26:41,General,Medium,0.0,9.444722222222222
483,295,2024-02-02,2024-02-04 03:23:47,Technical,Low,0.0,51.396388888888886
484,900,2024-12-24,,Billing,Medium,0.0,
485,900,2024-05-27,2024-05-27 05:20:36,Technical,High,0.0,5.343333333333334
486,900,2024-09-19,,Technical,High,0.0,
487,900,2024-02-12,2024-02-12 08:34:57,Billing,Low,0.0,8.5825
488,900,2024-09-19,2024-09-19 05:05:33,General,Medium,4.0,5.0925
489,2716,2024-03-07,2024-03-07 11:47:03,Billing,Low,0.0,11.784166666666666
490,2716,2024-11-05,2024-11-05 10:57:22,Billing,Low,5.0,10.956111111111111
491,2716,2024-11-23,2024-11-23 14:22:22,Technical,Medium,0.0,14.372777777777777
492,2716,2024-11-17,,Technical,Medium,0.0,
493,2716,2024-01-22,2024-01-22 05:47:47,General,Low,0.0,5.796388888888889
494,1885,2024-07-29,2024-07-29 23:04:26,Billing,Low,5.0,23.073888888888888
495,1885,2024-02-13,2024-02-13 20:11:36,Technical,Medium,0.0,20.19333333333333
496,1885,2024-09-15,,Billing,Low,0.0,
497,1885,2024-03-30,2024-03-31 05:00:39,Billing,Medium,0.0,29.010833333333334
498,1885,2024-02-15,2024-02-15 07:08:12,General,Low,4.0,7.136666666666667
499,2137,2024-12-08,,Technical,Medium,0.0,
500,2137,2024-04-02,,Billing,Low,0.0,
501,2137,2024-04-08,,Technical,Low,0.0,
502,2658,2024-03-27,,Technical,Low,0.0,
503,2658,2024-11-10,,Billing,Low,0.0,
504,2658,2024-06-27,,Technical,Low,0.0,
505,2658,2024-06-23,2024-06-23 08:24:01,Technical,High,5.0,8.400277777777777
506,3466,2024-07-13,,Technical,Low,0.0,
507,3466,2024-07-16,2024-07-17 17:33:23,Technical,Low,0.0,41.55638888888889
508,3466,2024-07-30,2024-07-30 05:38:42,General,High,0.0,5.645
509,3466,2024-03-13,,Billing,Low,0.0,
510,894,2024-06-07,2024-06-08 23:13:58,Technical,Low,2.0,47.23277777777778
511,894,2024-08-29,2024-08-31 15:13:06,General,Medium,5.0,63.218333333333334
512,894,2024-08-30,2024-08-31 02:41:26,Billing,Low,0.0,26.690555555555555
513,894,2024-06-10,2024-06-10 05:34:55,Billing,High,0.0,5.581944444444445
514,592,2024-07-02,2024-07-02 04:08:52,Technical,High,0.0,4.147777777777778
515,3155,2024-03-28,2024-03-28 19:10:38,Technical,Low,2.0,19.177222222222223
516,2831,2024-08-01,2024-08-01 11:07:03,Technical,Medium,4.0,11.1175
517,3893,2024-04-22,2024-04-22 11:39:52,Technical,Low,4.0,11.664444444444445
518,3893,2024-08-15,2024-08-15 23:45:29,Billing,Medium,4.0,23.758055555555554
519,3893,2024-10-13,,Billing,Low,0.0,
520,3893,2024-07-26,,Billing,Low,0.0,
521,470,2024-12-16,2024-12-16 03:13:11,Technical,High,1.0,3.2197222222222224
522,470,2024-01-09,,Technical,Low,0.0,
523,470,2024-04-24,2024-04-24 12:15:56,General,High,2.0,12.265555555555556
524,470,2024-07-29,,Billing,Medium,0.0,
525,1285,2024-05-07,2024-05-07 12:10:18,Billing,Low,0.0,12.171666666666667
526,1285,2024-10-29,,Technical,Low,0.0,
527,2509,2024-01-31,2024-01-31 07:37:06,Technical,Medium,2.0,7.618333333333333
528,2509,2024-03-13,2024-03-13 21:04:58,Billing,Low,0.0,21.08277777777778
529,2509,2024-02-20,2024-02-20 02:41:22,Technical,Low,0.0,2.6894444444444443
530,4338,2024-05-11,2024-05-12 04:35:39,Technical,Medium,0.0,28.594166666666666
531,43,2024-05-23,2024-05-23 18:03:09,Technical,Medium,4.0,18.0525
532,43,2024-12-12,,Technical,Medium,0.0,
533,43,2024-04-03,2024-04-04 03:38:19,Technical,Low,4.0,27.63861111111111
534,4221,2024-07-26,2024-07-26 07:07:51,Technical,Low,4.0,7.130833333333333
535,4221,2024-08-17,2024-08-17 20:54:04,General,High,5.0,20.90111111111111
536,4221,2024-06-26,2024-06-26 11:08:17,Technical,Low,5.0,11.138055555555555
537,4221,2024-04-27,2024-04-27 07:08:13,Technical,Low,5.0,7.1369444444444445
538,4468,2024-01-10,,Technical,Medium,0.0,
539,4468,2024-06-25,,General,Medium,0.0,
540,4468,2024-08-07,2024-08-07 06:39:06,Technical,Medium,0.0,6.651666666666666
541,4468,2024-09-03,2024-09-04 11:08:47,General,Low,5.0,35.146388888888886
542,3079,2024-01-07,2024-01-07 08:44:14,Billing,Low,5.0,8.737222222222222
543,1827,2024-10-30,2024-10-30 06:40:01,Technical,High,0.0,6.666944444444445
544,4053,2024-11-23,,Billing,Low,0.0,
545,4053,2024-03-06,2024-03-06 22:15:53,General,Low,0.0,22.264722222222222
546,4053,2024-03-17,,Billing,High,0.0,
547,1263,2024-09-22,2024-09-23 07:16:33,Technical,Low,3.0,31.275833333333335
548,1263,2024-03-03,2024-03-03 03:11:17,Billing,Low,4.0,3.1880555555555556
549,1263,2024-10-21,2024-10-21 20:39:05,General,Medium,0.0,20.65138888888889
550,1458,2024-08-06,2024-08-06 03:24:50,General,Low,0.0,3.4138888888888888
551,1458,2024-06-10,2024-06-10 06:47:25,Billing,Low,0.0,6.790277777777778
552,1458,2024-09-21,2024-09-21 20:00:19,Technical,Low,5.0,20.005277777777778
553,1773,2024-10-08,2024-10-08 20:28:05,General,Medium,5.0,20.468055555555555
554,1773,2024-07-02,2024-07-03 02:29:15,Technical,Medium,0.0,26.4875
555,1773,2024-03-18,2024-03-18 15:01:39,Billing,High,2.0,15.0275
556,1773,2024-04-02,2024-04-03 07:06:33,Billing,Low,0.0,31.109166666666667
557,1773,2024-08-15,2024-08-16 13:08:04,General,Medium,0.0,37.13444444444445
558,2582,2024-08-20,2024-08-20 21:21:43,Technical,Medium,4.0,21.361944444444443
559,2582,2024-02-18,2024-02-18 18:53:59,Technical,High,4.0,18.899722222222223
560,3437,2024-03-08,2024-03-08 08:56:54,Billing,Low,0.0,8.948333333333334
561,3437,2024-09-27,2024-09-27 16:22:49,Billing,Low,0.0,16.380277777777778
562,999,2024-07-27,2024-07-27 12:39:58,Billing,High,0.0,12.66611111111111
563,999,2024-04-12,2024-04-12 09:17:05,Billing,Low,4.0,9.284722222222221
564,3735,2024-12-06,2024-12-07 00:19:18,General,Low,0.0,24.321666666666665
565,2293,2024-01-28,,General,Low,0.0,
566,2293,2024-06-26,2024-06-27 01:55:59,General,Medium,0.0,25.933055555555555
567,2822,2024-11-29,2024-11-29 14:04:44,Technical,Medium,5.0,14.078888888888889
568,2822,2024-03-05,2024-03-05 12:30:28,Technical,Medium,3.0,12.507777777777777
569,2822,2024-06-26,2024-06-26 07:29:38,Billing,Low,4.0,7.493888888888889
570,2822,2024-12-16,2024-12-16 15:00:56,Billing,Low,0.0,15.015555555555556
571,2822,2024-01-06,,Technical,Low,0.0,
572,771,2024-11-13,2024-11-14 14:56:37,Billing,Medium,1.0,38.94361111111111
573,771,2024-07-09,,Billing,Medium,0.0,
574,801,2024-06-21,,Technical,Medium,0.0,
575,801,2024-01-06,2024-01-06 03:02:33,Technical,Medium,0.0,3.0425
576,801,2024-10-23,2024-10-23 05:14:02,Technical,Low,0.0,5.233888888888889
577,801,2024-01-24,,Technical,Low,0.0,
578,1107,2024-01-15,2024-01-15 11:15:58,Billing,Medium,5.0,11.266111111111112
579,4357,2024-04-13,2024-04-13 13:54:56,General,Low,3.0,13.915555555555555
580,4357,2024-08-07,2024-08-07 10:20:56,Billing,High,0.0,10.348888888888888
581,251,2024-03-18,2024-03-18 05:52:18,Billing,Low,4.0,5.871666666666667
582,251,2024-09-26,2024-09-26 11:59:09,Billing,Medium,4.0,11.985833333333334
583,251,2024-04-29,2024-04-29 18:37:46,General,Medium,4.0,18.629444444444445
584,251,2024-12-21,2024-12-22 00:39:38,Technical,Medium,0.0,24.660555555555554
585,2327,2024-12-20,,Technical,High,0.0,
586,2327,2024-07-28,2024-07-28 14:38:02,Billing,Medium,2.0,14.633888888888889
587,2327,2024-10-21,2024-10-21 16:58:18,Billing,Medium,4.0,16.971666666666668
588,2327,2024-09-23,2024-09-23 07:20:30,Technical,High,0.0,7.341666666666667
589,991,2024-01-18,,Technical,Low,0.0,
590,991,2024-11-19,2024-11-19 09:35:44,Technical,Low,3.0,9.595555555555556
591,991,2024-11-23,2024-11-24 11:36:22,Technical,High,2.0,35.60611111111111
592,991,2024-09-17,2024-09-17 10:43:09,Billing,Low,0.0,10.719166666666666
593,991,2024-03-15,2024-03-15 13:27:49,Technical,Low,5.0,13.463611111111112
594,2183,2024-05-28,2024-05-28 17:46:51,Billing,High,4.0,17.780833333333334
595,2183,2024-06-03,2024-06-04 11:31:25,General,Low,4.0,35.52361111111111
596,4235,2024-03-15,2024-03-15 10:11:29,Technical,Low,5.0,10.19138888888889
597,4235,2024-04-29,2024-04-29 23:19:40,General,Low,4.0,23.32777777777778
598,733,2024-11-16,2024-11-16 19:44:14,Billing,Medium,3.0,19.737222222222222
599,733,2024-11-20,2024-11-21 04:34:19,Technical,Medium,0.0,28.571944444444444
600,1906,2024-03-09,2024-03-09 15:37:44,Technical,High,3.0,15.62888888888889
601,1906,2024-08-26,2024-08-26 17:04:05,Technical,Low,5.0,17.068055555555556
602,1906,2024-07-06,2024-07-08 09:46:34,Technical,Low,4.0,57.77611111111111
603,1906,2024-04-13,2024-04-13 01:55:33,Technical,Medium,5.0,1.9258333333333333
604,1906,2024-01-20,2024-01-21 03:37:34,General,Low,5.0,27.62611111111111
605,3534,2024-09-19,2024-09-19 14:51:27,Billing,Medium,5.0,14.8575
606,3534,2024-09-01,2024-09-01 12:16:33,Billing,High,0.0,12.275833333333333
607,3534,2024-01-05,2024-01-05 04:05:55,Billing,Low,4.0,4.098611111111111
608,437,2024-01-03,,Technical,Medium,0.0,
609,1182,2024-10-01,2024-10-01 16:40:42,Billing,Medium,0.0,16.678333333333335
610,1182,2024-05-21,2024-05-21 09:16:27,Technical,Medium,0.0,9.274166666666666
611,1182,2024-11-05,2024-11-05 08:55:26,Technical,High,0.0,8.92388888888889
612,2042,2024-04-12,2024-04-12 03:03:58,Billing,Low,1.0,3.0661111111111112
613,2042,2024-04-23,2024-04-23 10:56:54,General,Medium,4.0,10.948333333333334
614,2042,2024-08-23,,Billing,Low,0.0,
615,2042,2024-08-22,2024-08-23 12:24:37,General,Low,3.0,36.41027777777778
616,3313,2024-09-29,2024-09-29 20:40:11,Technical,Low,0.0,20.669722222222223
617,3179,2024-01-03,2024-01-03 12:23:45,Technical,Low,0.0,12.395833333333334
618,3179,2024-10-20,2024-10-21 01:41:40,Technical,Low,3.0,25.694444444444443
619,3179,2024-10-04,2024-10-04 10:30:50,Technical,Medium,4.0,10.51388888888889
620,3179,2024-08-08,2024-08-08 07:13:19,Technical,Medium,0.0,7.2219444444444445
621,2616,2024-09-01,2024-09-01 17:17:02,Technical,Medium,5.0,17.28388888888889
622,4355,2024-03-29,,Technical,Medium,0.0,
623,2970,2024-02-08,2024-02-08 15:16:29,Technical,Low,0.0,15.274722222222222
624,2970,2024-10-28,2024-10-28 20:36:41,Technical,Low,2.0,20.61138888888889
625,2809,2024-03-30,2024-03-31 01:09:12,Technical,Low,4.0,25.153333333333332
626,2809,2024-01-21,,General,Low,0.0,
627,2809,2024-06-03,2024-06-03 13:36:29,Technical,Medium,5.0,13.608055555555556
628,2809,2024-04-30,2024-04-30 06:50:09,Technical,Low,0.0,6.835833333333333
629,3889,2024-12-25,2024-12-25 02:51:39,General,Medium,0.0,2.8608333333333333
630,3889,2024-08-26,2024-08-26 12:12:47,General,Medium,4.0,12.213055555555556
631,3889,2024-10-04,2024-10-04 11:22:53,Technical,Medium,4.0,11.381388888888889
632,3889,2024-06-24,2024-06-25 17:37:24,General,Low,5.0,41.623333333333335
633,3889,2024-01-21,2024-01-22 06:05:40,Billing,High,4.0,30.094444444444445
634,1038,2024-08-30,,Billing,Low,0.0,
635,1038,2024-08-12,,Billing,High,0.0,
636,1038,2024-02-04,,Billing,Low,0.0,
637,1038,2024-05-23,2024-05-23 04:28:05,Technical,Low,5.0,4.468055555555556
638,735,2024-06-01,,Billing,Low,0.0,
639,735,2024-04-02,2024-04-03 07:41:46,Billing,High,2.0,31.69611111111111
640,735,2024-08-08,2024-08-10 00:05:05,General,Medium,2.0,48.084722222222226
641,735,2024-12-10,2024-12-10 20:58:44,Technical,High,3.0,20.97888888888889
642,986,2024-04-13,,Technical,Low,0.0,
643,986,2024-07-05,2024-07-06 12:59:11,Billing,Medium,0.0,36.98638888888889
644,986,2024-07-28,2024-07-28 10:01:35,Technical,Medium,5.0,10.026388888888889
645,986,2024-11-11,2024-11-12 18:24:40,Technical,Medium,0.0,42.41111111111111
646,986,2024-04-08,2024-04-08 18:03:01,Technical,Medium,0.0,18.05027777777778
647,529,2024-12-15,2024-12-15 04:22:17,Technical,Low,5.0,4.371388888888889
648,529,2024-03-20,,Billing,High,0.0,
649,529,2024-01-21,2024-01-21 12:41:46,Technical,Low,0.0,12.696111111111112
650,529,2024-07-06,2024-07-06 05:01:29,Billing,Medium,0.0,5.0247222222222225
651,3784,2024-05-14,,Billing,Medium,0.0,
652,3784,2024-05-01,2024-05-01 02:35:42,Technical,Low,0.0,2.595
653,3784,2024-07-20,,General,High,0.0,
654,3039,2024-06-03,2024-06-03 04:54:04,Technical,Medium,0.0,4.901111111111111
655,3039,2024-03-28,,Technical,Low,0.0,
656,3039,2024-12-30,2024-12-30 08:32:40,Technical,Medium,4.0,8.544444444444444
657,3039,2024-07-01,2024-07-01 04:57:47,Billing,Medium,0.0,4.963055555555556
658,3039,2024-12-05,2024-12-05 06:47:51,Technical,Medium,4.0,6.7975
659,543,2024-05-17,,Technical,Low,0.0,
660,543,2024-01-03,2024-01-04 09:54:14,Billing,High,0.0,33.903888888888886
661,543,2024-09-10,2024-09-10 14:59:28,Technical,Low,0.0,14.991111111111111
662,543,2024-07-12,2024-07-13 01:51:10,Technical,Low,0.0,25.852777777777778
663,543,2024-08-25,2024-08-25 12:23:31,Billing,Low,3.0,12.391944444444444
664,3481,2024-12-08,2024-12-08 07:46:08,Technical,Low,0.0,7.768888888888889
665,3481,2024-09-22,2024-09-22 12:46:26,Technical,Low,0.0,12.773888888888889
666,4514,2024-03-28,2024-03-28 07:18:40,General,High,0.0,7.311111111111111
667,4514,2024-06-28,2024-06-28 13:43:06,Billing,Low,5.0,13.718333333333334
668,4514,2024-01-03,2024-01-03 19:47:02,General,Low,0.0,19.78388888888889
669,4514,2024-07-19,2024-07-19 14:07:19,Billing,Medium,3.0,14.121944444444445
670,4514,2024-09-15,,Technical,Medium,0.0,
671,3502,2024-10-05,2024-10-06 06:58:19,General,High,3.0,30.971944444444443
672,3488,2024-03-07,2024-03-07 03:35:02,Billing,Low,2.0,3.5838888888888887
673,306,2024-08-06,2024-08-07 04:49:49,Technical,Medium,0.0,28.830277777777777
674,306,2024-01-02,2024-01-03 09:25:25,Technical,Low,1.0,33.423611111111114
675,306,2024-01-15,2024-01-15 09:12:56,Technical,Medium,4.0,9.215555555555556
676,3643,2024-03-01,2024-03-01 14:26:37,Technical,Medium,4.0,14.44361111111111
677,3643,2024-03-21,2024-03-22 08:56:42,Technical,High,2.0,32.945
678,3643,2024-06-20,2024-06-20 09:31:28,Billing,Medium,5.0,9.524444444444445
679,3643,2024-11-06,2024-11-06 08:02:10,Technical,High,0.0,8.036111111111111
680,3643,2024-07-21,2024-07-21 18:04:00,Technical,Medium,0.0,18.066666666666666
681,2231,2024-02-07,,Billing,Low,0.0,
682,3862,2024-10-01,,Billing,Low,0.0,
683,4487,2024-12-05,2024-12-05 07:20:11,Technical,Low,4.0,7.336388888888889
684,184,2024-11-11,,General,Low,0.0,
685,184,2024-03-27,2024-03-28 14:18:22,Billing,Medium,4.0,38.306111111111115
686,184,2024-06-30,,Billing,Low,0.0,
687,184,2024-11-14,2024-11-16 00:30:00,General,Medium,0.0,48.5
688,184,2024-05-17,2024-05-17 16:33:45,Technical,Medium,0.0,16.5625
689,1478,2024-10-07,2024-10-07 06:35:24,Billing,Medium,2.0,6.59
690,3590,2024-02-23,2024-02-24 19:08:08,Billing,Medium,3.0,43.135555555555555
691,3590,2024-11-26,2024-11-26 22:55:12,Technical,High,0.0,22.92
692,3590,2024-03-10,2024-03-10 11:53:49,General,High,3.0,11.896944444444445
693,3590,2024-08-31,,Technical,Medium,0.0,
694,3590,2024-05-11,2024-05-11 12:00:03,Billing,Medium,4.0,12.000833333333333
695,1579,2024-03-07,2024-03-08 03:25:47,General,Low,0.0,27.42972222222222
696,4051,2024-10-29,2024-10-29 08:17:37,General,Low,0.0,8.293611111111112
697,4051,2024-05-26,,Billing,Low,0.0,
698,4051,2024-07-05,2024-07-05 18:17:30,Technical,Medium,4.0,18.291666666666668
699,4051,2024-03-23,2024-03-23 13:06:05,Billing,Low,0.0,13.10138888888889
700,4051,2024-06-04,,Billing,Low,0.0,
701,1571,2024-02-01,2024-02-02 09:16:09,Technical,Medium,0.0,33.26916666666666
702,1571,2024-01-14,,Billing,Low,0.0,
703,130,2024-07-03,2024-07-04 12:07:43,Technical,Low,4.0,36.12861111111111
704,130,2024-10-06,2024-10-06 15:24:12,Billing,Low,3.0,15.403333333333334
705,130,2024-04-11,2024-04-11 16:41:27,Billing,Medium,0.0,16.690833333333334
706,130,2024-07-24,2024-07-24 18:36:48,Billing,Medium,4.0,18.613333333333333
707,2202,2024-03-11,2024-03-12 09:00:54,Technical,Low,0.0,33.015
708,2202,2024-03-17,2024-03-17 17:06:21,Billing,Medium,0.0,17.105833333333333
709,2202,2024-10-18,,Technical,Low,0.0,
710,2202,2024-11-13,2024-11-13 15:57:14,Billing,High,2.0,15.953888888888889
711,2330,2024-05-11,2024-05-11 11:17:05,Billing,Medium,4.0,11.284722222222221
712,3370,2024-06-04,2024-06-05 00:22:03,Technical,Low,0.0,24.3675
713,3370,2024-05-19,2024-05-19 05:07:38,Technical,Medium,5.0,5.127222222222223
714,3370,2024-10-30,2024-10-30 15:50:05,Technical,Low,0.0,15.834722222222222
715,197,2024-08-10,2024-08-11 03:02:57,Technical,Low,4.0,27.049166666666668
716,197,2024-02-20,2024-02-20 07:47:59,General,Medium,3.0,7.799722222222222
717,197,2024-01-03,2024-01-04 09:20:58,Technical,Medium,3.0,33.349444444444444
718,2342,2024-07-24,2024-07-25 13:51:25,Technical,Low,5.0,37.856944444444444
719,2342,2024-08-15,2024-08-15 11:37:48,Technical,Low,5.0,11.63
720,4975,2024-05-12,2024-05-12 14:19:58,Billing,Medium,0.0,14.332777777777778
721,4975,2024-02-25,,Billing,Low,0.0,
722,4975,2024-03-15,2024-03-15 14:54:19,Technical,Low,0.0,14.905277777777778
723,2785,2024-10-22,2024-10-23 00:32:39,Technical,Medium,0.0,24.544166666666666
724,2785,2024-06-17,2024-06-17 19:11:52,Technical,Low,0.0,19.197777777777777
725,2785,2024-11-10,2024-11-10 15:59:49,Technical,High,3.0,15.996944444444445
726,262,2024-06-15,2024-06-16 11:45:14,Technical,Low,5.0,35.75388888888889
727,1980,2024-10-14,2024-10-14 21:50:26,Billing,Low,3.0,21.840555555555557
728,1980,2024-01-07,2024-01-07 07:18:51,Billing,Medium,2.0,7.314166666666667
729,1980,2024-05-14,2024-05-14 16:05:45,Technical,Medium,3.0,16.095833333333335
730,1980,2024-06-29,2024-06-29 06:37:50,Technical,Medium,0.0,6.6305555555555555
731,1294,2024-07-29,,General,High,0.0,
732,1294,2024-05-10,2024-05-10 11:58:54,Billing,Medium,1.0,11.981666666666667
733,1294,2024-11-21,2024-11-21 10:11:38,Billing,Low,5.0,10.193888888888889
734,1294,2024-01-21,2024-01-22 02:38:29,Billing,Medium,0.0,26.64138888888889
735,3991,2024-03-26,,Technical,Low,0.0,
736,3991,2024-05-19,,General,High,0.0,
737,3991,2024-05-28,2024-05-28 04:59:59,Technical,High,0.0,4.999722222222222
738,1955,2024-05-11,2024-05-11 19:54:17,Billing,Low,5.0,19.904722222222222
739,2476,2024-06-10,2024-06-10 02:35:38,Technical,Medium,0.0,2.593888888888889
740,2476,2024-11-07,2024-11-07 07:11:35,General,Medium,4.0,7.1930555555555555
741,1118,2024-07-31,2024-07-31 09:57:42,Billing,Low,0.0,9.961666666666666
742,1118,2024-08-19,,General,Medium,0.0,
743,1118,2024-09-15,2024-09-16 00:58:39,General,Medium,0.0,24.9775
744,125,2024-06-30,,Technical,Low,0.0,
745,125,2024-01-23,2024-01-23 06:18:50,General,Low,3.0,6.313888888888889
746,1849,2024-03-10,,General,Medium,0.0,
747,1849,2024-03-25,2024-03-25 11:38:35,Technical,Medium,4.0,11.643055555555556
748,4018,2024-11-15,2024-11-15 17:52:07,Billing,High,2.0,17.86861111111111
749,4018,2024-03-19,2024-03-19 10:18:15,Billing,Low,0.0,10.304166666666667
750,4875,2024-10-02,2024-10-02 10:14:27,General,Medium,2.0,10.240833333333333
751,4875,2024-10-24,2024-10-24 14:02:13,Technical,Low,5.0,14.036944444444444
752,4875,2024-01-30,2024-01-30 03:36:09,Billing,Low,4.0,3.6025
753,4207,2024-10-20,2024-10-20 21:58:41,Technical,Medium,5.0,21.978055555555557
754,4207,2024-08-27,2024-08-27 08:07:12,Technical,Medium,2.0,8.12
755,4207,2024-05-19,2024-05-20 00:21:19,Technical,Low,0.0,24.35527777777778
756,3658,2024-11-07,2024-11-07 08:25:05,General,High,0.0,8.418055555555556
757,3658,2024-09-06,2024-09-06 10:40:45,Technical,Medium,0.0,10.679166666666667
758,3658,2024-09-12,2024-09-13 04:50:54,Technical,Low,0.0,28.848333333333333
759,3658,2024-01-23,2024-01-23 07:09:47,Technical,Low,4.0,7.163055555555555
760,3658,2024-10-28,2024-10-28 22:34:37,General,Low,0.0,22.576944444444443
761,1674,2024-05-02,2024-05-02 08:34:32,Technical,Low,4.0,8.575555555555555
762,1674,2024-10-03,2024-10-03 01:07:11,Technical,Low,5.0,1.1197222222222223
763,1674,2024-02-09,2024-02-09 09:59:31,General,Low,4.0,9.991944444444444
764,1674,2024-01-05,,Billing,Medium,0.0,
765,842,2024-01-24,2024-01-24 09:59:28,Technical,Low,4.0,9.991111111111111
766,842,2024-01-03,2024-01-03 11:11:50,Technical,Low,0.0,11.197222222222223
767,842,2024-12-15,2024-12-16 18:12:49,Billing,Medium,0.0,42.21361111111111
768,1712,2024-08-17,2024-08-17 05:45:11,Billing,Low,4.0,5.753055555555555
769,1712,2024-11-23,2024-11-23 06:46:33,Technical,Medium,5.0,6.775833333333333
770,1712,2024-10-30,,Technical,Low,0.0,
771,984,2024-11-29,2024-11-29 18:14:46,Technical,Medium,4.0,18.246111111111112
772,1092,2024-10-08,2024-10-08 15:33:51,Technical,Medium,0.0,15.564166666666667
773,1092,2024-09-04,2024-09-05 04:41:35,Technical,Medium,0.0,28.693055555555556
774,1092,2024-05-05,2024-05-06 08:24:29,Technical,Medium,5.0,32.408055555555556
775,1092,2024-05-01,2024-05-01 03:04:59,General,Low,0.0,3.0830555555555557
776,4130,2024-10-03,2024-10-04 00:42:21,General,Low,0.0,24.705833333333334
777,4130,2024-10-16,2024-10-16 11:33:24,Technical,Medium,0.0,11.556666666666667
778,4130,2024-05-01,2024-05-01 10:03:46,Billing,Low,0.0,10.062777777777777
779,4130,2024-12-18,2024-12-18 02:54:49,Technical,Low,0.0,2.913611111111111
780,4719,2024-09-06,,Billing,Low,0.0,
781,4719,2024-10-12,2024-10-12 01:19:31,Technical,Low,0.0,1.3252777777777778
782,4719,2024-03-12,2024-03-14 07:20:32,Technical,Medium,4.0,55.34222222222222
783,4719,2024-08-01,2024-08-01 14:52:11,Technical,Low,0.0,14.869722222222222
784,2625,2024-10-21,2024-10-22 21:37:28,General,Medium,0.0,45.62444444444444
785,2625,2024-08-07,2024-08-07 03:14:29,Technical,Low,4.0,3.241388888888889
786,2625,2024-12-02,2024-12-02 20:11:58,Billing,Medium,5.0,20.199444444444445
787,2625,2024-07-10,2024-07-10 14:01:41,Billing,Low,5.0,14.028055555555556
788,3344,2024-02-14,2024-02-14 08:56:02,Billing,Low,4.0,8.93388888888889
789,3344,2024-01-17,2024-01-18 04:35:21,Technical,Medium,4.0,28.589166666666667
790,3344,2024-02-16,2024-02-16 05:21:48,Technical,Low,4.0,5.363333333333333
791,3344,2024-02-01,2024-02-01 10:18:44,General,Medium,5.0,10.312222222222223
792,3344,2024-01-26,,Billing,Low,0.0,
793,1546,2024-06-03,2024-06-04 11:04:12,General,Low,5.0,35.07
794,3819,2024-05-28,,Technical,High,0.0,
795,3819,2024-09-30,,Technical,Low,0.0,
796,3819,2024-04-26,2024-04-26 16:58:58,General,Low,4.0,16.982777777777777
797,3819,2024-01-08,,General,High,0.0,
798,463,2024-11-19,2024-11-19 05:47:46,Technical,Medium,1.0,5.796111111111111
799,463,2024-09-20,2024-09-20 05:51:26,General,Medium,4.0,5.857222222222222
800,463,2024-09-07,2024-09-07 10:46:29,Technical,Medium,5.0,10.774722222222222
801,3723,2024-03-08,2024-03-08 21:14:19,Technical,Low,4.0,21.238611111111112
802,3723,2024-09-01,2024-09-02 06:22:28,Billing,Low,0.0,30.374444444444446
803,632,2024-06-13,,Billing,Low,0.0,
804,632,2024-05-09,2024-05-10 07:25:52,Technical,Medium,0.0,31.43111111111111
805,632,2024-05-03,2024-05-04 00:04:42,Technical,Medium,0.0,24.078333333333333
806,632,2024-10-05,,Billing,Low,0.0,
807,632,2024-10-06,2024-10-06 02:17:13,Billing,Low,5.0,2.2869444444444444
808,3229,2024-09-04,,Technical,Medium,0.0,
809,3229,2024-09-28,2024-09-28 10:51:32,Technical,Low,4.0,10.858888888888888
810,3229,2024-04-16,2024-04-16 05:33:20,Billing,High,2.0,5.555555555555555
811,3229,2024-01-20,2024-01-20 09:14:40,Technical,Medium,0.0,9.244444444444444
812,3229,2024-12-30,2024-12-30 06:27:20,Billing,Medium,0.0,6.455555555555556
813,2558,2024-10-10,2024-10-10 16:28:11,Technical,Low,5.0,16.469722222222224
814,2558,2024-06-25,2024-06-25 05:42:13,General,High,0.0,5.703611111111111
815,2558,2024-08-27,2024-08-27 11:59:29,Technical,Medium,0.0,11.991388888888888
816,3464,2024-09-11,2024-09-12 07:23:23,Billing,Low,0.0,31.389722222222222
817,3464,2024-06-09,2024-06-09 13:12:31,Technical,Low,1.0,13.20861111111111
818,3464,2024-08-13,,Technical,Medium,0.0,
819,3464,2024-07-16,2024-07-16 13:08:29,Technical,Low,5.0,13.141388888888889
820,3464,2024-03-03,2024-03-03 02:35:51,Technical,Low,0.0,2.5975
821,4019,2024-04-23,2024-04-23 13:18:10,Technical,Low,0.0,13.302777777777777
822,4019,2024-04-20,2024-04-20 01:52:10,General,High,5.0,1.8694444444444445
823,4019,2024-05-18,2024-05-18 04:10:04,Technical,Medium,5.0,4.167777777777777
824,4019,2024-05-30,2024-05-30 07:23:00,Billing,Low,4.0,7.383333333333334
825,4019,2024-01-04,2024-01-04 09:51:20,Technical,High,3.0,9.855555555555556
826,2820,2024-03-03,2024-03-03 11:58:00,Technical,High,0.0,11.966666666666667
827,2820,2024-06-18,2024-06-18 07:19:25,General,Low,0.0,7.323611111111111
828,2820,2024-04-28,2024-04-28 19:43:52,Billing,Medium,4.0,19.73111111111111
829,2820,2024-08-03,,Technical,Low,0.0,
830,1986,2024-03-28,2024-03-28 14:51:36,Technical,Low,5.0,14.86
831,1986,2024-10-16,2024-10-16 09:35:20,Technical,Medium,3.0,9.588888888888889
832,1986,2024-08-25,2024-08-25 19:25:11,Technical,Low,0.0,19.419722222222223
833,1986,2024-05-08,2024-05-08 22:36:26,Billing,Medium,0.0,22.607222222222223
834,1986,2024-01-03,2024-01-03 07:55:48,Technical,Low,0.0,7.93
835,2435,2024-05-25,2024-05-25 12:29:40,Billing,High,2.0,12.494444444444444
836,2435,2024-09-26,2024-09-26 13:56:16,Technical,Low,0.0,13.937777777777777
837,2435,2024-08-05,2024-08-05 11:34:52,Technical,Low,0.0,11.581111111111111
838,2435,2024-02-10,2024-02-11 00:29:06,Billing,Low,0.0,24.485
839,2435,2024-08-03,2024-08-03 07:37:40,Technical,Low,4.0,7.627777777777778
840,1918,2024-02-27,,Billing,High,0.0,
841,1918,2024-04-30,2024-04-30 01:12:12,General,Low,5.0,1.2033333333333334
842,1918,2024-11-09,2024-11-09 08:40:10,Technical,Medium,0.0,8.669444444444444
843,584,2024-07-27,,Billing,Medium,0.0,
844,584,2024-07-25,2024-07-25 05:35:11,Technical,Medium,0.0,5.586388888888889
845,584,2024-05-09,2024-05-10 03:27:42,Billing,Low,4.0,27.461666666666666
846,1850,2024-12-19,2024-12-19 10:54:41,Technical,Medium,5.0,10.911388888888888
847,1850,2024-09-17,2024-09-18 11:05:11,General,Low,4.0,35.08638888888889
848,1850,2024-02-18,2024-02-18 03:10:10,General,Medium,4.0,3.1694444444444443
849,3030,2024-01-05,,Technical,Low,0.0,
850,3030,2024-03-12,2024-03-12 20:07:31,Technical,Low,0.0,20.12527777777778
851,3875,2024-11-06,2024-11-07 01:21:26,General,Low,4.0,25.357222222222223
852,3875,2024-08-20,2024-08-21 01:59:27,Technical,Low,5.0,25.990833333333335
853,637,2024-04-28,2024-04-28 05:48:17,Billing,Medium,1.0,5.804722222222222
854,637,2024-04-16,2024-04-16 08:44:43,Technical,Low,5.0,8.745277777777778
855,637,2024-04-25,2024-04-26 01:41:08,General,High,0.0,25.685555555555556
856,637,2024-05-04,2024-05-04 01:32:06,Technical,Low,4.0,1.535
857,833,2024-06-07,2024-06-07 09:39:51,Technical,Medium,4.0,9.664166666666667
858,833,2024-01-27,2024-01-27 14:13:45,Technical,Medium,5.0,14.229166666666666
859,833,2024-11-30,2024-11-30 17:32:34,Billing,Low,0.0,17.54277777777778
860,2759,2024-04-12,2024-04-12 08:15:01,Billing,Low,4.0,8.250277777777777
861,2759,2024-06-06,2024-06-07 04:45:29,General,Low,0.0,28.758055555555554
862,3221,2024-11-14,2024-11-14 19:03:40,General,Low,5.0,19.06111111111111
863,3221,2024-05-28,2024-05-29 02:13:02,Technical,Low,5.0,26.217222222222222
864,3221,2024-11-04,,General,Low,0.0,
865,3221,2024-02-24,2024-02-25 04:38:31,Technical,Low,5.0,28.641944444444444
866,3221,2024-04-28,2024-04-28 18:24:11,General,Low,5.0,18.403055555555557
867,2875,2024-08-12,2024-08-12 10:12:00,Technical,Medium,4.0,10.2
868,711,2024-02-24,,Technical,Low,0.0,
869,711,2024-04-06,,Technical,Low,0.0,
870,711,2024-06-09,2024-06-09 19:51:18,Technical,Medium,5.0,19.855
871,686,2024-03-21,2024-03-24 11:10:45,Technical,Medium,4.0,83.17916666666666
872,686,2024-11-26,2024-11-26 12:25:07,Billing,Low,4.0,12.418611111111112
873,686,2024-06-13,,Billing,Medium,0.0,
874,686,2024-04-15,2024-04-16 01:32:01,Technical,Medium,0.0,25.53361111111111
875,4239,2024-07-28,,General,Low,0.0,
876,4239,2024-05-27,2024-05-27 15:09:50,Billing,Low,0.0,15.16388888888889
877,4239,2024-10-09,,Technical,Low,0.0,
878,2020,2024-06-18,2024-06-18 09:15:00,Technical,Medium,5.0,9.25
879,2020,2024-11-13,2024-11-13 10:40:27,Technical,Low,5.0,10.674166666666666
880,2020,2024-04-29,2024-04-29 22:39:28,Technical,Low,1.0,22.657777777777778
881,3017,2024-04-27,2024-04-28 15:16:14,Technical,Low,0.0,39.27055555555555
882,675,2024-08-27,,Technical,Low,0.0,
883,675,2024-02-14,2024-02-15 08:26:01,Technical,Low,3.0,32.43361111111111
884,2182,2024-11-13,2024-11-14 01:35:53,Billing,Medium,4.0,25.598055555555554
885,2182,2024-02-01,2024-02-01 12:48:44,Technical,Low,5.0,12.812222222222223
886,1471,2024-04-03,,Technical,High,0.0,
887,1471,2024-11-13,,General,Medium,0.0,
888,1471,2024-07-04,2024-07-04 17:14:01,Billing,Low,4.0,17.23361111111111
889,1471,2024-08-10,,General,Low,0.0,
890,2807,2024-01-19,2024-01-19 14:51:58,Billing,Low,4.0,14.866111111111111
891,2807,2024-03-20,,Technical,Medium,0.0,
892,3092,2024-01-28,2024-01-28 05:01:20,Technical,Low,5.0,5.022222222222222
893,3092,2024-08-27,2024-08-28 18:00:02,Technical,Medium,3.0,42.00055555555556
894,3092,2024-08-07,,Technical,Low,0.0,
895,3092,2024-09-02,2024-09-02 04:51:47,Technical,Low,4.0,4.8630555555555555
896,3267,2024-07-17,2024-07-17 14:09:19,Billing,High,0.0,14.155277777777778
897,3267,2024-09-27,2024-09-27 10:45:24,Technical,Low,0.0,10.756666666666666
898,3267,2024-08-13,,General,Low,0.0,
899,3769,2024-11-12,2024-11-12 12:03:43,General,Low,0.0,12.061944444444444
900,692,2024-11-10,2024-11-10 08:56:19,Technical,Low,3.0,8.938611111111111
901,692,2024-02-28,2024-02-28 16:03:44,Technical,Low,5.0,16.06222222222222
902,4368,2024-10-22,2024-10-22 05:41:28,Billing,Low,5.0,5.691111111111111
903,4368,2024-05-03,2024-05-03 10:57:55,General,Low,3.0,10.965277777777779
904,4368,2024-12-05,2024-12-05 03:29:21,General,Medium,5.0,3.4891666666666667
905,4368,2024-05-19,2024-05-19 22:28:49,General,Medium,0.0,22.48027777777778
906,2498,2024-09-16,2024-09-16 11:04:15,General,Low,4.0,11.070833333333333
907,2498,2024-12-07,2024-12-07 19:10:30,Technical,Low,5.0,19.175
908,3722,2024-05-24,2024-05-24 06:10:34,Technical,Low,5.0,6.176111111111111
909,3722,2024-02-12,,Technical,Low,0.0,
910,200,2024-03-09,2024-03-10 02:29:36,General,High,3.0,26.493333333333332
911,200,2024-06-03,2024-06-03 11:45:56,Technical,High,1.0,11.765555555555556
912,200,2024-11-01,,Technical,Medium,0.0,
913,200,2024-02-13,,Billing,Low,0.0,
914,1244,2024-05-02,2024-05-02 09:10:09,Technical,Medium,4.0,9.169166666666667
915,1244,2024-10-14,2024-10-14 17:15:28,General,Low,0.0,17.25777777777778
916,1244,2024-04-26,,General,Low,0.0,
917,1244,2024-10-11,,Technical,Medium,0.0,
918,1244,2024-07-05,,Technical,Low,0.0,
919,3326,2024-06-18,2024-06-18 10:18:37,General,Low,5.0,10.310277777777777
920,886,2024-07-17,2024-07-17 06:31:55,Technical,Medium,4.0,6.531944444444444
921,886,2024-04-17,2024-04-18 18:48:05,Technical,Low,4.0,42.80138888888889
922,886,2024-04-23,2024-04-23 13:37:25,General,High,2.0,13.623611111111112
923,886,2024-05-27,,General,Low,0.0,
924,1638,2024-12-09,,Technical,Low,0.0,
925,1638,2024-02-29,2024-02-29 01:52:02,Billing,Medium,4.0,1.8672222222222221
926,1638,2024-11-07,2024-11-07 11:27:32,Billing,Medium,3.0,11.45888888888889
927,1265,2024-07-17,2024-07-17 09:38:16,Billing,Low,2.0,9.637777777777778
928,1265,2024-07-09,2024-07-09 10:47:25,Technical,High,4.0,10.790277777777778
929,589,2024-01-12,,General,Low,0.0,
930,589,2024-12-23,2024-12-23 21:10:45,Billing,High,0.0,21.179166666666667
931,589,2024-07-07,,Billing,Low,0.0,
932,589,2024-05-24,2024-05-24 16:53:20,Technical,Low,0.0,16.88888888888889
933,3786,2024-01-29,2024-01-29 11:21:15,Technical,Low,0.0,11.354166666666666
934,3786,2024-01-06,2024-01-06 15:12:29,Technical,Low,0.0,15.208055555555555
935,3786,2024-11-27,2024-11-27 22:55:20,Billing,Medium,0.0,22.92222222222222
936,3786,2024-09-29,2024-09-29 08:54:46,Billing,Low,4.0,8.912777777777778
937,2349,2024-02-01,2024-02-02 00:18:28,Billing,Medium,0.0,24.307777777777776
938,2349,2024-04-12,,Technical,Low,0.0,
939,2189,2024-09-13,2024-09-13 14:55:57,General,Low,0.0,14.9325
940,2189,2024-11-30,2024-11-30 12:43:36,Technical,Medium,0.0,12.726666666666667
941,2189,2024-12-12,,Billing,Low,0.0,
942,2189,2024-06-09,2024-06-09 11:08:17,General,Medium,0.0,11.138055555555555
943,3806,2024-12-09,,Technical,Medium,0.0,
944,3806,2024-04-09,2024-04-09 07:40:50,Technical,Low,0.0,7.680555555555555
945,3806,2024-07-31,2024-07-31 11:48:55,General,Low,5.0,11.815277777777778
946,3806,2024-08-21,2024-08-22 15:03:15,General,Low,5.0,39.05416666666667
947,4191,2024-09-04,2024-09-04 16:48:16,Technical,Medium,0.0,16.804444444444446
948,4191,2024-12-18,2024-12-18 08:41:47,Technical,Medium,4.0,8.696388888888889
949,4191,2024-05-26,2024-05-26 18:45:45,Billing,Medium,3.0,18.7625
950,4191,2024-08-04,2024-08-04 02:48:26,Billing,Medium,1.0,2.8072222222222223
951,4191,2024-01-31,2024-02-01 01:11:12,Billing,Low,5.0,25.186666666666667
952,381,2024-03-11,,Technical,Low,0.0,
953,381,2024-05-12,,Technical,Low,0.0,
954,381,2024-07-11,2024-07-11 06:26:24,Billing,Low,4.0,6.44
955,381,2024-10-05,2024-10-05 17:10:19,General,Medium,0.0,17.171944444444446
956,3764,2024-01-22,2024-01-22 06:31:34,Technical,Medium,0.0,6.526111111111111
957,3764,2024-03-14,,Technical,Medium,0.0,
958,3764,2024-06-03,2024-06-03 14:05:31,Technical,Medium,4.0,14.091944444444444
959,3764,2024-09-23,2024-09-23 09:10:45,Billing,Low,0.0,9.179166666666667
960,3764,2024-10-18,2024-10-18 06:06:26,Billing,High,4.0,6.107222222222222
961,4821,2024-03-15,2024-03-15 10:10:04,Technical,Low,3.0,10.167777777777777
962,4821,2024-09-20,2024-09-20 10:47:16,Technical,High,4.0,10.787777777777778
963,4821,2024-11-10,,Billing,Low,0.0,
964,4821,2024-04-09,2024-04-09 07:19:42,Billing,Low,5.0,7.328333333333333
965,4821,2024-06-20,2024-06-20 17:26:36,Technical,Low,4.0,17.44333333333333
966,1055,2024-10-18,,Billing,Medium,0.0,
967,1055,2024-01-29,2024-01-29 13:15:14,Technical,Low,0.0,13.25388888888889
968,1055,2024-02-04,2024-02-04 13:13:06,General,High,1.0,13.218333333333334
969,1055,2024-09-10,2024-09-10 11:13:06,Technical,Low,4.0,11.218333333333334
970,3237,2024-04-02,2024-04-02 20:53:14,Technical,Medium,0.0,20.88722222222222
971,3572,2024-06-26,2024-06-26 08:41:56,Technical,High,0.0,8.698888888888888
972,3572,2024-01-26,,General,Medium,0.0,
973,3572,2024-07-04,2024-07-04 07:54:24,General,Low,4.0,7.906666666666666
974,3572,2024-11-06,2024-11-06 19:54:38,Technical,High,3.0,19.910555555555554
975,3572,2024-11-23,,Technical,Medium,0.0,
976,1863,2024-09-21,2024-09-21 10:45:09,Technical,Low,0.0,10.7525
977,1863,2024-01-28,2024-01-28 13:02:47,General,Low,0.0,13.046388888888888
978,1863,2024-10-18,2024-10-18 09:16:46,Technical,High,0.0,9.279444444444444
979,1863,2024-04-23,2024-04-26 02:43:25,Billing,High,5.0,74.72361111111111
980,2481,2024-05-13,2024-05-13 16:58:40,Technical,Low,0.0,16.977777777777778
981,2481,2024-03-19,2024-03-19 19:09:20,Billing,Low,4.0,19.155555555555555
982,2475,2024-02-05,2024-02-05 21:56:24,General,Medium,3.0,21.94
983,3415,2024-04-25,2024-04-25 15:54:27,Technical,Low,5.0,15.9075
984,3415,2024-12-18,2024-12-18 16:37:36,Technical,Low,2.0,16.626666666666665
985,3415,2024-10-08,2024-10-08 09:15:00,General,Low,0.0,9.25
986,3415,2024-08-31,2024-08-31 17:04:21,General,Low,5.0,17.0725
987,4497,2024-09-08,2024-09-08 22:40:34,Billing,Medium,1.0,22.676111111111112
988,4497,2024-03-14,,Billing,Medium,0.0,
989,4497,2024-01-27,,General,Medium,0.0,
990,3284,2024-04-26,2024-04-26 18:51:36,Technical,Low,5.0,18.86
991,3284,2024-02-17,2024-02-17 08:48:40,Technical,Low,5.0,8.811111111111112
992,3284,2024-11-21,,Technical,High,0.0,
993,3284,2024-10-25,2024-10-25 03:27:33,Billing,High,4.0,3.4591666666666665
994,4946,2024-05-20,2024-05-20 14:11:03,Technical,Low,0.0,14.184166666666666
995,1439,2024-12-22,2024-12-22 20:51:01,General,Low,0.0,20.850277777777777
996,1439,2024-05-17,2024-05-17 14:19:27,Technical,High,0.0,14.324166666666667
997,1439,2024-11-23,2024-11-24 10:10:28,General,Low,4.0,34.17444444444445
998,1439,2024-12-26,2024-12-28 02:12:51,Technical,Low,4.0,50.214166666666664
999,1439,2024-09-23,2024-09-23 07:04:47,Technical,Medium,4.0,7.079722222222222
1000,1962,2024-06-30,2024-06-30 09:53:56,Technical,Medium,3.0,9.898888888888889
1001,1962,2024-04-16,2024-04-17 02:24:46,Technical,Low,4.0,26.412777777777777
1002,1882,2024-01-28,,Technical,High,0.0,
1003,3753,2024-08-20,2024-08-20 18:28:34,Technical,Medium,0.0,18.476111111111113
1004,3753,2024-12-05,2024-12-05 08:48:00,Technical,Medium,3.0,8.8
1005,3753,2024-02-10,2024-02-10 14:06:07,General,Low,5.0,14.101944444444445
1006,3753,2024-04-16,2024-04-18 07:35:49,Technical,Low,0.0,55.596944444444446
1007,3753,2024-07-16,2024-07-17 01:22:37,General,Low,4.0,25.376944444444444
1008,4349,2024-02-24,2024-02-24 01:41:16,Technical,Low,0.0,1.6877777777777778
1009,4349,2024-01-28,,Technical,Low,0.0,
1010,4349,2024-07-13,2024-07-13 22:51:56,Billing,Low,2.0,22.865555555555556
1011,4349,2024-02-13,2024-02-13 13:10:17,Billing,Low,3.0,13.171388888888888
1012,4349,2024-11-03,,Technical,Low,0.0,
1013,2011,2024-06-25,,General,Low,0.0,
1014,2011,2024-06-04,2024-06-04 12:37:49,General,High,3.0,12.630277777777778
1015,2011,2024-07-14,2024-07-14 09:50:22,Billing,Medium,4.0,9.839444444444444
1016,1134,2024-03-02,2024-03-02 19:13:25,Technical,Low,5.0,19.22361111111111
1017,1134,2024-11-11,2024-11-11 20:16:44,Billing,Medium,0.0,20.27888888888889
1018,1134,2024-08-09,2024-08-09 04:36:36,Technical,Low,5.0,4.61
1019,1134,2024-01-17,2024-01-17 06:01:43,Technical,Medium,0.0,6.028611111111111
1020,1134,2024-03-17,2024-03-17 08:17:15,Technical,Low,0.0,8.2875
1021,3884,2024-12-30,,Technical,Low,0.0,
1022,3884,2024-07-19,2024-07-20 03:41:37,Technical,Medium,0.0,27.69361111111111
1023,3884,2024-03-24,,Billing,Low,0.0,
1024,4248,2024-12-17,2024-12-17 02:31:50,Billing,High,4.0,2.5305555555555554
1025,4248,2024-04-24,,Billing,Low,0.0,
1026,4248,2024-07-01,,Technical,Medium,0.0,
1027,4248,2024-05-26,2024-05-26 05:05:34,General,Low,5.0,5.092777777777778
1028,4248,2024-09-12,,Technical,High,0.0,
1029,2129,2024-08-20,2024-08-20 13:17:14,General,Medium,0.0,13.287222222222223
1030,2129,2024-06-28,2024-06-28 14:22:25,Technical,High,1.0,14.373611111111112
1031,2129,2024-09-23,2024-09-24 02:16:15,Technical,Low,5.0,26.270833333333332
1032,2129,2024-03-19,2024-03-19 11:37:55,General,Medium,5.0,11.631944444444445
1033,2129,2024-01-26,2024-01-26 23:00:48,Billing,Low,4.0,23.013333333333332
1034,1799,2024-05-09,,General,Low,0.0,
1035,1799,2024-06-15,2024-06-15 12:55:53,Technical,High,0.0,12.93138888888889
1036,1799,2024-11-26,2024-11-26 13:01:25,Technical,Low,4.0,13.02361111111111
1037,1799,2024-03-19,2024-03-19 11:05:04,Technical,Low,5.0,11.084444444444445
1038,4372,2024-02-02,,Technical,Low,0.0,
1039,4372,2024-01-03,2024-01-03 03:41:57,Billing,Medium,0.0,3.6991666666666667
1040,4372,2024-11-03,2024-11-03 12:31:31,Billing,High,2.0,12.525277777777777
1041,3702,2024-05-14,,General,Low,0.0,
1042,3702,2024-10-01,2024-10-01 08:49:38,General,Low,2.0,8.827222222222222
1043,3702,2024-08-09,2024-08-09 15:18:51,Technical,Low,4.0,15.314166666666667
1044,2924,2024-07-17,2024-07-17 23:42:30,General,Medium,0.0,23.708333333333332
1045,2924,2024-02-08,2024-02-08 12:56:47,General,Medium,4.0,12.946388888888889
1046,2924,2024-08-05,2024-08-05 17:04:13,Billing,Low,0.0,17.07027777777778
1047,2924,2024-02-27,2024-02-27 10:01:35,Technical,Low,0.0,10.026388888888889
1048,2821,2024-11-13,2024-11-15 02:11:56,General,Low,3.0,50.19888888888889
1049,1119,2024-06-23,2024-06-24 16:18:31,Billing,Low,0.0,40.30861111111111
1050,1119,2024-06-04,2024-06-04 10:22:58,Technical,Low,4.0,10.382777777777777
1051,1119,2024-07-18,2024-07-19 00:06:01,Technical,Low,5.0,24.100277777777777
1052,1119,2024-07-26,,Technical,High,0.0,
1053,1119,2024-02-05,2024-02-05 01:30:22,Technical,Low,3.0,1.5061111111111112
1054,590,2024-01-20,2024-01-20 21:38:41,Billing,Low,4.0,21.64472222222222
1055,590,2024-12-25,2024-12-25 13:24:21,Technical,Medium,5.0,13.405833333333334
1056,590,2024-02-20,2024-02-21 23:58:29,Billing,Medium,0.0,47.97472222222222
1057,2681,2024-04-21,2024-04-21 03:50:06,Technical,Medium,4.0,3.835
1058,2681,2024-05-04,2024-05-05 00:00:44,Technical,Low,4.0,24.01222222222222
1059,2681,2024-09-27,,Technical,Low,0.0,
1060,2147,2024-09-10,2024-09-11 00:51:31,Technical,Low,0.0,24.85861111111111
1061,2147,2024-02-04,2024-02-04 02:53:49,Billing,Medium,3.0,2.8969444444444443
1062,2147,2024-01-23,2024-01-23 11:40:38,Technical,Low,4.0,11.677222222222222
1063,3252,2024-11-25,2024-11-25 12:11:18,Technical,Medium,0.0,12.188333333333333
1064,3252,2024-04-13,2024-04-13 09:42:41,Technical,Medium,0.0,9.711388888888889
1065,4032,2024-07-15,2024-07-15 11:20:21,Technical,High,4.0,11.339166666666667
1066,4032,2024-11-17,2024-11-17 19:16:43,General,Low,5.0,19.27861111111111
1067,282,2024-07-08,2024-07-08 00:42:56,Technical,Low,4.0,0.7155555555555555
1068,3678,2024-11-26,2024-11-26 15:32:10,Technical,Low,5.0,15.536111111111111
1069,3678,2024-02-15,,Technical,Medium,0.0,
1070,3678,2024-09-14,2024-09-15 07:02:30,Billing,Low,0.0,31.041666666666668
1071,234,2024-07-23,2024-07-23 09:02:45,General,Medium,5.0,9.045833333333333
1072,1553,2024-06-26,2024-06-26 16:01:51,Technical,Medium,4.0,16.030833333333334
1073,1553,2024-08-11,2024-08-11 06:43:01,General,Low,4.0,6.716944444444445
1074,931,2024-08-24,2024-08-24 06:31:29,Technical,High,4.0,6.5247222222222225
1075,931,2024-09-13,,Billing,Low,0.0,
1076,931,2024-02-16,2024-02-16 14:22:49,Technical,Low,5.0,14.380277777777778
1077,931,2024-06-13,,Billing,Medium,0.0,
1078,931,2024-12-21,2024-12-21 08:02:13,Technical,Low,4.0,8.036944444444444
1079,3607,2024-02-01,2024-02-01 03:29:54,Technical,Medium,4.0,3.4983333333333335
1080,3607,2024-07-23,2024-07-23 05:23:26,Billing,High,3.0,5.390555555555555
1081,570,2024-10-21,,General,Low,0.0,
1082,2523,2024-02-28,2024-02-28 19:06:55,Technical,Low,0.0,19.115277777777777
1083,2523,2024-07-28,2024-07-29 01:17:00,Billing,Low,0.0,25.283333333333335
1084,2523,2024-06-26,2024-06-27 00:22:38,Technical,Medium,0.0,24.377222222222223
1085,2523,2024-03-05,2024-03-05 07:29:06,Technical,Low,0.0,7.485
1086,391,2024-12-01,,Technical,Low,0.0,
1087,391,2024-04-01,2024-04-01 05:50:22,Technical,Medium,3.0,5.839444444444444
1088,391,2024-04-06,,General,Low,0.0,
1089,391,2024-08-19,2024-08-19 06:22:07,Technical,Low,0.0,6.368611111111111
1090,391,2024-03-25,2024-03-26 16:38:23,Technical,Medium,1.0,40.639722222222225
1091,1655,2024-02-11,2024-02-11 10:03:40,Technical,Low,0.0,10.061111111111112
1092,1655,2024-08-06,2024-08-06 05:52:46,Billing,Medium,0.0,5.879444444444444
1093,1655,2024-04-21,,Billing,Low,0.0,
1094,1655,2024-11-28,2024-11-28 07:51:17,General,Medium,3.0,7.854722222222223
1095,1655,2024-06-06,,Technical,Low,0.0,
1096,3475,2024-04-03,2024-04-03 11:46:18,Billing,Low,0.0,11.771666666666667
1097,3475,2024-02-15,2024-02-15 12:05:57,Billing,High,0.0,12.099166666666667
1098,3475,2024-10-04,,Technical,High,0.0,
1099,1700,2024-06-22,2024-06-22 08:29:00,Billing,High,4.0,8.483333333333333
1100,1700,2024-05-26,2024-05-26 17:43:15,Technical,Medium,5.0,17.720833333333335
1101,579,2024-10-27,2024-10-27 20:29:35,Technical,Medium,0.0,20.493055555555557
1102,579,2024-03-25,2024-03-26 00:04:25,General,Low,0.0,24.073611111111113
1103,579,2024-07-06,2024-07-06 02:47:28,General,Medium,4.0,2.7911111111111113
1104,579,2024-01-17,2024-01-17 05:29:18,General,Low,5.0,5.488333333333333
1105,579,2024-11-19,2024-11-19 06:12:28,Technical,Low,5.0,6.207777777777777
1106,2581,2024-10-26,2024-10-26 17:45:21,Billing,Medium,0.0,17.75583333333333
1107,2581,2024-02-04,2024-02-05 09:44:01,Billing,Low,0.0,33.73361111111111
1108,2581,2024-02-29,2024-03-01 03:20:11,Technical,Medium,3.0,27.336388888888887
1109,2581,2024-03-31,2024-03-31 09:33:44,General,Low,0.0,9.562222222222223
1110,4849,2024-08-06,2024-08-06 17:02:30,Billing,Low,4.0,17.041666666666668
1111,1375,2024-08-23,2024-08-23 09:24:40,Technical,Medium,2.0,9.411111111111111
1112,1375,2024-12-03,2024-12-03 10:18:53,Technical,Medium,4.0,10.314722222222223
1113,1375,2024-10-18,2024-10-18 10:00:00,Billing,Low,5.0,10.0
1114,157,2024-10-25,2024-10-26 12:45:23,Billing,High,0.0,36.756388888888885
1115,157,2024-10-01,2024-10-01 08:11:33,Technical,Medium,0.0,8.1925
1116,1676,2024-10-27,2024-10-27 10:30:06,General,High,0.0,10.501666666666667
1117,1676,2024-07-01,2024-07-02 02:38:35,General,Low,0.0,26.643055555555556
1118,1676,2024-10-29,2024-10-29 08:44:24,Technical,High,0.0,8.74
1119,1676,2024-03-23,2024-03-23 08:25:28,Technical,Low,5.0,8.424444444444445
1120,1427,2024-04-18,2024-04-18 10:30:23,Technical,Low,0.0,10.506388888888889
1121,1427,2024-05-27,2024-05-27 01:30:00,Technical,Low,5.0,1.5
1122,1427,2024-12-25,,Technical,Medium,0.0,
1123,364,2024-05-20,2024-05-21 01:43:01,General,High,3.0,25.716944444444444
1124,364,2024-06-17,2024-06-17 17:01:39,Technical,Low,5.0,17.0275
1125,1616,2024-03-05,2024-03-06 20:34:29,Technical,Medium,0.0,44.57472222222222
1126,1616,2024-01-17,2024-01-17 06:19:21,Technical,Low,0.0,6.3225
1127,567,2024-11-24,2024-11-24 08:44:23,General,Medium,3.0,8.739722222222222
1128,567,2024-04-04,,Technical,Medium,0.0,
1129,567,2024-09-28,,Technical,High,0.0,
1130,1282,2024-02-03,2024-02-03 20:12:41,Billing,Low,0.0,20.211388888888887
1131,1282,2024-10-29,2024-10-30 10:04:39,Billing,Medium,0.0,34.0775
1132,1282,2024-10-03,2024-10-03 23:23:59,Billing,Medium,4.0,23.399722222222223
1133,3272,2024-07-01,,Billing,Low,0.0,
1134,3272,2024-07-31,2024-07-31 11:24:47,Technical,Medium,0.0,11.413055555555555
1135,3272,2024-06-14,,Billing,Medium,0.0,
1136,3272,2024-09-15,,Technical,Low,0.0,
1137,3272,2024-05-20,2024-05-20 16:12:44,General,Low,0.0,16.212222222222223
1138,532,2024-05-30,,Technical,Low,0.0,
1139,532,2024-01-04,2024-01-04 21:48:02,Technical,Low,5.0,21.800555555555555
1140,4074,2024-04-20,2024-04-20 07:28:00,Technical,Medium,0.0,7.466666666666667
1141,4074,2024-12-18,2024-12-18 17:57:22,Technical,Low,3.0,17.95611111111111
1142,1423,2024-01-31,2024-01-31 07:13:54,General,Low,0.0,7.2316666666666665
1143,1423,2024-03-07,2024-03-07 07:07:06,Billing,Low,0.0,7.118333333333333
1144,1423,2024-10-06,,Technical,Medium,0.0,
1145,1423,2024-09-16,2024-09-16 23:34:33,Technical,Low,4.0,23.575833333333332
1146,1423,2024-01-29,2024-01-29 23:58:58,Billing,Low,5.0,23.982777777777777
1147,975,2024-10-29,,General,Medium,0.0,
1148,975,2024-09-20,2024-09-20 17:52:21,General,Medium,5.0,17.8725
1149,975,2024-07-07,2024-07-08 01:01:32,Technical,Low,3.0,25.025555555555556
1150,975,2024-06-10,,Technical,Low,0.0,
1151,975,2024-05-24,,Technical,Medium,0.0,
1152,607,2024-06-15,2024-06-15 09:47:20,Billing,Medium,0.0,9.78888888888889
1153,607,2024-02-23,2024-02-23 04:45:14,Billing,Low,5.0,4.753888888888889
1154,607,2024-01-27,2024-01-27 15:20:10,General,Low,5.0,15.33611111111111
1155,607,2024-05-29,2024-05-29 03:14:24,Technical,Medium,0.0,3.24
1156,2758,2024-01-16,2024-01-16 13:00:06,General,Low,0.0,13.001666666666667
1157,1157,2024-08-07,2024-08-07 08:24:12,Technical,Low,4.0,8.403333333333334
1158,1157,2024-01-29,2024-01-29 04:03:46,Technical,Medium,0.0,4.062777777777778
1159,1157,2024-10-21,2024-10-21 11:54:57,Technical,Low,0.0,11.915833333333333
1160,1157,2024-01-27,2024-01-27 11:56:22,General,Medium,0.0,11.939444444444444
1161,4899,2024-12-01,2024-12-01 00:20:47,Technical,High,0.0,0.3463888888888889
1162,4899,2024-10-04,2024-10-04 20:25:29,Technical,Low,4.0,20.424722222222222
1163,2198,2024-04-04,2024-04-05 03:48:21,General,Low,4.0,27.805833333333332
1164,2198,2024-04-16,,Billing,Low,0.0,
1165,2971,2024-01-11,2024-01-11 19:06:06,Billing,Low,0.0,19.101666666666667
1166,2971,2024-10-06,2024-10-06 17:56:04,Technical,Medium,4.0,17.934444444444445
1167,2971,2024-05-12,,General,Low,0.0,
1168,2971,2024-06-14,,Billing,High,0.0,
1169,2971,2024-11-03,2024-11-03 02:21:53,General,Low,0.0,2.3647222222222224
1170,24,2024-02-05,2024-02-05 06:42:08,Billing,Medium,4.0,6.702222222222222
1171,2587,2024-04-16,2024-04-16 15:30:12,Billing,Medium,1.0,15.503333333333334
1172,2587,2024-04-27,2024-04-27 20:56:40,General,Low,0.0,20.944444444444443
1173,2587,2024-09-09,2024-09-09 09:56:49,Billing,Medium,3.0,9.946944444444444
1174,2587,2024-11-18,2024-11-18 10:09:21,Technical,Low,5.0,10.155833333333334
1175,2587,2024-05-31,2024-05-31 05:20:05,Technical,Medium,5.0,5.334722222222222
1176,1098,2024-02-20,2024-02-20 08:15:27,Technical,Low,5.0,8.2575
1177,1098,2024-08-24,2024-08-24 15:42:26,Billing,Medium,5.0,15.707222222222223
1178,1098,2024-12-13,2024-12-13 20:21:41,Technical,Low,0.0,20.36138888888889
1179,1373,2024-10-14,,Technical,Low,0.0,
1180,425,2024-08-30,2024-08-31 09:13:46,Technical,Medium,0.0,33.22944444444445
1181,1922,2024-08-17,2024-08-17 13:00:11,General,Low,5.0,13.003055555555555
1182,1922,2024-07-07,,Technical,Low,0.0,
1183,3010,2024-12-25,2024-12-25 16:32:19,Technical,Low,5.0,16.538611111111113
1184,3010,2024-05-31,2024-05-31 16:03:34,Technical,High,0.0,16.059444444444445
1185,3010,2024-02-11,2024-02-11 08:12:02,Billing,Medium,2.0,8.200555555555555
1186,3010,2024-07-25,2024-07-25 16:09:35,Technical,High,0.0,16.15972222222222
1187,1403,2024-09-24,2024-09-25 00:09:52,Technical,Low,5.0,24.164444444444445
1188,1403,2024-06-08,2024-06-08 06:47:13,Billing,Low,4.0,6.786944444444444
1189,1403,2024-07-30,2024-07-30 14:43:12,Billing,Medium,0.0,14.72
1190,3280,2024-08-29,,General,Low,0.0,
1191,2788,2024-05-19,2024-05-19 17:51:07,Technical,Low,0.0,17.851944444444445
1192,2788,2024-03-09,2024-03-09 21:45:15,Technical,Low,5.0,21.754166666666666
1193,2788,2024-11-18,2024-11-18 16:58:38,Billing,Low,0.0,16.977222222222224
1194,2788,2024-03-30,2024-03-30 15:27:50,Technical,High,3.0,15.463888888888889
1195,2788,2024-06-09,2024-06-09 06:14:04,Billing,Medium,0.0,6.234444444444445
1196,4399,2024-04-28,2024-04-28 07:10:13,Billing,Medium,5.0,7.170277777777778
1197,4399,2024-01-08,2024-01-09 02:31:07,General,Low,4.0,26.51861111111111
1198,4399,2024-01-18,2024-01-19 11:26:55,Billing,Low,5.0,35.44861111111111
1199,4399,2024-12-29,2024-12-30 02:53:07,General,Medium,2.0,26.885277777777777
1200,4399,2024-06-20,2024-06-20 13:30:55,Billing,Low,3.0,13.515277777777778
1201,3624,2024-03-13,2024-03-13 07:15:29,Billing,Medium,4.0,7.258055555555556
1202,3624,2024-09-29,2024-09-30 00:54:17,General,Low,4.0,24.904722222222222
1203,3624,2024-07-21,2024-07-21 04:21:27,General,Low,0.0,4.3575
1204,3624,2024-07-03,,General,Medium,0.0,
1205,3624,2024-08-06,2024-08-06 19:48:03,Technical,High,0.0,19.800833333333333
1206,4856,2024-01-25,2024-01-25 19:36:51,Technical,Low,3.0,19.614166666666666
1207,3082,2024-04-28,2024-04-28 09:14:34,Technical,Medium,0.0,9.242777777777778
1208,3082,2024-10-27,2024-10-27 04:11:49,Billing,Medium,0.0,4.196944444444444
1209,2178,2024-10-02,,Technical,High,0.0,
1210,2178,2024-02-04,2024-02-04 11:47:48,Technical,High,3.0,11.796666666666667
1211,2178,2024-03-14,2024-03-14 16:53:27,General,Low,0.0,16.890833333333333
1212,4350,2024-03-09,,Technical,Medium,0.0,
1213,4350,2024-07-15,2024-07-15 17:55:30,Technical,Low,4.0,17.925
1214,1237,2024-12-29,2024-12-29 21:03:18,Technical,Medium,3.0,21.055
1215,1237,2024-10-03,2024-10-03 10:38:07,Technical,Low,4.0,10.635277777777778
1216,1237,2024-11-15,2024-11-15 11:41:39,Billing,Medium,5.0,11.694166666666666
1217,1237,2024-12-28,2024-12-29 19:38:51,General,Low,5.0,43.6475
1218,3190,2024-06-20,2024-06-21 04:32:16,Technical,Medium,5.0,28.537777777777777
1219,3190,2024-10-04,2024-10-04 20:02:22,Technical,Medium,0.0,20.039444444444445
1220,3190,2024-06-07,2024-06-07 03:54:45,Billing,Low,1.0,3.9125
1221,3190,2024-10-28,,General,Medium,0.0,
1222,3190,2024-01-11,,General,Medium,0.0,
1223,948,2024-03-14,2024-03-14 06:59:00,General,Low,0.0,6.983333333333333
1224,948,2024-03-15,,Billing,Low,0.0,
1225,948,2024-02-25,2024-02-25 15:49:02,Billing,Low,5.0,15.817222222222222
1226,948,2024-10-16,2024-10-16 05:51:17,Technical,Low,4.0,5.854722222222223
1227,3133,2024-10-10,2024-10-10 20:22:13,Billing,Low,0.0,20.370277777777776
1228,3133,2024-03-17,2024-03-18 04:29:10,Technical,High,5.0,28.48611111111111
1229,1868,2024-04-04,2024-04-05 00:26:12,Billing,Low,5.0,24.436666666666667
1230,2941,2024-12-05,2024-12-05 01:16:32,Technical,Medium,0.0,1.2755555555555556
1231,2941,2024-11-01,,Technical,Medium,0.0,
1232,2941,2024-11-25,2024-11-25 04:39:30,Billing,Medium,5.0,4.658333333333333
1233,2941,2024-08-22,2024-08-22 10:15:11,Billing,Low,3.0,10.253055555555555
1234,2941,2024-07-09,2024-07-09 11:18:32,Technical,Low,0.0,11.30888888888889
1235,750,2024-07-30,,Technical,High,0.0,
1236,750,2024-03-20,2024-03-20 10:58:24,Technical,Low,4.0,10.973333333333333
1237,750,2024-11-02,2024-11-02 04:18:33,Technical,Low,4.0,4.309166666666667
1238,750,2024-01-31,2024-01-31 06:22:44,Billing,High,0.0,6.378888888888889
1239,750,2024-06-13,,General,Low,0.0,
1240,3936,2024-08-08,2024-08-08 07:41:02,Billing,Medium,0.0,7.683888888888889
1241,3936,2024-01-25,2024-01-25 23:49:43,Technical,High,1.0,23.828611111111112
1242,3936,2024-11-22,2024-11-22 09:40:09,Technical,High,1.0,9.669166666666667
1243,3936,2024-03-15,2024-03-15 12:19:02,General,High,2.0,12.317222222222222
1244,1679,2024-08-14,2024-08-14 07:02:43,Technical,Medium,0.0,7.045277777777778
1245,1679,2024-12-16,,Technical,Low,0.0,
1246,1679,2024-08-20,,Billing,High,0.0,
1247,1679,2024-08-22,2024-08-22 00:40:25,Billing,Low,4.0,0.6736111111111112
1248,3521,2024-02-23,2024-02-23 10:57:41,Technical,Low,5.0,10.961388888888889
1249,3521,2024-12-05,2024-12-05 07:32:38,Technical,Low,0.0,7.543888888888889
1250,3521,2024-11-23,2024-11-23 10:45:05,Technical,Medium,4.0,10.751388888888888
1251,2526,2024-01-22,,Technical,Low,0.0,
1252,2526,2024-01-31,2024-01-31 10:14:03,Technical,Low,5.0,10.234166666666667
1253,3881,2024-05-04,2024-05-04 07:23:43,Billing,High,2.0,7.395277777777777
1254,3881,2024-05-11,2024-05-11 23:26:54,General,Low,4.0,23.448333333333334
1255,3881,2024-05-15,2024-05-15 20:39:01,Technical,High,3.0,20.650277777777777
1256,3881,2024-11-29,2024-11-30 08:22:44,Billing,High,4.0,32.37888888888889
1257,3478,2024-05-08,2024-05-08 09:32:26,Technical,Low,4.0,9.540555555555555
1258,3478,2024-08-13,2024-08-14 03:51:04,General,Low,0.0,27.851111111111113
1259,3478,2024-08-16,,General,Low,0.0,
1260,659,2024-06-27,2024-06-27 10:09:48,Billing,Low,0.0,10.163333333333334
1261,659,2024-07-09,2024-07-09 22:08:28,General,Low,0.0,22.141111111111112
1262,659,2024-10-06,2024-10-06 02:18:09,Billing,Low,4.0,2.3025
1263,659,2024-12-30,,General,Low,0.0,
1264,1103,2024-12-27,2024-12-28 11:41:35,Technical,High,3.0,35.69305555555555
1265,28,2024-11-23,2024-11-25 00:19:30,General,Low,3.0,48.325
1266,28,2024-12-08,2024-12-08 15:05:00,Billing,High,2.0,15.083333333333334
1267,28,2024-07-18,2024-07-18 08:24:37,Billing,Low,5.0,8.410277777777777
1268,28,2024-08-22,2024-08-22 06:28:41,Billing,Medium,0.0,6.478055555555556
1269,706,2024-01-07,2024-01-07 09:27:51,Technical,Low,5.0,9.464166666666667
1270,706,2024-02-07,2024-02-07 07:21:29,Technical,Medium,0.0,7.358055555555556
1271,706,2024-10-30,2024-10-30 10:29:46,Billing,High,2.0,10.49611111111111
1272,1983,2024-02-05,,Technical,Medium,0.0,
1273,3975,2024-07-01,2024-07-02 18:39:56,General,High,0.0,42.66555555555556
1274,3975,2024-01-06,2024-01-06 23:42:17,General,Medium,0.0,23.704722222222223
1275,4624,2024-05-14,2024-05-14 09:11:00,Technical,Low,0.0,9.183333333333334
1276,4624,2024-08-09,2024-08-10 12:38:49,Billing,Medium,4.0,36.64694444444444
1277,4624,2024-03-29,2024-03-30 09:03:13,General,Medium,0.0,33.05361111111111
1278,4624,2024-07-02,2024-07-02 14:21:30,Billing,Medium,3.0,14.358333333333333
1279,4624,2024-11-16,2024-11-16 12:15:02,Technical,Medium,4.0,12.250555555555556
1280,3095,2024-12-02,2024-12-03 10:51:38,Billing,Low,0.0,34.86055555555556
1281,3095,2024-09-24,2024-09-26 08:10:38,Technical,Medium,0.0,56.17722222222222
1282,3095,2024-10-31,2024-10-31 04:40:07,Technical,Medium,3.0,4.668611111111111
1283,4124,2024-10-05,2024-10-05 14:40:12,Technical,High,0.0,14.67
1284,4124,2024-04-09,2024-04-09 15:47:12,Technical,Low,4.0,15.786666666666667
1285,4124,2024-05-28,2024-05-28 22:58:16,Billing,Medium,4.0,22.97111111111111
1286,4124,2024-10-09,,Technical,Low,0.0,
1287,3914,2024-09-08,2024-09-08 20:46:18,Technical,High,4.0,20.77166666666667
1288,3914,2024-03-31,,Billing,Medium,0.0,
1289,3887,2024-08-01,2024-08-01 07:29:44,General,Low,0.0,7.495555555555556
1290,4844,2024-08-29,2024-08-30 01:36:44,Technical,Low,5.0,25.612222222222222
1291,4844,2024-08-21,2024-08-21 20:34:17,General,Low,4.0,20.57138888888889
1292,4844,2024-09-04,2024-09-04 04:39:15,Technical,Medium,5.0,4.654166666666667
1293,4844,2024-08-23,,Technical,High,0.0,
1294,4844,2024-01-14,2024-01-15 00:50:04,General,Medium,0.0,24.834444444444443
1295,4478,2024-08-04,2024-08-04 10:26:56,Technical,Low,5.0,10.448888888888888
1296,4478,2024-01-28,,Technical,Low,0.0,
1297,4478,2024-09-27,2024-09-27 04:56:11,Technical,Low,0.0,4.936388888888889
1298,4478,2024-05-07,,Technical,Medium,0.0,
1299,4478,2024-07-12,2024-07-12 08:17:10,Technical,Low,0.0,8.286111111111111
1300,1224,2024-01-06,2024-01-07 06:37:51,General,Low,0.0,30.63083333333333
1301,1224,2024-06-05,2024-06-05 06:24:06,General,Low,5.0,6.401666666666666
1302,1224,2024-02-14,2024-02-14 05:30:40,Technical,Medium,1.0,5.511111111111111
1303,1224,2024-09-18,,Technical,Low,0.0,
1304,1224,2024-04-09,2024-04-09 15:05:24,Billing,High,0.0,15.09
1305,345,2024-05-26,,Technical,Low,0.0,
1306,345,2024-07-22,2024-07-23 00:57:46,Technical,Low,4.0,24.962777777777777
1307,2229,2024-12-25,,Technical,Low,0.0,
1308,2229,2024-05-21,2024-05-21 18:55:53,Billing,High,2.0,18.93138888888889
1309,3996,2024-09-18,2024-09-19 08:51:09,General,Low,5.0,32.8525
1310,3996,2024-10-01,2024-10-01 08:49:07,General,High,1.0,8.81861111111111
1311,4981,2024-08-18,,Technical,High,0.0,
1312,4981,2024-08-12,,Billing,High,0.0,
1313,4981,2024-01-21,,Technical,Low,0.0,
1314,759,2024-03-18,2024-03-18 05:17:12,Technical,Medium,5.0,5.286666666666667
1315,759,2024-12-27,2024-12-27 14:39:23,General,Low,4.0,14.65638888888889
1316,759,2024-12-27,,Technical,Medium,0.0,
1317,759,2024-10-28,2024-10-28 08:24:39,Technical,Medium,0.0,8.410833333333333
1318,759,2024-09-18,2024-09-19 04:38:33,Technical,Medium,1.0,28.6425
1319,2553,2024-02-21,2024-02-22 07:33:13,Billing,Low,0.0,31.55361111111111
1320,2553,2024-01-05,2024-01-05 13:43:05,Billing,High,0.0,13.718055555555555
1321,2553,2024-11-24,2024-11-26 13:41:42,Technical,Medium,5.0,61.695
1322,2553,2024-04-04,2024-04-04 04:49:04,Technical,Low,0.0,4.817777777777778
1323,2553,2024-02-21,2024-02-21 16:33:11,Billing,Low,4.0,16.553055555555556
1324,223,2024-07-15,,Billing,Medium,0.0,
1325,223,2024-10-07,2024-10-08 04:14:17,Technical,Low,4.0,28.238055555555555
1326,223,2024-06-08,2024-06-08 15:30:58,Technical,Low,0.0,15.516111111111112
1327,223,2024-12-02,2024-12-02 13:29:47,Billing,Low,0.0,13.49638888888889
1328,223,2024-03-11,2024-03-11 05:21:17,Billing,High,0.0,5.354722222222223
1329,3598,2024-11-02,,Billing,Medium,0.0,
1330,3598,2024-01-27,2024-01-28 10:48:18,Technical,Medium,4.0,34.805
1331,525,2024-08-13,2024-08-13 16:08:21,Technical,High,2.0,16.139166666666668
1332,525,2024-07-09,2024-07-10 02:42:02,Technical,Low,3.0,26.700555555555557
1333,525,2024-09-12,2024-09-12 11:26:52,Technical,Medium,5.0,11.447777777777778
1334,525,2024-01-23,2024-01-23 09:12:56,Technical,High,5.0,9.215555555555556
1335,3943,2024-08-25,2024-08-26 02:37:03,Technical,High,3.0,26.6175
1336,3943,2024-03-29,2024-03-29 10:06:25,Technical,Medium,0.0,10.106944444444444
1337,3943,2024-01-28,2024-01-28 00:45:27,Technical,Medium,0.0,0.7575
1338,3943,2024-09-01,2024-09-01 05:46:58,Technical,Low,0.0,5.782777777777778
1339,3943,2024-12-07,,General,Low,0.0,
1340,57,2024-05-26,2024-05-26 09:27:51,Technical,Low,3.0,9.464166666666667
1341,57,2024-10-05,2024-10-05 14:08:47,Technical,Low,4.0,14.14638888888889
1342,4266,2024-08-22,2024-08-22 17:46:28,Billing,Medium,0.0,17.774444444444445
1343,4266,2024-08-13,2024-08-14 08:33:05,Billing,Low,5.0,32.55138888888889
1344,4266,2024-05-15,2024-05-15 08:23:31,Technical,High,0.0,8.391944444444444
1345,3076,2024-04-09,2024-04-09 10:32:35,General,Low,5.0,10.543055555555556
1346,3076,2024-02-21,,Billing,Low,0.0,
1347,3076,2024-01-25,2024-01-25 08:59:40,Billing,Low,0.0,8.994444444444444
1348,591,2024-02-10,2024-02-10 08:15:16,Technical,Medium,4.0,8.254444444444445
1349,591,2024-06-25,2024-06-25 03:58:49,Technical,Low,3.0,3.980277777777778
1350,591,2024-04-07,2024-04-08 00:41:58,Technical,Low,4.0,24.699444444444445
1351,591,2024-09-02,2024-09-02 11:39:07,Technical,Medium,0.0,11.651944444444444
1352,3516,2024-11-26,2024-11-26 08:11:43,Technical,Medium,5.0,8.195277777777777
1353,3516,2024-09-13,2024-09-13 20:01:44,Technical,High,0.0,20.02888888888889
1354,3516,2024-12-03,,General,Medium,0.0,
1355,3516,2024-12-13,,Billing,Low,0.0,
1356,3268,2024-12-25,2024-12-25 05:20:35,Technical,Medium,5.0,5.343055555555556
1357,3268,2024-01-15,2024-01-15 09:02:29,General,High,0.0,9.04138888888889
1358,3268,2024-05-05,2024-05-05 03:00:05,Billing,Medium,3.0,3.001388888888889
1359,3268,2024-06-25,2024-06-25 07:41:51,Billing,Medium,0.0,7.6975
1360,3268,2024-04-24,2024-04-24 10:18:38,Technical,High,2.0,10.310555555555556
1361,1382,2024-08-13,,General,Low,0.0,
1362,1382,2024-03-08,2024-03-08 08:07:54,Technical,Low,0.0,8.131666666666666
1363,1382,2024-12-11,2024-12-11 09:31:09,Technical,Low,4.0,9.519166666666667
1364,1382,2024-09-15,2024-09-15 13:22:28,Billing,Low,3.0,13.374444444444444
1365,2740,2024-10-25,,Technical,Low,0.0,
1366,1240,2024-05-17,2024-05-17 11:26:43,Technical,Low,0.0,11.445277777777777
1367,968,2024-07-15,2024-07-15 09:22:01,Billing,Low,4.0,9.366944444444444
1368,578,2024-05-23,,Technical,Low,0.0,
1369,578,2024-01-01,2024-01-01 10:19:18,Technical,Medium,0.0,10.321666666666667
1370,1561,2024-08-18,,Technical,Medium,0.0,
1371,4079,2024-05-05,2024-05-05 10:09:59,Billing,Low,5.0,10.16638888888889
1372,4079,2024-02-06,2024-02-06 07:32:01,Technical,Medium,0.0,7.533611111111111
1373,3312,2024-11-15,2024-11-15 11:09:32,General,High,0.0,11.158888888888889
1374,3312,2024-10-09,2024-10-09 07:13:11,Technical,Low,4.0,7.219722222222222
1375,2370,2024-01-13,2024-01-13 08:13:56,Technical,Low,5.0,8.232222222222223
1376,2370,2024-02-26,2024-02-26 17:54:38,Technical,High,0.0,17.910555555555554
1377,2370,2024-12-17,,General,Low,0.0,
1378,2370,2024-09-10,2024-09-11 00:03:05,Technical,Low,5.0,24.051388888888887
1379,1365,2024-07-25,2024-07-25 22:58:07,Technical,High,1.0,22.968611111111112
1380,1365,2024-12-13,2024-12-13 17:03:09,Billing,Medium,0.0,17.0525
1381,1365,2024-07-10,,Billing,Medium,0.0,
1382,828,2024-01-20,2024-01-20 11:06:06,Billing,Medium,5.0,11.101666666666667
1383,883,2024-12-29,2024-12-29 22:00:26,General,Medium,5.0,22.00722222222222
1384,4258,2024-03-25,,Technical,High,0.0,
1385,4258,2024-01-06,2024-01-06 19:39:03,Technical,Low,0.0,19.650833333333335
1386,4258,2024-04-18,2024-04-18 13:33:18,General,Low,0.0,13.555
1387,8,2024-01-26,2024-01-26 14:21:27,Technical,High,4.0,14.3575
1388,8,2024-07-06,2024-07-06 12:16:05,Technical,Low,3.0,12.268055555555556
1389,8,2024-08-01,2024-08-01 10:58:31,Billing,Medium,0.0,10.975277777777778
1390,8,2024-09-23,2024-09-23 21:16:24,General,Medium,5.0,21.273333333333333
1391,8,2024-10-18,2024-10-19 03:21:23,Billing,Low,0.0,27.35638888888889
1392,3390,2024-08-17,2024-08-17 02:21:15,Billing,High,0.0,2.3541666666666665
1393,3390,2024-02-08,2024-02-08 17:58:57,Billing,Medium,4.0,17.9825
1394,3390,2024-05-27,,Technical,Low,0.0,
1395,3430,2024-05-22,2024-05-22 10:21:46,Technical,High,0.0,10.362777777777778
1396,3430,2024-01-15,2024-01-15 06:47:29,Technical,Low,5.0,6.791388888888889
1397,3430,2024-04-15,,Technical,Low,0.0,
1398,3430,2024-09-12,2024-09-12 16:19:25,Technical,Low,4.0,16.323611111111113
1399,4463,2024-11-01,,Technical,Low,0.0,
1400,4463,2024-08-27,2024-08-27 17:54:35,Billing,Low,0.0,17.90972222222222
1401,4463,2024-09-07,2024-09-07 08:02:06,Technical,Low,4.0,8.035
1402,1002,2024-06-02,2024-06-02 21:15:04,Technical,Low,5.0,21.25111111111111
1403,1002,2024-03-21,2024-03-21 17:09:55,Technical,Low,2.0,17.165277777777778
1404,4888,2024-11-29,2024-11-29 11:34:29,General,Low,5.0,11.574722222222222
1405,4888,2024-01-18,2024-01-18 16:04:10,Billing,Low,0.0,16.069444444444443
1406,4888,2024-06-18,,Billing,Low,0.0,
1407,3428,2024-03-03,2024-03-03 05:36:07,General,Medium,0.0,5.601944444444444
1408,3428,2024-07-04,2024-07-04 17:39:52,Technical,Low,5.0,17.664444444444445
1409,3428,2024-08-13,2024-08-13 10:37:55,Billing,Low,0.0,10.631944444444445
1410,3428,2024-02-07,2024-02-07 12:01:35,Billing,Low,0.0,12.026388888888889
1411,3428,2024-11-15,2024-11-15 01:44:27,General,Low,2.0,1.7408333333333332
1412,3248,2024-01-25,2024-01-25 05:24:58,Technical,High,0.0,5.416111111111111
1413,3248,2024-11-09,2024-11-11 08:38:55,Technical,Low,0.0,56.64861111111111
1414,3248,2024-01-24,2024-01-24 01:08:26,Technical,Medium,0.0,1.1405555555555555
1415,3248,2024-08-12,2024-08-12 11:25:38,Technical,Low,4.0,11.427222222222222
1416,3837,2024-04-04,2024-04-04 20:40:31,Billing,High,0.0,20.67527777777778
1417,3837,2024-07-11,2024-07-11 22:11:13,Billing,Low,4.0,22.186944444444446
1418,2646,2024-08-09,,Technical,Medium,0.0,
1419,2646,2024-05-03,2024-05-03 14:12:30,Technical,Low,0.0,14.208333333333334
1420,2646,2024-11-06,2024-11-07 14:24:05,General,Low,3.0,38.40138888888889
1421,2646,2024-09-29,2024-09-29 16:48:07,Billing,Low,0.0,16.801944444444445
1422,1718,2024-09-21,2024-09-21 15:50:42,General,Low,0.0,15.845
1423,1541,2024-09-13,,Billing,Low,0.0,
1424,1541,2024-09-13,2024-09-13 09:25:41,Technical,Low,0.0,9.428055555555556
1425,1541,2024-09-15,2024-09-16 01:21:22,Billing,High,0.0,25.35611111111111
1426,1541,2024-05-07,2024-05-07 11:48:36,Technical,Low,0.0,11.81
1427,1412,2024-08-11,,General,Medium,0.0,
1428,1412,2024-03-15,,Technical,Medium,0.0,
1429,1412,2024-03-04,2024-03-04 15:44:49,Technical,Low,0.0,15.746944444444445
1430,1412,2024-01-28,2024-01-28 16:22:42,Technical,Medium,0.0,16.378333333333334
1431,1412,2024-03-11,2024-03-11 21:27:56,Technical,Low,0.0,21.465555555555557
1432,4417,2024-05-23,2024-05-24 05:40:09,General,Low,4.0,29.669166666666666
1433,4417,2024-12-29,2024-12-29 23:14:04,Billing,Medium,0.0,23.234444444444446
1434,4417,2024-10-24,2024-10-24 16:01:41,Technical,Medium,4.0,16.028055555555557
1435,4653,2024-10-08,2024-10-09 20:55:47,Technical,Medium,5.0,44.929722222222225
1436,4653,2024-05-09,2024-05-09 11:27:32,General,Medium,0.0,11.45888888888889
1437,3699,2024-03-30,2024-03-31 02:16:14,Technical,Low,5.0,26.270555555555557
1438,3699,2024-11-15,2024-11-15 16:59:10,Technical,Medium,5.0,16.98611111111111
1439,4708,2024-02-18,,Technical,Medium,0.0,
1440,4708,2024-10-09,2024-10-09 14:55:46,Billing,Low,0.0,14.929444444444444
1441,4708,2024-10-11,2024-10-11 17:54:39,Technical,Low,4.0,17.910833333333333
1442,4708,2024-04-13,2024-04-13 10:13:22,Technical,Medium,5.0,10.222777777777777
1443,2241,2024-04-04,,Technical,High,0.0,
1444,3796,2024-02-25,2024-02-25 04:47:20,General,High,0.0,4.788888888888889
1445,2995,2024-06-30,,Billing,Low,0.0,
1446,4562,2024-08-22,2024-08-22 05:22:43,Billing,Low,5.0,5.378611111111111
1447,4562,2024-02-05,2024-02-05 06:25:11,Billing,Low,4.0,6.419722222222222
1448,4775,2024-04-19,2024-04-19 09:12:49,Billing,High,3.0,9.213611111111112
1449,4775,2024-07-28,2024-07-28 04:34:50,Technical,High,3.0,4.580555555555556
1450,4589,2024-12-02,2024-12-02 05:37:56,Billing,Low,4.0,5.6322222222222225
1451,4589,2024-08-21,2024-08-21 12:53:54,Technical,Low,4.0,12.898333333333333
1452,4589,2024-04-27,,Billing,Low,0.0,
1453,4589,2024-01-27,2024-01-27 13:13:02,Billing,High,3.0,13.217222222222222
1454,4589,2024-12-13,2024-12-14 01:57:33,Technical,Low,0.0,25.95916666666667
1455,3801,2024-05-13,2024-05-13 08:59:58,Technical,Medium,3.0,8.999444444444444
1456,3801,2024-09-10,,Technical,Low,0.0,
1457,3801,2024-04-09,2024-04-09 06:20:36,Billing,Low,4.0,6.343333333333334
1458,1162,2024-04-29,2024-04-29 05:47:21,Billing,High,0.0,5.789166666666667
1459,1162,2024-02-14,2024-02-14 06:51:33,Technical,High,0.0,6.859166666666667
1460,1162,2024-12-21,2024-12-21 13:56:01,Technical,Low,4.0,13.93361111111111
1461,4388,2024-08-12,2024-08-12 04:59:20,General,Medium,4.0,4.988888888888889
1462,4388,2024-03-07,2024-03-07 12:17:59,Billing,Low,4.0,12.299722222222222
1463,4388,2024-10-29,,Technical,High,0.0,
1464,4388,2024-05-30,2024-05-30 17:06:41,General,Low,0.0,17.11138888888889
1465,4388,2024-08-15,2024-08-16 02:42:55,Billing,Low,3.0,26.71527777777778
1466,1071,2024-07-28,2024-07-28 03:52:48,General,Low,3.0,3.88
1467,1071,2024-06-25,,Billing,Medium,0.0,
1468,3009,2024-01-26,2024-01-26 08:09:07,Technical,Medium,2.0,8.151944444444444
1469,3009,2024-05-29,2024-05-29 10:52:58,Billing,Medium,0.0,10.882777777777777
1470,3009,2024-12-17,2024-12-17 23:13:26,Technical,Low,5.0,23.22388888888889
1471,4087,2024-08-31,2024-09-02 08:15:10,General,Medium,3.0,56.25277777777778
1472,4087,2024-07-13,,Technical,Medium,0.0,
1473,4087,2024-03-20,,Technical,Medium,0.0,
1474,4087,2024-04-30,2024-04-30 13:31:40,Billing,Medium,4.0,13.527777777777779
1475,4087,2024-01-09,2024-01-09 16:23:54,Technical,High,3.0,16.398333333333333
1476,1688,2024-03-06,2024-03-06 06:45:56,Billing,Low,0.0,6.765555555555555
1477,4381,2024-03-03,2024-03-03 01:46:20,Technical,Medium,2.0,1.7722222222222221
1478,4381,2024-09-02,2024-09-03 04:41:18,Technical,Medium,3.0,28.688333333333333
1479,2203,2024-01-18,,Billing,Low,0.0,
1480,2203,2024-01-23,2024-01-24 10:21:10,Technical,Low,5.0,34.352777777777774
1481,2203,2024-05-25,2024-05-26 09:56:24,Technical,Low,3.0,33.94
1482,2203,2024-02-14,,Technical,Low,0.0,
1483,2203,2024-07-03,2024-07-03 13:19:12,Technical,Low,0.0,13.32
1484,2168,2024-06-06,2024-06-06 09:36:42,Technical,Low,1.0,9.611666666666666
1485,2168,2024-12-20,2024-12-20 10:24:37,General,Medium,5.0,10.410277777777777
1486,1077,2024-12-29,2024-12-29 15:16:13,General,Medium,5.0,15.270277777777778
1487,1077,2024-01-14,2024-01-14 07:57:24,Technical,Low,5.0,7.956666666666667
1488,1077,2024-12-09,2024-12-10 01:30:55,Technical,Medium,3.0,25.51527777777778
1489,1077,2024-06-12,2024-06-12 10:19:39,General,Medium,4.0,10.3275
1490,1077,2024-04-16,,Technical,Low,0.0,
1491,2539,2024-07-04,2024-07-04 15:36:43,Technical,Low,5.0,15.611944444444445
1492,2539,2024-06-19,2024-06-19 22:59:20,Technical,Low,5.0,22.988888888888887
1493,2539,2024-07-08,2024-07-08 23:02:57,Technical,Medium,2.0,23.049166666666668
1494,2539,2024-01-07,,General,Medium,0.0,
1495,2539,2024-02-08,2024-02-08 07:44:32,Billing,Low,5.0,7.742222222222222
1496,1622,2024-10-27,2024-10-27 11:08:35,Technical,Low,3.0,11.143055555555556
1497,1622,2024-03-10,2024-03-10 09:55:24,Technical,Low,0.0,9.923333333333334
1498,1622,2024-07-19,2024-07-19 06:58:46,General,Low,0.0,6.979444444444445
1499,1209,2024-10-12,2024-10-12 04:43:39,General,High,3.0,4.7275
1500,2571,2024-07-02,,Billing,Medium,0.0,
1501,2571,2024-01-05,2024-01-05 12:00:00,Technical,Low,5.0,12.0
1502,3877,2024-04-08,2024-04-09 07:14:27,Technical,Medium,0.0,31.240833333333335
1503,3962,2024-05-19,2024-05-19 18:14:23,Technical,Low,0.0,18.239722222222223
1504,3962,2024-01-03,2024-01-03 07:08:51,General,Low,4.0,7.1475
1505,3962,2024-08-15,2024-08-17 15:05:51,General,Low,5.0,63.0975
1506,4410,2024-08-25,2024-08-25 19:28:16,Billing,Medium,2.0,19.47111111111111
1507,4410,2024-10-22,2024-10-22 14:38:01,Technical,Medium,4.0,14.633611111111112
1508,4678,2024-01-21,2024-01-21 20:57:37,General,High,3.0,20.960277777777776
1509,4678,2024-09-04,2024-09-04 03:48:36,Billing,High,2.0,3.81
1510,4678,2024-11-25,2024-11-25 11:46:26,General,Low,0.0,11.773888888888889
1511,4678,2024-10-16,2024-10-17 00:30:57,Technical,Low,0.0,24.515833333333333
1512,758,2024-09-18,2024-09-18 16:34:34,General,Medium,3.0,16.57611111111111
1513,758,2024-08-25,2024-08-26 02:53:57,Billing,Medium,5.0,26.899166666666666
1514,4334,2024-09-24,2024-09-24 20:47:31,Technical,Low,2.0,20.791944444444443
1515,4334,2024-02-17,2024-02-17 12:30:17,Technical,Low,5.0,12.504722222222222
1516,4334,2024-04-07,2024-04-07 06:59:09,Billing,Low,0.0,6.985833333333333
1517,4334,2024-01-06,2024-01-06 08:12:23,Technical,Medium,4.0,8.206388888888888
1518,4334,2024-10-08,2024-10-08 11:32:21,Technical,High,0.0,11.539166666666667
1519,322,2024-02-15,2024-02-16 13:42:06,Technical,Low,3.0,37.70166666666667
1520,322,2024-01-23,2024-01-23 08:15:07,Technical,Low,0.0,8.251944444444444
1521,322,2024-06-19,2024-06-19 12:21:15,Billing,Low,3.0,12.354166666666666
1522,849,2024-02-04,2024-02-05 01:30:16,Technical,Medium,2.0,25.504444444444445
1523,849,2024-08-03,2024-08-04 14:30:17,Technical,Medium,5.0,38.50472222222222
1524,1943,2024-08-15,2024-08-15 15:25:39,Technical,Medium,5.0,15.4275
1525,1943,2024-04-03,2024-04-03 00:33:10,Technical,Low,0.0,0.5527777777777778
1526,2414,2024-07-18,2024-07-18 07:14:27,Technical,High,3.0,7.240833333333334
1527,2414,2024-10-29,2024-10-30 18:30:00,Technical,Medium,0.0,42.5
1528,3579,2024-02-26,2024-02-26 03:17:07,Technical,Medium,2.0,3.285277777777778
1529,3579,2024-07-03,2024-07-03 04:22:16,Technical,Low,4.0,4.371111111111111
1530,3579,2024-01-14,,Technical,Medium,0.0,
1531,3579,2024-04-01,2024-04-01 10:31:15,Billing,Low,4.0,10.520833333333334
1532,4595,2024-07-20,,Billing,Low,0.0,
1533,4595,2024-11-04,2024-11-04 21:14:10,Technical,Low,5.0,21.23611111111111
1534,4595,2024-09-06,2024-09-06 23:27:12,Billing,Low,0.0,23.453333333333333
1535,4595,2024-03-06,2024-03-06 11:01:08,Technical,High,4.0,11.018888888888888
1536,4595,2024-12-18,2024-12-18 06:48:18,Technical,High,4.0,6.805
1537,1769,2024-02-19,2024-02-19 20:50:08,General,Low,4.0,20.835555555555555
1538,1769,2024-04-19,2024-04-19 02:19:13,Technical,Low,3.0,2.3202777777777777
1539,1769,2024-10-21,2024-10-21 01:22:59,General,Low,2.0,1.3830555555555555
1540,1769,2024-12-28,2024-12-28 16:21:52,Technical,Low,5.0,16.364444444444445
1541,2557,2024-01-14,2024-01-14 03:03:24,Technical,Medium,5.0,3.0566666666666666
1542,2557,2024-09-05,2024-09-05 18:06:00,Technical,Low,5.0,18.1
1543,2557,2024-10-07,2024-10-07 02:21:06,Billing,Low,0.0,2.3516666666666666
1544,2281,2024-09-10,2024-09-10 10:29:00,Billing,High,0.0,10.483333333333333
1545,2281,2024-05-08,,Billing,Medium,0.0,
1546,2281,2024-10-11,2024-10-11 04:17:11,Technical,Low,4.0,4.286388888888889
1547,2281,2024-12-28,2024-12-29 18:48:01,Billing,Low,3.0,42.80027777777778
1548,2281,2024-05-14,2024-05-14 08:42:18,Billing,Medium,0.0,8.705
1549,1378,2024-12-01,2024-12-01 02:54:51,Billing,Low,5.0,2.9141666666666666
1550,2022,2024-09-30,,Technical,Low,0.0,
1551,492,2024-01-28,2024-01-28 06:52:18,Billing,Medium,4.0,6.871666666666667
1552,2816,2024-11-23,,Technical,Medium,0.0,
1553,2816,2024-07-12,,General,Medium,0.0,
1554,1950,2024-09-13,2024-09-13 12:53:16,Technical,Medium,0.0,12.887777777777778
1555,1950,2024-06-18,2024-06-19 04:40:06,Technical,Low,4.0,28.668333333333333
1556,1950,2024-07-12,2024-07-12 13:07:29,General,High,3.0,13.124722222222223
1557,1950,2024-04-09,2024-04-10 03:52:33,Technical,Medium,4.0,27.875833333333333
1558,1950,2024-11-16,2024-11-16 23:30:15,Technical,Medium,0.0,23.504166666666666
1559,3386,2024-08-02,,Technical,High,0.0,
1560,3386,2024-09-24,2024-09-24 09:44:08,Technical,Low,5.0,9.735555555555555
1561,3386,2024-08-15,2024-08-15 02:28:00,Billing,Medium,5.0,2.466666666666667
1562,2410,2024-02-27,2024-02-27 04:42:05,Technical,Medium,2.0,4.701388888888889
1563,2410,2024-06-14,2024-06-14 00:59:05,Technical,Low,0.0,0.9847222222222223
1564,2410,2024-03-04,2024-03-04 04:07:16,General,Low,4.0,4.121111111111111
1565,2410,2024-09-13,2024-09-13 07:59:48,Technical,Low,5.0,7.996666666666667
1566,606,2024-10-19,2024-10-19 11:09:01,Technical,Low,5.0,11.150277777777777
1567,606,2024-07-03,2024-07-03 08:29:40,General,Low,0.0,8.494444444444444
1568,606,2024-09-02,2024-09-02 16:13:43,Technical,High,4.0,16.22861111111111
1569,606,2024-05-23,2024-05-23 09:16:38,Technical,Medium,4.0,9.277222222222223
1570,574,2024-03-14,2024-03-15 13:38:56,Billing,High,3.0,37.64888888888889
1571,574,2024-03-29,2024-03-30 00:39:11,Billing,Low,0.0,24.653055555555557
1572,1754,2024-08-19,,Billing,Medium,0.0,
1573,1754,2024-03-15,2024-03-16 05:40:38,General,Medium,4.0,29.677222222222223
1574,1754,2024-10-15,2024-10-15 10:53:38,Billing,Low,0.0,10.893888888888888
1575,1754,2024-12-05,2024-12-05 11:02:35,Billing,Low,3.0,11.043055555555556
1576,264,2024-01-22,2024-01-22 12:30:29,Technical,Low,5.0,12.508055555555556
1577,264,2024-09-16,2024-09-16 20:44:49,Technical,Low,4.0,20.746944444444445
1578,264,2024-04-25,2024-04-27 10:44:54,Billing,Medium,0.0,58.748333333333335
1579,2359,2024-02-15,2024-02-15 02:46:24,General,Low,5.0,2.7733333333333334
1580,2359,2024-09-16,2024-09-17 10:35:25,Technical,High,4.0,34.59027777777778
1581,2359,2024-04-13,2024-04-13 16:31:03,General,Medium,4.0,16.5175
1582,2359,2024-01-13,2024-01-13 15:18:25,Billing,High,0.0,15.306944444444444
1583,625,2024-01-18,2024-01-18 12:59:52,Billing,Low,5.0,12.997777777777777
1584,625,2024-12-03,,Technical,Low,0.0,
1585,625,2024-11-13,2024-11-13 22:25:41,General,Low,5.0,22.428055555555556
1586,625,2024-08-17,2024-08-17 08:37:20,Technical,Low,4.0,8.622222222222222
1587,625,2024-01-07,2024-01-07 05:15:28,Billing,Low,3.0,5.257777777777778
1588,3001,2024-03-03,2024-03-03 08:47:13,Billing,Low,5.0,8.786944444444444
1589,3001,2024-03-05,,Billing,Low,0.0,
1590,1933,2024-11-15,,Technical,High,0.0,
1591,1933,2024-11-06,2024-11-06 17:02:46,Billing,Low,3.0,17.04611111111111
1592,1933,2024-05-05,2024-05-05 20:12:31,Technical,High,3.0,20.20861111111111
1593,1933,2024-06-25,2024-06-26 18:31:53,Technical,Low,0.0,42.53138888888889
1594,283,2024-09-02,,Technical,Medium,0.0,
1595,3324,2024-07-26,,General,Low,0.0,
1596,3324,2024-07-26,2024-07-27 03:11:18,Technical,Low,5.0,27.188333333333333
1597,3324,2024-09-26,,Billing,Low,0.0,
1598,1334,2024-08-30,2024-08-31 04:33:03,General,Low,4.0,28.550833333333333
1599,1334,2024-05-20,,Technical,Low,0.0,
1600,1334,2024-08-15,2024-08-15 07:15:46,Technical,Low,0.0,7.262777777777778
1601,1334,2024-10-23,,Technical,Low,0.0,
1602,4934,2024-07-01,,Billing,Low,0.0,
1603,4934,2024-03-04,2024-03-04 02:23:06,Billing,Medium,4.0,2.385
1604,4934,2024-12-19,,Technical,Medium,0.0,
1605,4934,2024-06-10,,Billing,Low,0.0,
1606,2384,2024-01-05,2024-01-06 00:26:27,General,Medium,4.0,24.440833333333334
1607,2384,2024-10-15,,Technical,Medium,0.0,
1608,2384,2024-11-26,2024-11-26 10:05:12,Billing,Low,0.0,10.086666666666666
1609,2384,2024-12-10,,General,High,0.0,
1610,2981,2024-08-22,,Technical,Low,0.0,
1611,2245,2024-05-02,2024-05-02 20:17:14,Technical,High,0.0,20.287222222222223
1612,2619,2024-08-23,2024-08-23 02:13:13,Technical,Low,0.0,2.2202777777777776
1613,2619,2024-06-14,,Billing,Low,0.0,
1614,2619,2024-10-01,2024-10-01 03:45:35,Technical,Low,0.0,3.7597222222222224
1615,2619,2024-06-19,2024-06-19 03:14:04,Technical,Medium,0.0,3.2344444444444442
1616,2793,2024-01-01,2024-01-01 10:37:22,Technical,Low,0.0,10.622777777777777
1617,4963,2024-07-28,2024-07-28 04:34:51,Billing,Medium,2.0,4.5808333333333335
1618,4963,2024-01-13,2024-01-13 22:16:18,General,Medium,5.0,22.27166666666667
1619,4963,2024-10-07,2024-10-07 16:59:43,Technical,Medium,3.0,16.995277777777776
1620,4963,2024-06-23,2024-06-24 14:32:27,Technical,Low,0.0,38.54083333333333
1621,4963,2024-05-17,2024-05-18 15:41:32,Technical,Low,0.0,39.69222222222222
1622,4936,2024-03-09,2024-03-09 08:48:27,Billing,Low,4.0,8.8075
1623,4936,2024-03-22,2024-03-22 06:23:58,Technical,Medium,0.0,6.399444444444445
1624,3783,2024-01-06,,Billing,Low,0.0,
1625,3783,2024-04-23,2024-04-23 10:25:10,Billing,High,3.0,10.419444444444444
1626,3783,2024-12-20,2024-12-20 08:05:14,General,High,0.0,8.087222222222222
1627,427,2024-03-30,2024-03-30 10:48:41,Technical,Low,3.0,10.811388888888889
1628,427,2024-02-15,2024-02-15 15:08:31,General,Medium,3.0,15.141944444444444
1629,427,2024-09-18,2024-09-19 13:51:29,General,High,2.0,37.85805555555555
1630,427,2024-02-04,2024-02-04 12:57:22,Billing,Low,0.0,12.956111111111111
1631,2700,2024-02-20,2024-02-21 18:07:46,Technical,Medium,4.0,42.129444444444445
1632,2700,2024-10-11,2024-10-11 15:49:26,Technical,Low,0.0,15.823888888888888
1633,2700,2024-05-13,,Technical,Medium,0.0,
1634,3398,2024-10-30,2024-10-30 21:22:34,General,High,0.0,21.37611111111111
1635,4735,2024-08-05,2024-08-05 07:14:42,General,Low,0.0,7.245
1636,4735,2024-01-17,2024-01-17 10:29:29,Technical,Low,4.0,10.491388888888888
1637,4735,2024-10-01,2024-10-01 15:59:29,Technical,High,2.0,15.991388888888888
1638,1433,2024-11-17,2024-11-17 06:22:15,Billing,Medium,5.0,6.370833333333334
1639,1433,2024-06-17,2024-06-18 03:00:18,Technical,Medium,5.0,27.005
1640,4057,2024-05-24,2024-05-24 11:44:45,Technical,Low,0.0,11.745833333333334
1641,4057,2024-12-15,2024-12-15 08:32:18,Billing,Medium,3.0,8.538333333333334
1642,4057,2024-03-08,2024-03-08 12:59:07,Billing,Low,0.0,12.985277777777778
1643,3916,2024-02-07,2024-02-07 05:37:58,General,High,2.0,5.632777777777778
1644,4,2024-03-20,2024-03-20 12:06:18,Technical,Low,4.0,12.105
1645,4456,2024-10-12,,General,Low,0.0,
1646,4456,2024-03-09,2024-03-09 17:42:12,General,Low,5.0,17.703333333333333
1647,4456,2024-09-21,2024-09-22 00:30:16,Technical,High,0.0,24.504444444444445
1648,4456,2024-01-01,2024-01-01 17:40:18,Billing,Low,0.0,17.671666666666667
1649,3455,2024-06-16,2024-06-16 05:36:56,Technical,Medium,4.0,5.615555555555556
1650,2911,2024-02-16,2024-02-17 02:32:21,Billing,High,3.0,26.539166666666667
1651,2911,2024-07-24,2024-07-24 08:51:05,Billing,Low,0.0,8.85138888888889
1652,2911,2024-03-05,2024-03-05 05:06:32,Technical,Low,4.0,5.108888888888889
1653,4166,2024-02-28,2024-02-28 09:54:39,Technical,Low,0.0,9.910833333333333
1654,4166,2024-04-08,2024-04-08 05:45:44,Billing,Medium,5.0,5.762222222222222
1655,131,2024-10-04,2024-10-04 02:03:26,Billing,Medium,0.0,2.0572222222222223
1656,1945,2024-02-22,2024-02-22 20:29:16,General,Low,0.0,20.48777777777778
1657,1945,2024-05-29,2024-05-29 10:48:14,General,High,5.0,10.803888888888888
1658,3444,2024-12-27,2024-12-27 16:05:08,General,High,4.0,16.085555555555555
1659,3444,2024-03-12,,Technical,High,0.0,
1660,3444,2024-01-28,2024-01-28 18:43:12,Billing,Low,5.0,18.72
1661,3444,2024-10-05,2024-10-05 17:36:41,Technical,Medium,3.0,17.61138888888889
1662,3444,2024-04-23,2024-04-23 20:51:52,Billing,Low,4.0,20.864444444444445
1663,403,2024-12-03,,General,Low,0.0,
1664,403,2024-11-24,2024-11-24 08:19:40,Technical,High,3.0,8.327777777777778
1665,403,2024-07-10,2024-07-11 12:46:54,Technical,Medium,2.0,36.781666666666666
1666,2295,2024-12-02,,Technical,High,0.0,
1667,2295,2024-03-07,2024-03-07 15:37:37,Technical,Low,0.0,15.626944444444444
1668,2295,2024-10-14,2024-10-14 04:44:05,Technical,Low,5.0,4.7347222222222225
1669,2295,2024-05-14,,Technical,Low,0.0,
1670,2698,2024-09-09,2024-09-09 15:51:25,General,Low,0.0,15.856944444444444
1671,2698,2024-01-04,2024-01-04 09:43:32,Technical,Low,5.0,9.725555555555555
1672,2698,2024-04-23,2024-04-23 04:05:11,Technical,High,0.0,4.086388888888889
1673,406,2024-05-27,2024-05-27 22:02:43,General,Medium,4.0,22.045277777777777
1674,406,2024-03-22,2024-03-23 20:35:23,Technical,High,5.0,44.58972222222222
1675,406,2024-07-31,2024-07-31 06:21:43,Technical,High,4.0,6.361944444444444
1676,406,2024-02-03,2024-02-03 10:04:33,Technical,Low,5.0,10.075833333333334
1677,104,2024-02-28,2024-02-28 15:02:40,Technical,High,0.0,15.044444444444444
1678,104,2024-09-15,2024-09-15 17:16:21,General,Low,0.0,17.2725
1679,104,2024-11-02,,Billing,Low,0.0,
1680,4045,2024-10-04,2024-10-04 13:27:04,Technical,Medium,0.0,13.45111111111111
1681,4045,2024-12-02,2024-12-02 20:37:27,General,Low,0.0,20.624166666666667
1682,2564,2024-03-19,2024-03-19 19:16:03,General,Low,5.0,19.2675
1683,2564,2024-08-19,2024-08-19 21:40:54,Billing,High,2.0,21.68166666666667
1684,4549,2024-07-26,2024-07-26 02:39:54,Technical,Low,0.0,2.665
1685,4549,2024-11-24,2024-11-24 09:42:21,Technical,Low,0.0,9.705833333333333
1686,4549,2024-10-23,2024-10-23 02:33:42,Technical,High,0.0,2.5616666666666665
1687,4549,2024-07-15,2024-07-15 09:40:37,Technical,Low,5.0,9.676944444444445
1688,4549,2024-12-17,2024-12-18 03:10:00,Technical,Low,5.0,27.166666666666668
1689,1465,2024-08-04,2024-08-05 09:48:26,General,Medium,0.0,33.80722222222222
1690,1465,2024-02-23,2024-02-25 03:46:34,Billing,Low,5.0,51.77611111111111
1691,1221,2024-05-22,2024-05-23 03:10:21,Technical,Low,0.0,27.1725
1692,1221,2024-09-25,2024-09-25 02:37:00,Billing,High,0.0,2.6166666666666667
1693,940,2024-02-03,,Billing,High,0.0,
1694,940,2024-07-12,2024-07-12 15:39:17,Billing,Low,4.0,15.654722222222222
1695,1755,2024-01-03,2024-01-03 15:45:06,General,Medium,4.0,15.751666666666667
1696,1755,2024-10-13,2024-10-13 07:02:55,General,Medium,4.0,7.048611111111111
1697,3441,2024-04-29,2024-04-30 06:21:11,Technical,Medium,1.0,30.353055555555557
1698,3441,2024-03-09,2024-03-10 03:52:00,Technical,Low,0.0,27.866666666666667
1699,3441,2024-06-28,,General,Medium,0.0,
1700,3441,2024-11-16,2024-11-16 01:18:28,General,High,5.0,1.3077777777777777
1701,1245,2024-07-29,2024-07-29 07:07:23,General,Low,4.0,7.123055555555555
1702,1245,2024-09-08,2024-09-08 01:40:35,Technical,Low,4.0,1.676388888888889
1703,1245,2024-09-19,2024-09-19 03:41:22,Billing,High,3.0,3.6894444444444443
1704,1245,2024-10-09,2024-10-09 03:06:59,Billing,Low,0.0,3.116388888888889
1705,3978,2024-02-13,,Billing,Medium,0.0,
1706,3978,2024-06-16,,Technical,High,0.0,
1707,3978,2024-10-08,,Technical,Medium,0.0,
1708,3978,2024-09-10,2024-09-10 15:46:11,Technical,Low,4.0,15.769722222222223
1709,3978,2024-12-13,,Billing,Medium,0.0,
1710,595,2024-05-04,2024-05-05 00:17:02,Billing,Medium,4.0,24.28388888888889
1711,595,2024-06-02,2024-06-04 11:22:47,Technical,Low,4.0,59.37972222222222
1712,595,2024-12-07,2024-12-08 04:07:49,Billing,High,4.0,28.130277777777778
1713,595,2024-08-12,2024-08-12 12:42:01,Technical,High,3.0,12.700277777777778
1714,595,2024-08-16,2024-08-17 07:08:50,Technical,High,3.0,31.147222222222222
1715,2580,2024-03-28,2024-03-28 03:00:42,Billing,Medium,5.0,3.0116666666666667
1716,2580,2024-09-19,2024-09-19 16:02:43,General,Low,5.0,16.045277777777777
1717,1085,2024-05-21,2024-05-21 17:30:12,Billing,Low,0.0,17.503333333333334
1718,1085,2024-09-06,2024-09-06 08:07:47,General,Low,5.0,8.129722222222222
1719,1085,2024-05-19,2024-05-19 11:24:48,Technical,Low,0.0,11.413333333333334
1720,4328,2024-09-05,2024-09-05 15:38:16,Technical,Low,0.0,15.637777777777778
1721,4328,2024-09-26,2024-09-26 21:15:10,Technical,Low,4.0,21.252777777777776
1722,4328,2024-06-05,2024-06-05 03:42:31,Billing,Low,0.0,3.7086111111111113
1723,4328,2024-01-31,2024-01-31 19:27:41,Technical,Medium,0.0,19.461388888888887
1724,4610,2024-09-19,2024-09-19 04:26:07,Technical,Low,4.0,4.435277777777777
1725,4610,2024-11-06,2024-11-06 13:23:46,Technical,Medium,0.0,13.39611111111111
1726,4610,2024-07-16,2024-07-16 08:11:53,Technical,Low,5.0,8.198055555555555
1727,3963,2024-08-18,2024-08-18 11:19:08,Technical,Medium,0.0,11.318888888888889
1728,1987,2024-03-11,2024-03-11 11:11:06,Technical,High,0.0,11.185
1729,156,2024-06-25,2024-06-25 12:13:19,General,Low,0.0,12.221944444444444
1730,156,2024-05-04,2024-05-04 06:03:32,General,Medium,5.0,6.058888888888889
1731,156,2024-01-29,2024-01-29 19:37:30,Billing,Low,0.0,19.625
1732,156,2024-03-26,2024-03-26 13:45:23,Billing,Medium,0.0,13.756388888888889
1733,2497,2024-06-30,,Technical,Medium,0.0,
1734,2497,2024-11-18,2024-11-18 10:58:28,Technical,Low,0.0,10.974444444444444
1735,2497,2024-12-13,2024-12-13 08:08:55,Billing,Low,5.0,8.14861111111111
1736,2497,2024-01-27,,Technical,Medium,0.0,
1737,2497,2024-06-20,2024-06-20 15:50:00,General,Low,5.0,15.833333333333334
1738,3238,2024-09-01,2024-09-01 17:32:53,Technical,Medium,4.0,17.548055555555557
1739,3238,2024-01-04,2024-01-04 19:15:07,Technical,Low,5.0,19.251944444444444
1740,3238,2024-12-21,2024-12-21 06:47:44,General,Medium,0.0,6.795555555555556
1741,3238,2024-11-29,,Technical,High,0.0,
1742,603,2024-11-07,2024-11-07 09:20:40,Billing,Low,3.0,9.344444444444445
1743,603,2024-02-04,,Technical,Low,0.0,
1744,603,2024-03-06,2024-03-06 11:37:26,Technical,Low,5.0,11.623888888888889
1745,603,2024-12-01,2024-12-01 11:48:57,Technical,Low,5.0,11.815833333333334
1746,1527,2024-02-21,2024-02-21 10:23:34,Technical,Low,0.0,10.392777777777777
1747,1527,2024-11-11,2024-11-11 08:58:01,Technical,Medium,4.0,8.966944444444444
1748,1527,2024-08-25,2024-08-25 21:05:18,Technical,Low,2.0,21.088333333333335
1749,1527,2024-11-14,2024-11-14 13:17:40,General,Low,0.0,13.294444444444444
1750,1527,2024-11-21,2024-11-21 17:17:39,General,Low,5.0,17.294166666666666
1751,4552,2024-07-07,,Technical,Low,0.0,
1752,4552,2024-05-16,,Billing,Low,0.0,
1753,392,2024-11-14,2024-11-14 07:28:56,Technical,Low,4.0,7.482222222222222
1754,392,2024-12-24,2024-12-24 13:30:44,Billing,Medium,5.0,13.512222222222222
1755,392,2024-07-29,,Technical,Low,0.0,
1756,392,2024-04-15,2024-04-15 23:32:10,Technical,Medium,0.0,23.53611111111111
1757,3171,2024-11-19,2024-11-19 06:12:00,Billing,Medium,2.0,6.2
1758,3171,2024-01-23,2024-01-24 19:39:25,Technical,Low,5.0,43.65694444444444
1759,3171,2024-01-15,2024-01-15 10:18:48,Technical,Low,0.0,10.313333333333333
1760,3171,2024-01-13,2024-01-13 14:32:49,Billing,Medium,0.0,14.546944444444444
1761,1661,2024-06-08,2024-06-09 09:49:04,Technical,Medium,4.0,33.81777777777778
1762,1661,2024-06-08,2024-06-08 11:13:54,General,Medium,0.0,11.231666666666667
1763,1815,2024-07-03,2024-07-03 20:37:49,General,High,0.0,20.630277777777778
1764,1815,2024-08-20,2024-08-20 02:03:53,Technical,High,1.0,2.064722222222222
1765,1815,2024-03-02,2024-03-02 18:00:11,Technical,High,3.0,18.003055555555555
1766,2418,2024-06-23,,General,Low,0.0,
1767,609,2024-01-20,,Technical,Medium,0.0,
1768,609,2024-01-24,,General,Medium,0.0,
1769,609,2024-08-16,,Billing,Low,0.0,
1770,1518,2024-02-25,2024-02-26 03:30:17,Billing,Low,0.0,27.504722222222224
1771,1518,2024-01-19,2024-01-19 15:19:39,Technical,Medium,0.0,15.3275
1772,1518,2024-10-23,2024-10-23 22:36:34,Technical,Low,5.0,22.609444444444446
1773,3499,2024-10-21,,Billing,Medium,0.0,
1774,3499,2024-02-20,2024-02-20 11:26:01,Technical,Low,0.0,11.43361111111111
1775,3499,2024-03-07,2024-03-07 12:12:42,Billing,Low,4.0,12.211666666666666
1776,3823,2024-05-28,,Technical,Medium,0.0,
1777,3823,2024-03-09,,Billing,Medium,0.0,
1778,3823,2024-09-13,2024-09-14 15:28:30,Technical,Low,5.0,39.475
1779,3823,2024-07-17,,Technical,Low,0.0,
1780,3823,2024-10-24,2024-10-24 12:39:14,Technical,Medium,0.0,12.653888888888888
1781,2222,2024-11-08,2024-11-08 16:18:18,Billing,Low,3.0,16.305
1782,2222,2024-03-26,,Technical,Low,0.0,
1783,2870,2024-01-14,2024-01-14 04:55:46,Billing,Medium,2.0,4.929444444444444
1784,2870,2024-08-14,,Technical,Low,0.0,
1785,2870,2024-04-05,2024-04-05 07:02:53,Technical,Medium,5.0,7.048055555555556
1786,2870,2024-01-13,2024-01-13 16:08:38,General,Low,5.0,16.14388888888889
1787,2870,2024-09-11,2024-09-11 05:46:49,Billing,Medium,0.0,5.780277777777778
1788,4436,2024-03-28,2024-03-28 05:39:51,Technical,Medium,0.0,5.664166666666667
1789,4436,2024-02-17,2024-02-17 20:23:33,Billing,Medium,0.0,20.3925
1790,4436,2024-10-24,2024-10-25 01:47:00,Technical,Low,0.0,25.783333333333335
1791,4436,2024-06-03,,Billing,High,0.0,
1792,2762,2024-06-09,2024-06-10 11:51:51,Billing,Low,5.0,35.86416666666667
1793,4050,2024-02-01,2024-02-01 06:17:56,Billing,Low,0.0,6.2988888888888885
1794,4050,2024-08-27,2024-08-28 01:40:45,Technical,Medium,0.0,25.679166666666667
1795,818,2024-10-01,,Billing,Low,0.0,
1796,818,2024-03-14,2024-03-14 17:58:33,General,Low,4.0,17.975833333333334
1797,818,2024-03-08,2024-03-10 04:44:26,General,Low,4.0,52.74055555555555
1798,818,2024-11-12,2024-11-12 12:31:40,General,Low,4.0,12.527777777777779
1799,2544,2024-11-02,2024-11-02 13:11:15,Technical,Medium,3.0,13.1875
1800,2544,2024-12-01,2024-12-01 03:20:45,Billing,Low,2.0,3.345833333333333
1801,723,2024-09-29,2024-09-29 16:34:06,Technical,Low,4.0,16.56833333333333
1802,723,2024-08-03,2024-08-04 04:59:27,General,Medium,4.0,28.990833333333335
1803,723,2024-05-08,2024-05-08 14:56:03,Billing,Low,5.0,14.934166666666666
1804,723,2024-11-23,2024-11-23 12:51:01,Billing,Medium,2.0,12.850277777777778
1805,723,2024-01-24,2024-01-25 07:42:29,General,Low,0.0,31.708055555555557
1806,2419,2024-09-04,2024-09-04 07:33:52,Technical,High,4.0,7.564444444444445
1807,2419,2024-09-08,2024-09-08 05:17:38,Billing,High,1.0,5.293888888888889
1808,2419,2024-12-15,2024-12-15 09:24:21,Technical,Medium,0.0,9.405833333333334
1809,2419,2024-05-30,2024-05-30 01:40:07,Billing,Low,3.0,1.668611111111111
1810,2419,2024-07-17,2024-07-17 00:30:29,Billing,Medium,0.0,0.5080555555555556
1811,1017,2024-01-07,,Billing,Medium,0.0,
1812,1017,2024-02-01,,Technical,Medium,0.0,
1813,4427,2024-03-14,2024-03-15 05:34:58,Technical,Low,0.0,29.58277777777778
1814,4427,2024-02-19,2024-02-19 07:35:00,Billing,Low,0.0,7.583333333333333
1815,4427,2024-02-19,,Technical,Low,0.0,
1816,4389,2024-12-02,,Billing,Medium,0.0,
1817,4389,2024-05-19,2024-05-19 02:32:19,Billing,Low,0.0,2.538611111111111
1818,4389,2024-11-24,2024-11-24 06:36:29,Technical,Low,0.0,6.608055555555556
1819,4389,2024-08-06,2024-08-06 05:42:56,Billing,Medium,0.0,5.7155555555555555
1820,4389,2024-12-10,2024-12-10 18:17:29,Billing,Medium,4.0,18.29138888888889
1821,4583,2024-11-06,2024-11-06 10:29:53,Billing,Low,0.0,10.498055555555556
1822,4583,2024-11-25,2024-11-25 16:07:59,General,Low,3.0,16.133055555555554
1823,1369,2024-04-16,2024-04-17 14:29:03,Billing,Low,2.0,38.48416666666667
1824,1369,2024-11-08,2024-11-08 15:51:28,Technical,Low,4.0,15.857777777777779
1825,1369,2024-11-09,2024-11-09 07:20:02,Technical,Low,5.0,7.333888888888889
1826,1369,2024-10-31,2024-10-31 14:04:00,General,High,0.0,14.066666666666666
1827,2335,2024-11-09,2024-11-09 09:41:34,Technical,Low,0.0,9.692777777777778
1828,2335,2024-12-19,2024-12-19 12:23:14,Billing,Low,4.0,12.387222222222222
1829,2335,2024-02-11,,Billing,Low,0.0,
1830,2335,2024-01-28,2024-01-28 02:53:05,Technical,Medium,1.0,2.8847222222222224
1831,114,2024-07-31,2024-07-31 08:55:38,Billing,Medium,4.0,8.927222222222222
1832,4397,2024-07-30,2024-07-30 16:36:54,Technical,Low,0.0,16.615
1833,4397,2024-09-06,2024-09-06 04:02:39,Technical,Low,0.0,4.0441666666666665
1834,4397,2024-10-08,2024-10-08 14:21:44,Technical,Low,4.0,14.362222222222222
1835,4397,2024-12-03,2024-12-03 06:11:54,Billing,Low,3.0,6.198333333333333
1836,2555,2024-11-07,2024-11-07 03:59:59,General,Low,5.0,3.999722222222222
1837,2555,2024-04-07,2024-04-07 15:57:24,Technical,Low,4.0,15.956666666666667
1838,2555,2024-12-28,2024-12-28 23:22:46,General,Medium,4.0,23.379444444444445
1839,96,2024-12-07,2024-12-07 10:12:03,Billing,Low,4.0,10.200833333333334
1840,96,2024-03-21,2024-03-22 00:18:56,Billing,Medium,5.0,24.315555555555555
1841,4439,2024-07-31,2024-07-31 20:37:21,Billing,Medium,1.0,20.6225
1842,4439,2024-09-07,2024-09-07 08:35:26,Technical,Low,0.0,8.590555555555556
1843,4439,2024-05-31,,Technical,High,0.0,
1844,4439,2024-03-30,2024-03-30 17:46:56,Billing,Low,5.0,17.782222222222224
1845,4439,2024-11-10,2024-11-11 03:21:43,Technical,Low,0.0,27.361944444444443
1846,2608,2024-11-05,2024-11-06 11:21:58,Billing,Medium,2.0,35.36611111111111
1847,2608,2024-01-31,2024-01-31 13:45:45,Technical,Low,0.0,13.7625
1848,2608,2024-06-14,2024-06-15 05:19:46,General,Medium,4.0,29.329444444444444
1849,1925,2024-02-02,,General,High,0.0,
1850,1925,2024-12-18,2024-12-19 06:08:44,Technical,Low,5.0,30.145555555555557
1851,1925,2024-02-04,,Billing,Medium,0.0,
1852,2676,2024-07-16,,General,Low,0.0,
1853,2676,2024-11-22,2024-11-22 12:15:48,Technical,Medium,3.0,12.263333333333334
1854,2676,2024-05-01,2024-05-01 13:14:46,General,Low,3.0,13.24611111111111
1855,2676,2024-12-16,,Technical,Low,0.0,
1856,2676,2024-12-24,,Billing,High,0.0,
1857,452,2024-10-22,2024-10-23 07:55:52,General,Low,0.0,31.93111111111111
1858,452,2024-09-26,2024-09-27 08:00:59,General,High,0.0,32.01638888888889
1859,452,2024-08-24,2024-08-24 10:12:09,General,High,5.0,10.2025
1860,452,2024-08-31,2024-08-31 12:37:12,General,Low,0.0,12.62
1861,452,2024-08-21,,Billing,Low,0.0,
1862,712,2024-07-05,2024-07-05 18:33:04,Technical,Medium,5.0,18.551111111111112
1863,712,2024-11-02,2024-11-02 04:13:54,Technical,High,5.0,4.2316666666666665
1864,712,2024-09-08,2024-09-09 10:44:18,Technical,Low,4.0,34.73833333333334
1865,2297,2024-11-30,2024-12-01 17:55:29,Billing,Low,5.0,41.92472222222222
1866,2297,2024-01-13,2024-01-14 11:56:15,Technical,Low,5.0,35.9375
1867,3072,2024-04-07,2024-04-07 05:15:58,Billing,Medium,3.0,5.266111111111111
1868,3072,2024-10-09,2024-10-09 16:36:21,Technical,Low,0.0,16.605833333333333
1869,3072,2024-10-27,2024-10-27 08:34:08,Technical,Low,4.0,8.568888888888889
1870,53,2024-05-30,2024-05-30 19:13:19,Technical,Low,3.0,19.221944444444443
1871,53,2024-01-16,2024-01-17 00:14:45,Technical,Medium,0.0,24.245833333333334
1872,53,2024-12-23,,Technical,Low,0.0,
1873,53,2024-06-12,,Technical,Medium,0.0,
1874,1749,2024-10-17,2024-10-17 11:53:45,Technical,Low,0.0,11.895833333333334
1875,1749,2024-05-04,,Technical,Low,0.0,
1876,1749,2024-10-04,2024-10-04 12:18:28,General,Low,0.0,12.307777777777778
1877,1749,2024-12-09,2024-12-09 04:48:25,Billing,High,0.0,4.8069444444444445
1878,1749,2024-03-16,2024-03-16 18:27:00,Technical,Low,0.0,18.45
1879,2712,2024-03-08,2024-03-08 17:31:47,Billing,Medium,0.0,17.529722222222222
1880,2712,2024-09-08,2024-09-08 16:05:19,Technical,Medium,3.0,16.08861111111111
1881,2712,2024-05-05,2024-05-05 11:53:48,General,High,2.0,11.896666666666667
1882,995,2024-05-05,2024-05-05 04:19:07,Billing,Low,4.0,4.318611111111111
1883,995,2024-02-05,,General,High,0.0,
1884,995,2024-07-10,,Technical,Low,0.0,
1885,995,2024-12-18,,Billing,Medium,0.0,
1886,155,2024-07-21,2024-07-21 12:09:55,Technical,High,2.0,12.165277777777778
1887,3493,2024-08-15,2024-08-15 16:30:00,Technical,Low,1.0,16.5
1888,3493,2024-01-04,2024-01-05 02:38:27,Technical,Low,0.0,26.640833333333333
1889,3493,2024-11-06,2024-11-06 14:21:14,General,Medium,5.0,14.35388888888889
1890,4706,2024-04-15,2024-04-15 14:13:18,Billing,Medium,1.0,14.221666666666666
1891,4706,2024-04-21,2024-04-21 05:00:39,General,Medium,4.0,5.010833333333333
1892,4706,2024-09-28,2024-09-28 07:58:03,Technical,Medium,5.0,7.9675
1893,4706,2024-11-03,2024-11-04 03:41:16,Billing,Medium,4.0,27.68777777777778
1894,635,2024-07-29,2024-07-29 17:33:11,Billing,Low,0.0,17.553055555555556
1895,635,2024-10-02,2024-10-02 09:33:24,Technical,Low,0.0,9.556666666666667
1896,635,2024-09-06,2024-09-06 22:33:21,Technical,Low,0.0,22.555833333333332
1897,635,2024-03-27,,Technical,Low,0.0,
1898,3766,2024-09-10,2024-09-10 07:45:27,Technical,High,0.0,7.7575
1899,3766,2024-12-10,2024-12-10 11:54:52,Billing,Medium,5.0,11.914444444444445
1900,2942,2024-08-23,,Technical,Medium,0.0,
1901,2942,2024-01-06,2024-01-08 00:08:19,Billing,Medium,0.0,48.13861111111111
1902,2942,2024-04-03,2024-04-03 09:36:16,Technical,Low,3.0,9.604444444444445
1903,2942,2024-04-21,2024-04-21 12:43:49,General,Medium,4.0,12.730277777777777
1904,2942,2024-02-11,2024-02-11 02:48:43,Billing,Low,4.0,2.8119444444444444
1905,2130,2024-01-23,2024-01-23 16:09:43,Technical,Low,4.0,16.161944444444444
1906,2130,2024-09-12,2024-09-12 12:29:41,Billing,High,3.0,12.494722222222222
1907,2130,2024-10-15,2024-10-15 03:40:50,General,Low,0.0,3.6805555555555554
1908,2130,2024-09-23,,General,Medium,0.0,
1909,69,2024-05-14,2024-05-15 08:28:12,General,Medium,5.0,32.47
1910,69,2024-05-13,,Technical,High,0.0,
1911,69,2024-01-13,2024-01-13 12:24:50,General,High,0.0,12.41388888888889
1912,69,2024-12-29,,Technical,High,0.0,
1913,4450,2024-10-23,2024-10-23 12:43:00,Technical,High,4.0,12.716666666666667
1914,3330,2024-08-06,2024-08-06 08:26:11,General,Low,0.0,8.436388888888889
1915,3330,2024-12-21,,Technical,Low,0.0,
1916,3330,2024-10-14,2024-10-14 22:29:12,Technical,Medium,0.0,22.486666666666668
1917,1042,2024-03-06,2024-03-06 05:39:08,Technical,Low,5.0,5.652222222222222
1918,1042,2024-09-28,2024-09-28 23:28:55,Billing,Low,0.0,23.481944444444444
1919,1042,2024-09-13,2024-09-13 06:50:31,Billing,Low,2.0,6.841944444444445
1920,1042,2024-07-31,,Billing,Medium,0.0,
1921,1513,2024-08-28,2024-08-28 10:54:03,Billing,Low,5.0,10.900833333333333
1922,1513,2024-05-06,2024-05-06 09:09:46,General,Medium,0.0,9.162777777777778
1923,3498,2024-08-19,2024-08-19 06:57:11,General,Low,5.0,6.953055555555555
1924,3498,2024-05-27,,Technical,High,0.0,
1925,2779,2024-08-25,2024-08-25 06:16:36,Billing,High,0.0,6.276666666666666
1926,2779,2024-06-21,2024-06-22 01:57:56,Billing,Medium,4.0,25.965555555555557
1927,2779,2024-01-03,2024-01-03 07:37:52,General,Medium,5.0,7.631111111111111
1928,1889,2024-02-01,2024-02-01 13:22:38,Technical,Low,4.0,13.377222222222223
1929,2690,2024-12-17,2024-12-17 17:08:20,Billing,Low,4.0,17.13888888888889
1930,2690,2024-12-09,2024-12-10 03:52:04,Technical,Low,0.0,27.86777777777778
1931,2690,2024-08-21,2024-08-21 21:33:04,General,Low,4.0,21.551111111111112
1932,2690,2024-01-30,2024-01-31 04:20:13,Billing,Medium,4.0,28.336944444444445
1933,3485,2024-02-22,2024-02-22 16:10:15,Technical,Low,5.0,16.170833333333334
1934,3485,2024-12-25,2024-12-25 21:45:34,General,Low,3.0,21.759444444444444
1935,3485,2024-10-11,2024-10-11 14:48:07,Technical,Medium,0.0,14.801944444444445
1936,3485,2024-03-16,2024-03-16 01:24:38,Technical,Low,4.0,1.4105555555555556
1937,523,2024-03-17,2024-03-17 11:18:14,Billing,High,2.0,11.303888888888888
1938,523,2024-06-03,,Billing,Low,0.0,
1939,17,2024-12-15,2024-12-15 06:26:26,Technical,Low,0.0,6.440555555555555
1940,1644,2024-06-14,2024-06-14 04:52:04,General,Medium,0.0,4.8677777777777775
1941,1644,2024-10-28,2024-10-28 08:35:39,Technical,Medium,0.0,8.594166666666666
1942,1644,2024-11-04,2024-11-05 15:37:20,General,High,0.0,39.62222222222222
1943,2355,2024-04-05,2024-04-05 04:01:23,General,Medium,2.0,4.023055555555556
1944,2355,2024-02-12,2024-02-13 02:40:15,Technical,Medium,5.0,26.670833333333334
1945,2355,2024-05-19,2024-05-19 20:09:01,Billing,Medium,5.0,20.150277777777777
1946,2706,2024-11-07,,General,Low,0.0,
1947,2706,2024-11-10,2024-11-10 04:34:24,General,Medium,5.0,4.573333333333333
1948,1036,2024-06-12,2024-06-12 01:09:09,Technical,High,0.0,1.1525
1949,1036,2024-05-23,2024-05-23 02:56:30,Billing,Medium,5.0,2.941666666666667
1950,1036,2024-06-30,2024-06-30 07:50:57,Billing,Low,4.0,7.849166666666667
1951,4448,2024-08-04,2024-08-04 16:28:30,General,Low,4.0,16.475
1952,4448,2024-04-05,,Billing,Low,0.0,
1953,4448,2024-06-22,2024-06-22 11:30:58,General,Medium,4.0,11.516111111111112
1954,1028,2024-08-08,2024-08-08 04:56:07,General,Low,1.0,4.935277777777777
1955,1012,2024-03-20,2024-03-20 11:28:30,General,Low,0.0,11.475
1956,1012,2024-07-31,2024-07-31 14:42:16,Billing,High,5.0,14.704444444444444
1957,4081,2024-09-25,2024-09-25 04:57:24,General,Medium,4.0,4.956666666666667
1958,2353,2024-04-16,2024-04-16 04:14:29,Technical,Medium,0.0,4.241388888888889
1959,2390,2024-08-15,2024-08-15 07:39:09,Technical,Medium,3.0,7.6525
1960,1140,2024-11-25,2024-11-26 01:01:38,Technical,Medium,2.0,25.02722222222222
1961,1140,2024-10-27,2024-10-27 03:40:17,Technical,Medium,5.0,3.671388888888889
1962,1140,2024-01-18,,Billing,Medium,0.0,
1963,1140,2024-03-19,2024-03-19 10:14:30,Technical,Low,4.0,10.241666666666667
1964,1140,2024-11-11,2024-11-12 01:10:12,Technical,Low,4.0,25.17
1965,3907,2024-01-16,2024-01-16 02:52:43,Technical,Medium,4.0,2.8786111111111112
1966,3907,2024-05-02,2024-05-02 18:05:01,General,Low,4.0,18.08361111111111
1967,3907,2024-12-14,2024-12-14 10:50:48,Billing,Low,0.0,10.846666666666666
1968,4884,2024-01-02,,General,Medium,0.0,
1969,4884,2024-12-29,2024-12-29 20:38:21,Technical,Low,0.0,20.639166666666668
1970,4884,2024-06-26,2024-06-26 10:54:40,Billing,Low,0.0,10.911111111111111
1971,4884,2024-10-04,2024-10-05 05:29:04,Billing,Medium,4.0,29.484444444444446
1972,4884,2024-02-25,2024-02-26 18:56:36,Technical,Medium,4.0,42.943333333333335
1973,4725,2024-08-03,2024-08-03 21:37:04,General,Medium,4.0,21.61777777777778
1974,4725,2024-05-02,2024-05-02 02:16:28,General,Low,0.0,2.2744444444444443
1975,4725,2024-03-19,2024-03-19 23:04:10,General,Medium,4.0,23.069444444444443
1976,790,2024-07-25,2024-07-26 07:29:56,Technical,Low,0.0,31.49888888888889
1977,2543,2024-08-22,,Technical,Low,0.0,
1978,2543,2024-05-06,2024-05-06 11:46:30,Technical,Low,4.0,11.775
1979,2543,2024-02-04,2024-02-04 08:19:05,Technical,Low,3.0,8.318055555555556
1980,2543,2024-01-08,,Technical,Low,0.0,
1981,2543,2024-11-15,,Technical,Low,0.0,
1982,4639,2024-03-15,2024-03-15 12:02:25,Technical,Low,0.0,12.040277777777778
1983,4639,2024-03-25,,Technical,Low,0.0,
1984,4639,2024-10-17,2024-10-17 15:27:59,General,Low,4.0,15.466388888888888
1985,4639,2024-03-03,2024-03-03 18:21:46,Technical,Medium,5.0,18.36277777777778
1986,4639,2024-07-08,,Billing,High,0.0,
1987,2668,2024-12-27,2024-12-27 06:57:59,Billing,Low,0.0,6.966388888888889
1988,2668,2024-04-23,2024-04-23 19:35:28,Billing,Medium,0.0,19.59111111111111
1989,2668,2024-01-04,2024-01-04 21:50:55,Technical,Medium,5.0,21.84861111111111
1990,2668,2024-05-16,2024-05-16 19:10:14,Technical,High,0.0,19.170555555555556
1991,2668,2024-10-26,2024-10-26 12:34:20,Billing,Low,0.0,12.572222222222223
1992,4527,2024-10-15,2024-10-15 10:42:44,Billing,High,3.0,10.712222222222222
1993,4527,2024-06-09,2024-06-09 08:46:14,Technical,Low,5.0,8.770555555555555
1994,4527,2024-12-14,,Billing,High,0.0,
1995,4937,2024-09-26,2024-09-26 20:26:31,Billing,Low,0.0,20.441944444444445
1996,4937,2024-01-14,2024-01-14 13:44:52,Technical,Medium,4.0,13.747777777777777
1997,4937,2024-08-11,2024-08-11 16:52:17,General,Medium,4.0,16.871388888888887
1998,4937,2024-03-02,2024-03-02 05:49:26,Billing,High,4.0,5.823888888888889
1999,4937,2024-03-13,,Technical,Low,0.0,
2000,55,2024-01-25,,Technical,High,0.0,
2001,4804,2024-05-04,2024-05-05 14:21:42,Billing,Medium,0.0,38.361666666666665
2002,4804,2024-10-23,2024-10-23 01:44:36,Technical,Low,0.0,1.7433333333333334
2003,4804,2024-05-10,2024-05-11 13:17:38,Technical,Medium,0.0,37.29388888888889
2004,4766,2024-10-11,2024-10-11 10:25:56,Technical,Medium,5.0,10.432222222222222
2005,4766,2024-07-01,2024-07-01 01:47:45,Billing,Low,5.0,1.7958333333333334
2006,2356,2024-05-17,2024-05-17 03:11:57,Billing,Medium,4.0,3.1991666666666667
2007,1706,2024-10-15,2024-10-15 06:09:25,Billing,High,0.0,6.156944444444444
2008,1706,2024-03-08,2024-03-08 21:45:08,Technical,Low,0.0,21.752222222222223
2009,1706,2024-03-18,,Technical,Low,0.0,
2010,1532,2024-06-30,2024-06-30 19:50:10,Technical,Low,4.0,19.836111111111112
2011,1532,2024-04-12,2024-04-12 11:37:17,Technical,Low,0.0,11.62138888888889
2012,1532,2024-11-17,2024-11-17 08:19:12,Technical,Low,0.0,8.32
2013,1532,2024-07-23,2024-07-23 17:32:14,Billing,High,5.0,17.537222222222223
2014,1532,2024-08-19,2024-08-21 08:12:33,Billing,Low,0.0,56.20916666666667
2015,2801,2024-02-03,2024-02-03 12:22:21,Technical,Low,0.0,12.3725
2016,1831,2024-09-05,2024-09-05 08:05:22,Technical,Medium,0.0,8.089444444444444
2017,1831,2024-11-11,2024-11-11 09:43:59,Technical,Low,5.0,9.733055555555556
2018,2667,2024-04-11,2024-04-11 06:53:08,Billing,High,3.0,6.885555555555555
2019,2667,2024-12-15,2024-12-15 18:43:43,Billing,Low,0.0,18.72861111111111
2020,2667,2024-11-27,2024-11-27 16:37:17,Technical,Medium,5.0,16.621388888888887
2021,2667,2024-04-06,,Billing,Low,0.0,
2022,2492,2024-08-23,2024-08-23 07:46:56,Technical,Low,4.0,7.782222222222222
2023,2492,2024-07-16,2024-07-16 09:30:42,Technical,Medium,0.0,9.511666666666667
2024,442,2024-09-22,2024-09-23 08:11:40,Billing,High,5.0,32.19444444444444
2025,442,2024-01-25,2024-01-25 02:21:53,Technical,Low,4.0,2.3647222222222224
2026,442,2024-12-15,2024-12-15 17:16:38,Billing,Medium,0.0,17.27722222222222
2027,2718,2024-04-06,2024-04-06 19:47:30,Technical,High,0.0,19.791666666666668
2028,2718,2024-02-08,2024-02-08 06:48:33,General,Medium,4.0,6.809166666666667
2029,2718,2024-03-20,2024-03-20 04:29:21,General,Low,4.0,4.489166666666667
2030,899,2024-04-08,2024-04-08 21:09:35,Billing,Low,0.0,21.15972222222222
2031,899,2024-05-17,,General,Low,0.0,
2032,899,2024-11-10,2024-11-10 12:49:10,Billing,Low,0.0,12.819444444444445
2033,899,2024-03-18,,Technical,Low,0.0,
2034,61,2024-06-28,2024-06-28 18:15:07,General,Low,1.0,18.251944444444444
2035,61,2024-06-08,2024-06-08 10:59:21,Technical,Medium,5.0,10.989166666666666
2036,61,2024-08-14,2024-08-14 12:50:39,Technical,Low,4.0,12.844166666666666
2037,61,2024-12-18,,Technical,Low,0.0,
2038,61,2024-04-09,2024-04-09 13:04:09,Billing,High,2.0,13.069166666666666
2039,2461,2024-06-08,2024-06-08 06:03:17,Billing,High,0.0,6.054722222222222
2040,2461,2024-11-27,2024-11-28 15:50:01,Billing,High,3.0,39.83361111111111
2041,1356,2024-10-07,2024-10-07 07:12:04,General,Medium,3.0,7.2011111111111115
2042,545,2024-04-24,2024-04-24 08:07:17,General,Low,5.0,8.12138888888889
2043,545,2024-09-14,,Technical,High,0.0,
2044,545,2024-05-18,2024-05-18 02:36:19,General,High,0.0,2.605277777777778
2045,545,2024-06-30,2024-06-30 07:39:11,General,Low,0.0,7.6530555555555555
2046,545,2024-04-27,2024-04-27 22:57:27,General,Low,0.0,22.9575
2047,3551,2024-02-20,2024-02-20 10:51:47,Technical,Medium,5.0,10.863055555555556
2048,3551,2024-02-24,2024-02-24 22:23:24,Technical,Low,5.0,22.39
2049,3551,2024-02-24,2024-02-24 23:56:06,Technical,High,5.0,23.935
2050,4972,2024-11-29,2024-11-29 15:14:03,Technical,Low,4.0,15.234166666666667
2051,4122,2024-07-14,,Technical,Low,0.0,
2052,2311,2024-08-18,2024-08-18 15:37:12,Billing,Low,5.0,15.62
2053,2311,2024-03-24,2024-03-24 01:56:02,Billing,Low,0.0,1.933888888888889
2054,1078,2024-11-16,2024-11-16 04:40:39,Billing,Medium,4.0,4.6775
2055,2402,2024-12-21,,Billing,High,0.0,
2056,4669,2024-10-20,2024-10-20 16:06:39,Technical,Low,0.0,16.110833333333332
2057,4669,2024-06-14,,General,Low,0.0,
2058,1796,2024-09-23,,General,Medium,0.0,
2059,1796,2024-12-25,2024-12-25 08:36:39,Technical,Medium,5.0,8.610833333333334
2060,3711,2024-07-12,2024-07-12 02:51:52,General,Medium,0.0,2.8644444444444446
2061,3711,2024-05-27,2024-05-27 13:25:49,Billing,Low,5.0,13.430277777777778
2062,3711,2024-12-05,,Technical,Low,0.0,
2063,944,2024-09-12,2024-09-12 06:30:58,Technical,Low,5.0,6.516111111111111
2064,944,2024-04-07,2024-04-07 16:57:12,Technical,Low,4.0,16.953333333333333
2065,944,2024-06-02,2024-06-02 17:44:49,General,Medium,0.0,17.746944444444445
2066,944,2024-02-15,,General,Low,0.0,
2067,944,2024-10-01,,General,Low,0.0,
2068,3977,2024-11-14,2024-11-14 09:57:58,General,High,0.0,9.966111111111111
2069,3977,2024-05-19,2024-05-20 01:13:56,Billing,High,0.0,25.232222222222223
2070,3977,2024-03-27,2024-03-27 12:48:28,Technical,Medium,2.0,12.807777777777778
2071,3977,2024-03-09,2024-03-09 14:49:46,Technical,Medium,0.0,14.829444444444444
2072,3977,2024-05-06,,Technical,Medium,0.0,
2073,1200,2024-04-16,2024-04-17 10:58:40,General,Low,5.0,34.977777777777774
2074,4696,2024-12-22,,Billing,Low,0.0,
2075,4696,2024-05-15,2024-05-15 04:31:48,Technical,Low,4.0,4.53
2076,4696,2024-04-21,2024-04-21 10:14:09,Billing,Medium,4.0,10.235833333333334
2077,1825,2024-02-08,2024-02-09 11:00:17,Billing,Low,0.0,35.00472222222222
2078,1825,2024-12-27,,General,Medium,0.0,
2079,1825,2024-01-07,2024-01-08 00:48:33,Technical,Low,5.0,24.809166666666666
2080,1825,2024-05-31,2024-05-31 03:30:24,Billing,High,0.0,3.506666666666667
2081,1825,2024-12-04,2024-12-04 02:24:29,Technical,High,0.0,2.4080555555555554
2082,3050,2024-09-29,2024-09-30 20:09:18,Technical,Low,0.0,44.155
2083,1185,2024-10-30,2024-10-30 22:01:14,Technical,Medium,0.0,22.020555555555557
2084,1185,2024-02-12,2024-02-12 20:36:57,Technical,High,2.0,20.615833333333335
2085,1185,2024-11-29,2024-11-29 05:52:13,Technical,Medium,0.0,5.870277777777778
2086,1185,2024-04-24,2024-04-24 03:20:15,Technical,Medium,5.0,3.3375
2087,3164,2024-01-16,2024-01-17 14:27:38,Technical,High,0.0,38.46055555555556
2088,3164,2024-01-03,,General,Medium,0.0,
2089,3164,2024-02-15,,Technical,High,0.0,
2090,3307,2024-11-01,,Billing,Low,0.0,
2091,3307,2024-07-12,2024-07-12 04:31:10,Technical,Low,0.0,4.519444444444445
2092,1805,2024-11-21,2024-11-21 02:08:04,Technical,Medium,4.0,2.1344444444444446
2093,1805,2024-10-12,2024-10-12 15:37:32,Technical,Low,0.0,15.625555555555556
2094,1805,2024-05-14,2024-05-14 03:47:11,General,Low,0.0,3.786388888888889
2095,1805,2024-09-01,2024-09-02 00:11:39,Billing,Medium,2.0,24.194166666666668
2096,2531,2024-06-30,2024-06-30 09:56:57,Technical,Low,4.0,9.949166666666667
2097,2531,2024-02-12,2024-02-12 11:31:23,Billing,Medium,4.0,11.523055555555555
2098,2531,2024-02-14,2024-02-14 04:22:05,General,High,2.0,4.368055555555555
2099,2531,2024-04-27,2024-04-27 21:51:59,Billing,Medium,4.0,21.86638888888889
2100,2531,2024-05-30,,Technical,Medium,0.0,
2101,3797,2024-05-16,2024-05-16 07:27:30,Technical,Low,4.0,7.458333333333333
2102,3797,2024-02-20,2024-02-20 16:03:03,Technical,Low,0.0,16.050833333333333
2103,3797,2024-03-25,2024-03-25 07:27:05,Technical,Medium,0.0,7.451388888888889
2104,3797,2024-06-12,2024-06-12 08:09:46,Billing,Medium,5.0,8.162777777777778
2105,4950,2024-08-16,2024-08-16 01:57:44,Technical,Medium,0.0,1.9622222222222223
2106,2403,2024-01-11,2024-01-11 20:06:06,Billing,Low,5.0,20.101666666666667
2107,91,2024-07-19,2024-07-19 18:27:57,Technical,Medium,0.0,18.465833333333332
2108,91,2024-07-17,2024-07-17 04:09:26,Billing,Medium,0.0,4.157222222222222
2109,91,2024-05-23,2024-05-23 23:40:21,Technical,Low,3.0,23.6725
2110,91,2024-11-05,,Technical,Medium,0.0,
2111,91,2024-02-27,2024-02-28 07:24:07,General,High,0.0,31.401944444444446
2112,836,2024-09-13,,Billing,Low,0.0,
2113,1494,2024-07-24,2024-07-26 14:47:29,Technical,Low,4.0,62.79138888888889
2114,1494,2024-08-26,2024-08-26 05:58:12,Technical,Low,0.0,5.97
2115,1494,2024-03-16,2024-03-16 21:49:16,Technical,Low,5.0,21.82111111111111
2116,2867,2024-06-15,2024-06-15 01:08:40,Technical,Low,0.0,1.1444444444444444
2117,2867,2024-03-15,2024-03-15 02:54:25,Technical,Low,4.0,2.9069444444444446
2118,2867,2024-07-27,2024-07-27 04:11:31,Technical,Medium,0.0,4.191944444444444
2119,2867,2024-05-14,2024-05-14 04:04:24,Technical,Low,5.0,4.073333333333333
2120,2867,2024-02-02,2024-02-02 01:00:01,Technical,Low,4.0,1.0002777777777778
2121,3757,2024-01-10,2024-01-10 23:07:42,Technical,Low,5.0,23.128333333333334
2122,231,2024-04-17,,General,Low,0.0,
2123,454,2024-05-07,2024-05-07 09:58:00,Billing,Medium,3.0,9.966666666666667
2124,454,2024-06-09,,Billing,Medium,0.0,
2125,454,2024-10-26,2024-10-26 07:11:31,Billing,Low,0.0,7.191944444444444
2126,454,2024-12-23,2024-12-24 07:48:15,Technical,Low,0.0,31.804166666666667
2127,917,2024-03-03,,Billing,Low,0.0,
2128,917,2024-01-22,2024-01-22 03:22:39,Technical,Medium,1.0,3.3775
2129,917,2024-06-13,2024-06-13 16:37:25,Technical,Medium,3.0,16.62361111111111
2130,917,2024-07-17,,Technical,Medium,0.0,
2131,3602,2024-10-21,2024-10-22 02:35:13,Technical,Low,0.0,26.586944444444445
2132,3602,2024-07-19,2024-07-19 17:00:28,General,Medium,5.0,17.00777777777778
2133,3602,2024-09-12,2024-09-12 15:17:20,Technical,Medium,0.0,15.28888888888889
2134,4413,2024-12-05,2024-12-05 05:24:01,Technical,Medium,5.0,5.400277777777778
2135,4413,2024-05-08,2024-05-08 21:30:36,Technical,Low,2.0,21.51
2136,4413,2024-08-29,2024-08-29 07:35:03,Technical,Medium,1.0,7.5841666666666665
2137,4413,2024-01-26,2024-01-26 19:36:20,Technical,Medium,0.0,19.605555555555554
2138,4413,2024-04-05,2024-04-06 02:05:42,General,Low,0.0,26.095
2139,314,2024-12-11,,General,High,0.0,
2140,314,2024-01-18,2024-01-19 08:15:58,Technical,High,5.0,32.26611111111111
2141,869,2024-12-12,2024-12-12 16:45:59,Billing,Low,2.0,16.76638888888889
2142,869,2024-05-19,2024-05-19 17:51:19,General,Low,0.0,17.85527777777778
2143,869,2024-10-04,2024-10-04 08:51:02,Billing,Low,0.0,8.850555555555555
2144,869,2024-03-28,2024-03-29 08:18:27,Technical,High,3.0,32.3075
2145,394,2024-10-25,,General,Low,0.0,
2146,394,2024-01-08,2024-01-08 06:39:40,Billing,Low,0.0,6.661111111111111
2147,394,2024-05-24,2024-05-25 03:00:39,Billing,Low,0.0,27.010833333333334
2148,394,2024-07-27,2024-07-27 02:51:18,General,Low,5.0,2.855
2149,394,2024-03-17,2024-03-17 00:30:22,General,Low,0.0,0.5061111111111111
2150,38,2024-07-02,2024-07-02 18:58:10,Technical,Medium,5.0,18.969444444444445
2151,38,2024-03-31,2024-04-01 19:49:15,Billing,High,2.0,43.82083333333333
2152,38,2024-09-07,2024-09-08 10:56:25,Technical,High,1.0,34.94027777777778
2153,38,2024-11-18,,Technical,Low,0.0,
2154,38,2024-04-06,2024-04-06 18:04:46,Technical,Low,0.0,18.079444444444444
2155,3158,2024-10-12,2024-10-12 19:58:00,Technical,Low,5.0,19.966666666666665
2156,3158,2024-07-15,2024-07-16 14:40:58,Billing,Low,3.0,38.68277777777778
2157,1794,2024-12-21,2024-12-21 13:32:01,Technical,Low,4.0,13.533611111111112
2158,1794,2024-01-16,2024-01-16 03:55:09,Billing,Low,4.0,3.9191666666666665
2159,1794,2024-12-22,2024-12-23 12:12:32,Technical,Low,5.0,36.208888888888886
2160,1794,2024-07-24,,General,Medium,0.0,
2161,4806,2024-08-21,2024-08-21 22:34:26,Technical,High,0.0,22.573888888888888
2162,4806,2024-09-30,2024-10-01 05:08:51,Technical,Low,3.0,29.1475
2163,4806,2024-12-15,2024-12-15 06:53:39,Technical,High,1.0,6.894166666666667
2164,2166,2024-02-26,2024-02-26 18:47:15,General,Low,5.0,18.7875
2165,2166,2024-07-30,2024-07-31 02:41:59,Billing,Low,5.0,26.69972222222222
2166,2166,2024-08-18,2024-08-18 21:15:47,Technical,Low,5.0,21.263055555555557
2167,3894,2024-03-31,2024-04-01 01:38:12,General,Medium,0.0,25.636666666666667
2168,3592,2024-07-27,2024-07-27 06:13:11,Billing,Medium,3.0,6.219722222222222
2169,3592,2024-10-24,2024-10-24 17:27:58,Technical,Low,4.0,17.46611111111111
2170,1810,2024-03-25,2024-03-25 22:43:41,Billing,Medium,5.0,22.728055555555557
2171,1810,2024-07-09,2024-07-09 12:18:02,Billing,Medium,0.0,12.300555555555556
2172,1810,2024-04-19,2024-04-19 03:50:13,Billing,Low,0.0,3.8369444444444443
2173,1810,2024-09-24,2024-09-24 07:57:13,General,Medium,0.0,7.953611111111111
2174,1810,2024-11-11,,Technical,High,0.0,
2175,2538,2024-05-08,2024-05-08 05:03:29,Technical,Low,5.0,5.058055555555556
2176,2538,2024-03-02,2024-03-02 22:04:20,Technical,Medium,0.0,22.072222222222223
2177,2538,2024-04-21,2024-04-21 07:09:45,Technical,High,4.0,7.1625
2178,2538,2024-04-14,2024-04-14 06:25:51,Technical,Medium,0.0,6.430833333333333
2179,3985,2024-07-15,2024-07-16 05:58:06,Technical,Low,5.0,29.968333333333334
2180,3985,2024-03-12,2024-03-12 06:00:02,Technical,Low,2.0,6.000555555555556
2181,3985,2024-11-01,2024-11-01 17:55:53,Technical,Medium,5.0,17.93138888888889
2182,752,2024-06-09,2024-06-10 07:38:44,Technical,Low,5.0,31.645555555555557
2183,752,2024-11-27,2024-11-27 17:48:05,General,Medium,3.0,17.801388888888887
2184,752,2024-10-09,2024-10-09 06:12:39,Technical,Low,5.0,6.210833333333333
2185,752,2024-03-18,2024-03-18 11:58:25,Technical,Low,5.0,11.973611111111111
2186,4382,2024-12-09,,Billing,Low,0.0,
2187,4382,2024-05-11,2024-05-11 16:46:04,Billing,Medium,0.0,16.767777777777777
2188,4382,2024-05-15,,Technical,Low,0.0,
2189,4382,2024-10-01,2024-10-01 13:10:07,Billing,Medium,0.0,13.168611111111112
2190,4382,2024-04-23,2024-04-23 07:11:49,Technical,Low,0.0,7.196944444444444
2191,537,2024-01-25,2024-01-25 04:40:49,General,Medium,4.0,4.6802777777777775
2192,1459,2024-11-15,,Technical,Low,0.0,
2193,1459,2024-11-01,,Technical,High,0.0,
2194,1459,2024-03-17,2024-03-17 11:41:03,General,Low,5.0,11.684166666666666
2195,1188,2024-09-17,2024-09-17 03:15:06,Technical,Low,5.0,3.2516666666666665
2196,1188,2024-05-29,2024-05-29 17:32:32,Technical,Medium,4.0,17.54222222222222
2197,1188,2024-08-06,2024-08-07 05:40:48,Technical,High,3.0,29.68
2198,47,2024-02-09,2024-02-10 00:06:07,Technical,High,5.0,24.101944444444445
2199,47,2024-05-04,2024-05-04 11:33:05,Billing,Medium,2.0,11.551388888888889
2200,47,2024-10-26,2024-10-26 05:12:47,Billing,Low,3.0,5.213055555555556
2201,2143,2024-09-19,2024-09-19 10:51:26,Technical,Medium,2.0,10.857222222222223
2202,2143,2024-10-19,2024-10-19 10:18:27,Technical,Low,0.0,10.3075
2203,4760,2024-07-12,2024-07-12 02:55:57,Technical,Low,5.0,2.9325
2204,4760,2024-07-27,2024-07-27 10:00:11,Technical,Medium,1.0,10.003055555555555
2205,4760,2024-12-19,2024-12-19 08:27:46,General,Low,0.0,8.462777777777777
2206,4760,2024-01-22,2024-01-23 08:21:20,Technical,Low,5.0,32.355555555555554
2207,4760,2024-09-22,2024-09-23 20:06:30,Billing,Low,4.0,44.108333333333334
2208,2938,2024-11-02,2024-11-04 10:30:25,General,Low,5.0,58.50694444444444
2209,2938,2024-08-25,2024-08-26 00:47:49,Billing,High,0.0,24.796944444444446
2210,2938,2024-12-09,2024-12-09 16:52:41,Billing,Medium,4.0,16.878055555555555
2211,4366,2024-01-23,2024-01-23 08:35:18,Technical,Low,4.0,8.588333333333333
2212,4366,2024-11-24,2024-11-24 16:13:24,Billing,Medium,0.0,16.223333333333333
2213,4366,2024-01-08,2024-01-08 05:39:52,Billing,Low,0.0,5.664444444444444
2214,4366,2024-06-27,2024-06-27 08:41:42,Billing,Medium,0.0,8.695
2215,4366,2024-08-22,2024-08-22 05:26:53,Billing,Medium,5.0,5.448055555555555
2216,2756,2024-06-25,2024-06-26 00:00:30,General,Medium,3.0,24.008333333333333
2217,2756,2024-05-26,,Billing,Medium,0.0,
2218,761,2024-05-12,2024-05-12 06:22:47,Billing,Medium,1.0,6.379722222222222
2219,761,2024-11-24,,Billing,Medium,0.0,
2220,761,2024-10-06,2024-10-07 09:56:56,Billing,Low,5.0,33.94888888888889
2221,761,2024-09-02,2024-09-02 13:22:43,Technical,Medium,0.0,13.37861111111111
2222,344,2024-10-26,2024-10-26 11:19:20,Technical,Medium,4.0,11.322222222222223
2223,344,2024-07-31,2024-07-31 22:35:35,Technical,High,4.0,22.593055555555555
2224,344,2024-12-20,2024-12-20 02:46:24,Technical,Low,0.0,2.7733333333333334
2225,344,2024-07-23,2024-07-23 18:46:12,Billing,Low,4.0,18.77
2226,4658,2024-10-14,2024-10-14 12:03:07,General,Low,5.0,12.051944444444445
2227,4658,2024-12-20,2024-12-20 02:52:00,General,Low,2.0,2.8666666666666667
2228,4658,2024-12-09,2024-12-09 17:15:18,Technical,Low,5.0,17.255
2229,4658,2024-11-04,2024-11-05 08:17:38,General,Low,5.0,32.29388888888889
2230,1508,2024-02-28,2024-02-28 04:28:25,Technical,Low,4.0,4.473611111111111
2231,1508,2024-12-07,,Billing,Low,0.0,
2232,1508,2024-07-15,2024-07-15 05:47:22,Billing,Medium,3.0,5.789444444444444
2233,2159,2024-01-05,,General,Low,0.0,
2234,2159,2024-05-03,,General,High,0.0,
2235,2159,2024-02-01,2024-02-02 19:47:06,Technical,Low,0.0,43.785
2236,4171,2024-08-16,2024-08-17 18:24:31,Billing,High,5.0,42.408611111111114
2237,4171,2024-06-18,2024-06-19 02:15:31,Technical,Low,5.0,26.25861111111111
2238,4171,2024-07-30,2024-07-30 07:41:55,General,Medium,0.0,7.698611111111111
2239,4171,2024-03-09,2024-03-09 08:34:17,General,Low,4.0,8.571388888888889
2240,4171,2024-10-17,2024-10-17 06:22:48,General,High,0.0,6.38
2241,1306,2024-08-11,2024-08-11 10:27:02,Technical,Medium,4.0,10.450555555555555
2242,1306,2024-11-02,,Billing,Medium,0.0,
2243,1306,2024-07-18,2024-07-18 18:09:21,Billing,High,4.0,18.155833333333334
2244,1306,2024-12-15,2024-12-15 12:50:24,Technical,Low,5.0,12.84
2245,1430,2024-06-25,2024-06-25 20:45:28,Technical,Low,5.0,20.75777777777778
2246,1430,2024-02-07,2024-02-08 01:40:28,Technical,Low,4.0,25.674444444444443
2247,1430,2024-12-03,2024-12-03 15:39:04,Billing,Medium,5.0,15.651111111111112
2248,1430,2024-07-01,2024-07-01 11:34:27,General,Medium,4.0,11.574166666666667
2249,1430,2024-04-19,2024-04-19 18:13:44,Technical,Medium,5.0,18.22888888888889
2250,2683,2024-03-13,2024-03-13 12:09:31,Billing,Medium,0.0,12.158611111111112
2251,2683,2024-07-06,2024-07-06 04:40:22,Technical,High,4.0,4.672777777777778
2252,2683,2024-04-24,,Billing,Low,0.0,
2253,2984,2024-11-05,2024-11-05 10:30:05,Technical,Low,0.0,10.501388888888888
2254,2984,2024-02-12,2024-02-12 13:56:54,Technical,High,0.0,13.948333333333334
2255,2984,2024-07-22,2024-07-23 14:02:19,Billing,Medium,4.0,38.03861111111111
2256,2984,2024-12-07,,Technical,Low,0.0,
2257,4474,2024-09-11,2024-09-11 11:47:34,Technical,Low,0.0,11.792777777777777
2258,4474,2024-03-30,2024-03-30 19:22:32,Technical,Low,4.0,19.375555555555554
2259,4474,2024-09-21,2024-09-21 03:55:21,Technical,Low,0.0,3.9225
2260,4474,2024-11-23,2024-11-23 10:54:43,General,Medium,4.0,10.911944444444444
2261,4474,2024-02-26,2024-02-26 23:00:36,Technical,Low,5.0,23.01
2262,600,2024-10-03,2024-10-04 03:27:02,Billing,Low,5.0,27.450555555555557
2263,600,2024-11-08,2024-11-08 11:38:30,Technical,Medium,5.0,11.641666666666667
2264,600,2024-06-30,2024-06-30 19:51:53,Billing,Low,4.0,19.864722222222223
2265,600,2024-06-02,2024-06-02 17:15:25,Technical,High,5.0,17.256944444444443
2266,600,2024-07-11,2024-07-12 05:29:01,Billing,Low,4.0,29.48361111111111
2267,4616,2024-04-13,2024-04-13 18:56:28,Billing,Medium,4.0,18.941111111111113
2268,3811,2024-08-11,2024-08-11 10:14:27,Technical,Low,0.0,10.240833333333333
2269,3811,2024-04-27,2024-04-27 15:24:01,Technical,Medium,4.0,15.400277777777777
2270,3811,2024-09-05,2024-09-05 13:08:30,General,Low,0.0,13.141666666666667
2271,4677,2024-05-11,2024-05-11 05:03:52,Technical,Medium,3.0,5.064444444444445
2272,4686,2024-09-01,,Billing,Low,0.0,
2273,4686,2024-02-23,2024-02-23 20:27:45,General,Low,0.0,20.4625
2274,4686,2024-02-11,2024-02-12 00:03:39,General,Medium,4.0,24.060833333333335
2275,687,2024-08-14,2024-08-14 06:39:25,Technical,Low,0.0,6.656944444444444
2276,4308,2024-04-25,2024-04-25 06:34:04,Technical,Low,4.0,6.567777777777778
2277,351,2024-03-03,2024-03-04 05:43:08,Technical,Medium,3.0,29.718888888888888
2278,351,2024-12-12,2024-12-12 07:58:21,Technical,High,0.0,7.9725
2279,351,2024-09-03,2024-09-03 09:24:00,Technical,Low,5.0,9.4
2280,351,2024-07-20,2024-07-20 09:48:58,Technical,Medium,2.0,9.81611111111111
2281,351,2024-01-25,2024-01-25 16:59:12,Technical,Medium,4.0,16.986666666666668
2282,2989,2024-10-31,2024-10-31 01:38:04,General,Medium,0.0,1.6344444444444444
2283,2989,2024-05-09,2024-05-09 18:02:36,Technical,Medium,4.0,18.043333333333333
2284,2989,2024-05-06,2024-05-06 05:25:00,Billing,Medium,3.0,5.416666666666667
2285,2989,2024-03-18,2024-03-18 07:31:15,Billing,Low,5.0,7.520833333333333
2286,4275,2024-05-08,2024-05-08 08:53:39,Technical,Low,4.0,8.894166666666667
2287,2601,2024-07-03,2024-07-03 05:45:41,General,Low,2.0,5.761388888888889
2288,2601,2024-08-10,2024-08-10 12:16:24,Technical,High,1.0,12.273333333333333
2289,2601,2024-09-30,2024-10-01 09:45:34,Technical,Low,4.0,33.75944444444445
2290,2601,2024-12-19,2024-12-19 03:36:01,Billing,Medium,0.0,3.600277777777778
2291,3205,2024-10-25,2024-10-25 09:10:20,Technical,Low,3.0,9.172222222222222
2292,3205,2024-03-04,,Technical,Low,0.0,
2293,3205,2024-01-23,2024-01-23 15:43:30,Technical,Low,0.0,15.725
2294,3205,2024-12-28,,Technical,Medium,0.0,
2295,3205,2024-09-21,,Billing,High,0.0,
2296,4292,2024-11-05,2024-11-06 05:59:49,Technical,Low,4.0,29.996944444444445
2297,4292,2024-07-26,2024-07-26 22:43:22,Billing,Low,4.0,22.72277777777778
2298,4292,2024-07-07,2024-07-07 06:01:54,General,Low,0.0,6.031666666666666
2299,644,2024-11-08,2024-11-08 10:23:12,Technical,Low,5.0,10.386666666666667
2300,644,2024-09-25,2024-09-25 03:15:43,General,High,4.0,3.2619444444444445
2301,644,2024-03-30,2024-03-30 09:13:20,General,Low,4.0,9.222222222222221
2302,644,2024-10-19,2024-10-19 22:41:39,Technical,Low,0.0,22.694166666666668
2303,353,2024-08-24,,Billing,Medium,0.0,
2304,353,2024-05-23,2024-05-23 08:04:14,General,Low,5.0,8.070555555555556
2305,353,2024-03-25,2024-03-25 05:24:43,General,High,0.0,5.411944444444444
2306,353,2024-01-17,2024-01-17 02:58:49,Billing,Low,4.0,2.980277777777778
2307,527,2024-02-04,2024-02-05 05:51:08,Billing,Medium,4.0,29.852222222222224
2308,527,2024-04-03,2024-04-03 22:02:32,Billing,Medium,4.0,22.04222222222222
2309,527,2024-04-21,2024-04-21 01:49:10,General,Medium,0.0,1.8194444444444444
2310,527,2024-11-04,,Technical,Low,0.0,
2311,527,2024-06-13,2024-06-13 05:34:45,Billing,Medium,4.0,5.579166666666667
2312,4281,2024-02-17,2024-02-17 01:52:42,Technical,Medium,3.0,1.8783333333333334
2313,4281,2024-04-21,,Billing,Low,0.0,
2314,4281,2024-04-06,2024-04-06 20:53:33,Technical,Low,4.0,20.8925
2315,4281,2024-06-14,,Billing,Low,0.0,
2316,3208,2024-04-05,,Technical,Medium,0.0,
2317,3208,2024-11-04,2024-11-04 10:41:44,General,Low,0.0,10.695555555555556
2318,3208,2024-04-27,,Billing,Medium,0.0,
2319,3208,2024-03-03,2024-03-03 04:21:30,Technical,Medium,0.0,4.358333333333333
2320,3208,2024-06-19,2024-06-19 05:42:24,General,Medium,0.0,5.706666666666667
2321,1102,2024-04-23,2024-04-23 02:06:16,Technical,Medium,0.0,2.1044444444444443
2322,1102,2024-10-23,2024-10-23 01:46:15,Billing,Low,5.0,1.7708333333333333
2323,1102,2024-12-24,2024-12-24 17:39:11,General,Medium,4.0,17.653055555555557
2324,1102,2024-01-28,2024-01-28 06:12:45,Technical,High,0.0,6.2125
2325,1102,2024-07-22,,Technical,Medium,0.0,
2326,2606,2024-10-24,2024-10-24 14:17:25,Technical,High,3.0,14.290277777777778
2327,2606,2024-11-01,2024-11-01 13:36:18,Technical,Medium,5.0,13.605
2328,2606,2024-12-25,2024-12-25 02:31:01,Billing,Medium,0.0,2.5169444444444444
2329,2606,2024-03-09,2024-03-10 18:15:29,Technical,Medium,5.0,42.25805555555556
2330,4465,2024-02-11,2024-02-11 23:24:34,Billing,Medium,0.0,23.409444444444443
2331,4465,2024-10-10,2024-10-10 07:33:58,Technical,Low,5.0,7.566111111111111
2332,4465,2024-11-16,,Technical,High,0.0,
2333,4162,2024-08-30,2024-08-30 14:23:17,General,Low,0.0,14.388055555555555
2334,4162,2024-11-09,2024-11-09 18:23:49,Technical,Low,3.0,18.396944444444443
2335,4154,2024-03-09,2024-03-10 01:46:48,Billing,Low,5.0,25.78
2336,4154,2024-01-01,2024-01-01 07:04:07,General,Low,4.0,7.068611111111111
2337,4154,2024-07-23,2024-07-23 17:10:03,Billing,Low,0.0,17.1675
2338,4154,2024-10-03,,Technical,Low,0.0,
2339,2768,2024-05-26,2024-05-26 17:29:13,Technical,Low,5.0,17.486944444444443
2340,2768,2024-10-22,2024-10-22 19:57:52,Billing,Low,5.0,19.964444444444446
2341,2768,2024-11-11,,General,High,0.0,
2342,2768,2024-01-31,2024-01-31 18:28:15,Technical,High,3.0,18.470833333333335
2343,2768,2024-11-30,2024-11-30 15:25:45,Billing,Low,3.0,15.429166666666667
2344,501,2024-04-10,2024-04-10 02:18:36,Technical,Low,5.0,2.31
2345,4771,2024-12-10,2024-12-10 02:18:48,Billing,Medium,0.0,2.3133333333333335
2346,4517,2024-02-25,2024-02-25 03:23:11,Technical,Medium,3.0,3.386388888888889
2347,4517,2024-03-09,2024-03-09 16:20:00,Technical,Low,5.0,16.333333333333332
2348,4517,2024-08-01,2024-08-01 15:04:49,Billing,Low,2.0,15.080277777777777
2349,2057,2024-10-10,2024-10-10 17:50:05,Technical,Medium,3.0,17.834722222222222
2350,2057,2024-01-30,2024-01-30 09:20:24,Technical,Medium,0.0,9.34
2351,2057,2024-04-26,2024-04-26 07:41:27,General,High,1.0,7.690833333333333
2352,2057,2024-04-22,2024-04-22 10:59:17,Technical,Low,0.0,10.988055555555556
2353,2057,2024-11-09,2024-11-09 11:34:11,Technical,Medium,0.0,11.569722222222222
2354,1354,2024-07-05,,Technical,Low,0.0,
2355,1354,2024-10-15,2024-10-16 00:14:17,Billing,Medium,0.0,24.238055555555555
2356,1845,2024-02-18,2024-02-18 08:14:08,Technical,Medium,5.0,8.235555555555555
2357,1845,2024-05-03,2024-05-03 15:17:07,Billing,Low,0.0,15.285277777777777
2358,1404,2024-02-24,2024-02-24 13:37:28,Technical,Medium,0.0,13.624444444444444
2359,1404,2024-04-24,,Billing,Low,0.0,
2360,2651,2024-04-27,2024-04-27 08:35:42,Technical,Low,0.0,8.595
2361,2651,2024-04-01,2024-04-01 18:37:10,Technical,Medium,4.0,18.619444444444444
2362,2651,2024-09-29,,Technical,Low,0.0,
2363,3182,2024-05-20,2024-05-21 00:08:33,General,Low,0.0,24.1425
2364,1187,2024-05-26,2024-05-26 03:22:08,Technical,High,4.0,3.368888888888889
2365,365,2024-08-21,2024-08-21 02:36:48,Billing,Low,0.0,2.6133333333333333
2366,365,2024-09-30,,Billing,Low,0.0,
2367,365,2024-02-01,2024-02-03 02:45:16,Technical,Low,0.0,50.754444444444445
2368,1267,2024-01-03,2024-01-03 02:13:29,Billing,Low,5.0,2.2247222222222223
2369,4833,2024-09-21,2024-09-21 16:40:55,Technical,High,2.0,16.681944444444444
2370,4833,2024-11-19,2024-11-20 03:10:20,Billing,Low,0.0,27.17222222222222
2371,4833,2024-09-27,2024-09-27 09:56:30,Billing,Low,5.0,9.941666666666666
2372,4833,2024-02-14,,Billing,Low,0.0,
2373,3909,2024-03-30,2024-03-30 19:15:08,General,Low,5.0,19.252222222222223
2374,3458,2024-07-04,,Billing,High,0.0,
2375,3458,2024-07-21,2024-07-21 04:20:00,Billing,Low,4.0,4.333333333333333
2376,490,2024-05-26,2024-05-26 05:32:04,General,Low,4.0,5.5344444444444445
2377,490,2024-04-24,,Technical,Low,0.0,
2378,4898,2024-03-12,,Technical,Low,0.0,
2379,4898,2024-11-19,2024-11-20 10:18:31,Billing,Low,0.0,34.30861111111111
2380,4898,2024-09-20,2024-09-20 12:39:45,General,Low,0.0,12.6625
2381,4898,2024-04-22,2024-04-23 14:56:36,Technical,Medium,4.0,38.943333333333335
2382,4993,2024-10-24,2024-10-24 23:35:04,General,Low,5.0,23.584444444444443
2383,4993,2024-09-25,2024-09-25 21:43:41,Technical,Low,0.0,21.728055555555557
2384,2880,2024-08-30,,Technical,Medium,0.0,
2385,4190,2024-01-12,2024-01-12 10:05:38,Billing,Medium,0.0,10.09388888888889
2386,333,2024-09-07,2024-09-08 21:53:07,Technical,Medium,5.0,45.88527777777778
2387,333,2024-11-18,2024-11-18 14:22:58,General,High,0.0,14.382777777777777
2388,333,2024-10-09,,Technical,High,0.0,
2389,734,2024-12-26,2024-12-26 10:41:58,Technical,Low,3.0,10.699444444444444
2390,4714,2024-12-21,2024-12-21 07:05:10,Billing,High,4.0,7.086111111111111
2391,4296,2024-03-23,,Billing,Low,0.0,
2392,4296,2024-05-31,,General,Medium,0.0,
2393,4296,2024-01-28,2024-01-28 08:13:17,Billing,Low,0.0,8.221388888888889
2394,3948,2024-06-25,,Billing,Medium,0.0,
2395,3948,2024-06-05,2024-06-05 08:44:16,Technical,Medium,4.0,8.737777777777778
2396,3948,2024-02-24,2024-02-24 05:08:24,Technical,Medium,4.0,5.14
2397,3948,2024-08-29,2024-08-29 11:08:44,Technical,Medium,5.0,11.145555555555555
2398,4203,2024-04-20,2024-04-21 06:11:16,General,Medium,0.0,30.18777777777778
2399,2551,2024-06-16,2024-06-16 09:58:19,Technical,Low,0.0,9.971944444444444
2400,2577,2024-09-04,2024-09-04 22:41:34,Technical,Low,0.0,22.692777777777778
2401,2577,2024-01-06,2024-01-06 09:24:05,Billing,Low,0.0,9.401388888888889
2402,2577,2024-04-06,,General,Medium,0.0,
2403,2577,2024-08-12,,Technical,Low,0.0,
2404,2577,2024-03-17,2024-03-17 13:16:10,Technical,Low,4.0,13.269444444444444
2405,4320,2024-12-05,2024-12-06 03:06:41,Billing,Medium,5.0,27.11138888888889
2406,3926,2024-07-30,2024-07-30 09:16:16,Technical,Low,0.0,9.27111111111111
2407,3926,2024-01-24,2024-01-24 12:14:24,Technical,High,0.0,12.24
2408,3926,2024-11-24,2024-11-24 05:54:33,General,Medium,3.0,5.909166666666667
2409,3926,2024-03-10,2024-03-11 02:59:25,Technical,Low,0.0,26.990277777777777
2410,4661,2024-10-15,,Technical,Medium,0.0,
2411,4661,2024-11-17,2024-11-17 04:58:43,Technical,Medium,0.0,4.978611111111111
2412,4661,2024-09-05,2024-09-05 05:46:36,Technical,Low,2.0,5.776666666666666
2413,4661,2024-02-25,2024-02-25 15:27:44,Billing,Low,0.0,15.462222222222222
2414,3234,2024-08-24,,General,High,0.0,
2415,3234,2024-05-12,,Technical,Medium,0.0,
2416,3234,2024-06-19,2024-06-19 00:06:47,Technical,Medium,0.0,0.11305555555555556
2417,3234,2024-09-05,2024-09-05 12:54:45,Technical,Low,4.0,12.9125
2418,3234,2024-05-26,,Billing,High,0.0,
2419,3296,2024-04-04,2024-04-04 10:39:56,General,Low,3.0,10.665555555555555
2420,3296,2024-10-23,,Technical,Medium,0.0,
2421,3296,2024-06-11,2024-06-11 11:48:08,Technical,Low,4.0,11.802222222222222
2422,2817,2024-01-06,2024-01-06 07:56:26,Technical,Low,3.0,7.940555555555555
2423,2817,2024-11-14,,Billing,High,0.0,
2424,3908,2024-07-28,2024-07-28 04:43:12,Technical,Low,4.0,4.72
2425,3908,2024-12-12,2024-12-12 01:18:15,Billing,Low,5.0,1.3041666666666667
2426,3908,2024-10-05,2024-10-05 07:05:16,Billing,High,5.0,7.087777777777778
2427,3908,2024-08-30,2024-08-30 03:30:33,Technical,High,3.0,3.5091666666666668
2428,2109,2024-10-05,2024-10-05 07:56:20,Technical,Medium,0.0,7.938888888888889
2429,2109,2024-08-03,2024-08-03 01:21:48,Technical,Medium,0.0,1.3633333333333333
2430,993,2024-09-29,2024-09-29 06:28:20,Technical,Low,4.0,6.472222222222222
2431,993,2024-01-17,2024-01-17 02:38:54,Technical,Low,4.0,2.6483333333333334
2432,993,2024-07-17,2024-07-17 05:35:51,Technical,Low,4.0,5.5975
2433,993,2024-06-09,2024-06-09 12:09:34,General,High,3.0,12.159444444444444
2434,993,2024-12-15,2024-12-15 05:27:24,Billing,Medium,0.0,5.456666666666667
2435,4066,2024-01-22,2024-01-22 17:42:44,Billing,Low,3.0,17.712222222222223
2436,881,2024-06-10,,Technical,Medium,0.0,
2437,705,2024-02-28,2024-02-28 05:33:07,Technical,High,3.0,5.551944444444445
2438,3355,2024-05-31,2024-06-01 00:02:38,Technical,Low,0.0,24.04388888888889
2439,3355,2024-07-24,2024-07-24 19:57:44,General,Low,5.0,19.962222222222223
2440,3355,2024-08-12,2024-08-12 18:36:29,Technical,Low,0.0,18.608055555555556
2441,3355,2024-08-08,2024-08-08 05:31:24,Technical,Medium,0.0,5.523333333333333
2442,3363,2024-10-21,2024-10-21 13:59:38,Billing,High,0.0,13.99388888888889
2443,3363,2024-02-16,2024-02-17 07:13:14,Billing,Medium,0.0,31.220555555555556
2444,3363,2024-11-08,2024-11-09 04:33:16,Technical,Low,5.0,28.554444444444446
2445,2096,2024-11-21,2024-11-21 19:01:17,General,Medium,5.0,19.02138888888889
2446,2096,2024-10-25,2024-10-25 09:58:39,General,Low,4.0,9.9775
2447,2096,2024-08-22,2024-08-23 18:50:59,Billing,Medium,5.0,42.84972222222222
2448,1556,2024-09-22,2024-09-22 12:42:00,General,Low,5.0,12.7
2449,1556,2024-11-05,2024-11-05 05:27:44,Technical,Low,4.0,5.4622222222222225
2450,1556,2024-06-14,2024-06-15 03:12:03,Technical,Low,0.0,27.200833333333332
2451,4673,2024-12-19,2024-12-19 13:42:55,Billing,Low,5.0,13.715277777777779
2452,4673,2024-10-22,2024-10-22 12:42:08,Billing,Low,5.0,12.702222222222222
2453,4673,2024-01-06,2024-01-08 23:05:01,Billing,Medium,5.0,71.08361111111111
2454,4673,2024-06-24,,Billing,Medium,0.0,
2455,4673,2024-08-07,2024-08-08 03:03:25,Billing,Low,5.0,27.056944444444444
2456,2686,2024-02-01,,Technical,Low,0.0,
2457,2686,2024-02-18,2024-02-18 12:04:39,Billing,High,0.0,12.0775
2458,2686,2024-07-04,2024-07-04 02:13:42,Billing,Medium,0.0,2.2283333333333335
2459,2069,2024-10-25,2024-10-25 08:22:08,Billing,Medium,3.0,8.36888888888889
2460,2069,2024-04-04,2024-04-05 05:31:59,Technical,High,4.0,29.533055555555556
2461,2069,2024-02-16,2024-02-16 10:33:09,Billing,High,0.0,10.5525
2462,90,2024-11-28,2024-11-29 08:46:46,Technical,High,0.0,32.779444444444444
2463,90,2024-07-08,2024-07-08 10:47:00,General,Low,4.0,10.783333333333333
2464,90,2024-05-29,,General,Low,0.0,
2465,90,2024-06-22,,General,Low,0.0,
2466,4676,2024-06-15,2024-06-15 09:31:45,Technical,High,0.0,9.529166666666667
2467,4676,2024-07-12,2024-07-12 10:55:17,General,Low,4.0,10.921388888888888
2468,2856,2024-04-22,2024-04-22 06:45:04,Technical,Medium,1.0,6.751111111111111
2469,2856,2024-05-13,2024-05-15 16:42:56,General,High,3.0,64.71555555555555
2470,1786,2024-02-26,2024-02-26 19:04:05,Technical,Medium,5.0,19.068055555555556
2471,1786,2024-10-01,2024-10-01 13:20:26,Billing,Medium,0.0,13.340555555555556
2472,1786,2024-02-16,2024-02-16 22:01:55,General,Medium,1.0,22.031944444444445
2473,1786,2024-01-19,2024-01-19 21:04:53,Billing,Low,4.0,21.08138888888889
2474,291,2024-05-25,2024-05-25 09:03:58,Technical,Low,4.0,9.06611111111111
2475,820,2024-04-28,,General,Low,0.0,
2476,1953,2024-02-16,,Technical,Low,0.0,
2477,1953,2024-06-19,,Technical,Low,0.0,
2478,4183,2024-08-03,2024-08-03 11:32:15,Billing,High,0.0,11.5375
2479,4243,2024-01-31,2024-01-31 17:57:00,General,Low,5.0,17.95
2480,4243,2024-03-20,2024-03-20 11:56:28,Billing,Low,0.0,11.94111111111111
2481,4243,2024-06-26,,Technical,Medium,0.0,
2482,4243,2024-10-30,2024-10-30 14:38:54,Technical,High,3.0,14.648333333333333
2483,4243,2024-08-23,2024-08-23 02:08:15,Billing,High,0.0,2.1375
2484,2575,2024-11-27,2024-11-27 07:17:54,Technical,Medium,4.0,7.298333333333333
2485,2575,2024-07-27,2024-07-27 05:23:22,General,Low,0.0,5.389444444444444
2486,3249,2024-11-09,2024-11-10 17:04:36,Technical,Medium,0.0,41.07666666666667
2487,3249,2024-02-15,2024-02-15 05:51:41,Billing,Low,4.0,5.8613888888888885
2488,3249,2024-01-14,2024-01-14 09:59:01,Billing,Medium,0.0,9.983611111111111
2489,3249,2024-04-10,2024-04-10 03:57:30,Technical,Low,4.0,3.9583333333333335
2490,3249,2024-07-30,2024-07-30 04:12:24,Technical,Medium,0.0,4.206666666666667
2491,4421,2024-11-14,2024-11-14 11:20:51,Billing,Medium,2.0,11.3475
2492,4421,2024-09-13,2024-09-13 03:24:57,Technical,Low,0.0,3.4158333333333335
2493,4421,2024-03-24,2024-03-24 22:59:54,Technical,Low,5.0,22.998333333333335
2494,4421,2024-08-18,2024-08-21 02:35:36,Technical,Medium,4.0,74.59333333333333
2495,4421,2024-03-21,2024-03-21 04:42:34,Billing,Low,4.0,4.709444444444444
2496,602,2024-04-14,,Technical,Low,0.0,
2497,602,2024-05-05,2024-05-05 07:25:51,Billing,Medium,4.0,7.430833333333333
2498,3376,2024-05-13,,Technical,High,0.0,
2499,3376,2024-09-30,2024-09-30 19:03:50,Technical,Low,5.0,19.06388888888889
2500,3376,2024-07-03,2024-07-03 00:49:33,General,Medium,5.0,0.8258333333333333
2501,3376,2024-06-18,2024-06-18 16:20:24,Technical,Low,0.0,16.34
2502,3376,2024-02-08,2024-02-09 19:17:15,Billing,Low,0.0,43.2875
2503,981,2024-06-12,2024-06-12 12:00:47,Technical,Medium,0.0,12.013055555555555
2504,981,2024-05-08,2024-05-08 09:28:05,Billing,Medium,5.0,9.468055555555555
2505,981,2024-06-08,2024-06-08 06:23:20,Billing,Medium,5.0,6.388888888888889
2506,1296,2024-02-28,2024-02-28 10:26:06,Technical,Low,0.0,10.435
2507,1296,2024-11-28,2024-11-28 17:04:14,Billing,High,2.0,17.070555555555554
2508,1296,2024-01-12,,Billing,Medium,0.0,
2509,1891,2024-03-12,,Technical,Low,0.0,
2510,1891,2024-02-18,2024-02-18 01:45:25,General,Medium,5.0,1.7569444444444444
2511,3525,2024-02-04,,Billing,Low,0.0,
2512,3525,2024-12-06,2024-12-07 17:42:30,Technical,Medium,4.0,41.708333333333336
2513,3525,2024-06-04,2024-06-04 23:57:15,Billing,Low,4.0,23.954166666666666
2514,3980,2024-04-23,2024-04-24 03:28:46,Billing,Medium,3.0,27.479444444444443
2515,3980,2024-04-08,2024-04-08 04:21:32,Technical,Low,5.0,4.358888888888889
2516,3980,2024-08-10,,Technical,Medium,0.0,
2517,3980,2024-10-07,2024-10-07 19:18:01,Technical,High,0.0,19.30027777777778
2518,1196,2024-04-12,2024-04-13 01:07:23,Billing,Medium,0.0,25.123055555555556
2519,1196,2024-08-14,,General,Medium,0.0,
2520,4272,2024-02-25,2024-02-25 08:15:20,General,Low,5.0,8.255555555555556
2521,1067,2024-11-15,2024-11-16 06:49:52,General,High,4.0,30.83111111111111
2522,1067,2024-03-20,2024-03-20 10:28:33,Billing,Low,3.0,10.475833333333334
2523,1067,2024-07-05,,Billing,Low,0.0,
2524,1067,2024-08-12,2024-08-12 08:33:34,Technical,Low,0.0,8.559444444444445
2525,1067,2024-12-07,2024-12-07 16:18:29,Technical,Low,0.0,16.308055555555555
2526,466,2024-07-29,2024-07-29 05:57:06,Technical,Medium,5.0,5.951666666666667
2527,466,2024-09-09,2024-09-09 11:38:12,General,Low,5.0,11.636666666666667
2528,466,2024-08-21,2024-08-21 04:52:03,Technical,Low,2.0,4.8675
2529,466,2024-10-14,2024-10-14 02:23:38,Technical,Low,0.0,2.3938888888888887
2530,466,2024-09-28,2024-09-28 13:25:01,Technical,Medium,4.0,13.416944444444445
2531,652,2024-12-17,2024-12-18 03:46:59,Technical,Low,0.0,27.783055555555556
2532,652,2024-05-25,2024-05-25 00:26:35,Billing,Low,5.0,0.44305555555555554
2533,652,2024-02-21,2024-02-21 20:41:57,Technical,High,0.0,20.699166666666667
2534,175,2024-04-30,2024-04-30 12:18:22,Billing,Medium,0.0,12.306111111111111
2535,175,2024-08-17,2024-08-18 08:52:02,Technical,Low,3.0,32.867222222222225
2536,175,2024-10-07,2024-10-08 01:05:32,Billing,Low,5.0,25.092222222222222
2537,4625,2024-12-01,2024-12-02 06:57:11,Technical,Low,0.0,30.953055555555554
2538,4625,2024-05-18,2024-05-19 01:17:30,Billing,Medium,2.0,25.291666666666668
2539,4625,2024-06-10,2024-06-11 10:57:29,Technical,Medium,0.0,34.95805555555555
2540,4625,2024-09-22,,Technical,Medium,0.0,
2541,994,2024-08-06,2024-08-06 09:48:15,Billing,Medium,5.0,9.804166666666667
2542,994,2024-05-18,2024-05-18 08:53:26,Billing,Low,2.0,8.890555555555556
2543,994,2024-05-22,,Technical,Medium,0.0,
2544,3685,2024-12-05,,Billing,Low,0.0,
2545,3685,2024-12-10,2024-12-10 17:47:18,Technical,Low,0.0,17.788333333333334
2546,3417,2024-04-26,2024-04-26 08:15:26,Billing,Medium,0.0,8.257222222222222
2547,3417,2024-03-16,2024-03-16 05:51:49,Technical,Low,5.0,5.863611111111111
2548,3417,2024-05-09,,Billing,Low,0.0,
2549,3417,2024-03-11,2024-03-11 13:37:04,Billing,Medium,0.0,13.617777777777778
2550,4022,2024-12-21,2024-12-22 12:37:22,General,Low,4.0,36.62277777777778
2551,4022,2024-02-10,2024-02-11 07:06:59,Billing,Medium,0.0,31.11638888888889
2552,1311,2024-08-22,,General,Low,0.0,
2553,1089,2024-07-28,2024-07-28 06:44:32,Technical,Low,0.0,6.742222222222222
2554,1951,2024-12-13,2024-12-13 12:47:59,General,Medium,0.0,12.799722222222222
2555,1951,2024-03-18,2024-03-20 17:36:24,Billing,Low,5.0,65.60666666666667
2556,1534,2024-03-15,2024-03-15 13:05:11,Technical,High,5.0,13.086388888888889
2557,1534,2024-08-06,2024-08-06 17:10:03,Billing,Low,5.0,17.1675
2558,1534,2024-12-16,2024-12-16 06:33:30,General,Low,0.0,6.558333333333334
2559,890,2024-10-24,2024-10-24 03:14:16,Technical,Low,0.0,3.2377777777777776
2560,3641,2024-07-19,2024-07-20 14:25:03,Technical,Low,0.0,38.4175
2561,3641,2024-11-22,2024-11-22 22:07:46,Billing,Medium,5.0,22.129444444444445
2562,3641,2024-07-23,2024-07-23 01:59:19,Technical,High,3.0,1.988611111111111
2563,178,2024-08-26,2024-08-26 09:03:14,Technical,Low,0.0,9.053888888888888
2564,178,2024-12-21,2024-12-21 20:42:57,Technical,Low,0.0,20.715833333333332
2565,4571,2024-06-24,2024-06-24 12:05:42,Technical,Medium,0.0,12.095
2566,4571,2024-05-03,2024-05-03 13:37:36,Technical,High,3.0,13.626666666666667
2567,3714,2024-12-29,2024-12-29 12:03:08,Billing,Low,2.0,12.052222222222222
2568,3714,2024-08-22,,Technical,Low,0.0,
2569,2123,2024-07-20,2024-07-20 06:45:59,Billing,Low,4.0,6.766388888888889
2570,2123,2024-05-16,,General,High,0.0,
2571,2123,2024-12-20,2024-12-20 13:01:36,Technical,Medium,3.0,13.026666666666667
2572,2631,2024-02-20,2024-02-20 03:15:00,Billing,Low,0.0,3.25
2573,2631,2024-08-10,2024-08-11 09:57:40,Technical,Low,5.0,33.96111111111111
2574,2631,2024-02-04,2024-02-04 06:25:43,Technical,Low,0.0,6.4286111111111115
2575,2631,2024-11-07,,General,Medium,0.0,
2576,2631,2024-08-15,2024-08-15 11:01:02,Technical,High,1.0,11.017222222222221
2577,2783,2024-12-04,2024-12-04 11:32:07,Technical,Low,5.0,11.535277777777777
2578,2783,2024-01-17,2024-01-17 19:58:55,General,Low,4.0,19.981944444444444
2579,4877,2024-09-01,,Technical,Low,0.0,
2580,4877,2024-12-19,2024-12-19 04:14:59,Technical,Medium,3.0,4.249722222222222
2581,4877,2024-06-09,,Billing,Low,0.0,
2582,4877,2024-06-30,2024-07-01 00:04:33,Billing,High,4.0,24.075833333333332
2583,4222,2024-05-07,2024-05-07 20:33:58,General,Low,5.0,20.566111111111113
2584,4222,2024-10-09,2024-10-09 20:01:31,Technical,High,0.0,20.025277777777777
2585,4222,2024-08-11,2024-08-11 05:20:19,Technical,Medium,2.0,5.338611111111111
2586,4222,2024-03-31,2024-03-31 10:46:04,Technical,High,0.0,10.767777777777777
2587,4222,2024-09-09,2024-09-09 13:44:47,Technical,Medium,0.0,13.74638888888889
2588,1698,2024-11-09,,Billing,Low,0.0,
2589,1698,2024-10-13,2024-10-13 07:18:50,Billing,Medium,0.0,7.313888888888889
2590,1698,2024-04-03,,Technical,High,0.0,
2591,1698,2024-01-31,2024-01-31 16:13:17,General,High,0.0,16.22138888888889
2592,4462,2024-03-19,2024-03-19 08:34:35,Billing,High,3.0,8.57638888888889
2593,1645,2024-02-23,2024-02-23 23:48:05,Technical,Medium,2.0,23.801388888888887
2594,1645,2024-01-04,2024-01-04 13:00:31,Technical,Low,0.0,13.008611111111112
2595,1645,2024-01-03,2024-01-03 09:40:49,General,Medium,0.0,9.680277777777778
2596,1645,2024-09-15,2024-09-15 13:33:26,General,Low,0.0,13.557222222222222
2597,1645,2024-10-28,2024-10-28 21:07:15,Billing,Medium,4.0,21.120833333333334
2598,3,2024-10-22,2024-10-22 12:33:21,General,High,0.0,12.555833333333334
2599,3,2024-06-16,,Billing,Low,0.0,
2600,3,2024-02-17,2024-02-18 08:55:48,General,High,0.0,32.93
2601,3,2024-03-06,2024-03-06 14:35:08,Technical,Low,0.0,14.585555555555555
2602,1666,2024-05-04,2024-05-05 14:02:42,Billing,High,3.0,38.045
2603,1666,2024-02-19,2024-02-19 14:49:13,Billing,Medium,0.0,14.820277777777777
2604,2089,2024-01-18,,General,Low,0.0,
2605,2089,2024-05-14,2024-05-14 21:12:50,General,Medium,5.0,21.21388888888889
2606,2089,2024-03-03,2024-03-03 11:43:42,Technical,Medium,4.0,11.728333333333333
2607,2089,2024-07-12,2024-07-13 03:59:11,Billing,Medium,4.0,27.98638888888889
2608,2089,2024-02-16,2024-02-16 18:08:30,Technical,Medium,4.0,18.141666666666666
2609,4734,2024-01-09,2024-01-09 05:41:36,Billing,Low,0.0,5.693333333333333
2610,4734,2024-01-14,,Technical,Medium,0.0,
2611,4734,2024-03-04,,Technical,Low,0.0,
2612,4734,2024-01-20,2024-01-20 01:26:57,Technical,Low,4.0,1.4491666666666667
2613,3833,2024-12-03,,Technical,Low,0.0,
2614,3833,2024-12-09,,Technical,Medium,0.0,
2615,3833,2024-11-16,2024-11-16 14:43:57,Technical,Medium,5.0,14.7325
2616,2725,2024-12-07,2024-12-07 15:35:44,General,Low,0.0,15.595555555555556
2617,2725,2024-02-27,2024-02-27 15:54:40,Billing,High,0.0,15.911111111111111
2618,2725,2024-05-25,2024-05-25 15:06:46,Billing,Low,5.0,15.112777777777778
2619,11,2024-12-25,2024-12-26 13:24:12,Technical,Low,0.0,37.403333333333336
2620,11,2024-08-28,2024-08-28 05:07:35,Billing,Low,4.0,5.126388888888889
2621,11,2024-10-29,2024-10-29 04:25:21,Billing,Medium,0.0,4.4225
2622,11,2024-01-13,2024-01-13 04:33:50,General,Low,5.0,4.563888888888889
2623,4003,2024-07-16,2024-07-16 03:06:46,Billing,High,3.0,3.1127777777777776
2624,4003,2024-11-04,2024-11-04 12:51:36,Technical,Low,5.0,12.86
2625,4003,2024-12-15,2024-12-15 12:37:07,Billing,Medium,4.0,12.618611111111111
2626,4003,2024-10-07,2024-10-09 08:09:10,Technical,Low,4.0,56.15277777777778
2627,3402,2024-05-14,2024-05-14 09:15:20,Technical,Low,0.0,9.255555555555556
2628,2298,2024-04-25,2024-04-25 15:02:02,Technical,Low,4.0,15.033888888888889
2629,920,2024-01-26,2024-01-27 00:10:31,General,Medium,0.0,24.17527777777778
2630,1324,2024-09-10,2024-09-10 13:38:45,General,Low,4.0,13.645833333333334
2631,1324,2024-05-15,2024-05-15 10:43:33,Billing,Low,5.0,10.725833333333334
2632,1324,2024-04-15,2024-04-16 00:16:34,Billing,Medium,0.0,24.27611111111111
2633,1324,2024-02-28,,Technical,High,0.0,
2634,1624,2024-10-22,2024-10-22 15:21:26,Billing,Medium,4.0,15.357222222222223
2635,1624,2024-12-21,2024-12-21 17:32:09,Technical,Low,0.0,17.535833333333333
2636,1624,2024-10-21,2024-10-21 17:39:11,Technical,Low,0.0,17.653055555555557
2637,1397,2024-10-20,,Technical,Low,0.0,
2638,1397,2024-02-25,2024-02-25 07:10:23,Technical,Low,0.0,7.173055555555556
2639,1397,2024-12-08,2024-12-08 04:24:18,Billing,High,3.0,4.405
2640,1397,2024-04-06,2024-04-06 23:08:29,Technical,Medium,0.0,23.14138888888889
2641,1659,2024-06-12,2024-06-12 13:31:14,General,Low,0.0,13.520555555555555
2642,1659,2024-03-17,2024-03-17 03:13:12,Technical,Medium,3.0,3.22
2643,1343,2024-11-03,,Billing,Low,0.0,
2644,1343,2024-01-09,2024-01-09 17:36:48,Billing,Low,3.0,17.613333333333333
2645,1343,2024-09-09,2024-09-09 03:41:38,Technical,Medium,4.0,3.693888888888889
2646,1343,2024-09-04,2024-09-04 05:03:07,Billing,Medium,0.0,5.051944444444445
2647,1343,2024-07-30,,Technical,Low,0.0,
2648,4557,2024-02-28,,Technical,Low,0.0,
2649,4557,2024-04-15,2024-04-15 17:09:45,Technical,High,0.0,17.1625
2650,4557,2024-11-16,2024-11-16 19:44:32,Technical,Low,3.0,19.74222222222222
2651,4557,2024-01-11,2024-01-12 11:25:09,Technical,High,0.0,35.41916666666667
2652,4557,2024-03-01,2024-03-03 11:51:44,Technical,Medium,3.0,59.86222222222222
2653,3863,2024-10-12,,Billing,Medium,0.0,
2654,3863,2024-07-04,2024-07-04 07:48:10,Billing,Low,3.0,7.802777777777778
2655,3863,2024-06-24,,Technical,High,0.0,
2656,2987,2024-11-10,2024-11-11 15:47:58,General,Low,0.0,39.79944444444445
2657,2987,2024-12-21,2024-12-21 12:09:19,General,Medium,5.0,12.155277777777778
2658,2987,2024-01-15,,Billing,Medium,0.0,
2659,1979,2024-11-28,2024-11-28 00:45:55,Technical,Low,0.0,0.7652777777777777
2660,2599,2024-04-24,2024-04-25 01:27:53,General,Medium,2.0,25.46472222222222
2661,533,2024-10-04,2024-10-04 09:12:36,Technical,High,1.0,9.21
2662,533,2024-08-07,2024-08-07 16:28:41,Technical,Low,4.0,16.478055555555557
2663,533,2024-02-12,2024-02-12 13:41:15,General,Low,0.0,13.6875
2664,1605,2024-12-22,,Technical,Medium,0.0,
2665,3231,2024-08-26,2024-08-27 05:24:40,Technical,Medium,2.0,29.41111111111111
2666,3231,2024-11-21,2024-11-21 08:02:13,Technical,Low,0.0,8.036944444444444
2667,3231,2024-03-14,2024-03-15 10:22:03,Technical,Medium,0.0,34.3675
2668,3231,2024-08-09,2024-08-09 08:52:19,Billing,Low,0.0,8.871944444444445
2669,1835,2024-10-24,2024-10-24 14:40:54,Technical,High,0.0,14.681666666666667
2670,1835,2024-04-02,,Billing,Low,0.0,
2671,1835,2024-11-29,2024-11-29 11:59:42,Billing,Medium,0.0,11.995
2672,1835,2024-05-12,2024-05-12 14:03:55,Technical,Medium,0.0,14.065277777777778
2673,1835,2024-12-12,2024-12-12 09:58:55,General,Low,3.0,9.981944444444444
2674,245,2024-06-21,,Billing,Medium,0.0,
2675,2535,2024-08-21,2024-08-22 08:33:06,Technical,High,3.0,32.55166666666667
2676,2535,2024-07-31,2024-08-01 06:40:03,Technical,Medium,4.0,30.6675
2677,2535,2024-01-30,2024-01-30 04:02:27,Billing,Low,5.0,4.0408333333333335
2678,2535,2024-10-06,2024-10-07 07:17:29,Technical,Medium,0.0,31.29138888888889
2679,49,2024-06-10,,Billing,Low,0.0,
2680,428,2024-09-27,2024-09-28 09:08:15,Technical,Low,5.0,33.1375
2681,428,2024-12-20,2024-12-20 12:13:09,General,Low,2.0,12.219166666666666
2682,3100,2024-09-24,,General,Medium,0.0,
2683,3100,2024-09-06,2024-09-07 08:19:14,Technical,Low,3.0,32.32055555555556
2684,3100,2024-04-15,2024-04-15 07:42:41,Billing,High,2.0,7.711388888888889
2685,4556,2024-07-18,2024-07-19 03:30:40,General,Medium,2.0,27.511111111111113
2686,4556,2024-07-12,2024-07-12 17:13:22,Billing,Low,3.0,17.22277777777778
2687,3041,2024-11-19,2024-11-19 05:58:49,General,Medium,1.0,5.980277777777777
2688,3041,2024-05-29,2024-05-30 15:12:15,General,Low,5.0,39.204166666666666
2689,3419,2024-11-24,2024-11-24 05:05:31,Technical,Low,4.0,5.091944444444445
2690,3419,2024-04-13,2024-04-13 11:23:19,Billing,High,2.0,11.38861111111111
2691,3419,2024-09-19,2024-09-19 11:35:38,Billing,Medium,0.0,11.59388888888889
2692,3419,2024-08-11,2024-08-11 00:12:25,Billing,Medium,3.0,0.20694444444444443
2693,456,2024-02-29,2024-02-29 18:46:52,Technical,Low,0.0,18.781111111111112
2694,456,2024-04-27,,Technical,Medium,0.0,
2695,456,2024-06-28,2024-06-28 11:13:45,Technical,Medium,0.0,11.229166666666666
2696,456,2024-09-26,2024-09-26 22:34:52,General,Medium,4.0,22.58111111111111
2697,4240,2024-08-20,2024-08-21 10:21:41,General,Medium,0.0,34.36138888888889
2698,2839,2024-11-24,2024-11-24 09:20:41,Technical,High,5.0,9.344722222222222
2699,4997,2024-07-24,2024-07-24 09:06:28,Technical,Low,4.0,9.107777777777779
2700,3854,2024-08-05,2024-08-05 06:31:40,General,Low,0.0,6.527777777777778
2701,3854,2024-06-18,2024-06-18 04:45:57,Billing,Medium,4.0,4.765833333333333
2702,3854,2024-07-18,2024-07-18 14:02:41,General,Low,4.0,14.044722222222223
2703,1703,2024-06-11,2024-06-12 04:23:16,Technical,Low,5.0,28.387777777777778
2704,1703,2024-05-24,,Billing,Medium,0.0,
2705,1703,2024-01-30,2024-01-31 08:15:32,General,High,4.0,32.25888888888889
2706,4260,2024-11-19,2024-11-22 10:00:19,Technical,Low,4.0,82.00527777777778
2707,1349,2024-11-05,2024-11-05 06:44:11,Billing,Low,4.0,6.7363888888888885
2708,1349,2024-04-21,2024-04-21 12:29:14,Billing,High,1.0,12.487222222222222
2709,1349,2024-10-28,2024-10-28 09:04:46,Technical,Low,4.0,9.079444444444444
2710,1349,2024-02-11,2024-02-11 22:20:50,Technical,High,3.0,22.34722222222222
2711,1349,2024-03-24,,Technical,Medium,0.0,
2712,2846,2024-06-24,2024-06-25 06:48:29,Technical,Low,5.0,30.808055555555555
2713,2846,2024-07-15,2024-07-17 21:58:22,Technical,High,0.0,69.97277777777778
2714,2846,2024-01-12,2024-01-12 11:30:31,Billing,Low,5.0,11.508611111111112
2715,2846,2024-10-27,2024-10-27 23:58:43,Technical,Low,0.0,23.97861111111111
2716,2846,2024-10-01,,Technical,High,0.0,
2717,4485,2024-06-08,,Technical,Medium,0.0,
2718,4485,2024-03-26,2024-03-26 00:56:48,Billing,Medium,5.0,0.9466666666666667
2719,4485,2024-10-20,2024-10-20 14:07:46,Billing,Medium,4.0,14.129444444444445
2720,4485,2024-06-08,2024-06-08 08:36:28,Technical,Low,3.0,8.607777777777779
2721,3681,2024-11-09,,Billing,Medium,0.0,
2722,3681,2024-10-18,,Billing,Medium,0.0,
2723,3681,2024-10-19,2024-10-19 05:42:31,General,Low,4.0,5.708611111111111
2724,2034,2024-07-27,2024-07-28 16:08:05,Technical,Low,4.0,40.13472222222222
2725,1683,2024-01-19,2024-01-19 06:09:05,Technical,Low,5.0,6.151388888888889
2726,1683,2024-03-16,2024-03-16 05:30:21,Billing,High,4.0,5.505833333333333
2727,1683,2024-06-15,2024-06-15 11:18:49,General,Low,0.0,11.313611111111111
2728,1683,2024-07-16,2024-07-16 06:51:45,Billing,Medium,0.0,6.8625
2729,1683,2024-10-10,2024-10-10 17:24:52,Technical,Low,4.0,17.414444444444445
2730,2804,2024-04-21,2024-04-22 07:00:06,General,Medium,0.0,31.001666666666665
2731,2804,2024-07-25,2024-07-25 19:38:01,Technical,Medium,0.0,19.63361111111111
2732,2804,2024-09-04,2024-09-04 05:34:43,Technical,Medium,0.0,5.578611111111111
2733,2777,2024-08-19,2024-08-19 02:15:04,General,Low,3.0,2.2511111111111113
2734,2777,2024-11-19,2024-11-21 01:12:02,Technical,Low,3.0,49.20055555555555
2735,2777,2024-04-24,2024-04-24 12:31:42,Billing,High,3.0,12.528333333333334
2736,3788,2024-10-23,,Technical,Medium,0.0,
2737,3788,2024-10-13,2024-10-13 06:25:19,General,Low,5.0,6.421944444444445
2738,3788,2024-02-21,2024-02-21 04:33:32,Technical,Medium,4.0,4.558888888888889
2739,3788,2024-07-07,2024-07-07 14:11:09,Technical,Medium,5.0,14.185833333333333
2740,3788,2024-08-23,2024-08-23 05:33:59,Billing,Low,5.0,5.566388888888889
2741,3744,2024-03-03,2024-03-03 12:08:52,Technical,Low,5.0,12.147777777777778
2742,2064,2024-06-05,2024-06-06 09:42:11,General,High,3.0,33.70305555555556
2743,2064,2024-04-26,,General,Medium,0.0,
2744,2064,2024-01-03,2024-01-03 18:23:26,General,Low,0.0,18.390555555555554
2745,2064,2024-07-01,2024-07-01 10:37:03,Billing,Low,0.0,10.6175
2746,2064,2024-03-26,,Technical,Low,0.0,
2747,1276,2024-09-09,2024-09-09 10:41:38,Technical,Medium,4.0,10.693888888888889
2748,1276,2024-08-26,2024-08-26 07:00:35,Technical,Low,0.0,7.009722222222222
2749,1276,2024-06-10,2024-06-10 08:42:09,Technical,High,0.0,8.7025
2750,3690,2024-06-24,2024-06-25 10:16:22,General,High,3.0,34.272777777777776
2751,3690,2024-02-27,2024-02-27 08:24:06,Billing,Medium,4.0,8.401666666666667
2752,3690,2024-03-08,2024-03-08 18:30:29,Technical,High,5.0,18.508055555555554
2753,4973,2024-04-30,2024-04-30 20:18:42,Billing,Low,0.0,20.311666666666667
2754,4973,2024-12-12,2024-12-13 09:45:42,Technical,Low,5.0,33.76166666666666
2755,2351,2024-06-25,2024-06-25 09:22:26,Billing,Low,4.0,9.373888888888889
2756,2351,2024-08-26,2024-08-26 00:58:49,Billing,Medium,0.0,0.9802777777777778
2757,1080,2024-09-20,2024-09-20 13:44:29,General,Low,3.0,13.741388888888888
2758,3199,2024-10-20,2024-10-20 07:53:00,General,Low,0.0,7.883333333333334
2759,3199,2024-10-20,2024-10-20 06:43:35,General,Medium,0.0,6.726388888888889
2760,426,2024-08-03,2024-08-05 01:31:47,Technical,Low,0.0,49.52972222222222
2761,426,2024-08-27,2024-08-28 18:06:04,Billing,Low,4.0,42.10111111111111
2762,426,2024-03-17,2024-03-17 23:41:01,Technical,Medium,5.0,23.683611111111112
2763,2863,2024-06-03,2024-06-03 11:17:07,Technical,Medium,5.0,11.285277777777777
2764,2863,2024-08-22,,Technical,Medium,0.0,
2765,2863,2024-02-24,,Technical,Low,0.0,
2766,3657,2024-02-02,2024-02-02 18:12:01,Technical,Medium,3.0,18.200277777777778
2767,3364,2024-04-04,2024-04-04 06:16:39,Technical,Medium,0.0,6.2775
2768,3163,2024-12-17,2024-12-17 21:25:24,Billing,Low,5.0,21.423333333333332
2769,3163,2024-05-23,2024-05-23 13:44:08,Technical,Low,5.0,13.735555555555555
2770,4265,2024-07-30,2024-07-30 16:32:57,Billing,High,1.0,16.549166666666668
2771,4265,2024-10-29,,Technical,High,0.0,
2772,1138,2024-09-09,2024-09-10 22:35:21,Technical,Medium,3.0,46.589166666666664
2773,655,2024-02-10,,Billing,Low,0.0,
2774,655,2024-05-24,2024-05-24 03:15:07,Technical,High,2.0,3.2519444444444443
2775,655,2024-02-13,2024-02-13 21:03:39,General,Low,4.0,21.060833333333335
2776,655,2024-12-18,2024-12-19 05:16:01,Technical,Medium,5.0,29.266944444444444
2777,2247,2024-03-17,2024-03-17 08:13:53,Technical,Low,4.0,8.231388888888889
2778,2247,2024-11-03,,Billing,Low,0.0,
2779,2333,2024-06-15,2024-06-15 01:58:53,Technical,Low,5.0,1.9813888888888889
2780,2333,2024-09-22,2024-09-23 06:09:12,General,Low,4.0,30.153333333333332
2781,2333,2024-06-09,2024-06-10 03:35:36,General,Low,0.0,27.593333333333334
2782,2333,2024-06-02,,Billing,Medium,0.0,
2783,2333,2024-03-16,,Technical,Low,0.0,
2784,318,2024-03-10,2024-03-11 06:56:21,Technical,High,3.0,30.939166666666665
2785,318,2024-09-09,2024-09-09 09:32:42,Billing,Medium,0.0,9.545
2786,318,2024-12-20,,Billing,High,0.0,
2787,318,2024-05-21,2024-05-21 23:31:48,Billing,Medium,0.0,23.53
2788,4864,2024-05-29,2024-05-29 12:37:59,Billing,Medium,0.0,12.633055555555556
2789,4864,2024-01-27,,Technical,Medium,0.0,
2790,4864,2024-03-31,,Billing,Medium,0.0,
2791,4864,2024-12-07,2024-12-07 02:41:07,Technical,High,0.0,2.685277777777778
2792,3957,2024-06-13,2024-06-13 06:50:52,Technical,Low,0.0,6.847777777777778
2793,3957,2024-02-19,2024-02-19 20:53:30,General,High,0.0,20.891666666666666
2794,4697,2024-01-29,2024-01-29 07:10:28,Technical,High,0.0,7.174444444444444
2795,4697,2024-01-13,2024-01-13 20:17:44,Technical,Medium,0.0,20.295555555555556
2796,4697,2024-06-07,2024-06-07 15:05:15,Technical,Low,0.0,15.0875
2797,418,2024-07-15,2024-07-15 06:37:25,Billing,Low,5.0,6.623611111111111
2798,418,2024-04-19,2024-04-20 15:22:18,Technical,Low,5.0,39.37166666666667
2799,418,2024-12-05,2024-12-05 06:53:57,Technical,High,2.0,6.899166666666667
2800,418,2024-08-21,,Technical,Medium,0.0,
2801,4832,2024-04-09,2024-04-09 20:50:45,Billing,High,0.0,20.845833333333335
2802,4832,2024-06-06,2024-06-06 17:02:58,General,Medium,5.0,17.049444444444443
2803,4832,2024-07-18,,Billing,Medium,0.0,
2804,4832,2024-10-12,2024-10-12 18:21:35,Billing,Medium,0.0,18.35972222222222
2805,4832,2024-11-23,2024-11-23 12:15:05,Technical,Medium,4.0,12.251388888888888
2806,120,2024-02-08,2024-02-08 07:34:21,General,Low,4.0,7.5725
2807,120,2024-01-27,2024-01-27 08:15:45,Technical,Low,3.0,8.2625
2808,120,2024-10-09,2024-10-09 17:15:31,Technical,Medium,0.0,17.25861111111111
2809,1401,2024-07-16,2024-07-17 19:26:28,Technical,Low,0.0,43.44111111111111
2810,885,2024-02-16,,General,Medium,0.0,
2811,885,2024-12-09,2024-12-09 21:09:47,Billing,Low,0.0,21.163055555555555
2812,885,2024-08-18,,Technical,Medium,0.0,
2813,885,2024-06-24,2024-06-24 08:58:52,Technical,High,5.0,8.981111111111112
2814,651,2024-10-17,2024-10-17 10:28:57,Technical,High,2.0,10.4825
2815,651,2024-04-21,2024-04-21 06:06:22,General,High,4.0,6.106111111111111
2816,651,2024-12-19,2024-12-19 13:18:54,Billing,Medium,0.0,13.315
2817,651,2024-04-21,2024-04-21 21:44:18,Billing,Medium,0.0,21.738333333333333
2818,3144,2024-02-13,2024-02-13 10:50:02,Technical,Low,0.0,10.83388888888889
2819,4878,2024-02-20,,Billing,Low,0.0,
2820,4878,2024-11-05,,Billing,High,0.0,
2821,4878,2024-09-14,2024-09-14 10:42:14,General,High,4.0,10.703888888888889
2822,4058,2024-03-31,,Billing,Medium,0.0,
2823,4786,2024-01-22,2024-01-22 20:31:31,Billing,Low,0.0,20.525277777777777
2824,4786,2024-10-30,2024-10-30 07:45:06,Billing,Medium,4.0,7.751666666666667
2825,4290,2024-10-30,2024-10-30 07:41:47,General,Medium,4.0,7.6963888888888885
2826,4290,2024-06-14,2024-06-14 07:12:56,Billing,Low,0.0,7.2155555555555555
2827,2657,2024-02-05,2024-02-05 23:47:50,Billing,High,5.0,23.79722222222222
2828,2657,2024-01-03,2024-01-03 08:18:23,General,Low,0.0,8.30638888888889
2829,2657,2024-09-30,2024-09-30 08:48:31,Technical,Low,4.0,8.80861111111111
2830,2589,2024-07-28,2024-07-28 09:01:27,Billing,Medium,0.0,9.024166666666666
2831,2589,2024-11-03,2024-11-03 20:58:19,Technical,High,0.0,20.971944444444443
2832,2589,2024-12-27,2024-12-27 20:28:51,Technical,Medium,5.0,20.480833333333333
2833,2589,2024-04-03,,Billing,Medium,0.0,
2834,3555,2024-02-06,2024-02-06 01:13:54,Billing,Low,0.0,1.2316666666666667
2835,3555,2024-11-11,2024-11-11 03:24:54,Technical,Medium,0.0,3.415
2836,3555,2024-07-08,,Technical,Low,0.0,
2837,3555,2024-09-27,2024-09-27 05:38:20,General,Low,4.0,5.638888888888889
2838,2261,2024-12-28,2024-12-29 04:55:59,Billing,Low,0.0,28.933055555555555
2839,2261,2024-01-14,,General,Low,0.0,
2840,2261,2024-08-28,2024-08-28 10:26:39,Technical,Low,0.0,10.444166666666666
2841,2261,2024-03-15,2024-03-15 05:41:21,General,Medium,0.0,5.689166666666667
2842,4313,2024-03-18,,Billing,Low,0.0,
2843,3593,2024-11-13,2024-11-14 18:30:56,Technical,High,3.0,42.51555555555556
2844,3593,2024-09-14,2024-09-14 09:49:33,Technical,Low,2.0,9.825833333333334
2845,3593,2024-05-15,2024-05-16 03:32:19,Billing,High,0.0,27.538611111111113
2846,3593,2024-02-19,,Technical,Low,0.0,
2847,2899,2024-10-21,2024-10-21 05:49:46,General,Medium,4.0,5.829444444444444
2848,2899,2024-09-22,,Technical,Low,0.0,
2849,2899,2024-05-17,2024-05-17 07:43:46,Billing,High,0.0,7.729444444444445
2850,2899,2024-02-24,,Technical,Low,0.0,
2851,1469,2024-05-05,2024-05-05 06:12:14,Billing,Low,5.0,6.203888888888889
2852,4499,2024-02-10,,Technical,High,0.0,
2853,4499,2024-03-04,2024-03-04 14:05:01,Technical,Low,5.0,14.08361111111111
2854,2477,2024-12-06,2024-12-06 13:29:55,General,Medium,5.0,13.498611111111112
2855,2477,2024-08-05,2024-08-05 11:42:49,Technical,Low,0.0,11.713611111111112
2856,448,2024-01-16,2024-01-16 06:44:44,Billing,Medium,0.0,6.745555555555556
2857,448,2024-02-14,2024-02-14 17:30:23,Technical,Medium,0.0,17.50638888888889
2858,4477,2024-06-25,2024-06-25 13:00:45,Technical,Low,4.0,13.0125
2859,3165,2024-08-30,2024-08-31 14:48:53,Technical,Medium,5.0,38.81472222222222
2860,3165,2024-05-28,2024-05-28 20:46:03,Billing,Low,3.0,20.7675
2861,3165,2024-02-29,2024-02-29 23:56:53,Technical,Medium,0.0,23.948055555555555
2862,3165,2024-05-04,2024-05-04 06:47:44,Billing,Medium,0.0,6.795555555555556
2863,3165,2024-01-28,2024-01-28 17:37:53,Billing,Low,0.0,17.63138888888889
2864,3924,2024-09-01,2024-09-01 16:54:15,Billing,Medium,2.0,16.904166666666665
2865,3924,2024-02-25,2024-02-25 08:34:34,Billing,Medium,5.0,8.57611111111111
2866,1667,2024-07-08,,General,Medium,0.0,
2867,1667,2024-02-12,2024-02-12 19:51:20,General,Medium,4.0,19.855555555555554
2868,1667,2024-01-13,2024-01-13 11:26:39,Billing,Medium,5.0,11.444166666666666
2869,1667,2024-02-28,,Technical,Low,0.0,
2870,1667,2024-12-04,2024-12-04 17:50:42,Billing,Low,0.0,17.845
2871,2500,2024-09-09,2024-09-09 00:44:31,Technical,Low,4.0,0.7419444444444444
2872,2500,2024-05-28,,Technical,Low,0.0,
2873,2500,2024-06-22,2024-06-22 11:42:26,Technical,Low,0.0,11.707222222222223
2874,2500,2024-04-13,2024-04-13 21:22:49,Technical,Medium,0.0,21.380277777777778
2875,2086,2024-03-02,2024-03-02 00:51:36,Billing,Medium,0.0,0.86
2876,2086,2024-11-07,2024-11-07 15:50:03,Technical,Low,0.0,15.834166666666667
2877,2086,2024-02-01,2024-02-03 13:25:20,Technical,High,0.0,61.422222222222224
2878,2086,2024-02-27,,Technical,Medium,0.0,
2879,3011,2024-10-28,2024-10-29 00:22:23,Technical,Medium,2.0,24.373055555555556
2880,3011,2024-05-05,2024-05-05 14:39:02,Technical,High,5.0,14.650555555555556
2881,1911,2024-04-29,2024-04-29 22:41:33,Billing,Medium,0.0,22.6925
2882,1911,2024-09-16,2024-09-16 02:22:44,General,Low,0.0,2.378888888888889
2883,1911,2024-10-11,2024-10-11 09:17:05,Technical,High,2.0,9.284722222222221
2884,4855,2024-09-16,2024-09-16 10:36:13,Billing,Low,5.0,10.60361111111111
2885,1565,2024-08-08,2024-08-08 11:30:51,Technical,Low,5.0,11.514166666666666
2886,1565,2024-03-04,2024-03-04 03:45:49,Technical,Medium,0.0,3.763611111111111
2887,1565,2024-08-21,2024-08-21 10:13:09,General,Low,5.0,10.219166666666666
2888,1565,2024-03-14,2024-03-14 20:14:51,Billing,High,0.0,20.2475
2889,3367,2024-07-24,2024-07-24 07:22:47,Billing,Medium,0.0,7.379722222222222
2890,3367,2024-04-12,2024-04-12 09:22:07,Technical,Medium,2.0,9.368611111111111
2891,3367,2024-05-09,2024-05-09 11:23:12,General,Low,5.0,11.386666666666667
2892,3367,2024-06-30,2024-06-30 15:37:07,Technical,Low,5.0,15.618611111111111
2893,1730,2024-09-03,2024-09-03 15:03:22,Billing,Low,4.0,15.056111111111111
2894,1730,2024-11-01,2024-11-02 09:31:05,Billing,High,4.0,33.518055555555556
2895,1730,2024-10-12,2024-10-13 01:06:09,Technical,Medium,4.0,25.1025
2896,1730,2024-04-03,2024-04-03 21:34:30,Billing,Low,0.0,21.575
2897,1730,2024-09-15,2024-09-15 15:40:06,General,Medium,0.0,15.668333333333333
2898,2026,2024-11-23,,Billing,Low,0.0,
2899,2026,2024-01-19,2024-01-19 20:28:20,Billing,Low,5.0,20.47222222222222
2900,2026,2024-03-09,2024-03-09 17:32:31,Billing,Low,0.0,17.541944444444443
2901,2026,2024-10-16,2024-10-16 20:59:22,Billing,Low,5.0,20.989444444444445
2902,2026,2024-09-15,2024-09-17 04:19:38,Technical,Low,3.0,52.327222222222225
2903,4215,2024-12-06,,Technical,Low,0.0,
2904,4215,2024-01-26,2024-01-26 05:28:26,Technical,Low,1.0,5.473888888888889
2905,3883,2024-12-21,2024-12-22 20:57:52,General,High,0.0,44.964444444444446
2906,3883,2024-11-09,2024-11-09 15:16:14,Technical,High,0.0,15.270555555555555
2907,2607,2024-10-17,2024-10-18 05:32:25,Technical,Low,0.0,29.540277777777778
2908,2607,2024-06-07,2024-06-07 10:24:04,General,Medium,2.0,10.401111111111112
2909,2607,2024-05-03,,Billing,Low,0.0,
2910,2607,2024-05-22,,Technical,Low,0.0,
2911,2590,2024-12-04,2024-12-04 15:13:58,Technical,Medium,0.0,15.232777777777779
2912,2975,2024-04-20,2024-04-21 01:10:28,Billing,Low,4.0,25.174444444444443
2913,4329,2024-06-05,2024-06-05 18:21:41,Technical,Medium,5.0,18.36138888888889
2914,4329,2024-09-18,2024-09-18 10:09:35,Billing,Low,0.0,10.159722222222221
2915,4329,2024-03-29,2024-03-29 15:34:52,General,High,0.0,15.581111111111111
2916,3067,2024-08-04,2024-08-04 08:05:05,Technical,Medium,3.0,8.084722222222222
2917,3622,2024-03-07,,Billing,Medium,0.0,
2918,3622,2024-09-16,2024-09-17 09:04:55,Technical,Low,4.0,33.081944444444446
2919,3622,2024-06-14,2024-06-14 15:17:45,Technical,High,0.0,15.295833333333333
2920,3622,2024-05-01,2024-05-01 06:28:45,Billing,Medium,0.0,6.479166666666667
2921,1440,2024-03-24,2024-03-24 09:27:10,Billing,Medium,0.0,9.452777777777778
2922,1440,2024-09-26,2024-09-26 12:06:54,Technical,Medium,5.0,12.115
2923,1501,2024-09-28,2024-09-28 05:49:32,Billing,High,1.0,5.825555555555556
2924,1501,2024-03-01,2024-03-01 10:54:55,Billing,High,4.0,10.915277777777778
2925,1501,2024-06-10,,Technical,Low,0.0,
2926,1798,2024-02-20,2024-02-20 12:58:54,Technical,Medium,0.0,12.981666666666667
2927,1798,2024-04-20,2024-04-20 01:42:42,Billing,Low,4.0,1.7116666666666667
2928,1798,2024-06-27,2024-06-27 22:40:06,Billing,Medium,3.0,22.668333333333333
2929,3517,2024-12-02,2024-12-02 08:07:33,Billing,High,0.0,8.125833333333333
2930,3517,2024-05-15,2024-05-16 01:39:02,Technical,Medium,5.0,25.650555555555556
2931,3517,2024-02-08,2024-02-08 23:33:10,General,Medium,5.0,23.552777777777777
2932,3517,2024-03-02,2024-03-03 01:11:15,General,Low,0.0,25.1875
2933,1419,2024-06-05,2024-06-06 16:19:14,Technical,Low,4.0,40.32055555555556
2934,1419,2024-11-24,2024-11-24 15:29:50,Technical,High,1.0,15.497222222222222
2935,1419,2024-12-21,2024-12-22 11:26:06,Billing,Low,5.0,35.435
2936,1419,2024-05-06,2024-05-06 04:57:40,General,Medium,3.0,4.961111111111111
2937,4267,2024-07-04,,Technical,Low,0.0,
2938,4267,2024-06-20,,General,Medium,0.0,
2939,143,2024-03-01,,Technical,Low,0.0,
2940,143,2024-01-05,2024-01-06 00:49:33,Technical,Low,0.0,24.825833333333332
2941,143,2024-07-13,2024-07-13 02:49:01,Technical,Medium,0.0,2.8169444444444443
2942,247,2024-08-12,2024-08-12 05:31:32,Technical,Medium,0.0,5.525555555555556
2943,247,2024-10-21,2024-10-21 03:03:00,Technical,Low,4.0,3.05
2944,247,2024-09-18,2024-09-18 05:28:35,Technical,High,3.0,5.476388888888889
2945,3965,2024-07-09,2024-07-10 01:39:23,Billing,Low,5.0,25.656388888888888
2946,3965,2024-12-28,2024-12-28 13:16:43,General,Low,5.0,13.278611111111111
2947,3965,2024-08-12,,Technical,Medium,0.0,
2948,3965,2024-09-25,2024-09-25 14:19:15,Technical,Low,0.0,14.320833333333333
2949,3965,2024-04-24,,Technical,Low,0.0,
2950,3505,2024-07-20,2024-07-20 05:29:23,General,Low,5.0,5.489722222222222
2951,3505,2024-12-28,2024-12-28 01:29:08,General,Low,0.0,1.4855555555555555
2952,3505,2024-05-19,,Technical,Medium,0.0,
2953,3659,2024-06-23,2024-06-24 09:20:31,General,Low,0.0,33.341944444444444
2954,3659,2024-10-18,2024-10-18 13:13:44,Technical,High,0.0,13.22888888888889
2955,3659,2024-11-17,,General,Low,0.0,
2956,3659,2024-12-26,2024-12-26 09:44:48,General,Low,4.0,9.746666666666666
2957,3659,2024-10-19,2024-10-19 13:36:06,Technical,Low,0.0,13.601666666666667
2958,1640,2024-03-11,2024-03-11 09:47:07,Technical,Medium,4.0,9.785277777777777
2959,1640,2024-01-20,2024-01-20 13:59:02,Technical,Low,4.0,13.983888888888888
2960,3468,2024-10-01,2024-10-01 14:03:58,Technical,Low,0.0,14.06611111111111
2961,3468,2024-12-17,2024-12-17 07:17:38,Technical,Low,4.0,7.293888888888889
2962,3468,2024-01-25,2024-01-25 13:24:26,Technical,Low,0.0,13.407222222222222
2963,3468,2024-09-03,2024-09-03 17:34:27,Technical,Medium,0.0,17.574166666666667
2964,3468,2024-02-19,2024-02-19 17:19:15,Technical,Medium,3.0,17.320833333333333
2965,4790,2024-08-28,,Billing,Low,0.0,
2966,1466,2024-02-10,2024-02-10 14:08:05,Technical,Medium,0.0,14.134722222222223
2967,1466,2024-11-08,2024-11-08 17:31:41,Technical,Low,0.0,17.528055555555557
2968,1466,2024-03-01,2024-03-01 08:03:43,Technical,Medium,5.0,8.061944444444444
2969,1466,2024-06-13,2024-06-14 16:40:35,Technical,Medium,0.0,40.67638888888889
2970,1466,2024-08-27,2024-08-27 03:46:57,Technical,Medium,0.0,3.7825
2971,339,2024-03-27,2024-03-27 11:43:03,Technical,Low,5.0,11.7175
2972,339,2024-11-21,2024-11-21 06:15:44,Technical,Low,0.0,6.262222222222222
2973,339,2024-02-13,2024-02-13 13:35:50,Technical,Medium,4.0,13.597222222222221
2974,339,2024-07-13,2024-07-13 06:14:57,Technical,High,0.0,6.2491666666666665
2975,3034,2024-01-12,2024-01-12 12:51:28,Billing,Low,5.0,12.857777777777779
2976,3034,2024-01-12,2024-01-12 16:33:58,Technical,Medium,4.0,16.566111111111113
2977,3034,2024-09-16,,Billing,Medium,0.0,
2978,2727,2024-02-10,2024-02-10 11:23:59,Technical,Low,5.0,11.399722222222222
2979,2727,2024-01-21,2024-01-21 11:24:30,Billing,Low,0.0,11.408333333333333
2980,2727,2024-11-15,,Technical,Medium,0.0,
2981,3912,2024-07-17,2024-07-17 13:04:21,General,Low,5.0,13.0725
2982,3912,2024-09-05,2024-09-06 12:51:41,Technical,High,0.0,36.86138888888889
2983,2379,2024-08-17,,Billing,High,0.0,
2984,2379,2024-05-22,2024-05-22 01:42:43,General,Low,5.0,1.7119444444444445
2985,2379,2024-05-03,2024-05-03 09:57:07,Technical,Medium,5.0,9.951944444444445
2986,2379,2024-08-22,,Billing,Low,0.0,
2987,4538,2024-08-07,2024-08-07 20:12:19,Billing,Low,0.0,20.205277777777777
2988,4538,2024-02-28,2024-02-28 10:28:46,Technical,Medium,1.0,10.479444444444445
2989,2248,2024-02-19,2024-02-19 13:13:04,General,Low,0.0,13.217777777777778
2990,2248,2024-03-20,2024-03-20 11:44:56,Technical,Low,5.0,11.748888888888889
2991,2248,2024-02-19,,Technical,Medium,0.0,
2992,2248,2024-02-21,2024-02-21 06:36:20,Technical,Medium,0.0,6.605555555555555
2993,4132,2024-06-29,,General,Low,0.0,
2994,4132,2024-08-15,,General,Low,0.0,
2995,3609,2024-01-30,2024-01-30 08:33:33,Technical,Medium,0.0,8.559166666666666
2996,3609,2024-05-11,2024-05-11 08:35:21,Billing,Low,4.0,8.589166666666667
2997,3088,2024-02-29,2024-02-29 22:59:21,Technical,Medium,0.0,22.989166666666666
2998,1016,2024-08-15,2024-08-17 04:31:42,Technical,Low,3.0,52.528333333333336
2999,1016,2024-12-13,,Technical,High,0.0,
3000,1016,2024-04-04,,General,High,0.0,
3001,2524,2024-07-29,,Billing,Low,0.0,
3002,2524,2024-10-11,,Billing,High,0.0,
3003,2524,2024-11-15,2024-11-15 23:06:07,Technical,Medium,0.0,23.101944444444445
3004,2524,2024-02-03,2024-02-04 13:45:18,Technical,Medium,3.0,37.755
3005,3703,2024-05-08,2024-05-08 06:46:19,Billing,Medium,4.0,6.771944444444444
3006,3703,2024-04-07,,General,Low,0.0,
3007,3703,2024-05-04,2024-05-04 06:35:36,Technical,Low,5.0,6.593333333333334
3008,601,2024-01-29,2024-01-29 00:22:18,Technical,High,0.0,0.37166666666666665
3009,601,2024-06-24,,Technical,Medium,0.0,
3010,601,2024-08-30,2024-08-30 09:30:00,Technical,Low,0.0,9.5
3011,601,2024-09-27,2024-09-28 11:16:46,Billing,Low,0.0,35.279444444444444
3012,3844,2024-09-06,2024-09-06 14:55:19,Technical,Medium,0.0,14.921944444444444
3013,3844,2024-09-15,2024-09-16 06:43:16,General,Medium,0.0,30.72111111111111
3014,3844,2024-04-14,2024-04-14 09:38:21,Billing,Medium,3.0,9.639166666666666
3015,3844,2024-05-11,2024-05-11 23:59:22,Billing,Medium,5.0,23.989444444444445
3016,2977,2024-01-30,2024-01-30 09:54:59,Technical,Low,5.0,9.91638888888889
3017,2977,2024-08-18,,Technical,Low,0.0,
3018,2977,2024-06-21,,General,Low,0.0,
3019,2977,2024-10-18,2024-10-18 16:20:21,Billing,Low,0.0,16.339166666666667
3020,2977,2024-09-18,2024-09-18 15:21:44,Billing,Low,4.0,15.362222222222222
3021,955,2024-03-26,2024-03-26 14:48:38,Technical,Low,4.0,14.810555555555556
3022,955,2024-06-14,2024-06-14 09:51:03,Technical,Medium,5.0,9.850833333333334
3023,4082,2024-01-07,2024-01-08 06:48:28,Technical,Medium,4.0,30.807777777777776
3024,4082,2024-09-24,2024-09-24 21:08:05,Technical,Low,0.0,21.134722222222223
3025,3653,2024-03-29,2024-03-29 16:37:09,Technical,Low,0.0,16.61916666666667
3026,3653,2024-07-30,2024-07-30 23:20:07,Technical,Low,0.0,23.335277777777776
3027,2699,2024-09-04,2024-09-04 03:09:39,General,Low,0.0,3.160833333333333
3028,2699,2024-09-26,2024-09-27 08:03:07,Technical,Low,5.0,32.051944444444445
3029,2699,2024-01-15,,Technical,High,0.0,
3030,594,2024-12-03,,General,Low,0.0,
3031,594,2024-11-30,,Billing,Low,0.0,
3032,1422,2024-05-02,2024-05-02 09:13:11,Billing,Medium,5.0,9.219722222222222
3033,415,2024-08-27,,Technical,High,0.0,
3034,415,2024-10-15,2024-10-15 11:14:12,General,Low,0.0,11.236666666666666
3035,415,2024-03-15,,Technical,Medium,0.0,
3036,415,2024-03-25,,Technical,Medium,0.0,
3037,1843,2024-02-13,2024-02-13 14:11:26,Billing,High,3.0,14.190555555555555
3038,1843,2024-01-24,2024-01-24 04:39:19,Technical,Low,0.0,4.655277777777778
3039,1843,2024-07-15,2024-07-15 13:27:00,Technical,Medium,0.0,13.45
3040,3683,2024-07-18,2024-07-19 09:10:42,Technical,Low,5.0,33.178333333333335
3041,3683,2024-09-22,2024-09-22 11:33:24,Billing,Low,0.0,11.556666666666667
3042,3683,2024-09-09,2024-09-09 16:28:40,Technical,Low,5.0,16.477777777777778
3043,3683,2024-08-09,2024-08-09 06:59:22,Technical,Medium,5.0,6.989444444444445
3044,3683,2024-10-10,2024-10-10 05:58:38,General,Low,1.0,5.977222222222222
3045,2446,2024-10-09,2024-10-10 15:53:00,General,Low,5.0,39.88333333333333
3046,2446,2024-07-17,2024-07-18 11:11:30,General,Low,0.0,35.19166666666667
3047,2446,2024-01-10,2024-01-10 14:46:31,Billing,Low,5.0,14.775277777777777
3048,2446,2024-08-19,,General,Medium,0.0,
3049,3327,2024-09-16,2024-09-16 21:58:06,General,Medium,3.0,21.968333333333334
3050,3327,2024-01-17,,Billing,Low,0.0,
3051,3327,2024-06-03,2024-06-04 04:37:32,Technical,Low,4.0,28.625555555555554
3052,3327,2024-07-10,2024-07-10 06:10:49,Billing,High,1.0,6.1802777777777775
3053,3327,2024-09-19,,General,Medium,0.0,
3054,2877,2024-04-09,2024-04-09 10:52:21,Technical,Medium,4.0,10.8725
3055,2877,2024-09-13,2024-09-14 00:07:06,General,Low,0.0,24.118333333333332
3056,2877,2024-12-19,2024-12-19 20:52:30,Technical,Medium,3.0,20.875
3057,3101,2024-08-10,2024-08-10 19:37:03,General,Low,0.0,19.6175
3058,3101,2024-05-30,2024-05-30 05:06:11,Technical,Low,5.0,5.103055555555556
3059,3101,2024-01-14,,Technical,Medium,0.0,
3060,3715,2024-12-30,,Technical,Medium,0.0,
3061,1217,2024-11-08,2024-11-09 07:59:13,General,Medium,0.0,31.986944444444443
3062,1217,2024-04-16,2024-04-17 03:40:54,Technical,High,0.0,27.68166666666667
3063,1217,2024-10-13,2024-10-13 13:57:02,Technical,Low,5.0,13.950555555555555
3064,1217,2024-06-21,2024-06-21 02:36:53,Technical,Medium,4.0,2.6147222222222224
3065,2427,2024-08-11,2024-08-11 17:35:12,Billing,Medium,0.0,17.586666666666666
3066,2427,2024-09-16,2024-09-16 22:44:56,Technical,Low,5.0,22.74888888888889
3067,2427,2024-08-25,2024-08-25 02:19:14,Technical,Low,5.0,2.3205555555555555
3068,2427,2024-05-26,2024-05-27 01:53:01,Billing,Low,4.0,25.88361111111111
3069,2427,2024-05-09,2024-05-10 07:11:53,Technical,Low,5.0,31.198055555555555
3070,3052,2024-05-10,2024-05-10 07:48:15,General,Low,5.0,7.804166666666666
3071,3052,2024-11-30,2024-11-30 13:10:56,Billing,Low,5.0,13.182222222222222
3072,3052,2024-12-20,2024-12-21 00:25:43,Billing,Medium,4.0,24.42861111111111
3073,3052,2024-02-07,2024-02-07 19:11:33,Technical,Low,5.0,19.1925
3074,3052,2024-05-19,2024-05-20 16:04:46,Billing,Medium,3.0,40.07944444444445
3075,1790,2024-09-12,2024-09-12 19:35:35,General,High,3.0,19.593055555555555
3076,1790,2024-06-19,,Technical,Low,0.0,
3077,1790,2024-08-05,2024-08-05 17:29:54,Technical,Low,5.0,17.498333333333335
3078,662,2024-04-16,2024-04-16 10:01:48,Billing,Medium,0.0,10.03
3079,3623,2024-10-14,2024-10-14 15:48:10,Technical,High,0.0,15.802777777777777
3080,3623,2024-05-09,2024-05-09 09:11:04,Billing,Low,3.0,9.184444444444445
3081,3623,2024-05-09,2024-05-10 16:36:51,Technical,Low,3.0,40.61416666666667
3082,3623,2024-06-30,2024-07-01 08:43:45,General,Medium,4.0,32.729166666666664
3083,3623,2024-05-26,2024-05-26 00:43:23,Technical,Low,4.0,0.7230555555555556
3084,4646,2024-04-26,,Technical,Medium,0.0,
3085,4646,2024-01-13,2024-01-14 02:17:24,Technical,Medium,0.0,26.29
3086,4646,2024-06-23,2024-06-23 07:02:18,Technical,Low,0.0,7.038333333333333
3087,4646,2024-10-03,2024-10-03 13:19:59,Technical,Medium,2.0,13.333055555555555
3088,4646,2024-03-11,2024-03-11 18:45:45,Technical,Medium,0.0,18.7625
3089,1536,2024-09-18,2024-09-19 20:22:47,General,Low,0.0,44.37972222222222
3090,1536,2024-02-15,2024-02-15 10:41:30,Billing,Medium,0.0,10.691666666666666
3091,1536,2024-06-29,2024-06-29 00:54:40,Technical,Medium,0.0,0.9111111111111111
3092,1536,2024-09-13,2024-09-13 13:14:48,Technical,High,4.0,13.246666666666666
3093,1536,2024-08-11,2024-08-11 16:02:09,Technical,Low,0.0,16.035833333333333
3094,138,2024-04-12,2024-04-12 14:54:02,General,High,3.0,14.900555555555556
3095,1861,2024-11-30,2024-11-30 17:15:26,Billing,Medium,4.0,17.25722222222222
3096,1861,2024-10-14,2024-10-14 18:24:18,General,Low,2.0,18.405
3097,1861,2024-01-17,2024-01-18 00:06:38,Technical,High,3.0,24.110555555555557
3098,1704,2024-05-29,2024-05-29 18:43:20,General,Medium,4.0,18.72222222222222
3099,1704,2024-09-27,2024-09-27 12:02:24,Technical,Medium,3.0,12.04
3100,196,2024-06-13,,Technical,Low,0.0,
3101,1580,2024-06-22,2024-06-22 14:21:38,Technical,Medium,5.0,14.360555555555555
3102,1580,2024-07-27,,Billing,Low,0.0,
3103,4961,2024-10-08,2024-10-09 06:02:05,General,Low,0.0,30.03472222222222
3104,4961,2024-06-19,2024-06-19 04:08:26,General,Medium,3.0,4.140555555555555
3105,4961,2024-06-11,2024-06-11 05:51:48,Billing,Low,3.0,5.863333333333333
3106,4961,2024-11-14,2024-11-14 11:17:30,Billing,Low,4.0,11.291666666666666
3107,4701,2024-11-16,2024-11-16 13:02:31,Billing,Medium,5.0,13.041944444444445
3108,4701,2024-04-21,2024-04-22 12:12:43,Billing,Low,5.0,36.21194444444444
3109,4701,2024-06-25,2024-06-26 18:20:48,Technical,Low,0.0,42.346666666666664
3110,4701,2024-12-08,2024-12-08 09:27:49,Technical,Medium,4.0,9.463611111111112
3111,3581,2024-02-11,2024-02-11 13:16:04,Technical,Low,4.0,13.267777777777777
3112,3581,2024-08-26,,Technical,Medium,0.0,
3113,3581,2024-02-26,2024-02-26 20:31:30,Billing,Low,0.0,20.525
3114,3581,2024-03-13,2024-03-13 02:13:54,General,High,0.0,2.2316666666666665
3115,2464,2024-06-04,2024-06-05 01:21:03,Billing,Medium,4.0,25.350833333333334
3116,2464,2024-11-17,2024-11-17 12:02:25,Technical,High,0.0,12.040277777777778
3117,2464,2024-03-25,2024-03-25 16:22:48,Technical,Low,0.0,16.38
3118,2464,2024-01-29,2024-01-29 17:03:12,Technical,Low,0.0,17.053333333333335
3119,4737,2024-12-06,2024-12-08 00:09:36,Technical,High,0.0,48.16
3120,4737,2024-02-29,,Technical,Medium,0.0,
3121,4737,2024-10-16,2024-10-16 17:18:44,General,High,1.0,17.31222222222222
3122,4359,2024-01-29,2024-01-29 22:31:47,General,Medium,0.0,22.529722222222222
3123,4359,2024-11-15,,Technical,Low,0.0,
3124,1738,2024-10-01,2024-10-01 13:30:48,Technical,Low,3.0,13.513333333333334
3125,1738,2024-01-30,2024-01-30 09:30:48,Technical,Medium,0.0,9.513333333333334
3126,1738,2024-09-04,2024-09-05 04:27:29,Billing,Medium,4.0,28.458055555555557
3127,1738,2024-04-20,2024-04-20 21:08:47,Billing,Medium,0.0,21.14638888888889
3128,3950,2024-12-24,,Billing,Low,0.0,
3129,3950,2024-07-08,2024-07-08 01:18:57,Technical,Medium,0.0,1.3158333333333334
3130,3950,2024-09-19,2024-09-19 01:57:56,General,Medium,4.0,1.9655555555555555
3131,3950,2024-10-26,2024-10-26 12:04:19,General,Low,0.0,12.071944444444444
3132,3617,2024-09-16,2024-09-16 16:53:27,Technical,High,0.0,16.890833333333333
3133,2583,2024-06-15,2024-06-15 10:21:22,Technical,Low,0.0,10.356111111111112
3134,2583,2024-10-29,2024-10-30 11:18:31,General,Medium,0.0,35.30861111111111
3135,2583,2024-03-16,,Technical,High,0.0,
3136,2583,2024-06-29,2024-06-29 04:18:15,General,Low,5.0,4.304166666666666
3137,2583,2024-09-07,2024-09-07 14:48:37,Technical,High,0.0,14.810277777777777
3138,3273,2024-03-16,2024-03-16 11:25:22,Billing,Low,4.0,11.422777777777778
3139,163,2024-07-09,2024-07-09 08:54:32,Technical,Medium,4.0,8.908888888888889
3140,163,2024-06-25,,Technical,Low,0.0,
3141,163,2024-01-11,2024-01-11 16:16:59,Technical,Medium,2.0,16.283055555555556
3142,553,2024-06-21,2024-06-21 11:48:40,Technical,High,5.0,11.811111111111112
3143,553,2024-08-07,,Technical,Low,0.0,
3144,553,2024-05-05,2024-05-05 16:11:37,Billing,Low,0.0,16.19361111111111
3145,605,2024-11-27,,General,Low,0.0,
3146,605,2024-08-28,,Technical,Low,0.0,
3147,4201,2024-12-01,2024-12-01 07:55:43,Billing,Medium,4.0,7.9286111111111115
3148,4201,2024-03-10,2024-03-10 19:31:46,Technical,Low,0.0,19.529444444444444
3149,4201,2024-10-04,2024-10-04 12:39:45,Technical,Medium,5.0,12.6625
3150,4201,2024-07-04,2024-07-04 14:46:22,General,Medium,2.0,14.772777777777778
3151,2035,2024-12-15,,Billing,Medium,0.0,
3152,2035,2024-07-07,2024-07-08 00:15:27,Technical,Medium,0.0,24.2575
3153,829,2024-08-31,2024-08-31 05:39:10,Billing,Medium,0.0,5.652777777777778
3154,2215,2024-08-02,,Billing,High,0.0,
3155,2215,2024-12-06,2024-12-06 10:03:53,Billing,Low,5.0,10.064722222222223
3156,2215,2024-03-05,,Billing,High,0.0,
3157,2215,2024-12-18,2024-12-18 16:38:29,Billing,Low,3.0,16.64138888888889
3158,4200,2024-11-01,2024-11-01 13:54:45,Technical,Low,0.0,13.9125
3159,4703,2024-02-08,2024-02-08 03:42:25,Billing,High,0.0,3.7069444444444444
3160,4703,2024-12-23,2024-12-23 12:19:24,Technical,Medium,4.0,12.323333333333334
3161,4703,2024-04-29,2024-04-29 12:21:05,Technical,Low,5.0,12.35138888888889
3162,4703,2024-01-17,2024-01-17 04:49:02,Billing,Low,4.0,4.817222222222222
3163,797,2024-01-17,2024-01-17 07:09:52,Technical,Low,4.0,7.164444444444444
3164,797,2024-05-29,,Billing,Medium,0.0,
3165,797,2024-04-25,2024-04-26 01:32:32,Billing,Low,5.0,25.54222222222222
3166,797,2024-04-25,,General,Low,0.0,
3167,797,2024-08-25,,General,Low,0.0,
3168,4287,2024-07-29,2024-07-29 06:46:47,Technical,Medium,3.0,6.779722222222222
3169,4287,2024-10-25,,Billing,Low,0.0,
3170,4287,2024-01-31,,Technical,High,0.0,
3171,1164,2024-04-04,2024-04-04 16:31:10,Technical,Low,0.0,16.519444444444446
3172,1164,2024-06-05,2024-06-05 06:53:09,Technical,High,4.0,6.885833333333333
3173,1164,2024-05-01,2024-05-01 11:29:11,Billing,Low,2.0,11.48638888888889
3174,1164,2024-04-06,2024-04-07 01:11:08,Billing,Low,2.0,25.185555555555556
3175,3314,2024-09-05,2024-09-06 04:10:53,Billing,Medium,5.0,28.18138888888889
3176,3314,2024-10-10,2024-10-10 07:41:14,Technical,Medium,2.0,7.687222222222222
3177,3314,2024-02-01,2024-02-01 08:44:15,Technical,Low,4.0,8.7375
3178,1601,2024-07-18,,Technical,Low,0.0,
3179,3189,2024-09-03,2024-09-03 10:02:08,Technical,Medium,0.0,10.035555555555556
3180,3189,2024-12-10,2024-12-10 13:18:30,General,Low,5.0,13.308333333333334
3181,3189,2024-08-07,2024-08-09 05:00:02,Billing,Low,0.0,53.00055555555556
3182,117,2024-01-31,2024-01-31 16:44:04,Technical,Low,5.0,16.734444444444446
3183,117,2024-10-19,2024-10-19 13:26:38,General,Low,4.0,13.443888888888889
3184,2393,2024-10-28,2024-10-29 06:07:47,Billing,Low,0.0,30.129722222222224
3185,233,2024-01-09,2024-01-10 17:54:32,Technical,Low,0.0,41.90888888888889
3186,233,2024-12-21,,Billing,Low,0.0,
3187,233,2024-06-21,,Technical,High,0.0,
3188,1887,2024-08-16,2024-08-16 12:00:24,Technical,Low,5.0,12.006666666666666
3189,1887,2024-03-21,2024-03-21 12:27:43,General,Low,4.0,12.461944444444445
3190,1887,2024-06-12,2024-06-12 06:30:44,Technical,Low,5.0,6.512222222222222
3191,1887,2024-09-06,2024-09-06 04:24:31,Billing,Low,3.0,4.408611111111111
3192,1887,2024-09-06,,Billing,Low,0.0,
3193,3271,2024-12-28,,Technical,Medium,0.0,
3194,3271,2024-08-06,,Billing,High,0.0,
3195,3336,2024-07-19,2024-07-19 11:41:24,General,Low,0.0,11.69
3196,4732,2024-04-08,,Technical,High,0.0,
3197,4732,2024-03-01,2024-03-01 21:11:51,Technical,Medium,1.0,21.1975
3198,4732,2024-03-03,2024-03-03 06:22:17,General,Medium,3.0,6.371388888888889
3199,4732,2024-09-09,2024-09-09 03:56:34,Billing,Medium,5.0,3.9427777777777777
3200,4197,2024-03-09,2024-03-10 12:06:08,Technical,Medium,4.0,36.102222222222224
3201,3694,2024-10-28,2024-10-28 01:47:56,Billing,Medium,4.0,1.798888888888889
3202,3694,2024-12-22,2024-12-22 12:29:31,Billing,Medium,4.0,12.491944444444444
3203,313,2024-06-02,2024-06-02 04:57:38,Technical,High,0.0,4.960555555555556
3204,313,2024-03-31,,General,Low,0.0,
3205,313,2024-12-13,,Billing,Medium,0.0,
3206,313,2024-05-04,2024-05-04 10:33:25,Billing,Medium,4.0,10.556944444444444
3207,313,2024-03-25,,Technical,High,0.0,
3208,1161,2024-08-12,,General,Low,0.0,
3209,1161,2024-01-02,2024-01-02 07:30:27,Billing,Medium,1.0,7.5075
3210,1161,2024-05-18,2024-05-18 12:10:57,Billing,High,4.0,12.1825
3211,1161,2024-12-27,2024-12-28 03:49:11,Billing,Medium,3.0,27.81972222222222
3212,3897,2024-10-21,2024-10-21 13:57:42,General,Low,0.0,13.961666666666666
3213,766,2024-05-12,2024-05-12 18:19:52,Technical,Low,4.0,18.33111111111111
3214,766,2024-01-09,2024-01-09 13:25:19,General,Medium,0.0,13.421944444444444
3215,766,2024-03-18,2024-03-18 21:57:11,Billing,Low,3.0,21.953055555555554
3216,766,2024-11-25,2024-11-25 16:14:42,Billing,Low,5.0,16.245
3217,766,2024-10-15,2024-10-15 20:03:52,General,Medium,0.0,20.064444444444444
3218,3545,2024-02-28,2024-02-28 15:52:25,Technical,Low,4.0,15.873611111111112
3219,3545,2024-11-29,2024-11-29 12:49:53,Technical,Low,0.0,12.831388888888888
3220,3545,2024-12-13,2024-12-13 18:46:31,Technical,Medium,0.0,18.775277777777777
3221,3545,2024-08-15,2024-08-15 13:07:38,Technical,Low,0.0,13.127222222222223
3222,3545,2024-10-31,2024-10-31 08:39:26,General,Medium,0.0,8.657222222222222
3223,304,2024-05-27,2024-05-27 17:25:23,Technical,Low,5.0,17.423055555555557
3224,304,2024-04-14,2024-04-14 08:21:36,Technical,Low,0.0,8.36
3225,4895,2024-02-13,2024-02-13 14:03:01,General,Medium,1.0,14.050277777777778
3226,4983,2024-02-09,2024-02-09 16:53:07,Technical,Low,4.0,16.885277777777777
3227,4983,2024-04-24,2024-04-24 16:23:31,Technical,Medium,0.0,16.391944444444444
3228,4983,2024-10-23,2024-10-23 12:37:39,Technical,Medium,3.0,12.6275
3229,4983,2024-08-31,2024-08-31 09:43:16,Technical,Medium,3.0,9.721111111111112
3230,4604,2024-05-17,2024-05-18 19:51:57,General,Low,0.0,43.865833333333335
3231,4604,2024-06-26,2024-06-26 09:44:47,General,Low,0.0,9.74638888888889
3232,4604,2024-01-18,2024-01-19 07:20:21,Technical,Medium,0.0,31.339166666666667
3233,4604,2024-02-04,2024-02-04 09:59:32,Technical,Medium,5.0,9.992222222222223
3234,2852,2024-03-21,2024-03-21 09:08:33,General,Low,2.0,9.1425
3235,2852,2024-06-26,2024-06-26 07:55:58,General,Low,5.0,7.932777777777778
3236,3634,2024-09-01,2024-09-01 20:08:23,General,Medium,4.0,20.139722222222222
3237,3634,2024-11-02,2024-11-02 07:06:59,Technical,Medium,0.0,7.116388888888889
3238,508,2024-10-17,2024-10-17 04:07:41,Billing,Low,4.0,4.128055555555555
3239,508,2024-04-19,2024-04-19 05:21:59,General,Low,4.0,5.366388888888889
3240,508,2024-03-10,2024-03-10 06:01:22,Technical,Low,1.0,6.022777777777778
3241,508,2024-06-04,2024-06-04 01:49:10,Technical,High,3.0,1.8194444444444444
3242,4712,2024-04-10,2024-04-10 07:41:27,General,Medium,0.0,7.690833333333333
3243,4712,2024-02-03,2024-02-03 11:25:41,Billing,High,2.0,11.428055555555556
3244,4664,2024-07-02,2024-07-02 03:57:11,Technical,Low,5.0,3.9530555555555558
3245,4664,2024-07-09,2024-07-10 02:15:51,Billing,Medium,3.0,26.264166666666668
3246,4664,2024-07-09,,General,Medium,0.0,
3247,4664,2024-03-23,2024-03-23 17:44:34,Technical,Medium,0.0,17.74277777777778
3248,4664,2024-03-12,2024-03-13 10:59:04,Billing,Medium,4.0,34.98444444444444
3249,1473,2024-03-01,,Billing,Low,0.0,
3250,1473,2024-05-15,2024-05-15 21:24:35,Technical,Low,5.0,21.40972222222222
3251,1473,2024-05-30,,Billing,Low,0.0,
3252,4109,2024-04-16,2024-04-16 11:51:21,Billing,Low,4.0,11.855833333333333
3253,4109,2024-08-18,2024-08-18 11:10:30,Billing,Low,4.0,11.175
3254,4109,2024-11-11,,Technical,Low,0.0,
3255,4109,2024-01-18,,Billing,Low,0.0,
3256,4109,2024-08-28,2024-08-28 03:34:36,Technical,Medium,0.0,3.5766666666666667
3257,2122,2024-05-22,2024-05-22 12:33:22,Billing,Low,3.0,12.556111111111111
3258,2122,2024-10-25,,Technical,Low,0.0,
3259,2122,2024-07-04,2024-07-04 08:33:25,Billing,High,0.0,8.556944444444444
3260,2122,2024-10-20,2024-10-23 03:26:28,Technical,Low,2.0,75.44111111111111
3261,2684,2024-09-08,2024-09-09 15:28:25,Billing,Low,5.0,39.47361111111111
3262,2684,2024-02-06,,Technical,Low,0.0,
3263,2684,2024-05-01,,Technical,Low,0.0,
3264,2684,2024-04-06,,General,Low,0.0,
3265,4434,2024-11-10,2024-11-10 12:09:45,Billing,High,5.0,12.1625
3266,3910,2024-08-26,2024-08-26 19:11:12,Technical,Medium,0.0,19.186666666666667
3267,389,2024-10-09,2024-10-09 14:26:38,Technical,High,1.0,14.443888888888889
3268,389,2024-04-13,2024-04-13 18:53:40,Billing,Low,4.0,18.894444444444446
3269,389,2024-02-23,2024-02-23 05:51:04,Technical,Low,5.0,5.851111111111111
3270,3513,2024-08-14,2024-08-15 04:04:41,Technical,Medium,4.0,28.078055555555554
3271,3513,2024-02-19,2024-02-19 12:38:16,Technical,Medium,0.0,12.637777777777778
3272,3513,2024-09-26,2024-09-26 12:07:52,Billing,Low,0.0,12.13111111111111
3273,3513,2024-06-07,2024-06-08 05:49:39,Technical,Low,0.0,29.8275
3274,3667,2024-08-23,2024-08-23 13:11:07,Billing,Medium,4.0,13.185277777777777
3275,3667,2024-01-02,2024-01-03 03:37:24,Billing,High,3.0,27.623333333333335
3276,3667,2024-02-19,,Billing,Medium,0.0,
3277,3667,2024-12-30,,Technical,Medium,0.0,
3278,455,2024-04-28,2024-04-28 21:06:34,Billing,Medium,0.0,21.109444444444446
3279,455,2024-08-22,2024-08-22 06:58:08,Billing,Medium,0.0,6.9688888888888885
3280,1007,2024-12-13,2024-12-13 21:33:57,Billing,High,1.0,21.565833333333334
3281,1007,2024-02-05,,Billing,High,0.0,
3282,1007,2024-08-27,,Technical,Low,0.0,
3283,1007,2024-07-16,2024-07-16 13:53:17,Technical,Medium,5.0,13.888055555555555
3284,4545,2024-11-03,2024-11-03 23:07:57,Technical,Low,0.0,23.1325
3285,4545,2024-07-11,2024-07-11 18:37:06,Technical,Low,0.0,18.618333333333332
3286,4545,2024-11-06,,Billing,Low,0.0,
3287,4545,2024-01-30,2024-01-31 07:18:27,Technical,Medium,4.0,31.3075
3288,3145,2024-06-09,,Billing,Low,0.0,
3289,3145,2024-03-26,,Technical,Medium,0.0,
3290,3145,2024-05-28,2024-05-28 13:05:31,Billing,Low,4.0,13.091944444444444
3291,3145,2024-06-09,2024-06-10 21:46:38,Technical,High,0.0,45.77722222222222
3292,2172,2024-02-04,2024-02-04 15:38:43,Technical,Medium,0.0,15.645277777777778
3293,2172,2024-05-12,2024-05-12 20:59:56,Billing,Low,2.0,20.99888888888889
3294,2172,2024-01-08,2024-01-09 06:08:04,Technical,Medium,3.0,30.134444444444444
3295,2172,2024-10-03,2024-10-03 07:09:06,Technical,Medium,0.0,7.151666666666666
3296,2517,2024-08-27,2024-08-27 12:25:19,Technical,Low,0.0,12.421944444444444
3297,2974,2024-07-28,2024-07-28 16:26:52,Technical,High,3.0,16.447777777777777
3298,2974,2024-05-02,2024-05-02 07:32:50,General,Low,0.0,7.5472222222222225
3299,2974,2024-01-28,2024-01-28 11:14:25,General,Low,0.0,11.240277777777777
3300,2974,2024-08-20,2024-08-20 20:41:11,General,Medium,0.0,20.68638888888889
3301,2974,2024-10-31,2024-10-31 10:05:42,Billing,Low,4.0,10.095
3302,4202,2024-04-28,2024-04-28 06:15:45,Technical,Low,4.0,6.2625
3303,4202,2024-09-12,2024-09-12 21:05:38,Technical,Low,0.0,21.093888888888888
3304,1445,2024-03-16,,Technical,High,0.0,
3305,1445,2024-11-29,2024-11-29 17:52:29,Technical,Medium,4.0,17.87472222222222
3306,3932,2024-12-25,2024-12-25 10:41:01,General,Medium,4.0,10.68361111111111
3307,3989,2024-09-18,2024-09-18 19:17:05,Billing,Low,5.0,19.28472222222222
3308,3989,2024-07-11,2024-07-11 14:28:48,Billing,Low,4.0,14.48
3309,3989,2024-03-13,2024-03-13 09:40:23,Billing,Low,5.0,9.673055555555555
3310,3989,2024-09-03,2024-09-03 23:10:25,Technical,Low,0.0,23.17361111111111
3311,1587,2024-02-01,,Billing,Low,0.0,
3312,1587,2024-04-27,,General,Medium,0.0,
3313,1587,2024-08-15,2024-08-15 08:33:20,Technical,Medium,1.0,8.555555555555555
3314,1587,2024-07-21,,Technical,Medium,0.0,
3315,413,2024-02-28,2024-02-28 19:52:06,General,High,1.0,19.868333333333332
3316,3834,2024-09-26,2024-09-26 03:54:46,General,Medium,4.0,3.912777777777778
3317,2688,2024-09-21,,Technical,High,0.0,
3318,2688,2024-09-11,2024-09-11 16:09:08,Technical,Low,0.0,16.15222222222222
3319,2688,2024-09-02,2024-09-02 17:31:03,Billing,High,0.0,17.5175
3320,2688,2024-05-28,2024-05-28 07:40:18,Billing,Medium,4.0,7.671666666666667
3321,1390,2024-02-01,2024-02-01 08:34:38,Technical,Medium,0.0,8.577222222222222
3322,946,2024-12-22,,Technical,Medium,0.0,
3323,946,2024-06-08,2024-06-08 13:39:15,Technical,Low,2.0,13.654166666666667
3324,946,2024-08-25,2024-08-25 06:18:14,Billing,Low,5.0,6.303888888888889
3325,946,2024-12-11,,Technical,High,0.0,
3326,946,2024-01-07,2024-01-07 08:29:20,Billing,Low,0.0,8.488888888888889
3327,619,2024-04-12,2024-04-12 03:19:11,Technical,Low,4.0,3.319722222222222
3328,619,2024-07-01,,Technical,Low,0.0,
3329,2323,2024-09-29,2024-09-29 11:21:19,Billing,Low,4.0,11.355277777777777
3330,255,2024-01-03,2024-01-03 10:19:53,General,Low,0.0,10.331388888888888
3331,255,2024-07-13,2024-07-13 17:10:10,Technical,Low,4.0,17.169444444444444
3332,255,2024-05-23,,Technical,Medium,0.0,
3333,3378,2024-08-24,2024-08-24 06:42:36,Billing,Medium,5.0,6.71
3334,3378,2024-06-14,2024-06-14 09:33:02,General,Low,0.0,9.550555555555556
3335,3378,2024-06-19,2024-06-19 10:41:38,Technical,Medium,0.0,10.693888888888889
3336,4958,2024-06-28,2024-06-28 22:50:12,Billing,Low,0.0,22.836666666666666
3337,4958,2024-12-03,2024-12-04 16:47:53,General,High,4.0,40.79805555555556
3338,4958,2024-06-13,2024-06-13 14:25:40,Technical,High,4.0,14.427777777777777
3339,3317,2024-09-06,2024-09-06 08:41:28,Technical,Low,0.0,8.69111111111111
3340,1787,2024-10-30,2024-10-30 16:02:18,Technical,Low,0.0,16.038333333333334
3341,3530,2024-05-12,2024-05-12 17:34:49,Billing,Medium,3.0,17.580277777777777
3342,3530,2024-09-25,2024-09-25 07:45:25,Billing,Low,4.0,7.756944444444445
3343,3530,2024-04-18,2024-04-18 06:47:25,Technical,High,0.0,6.790277777777778
3344,3584,2024-03-07,,Billing,Medium,0.0,
3345,3584,2024-01-31,2024-01-31 04:20:29,Billing,Medium,5.0,4.341388888888889
3346,497,2024-10-03,2024-10-03 10:35:17,Billing,Medium,5.0,10.588055555555556
3347,497,2024-09-10,,Technical,Low,0.0,
3348,873,2024-02-15,,Technical,Medium,0.0,
3349,4584,2024-02-17,2024-02-17 00:59:30,Billing,Medium,5.0,0.9916666666666667
3350,4584,2024-07-03,2024-07-04 07:53:36,Technical,Low,4.0,31.893333333333334
3351,4584,2024-09-25,2024-09-25 04:59:33,General,Low,4.0,4.9925
3352,4584,2024-08-11,2024-08-12 03:07:07,Technical,High,0.0,27.11861111111111
3353,4780,2024-01-25,2024-01-25 10:32:10,Technical,Low,5.0,10.536111111111111
3354,4780,2024-11-25,2024-11-25 09:46:03,Technical,Medium,5.0,9.7675
3355,4780,2024-07-28,2024-07-29 06:19:28,Technical,Low,5.0,30.324444444444445
3356,4780,2024-06-02,2024-06-02 21:50:44,Technical,Medium,4.0,21.845555555555556
3357,3289,2024-08-19,,Technical,High,0.0,
3358,4252,2024-03-20,2024-03-20 07:22:31,General,Medium,0.0,7.375277777777778
3359,4252,2024-02-22,2024-02-22 18:12:58,Technical,Medium,4.0,18.21611111111111
3360,4252,2024-06-03,2024-06-03 07:35:37,Technical,Low,0.0,7.5936111111111115
3361,4252,2024-01-09,2024-01-10 17:27:53,Technical,Low,4.0,41.46472222222222
3362,4694,2024-03-19,2024-03-21 04:29:30,Technical,Low,4.0,52.49166666666667
3363,4694,2024-05-20,,Billing,Low,0.0,
3364,4694,2024-08-03,2024-08-04 07:43:34,Billing,Medium,4.0,31.726111111111113
3365,343,2024-04-18,2024-04-18 06:09:31,Technical,Medium,5.0,6.158611111111111
3366,343,2024-11-14,,Technical,Medium,0.0,
3367,343,2024-02-21,2024-02-22 03:28:22,Technical,Low,2.0,27.47277777777778
3368,3285,2024-07-25,2024-07-25 16:33:43,Technical,Low,4.0,16.561944444444446
3369,3285,2024-10-13,2024-10-13 08:09:02,Billing,Low,0.0,8.150555555555556
3370,2674,2024-11-08,2024-11-08 03:04:25,Technical,High,3.0,3.073611111111111
3371,2674,2024-09-10,2024-09-10 07:04:08,Technical,Low,0.0,7.068888888888889
3372,2674,2024-08-15,2024-08-15 22:49:11,Technical,Medium,3.0,22.81972222222222
3373,2674,2024-09-20,2024-09-20 22:20:19,Technical,Low,5.0,22.33861111111111
3374,499,2024-04-07,,Technical,High,0.0,
3375,499,2024-03-06,2024-03-06 12:44:36,Billing,Low,0.0,12.743333333333334
3376,990,2024-11-15,,Billing,Low,0.0,
3377,990,2024-04-28,,Technical,Low,0.0,
3378,970,2024-01-01,2024-01-01 15:32:17,Technical,Low,0.0,15.538055555555555
3379,970,2024-02-08,,Billing,Low,0.0,
3380,970,2024-10-25,2024-10-25 07:17:43,Technical,High,0.0,7.295277777777778
3381,970,2024-09-17,2024-09-18 08:08:32,Technical,Low,5.0,32.14222222222222
3382,970,2024-09-07,2024-09-07 10:24:57,Billing,Low,3.0,10.415833333333333
3383,1421,2024-05-01,2024-05-01 14:29:32,General,High,0.0,14.492222222222223
3384,1421,2024-10-23,2024-10-24 15:14:49,Technical,Low,4.0,39.246944444444445
3385,1421,2024-08-23,,Billing,Low,0.0,
3386,1000,2024-02-05,2024-02-05 16:56:10,General,Low,0.0,16.93611111111111
3387,1000,2024-11-29,2024-11-30 05:49:51,Technical,Medium,4.0,29.830833333333334
3388,1000,2024-01-22,2024-01-22 06:59:36,General,High,0.0,6.993333333333333
3389,724,2024-01-29,2024-01-29 19:29:23,Technical,Low,5.0,19.489722222222223
3390,724,2024-09-07,2024-09-08 08:14:06,Technical,Medium,5.0,32.235
3391,724,2024-01-17,2024-01-18 16:12:18,Billing,Medium,1.0,40.205
3392,724,2024-09-10,2024-09-10 10:47:56,Technical,Medium,4.0,10.79888888888889
3393,724,2024-04-17,2024-04-17 10:36:49,Technical,High,4.0,10.613611111111112
3394,3373,2024-01-13,,Billing,Low,0.0,
3395,3373,2024-07-18,2024-07-19 02:15:09,General,Low,0.0,26.2525
3396,3373,2024-11-18,2024-11-18 17:11:50,General,Low,0.0,17.197222222222223
3397,3373,2024-11-06,2024-11-06 23:11:30,Technical,Medium,4.0,23.191666666666666
3398,3373,2024-01-21,2024-01-21 14:20:56,Technical,Medium,0.0,14.348888888888888
3399,109,2024-01-23,2024-01-24 16:18:54,Technical,Low,4.0,40.315
3400,109,2024-09-19,,Technical,Low,0.0,
3401,109,2024-01-13,2024-01-13 21:47:20,Billing,Low,0.0,21.788888888888888
3402,1355,2024-01-12,2024-01-12 15:55:10,Technical,Low,5.0,15.919444444444444
3403,4745,2024-02-19,2024-02-19 08:27:27,General,Low,0.0,8.4575
3404,4745,2024-08-13,,Technical,High,0.0,
3405,4745,2024-08-30,2024-08-30 14:13:43,General,Low,5.0,14.22861111111111
3406,4351,2024-12-04,,Billing,Medium,0.0,
3407,4351,2024-10-17,2024-10-18 00:46:12,Technical,High,0.0,24.77
3408,4351,2024-09-09,2024-09-09 09:10:40,Billing,High,0.0,9.177777777777777
3409,4351,2024-11-10,2024-11-10 16:13:32,Billing,High,0.0,16.225555555555555
3410,4351,2024-04-26,,Billing,Low,0.0,
3411,3132,2024-09-13,2024-09-13 08:47:57,Technical,Medium,4.0,8.799166666666666
3412,3132,2024-05-21,,Technical,Medium,0.0,
3413,3132,2024-10-25,2024-10-25 11:08:49,Billing,High,2.0,11.146944444444445
3414,3132,2024-05-11,2024-05-11 22:53:15,Technical,Low,5.0,22.8875
3415,513,2024-10-09,2024-10-09 01:11:18,Technical,Low,0.0,1.1883333333333332
3416,513,2024-06-24,2024-06-25 19:54:08,Technical,Low,5.0,43.90222222222222
3417,513,2024-01-19,2024-01-19 05:59:30,Technical,Low,0.0,5.991666666666666
3418,513,2024-08-15,2024-08-16 04:23:15,Billing,Medium,4.0,28.3875
3419,1432,2024-11-16,2024-11-16 16:47:12,Billing,High,3.0,16.786666666666665
3420,1432,2024-03-04,2024-03-04 06:04:59,Technical,Low,0.0,6.083055555555555
3421,1432,2024-12-14,2024-12-14 10:39:21,Technical,Medium,0.0,10.655833333333334
3422,4126,2024-06-24,2024-06-26 04:34:51,Technical,Low,5.0,52.58083333333333
3423,4126,2024-01-02,2024-01-02 12:32:32,Technical,Low,0.0,12.542222222222222
3424,4126,2024-02-14,2024-02-14 06:56:40,Technical,Medium,0.0,6.944444444444445
3425,1519,2024-05-12,2024-05-12 08:22:01,Technical,Medium,5.0,8.366944444444444
3426,1519,2024-07-13,2024-07-13 04:32:28,Technical,Low,4.0,4.541111111111111
3427,1519,2024-01-14,2024-01-15 12:51:48,Billing,Medium,4.0,36.86333333333334
3428,1519,2024-12-04,,Technical,Low,0.0,
3429,879,2024-03-21,2024-03-21 14:43:15,Technical,Low,0.0,14.720833333333333
3430,879,2024-08-18,2024-08-18 03:02:53,Technical,High,3.0,3.0480555555555555
3431,879,2024-12-07,2024-12-07 20:54:17,Technical,High,0.0,20.904722222222222
3432,617,2024-01-24,2024-01-25 02:04:03,Billing,Medium,0.0,26.0675
3433,3258,2024-03-18,2024-03-19 08:45:56,Technical,Medium,2.0,32.76555555555556
3434,3258,2024-02-01,2024-02-01 10:21:08,Technical,Low,5.0,10.352222222222222
3435,3258,2024-09-02,2024-09-02 10:07:16,General,Low,0.0,10.12111111111111
3436,2371,2024-06-28,2024-06-28 09:56:08,Technical,Medium,0.0,9.935555555555556
3437,2371,2024-04-04,2024-04-04 12:37:44,Technical,Medium,3.0,12.62888888888889
3438,2371,2024-03-04,,Technical,Medium,0.0,
3439,2371,2024-11-18,2024-11-18 10:47:47,Billing,Low,4.0,10.796388888888888
3440,2371,2024-02-08,,Technical,Medium,0.0,
3441,4420,2024-07-12,2024-07-12 05:26:56,Billing,Low,5.0,5.448888888888889
3442,4420,2024-06-02,2024-06-02 10:53:30,Technical,Medium,5.0,10.891666666666667
3443,3538,2024-10-02,,Technical,Low,0.0,
3444,3538,2024-02-08,2024-02-08 06:09:08,Billing,Low,4.0,6.152222222222222
3445,3538,2024-04-26,2024-04-26 18:07:58,General,Low,4.0,18.13277777777778
3446,3538,2024-06-10,,Billing,Low,0.0,
3447,3538,2024-10-10,2024-10-10 07:49:00,Technical,Low,4.0,7.816666666666666
3448,4460,2024-08-02,2024-08-03 02:43:53,Technical,Low,4.0,26.73138888888889
3449,4460,2024-07-30,2024-07-31 03:26:23,Technical,Medium,0.0,27.439722222222223
3450,2242,2024-09-06,2024-09-07 12:18:47,Technical,Medium,0.0,36.31305555555556
3451,2242,2024-03-18,2024-03-18 08:57:24,Technical,Low,5.0,8.956666666666667
3452,4675,2024-01-16,2024-01-16 23:41:21,Technical,Medium,0.0,23.689166666666665
3453,4675,2024-05-07,2024-05-07 11:09:11,Technical,Low,0.0,11.153055555555556
3454,4675,2024-11-07,2024-11-07 09:04:47,Technical,Low,0.0,9.079722222222221
3455,4675,2024-10-22,,Billing,Low,0.0,
3456,4174,2024-11-05,2024-11-06 00:47:26,General,High,0.0,24.790555555555557
3457,4174,2024-09-12,2024-09-12 10:54:59,Billing,Low,0.0,10.91638888888889
3458,4174,2024-04-11,2024-04-11 20:35:02,Technical,Low,3.0,20.58388888888889
3459,1288,2024-06-30,2024-06-30 02:03:50,General,Medium,1.0,2.063888888888889
3460,1288,2024-03-17,2024-03-17 19:22:33,Technical,High,4.0,19.375833333333333
3461,3693,2024-06-06,2024-06-07 13:24:37,Technical,Low,3.0,37.41027777777778
3462,3693,2024-03-01,2024-03-01 04:04:33,General,High,2.0,4.075833333333334
3463,3693,2024-05-27,2024-05-28 07:59:34,Technical,Low,5.0,31.99277777777778
3464,2366,2024-07-02,2024-07-02 06:43:25,Technical,Medium,0.0,6.723611111111111
3465,4331,2024-06-22,2024-06-22 12:26:31,Technical,Low,5.0,12.441944444444445
3466,4331,2024-01-31,2024-01-31 21:07:04,Billing,Medium,0.0,21.11777777777778
3467,4331,2024-03-05,2024-03-05 11:37:34,Technical,Low,0.0,11.626111111111111
3468,4331,2024-01-10,2024-01-10 03:16:24,Billing,Low,4.0,3.2733333333333334
3469,581,2024-02-24,,Billing,Medium,0.0,
3470,581,2024-04-30,2024-05-01 01:07:04,Technical,Medium,4.0,25.11777777777778
3471,581,2024-03-01,2024-03-01 03:19:10,Billing,Low,0.0,3.3194444444444446
3472,3235,2024-08-14,2024-08-15 10:22:06,Billing,Medium,5.0,34.36833333333333
3473,3235,2024-02-08,2024-02-08 07:26:00,Technical,High,0.0,7.433333333333334
3474,3235,2024-10-03,2024-10-03 07:37:51,General,Low,4.0,7.630833333333333
3475,107,2024-06-20,2024-06-20 03:03:18,General,Medium,4.0,3.055
3476,107,2024-07-07,2024-07-07 04:06:08,Technical,Low,2.0,4.102222222222222
3477,107,2024-01-07,,Technical,Low,0.0,
3478,107,2024-08-11,2024-08-11 20:33:34,Billing,Medium,4.0,20.559444444444445
3479,107,2024-08-16,2024-08-16 06:52:02,Billing,Low,5.0,6.867222222222222
3480,144,2024-05-24,2024-05-24 02:22:56,Technical,Low,0.0,2.382222222222222
3481,144,2024-11-19,2024-11-19 13:35:05,Technical,Medium,0.0,13.584722222222222
3482,144,2024-03-27,2024-03-27 11:58:53,General,High,3.0,11.981388888888889
3483,144,2024-07-08,2024-07-08 04:54:13,Technical,Low,0.0,4.903611111111111
3484,144,2024-08-06,,Technical,Medium,0.0,
3485,3568,2024-12-26,2024-12-26 05:43:21,Technical,Medium,3.0,5.7225
3486,3568,2024-08-22,,Technical,Medium,0.0,
3487,3568,2024-12-07,2024-12-07 03:54:21,Billing,Low,4.0,3.9058333333333333
3488,765,2024-09-13,2024-09-13 12:28:32,Billing,Medium,5.0,12.475555555555555
3489,2316,2024-01-12,,Technical,Medium,0.0,
3490,2316,2024-06-20,,Billing,Medium,0.0,
3491,4316,2024-05-22,2024-05-22 14:37:29,Billing,Medium,4.0,14.624722222222223
3492,4316,2024-09-19,2024-09-19 03:52:55,Technical,Low,0.0,3.8819444444444446
3493,4316,2024-01-28,2024-01-29 03:28:07,General,Low,5.0,27.468611111111112
3494,3151,2024-12-30,2024-12-31 00:39:33,Billing,Low,5.0,24.659166666666668
3495,4729,2024-04-02,2024-04-02 11:17:40,Technical,Medium,4.0,11.294444444444444
3496,4729,2024-08-07,2024-08-08 09:34:17,Technical,Low,2.0,33.57138888888889
3497,4729,2024-03-02,,Billing,High,0.0,
3498,4729,2024-06-16,2024-06-16 11:32:28,Technical,High,0.0,11.54111111111111
3499,4729,2024-08-16,2024-08-16 09:08:30,Technical,Medium,0.0,9.141666666666667
3500,78,2024-12-12,2024-12-12 06:23:28,Billing,Low,0.0,6.391111111111111
3501,78,2024-11-10,2024-11-10 08:08:23,Technical,Low,3.0,8.139722222222222
3502,78,2024-12-04,2024-12-04 18:17:56,General,Low,0.0,18.29888888888889
3503,78,2024-09-11,,General,Medium,0.0,
3504,78,2024-10-19,,Technical,High,0.0,
3505,1930,2024-06-12,2024-06-13 01:01:44,Technical,Low,5.0,25.02888888888889
3506,1930,2024-09-08,2024-09-08 01:51:43,Billing,Medium,5.0,1.8619444444444444
3507,1936,2024-11-22,,Technical,Low,0.0,
3508,1936,2024-10-23,2024-10-24 02:53:59,General,Medium,0.0,26.899722222222223
3509,1936,2024-03-02,2024-03-03 00:59:00,Technical,High,0.0,24.983333333333334
3510,1936,2024-06-08,2024-06-08 00:19:35,Technical,Low,5.0,0.3263888888888889
3511,1936,2024-05-02,2024-05-03 00:08:18,Technical,High,5.0,24.138333333333332
3512,1871,2024-12-11,,Billing,Low,0.0,
3513,1871,2024-11-10,,Billing,Low,0.0,
3514,1871,2024-11-21,2024-11-21 17:03:53,Technical,Low,4.0,17.064722222222223
3515,2823,2024-08-04,2024-08-04 11:48:23,Technical,Medium,0.0,11.80638888888889
3516,810,2024-07-27,,Billing,Low,0.0,
3517,810,2024-09-08,2024-09-08 06:08:35,General,Medium,4.0,6.143055555555556
3518,3162,2024-02-26,2024-02-27 18:44:43,General,High,4.0,42.74527777777778
3519,3162,2024-04-21,2024-04-22 09:54:32,Technical,Low,5.0,33.90888888888889
3520,3162,2024-05-22,2024-05-22 23:38:02,Billing,Low,5.0,23.63388888888889
3521,4139,2024-04-22,2024-04-22 23:22:27,Billing,Low,5.0,23.374166666666667
3522,1488,2024-04-08,2024-04-08 15:26:03,General,Medium,3.0,15.434166666666666
3523,1488,2024-01-05,2024-01-05 01:44:36,Technical,Low,0.0,1.7433333333333334
3524,1488,2024-03-22,2024-03-22 05:41:53,Technical,Medium,3.0,5.698055555555555
3525,266,2024-09-19,,General,Medium,0.0,
3526,2088,2024-04-25,2024-04-25 04:55:04,General,Low,0.0,4.917777777777777
3527,4881,2024-03-25,2024-03-25 11:42:14,Technical,Medium,0.0,11.703888888888889
3528,4881,2024-07-27,2024-07-27 12:59:24,Technical,Medium,0.0,12.99
3529,4881,2024-08-24,2024-08-25 09:57:21,Technical,Low,0.0,33.95583333333333
3530,2237,2024-10-05,2024-10-05 16:13:13,Technical,Medium,3.0,16.220277777777778
3531,3747,2024-11-10,2024-11-10 02:07:17,Technical,Low,0.0,2.1213888888888888
3532,3747,2024-04-21,2024-04-21 13:20:36,Technical,Low,2.0,13.343333333333334
3533,3747,2024-01-24,2024-01-24 06:53:30,Billing,Low,0.0,6.891666666666667
3534,3747,2024-02-20,2024-02-21 11:04:10,Technical,Medium,0.0,35.06944444444444
3535,4843,2024-11-12,2024-11-12 22:46:35,Technical,Low,4.0,22.77638888888889
3536,4843,2024-06-11,,Billing,Medium,0.0,
3537,4843,2024-03-29,2024-03-29 09:36:59,General,Low,0.0,9.616388888888888
3538,4843,2024-12-03,,General,Low,0.0,
3539,4843,2024-06-15,,Billing,High,0.0,
3540,957,2024-12-06,2024-12-06 00:53:32,Billing,High,2.0,0.8922222222222222
3541,2106,2024-06-26,2024-06-27 02:25:17,Billing,Low,4.0,26.421388888888888
3542,2106,2024-09-19,2024-09-19 02:07:06,Billing,Low,5.0,2.118333333333333
3543,2106,2024-04-19,2024-04-19 16:48:39,Billing,Medium,0.0,16.810833333333335
3544,2106,2024-12-09,2024-12-09 13:17:29,Billing,Low,5.0,13.29138888888889
3545,2972,2024-03-13,2024-03-13 09:42:56,Billing,Low,4.0,9.715555555555556
3546,2972,2024-10-17,2024-10-17 08:28:52,Technical,Low,0.0,8.481111111111112
3547,2972,2024-10-26,2024-10-27 02:27:10,General,Medium,4.0,26.45277777777778
3548,2972,2024-01-27,2024-01-28 17:28:39,General,Medium,0.0,41.4775
3549,3673,2024-08-12,2024-08-12 23:26:04,Billing,Medium,4.0,23.434444444444445
3550,3673,2024-08-12,2024-08-13 05:53:17,Technical,High,0.0,29.888055555555557
3551,3673,2024-01-19,2024-01-19 05:19:57,General,Medium,0.0,5.3325
3552,3673,2024-08-14,2024-08-14 13:09:44,Billing,Medium,4.0,13.162222222222223
3553,2075,2024-07-28,2024-07-28 14:55:17,Technical,Low,0.0,14.921388888888888
3554,2075,2024-02-25,2024-02-25 11:39:20,Technical,Low,5.0,11.655555555555555
3555,2075,2024-02-13,2024-02-13 19:52:34,Technical,Low,5.0,19.87611111111111
3556,2075,2024-02-27,2024-02-27 03:35:58,Technical,Low,0.0,3.5994444444444444
3557,2075,2024-09-22,2024-09-22 17:48:32,General,Medium,5.0,17.808888888888887
3558,1523,2024-09-10,2024-09-10 17:30:01,Technical,High,2.0,17.50027777777778
3559,1523,2024-06-08,2024-06-09 02:06:10,Billing,Low,0.0,26.102777777777778
3560,1523,2024-05-31,,General,High,0.0,
3561,4476,2024-11-14,2024-11-14 09:38:52,Billing,Low,0.0,9.647777777777778
3562,4476,2024-03-08,2024-03-10 15:58:30,General,Low,5.0,63.975
3563,4476,2024-10-14,2024-10-14 11:39:43,Technical,Medium,3.0,11.661944444444444
3564,4476,2024-10-13,,Billing,Low,0.0,
3565,4476,2024-01-21,2024-01-21 22:27:30,General,Low,3.0,22.458333333333332
3566,3743,2024-04-23,2024-04-23 19:23:01,Billing,Medium,2.0,19.38361111111111
3567,3743,2024-09-26,2024-09-26 09:15:20,Technical,Medium,0.0,9.255555555555556
3568,3743,2024-06-09,2024-06-09 08:19:45,General,Low,0.0,8.329166666666667
3569,3743,2024-02-22,2024-02-24 19:05:35,Billing,Low,0.0,67.09305555555555
3570,369,2024-04-21,2024-04-21 04:22:47,Technical,High,0.0,4.379722222222222
3571,369,2024-05-28,2024-05-29 14:28:54,Technical,Low,4.0,38.48166666666667
3572,369,2024-03-08,2024-03-08 12:45:15,Technical,Low,5.0,12.754166666666666
3573,369,2024-05-03,2024-05-04 05:10:32,Billing,Medium,0.0,29.175555555555555
3574,369,2024-06-20,2024-06-20 18:59:32,Technical,Medium,3.0,18.99222222222222
3575,1094,2024-06-30,2024-06-30 10:43:51,General,Low,5.0,10.730833333333333
3576,1094,2024-03-14,,General,Low,0.0,
3577,1094,2024-06-19,2024-06-20 07:17:43,Technical,High,2.0,31.295277777777777
3578,1094,2024-05-06,2024-05-07 14:42:36,Billing,Medium,4.0,38.71
3579,1094,2024-11-09,,Technical,Medium,0.0,
3580,3389,2024-01-29,2024-01-29 02:40:12,Technical,High,2.0,2.67
3581,3389,2024-11-15,2024-11-15 09:38:12,Billing,Medium,4.0,9.636666666666667
3582,4406,2024-07-17,2024-07-17 04:39:45,Billing,High,0.0,4.6625
3583,4406,2024-04-03,2024-04-04 00:08:25,General,Low,0.0,24.14027777777778
3584,4406,2024-10-06,2024-10-06 21:07:19,Technical,Medium,2.0,21.121944444444445
3585,4406,2024-08-20,2024-08-20 18:59:18,Technical,Low,5.0,18.988333333333333
3586,4406,2024-07-27,2024-07-29 04:41:12,Technical,High,1.0,52.68666666666667
3587,2180,2024-01-16,2024-01-16 11:45:02,Technical,Medium,4.0,11.750555555555556
3588,2180,2024-12-22,,Billing,High,0.0,
3589,2180,2024-05-28,2024-05-28 09:10:38,Technical,High,3.0,9.177222222222222
3590,2180,2024-06-21,,Technical,Low,0.0,
3591,2180,2024-05-05,2024-05-05 05:49:50,Technical,Low,0.0,5.830555555555556
3592,1731,2024-05-02,2024-05-02 10:18:22,Technical,Medium,0.0,10.306111111111111
3593,1731,2024-02-15,,General,Low,0.0,
3594,3356,2024-06-17,2024-06-17 06:29:05,Technical,High,0.0,6.4847222222222225
3595,3356,2024-08-05,2024-08-05 16:08:35,Billing,Medium,3.0,16.143055555555556
3596,3356,2024-09-01,,Billing,Low,0.0,
3597,3356,2024-12-13,2024-12-13 18:12:59,Technical,Medium,2.0,18.21638888888889
3598,261,2024-10-04,2024-10-05 03:30:00,Billing,Low,0.0,27.5
3599,261,2024-11-17,2024-11-17 14:38:55,Technical,Low,4.0,14.64861111111111
3600,4532,2024-07-22,,Technical,Low,0.0,
3601,430,2024-12-29,2024-12-29 05:08:54,Billing,High,3.0,5.148333333333333
3602,430,2024-04-21,,General,Medium,0.0,
3603,528,2024-01-29,2024-01-29 03:41:54,General,Low,0.0,3.6983333333333333
3604,528,2024-06-08,,General,Low,0.0,
3605,528,2024-04-14,2024-04-15 23:09:53,Technical,Medium,0.0,47.164722222222224
3606,3387,2024-01-01,2024-01-01 11:51:35,Billing,Medium,0.0,11.859722222222222
3607,3387,2024-10-25,2024-10-25 06:00:25,Technical,Low,0.0,6.006944444444445
3608,3387,2024-11-03,2024-11-03 16:27:00,General,Low,4.0,16.45
3609,3387,2024-05-09,2024-05-09 08:05:34,Technical,Low,5.0,8.092777777777778
3610,3387,2024-12-01,2024-12-01 06:38:52,Billing,High,2.0,6.647777777777778
3611,4721,2024-09-20,2024-09-20 09:11:04,Technical,Medium,4.0,9.184444444444445
3612,4721,2024-11-16,2024-11-17 19:31:07,Billing,Medium,0.0,43.51861111111111
3613,4721,2024-03-30,2024-03-30 09:49:18,General,Low,4.0,9.821666666666667
3614,4721,2024-09-09,2024-09-09 07:54:37,General,Low,4.0,7.910277777777778
3615,2451,2024-08-09,,Technical,Low,0.0,
3616,701,2024-01-23,2024-01-23 09:34:43,Technical,Low,4.0,9.578611111111112
3617,701,2024-05-25,,Technical,High,0.0,
3618,401,2024-08-11,2024-08-11 07:51:04,Technical,Low,3.0,7.851111111111111
3619,401,2024-01-05,,Technical,Medium,0.0,
3620,401,2024-09-16,2024-09-16 18:10:52,Technical,Medium,2.0,18.18111111111111
3621,401,2024-05-27,2024-05-28 18:45:51,Technical,Medium,5.0,42.76416666666667
3622,4470,2024-12-16,,General,Medium,0.0,
3623,4470,2024-05-20,,Billing,Low,0.0,
3624,4470,2024-06-08,2024-06-08 13:43:07,Technical,Medium,3.0,13.71861111111111
3625,4627,2024-02-22,2024-02-22 15:03:34,Technical,Medium,2.0,15.059444444444445
3626,4627,2024-02-29,2024-03-01 01:17:32,Billing,Low,4.0,25.29222222222222
3627,4627,2024-06-22,2024-06-22 02:01:36,Technical,High,0.0,2.026666666666667
3628,4627,2024-08-02,2024-08-03 00:19:07,General,Low,0.0,24.31861111111111
3629,1160,2024-01-14,2024-01-14 12:07:06,Billing,High,0.0,12.118333333333334
3630,4163,2024-04-05,2024-04-05 03:44:26,Technical,Low,0.0,3.7405555555555554
3631,4163,2024-02-01,,General,Low,0.0,
3632,4163,2024-07-13,2024-07-13 02:16:38,Technical,Low,4.0,2.277222222222222
3633,4718,2024-10-15,2024-10-15 20:16:52,Technical,High,4.0,20.281111111111112
3634,4718,2024-10-30,2024-10-31 22:59:33,General,Low,0.0,46.9925
3635,4380,2024-01-29,2024-01-29 10:04:31,Billing,Low,5.0,10.075277777777778
3636,4380,2024-01-25,2024-01-25 04:23:31,General,High,0.0,4.391944444444444
3637,1809,2024-07-15,,Billing,Medium,0.0,
3638,1809,2024-11-05,2024-11-05 07:19:06,Technical,Low,5.0,7.318333333333333
3639,1515,2024-06-08,2024-06-08 16:26:23,Technical,High,3.0,16.439722222222223
3640,1515,2024-07-11,,Billing,Low,0.0,
3641,1407,2024-12-10,2024-12-10 20:22:48,Billing,Low,5.0,20.38
3642,1407,2024-08-12,2024-08-12 08:04:44,Technical,High,0.0,8.078888888888889
3643,1407,2024-08-31,2024-08-31 03:54:51,Technical,Medium,4.0,3.9141666666666666
3644,3959,2024-09-19,2024-09-19 20:26:34,General,High,3.0,20.442777777777778
3645,3959,2024-05-19,2024-05-19 18:36:57,Billing,Low,4.0,18.615833333333335
3646,50,2024-09-02,2024-09-02 13:40:49,Billing,Medium,5.0,13.680277777777778
3647,50,2024-06-19,2024-06-19 08:36:48,General,Medium,0.0,8.613333333333333
3648,50,2024-03-31,2024-04-01 01:25:02,Billing,Low,0.0,25.41722222222222
3649,50,2024-06-21,2024-06-21 21:45:45,Technical,Medium,0.0,21.7625
3650,3842,2024-01-29,2024-01-29 06:37:18,Billing,Medium,0.0,6.621666666666667
3651,3842,2024-12-24,2024-12-26 09:29:42,General,Medium,0.0,57.495
3652,3842,2024-04-07,2024-04-07 02:06:13,Technical,Low,0.0,2.1036111111111113
3653,3842,2024-04-15,2024-04-15 15:01:14,Billing,Low,0.0,15.020555555555555
3654,3842,2024-11-21,2024-11-21 12:30:01,General,Medium,0.0,12.500277777777777
3655,2673,2024-08-29,2024-08-29 07:26:54,Technical,Low,4.0,7.448333333333333
3656,2673,2024-07-14,,General,Low,0.0,
3657,2673,2024-03-10,,Billing,High,0.0,
3658,2673,2024-12-23,2024-12-23 10:05:31,Billing,Medium,0.0,10.091944444444444
3659,2673,2024-01-13,2024-01-13 03:49:24,Billing,Medium,4.0,3.8233333333333333
3660,1721,2024-01-28,2024-01-28 12:57:50,Billing,Medium,0.0,12.963888888888889
3661,1721,2024-03-15,2024-03-15 06:25:59,Billing,Medium,4.0,6.433055555555556
3662,1410,2024-12-20,2024-12-20 04:44:08,General,Low,0.0,4.735555555555556
3663,1410,2024-12-01,2024-12-01 17:06:45,Technical,Medium,5.0,17.1125
3664,2345,2024-05-23,,Technical,Low,0.0,
3665,2345,2024-12-27,,Technical,Low,0.0,
3666,326,2024-02-01,2024-02-01 02:15:49,Technical,Low,5.0,2.263611111111111
3667,4402,2024-04-07,2024-04-07 11:32:04,Technical,Medium,4.0,11.534444444444444
3668,4402,2024-01-28,2024-01-28 21:57:25,Technical,Medium,4.0,21.956944444444446
3669,4402,2024-08-24,2024-08-25 02:45:24,General,Low,0.0,26.756666666666668
3670,4402,2024-12-10,2024-12-10 06:57:13,General,Medium,1.0,6.953611111111111
3671,807,2024-01-12,2024-01-12 06:21:38,Billing,Medium,1.0,6.360555555555556
3672,807,2024-02-11,2024-02-11 05:52:37,Billing,Low,5.0,5.876944444444445
3673,807,2024-11-02,,Billing,High,0.0,
3674,807,2024-04-20,2024-04-20 03:08:43,Technical,Low,5.0,3.145277777777778
3675,3391,2024-06-03,2024-06-03 19:12:17,Billing,Low,5.0,19.204722222222223
3676,3391,2024-05-22,,Billing,High,0.0,
3677,3391,2024-02-18,2024-02-18 16:51:29,Technical,Low,0.0,16.858055555555556
3678,1908,2024-03-30,,General,Low,0.0,
3679,1908,2024-04-01,2024-04-01 04:11:48,Technical,Low,5.0,4.196666666666666
3680,1908,2024-08-14,,General,High,0.0,
3681,1908,2024-09-26,2024-09-26 12:27:03,Billing,Low,4.0,12.450833333333334
3682,1908,2024-05-18,,Billing,Low,0.0,
3683,3043,2024-05-09,2024-05-09 16:55:37,Billing,Low,1.0,16.926944444444445
3684,3043,2024-06-09,,Technical,Low,0.0,
3685,3043,2024-05-26,2024-05-26 23:09:54,Billing,High,4.0,23.165
3686,3043,2024-01-12,2024-01-12 13:39:14,Billing,Medium,0.0,13.653888888888888
3687,794,2024-05-28,2024-05-29 16:44:36,General,Low,4.0,40.74333333333333
3688,794,2024-07-19,2024-07-19 15:37:25,Technical,Medium,0.0,15.623611111111112
3689,794,2024-12-18,,Technical,High,0.0,
3690,1789,2024-11-10,,Billing,Low,0.0,
3691,1789,2024-04-10,,Technical,Medium,0.0,
3692,269,2024-03-04,2024-03-04 08:58:15,Billing,Medium,3.0,8.970833333333333
3693,269,2024-06-20,,Billing,High,0.0,
3694,269,2024-10-30,2024-10-30 09:03:44,Technical,Medium,2.0,9.062222222222223
3695,269,2024-07-16,2024-07-17 01:08:18,Billing,Low,0.0,25.138333333333332
3696,2982,2024-03-15,2024-03-15 08:22:24,Technical,Medium,0.0,8.373333333333333
3697,3575,2024-06-22,2024-06-23 10:06:01,Technical,Low,0.0,34.10027777777778
3698,3575,2024-06-26,,Billing,Low,0.0,
3699,3575,2024-07-30,2024-07-30 10:08:15,Billing,High,1.0,10.1375
3700,3619,2024-04-02,2024-04-02 10:42:12,Billing,Low,0.0,10.703333333333333
3701,3619,2024-06-19,2024-06-19 08:44:58,Billing,Medium,0.0,8.749444444444444
3702,3375,2024-12-20,2024-12-20 18:27:36,Technical,High,0.0,18.46
3703,3375,2024-01-17,2024-01-17 13:06:15,Billing,Medium,4.0,13.104166666666666
3704,3375,2024-06-01,2024-06-01 09:12:22,General,High,0.0,9.206111111111111
3705,3375,2024-08-20,2024-08-20 17:40:16,Technical,Low,0.0,17.67111111111111
3706,3375,2024-12-24,,Technical,Low,0.0,
3707,3315,2024-01-25,,Billing,Low,0.0,
3708,3315,2024-12-16,,Technical,Low,0.0,
3709,3315,2024-01-27,2024-01-27 19:04:30,Billing,Low,5.0,19.075
3710,158,2024-05-02,2024-05-02 04:06:23,Technical,Medium,4.0,4.106388888888889
3711,158,2024-11-12,2024-11-12 07:41:57,Technical,Low,0.0,7.699166666666667
3712,4626,2024-01-14,2024-01-14 13:49:12,Billing,Medium,4.0,13.82
3713,4626,2024-02-14,2024-02-14 05:22:34,Technical,Low,4.0,5.376111111111111
3714,4626,2024-04-19,2024-04-19 08:26:09,Billing,Medium,4.0,8.435833333333333
3715,4626,2024-04-28,2024-04-28 12:10:58,Technical,High,4.0,12.182777777777778
3716,4626,2024-05-28,,Technical,Low,0.0,
3717,2375,2024-03-26,2024-03-26 14:43:00,General,Low,5.0,14.716666666666667
3718,2375,2024-05-26,2024-05-26 02:25:27,Billing,High,4.0,2.424166666666667
3719,3998,2024-10-22,2024-10-22 19:55:29,Technical,High,2.0,19.924722222222222
3720,3998,2024-12-18,2024-12-18 04:46:34,Technical,High,1.0,4.776111111111111
3721,3998,2024-07-23,2024-07-23 08:34:54,General,Low,5.0,8.581666666666667
3722,3998,2024-11-30,2024-11-30 01:10:35,Technical,Low,0.0,1.176388888888889
3723,3961,2024-09-20,2024-09-20 14:46:45,General,Low,4.0,14.779166666666667
3724,4857,2024-04-21,2024-04-21 10:46:28,General,High,5.0,10.774444444444445
3725,4857,2024-05-16,,Technical,Low,0.0,
3726,4857,2024-05-15,2024-05-15 21:47:06,Technical,Medium,4.0,21.785
3727,4857,2024-08-27,2024-08-27 04:53:10,Billing,Medium,0.0,4.886111111111111
3728,3567,2024-09-01,,Billing,High,0.0,
3729,3567,2024-03-13,2024-03-13 17:10:17,Technical,Low,5.0,17.171388888888888
3730,3567,2024-11-26,2024-11-26 17:52:49,Technical,Low,0.0,17.880277777777778
3731,3567,2024-10-15,2024-10-15 08:17:25,Technical,Low,5.0,8.290277777777778
3732,3567,2024-04-19,,Technical,Medium,0.0,
3733,488,2024-03-15,2024-03-15 12:15:15,General,Low,4.0,12.254166666666666
3734,488,2024-01-09,2024-01-09 10:11:37,General,Medium,4.0,10.19361111111111
3735,488,2024-11-18,2024-11-19 05:17:25,Technical,Low,3.0,29.290277777777778
3736,3423,2024-06-17,2024-06-19 00:46:02,Technical,Low,0.0,48.76722222222222
3737,3423,2024-08-28,2024-08-29 08:35:31,Billing,Low,0.0,32.591944444444444
3738,3423,2024-08-16,2024-08-16 09:36:52,Billing,Low,3.0,9.614444444444445
3739,3359,2024-10-17,2024-10-17 04:18:40,Technical,Low,0.0,4.311111111111111
3740,3359,2024-07-04,2024-07-04 12:53:02,Billing,Medium,3.0,12.883888888888889
3741,2152,2024-05-22,2024-05-23 03:08:04,General,Low,4.0,27.134444444444444
3742,2152,2024-06-05,2024-06-05 14:31:55,Technical,Medium,0.0,14.531944444444445
3743,4796,2024-10-12,,General,Low,0.0,
3744,4796,2024-12-07,,Technical,Medium,0.0,
3745,3068,2024-05-23,2024-05-23 05:58:47,Technical,High,2.0,5.979722222222223
3746,201,2024-10-21,2024-10-21 07:28:26,Technical,Low,0.0,7.473888888888889
3747,201,2024-06-24,2024-06-25 06:16:18,Billing,Low,0.0,30.27166666666667
3748,2018,2024-10-12,2024-10-12 16:49:20,General,Medium,0.0,16.822222222222223
3749,2018,2024-01-04,2024-01-05 04:07:56,General,Low,0.0,28.13222222222222
3750,2018,2024-03-20,2024-03-20 01:07:38,General,High,0.0,1.1272222222222221
3751,2791,2024-03-10,,Billing,High,0.0,
3752,2791,2024-05-12,,Billing,Low,0.0,
3753,435,2024-05-28,,Billing,High,0.0,
3754,435,2024-07-17,2024-07-17 20:12:54,General,Medium,0.0,20.215
3755,435,2024-04-27,2024-04-27 16:08:30,Technical,Low,5.0,16.141666666666666
3756,435,2024-02-27,,Billing,Low,0.0,
3757,1411,2024-07-22,2024-07-22 03:11:03,Billing,Low,3.0,3.1841666666666666
3758,1411,2024-05-20,2024-05-20 09:39:18,Technical,Medium,4.0,9.655
3759,1411,2024-12-26,2024-12-27 12:48:33,Technical,Low,0.0,36.80916666666667
3760,1411,2024-05-13,2024-05-13 10:55:51,Billing,High,4.0,10.930833333333334
3761,4819,2024-08-22,2024-08-22 09:07:42,Technical,Medium,5.0,9.128333333333334
3762,4819,2024-12-03,2024-12-03 21:41:54,Technical,Medium,0.0,21.698333333333334
3763,4819,2024-05-17,2024-05-17 12:46:08,Technical,Medium,3.0,12.768888888888888
3764,446,2024-11-02,,General,Low,0.0,
3765,446,2024-01-04,2024-01-04 12:09:32,Billing,Low,5.0,12.158888888888889
3766,3104,2024-02-17,2024-02-18 19:45:57,Billing,Medium,4.0,43.76583333333333
3767,3104,2024-05-18,,Technical,Low,0.0,
3768,3104,2024-12-01,2024-12-01 22:35:41,General,Medium,0.0,22.594722222222224
3769,3104,2024-02-22,2024-02-22 10:18:23,General,Medium,4.0,10.30638888888889
3770,1946,2024-09-26,2024-09-27 05:44:57,Technical,Low,4.0,29.749166666666667
3771,2778,2024-04-02,2024-04-02 05:15:46,General,Medium,0.0,5.262777777777778
3772,2778,2024-12-23,2024-12-24 01:16:45,Billing,Medium,2.0,25.279166666666665
3773,3949,2024-05-05,,General,Medium,0.0,
3774,3949,2024-02-10,,Billing,Low,0.0,
3775,3949,2024-09-01,2024-09-01 00:44:33,Technical,Medium,0.0,0.7425
3776,1626,2024-10-27,2024-10-27 08:00:04,Billing,Low,4.0,8.001111111111111
3777,1626,2024-10-22,2024-10-22 13:30:40,Technical,Medium,0.0,13.511111111111111
3778,1626,2024-04-29,2024-04-29 07:22:17,Technical,Medium,4.0,7.371388888888889
3779,1626,2024-12-10,2024-12-11 07:10:58,General,Low,0.0,31.182777777777776
3780,1498,2024-05-18,,Billing,High,0.0,
3781,1498,2024-09-02,2024-09-03 01:01:00,General,High,0.0,25.016666666666666
3782,1498,2024-01-31,,Billing,Medium,0.0,
3783,1498,2024-08-07,2024-08-08 04:18:15,Billing,Medium,1.0,28.304166666666667
3784,1498,2024-05-02,2024-05-02 03:35:32,Technical,Medium,4.0,3.5922222222222224
3785,1345,2024-08-13,2024-08-13 03:32:44,Technical,High,0.0,3.5455555555555556
3786,1345,2024-06-11,2024-06-11 08:24:11,Technical,Low,0.0,8.403055555555556
3787,2305,2024-06-20,2024-06-20 18:25:48,Technical,Low,4.0,18.43
3788,2305,2024-08-27,2024-08-27 11:50:10,Technical,Medium,3.0,11.83611111111111
3789,2305,2024-06-14,2024-06-15 06:24:24,Technical,Medium,0.0,30.406666666666666
3790,2305,2024-03-13,,Technical,High,0.0,
3791,3816,2024-05-15,2024-05-15 05:51:57,General,Low,4.0,5.865833333333334
3792,3816,2024-11-09,,Technical,Low,0.0,
3793,1260,2024-04-29,,Technical,Low,0.0,
3794,1260,2024-08-06,,General,High,0.0,
3795,1260,2024-02-23,2024-02-23 07:07:17,General,Low,0.0,7.121388888888889
3796,1260,2024-04-24,2024-04-24 10:01:29,Billing,Medium,5.0,10.024722222222222
3797,1260,2024-01-15,,Billing,Medium,0.0,
3798,2120,2024-12-04,,Technical,High,0.0,
3799,2120,2024-07-04,2024-07-04 06:54:30,Technical,Medium,4.0,6.908333333333333
3800,3970,2024-01-07,2024-01-07 19:27:34,Technical,Low,0.0,19.459444444444443
3801,936,2024-07-05,2024-07-05 20:38:25,General,Medium,0.0,20.64027777777778
3802,862,2024-06-07,2024-06-07 02:35:23,Technical,Low,0.0,2.589722222222222
3803,862,2024-03-07,2024-03-07 14:24:36,Technical,High,0.0,14.41
3804,862,2024-08-29,2024-08-29 17:32:44,General,Low,0.0,17.545555555555556
3805,1689,2024-08-09,2024-08-09 19:45:14,Billing,Low,5.0,19.753888888888888
3806,1689,2024-03-22,2024-03-22 23:47:08,General,Low,0.0,23.785555555555554
3807,1689,2024-08-08,2024-08-08 07:49:14,Technical,Medium,0.0,7.820555555555556
3808,1942,2024-01-27,2024-01-27 05:43:33,Technical,Medium,5.0,5.725833333333333
3809,1942,2024-01-11,2024-01-11 07:07:00,Technical,Low,3.0,7.116666666666666
3810,1942,2024-12-13,2024-12-13 17:23:50,Billing,Medium,3.0,17.397222222222222
3811,1942,2024-02-07,2024-02-07 05:08:42,General,Low,4.0,5.145
3812,1942,2024-07-26,2024-07-26 09:35:48,Billing,Low,0.0,9.596666666666666
3813,4180,2024-01-28,2024-01-28 09:25:13,Billing,Low,0.0,9.420277777777779
3814,4180,2024-08-22,2024-08-22 06:45:09,Billing,Low,0.0,6.7525
3815,2906,2024-02-21,,Technical,Medium,0.0,
3816,2906,2024-09-15,2024-09-16 11:12:22,Technical,High,4.0,35.20611111111111
3817,2906,2024-02-11,2024-02-12 15:16:12,Technical,Low,3.0,39.27
3818,2906,2024-05-16,2024-05-16 13:06:40,General,Low,5.0,13.11111111111111
3819,3121,2024-10-10,2024-10-10 19:41:28,Technical,Low,3.0,19.691111111111113
3820,3121,2024-05-02,,General,Low,0.0,
3821,2119,2024-08-08,2024-08-08 03:47:10,Billing,Low,0.0,3.786111111111111
3822,2119,2024-11-14,2024-11-15 01:48:34,Technical,Low,5.0,25.809444444444445
3823,2119,2024-05-11,,Technical,Low,0.0,
3824,1898,2024-06-26,2024-06-26 07:06:34,Billing,High,3.0,7.109444444444445
3825,1898,2024-07-21,2024-07-21 10:03:23,Billing,High,2.0,10.05638888888889
3826,1898,2024-04-19,2024-04-19 09:03:55,Technical,Low,5.0,9.065277777777778
3827,1229,2024-12-30,2024-12-30 12:38:10,Technical,Medium,4.0,12.636111111111111
3828,1229,2024-07-17,2024-07-17 03:12:39,Billing,Low,4.0,3.2108333333333334
3829,1229,2024-04-05,,Technical,Medium,0.0,
3830,1229,2024-05-20,2024-05-20 18:23:39,Billing,Low,4.0,18.394166666666667
3831,4852,2024-05-26,2024-05-26 20:20:49,Technical,Medium,4.0,20.346944444444443
3832,4852,2024-05-27,2024-05-27 22:47:34,Technical,Low,1.0,22.79277777777778
3833,4852,2024-11-21,2024-11-21 23:11:12,Billing,Medium,0.0,23.186666666666667
3834,4852,2024-10-13,,Billing,Low,0.0,
3835,4852,2024-03-08,2024-03-09 01:40:41,Technical,Medium,4.0,25.678055555555556
3836,1621,2024-11-30,2024-12-01 17:41:42,Billing,Low,4.0,41.695
3837,1621,2024-12-24,2024-12-24 21:36:17,Billing,Low,0.0,21.60472222222222
3838,1621,2024-11-05,,Billing,Low,0.0,
3839,3541,2024-01-07,2024-01-08 06:56:13,Billing,Low,0.0,30.936944444444446
3840,3541,2024-06-25,2024-06-25 04:51:17,Technical,High,3.0,4.854722222222223
3841,3541,2024-04-26,2024-04-27 00:34:15,Technical,High,3.0,24.570833333333333
3842,4343,2024-08-07,,Billing,Low,0.0,
3843,4096,2024-03-08,2024-03-08 06:46:40,Technical,High,2.0,6.777777777777778
3844,3553,2024-04-06,2024-04-06 10:30:46,General,Low,2.0,10.512777777777778
3845,3553,2024-07-04,,Technical,Medium,0.0,
3846,3553,2024-01-08,2024-01-08 12:00:46,Billing,Low,3.0,12.012777777777778
3847,3374,2024-11-13,2024-11-14 12:27:38,Technical,Low,0.0,36.46055555555556
3848,3374,2024-06-11,,Technical,Low,0.0,
3849,3374,2024-10-10,2024-10-10 13:08:36,Technical,Medium,4.0,13.143333333333333
3850,1402,2024-12-22,2024-12-22 08:03:30,Technical,Medium,0.0,8.058333333333334
3851,1402,2024-10-03,2024-10-03 03:31:16,Technical,Medium,4.0,3.5211111111111113
3852,1402,2024-10-02,2024-10-03 06:34:33,Billing,Medium,4.0,30.575833333333332
3853,1402,2024-11-17,2024-11-17 10:44:26,Technical,Low,4.0,10.740555555555556
3854,1402,2024-02-27,2024-02-27 20:56:25,General,High,3.0,20.940277777777776
3855,2827,2024-06-09,2024-06-11 10:50:57,General,Low,0.0,58.84916666666667
3856,2827,2024-11-14,2024-11-14 20:56:58,Billing,Medium,0.0,20.949444444444445
3857,2081,2024-06-02,2024-06-02 14:45:20,Technical,Medium,0.0,14.755555555555556
3858,2081,2024-11-22,2024-11-22 13:38:13,Technical,Medium,0.0,13.636944444444444
3859,4816,2024-09-15,,Technical,Low,0.0,
3860,2383,2024-06-20,2024-06-20 05:42:18,Technical,Low,5.0,5.705
3861,2383,2024-10-09,,Billing,Medium,0.0,
3862,2383,2024-09-01,2024-09-01 09:58:08,General,Low,4.0,9.96888888888889
3863,1051,2024-05-23,2024-05-23 05:58:56,Technical,Medium,0.0,5.982222222222222
3864,1051,2024-03-29,,Billing,Low,0.0,
3865,1051,2024-10-03,2024-10-03 08:27:18,Technical,Low,4.0,8.455
3866,1051,2024-06-05,2024-06-05 08:49:19,Technical,High,5.0,8.821944444444444
3867,284,2024-01-12,2024-01-12 15:31:11,General,Low,4.0,15.519722222222223
3868,284,2024-03-03,2024-03-03 13:16:15,General,Low,0.0,13.270833333333334
3869,1414,2024-12-24,2024-12-24 14:13:35,Billing,Medium,0.0,14.22638888888889
3870,1414,2024-03-06,2024-03-06 14:34:26,General,Low,0.0,14.573888888888888
3871,1414,2024-08-16,,General,Medium,0.0,
3872,1414,2024-06-07,2024-06-07 05:37:48,Billing,Medium,5.0,5.63
3873,3746,2024-11-22,2024-11-22 10:47:25,Billing,Medium,4.0,10.790277777777778
3874,3746,2024-04-21,2024-04-21 20:22:02,Billing,Low,5.0,20.36722222222222
3875,3746,2024-02-26,,Technical,Medium,0.0,
3876,356,2024-04-28,2024-04-28 04:19:03,General,Medium,2.0,4.3175
3877,356,2024-10-23,,Billing,Medium,0.0,
3878,4227,2024-06-11,2024-06-11 13:10:03,Billing,Low,0.0,13.1675
3879,4227,2024-03-08,2024-03-08 17:50:01,Technical,Medium,3.0,17.83361111111111
3880,4227,2024-01-01,2024-01-01 02:36:40,Technical,Low,5.0,2.611111111111111
3881,4227,2024-10-17,2024-10-19 11:07:53,Technical,Low,0.0,59.131388888888885
3882,720,2024-05-28,2024-05-28 04:04:11,Technical,Medium,0.0,4.0697222222222225
3883,720,2024-08-06,,Technical,Medium,0.0,
3884,720,2024-10-17,2024-10-17 18:57:26,Billing,Low,0.0,18.95722222222222
3885,1758,2024-07-09,2024-07-09 12:22:24,Technical,Low,4.0,12.373333333333333
3886,1758,2024-12-12,,Billing,Low,0.0,
3887,1758,2024-12-20,2024-12-20 07:07:33,Billing,High,0.0,7.1258333333333335
3888,1758,2024-09-25,2024-09-25 15:40:32,General,Medium,5.0,15.675555555555556
3889,1758,2024-01-02,2024-01-03 02:18:45,Technical,Medium,4.0,26.3125
3890,328,2024-06-04,2024-06-04 08:04:12,Technical,High,3.0,8.07
3891,328,2024-04-14,2024-04-15 06:41:13,Technical,Medium,3.0,30.686944444444446
3892,328,2024-01-18,,Billing,Medium,0.0,
3893,328,2024-10-11,2024-10-11 13:02:02,Technical,Low,0.0,13.033888888888889
3894,328,2024-11-16,2024-11-16 15:30:16,Billing,Low,4.0,15.504444444444445
3895,3749,2024-01-20,,Technical,Low,0.0,
3896,3749,2024-06-28,2024-06-28 20:18:23,Technical,Low,4.0,20.30638888888889
3897,3749,2024-07-21,2024-07-21 05:22:01,Technical,Low,5.0,5.366944444444444
3898,3749,2024-05-15,,Technical,Low,0.0,
3899,3749,2024-02-26,,Technical,Medium,0.0,
3900,1803,2024-06-06,,General,Low,0.0,
3901,1803,2024-02-05,2024-02-05 08:11:32,Billing,High,3.0,8.192222222222222
3902,1803,2024-11-06,2024-11-06 10:39:46,General,Medium,1.0,10.662777777777778
3903,317,2024-06-23,2024-06-23 05:44:46,General,High,0.0,5.746111111111111
3904,1742,2024-03-04,2024-03-05 11:40:47,Technical,Low,3.0,35.679722222222225
3905,1742,2024-07-11,2024-07-12 02:26:09,Technical,Low,5.0,26.435833333333335
3906,1742,2024-05-28,2024-05-28 03:18:21,Technical,Low,5.0,3.305833333333333
3907,4375,2024-06-03,2024-06-03 21:01:13,Billing,Medium,0.0,21.02027777777778
3908,4375,2024-10-10,2024-10-10 10:08:29,Technical,Medium,2.0,10.141388888888889
3909,4375,2024-10-03,2024-10-03 04:22:56,Billing,High,3.0,4.3822222222222225
3910,4375,2024-11-09,2024-11-09 05:45:07,General,Low,4.0,5.751944444444445
3911,4375,2024-06-01,2024-06-01 07:46:12,Technical,Medium,4.0,7.77
3912,714,2024-07-28,2024-07-28 11:47:15,General,Low,0.0,11.7875
3913,714,2024-07-18,,Technical,Low,0.0,
3914,714,2024-04-08,2024-04-08 22:05:24,Billing,Low,5.0,22.09
3915,714,2024-09-07,2024-09-07 11:20:36,Billing,Low,5.0,11.343333333333334
3916,714,2024-09-19,2024-09-19 03:59:51,Billing,Medium,4.0,3.9975
3917,3308,2024-08-11,2024-08-11 12:29:35,Technical,High,2.0,12.493055555555555
3918,3308,2024-03-24,2024-03-24 03:03:28,Billing,Low,0.0,3.057777777777778
3919,346,2024-04-30,2024-05-02 04:16:49,Technical,High,0.0,52.280277777777776
3920,3662,2024-11-17,2024-11-17 13:54:19,Billing,Low,4.0,13.905277777777778
3921,1658,2024-05-21,2024-05-21 04:24:30,Billing,Low,5.0,4.408333333333333
3922,1658,2024-05-03,,Technical,Low,0.0,
3923,1658,2024-09-09,2024-09-09 17:37:27,Technical,Low,4.0,17.624166666666667
3924,1658,2024-09-06,,Technical,Low,0.0,
3925,1658,2024-07-13,2024-07-13 05:01:34,Technical,Low,5.0,5.026111111111111
3926,2640,2024-10-19,,Technical,Low,0.0,
3927,2640,2024-01-03,2024-01-03 20:06:49,General,High,1.0,20.113611111111112
3928,1097,2024-07-13,2024-07-13 08:27:09,Billing,Low,0.0,8.4525
3929,1097,2024-09-25,2024-09-25 11:43:08,Billing,Low,4.0,11.71888888888889
3930,1097,2024-07-30,2024-07-30 18:18:49,General,Low,2.0,18.31361111111111
3931,1097,2024-05-17,2024-05-18 11:43:27,General,Low,4.0,35.72416666666667
3932,1097,2024-04-24,,General,Low,0.0,
3933,321,2024-11-24,2024-11-24 21:26:34,Technical,Low,5.0,21.442777777777778
3934,321,2024-02-28,2024-02-29 12:51:21,Technical,Low,5.0,36.85583333333334
3935,321,2024-01-11,2024-01-11 12:45:42,General,Medium,2.0,12.761666666666667
3936,321,2024-03-25,2024-03-25 08:14:12,Technical,Medium,0.0,8.236666666666666
3937,2216,2024-02-03,2024-02-04 14:15:18,Technical,Low,0.0,38.255
3938,2216,2024-11-28,,General,Medium,0.0,
3939,2216,2024-05-28,,Technical,Medium,0.0,
3940,2216,2024-11-13,2024-11-13 02:22:22,Technical,Medium,0.0,2.372777777777778
3941,2216,2024-10-17,2024-10-18 06:05:12,Billing,Medium,0.0,30.086666666666666
3942,728,2024-12-27,2024-12-27 09:11:40,General,Low,5.0,9.194444444444445
3943,4668,2024-09-07,2024-09-07 01:53:52,Technical,Low,5.0,1.8977777777777778
3944,4668,2024-02-05,2024-02-05 18:38:41,Billing,Low,0.0,18.64472222222222
3945,4668,2024-11-08,,Billing,Low,0.0,
3946,4668,2024-08-29,2024-08-29 23:50:31,Technical,Low,5.0,23.841944444444444
3947,4668,2024-05-25,2024-05-25 06:03:10,General,Medium,2.0,6.052777777777778
3948,1033,2024-09-20,,Billing,Medium,0.0,
3949,1033,2024-02-05,2024-02-06 02:28:30,Technical,Medium,3.0,26.475
3950,1033,2024-02-26,2024-02-26 08:44:05,Billing,Low,4.0,8.734722222222222
3951,1033,2024-01-26,2024-01-26 14:04:06,Technical,Medium,0.0,14.068333333333333
3952,1033,2024-12-27,2024-12-27 02:57:59,General,High,3.0,2.966388888888889
3953,3300,2024-02-16,2024-02-16 17:18:17,General,Low,0.0,17.30472222222222
3954,2161,2024-10-15,2024-10-15 01:48:35,Technical,Low,5.0,1.8097222222222222
3955,2161,2024-05-29,2024-05-29 06:58:07,General,High,4.0,6.9686111111111115
3956,2161,2024-02-23,,Billing,Low,0.0,
3957,1024,2024-05-21,2024-05-21 07:21:13,Technical,Medium,0.0,7.353611111111111
3958,1024,2024-11-07,2024-11-07 17:03:20,General,Medium,0.0,17.055555555555557
3959,1024,2024-11-18,2024-11-20 05:51:21,General,Low,0.0,53.85583333333334
3960,1024,2024-07-15,,Technical,Low,0.0,
3961,2270,2024-03-09,2024-03-09 18:03:20,Technical,Medium,4.0,18.055555555555557
3962,2270,2024-03-16,,Technical,Low,0.0,
3963,2270,2024-05-19,2024-05-20 07:19:06,Billing,Low,2.0,31.31833333333333
3964,2270,2024-07-26,2024-07-26 10:09:06,Technical,Low,4.0,10.151666666666667
3965,4935,2024-05-29,2024-05-30 11:42:57,General,Low,0.0,35.715833333333336
3966,4783,2024-04-17,2024-04-17 07:52:35,General,High,0.0,7.876388888888889
3967,4783,2024-10-18,,Technical,Low,0.0,
3968,4783,2024-02-06,2024-02-06 18:37:04,Technical,High,3.0,18.61777777777778
3969,4783,2024-09-09,2024-09-09 03:37:14,Billing,Low,3.0,3.6205555555555557
3970,4783,2024-08-07,2024-08-07 17:57:25,Billing,Low,5.0,17.956944444444446
3971,2677,2024-10-17,2024-10-17 15:57:57,Technical,Medium,0.0,15.965833333333334
3972,2677,2024-06-17,2024-06-17 09:17:44,General,Low,5.0,9.295555555555556
3973,2677,2024-07-29,2024-07-31 12:32:28,Technical,Low,0.0,60.541111111111114
3974,2677,2024-09-24,2024-09-24 17:51:26,Technical,High,0.0,17.857222222222223
3975,2723,2024-10-10,2024-10-10 11:29:48,Technical,High,2.0,11.496666666666666
3976,3829,2024-02-21,2024-02-21 19:31:06,Technical,Low,0.0,19.518333333333334
3977,3829,2024-10-21,2024-10-21 03:43:38,Technical,Medium,4.0,3.727222222222222
3978,2714,2024-01-03,2024-01-03 11:06:58,General,Low,5.0,11.116111111111111
3979,2714,2024-02-05,2024-02-05 10:49:36,Technical,Medium,0.0,10.826666666666666
3980,2714,2024-12-22,2024-12-22 15:21:20,Billing,Low,3.0,15.355555555555556
3981,2714,2024-07-13,2024-07-13 11:38:52,Technical,Low,0.0,11.647777777777778
3982,1083,2024-06-27,2024-06-29 03:00:35,Billing,Low,0.0,51.00972222222222
3983,1083,2024-12-15,,Technical,High,0.0,
3984,1083,2024-02-23,2024-02-24 03:16:57,Billing,Low,5.0,27.2825
3985,3026,2024-08-24,2024-08-24 14:10:11,Billing,Low,0.0,14.169722222222223
3986,3026,2024-01-11,2024-01-12 02:11:55,Technical,Medium,4.0,26.198611111111113
3987,3026,2024-02-21,,Billing,Medium,0.0,
3988,3026,2024-10-02,2024-10-03 00:30:22,Technical,Medium,3.0,24.50611111111111
3989,3026,2024-10-05,2024-10-05 01:55:40,Billing,Low,0.0,1.9277777777777778
3990,487,2024-01-27,,Billing,High,0.0,
3991,487,2024-09-25,2024-09-25 14:36:07,General,Medium,0.0,14.601944444444445
3992,487,2024-09-19,2024-09-19 15:40:23,Billing,High,4.0,15.673055555555555
3993,487,2024-10-18,2024-10-18 17:52:56,Technical,Low,5.0,17.88222222222222
3994,487,2024-02-20,2024-02-20 09:38:03,Technical,Medium,4.0,9.634166666666667
3995,4170,2024-04-04,2024-04-04 17:10:53,Billing,Medium,0.0,17.18138888888889
3996,4170,2024-09-18,2024-09-18 16:42:43,Technical,Low,5.0,16.711944444444445
3997,4170,2024-11-25,2024-11-25 06:45:52,General,High,0.0,6.764444444444444
3998,2923,2024-04-23,2024-04-24 01:56:01,Technical,Medium,3.0,25.933611111111112
3999,2923,2024-11-29,,General,Low,0.0,
4000,1300,2024-03-05,2024-03-05 22:39:14,Technical,Medium,4.0,22.65388888888889
4001,1300,2024-03-05,2024-03-05 12:46:43,Billing,Low,0.0,12.778611111111111
4002,1300,2024-09-27,2024-09-27 06:56:44,Technical,Low,0.0,6.945555555555556
4003,1300,2024-01-01,2024-01-01 20:26:04,Technical,Low,0.0,20.434444444444445
4004,4679,2024-01-03,2024-01-03 08:03:48,Technical,Medium,0.0,8.063333333333333
4005,4679,2024-03-30,2024-03-31 20:18:17,Technical,Low,0.0,44.304722222222225
4006,4679,2024-08-13,2024-08-13 22:02:45,Billing,Low,4.0,22.045833333333334
4007,4679,2024-06-03,2024-06-03 01:10:45,Technical,High,0.0,1.1791666666666667
4008,4295,2024-03-12,2024-03-12 18:36:49,General,Medium,4.0,18.613611111111112
4009,4295,2024-10-08,2024-10-08 16:18:32,General,Medium,0.0,16.308888888888887
4010,563,2024-03-13,2024-03-13 06:53:49,Technical,Low,5.0,6.896944444444444
4011,563,2024-11-12,2024-11-12 03:41:44,Technical,Medium,5.0,3.6955555555555555
4012,563,2024-09-12,2024-09-12 12:02:26,Billing,Low,5.0,12.040555555555555
4013,563,2024-12-24,2024-12-24 12:34:57,Technical,High,1.0,12.5825
4014,563,2024-03-24,,Technical,Low,0.0,
4015,1392,2024-10-29,,Technical,Medium,0.0,
4016,1392,2024-08-12,,Technical,High,0.0,
4017,1392,2024-08-29,,Billing,Medium,0.0,
4018,1392,2024-06-23,2024-06-23 01:29:07,Technical,Low,3.0,1.4852777777777777
4019,1392,2024-08-01,2024-08-01 16:10:13,Technical,Low,0.0,16.170277777777777
4020,4017,2024-03-05,,General,Medium,0.0,
4021,4017,2024-09-21,2024-09-21 07:02:12,General,Low,5.0,7.036666666666667
4022,4017,2024-02-19,,Billing,Medium,0.0,
4023,4017,2024-04-27,2024-04-27 14:54:24,Technical,Low,0.0,14.906666666666666
4024,3384,2024-10-13,2024-10-13 09:59:29,Billing,Medium,4.0,9.991388888888888
4025,3384,2024-09-14,2024-09-14 04:17:44,Billing,Low,5.0,4.295555555555556
4026,2992,2024-02-05,2024-02-05 17:48:03,Technical,Low,0.0,17.800833333333333
4027,2992,2024-05-16,2024-05-16 09:09:44,Technical,Low,0.0,9.162222222222223
4028,2992,2024-07-03,2024-07-04 09:00:47,General,Low,0.0,33.01305555555555
4029,2992,2024-11-22,2024-11-22 09:52:36,General,Low,5.0,9.876666666666667
4030,2992,2024-05-31,2024-05-31 09:36:36,Billing,Low,5.0,9.61
4031,1090,2024-05-19,,General,High,0.0,
4032,1090,2024-12-23,2024-12-23 15:38:20,Billing,Medium,0.0,15.63888888888889
4033,1090,2024-12-25,2024-12-27 00:20:48,Technical,High,0.0,48.346666666666664
4034,1090,2024-01-09,,Technical,Low,0.0,
4035,1219,2024-02-23,2024-02-24 13:35:52,Technical,High,0.0,37.59777777777778
4036,1219,2024-01-11,2024-01-11 07:59:55,Technical,Low,3.0,7.998611111111111
4037,1219,2024-03-31,2024-03-31 12:52:11,Technical,Low,0.0,12.869722222222222
4038,1219,2024-03-09,2024-03-09 08:03:10,Technical,Low,3.0,8.052777777777777
4039,2274,2024-10-23,2024-10-23 15:11:08,Technical,Low,5.0,15.185555555555556
4040,2274,2024-01-08,2024-01-08 10:29:38,Technical,High,3.0,10.49388888888889
4041,1606,2024-01-29,,General,Medium,0.0,
4042,1606,2024-12-23,2024-12-23 15:14:09,Billing,Low,0.0,15.235833333333334
4043,1606,2024-01-31,2024-01-31 15:16:52,Technical,Low,4.0,15.28111111111111
4044,1606,2024-02-24,2024-02-24 09:18:17,General,Low,0.0,9.304722222222223
4045,1606,2024-11-11,2024-11-11 05:49:58,Billing,Low,4.0,5.832777777777777
4046,2767,2024-06-17,2024-06-17 10:10:15,Technical,High,2.0,10.170833333333333
4047,2767,2024-09-15,2024-09-15 02:24:04,General,Low,3.0,2.401111111111111
4048,2767,2024-10-31,2024-10-31 13:31:24,Technical,Medium,4.0,13.523333333333333
4049,2767,2024-02-19,2024-02-20 22:03:03,Billing,Medium,3.0,46.05083333333334
4050,64,2024-04-21,2024-04-21 11:13:10,Technical,Medium,2.0,11.219444444444445
4051,64,2024-05-29,2024-05-29 14:44:18,Technical,Low,5.0,14.738333333333333
4052,64,2024-04-23,2024-04-23 04:59:57,Technical,Low,4.0,4.9991666666666665
4053,4432,2024-07-07,,Billing,Medium,0.0,
4054,4432,2024-09-21,,Technical,Low,0.0,
4055,4432,2024-10-04,2024-10-04 10:43:30,Technical,High,0.0,10.725
4056,3246,2024-05-27,2024-05-27 04:10:23,Technical,Low,5.0,4.173055555555556
4057,3246,2024-04-11,2024-04-11 04:46:35,Technical,Medium,5.0,4.776388888888889
4058,3246,2024-09-19,2024-09-19 10:13:52,Billing,Low,5.0,10.231111111111112
4059,3246,2024-02-25,2024-02-25 17:25:35,General,Medium,0.0,17.426388888888887
4060,4959,2024-03-13,2024-03-13 11:10:23,Technical,High,4.0,11.173055555555555
4061,4959,2024-05-09,2024-05-10 22:41:43,Technical,High,3.0,46.695277777777775
4062,4959,2024-01-27,2024-01-27 11:21:38,Technical,Medium,4.0,11.360555555555555
4063,4959,2024-10-21,2024-10-22 13:18:59,Technical,Medium,0.0,37.31638888888889
4064,4959,2024-12-18,2024-12-18 16:48:57,Billing,Low,0.0,16.815833333333334
4065,1344,2024-02-03,2024-02-04 22:46:08,Technical,Low,0.0,46.76888888888889
4066,1344,2024-02-23,2024-02-23 15:02:40,Billing,Low,5.0,15.044444444444444
4067,1344,2024-01-25,,Billing,Low,0.0,
4068,1344,2024-06-02,2024-06-02 08:04:46,General,Low,0.0,8.079444444444444
4069,1344,2024-09-25,2024-09-25 04:55:20,Technical,Low,0.0,4.9222222222222225
4070,2479,2024-01-11,2024-01-11 18:55:20,Technical,Low,0.0,18.92222222222222
4071,2479,2024-07-16,2024-07-16 06:09:45,Billing,Medium,4.0,6.1625
4072,1290,2024-06-13,2024-06-13 07:40:50,Billing,Medium,5.0,7.680555555555555
4073,1290,2024-10-27,2024-10-27 21:18:57,Technical,Low,5.0,21.315833333333334
4074,1290,2024-04-27,,Technical,Medium,0.0,
4075,2002,2024-01-27,2024-01-27 14:10:19,Billing,Low,5.0,14.171944444444444
4076,2002,2024-12-06,2024-12-06 21:33:06,Billing,Medium,0.0,21.551666666666666
4077,580,2024-02-04,2024-02-04 05:48:34,Technical,High,4.0,5.809444444444445
4078,580,2024-09-07,2024-09-07 12:57:39,General,Low,2.0,12.960833333333333
4079,580,2024-06-29,2024-06-29 22:32:00,General,Low,0.0,22.533333333333335
4080,580,2024-02-09,,Technical,Low,0.0,
4081,1597,2024-05-10,2024-05-10 12:13:23,Billing,Low,0.0,12.223055555555556
4082,1597,2024-05-29,2024-05-29 14:27:16,General,Low,5.0,14.454444444444444
4083,1597,2024-03-29,2024-03-29 13:33:00,General,Low,4.0,13.55
4084,1597,2024-10-12,2024-10-13 05:09:42,Technical,Medium,2.0,29.161666666666665
4085,1597,2024-06-08,2024-06-08 04:07:02,General,Medium,0.0,4.117222222222222
4086,1091,2024-01-28,2024-01-30 04:55:23,General,High,1.0,52.92305555555556
4087,1091,2024-03-04,2024-03-04 11:08:06,Billing,Medium,0.0,11.135
4088,1091,2024-05-23,2024-05-24 15:49:09,Technical,High,4.0,39.81916666666667
4089,1091,2024-11-08,,Technical,High,0.0,
4090,4446,2024-12-21,2024-12-22 21:49:41,Technical,Medium,0.0,45.82805555555556
4091,4446,2024-09-08,2024-09-08 16:34:49,Billing,Medium,0.0,16.580277777777777
4092,4446,2024-04-04,,Billing,Low,0.0,
4093,4446,2024-02-08,2024-02-09 00:19:30,Billing,Low,4.0,24.325
4094,4932,2024-06-10,2024-06-10 18:40:13,General,Medium,5.0,18.670277777777777
4095,4932,2024-09-19,2024-09-20 03:12:45,Billing,High,0.0,27.2125
4096,4932,2024-06-20,2024-06-20 16:11:01,Technical,Low,0.0,16.183611111111112
4097,3297,2024-01-22,,General,Medium,0.0,
4098,3297,2024-12-20,2024-12-20 07:08:24,General,Low,4.0,7.14
4099,1588,2024-08-10,2024-08-11 03:16:17,General,Low,3.0,27.27138888888889
4100,1588,2024-04-12,2024-04-13 23:20:06,Technical,Low,5.0,47.335
4101,1588,2024-12-16,2024-12-17 02:35:07,Technical,Low,5.0,26.585277777777776
4102,1588,2024-09-09,2024-09-10 09:38:01,Billing,High,0.0,33.63361111111111
4103,1588,2024-02-28,,Billing,Medium,0.0,
4104,3535,2024-08-20,2024-08-20 08:41:16,Billing,Medium,0.0,8.687777777777777
4105,3535,2024-12-20,2024-12-20 19:59:22,Technical,Low,0.0,19.989444444444445
4106,3535,2024-05-17,,Billing,Low,0.0,
4107,3535,2024-05-16,2024-05-16 14:34:02,General,Low,5.0,14.567222222222222
4108,3535,2024-10-06,2024-10-07 00:31:20,Technical,Low,0.0,24.522222222222222
4109,4010,2024-01-23,,Technical,High,0.0,
4110,4010,2024-07-04,2024-07-04 20:47:43,Technical,Medium,0.0,20.795277777777777
4111,1723,2024-06-23,2024-06-23 06:26:54,Billing,Medium,3.0,6.448333333333333
4112,1723,2024-12-10,2024-12-10 16:31:28,Billing,Low,3.0,16.524444444444445
4113,3781,2024-08-31,2024-08-31 13:57:29,Technical,Low,0.0,13.958055555555555
4114,4429,2024-12-13,2024-12-13 06:30:09,Technical,Low,4.0,6.5025
4115,4429,2024-10-31,2024-10-31 13:33:11,Technical,Low,0.0,13.553055555555556
4116,2263,2024-03-10,2024-03-10 08:21:03,Billing,Low,5.0,8.350833333333334
4117,2263,2024-05-29,2024-05-29 04:10:30,General,High,0.0,4.175
4118,2263,2024-05-27,2024-05-27 15:18:23,Technical,Medium,3.0,15.30638888888889
4119,2478,2024-01-10,2024-01-10 06:05:52,General,High,5.0,6.097777777777778
4120,4084,2024-09-22,2024-09-22 21:43:18,Billing,Low,4.0,21.721666666666668
4121,68,2024-06-14,2024-06-14 14:55:25,Billing,Medium,0.0,14.92361111111111
4122,173,2024-02-28,2024-02-29 20:07:43,Technical,Medium,1.0,44.12861111111111
4123,4698,2024-06-14,2024-06-15 15:54:32,Technical,Low,4.0,39.90888888888889
4124,4698,2024-03-20,2024-03-20 20:56:44,Technical,Medium,3.0,20.945555555555554
4125,972,2024-04-04,2024-04-05 00:52:13,Technical,Low,0.0,24.870277777777776
4126,15,2024-05-13,,General,Medium,0.0,
4127,15,2024-05-31,2024-05-31 09:53:22,Technical,Medium,5.0,9.889444444444445
4128,15,2024-01-11,2024-01-11 08:41:17,General,Medium,1.0,8.688055555555556
4129,15,2024-01-17,2024-01-17 20:38:43,General,High,0.0,20.64527777777778
4130,15,2024-06-09,2024-06-09 16:45:04,Technical,Low,5.0,16.75111111111111
4131,1811,2024-04-25,2024-04-25 15:09:16,Technical,Medium,3.0,15.154444444444444
4132,1811,2024-12-15,2024-12-15 08:07:45,Technical,High,3.0,8.129166666666666
4133,3649,2024-05-24,2024-05-24 23:09:20,Technical,Medium,3.0,23.155555555555555
4134,3725,2024-12-20,2024-12-20 07:56:13,Technical,High,3.0,7.936944444444444
4135,4521,2024-09-20,,Billing,High,0.0,
4136,4521,2024-01-17,2024-01-17 09:01:30,Technical,High,2.0,9.025
4137,4521,2024-03-13,2024-03-13 17:36:17,Technical,Medium,4.0,17.60472222222222
4138,1247,2024-03-17,,Technical,Low,0.0,
4139,1247,2024-02-28,2024-02-28 15:28:51,Billing,Low,0.0,15.480833333333333
4140,1247,2024-12-02,,Technical,Low,0.0,
4141,486,2024-11-07,,General,Low,0.0,
4142,486,2024-01-21,,Technical,Low,0.0,
4143,2008,2024-11-11,,Technical,Low,0.0,
4144,2008,2024-01-04,2024-01-04 15:17:37,Technical,Low,5.0,15.293611111111112
4145,2008,2024-08-02,2024-08-03 13:36:59,Technical,High,0.0,37.61638888888889
4146,2008,2024-07-28,,Technical,Low,0.0,
4147,2008,2024-09-02,2024-09-02 13:59:39,General,Medium,0.0,13.994166666666667
4148,3396,2024-02-28,2024-02-28 04:35:24,Billing,Low,5.0,4.59
4149,3396,2024-11-13,2024-11-13 04:09:28,Billing,Low,5.0,4.157777777777778
4150,124,2024-12-16,2024-12-16 02:43:22,Billing,Low,4.0,2.722777777777778
4151,124,2024-05-23,2024-05-23 07:13:19,General,Low,0.0,7.2219444444444445
4152,124,2024-04-04,2024-04-04 17:41:18,Billing,Low,4.0,17.688333333333333
4153,124,2024-01-30,2024-01-30 18:13:06,Billing,Low,0.0,18.218333333333334
4154,124,2024-11-27,2024-11-27 05:14:50,Technical,Low,4.0,5.247222222222222
4155,1437,2024-08-13,2024-08-13 18:04:48,Billing,Low,5.0,18.08
4156,1437,2024-01-25,,Billing,High,0.0,
4157,704,2024-06-15,2024-06-15 07:36:15,Billing,High,0.0,7.604166666666667
4158,704,2024-08-21,2024-08-21 05:16:47,Technical,Low,5.0,5.279722222222222
4159,704,2024-09-18,2024-09-19 06:36:35,Billing,Medium,0.0,30.60972222222222
4160,704,2024-10-14,2024-10-14 10:03:41,Billing,Medium,4.0,10.061388888888889
4161,704,2024-12-05,2024-12-05 11:04:37,Technical,High,0.0,11.076944444444445
4162,2100,2024-01-25,2024-01-25 13:55:19,Technical,High,5.0,13.921944444444444
4163,2100,2024-09-13,2024-09-13 06:47:21,Billing,Low,5.0,6.789166666666667
4164,2100,2024-04-18,2024-04-18 07:42:26,Billing,High,1.0,7.707222222222223
4165,517,2024-06-17,2024-06-18 00:15:07,Technical,Low,4.0,24.251944444444444
4166,517,2024-05-24,2024-05-25 04:15:09,Technical,Low,4.0,28.2525
4167,667,2024-11-17,2024-11-17 10:56:56,General,Low,5.0,10.948888888888888
4168,667,2024-06-06,2024-06-06 10:46:42,Billing,Low,0.0,10.778333333333334
4169,667,2024-07-09,2024-07-09 12:30:07,General,High,4.0,12.501944444444444
4170,667,2024-07-12,,Technical,Low,0.0,
4171,1552,2024-03-24,2024-03-24 08:58:57,Technical,High,0.0,8.9825
4172,1552,2024-08-24,,Technical,Medium,0.0,
4173,1552,2024-06-14,2024-06-15 00:18:12,Technical,Low,0.0,24.303333333333335
4174,1552,2024-12-03,2024-12-03 20:42:30,Technical,Low,4.0,20.708333333333332
4175,1552,2024-04-11,2024-04-11 16:12:43,Technical,Low,4.0,16.211944444444445
4176,3527,2024-11-26,2024-11-26 03:56:17,Technical,Medium,0.0,3.9380555555555556
4177,3527,2024-12-25,2024-12-26 09:20:55,Billing,Medium,0.0,33.34861111111111
4178,2898,2024-11-11,,Billing,Low,0.0,
4179,2898,2024-05-13,2024-05-13 09:57:40,Technical,Medium,2.0,9.96111111111111
4180,2898,2024-10-01,2024-10-01 18:41:59,Technical,High,4.0,18.69972222222222
4181,2279,2024-10-11,,Technical,Low,0.0,
4182,2279,2024-01-22,2024-01-22 15:47:43,Technical,Medium,0.0,15.795277777777779
4183,2279,2024-04-22,,Billing,Medium,0.0,
4184,4597,2024-08-05,2024-08-05 11:59:06,General,Medium,2.0,11.985
4185,3291,2024-11-04,2024-11-04 05:42:10,Billing,High,0.0,5.7027777777777775
4186,3291,2024-08-03,2024-08-03 09:44:58,Billing,High,0.0,9.749444444444444
4187,3291,2024-01-15,,Technical,Low,0.0,
4188,3291,2024-11-20,2024-11-20 20:44:04,Billing,Medium,4.0,20.734444444444446
4189,3196,2024-10-14,2024-10-14 05:48:29,Technical,Low,0.0,5.808055555555556
4190,4100,2024-12-03,2024-12-03 04:43:17,Technical,Low,0.0,4.721388888888889
4191,4100,2024-12-04,2024-12-05 03:26:37,Billing,Low,4.0,27.44361111111111
4192,796,2024-01-29,2024-01-29 20:51:24,Billing,Low,4.0,20.856666666666666
4193,796,2024-04-18,,Technical,Medium,0.0,
4194,796,2024-08-05,2024-08-05 03:58:50,Technical,Low,0.0,3.9805555555555556
4195,796,2024-11-04,2024-11-04 05:50:08,Technical,Low,4.0,5.835555555555556
4196,796,2024-04-26,2024-04-26 06:50:07,Billing,Low,0.0,6.835277777777778
4197,496,2024-08-10,2024-08-10 02:53:00,Technical,High,4.0,2.8833333333333333
4198,496,2024-11-27,2024-11-27 04:02:25,Technical,Low,0.0,4.040277777777778
4199,352,2024-12-03,2024-12-03 06:55:40,Technical,Low,1.0,6.927777777777778
4200,352,2024-12-03,2024-12-03 05:20:51,Technical,Low,5.0,5.3475
4201,352,2024-09-06,2024-09-06 15:23:26,Technical,Low,0.0,15.390555555555556
4202,352,2024-03-13,,Technical,Medium,0.0,
4203,352,2024-09-14,,Billing,Medium,0.0,
4204,3865,2024-11-07,2024-11-07 06:16:49,General,High,3.0,6.280277777777778
4205,3865,2024-06-18,,Billing,Low,0.0,
4206,3758,2024-11-20,2024-11-20 15:55:03,Billing,Low,0.0,15.9175
4207,3758,2024-11-18,,Technical,Low,0.0,
4208,3758,2024-04-18,,Technical,Low,0.0,
4209,3758,2024-04-05,2024-04-05 09:02:29,Technical,Low,4.0,9.04138888888889
4210,3758,2024-08-06,2024-08-07 20:34:38,Technical,Low,0.0,44.577222222222225
4211,2363,2024-03-03,2024-03-03 18:40:56,Technical,Low,0.0,18.682222222222222
4212,2363,2024-09-24,2024-09-24 10:14:03,Billing,Medium,0.0,10.234166666666667
4213,2363,2024-12-23,2024-12-23 02:42:41,General,Low,4.0,2.711388888888889
4214,2363,2024-01-22,,Technical,Low,0.0,
4215,2363,2024-12-21,2024-12-22 03:26:11,Technical,Medium,1.0,27.43638888888889
4216,4482,2024-10-11,2024-10-11 23:11:59,Technical,Low,5.0,23.19972222222222
4217,4482,2024-09-24,2024-09-25 04:49:48,Technical,Medium,0.0,28.83
4218,4482,2024-11-10,2024-11-10 18:23:57,Technical,Low,3.0,18.399166666666666
4219,4482,2024-01-05,2024-01-05 04:06:22,Billing,Medium,3.0,4.106111111111111
4220,693,2024-10-07,,Technical,Low,0.0,
4221,693,2024-05-27,2024-05-28 14:57:21,Billing,High,3.0,38.95583333333333
4222,2565,2024-08-11,2024-08-12 00:14:26,Billing,Low,0.0,24.240555555555556
4223,3141,2024-07-03,2024-07-03 04:20:16,Billing,Medium,4.0,4.337777777777778
4224,3141,2024-07-28,,Billing,Medium,0.0,
4225,3141,2024-04-03,2024-04-03 01:00:43,Technical,Low,3.0,1.0119444444444445
4226,3141,2024-02-02,2024-02-02 19:27:19,Technical,Medium,4.0,19.455277777777777
4227,4692,2024-02-10,2024-02-10 08:26:28,Billing,Low,0.0,8.44111111111111
4228,4692,2024-12-01,2024-12-01 04:59:17,Billing,Low,2.0,4.9880555555555555
4229,2436,2024-11-03,2024-11-03 12:55:47,Technical,High,0.0,12.929722222222223
4230,2436,2024-09-23,2024-09-23 21:18:53,Billing,Medium,0.0,21.314722222222223
4231,2436,2024-01-18,2024-01-19 02:33:27,Billing,Medium,0.0,26.5575
4232,2436,2024-10-16,2024-10-17 11:44:52,General,Medium,5.0,35.74777777777778
4233,4164,2024-10-24,2024-10-24 13:46:10,Technical,Medium,4.0,13.769444444444444
4234,4164,2024-03-17,,Technical,High,0.0,
4235,4164,2024-06-13,2024-06-13 08:51:57,General,Low,5.0,8.865833333333333
4236,4164,2024-11-11,,Technical,Medium,0.0,
4237,4164,2024-04-30,2024-05-01 20:47:26,Technical,Low,5.0,44.79055555555556
4238,3022,2024-10-18,2024-10-19 11:10:51,Technical,Medium,5.0,35.18083333333333
4239,3022,2024-11-22,2024-11-22 07:22:29,Technical,High,4.0,7.374722222222222
4240,3022,2024-05-09,2024-05-09 14:43:27,General,Medium,3.0,14.724166666666667
4241,3022,2024-05-20,2024-05-20 11:17:11,General,Low,5.0,11.286388888888888
4242,3022,2024-05-26,2024-05-27 12:49:41,Billing,Low,3.0,36.82805555555556
4243,1389,2024-04-30,2024-04-30 04:00:02,Technical,Medium,5.0,4.000555555555556
4244,1389,2024-03-03,2024-03-03 20:30:22,Billing,Low,0.0,20.50611111111111
4245,1389,2024-08-30,2024-08-30 04:29:04,Technical,Low,4.0,4.484444444444445
4246,1389,2024-08-01,,General,Medium,0.0,
4247,2262,2024-02-09,2024-02-09 23:33:58,General,Low,3.0,23.566111111111113
4248,2262,2024-02-04,2024-02-04 16:35:34,Technical,Medium,0.0,16.592777777777776
4249,2262,2024-10-30,2024-10-30 20:12:52,Billing,High,3.0,20.214444444444446
4250,405,2024-09-30,2024-09-30 13:58:04,Technical,Medium,5.0,13.967777777777778
4251,405,2024-09-27,2024-09-27 20:40:54,Billing,Low,2.0,20.68166666666667
4252,405,2024-11-02,2024-11-02 06:56:25,Billing,Low,0.0,6.940277777777778
4253,405,2024-07-16,,Technical,Low,0.0,
4254,2005,2024-07-12,2024-07-12 18:14:33,Billing,Low,0.0,18.2425
4255,2005,2024-10-16,2024-10-16 06:10:07,General,Low,5.0,6.168611111111111
4256,3710,2024-03-21,2024-03-21 18:20:43,Billing,Medium,2.0,18.345277777777778
4257,3710,2024-01-02,2024-01-03 02:57:36,Technical,Low,4.0,26.96
4258,3710,2024-02-18,2024-02-18 17:18:40,Billing,Medium,0.0,17.31111111111111
4259,3710,2024-06-19,2024-06-20 15:32:34,Technical,Medium,2.0,39.54277777777778
4260,1348,2024-07-06,2024-07-06 15:19:50,Technical,Low,2.0,15.330555555555556
4261,1348,2024-04-21,2024-04-21 07:25:58,Technical,Low,0.0,7.432777777777778
4262,1602,2024-01-10,2024-01-10 13:21:35,Technical,Low,5.0,13.359722222222222
4263,1602,2024-06-03,,Technical,High,0.0,
4264,1602,2024-08-17,,General,Low,0.0,
4265,1602,2024-08-19,,General,Medium,0.0,
4266,3266,2024-10-19,2024-10-19 11:07:42,Technical,Low,5.0,11.128333333333334
4267,3266,2024-02-10,2024-02-11 12:08:26,Technical,Low,3.0,36.14055555555556
4268,3266,2024-05-21,2024-05-21 13:12:58,Technical,Low,5.0,13.216111111111111
4269,3266,2024-01-28,2024-01-29 08:31:26,Billing,Low,0.0,32.52388888888889
4270,3953,2024-11-16,2024-11-16 12:44:36,General,Low,4.0,12.743333333333334
4271,3953,2024-12-05,2024-12-05 13:13:20,Billing,High,2.0,13.222222222222221
4272,3953,2024-09-14,2024-09-14 11:21:00,Billing,High,0.0,11.35
4273,576,2024-08-20,,Technical,Low,0.0,
4274,1099,2024-03-30,,General,Medium,0.0,
4275,1099,2024-04-02,2024-04-02 13:23:30,Billing,Low,4.0,13.391666666666667
4276,1099,2024-09-11,2024-09-12 02:12:20,Technical,Low,5.0,26.205555555555556
4277,1099,2024-01-04,2024-01-04 11:17:33,Billing,Medium,1.0,11.2925
4278,1099,2024-04-21,2024-04-21 03:36:51,Billing,Low,0.0,3.6141666666666667
4279,4531,2024-06-28,2024-06-28 07:24:51,General,Low,5.0,7.414166666666667
4280,4531,2024-01-27,2024-01-27 20:00:30,Technical,Medium,0.0,20.008333333333333
4281,4531,2024-10-26,2024-10-27 13:33:27,Technical,Medium,0.0,37.5575
4282,2111,2024-06-20,2024-06-21 09:03:31,Billing,Medium,0.0,33.05861111111111
4283,2111,2024-01-16,2024-01-16 08:16:34,Billing,High,0.0,8.276111111111112
4284,2111,2024-03-07,2024-03-07 03:28:08,Technical,High,4.0,3.468888888888889
4285,2111,2024-07-29,2024-07-29 19:42:54,Technical,Medium,4.0,19.715
4286,2111,2024-03-12,,Technical,Low,0.0,
4287,2454,2024-08-21,2024-08-21 12:49:53,Technical,Low,0.0,12.831388888888888
4288,2204,2024-08-31,2024-09-01 02:15:14,Technical,Medium,3.0,26.253888888888888
4289,2204,2024-11-01,2024-11-01 16:08:51,Billing,Low,0.0,16.1475
4290,2204,2024-02-01,2024-02-02 10:43:10,Technical,Medium,0.0,34.71944444444444
4291,2204,2024-05-24,2024-05-24 16:56:38,General,Low,0.0,16.94388888888889
4292,2204,2024-05-11,2024-05-11 11:05:43,Technical,Medium,2.0,11.095277777777778
4293,2579,2024-08-14,2024-08-14 18:39:27,Billing,Medium,3.0,18.6575
4294,2579,2024-06-08,2024-06-08 06:10:24,Technical,High,0.0,6.173333333333333
4295,2579,2024-07-04,2024-07-04 05:58:03,Technical,Low,2.0,5.9675
4296,4014,2024-11-05,,Technical,Low,0.0,
4297,4014,2024-01-29,2024-01-29 12:55:32,Technical,High,0.0,12.925555555555556
4298,1308,2024-02-24,,Technical,Low,0.0,
4299,1308,2024-07-07,2024-07-07 06:11:24,Technical,Medium,5.0,6.19
4300,1308,2024-08-11,2024-08-11 11:08:56,Billing,Medium,5.0,11.148888888888889
4301,1732,2024-11-21,2024-11-21 21:59:58,Billing,Medium,0.0,21.999444444444446
4302,1198,2024-12-15,2024-12-16 01:42:15,General,Low,4.0,25.704166666666666
4303,4103,2024-02-13,2024-02-13 03:09:20,Billing,Low,4.0,3.1555555555555554
4304,4103,2024-03-26,2024-03-27 04:41:23,Technical,Low,0.0,28.689722222222223
4305,4103,2024-06-09,2024-06-09 21:25:02,General,Medium,3.0,21.41722222222222
4306,2754,2024-06-18,2024-06-18 20:26:47,Billing,Low,3.0,20.44638888888889
4307,2754,2024-10-10,2024-10-11 02:21:53,Technical,Medium,3.0,26.364722222222223
4308,2754,2024-01-11,2024-01-12 05:13:10,Technical,Medium,0.0,29.219444444444445
4309,2754,2024-01-25,2024-01-25 11:29:56,Billing,Medium,0.0,11.498888888888889
4310,62,2024-04-22,,Technical,Medium,0.0,
4311,62,2024-07-23,2024-07-24 06:32:01,General,Low,0.0,30.53361111111111
4312,2087,2024-05-17,2024-05-17 07:39:29,Billing,Medium,3.0,7.658055555555555
4313,2087,2024-08-25,2024-08-25 02:20:57,Technical,High,2.0,2.3491666666666666
4314,2087,2024-09-14,2024-09-15 10:30:20,Technical,Low,0.0,34.50555555555555
4315,2087,2024-05-05,2024-05-05 10:42:27,General,High,2.0,10.7075
4316,621,2024-04-21,2024-04-22 12:07:47,Billing,Medium,4.0,36.12972222222222
4317,621,2024-05-26,2024-05-26 07:03:18,Technical,Low,5.0,7.055
4318,621,2024-01-11,2024-01-11 17:18:54,Billing,Low,0.0,17.315
4319,621,2024-05-18,2024-05-18 06:11:16,Technical,Low,4.0,6.187777777777778
4320,621,2024-11-02,2024-11-02 14:38:09,Billing,Low,3.0,14.635833333333334
4321,2218,2024-04-05,,Billing,High,0.0,
4322,2218,2024-09-17,2024-09-19 04:09:39,Billing,Low,0.0,52.160833333333336
4323,2218,2024-09-22,2024-09-22 22:39:17,Billing,Low,0.0,22.654722222222222
4324,2218,2024-07-23,,Technical,Low,0.0,
4325,2819,2024-01-08,2024-01-09 04:06:14,Billing,Medium,0.0,28.10388888888889
4326,2819,2024-10-11,,Technical,Low,0.0,
4327,2819,2024-03-05,2024-03-05 05:49:29,General,High,2.0,5.824722222222222
4328,2819,2024-09-11,2024-09-11 11:02:13,Technical,High,4.0,11.036944444444444
4329,2819,2024-12-17,2024-12-17 06:28:42,Technical,High,3.0,6.4783333333333335
4330,3682,2024-08-26,,Technical,Medium,0.0,
4331,3682,2024-06-08,2024-06-08 08:39:58,Technical,Medium,4.0,8.66611111111111
4332,3682,2024-10-16,2024-10-16 08:18:55,Technical,Medium,0.0,8.315277777777778
4333,3701,2024-08-05,2024-08-06 01:00:05,General,Low,3.0,25.00138888888889
4334,3701,2024-10-14,2024-10-14 06:25:03,Billing,Low,5.0,6.4175
4335,3701,2024-10-06,,Technical,Low,0.0,
4336,2641,2024-08-23,2024-08-23 11:36:28,Technical,Low,0.0,11.607777777777779
4337,2641,2024-04-10,2024-04-10 21:46:34,Billing,Low,0.0,21.77611111111111
4338,63,2024-08-28,2024-08-28 15:07:00,Technical,Low,5.0,15.116666666666667
4339,63,2024-12-23,2024-12-23 11:57:31,Billing,Medium,4.0,11.95861111111111
4340,63,2024-04-07,,Technical,Medium,0.0,
4341,63,2024-08-09,2024-08-09 11:33:55,Technical,Medium,0.0,11.565277777777778
4342,2470,2024-10-18,2024-10-18 11:49:04,Billing,Medium,0.0,11.817777777777778
4343,2470,2024-11-04,2024-11-04 03:09:28,Billing,High,0.0,3.1577777777777776
4344,2470,2024-07-06,2024-07-08 17:30:57,Billing,Low,4.0,65.51583333333333
4345,2470,2024-10-18,2024-10-19 11:22:37,Billing,Low,4.0,35.37694444444445
4346,2656,2024-06-07,2024-06-07 18:27:18,Technical,Medium,0.0,18.455
4347,2656,2024-08-28,,Billing,Low,0.0,
4348,2656,2024-03-31,2024-03-31 05:30:36,Technical,Low,5.0,5.51
4349,2656,2024-09-21,,Billing,High,0.0,
4350,2656,2024-05-09,2024-05-09 04:29:17,Technical,Low,0.0,4.4880555555555555
4351,1617,2024-06-02,2024-06-02 05:57:23,Technical,Low,5.0,5.956388888888889
4352,1617,2024-02-24,2024-02-25 06:38:29,General,Low,0.0,30.64138888888889
4353,1617,2024-02-26,,Technical,Medium,0.0,
4354,3522,2024-07-05,2024-07-05 05:24:22,Billing,Medium,4.0,5.4061111111111115
4355,3522,2024-12-02,2024-12-02 06:32:39,Technical,Low,5.0,6.5441666666666665
4356,3522,2024-04-24,2024-04-24 01:27:23,General,Low,0.0,1.456388888888889
4357,3522,2024-09-13,2024-09-13 14:56:36,General,High,4.0,14.943333333333333
4358,3522,2024-02-05,,General,Low,0.0,
4359,3143,2024-06-07,,Technical,Low,0.0,
4360,3143,2024-05-26,2024-05-26 15:56:46,Billing,Medium,4.0,15.946111111111112
4361,3143,2024-04-29,,Technical,Medium,0.0,
4362,275,2024-03-24,2024-03-24 20:33:29,Technical,High,4.0,20.558055555555555
4363,275,2024-07-02,,Technical,Low,0.0,
4364,1913,2024-03-04,2024-03-04 23:13:20,Billing,Medium,0.0,23.22222222222222
4365,2232,2024-09-24,2024-09-24 07:24:38,Technical,High,0.0,7.410555555555556
4366,2232,2024-07-23,2024-07-24 09:48:48,Technical,Low,0.0,33.81333333333333
4367,1467,2024-04-16,2024-04-16 23:49:19,Technical,High,0.0,23.821944444444444
4368,1467,2024-12-14,,Technical,Medium,0.0,
4369,1467,2024-01-04,2024-01-04 13:02:48,Technical,High,0.0,13.046666666666667
4370,1467,2024-03-14,,Billing,Low,0.0,
4371,1767,2024-09-11,2024-09-11 05:40:15,Billing,High,4.0,5.670833333333333
4372,4674,2024-07-02,2024-07-02 05:42:43,General,Medium,0.0,5.711944444444445
4373,4674,2024-06-10,2024-06-10 15:45:29,Technical,High,3.0,15.758055555555556
4374,2445,2024-09-23,2024-09-23 07:17:16,General,Medium,5.0,7.2877777777777775
4375,2445,2024-02-10,2024-02-10 06:56:17,Technical,Low,0.0,6.938055555555556
4376,2185,2024-04-19,,Technical,Medium,0.0,
4377,2185,2024-06-28,2024-06-28 14:51:19,Technical,High,4.0,14.855277777777777
4378,2185,2024-08-08,2024-08-08 03:51:58,Technical,Low,2.0,3.866111111111111
4379,2185,2024-06-05,,Billing,Low,0.0,
4380,2185,2024-02-27,2024-02-27 09:22:31,Technical,High,4.0,9.375277777777777
4381,4871,2024-11-27,2024-11-27 10:39:03,Billing,Medium,5.0,10.650833333333333
4382,4871,2024-08-18,2024-08-18 13:15:35,General,High,3.0,13.259722222222223
4383,4871,2024-08-26,2024-08-26 20:37:17,Billing,Low,4.0,20.621388888888887
4384,4871,2024-12-07,2024-12-07 10:21:12,Billing,Medium,4.0,10.353333333333333
4385,3601,2024-06-21,2024-06-21 02:03:47,Technical,Medium,0.0,2.0630555555555556
4386,1424,2024-10-20,2024-10-21 05:34:15,Billing,Medium,0.0,29.570833333333333
4387,1424,2024-10-22,,Technical,Low,0.0,
4388,1424,2024-06-25,2024-06-26 22:15:04,Technical,Medium,0.0,46.25111111111111
4389,1424,2024-03-21,2024-03-21 18:03:41,Billing,Medium,0.0,18.06138888888889
4390,3055,2024-02-24,2024-02-24 18:23:59,General,Low,4.0,18.399722222222223
4391,3055,2024-05-27,,General,Low,0.0,
4392,3055,2024-07-25,2024-07-25 04:41:46,General,Medium,5.0,4.696111111111111
4393,3055,2024-10-12,2024-10-12 06:15:46,General,Medium,5.0,6.262777777777778
4394,4575,2024-06-06,2024-06-07 04:48:24,Technical,High,0.0,28.80666666666667
4395,4575,2024-04-21,,Billing,Low,0.0,
4396,4575,2024-07-20,2024-07-20 15:07:40,Billing,High,2.0,15.127777777777778
4397,4575,2024-10-18,2024-10-18 03:36:32,Technical,Low,4.0,3.608888888888889
4398,10,2024-08-20,2024-08-21 16:26:28,General,Medium,0.0,40.44111111111111
4399,3713,2024-12-03,2024-12-03 04:00:49,General,Low,0.0,4.0136111111111115
4400,3713,2024-07-23,,Billing,Medium,0.0,
4401,4740,2024-01-13,2024-01-13 16:34:15,Technical,Low,5.0,16.570833333333333
4402,4740,2024-05-29,,Technical,High,0.0,
4403,2902,2024-02-20,,General,Low,0.0,
4404,2902,2024-10-07,2024-10-07 05:57:15,General,High,4.0,5.954166666666667
4405,2902,2024-10-03,2024-10-04 11:14:26,Technical,Medium,3.0,35.24055555555555
4406,2902,2024-01-05,2024-01-06 01:11:27,Technical,Low,5.0,25.190833333333334
4407,2902,2024-10-16,2024-10-17 05:18:08,Technical,Low,5.0,29.302222222222223
4408,2613,2024-05-06,2024-05-06 09:17:41,General,Low,4.0,9.294722222222223
4409,2613,2024-06-21,2024-06-22 03:06:16,Technical,Low,0.0,27.104444444444443
4410,2613,2024-11-05,,Technical,Medium,0.0,
4411,709,2024-12-01,2024-12-01 02:39:50,Technical,Low,4.0,2.6638888888888888
4412,709,2024-07-19,2024-07-20 01:20:49,Technical,Low,5.0,25.346944444444443
4413,3274,2024-07-05,2024-07-06 20:49:04,Technical,Medium,4.0,44.81777777777778
4414,4730,2024-05-09,2024-05-09 10:14:09,Technical,Low,5.0,10.235833333333334
4415,4730,2024-04-04,2024-04-04 06:13:36,General,Medium,4.0,6.226666666666667
4416,2023,2024-06-27,2024-06-27 05:58:03,Technical,Low,0.0,5.9675
4417,778,2024-08-05,2024-08-05 04:50:54,Technical,Low,4.0,4.848333333333334
4418,4594,2024-03-31,,Billing,Medium,0.0,
4419,4594,2024-07-02,2024-07-02 03:37:39,Billing,Medium,5.0,3.6275
4420,2097,2024-10-13,,Technical,Low,0.0,
4421,2097,2024-11-26,2024-11-26 23:58:01,Technical,Medium,4.0,23.966944444444444
4422,4241,2024-06-11,2024-06-12 03:12:22,Billing,Medium,0.0,27.20611111111111
4423,4241,2024-05-26,2024-05-26 11:51:36,General,Medium,3.0,11.86
4424,4241,2024-11-25,2024-11-25 20:33:58,Billing,Low,5.0,20.566111111111113
4425,3489,2024-12-17,2024-12-17 22:10:17,Technical,High,2.0,22.171388888888888
4426,3102,2024-07-21,2024-07-22 16:01:47,Technical,High,0.0,40.02972222222222
4427,3311,2024-10-17,2024-10-17 13:39:00,Technical,Low,5.0,13.65
4428,3311,2024-07-10,,Billing,Low,0.0,
4429,3311,2024-03-21,2024-03-21 05:08:14,Technical,High,0.0,5.137222222222222
4430,3311,2024-10-03,2024-10-03 03:20:35,Technical,Low,0.0,3.3430555555555554
4431,3939,2024-12-11,2024-12-11 07:30:37,Technical,Low,0.0,7.510277777777778
4432,3698,2024-10-15,2024-10-15 15:46:05,Technical,Medium,0.0,15.768055555555556
4433,745,2024-05-15,2024-05-15 01:43:34,Billing,Low,0.0,1.7261111111111112
4434,745,2024-10-12,,Technical,Low,0.0,
4435,745,2024-06-08,,Billing,High,0.0,
4436,745,2024-06-25,2024-06-25 11:14:21,Billing,High,3.0,11.239166666666666
4437,745,2024-01-08,2024-01-08 03:03:25,Billing,Low,3.0,3.0569444444444445
4438,4274,2024-04-18,,Billing,Low,0.0,
4439,4337,2024-05-05,2024-05-06 00:56:48,General,High,0.0,24.946666666666665
4440,4337,2024-12-26,2024-12-26 17:02:33,Technical,High,3.0,17.0425
4441,1035,2024-05-22,,Technical,High,0.0,
4442,1035,2024-11-01,2024-11-01 08:43:18,Technical,Medium,4.0,8.721666666666666
4443,1035,2024-08-15,,General,Medium,0.0,
4444,1035,2024-09-16,2024-09-16 01:49:48,Technical,Low,0.0,1.83
4445,3706,2024-07-27,,Billing,Low,0.0,
4446,2288,2024-10-08,,Billing,High,0.0,
4447,2288,2024-08-04,2024-08-05 02:15:46,General,Low,2.0,26.262777777777778
4448,3377,2024-08-15,2024-08-15 05:55:50,General,Low,5.0,5.930555555555555
4449,3377,2024-09-01,2024-09-01 07:55:10,General,Medium,3.0,7.919444444444444
4450,3377,2024-10-11,2024-10-11 18:57:39,Technical,High,4.0,18.960833333333333
4451,3377,2024-04-27,2024-04-27 11:49:40,Billing,Medium,1.0,11.827777777777778
4452,3377,2024-06-11,2024-06-11 09:54:29,Technical,Low,0.0,9.908055555555556
4453,2339,2024-07-19,2024-07-19 21:48:05,Billing,Medium,4.0,21.801388888888887
4454,2339,2024-05-05,2024-05-06 18:03:49,Billing,Low,5.0,42.06361111111111
4455,2339,2024-08-02,2024-08-02 21:54:02,Technical,Low,1.0,21.900555555555556
4456,2339,2024-11-23,2024-11-24 13:57:08,Billing,High,3.0,37.952222222222225
4457,4107,2024-08-23,2024-08-23 11:15:06,Billing,Low,4.0,11.251666666666667
4458,4107,2024-02-29,,Technical,Medium,0.0,
4459,4107,2024-05-31,2024-06-01 00:30:53,General,Medium,4.0,24.514722222222222
4460,1005,2024-03-02,2024-03-04 02:25:11,Billing,Medium,0.0,50.41972222222222
4461,1880,2024-11-05,2024-11-05 05:00:10,Technical,Low,4.0,5.002777777777778
4462,1880,2024-12-08,2024-12-08 04:57:37,Technical,Low,4.0,4.960277777777778
4463,4543,2024-04-13,,Technical,Low,0.0,
4464,4543,2024-06-28,2024-06-29 03:35:08,Billing,Low,0.0,27.585555555555555
4465,4543,2024-02-03,2024-02-03 13:04:16,Technical,Low,3.0,13.071111111111112
4466,4543,2024-07-15,,Billing,Low,0.0,
4467,4543,2024-06-04,,General,Medium,0.0,
4468,4681,2024-11-19,2024-11-19 08:53:18,General,High,0.0,8.888333333333334
4469,4681,2024-02-14,2024-02-14 03:17:59,Technical,Low,5.0,3.299722222222222
4470,4681,2024-09-14,2024-09-14 23:15:30,Billing,Medium,4.0,23.258333333333333
4471,3770,2024-10-31,2024-10-31 04:11:50,Technical,Medium,0.0,4.197222222222222
4472,647,2024-08-05,2024-08-06 00:15:40,Technical,Medium,0.0,24.261111111111113
4473,647,2024-11-15,2024-11-15 21:18:31,Technical,High,4.0,21.308611111111112
4474,647,2024-10-16,2024-10-16 10:27:55,Technical,Medium,3.0,10.465277777777779
4475,647,2024-02-10,2024-02-10 15:29:38,Billing,Low,0.0,15.49388888888889
4476,647,2024-02-23,,General,Medium,0.0,
4477,3097,2024-11-12,2024-11-13 08:45:57,Technical,Medium,5.0,32.76583333333333
4478,3097,2024-07-06,,General,Low,0.0,
4479,3421,2024-10-27,2024-10-28 13:04:58,General,Medium,4.0,37.08277777777778
4480,3421,2024-08-22,2024-08-22 06:13:23,Billing,Low,4.0,6.223055555555556
4481,4138,2024-10-06,2024-10-06 06:53:21,Technical,Medium,4.0,6.889166666666667
4482,4138,2024-03-01,2024-03-01 15:55:52,Technical,Low,5.0,15.931111111111111
4483,4138,2024-06-29,2024-06-30 19:22:43,General,Low,4.0,43.37861111111111
4484,4138,2024-08-06,,Technical,Medium,0.0,
4485,4268,2024-05-24,2024-05-24 06:31:20,General,Low,0.0,6.522222222222222
4486,4458,2024-03-10,,Billing,High,0.0,
4487,3731,2024-09-16,2024-09-16 20:28:15,General,High,0.0,20.470833333333335
4488,3731,2024-06-03,2024-06-03 03:57:30,General,Medium,3.0,3.9583333333333335
4489,3731,2024-03-19,,Technical,High,0.0,
4490,4065,2024-06-12,,Technical,Medium,0.0,
4491,4065,2024-01-12,2024-01-12 09:10:06,Technical,Low,4.0,9.168333333333333
4492,4065,2024-12-21,2024-12-21 13:32:18,Billing,Low,4.0,13.538333333333334
4493,1339,2024-06-24,2024-06-25 03:44:03,Technical,Low,0.0,27.734166666666667
4494,1339,2024-02-23,2024-02-23 14:43:41,Technical,High,3.0,14.728055555555555
4495,3228,2024-06-22,,Billing,Medium,0.0,
4496,3228,2024-09-04,2024-09-04 18:36:36,Technical,Medium,2.0,18.61
4497,2432,2024-12-27,2024-12-27 07:16:13,Billing,Medium,0.0,7.270277777777777
4498,2432,2024-02-16,,Billing,Low,0.0,
4499,2432,2024-12-01,2024-12-01 21:49:10,Technical,Medium,0.0,21.819444444444443
4500,2914,2024-04-05,,Billing,High,0.0,
4501,2914,2024-05-26,,Billing,Low,0.0,
4502,2914,2024-09-14,2024-09-14 06:10:22,Billing,Medium,0.0,6.172777777777778
4503,949,2024-12-21,2024-12-21 06:40:09,Billing,Medium,0.0,6.6691666666666665
4504,949,2024-04-21,,General,Low,0.0,
4505,949,2024-07-18,2024-07-18 08:48:48,Billing,Low,4.0,8.813333333333333
4506,949,2024-06-24,2024-06-24 05:13:51,Technical,Medium,4.0,5.230833333333333
4507,3969,2024-10-04,,General,Low,0.0,
4508,3969,2024-03-05,2024-03-05 13:14:21,Technical,High,0.0,13.239166666666666
4509,3969,2024-07-08,,Technical,Low,0.0,
4510,3969,2024-12-04,2024-12-04 03:06:42,Technical,High,2.0,3.111666666666667
4511,3969,2024-06-07,2024-06-07 10:33:18,Technical,Low,0.0,10.555
4512,4837,2024-03-02,2024-03-02 19:39:53,Technical,Medium,0.0,19.664722222222224
4513,4837,2024-09-25,2024-09-25 12:21:00,Billing,Low,5.0,12.35
4514,4837,2024-06-13,2024-06-13 13:17:42,Technical,Medium,0.0,13.295
4515,4837,2024-08-12,2024-08-12 06:05:39,Technical,Low,0.0,6.094166666666666
4516,4322,2024-12-09,2024-12-09 03:31:38,Billing,Low,3.0,3.527222222222222
4517,380,2024-12-18,2024-12-18 09:45:43,Technical,Medium,5.0,9.761944444444444
4518,380,2024-10-23,2024-10-23 12:37:35,Billing,Low,5.0,12.626388888888888
4519,380,2024-05-22,2024-05-22 15:53:52,Billing,Medium,4.0,15.897777777777778
4520,380,2024-06-16,2024-06-16 11:31:30,Technical,High,0.0,11.525
4521,380,2024-10-30,2024-10-31 02:11:53,Technical,High,0.0,26.198055555555555
4522,2277,2024-08-26,2024-08-26 13:29:59,Technical,Medium,5.0,13.499722222222223
4523,2277,2024-09-18,2024-09-18 08:01:13,General,Medium,4.0,8.020277777777778
4524,2277,2024-01-04,2024-01-04 13:08:06,Technical,Medium,4.0,13.135
4525,2277,2024-04-28,2024-04-28 11:05:17,Technical,Medium,3.0,11.088055555555556
4526,2277,2024-03-29,2024-03-30 13:18:24,General,Low,5.0,37.306666666666665
4527,2063,2024-04-20,2024-04-21 10:50:54,Billing,Low,0.0,34.848333333333336
4528,2063,2024-10-08,2024-10-08 13:55:45,Billing,Low,4.0,13.929166666666667
4529,3120,2024-11-10,2024-11-10 20:47:48,Technical,Medium,5.0,20.796666666666667
4530,3120,2024-08-05,2024-08-05 17:39:12,Billing,Low,5.0,17.653333333333332
4531,3120,2024-08-07,2024-08-07 17:36:41,Technical,Medium,0.0,17.61138888888889
4532,3120,2024-11-18,2024-11-18 19:59:18,General,Medium,4.0,19.988333333333333
4533,4008,2024-01-02,2024-01-02 04:49:29,Technical,Medium,0.0,4.824722222222222
4534,4008,2024-08-16,2024-08-17 13:43:20,Billing,Low,0.0,37.72222222222222
4535,4008,2024-07-01,,General,Medium,0.0,
4536,4008,2024-05-10,2024-05-10 18:43:11,General,High,2.0,18.719722222222224
4537,2666,2024-12-26,2024-12-27 05:53:31,General,Medium,5.0,29.891944444444444
4538,2666,2024-07-11,2024-07-11 06:48:00,Technical,Medium,3.0,6.8
4539,2666,2024-03-16,,General,Low,0.0,
4540,2666,2024-01-05,2024-01-05 23:33:25,Billing,Medium,5.0,23.556944444444444
4541,2666,2024-12-06,2024-12-06 16:56:55,Billing,Medium,0.0,16.948611111111113
4542,2732,2024-02-13,,General,Low,0.0,
4543,2732,2024-03-11,2024-03-11 07:47:30,Technical,High,0.0,7.791666666666667
4544,2732,2024-12-04,2024-12-04 02:54:37,Technical,High,5.0,2.910277777777778
4545,2732,2024-02-02,2024-02-02 17:48:36,Billing,Medium,0.0,17.81
4546,4781,2024-04-01,,General,Low,0.0,
4547,445,2024-09-20,2024-09-20 05:16:44,Technical,Low,5.0,5.278888888888889
4548,2489,2024-03-04,2024-03-04 16:47:37,Billing,High,4.0,16.79361111111111
4549,2489,2024-08-30,,Billing,Medium,0.0,
4550,2489,2024-12-11,2024-12-12 22:14:02,Technical,High,0.0,46.23388888888889
4551,2489,2024-01-24,,General,Low,0.0,
4552,2489,2024-06-01,2024-06-01 15:08:36,Billing,Medium,2.0,15.143333333333333
4553,3372,2024-08-04,2024-08-04 15:26:06,General,Medium,5.0,15.435
4554,1613,2024-05-15,2024-05-15 21:35:31,Technical,Low,5.0,21.591944444444444
4555,1613,2024-04-28,2024-04-28 07:27:12,Technical,High,0.0,7.453333333333333
4556,1613,2024-11-07,,Technical,Medium,0.0,
4557,4059,2024-03-23,2024-03-23 01:19:50,Technical,Medium,0.0,1.3305555555555555
4558,4059,2024-03-15,2024-03-15 21:29:38,Billing,Low,3.0,21.49388888888889
4559,4970,2024-04-10,2024-04-10 12:58:01,Technical,High,2.0,12.966944444444444
4560,4970,2024-07-13,,Technical,Medium,0.0,
4561,370,2024-07-07,2024-07-07 12:16:59,General,Low,3.0,12.283055555555556
4562,370,2024-07-12,2024-07-12 02:03:51,Billing,Medium,1.0,2.0641666666666665
4563,4910,2024-03-10,2024-03-10 22:55:56,Technical,High,0.0,22.932222222222222
4564,4910,2024-04-14,2024-04-14 19:36:28,Billing,Medium,2.0,19.607777777777777
4565,4910,2024-08-15,2024-08-17 03:50:47,Billing,Low,5.0,51.84638888888889
4566,4910,2024-09-28,2024-09-28 20:48:39,Technical,Low,5.0,20.810833333333335
4567,732,2024-01-16,2024-01-16 02:53:50,General,Medium,4.0,2.897222222222222
4568,732,2024-09-20,2024-09-20 16:53:11,Technical,Medium,0.0,16.886388888888888
4569,732,2024-03-25,2024-03-26 15:41:29,General,Medium,0.0,39.69138888888889
4570,732,2024-04-06,2024-04-06 11:20:26,General,Medium,5.0,11.340555555555556
4571,732,2024-03-12,2024-03-12 01:44:31,General,Medium,4.0,1.7419444444444445
4572,3320,2024-01-10,2024-01-10 11:45:35,Technical,Medium,0.0,11.759722222222223
4573,3320,2024-09-09,2024-09-09 13:09:47,Technical,Low,2.0,13.163055555555555
4574,3320,2024-05-05,2024-05-05 08:06:42,General,Low,2.0,8.111666666666666
4575,2567,2024-03-06,2024-03-06 14:18:02,Technical,Low,0.0,14.300555555555556
4576,2567,2024-07-27,2024-07-27 16:52:51,Billing,Low,5.0,16.88083333333333
4577,2567,2024-04-10,,Technical,Medium,0.0,
4578,3529,2024-11-03,,Billing,Medium,0.0,
4579,3529,2024-01-02,2024-01-02 14:38:34,Technical,Medium,4.0,14.642777777777777
4580,4953,2024-05-30,2024-05-30 05:32:04,Billing,Low,0.0,5.5344444444444445
4581,4953,2024-05-14,2024-05-14 13:48:40,Technical,Medium,4.0,13.811111111111112
4582,1966,2024-09-21,2024-09-21 09:23:45,Technical,Medium,4.0,9.395833333333334
4583,1966,2024-01-19,2024-01-19 20:27:08,Billing,Medium,0.0,20.452222222222222
4584,1966,2024-01-22,2024-01-22 16:07:59,General,Low,4.0,16.133055555555554
4585,1966,2024-05-23,2024-05-23 06:43:30,General,High,0.0,6.725
4586,4655,2024-06-08,2024-06-08 00:54:43,General,High,5.0,0.9119444444444444
4587,4655,2024-03-26,2024-03-28 18:15:18,General,Low,5.0,66.255
4588,4655,2024-09-17,2024-09-17 09:24:12,Billing,Low,4.0,9.403333333333334
4589,4655,2024-10-19,2024-10-20 08:58:36,General,Medium,4.0,32.97666666666667
4590,4655,2024-10-26,2024-10-26 12:06:51,Billing,Low,4.0,12.114166666666666
4591,3780,2024-05-23,,General,Medium,0.0,
4592,3780,2024-01-04,2024-01-04 01:24:32,Technical,Low,4.0,1.4088888888888889
4593,3780,2024-06-15,,Technical,Medium,0.0,
4594,3999,2024-07-26,2024-07-27 01:04:03,Billing,Low,5.0,25.0675
4595,3999,2024-08-25,,Technical,Low,0.0,
4596,3999,2024-12-03,2024-12-03 03:22:09,Technical,Low,4.0,3.3691666666666666
4597,3999,2024-04-11,,Technical,Medium,0.0,
4598,3118,2024-09-04,2024-09-04 20:35:55,Billing,High,3.0,20.59861111111111
4599,3118,2024-11-29,,Billing,High,0.0,
4600,3118,2024-10-05,2024-10-05 09:57:03,Billing,Low,5.0,9.950833333333334
4601,3118,2024-04-26,2024-04-26 23:38:32,General,High,3.0,23.642222222222223
4602,3118,2024-05-11,2024-05-11 13:37:45,Technical,Medium,3.0,13.629166666666666
4603,2772,2024-05-28,,Technical,Medium,0.0,
4604,2772,2024-07-10,2024-07-10 08:39:22,Technical,Low,0.0,8.65611111111111
4605,2772,2024-04-13,,Technical,Low,0.0,
4606,2772,2024-07-29,2024-07-29 11:11:04,Technical,High,4.0,11.184444444444445
4607,2772,2024-02-03,,Technical,Low,0.0,
4608,327,2024-12-28,2024-12-28 18:00:20,Billing,Low,1.0,18.005555555555556
4609,327,2024-01-21,2024-01-21 07:52:14,Billing,Medium,5.0,7.870555555555556
4610,327,2024-12-19,,Billing,Low,0.0,
4611,327,2024-02-28,2024-02-29 03:17:19,Technical,Low,3.0,27.288611111111113
4612,3476,2024-05-20,,Technical,Medium,0.0,
4613,3476,2024-06-09,2024-06-09 09:46:37,General,Medium,3.0,9.776944444444444
4614,3476,2024-08-10,2024-08-10 08:29:15,Technical,Medium,0.0,8.4875
4615,896,2024-07-21,2024-07-21 06:20:31,Technical,Medium,2.0,6.341944444444445
4616,743,2024-08-27,2024-08-27 10:28:31,Technical,Low,0.0,10.475277777777778
4617,743,2024-11-07,,Technical,Low,0.0,
4618,743,2024-08-19,2024-08-19 01:11:45,Billing,Medium,0.0,1.1958333333333333
4619,1694,2024-09-27,2024-09-27 14:07:26,Billing,Low,5.0,14.123888888888889
4620,1694,2024-01-28,2024-01-28 11:28:38,Technical,Low,0.0,11.477222222222222
4621,1694,2024-09-21,2024-09-21 08:09:46,Billing,Low,0.0,8.162777777777778
4622,1694,2024-01-27,2024-01-27 05:41:34,Technical,Medium,5.0,5.692777777777778
4623,1821,2024-06-30,,Billing,High,0.0,
4624,1821,2024-02-27,2024-02-27 14:54:45,General,High,5.0,14.9125
4625,1821,2024-03-15,,Technical,Medium,0.0,
4626,942,2024-01-21,,Billing,High,0.0,
4627,4637,2024-04-29,2024-04-29 06:01:56,Technical,Low,5.0,6.032222222222222
4628,4637,2024-03-18,,Billing,Low,0.0,
4629,4637,2024-12-08,2024-12-08 22:34:55,Billing,Low,4.0,22.581944444444446
4630,2750,2024-04-28,2024-04-28 23:21:41,Technical,Low,0.0,23.36138888888889
4631,2750,2024-12-05,2024-12-05 03:11:23,General,Low,0.0,3.189722222222222
4632,2750,2024-09-04,2024-09-04 18:09:50,Technical,Low,0.0,18.163888888888888
4633,2750,2024-07-21,2024-07-21 15:40:27,Technical,Low,4.0,15.674166666666666
4634,27,2024-11-27,,Technical,Medium,0.0,
4635,27,2024-05-17,,Billing,Medium,0.0,
4636,27,2024-11-27,2024-11-27 14:14:12,Technical,Low,3.0,14.236666666666666
4637,119,2024-07-15,2024-07-15 15:06:46,General,Low,5.0,15.112777777777778
4638,119,2024-11-13,,Billing,Low,0.0,
4639,119,2024-09-12,2024-09-12 08:01:45,General,Medium,4.0,8.029166666666667
4640,4822,2024-06-18,,Technical,Medium,0.0,
4641,4822,2024-04-20,2024-04-20 10:54:42,General,Low,0.0,10.911666666666667
4642,4822,2024-08-04,2024-08-04 02:47:27,Billing,Low,5.0,2.7908333333333335
4643,3627,2024-03-06,2024-03-07 09:55:40,Technical,Medium,0.0,33.92777777777778
4644,3627,2024-01-04,,Billing,Low,0.0,
4645,3627,2024-12-25,2024-12-25 13:07:10,Billing,Low,5.0,13.119444444444444
4646,3627,2024-06-04,2024-06-04 06:35:35,Billing,Medium,4.0,6.593055555555556
4647,4218,2024-07-18,2024-07-18 15:34:36,Technical,High,3.0,15.576666666666666
4648,4218,2024-05-18,2024-05-18 05:36:02,Technical,Low,0.0,5.600555555555555
4649,4218,2024-05-20,2024-05-20 18:35:28,Technical,Low,4.0,18.59111111111111
4650,4558,2024-09-06,2024-09-06 15:54:24,Technical,Medium,3.0,15.906666666666666
4651,4558,2024-05-07,2024-05-08 07:00:40,General,Medium,4.0,31.011111111111113
4652,4558,2024-09-03,,General,Low,0.0,
4653,4558,2024-06-14,2024-06-14 12:17:56,Billing,Medium,3.0,12.29888888888889
4654,4558,2024-04-17,2024-04-17 16:09:26,Technical,Medium,0.0,16.157222222222224
4655,1874,2024-05-25,2024-05-25 07:31:08,General,Low,0.0,7.518888888888889
4656,1874,2024-01-19,2024-01-19 14:44:45,Billing,High,2.0,14.745833333333334
4657,1009,2024-04-08,,Technical,Low,0.0,
4658,1009,2024-01-15,2024-01-15 14:06:37,Billing,Low,0.0,14.110277777777778
4659,1009,2024-04-11,,Billing,Low,0.0,
4660,1009,2024-10-15,2024-10-15 08:18:50,Technical,High,3.0,8.313888888888888
4661,4108,2024-05-25,2024-05-25 03:17:55,Technical,Low,0.0,3.298611111111111
4662,4802,2024-07-31,2024-07-31 13:52:35,General,Low,5.0,13.876388888888888
4663,1822,2024-09-02,2024-09-02 22:19:20,Billing,Medium,0.0,22.322222222222223
4664,1822,2024-03-09,2024-03-09 21:40:46,Technical,Low,4.0,21.679444444444446
4665,1271,2024-01-30,2024-01-31 00:23:47,Technical,High,0.0,24.39638888888889
4666,887,2024-11-09,,Technical,Low,0.0,
4667,402,2024-05-09,2024-05-10 03:42:34,Technical,High,3.0,27.709444444444443
4668,402,2024-07-20,2024-07-20 19:27:59,Technical,Low,0.0,19.46638888888889
4669,2061,2024-03-09,2024-03-09 11:06:52,Technical,Low,0.0,11.114444444444445
4670,2061,2024-11-24,2024-11-24 09:43:33,Technical,Medium,5.0,9.725833333333334
4671,2061,2024-10-13,,Technical,Low,0.0,
4672,4757,2024-10-12,2024-10-13 03:39:37,Billing,Low,0.0,27.66027777777778
4673,4757,2024-07-23,,Technical,Low,0.0,
4674,4757,2024-06-01,,Technical,Medium,0.0,
4675,4757,2024-12-24,,Billing,Medium,0.0,
4676,1725,2024-12-12,2024-12-12 04:56:53,Technical,Low,0.0,4.948055555555555
4677,4768,2024-12-23,,General,Low,0.0,
4678,4768,2024-06-06,2024-06-06 04:13:23,Billing,Low,5.0,4.223055555555556
4679,4768,2024-12-12,2024-12-12 04:18:37,General,Low,0.0,4.310277777777777
4680,4768,2024-07-28,2024-07-28 03:36:42,Technical,High,0.0,3.611666666666667
4681,4768,2024-11-27,2024-11-27 09:25:58,Technical,Medium,0.0,9.432777777777778
4682,3956,2024-02-10,2024-02-10 06:15:55,Technical,Medium,4.0,6.2652777777777775
4683,3956,2024-10-21,2024-10-21 16:05:49,Billing,High,0.0,16.096944444444443
4684,1964,2024-10-18,,General,Medium,0.0,
4685,4148,2024-11-16,2024-11-17 05:05:55,Technical,High,4.0,29.09861111111111
4686,301,2024-10-16,2024-10-16 22:17:08,Technical,Medium,0.0,22.285555555555554
4687,301,2024-03-17,2024-03-18 05:14:48,Technical,Low,0.0,29.246666666666666
4688,301,2024-12-05,2024-12-05 02:57:38,General,Low,4.0,2.9605555555555556
4689,301,2024-05-15,2024-05-15 02:28:48,Technical,High,5.0,2.48
4690,1865,2024-09-21,2024-09-21 19:51:00,Technical,Low,0.0,19.85
4691,1865,2024-09-13,2024-09-15 05:11:15,Billing,Medium,0.0,53.1875
4692,1865,2024-10-02,2024-10-02 00:32:58,Technical,Low,4.0,0.5494444444444444
4693,1865,2024-01-29,2024-01-29 04:17:32,Billing,Low,5.0,4.292222222222223
4694,1865,2024-06-22,,General,Medium,0.0,
4695,2522,2024-11-06,2024-11-06 01:37:00,General,High,0.0,1.6166666666666667
4696,2522,2024-08-17,2024-08-17 01:59:39,Technical,Low,0.0,1.9941666666666666
4697,2522,2024-07-22,2024-07-22 08:20:36,Technical,Medium,0.0,8.343333333333334
4698,2522,2024-02-11,2024-02-11 02:23:08,Technical,Low,5.0,2.3855555555555554
4699,4236,2024-05-02,,Technical,High,0.0,
4700,4236,2024-08-07,2024-08-08 13:25:55,Billing,Low,0.0,37.43194444444445
4701,4236,2024-11-22,2024-11-22 11:28:12,General,Low,2.0,11.47
4702,4236,2024-03-27,2024-03-27 20:29:38,Technical,Medium,5.0,20.49388888888889
4703,2834,2024-06-24,2024-06-24 08:01:32,Billing,Low,5.0,8.025555555555556
4704,2834,2024-07-02,,Billing,High,0.0,
4705,1631,2024-09-29,2024-09-29 21:13:21,General,Low,0.0,21.2225
4706,1631,2024-05-25,2024-05-25 04:04:06,Technical,Medium,3.0,4.068333333333333
4707,1631,2024-02-25,2024-02-25 02:11:28,Billing,Medium,0.0,2.1911111111111112
4708,4773,2024-04-17,2024-04-17 22:09:49,General,High,0.0,22.163611111111113
4709,3745,2024-11-25,2024-11-25 09:57:36,Technical,Low,4.0,9.96
4710,3745,2024-06-11,2024-06-11 07:08:49,Technical,Medium,0.0,7.146944444444444
4711,3745,2024-07-16,,Billing,Low,0.0,
4712,3745,2024-08-07,2024-08-07 12:00:06,Technical,Medium,4.0,12.001666666666667
4713,3745,2024-12-01,2024-12-02 09:40:37,Technical,Medium,0.0,33.676944444444445
4714,3798,2024-12-19,2024-12-20 09:21:15,General,Medium,2.0,33.354166666666664
4715,3798,2024-08-16,2024-08-16 16:54:36,Technical,Medium,5.0,16.91
4716,3798,2024-11-08,,Billing,High,0.0,
4717,3798,2024-06-01,,General,Low,0.0,
4718,3798,2024-06-03,2024-06-03 12:52:53,Technical,Medium,0.0,12.881388888888889
4719,311,2024-06-14,,Technical,Low,0.0,
4720,14,2024-09-17,2024-09-18 12:16:00,Billing,Low,3.0,36.266666666666666
4721,14,2024-11-11,2024-11-13 04:07:18,Billing,Medium,3.0,52.12166666666667
4722,1154,2024-04-08,,Technical,Medium,0.0,
4723,1154,2024-09-24,2024-09-24 07:20:38,Billing,Low,4.0,7.3438888888888885
4724,4518,2024-08-25,2024-08-25 12:55:36,Technical,Medium,3.0,12.926666666666666
4725,4518,2024-12-08,2024-12-08 02:32:29,Technical,Medium,4.0,2.5413888888888887
4726,4518,2024-07-02,2024-07-02 04:40:24,Technical,Low,5.0,4.673333333333333
4727,1058,2024-05-31,2024-05-31 02:34:25,Billing,Low,5.0,2.573611111111111
4728,1774,2024-11-11,2024-11-11 13:41:31,Technical,Low,5.0,13.691944444444445
4729,1774,2024-06-01,,Technical,Medium,0.0,
4730,1774,2024-07-05,2024-07-05 14:39:30,General,Medium,4.0,14.658333333333333
4731,1774,2024-06-28,,Billing,Medium,0.0,
4732,1734,2024-04-26,2024-04-27 00:30:41,Technical,Low,5.0,24.511388888888888
4733,1734,2024-05-03,2024-05-03 14:40:08,General,Low,0.0,14.668888888888889
4734,4755,2024-07-07,2024-07-08 11:38:50,General,Low,0.0,35.647222222222226
4735,538,2024-07-12,2024-07-12 14:12:07,General,Low,4.0,14.201944444444445
4736,538,2024-10-18,,Billing,Low,0.0,
4737,538,2024-06-25,,Billing,Low,0.0,
4738,538,2024-03-03,2024-03-04 03:40:57,Technical,Low,4.0,27.6825
4739,538,2024-01-15,2024-01-15 07:32:58,Technical,High,4.0,7.549444444444444
4740,3506,2024-01-12,2024-01-12 06:39:32,General,High,1.0,6.658888888888889
4741,3506,2024-10-13,,Billing,Low,0.0,
4742,3506,2024-07-09,,Technical,Low,0.0,
4743,3506,2024-10-13,,General,Medium,0.0,
4744,249,2024-06-03,2024-06-03 02:23:52,Technical,Low,3.0,2.397777777777778
4745,249,2024-04-02,2024-04-02 16:26:14,Technical,Low,5.0,16.43722222222222
4746,249,2024-07-20,,General,Low,0.0,
4747,249,2024-08-15,2024-08-15 03:52:14,Technical,Low,4.0,3.8705555555555557
4748,3519,2024-07-25,,General,Medium,0.0,
4749,3519,2024-01-14,2024-01-14 18:11:22,General,High,0.0,18.189444444444444
4750,3519,2024-08-30,2024-08-31 03:04:19,Billing,Low,5.0,27.071944444444444
4751,2603,2024-01-14,2024-01-14 16:38:48,Technical,Medium,0.0,16.64666666666667
4752,2603,2024-10-17,2024-10-17 15:23:19,General,Low,5.0,15.38861111111111
4753,2603,2024-09-01,,Billing,Low,0.0,
4754,3007,2024-02-13,2024-02-14 12:21:15,Billing,Low,0.0,36.354166666666664
4755,3007,2024-11-21,2024-11-21 16:51:22,Technical,Medium,4.0,16.85611111111111
4756,3007,2024-09-30,2024-10-01 04:49:29,Billing,Medium,4.0,28.82472222222222
4757,3007,2024-10-05,2024-10-05 12:16:05,General,Low,0.0,12.268055555555556
4758,2912,2024-04-03,,Technical,Low,0.0,
4759,2912,2024-02-01,,Technical,Low,0.0,
4760,4438,2024-03-30,,Billing,Medium,0.0,
4761,4438,2024-08-05,2024-08-05 19:35:10,Technical,Low,5.0,19.586111111111112
4762,2302,2024-10-10,2024-10-11 04:07:57,Billing,Medium,2.0,28.1325
4763,2302,2024-03-28,2024-03-28 02:56:24,General,Low,4.0,2.94
4764,2302,2024-05-20,2024-05-21 00:10:13,Billing,Low,5.0,24.170277777777777
4765,2302,2024-08-24,,Technical,Low,0.0,
4766,2302,2024-01-09,,Technical,Low,0.0,
4767,1044,2024-10-03,2024-10-03 11:47:10,Technical,Medium,4.0,11.786111111111111
4768,827,2024-10-19,2024-10-19 07:20:34,Billing,Medium,0.0,7.342777777777778
4769,827,2024-12-30,2024-12-31 04:10:17,Technical,Medium,0.0,28.171388888888888
4770,827,2024-11-29,2024-11-29 06:37:11,Billing,Medium,0.0,6.619722222222222
4771,827,2024-02-22,,Technical,Low,0.0,
4772,3504,2024-03-14,,Billing,High,0.0,
4773,3504,2024-11-23,2024-11-24 21:34:23,Billing,High,4.0,45.573055555555555
4774,3504,2024-07-17,2024-07-17 09:04:02,General,Medium,5.0,9.067222222222222
4775,265,2024-02-11,2024-02-11 03:37:19,Technical,Medium,4.0,3.6219444444444444
4776,265,2024-10-09,2024-10-09 10:58:43,Billing,Medium,0.0,10.97861111111111
4777,480,2024-03-01,,Technical,Medium,0.0,
4778,480,2024-05-08,2024-05-08 04:49:09,General,Low,5.0,4.819166666666667
4779,480,2024-03-19,2024-03-19 16:14:04,Technical,Low,0.0,16.234444444444446
4780,480,2024-04-23,2024-04-23 11:58:51,Billing,Medium,5.0,11.980833333333333
4781,2268,2024-01-15,2024-01-15 13:44:23,Technical,Low,5.0,13.739722222222222
4782,2268,2024-11-27,2024-11-27 19:51:29,General,Medium,5.0,19.858055555555556
4783,2268,2024-11-23,2024-11-23 19:27:50,Billing,Low,4.0,19.46388888888889
4784,2268,2024-08-21,2024-08-21 23:05:41,Billing,Low,0.0,23.094722222222224
4785,4314,2024-10-28,2024-10-28 18:29:05,Technical,Medium,3.0,18.48472222222222
4786,4314,2024-10-12,,General,Medium,0.0,
4787,4314,2024-11-04,2024-11-04 18:19:02,Technical,Medium,0.0,18.317222222222224
4788,4314,2024-06-04,2024-06-05 00:58:25,Billing,High,0.0,24.97361111111111
4789,4314,2024-08-11,2024-08-12 05:38:22,Billing,Medium,4.0,29.639444444444443
4790,716,2024-11-15,2024-11-15 12:25:00,Technical,Medium,5.0,12.416666666666666
4791,716,2024-09-06,2024-09-06 04:27:48,General,Medium,5.0,4.463333333333333
4792,399,2024-09-03,2024-09-03 11:02:06,Billing,Medium,0.0,11.035
4793,935,2024-02-29,2024-03-01 00:36:08,Billing,Medium,3.0,24.602222222222224
4794,935,2024-02-17,2024-02-17 05:31:09,General,Low,5.0,5.519166666666667
4795,935,2024-01-01,,General,Low,0.0,
4796,3408,2024-07-08,2024-07-08 12:08:00,Technical,Medium,4.0,12.133333333333333
4797,3408,2024-07-15,2024-07-15 09:30:34,Technical,Low,2.0,9.509444444444444
4798,577,2024-06-16,2024-06-16 04:38:29,Technical,High,0.0,4.641388888888889
4799,577,2024-03-15,2024-03-15 13:02:09,Technical,Low,4.0,13.035833333333333
4800,577,2024-07-25,2024-07-25 17:33:31,Technical,Low,3.0,17.558611111111112
4801,577,2024-07-05,,Technical,Low,0.0,
4802,1857,2024-04-02,2024-04-02 08:04:17,Billing,Medium,0.0,8.071388888888889
4803,1857,2024-12-28,,Technical,Medium,0.0,
4804,1857,2024-06-26,,Technical,Medium,0.0,
4805,1857,2024-04-24,,General,Low,0.0,
4806,1982,2024-07-17,2024-07-18 08:22:54,Technical,Medium,3.0,32.38166666666667
4807,3186,2024-01-12,2024-01-13 04:41:39,General,Low,4.0,28.694166666666668
4808,3186,2024-10-23,2024-10-23 12:21:31,Technical,High,4.0,12.358611111111111
4809,3186,2024-02-28,2024-02-28 11:47:17,Technical,Low,2.0,11.788055555555555
4810,2066,2024-11-26,2024-11-26 09:15:52,Billing,Low,4.0,9.264444444444445
4811,2066,2024-10-03,2024-10-03 08:22:46,Technical,Medium,0.0,8.379444444444445
4812,2066,2024-08-24,2024-08-24 02:53:50,Billing,High,5.0,2.897222222222222
4813,4772,2024-07-19,2024-07-19 08:29:26,Technical,Low,0.0,8.490555555555556
4814,4772,2024-11-18,2024-11-18 18:08:12,Technical,Low,0.0,18.136666666666667
4815,4772,2024-11-16,,Billing,High,0.0,
4816,4772,2024-12-15,2024-12-15 03:46:11,General,Low,5.0,3.769722222222222
4817,4772,2024-07-22,2024-07-22 12:58:38,General,High,4.0,12.977222222222222
4818,3913,2024-03-15,2024-03-15 01:20:15,Technical,Low,5.0,1.3375
4819,1756,2024-06-21,,Technical,Low,0.0,
4820,1756,2024-08-07,2024-08-07 08:54:30,General,Low,4.0,8.908333333333333
4821,1756,2024-12-15,2024-12-15 11:03:53,Billing,Low,4.0,11.064722222222223
4822,1756,2024-07-07,,Technical,Low,0.0,
4823,1756,2024-12-19,2024-12-19 05:54:08,Technical,High,3.0,5.902222222222222
4824,3563,2024-01-30,2024-01-30 17:59:22,Technical,Medium,0.0,17.989444444444445
4825,3563,2024-10-12,2024-10-12 02:36:13,Technical,Low,4.0,2.6036111111111113
4826,4443,2024-03-03,,General,Low,0.0,
4827,4443,2024-11-12,2024-11-12 03:07:00,Technical,Low,4.0,3.1166666666666667
4828,4443,2024-01-03,2024-01-03 04:35:47,General,Low,4.0,4.596388888888889
4829,2391,2024-06-11,2024-06-11 07:42:52,Technical,Medium,0.0,7.714444444444444
4830,2391,2024-06-01,2024-06-01 07:35:55,Technical,Low,4.0,7.598611111111111
4831,4099,2024-04-10,2024-04-10 22:59:13,General,Low,0.0,22.986944444444443
4832,641,2024-11-04,2024-11-04 04:05:47,General,High,0.0,4.096388888888889
4833,412,2024-11-06,2024-11-06 05:54:14,Billing,Low,4.0,5.903888888888889
4834,412,2024-11-24,2024-11-24 11:47:23,Technical,Medium,2.0,11.789722222222222
4835,412,2024-03-13,2024-03-13 02:14:21,Billing,Medium,0.0,2.2391666666666667
4836,412,2024-07-13,,General,Low,0.0,
4837,1192,2024-09-09,2024-09-09 10:40:16,Billing,Medium,0.0,10.671111111111111
4838,1192,2024-11-17,2024-11-17 05:41:31,General,Low,5.0,5.691944444444444
4839,149,2024-01-20,,Technical,Low,0.0,
4840,149,2024-04-17,,Technical,Medium,0.0,
4841,149,2024-11-15,2024-11-17 03:06:47,Billing,Low,4.0,51.113055555555555
4842,149,2024-08-25,2024-08-25 07:08:38,Technical,Low,0.0,7.143888888888889
4843,3099,2024-06-29,2024-06-29 13:16:38,Technical,Low,5.0,13.277222222222223
4844,1961,2024-09-05,2024-09-06 18:25:10,Billing,Low,0.0,42.419444444444444
4845,1961,2024-09-15,,Billing,Medium,0.0,
4846,2055,2024-10-22,2024-10-22 15:41:39,Technical,Medium,3.0,15.694166666666666
4847,2055,2024-10-16,2024-10-16 05:06:44,Technical,Medium,2.0,5.112222222222222
4848,2055,2024-10-26,,Technical,Medium,0.0,
4849,2055,2024-11-18,2024-11-18 16:43:33,Technical,Low,0.0,16.725833333333334
4850,1485,2024-07-06,2024-07-06 12:09:29,Technical,Medium,4.0,12.158055555555556
4851,1485,2024-09-05,2024-09-05 08:22:23,Billing,Medium,0.0,8.373055555555556
4852,4803,2024-06-15,2024-06-15 23:44:57,Billing,Medium,0.0,23.749166666666667
4853,4803,2024-04-19,2024-04-19 18:22:35,Technical,Low,5.0,18.37638888888889
4854,1920,2024-08-01,,General,Medium,0.0,
4855,1920,2024-12-01,2024-12-01 15:07:48,Technical,Medium,0.0,15.13
4856,4649,2024-04-19,2024-04-19 10:24:13,Technical,Medium,4.0,10.403611111111111
4857,4649,2024-07-20,2024-07-20 05:19:41,Technical,High,3.0,5.328055555555555
4858,3457,2024-09-22,2024-09-22 04:43:40,General,High,2.0,4.727777777777778
4859,2027,2024-05-19,,Technical,Low,0.0,
4860,2027,2024-05-30,,Billing,High,0.0,
4861,2027,2024-01-15,2024-01-15 21:53:46,Technical,High,0.0,21.89611111111111
4862,2027,2024-12-18,2024-12-20 14:37:53,Technical,High,2.0,62.631388888888885
4863,1612,2024-03-03,2024-03-04 09:06:16,Technical,Low,4.0,33.10444444444445
4864,1612,2024-11-06,2024-11-06 05:08:14,General,Medium,0.0,5.137222222222222
4865,1612,2024-11-02,2024-11-03 13:17:03,Technical,Low,0.0,37.284166666666664
4866,1612,2024-04-15,2024-04-16 23:20:07,Billing,Low,0.0,47.335277777777776
4867,559,2024-03-29,2024-03-29 08:47:14,Technical,Low,0.0,8.787222222222223
4868,559,2024-04-29,2024-04-29 07:17:16,General,Medium,0.0,7.2877777777777775
4869,559,2024-10-09,,Billing,Low,0.0,
4870,559,2024-07-22,2024-07-22 13:19:48,Technical,Medium,2.0,13.33
4871,2015,2024-06-05,2024-06-05 07:33:27,Technical,Low,4.0,7.5575
4872,2015,2024-12-17,2024-12-17 07:35:11,Billing,Low,5.0,7.586388888888889
4873,4643,2024-03-11,,Technical,Low,0.0,
4874,4948,2024-10-29,2024-11-01 01:58:12,Billing,Low,0.0,73.97
4875,4948,2024-01-29,2024-01-30 00:21:56,Billing,Low,4.0,24.365555555555556
4876,4948,2024-03-30,2024-03-30 04:08:30,Technical,Medium,2.0,4.141666666666667
4877,4948,2024-09-02,2024-09-02 23:27:24,Billing,Medium,5.0,23.456666666666667
4878,4948,2024-04-15,2024-04-15 11:38:15,Technical,Medium,0.0,11.6375
4879,3878,2024-02-24,2024-02-24 17:57:52,Technical,Low,0.0,17.964444444444446
4880,1705,2024-10-26,2024-10-26 18:31:02,Technical,Medium,0.0,18.517222222222223
4881,1705,2024-02-19,2024-02-20 01:36:56,Billing,Low,4.0,25.615555555555556
4882,3337,2024-01-20,2024-01-20 16:36:59,Billing,Low,5.0,16.61638888888889
4883,3337,2024-10-06,2024-10-07 03:51:23,Billing,Low,5.0,27.85638888888889
4884,3337,2024-12-09,,Technical,Low,0.0,
4885,3337,2024-12-30,,Technical,Low,0.0,
4886,1346,2024-08-21,,Billing,Medium,0.0,
4887,850,2024-04-23,,Technical,Medium,0.0,
4888,850,2024-04-03,2024-04-04 10:29:52,Technical,High,1.0,34.49777777777778
4889,850,2024-02-16,2024-02-16 04:23:12,Technical,Medium,5.0,4.386666666666667
4890,850,2024-10-11,2024-10-11 10:16:14,Billing,Low,4.0,10.270555555555555
4891,850,2024-10-25,2024-10-25 06:25:39,Technical,Low,0.0,6.4275
4892,1973,2024-05-29,,General,Low,0.0,
4893,1056,2024-10-08,2024-10-09 04:21:32,General,Medium,4.0,28.358888888888888
4894,1056,2024-09-21,2024-09-22 11:01:38,General,Low,0.0,35.02722222222222
4895,1056,2024-02-01,2024-02-01 10:20:49,Technical,Low,5.0,10.346944444444444
4896,1056,2024-02-12,2024-02-13 17:01:38,Billing,Low,4.0,41.02722222222222
4897,1056,2024-08-11,,Billing,High,0.0,
4898,194,2024-01-27,2024-01-27 08:26:09,Technical,Low,0.0,8.435833333333333
4899,194,2024-02-08,2024-02-08 20:03:18,Billing,Medium,2.0,20.055
4900,194,2024-06-07,2024-06-08 02:57:27,Billing,Low,0.0,26.9575
4901,194,2024-09-24,,Technical,Medium,0.0,
4902,194,2024-05-23,2024-05-23 07:03:14,Technical,Low,0.0,7.053888888888889
4903,1807,2024-09-04,2024-09-04 08:35:05,Billing,Medium,5.0,8.584722222222222
4904,190,2024-03-11,2024-03-11 09:37:52,Technical,Low,0.0,9.63111111111111
4905,190,2024-06-10,,Technical,Medium,0.0,
4906,1779,2024-09-28,2024-09-28 08:07:09,General,Medium,0.0,8.119166666666667
4907,1779,2024-10-07,,General,Medium,0.0,
4908,4764,2024-01-06,2024-01-06 05:28:02,Technical,High,4.0,5.467222222222222
4909,4764,2024-01-23,2024-01-23 22:49:34,Billing,High,2.0,22.82611111111111
4910,4764,2024-01-11,2024-01-13 16:07:26,Billing,High,0.0,64.12388888888889
4911,4764,2024-08-10,2024-08-10 14:18:37,Technical,High,0.0,14.310277777777777
4912,4764,2024-06-04,2024-06-04 15:14:49,Technical,Medium,4.0,15.246944444444445
4913,4617,2024-08-20,,Billing,Low,0.0,
4914,4810,2024-06-11,2024-06-11 12:40:37,Technical,Low,3.0,12.676944444444445
4915,1431,2024-05-28,2024-05-28 04:43:45,General,High,0.0,4.729166666666667
4916,1431,2024-03-17,2024-03-17 05:33:04,Technical,Medium,4.0,5.551111111111111
4917,1431,2024-10-21,2024-10-21 14:04:47,Billing,High,4.0,14.079722222222221
4918,1431,2024-06-27,2024-06-27 17:58:07,Technical,Medium,0.0,17.968611111111112
4919,1431,2024-11-22,2024-11-22 05:24:18,General,Low,5.0,5.405
4920,3603,2024-10-06,2024-10-06 09:42:21,Billing,Low,4.0,9.705833333333333
4921,1965,2024-08-14,2024-08-14 12:46:16,Billing,Low,4.0,12.77111111111111
4922,1965,2024-12-24,2024-12-24 16:37:31,Technical,Medium,5.0,16.62527777777778
4923,1965,2024-01-14,2024-01-14 04:56:16,Billing,Medium,4.0,4.937777777777778
4924,1159,2024-08-09,2024-08-09 08:23:14,General,Medium,1.0,8.387222222222222
4925,1159,2024-05-10,2024-05-10 06:19:08,Billing,High,2.0,6.318888888888889
4926,1159,2024-04-11,2024-04-11 03:57:06,General,Low,0.0,3.9516666666666667
4927,1159,2024-10-04,,Technical,Low,0.0,
4928,210,2024-06-30,2024-06-30 02:20:43,Billing,Low,4.0,2.3452777777777776
4929,210,2024-10-14,2024-10-14 16:39:02,Technical,Medium,0.0,16.650555555555556
4930,210,2024-09-05,2024-09-05 08:46:12,Technical,High,3.0,8.77
4931,210,2024-03-13,,Technical,Medium,0.0,
4932,210,2024-01-21,,Technical,Low,0.0,
4933,2238,2024-05-06,2024-05-06 12:34:38,Technical,Low,0.0,12.577222222222222
4934,2238,2024-07-12,,Technical,Medium,0.0,
4935,2238,2024-09-17,2024-09-17 14:21:33,Technical,Medium,0.0,14.359166666666667
4936,2238,2024-08-31,2024-08-31 13:25:20,Technical,High,2.0,13.422222222222222
4937,3951,2024-11-25,2024-11-25 11:57:48,Technical,Medium,0.0,11.963333333333333
4938,3951,2024-05-15,2024-05-15 06:26:55,Billing,Medium,0.0,6.448611111111111
4939,3951,2024-01-19,2024-01-19 14:21:58,Billing,Medium,0.0,14.366111111111111
4940,1358,2024-10-29,,Technical,Medium,0.0,
4941,1358,2024-11-15,2024-11-15 03:20:22,Technical,Low,5.0,3.3394444444444447
4942,1358,2024-04-16,2024-04-17 17:51:50,Billing,Low,5.0,41.86388888888889
4943,1358,2024-09-04,,Technical,High,0.0,
4944,3767,2024-01-27,,General,High,0.0,
4945,2459,2024-10-13,2024-10-13 10:06:20,Billing,Low,4.0,10.105555555555556
4946,2459,2024-09-18,2024-09-19 11:43:54,Technical,Low,5.0,35.73166666666667
4947,2459,2024-11-30,2024-11-30 03:29:56,Technical,Low,1.0,3.4988888888888887
4948,2459,2024-10-12,2024-10-12 23:47:09,Technical,Medium,5.0,23.785833333333333
4949,4998,2024-08-24,,Billing,High,0.0,
4950,4998,2024-01-01,,Billing,Low,0.0,
4951,2411,2024-04-29,,Billing,Low,0.0,
4952,2411,2024-10-12,2024-10-13 08:13:49,General,High,0.0,32.23027777777778
4953,2411,2024-05-21,2024-05-22 12:55:24,Technical,Low,4.0,36.92333333333333
4954,2411,2024-11-19,2024-11-19 03:57:27,Technical,Low,3.0,3.9575
4955,2411,2024-12-16,,Technical,Low,0.0,
4956,2250,2024-08-19,,Technical,Medium,0.0,
4957,2250,2024-08-08,2024-08-08 10:35:43,General,Medium,2.0,10.595277777777778
4958,1686,2024-10-30,2024-10-30 23:42:14,Technical,Low,0.0,23.70388888888889
4959,1686,2024-03-13,,Technical,Medium,0.0,
4960,1686,2024-07-13,,Technical,High,0.0,
4961,1686,2024-10-13,,Billing,Low,0.0,
4962,502,2024-07-12,2024-07-12 11:31:21,General,Low,5.0,11.5225
4963,815,2024-06-10,2024-06-10 21:31:40,General,Low,1.0,21.52777777777778
4964,815,2024-05-14,2024-05-14 04:43:48,Billing,Low,4.0,4.73
4965,815,2024-06-03,2024-06-03 08:08:35,Technical,Low,5.0,8.143055555555556
4966,815,2024-11-27,2024-11-28 08:22:53,Billing,High,3.0,32.381388888888885
4967,2993,2024-07-02,2024-07-02 17:35:10,Billing,High,0.0,17.586111111111112
4968,2993,2024-05-05,2024-05-05 11:47:13,Technical,High,2.0,11.786944444444444
4969,2993,2024-12-27,2024-12-27 07:59:59,General,Medium,4.0,7.999722222222222
4970,4383,2024-01-16,2024-01-17 08:15:28,Billing,High,2.0,32.257777777777775
4971,4383,2024-07-07,2024-07-07 16:33:25,Technical,Medium,0.0,16.556944444444444
4972,4383,2024-01-08,2024-01-08 09:22:18,General,Low,5.0,9.371666666666666
4973,1542,2024-04-29,,General,Medium,0.0,
4974,3071,2024-08-22,2024-08-22 14:01:00,General,Low,5.0,14.016666666666667
4975,3071,2024-09-24,,Technical,High,0.0,
4976,3071,2024-12-20,,Billing,High,0.0,
4977,3071,2024-02-16,2024-02-16 09:30:57,Billing,Low,3.0,9.515833333333333
4978,3071,2024-06-04,2024-06-04 11:07:49,Technical,Low,5.0,11.130277777777778
4979,3448,2024-01-11,2024-01-11 01:48:56,Billing,Low,5.0,1.8155555555555556
4980,3448,2024-08-29,2024-08-29 14:41:21,General,High,4.0,14.689166666666667
4981,3013,2024-05-24,2024-05-24 06:03:15,Billing,Medium,0.0,6.054166666666666
4982,3013,2024-08-26,2024-08-26 21:27:28,Billing,High,0.0,21.45777777777778
4983,229,2024-11-28,,General,Medium,0.0,
4984,1070,2024-05-26,2024-05-26 19:47:51,Technical,Low,4.0,19.7975
4985,1070,2024-04-19,2024-04-20 11:44:49,Technical,Low,5.0,35.746944444444445
4986,1070,2024-03-10,2024-03-11 04:17:06,General,Low,5.0,28.285
4987,4564,2024-09-18,2024-09-19 15:11:47,Technical,High,0.0,39.19638888888889
4988,1171,2024-05-19,2024-05-20 00:15:47,General,Low,4.0,24.263055555555557
4989,4315,2024-06-16,2024-06-17 04:14:24,General,Low,3.0,28.24
4990,4315,2024-11-24,2024-11-24 20:31:03,Technical,Medium,3.0,20.5175
4991,4315,2024-04-14,2024-04-14 05:43:42,Billing,High,1.0,5.7283333333333335
4992,4315,2024-07-21,2024-07-21 01:25:04,Technical,Medium,0.0,1.4177777777777778
4993,4315,2024-05-21,2024-05-21 16:16:28,Technical,Medium,3.0,16.274444444444445
4994,4838,2024-01-28,2024-01-28 02:01:49,General,Low,3.0,2.0302777777777776
4995,4838,2024-09-17,2024-09-17 11:40:15,Technical,High,1.0,11.670833333333333
4996,4504,2024-01-17,,General,Medium,0.0,
4997,4504,2024-01-11,2024-01-11 06:39:18,Billing,Medium,3.0,6.655
4998,4504,2024-02-23,2024-02-23 08:23:17,General,Medium,4.0,8.388055555555555
4999,4504,2024-03-17,,Technical,Low,0.0,
5000,914,2024-10-23,,General,Medium,0.0,
5001,914,2024-12-10,2024-12-11 06:40:53,Technical,Medium,2.0,30.68138888888889
5002,914,2024-02-02,2024-02-02 17:22:42,Billing,Low,4.0,17.378333333333334
5003,2671,2024-02-29,2024-02-29 18:59:41,General,Medium,0.0,18.994722222222222
5004,2643,2024-05-27,2024-05-27 14:45:04,Technical,Low,0.0,14.751111111111111
5005,884,2024-03-16,2024-03-16 20:53:03,Billing,High,0.0,20.884166666666665
5006,884,2024-03-27,,Technical,Medium,0.0,
5007,884,2024-09-23,2024-09-24 04:02:28,Billing,Low,0.0,28.04111111111111
5008,2931,2024-08-26,2024-08-27 22:10:18,Technical,Medium,1.0,46.17166666666667
5009,2931,2024-01-08,2024-01-08 07:09:32,General,High,0.0,7.158888888888889
5010,2931,2024-06-15,2024-06-15 20:13:29,Billing,Low,2.0,20.224722222222223
5011,2931,2024-12-02,2024-12-02 03:25:56,Technical,Low,0.0,3.4322222222222223
5012,2931,2024-04-14,2024-04-14 16:26:20,Technical,Medium,0.0,16.43888888888889
5013,3219,2024-04-03,2024-04-03 14:17:23,Billing,Medium,4.0,14.289722222222222
5014,2487,2024-04-25,2024-04-25 11:33:43,Billing,Medium,3.0,11.561944444444444
5015,696,2024-09-23,2024-09-24 11:54:29,Technical,High,0.0,35.908055555555556
5016,696,2024-05-18,2024-05-18 15:18:15,Technical,Low,4.0,15.304166666666667
5017,4393,2024-11-09,2024-11-09 03:27:31,Technical,Medium,0.0,3.4586111111111113
5018,2528,2024-01-12,2024-01-13 21:47:33,General,Medium,0.0,45.7925
5019,2528,2024-04-24,2024-04-24 10:55:12,Technical,Low,4.0,10.92
5020,2528,2024-10-17,2024-10-17 19:30:42,Technical,High,3.0,19.511666666666667
5021,2528,2024-10-24,2024-10-24 18:31:05,Technical,Low,0.0,18.518055555555556
5022,2528,2024-06-10,2024-06-11 11:50:55,Technical,Low,3.0,35.84861111111111
5023,661,2024-03-21,,Technical,Low,0.0,
5024,661,2024-12-18,2024-12-18 18:07:01,Billing,Medium,4.0,18.116944444444446
5025,661,2024-07-26,2024-07-26 14:12:26,General,Medium,0.0,14.207222222222223
5026,1750,2024-01-26,2024-01-26 22:18:51,Billing,Medium,5.0,22.314166666666665
5027,230,2024-08-17,2024-08-17 13:49:34,Technical,Low,5.0,13.82611111111111
5028,342,2024-08-10,2024-08-11 08:26:15,Technical,Low,0.0,32.4375
5029,4645,2024-03-28,,General,Low,0.0,
5030,2483,2024-05-04,2024-05-04 04:27:58,Technical,Medium,2.0,4.466111111111111
5031,2233,2024-05-12,2024-05-12 14:11:22,Billing,Low,3.0,14.189444444444444
5032,2233,2024-11-21,2024-11-22 15:02:57,Technical,Medium,0.0,39.049166666666665
5033,2233,2024-02-25,2024-02-26 21:02:30,Technical,Low,0.0,45.041666666666664
5034,4204,2024-03-25,2024-03-25 08:34:53,Billing,Medium,0.0,8.581388888888888
5035,4204,2024-08-24,2024-08-25 06:47:32,Technical,Low,4.0,30.79222222222222
5036,4204,2024-02-26,2024-02-26 16:56:44,Technical,Low,0.0,16.945555555555554
5037,2769,2024-09-14,2024-09-15 00:13:11,Technical,Low,3.0,24.219722222222224
5038,2769,2024-10-05,2024-10-05 14:41:40,Billing,Medium,4.0,14.694444444444445
5039,2769,2024-11-07,,Technical,Low,0.0,
5040,2769,2024-05-02,2024-05-02 03:28:09,Billing,Medium,3.0,3.4691666666666667
5041,4407,2024-08-20,2024-08-20 04:39:30,Billing,Low,0.0,4.658333333333333
5042,4407,2024-02-26,2024-02-26 05:14:58,Billing,Low,4.0,5.249444444444444
5043,2083,2024-11-24,2024-11-25 04:01:38,Billing,Medium,0.0,28.02722222222222
5044,2083,2024-09-01,2024-09-02 04:59:28,Billing,Low,0.0,28.99111111111111
5045,4938,2024-07-29,2024-07-29 04:57:56,Billing,Low,0.0,4.9655555555555555
5046,4938,2024-02-17,2024-02-17 10:07:27,Technical,Low,4.0,10.124166666666667
5047,4938,2024-07-29,2024-07-29 06:44:07,Technical,High,1.0,6.735277777777778
5048,1808,2024-10-27,2024-10-27 04:48:29,Technical,Medium,5.0,4.808055555555556
5049,1808,2024-01-25,2024-01-26 18:23:58,Technical,Low,0.0,42.39944444444444
5050,1808,2024-02-22,2024-02-22 10:03:59,General,Medium,0.0,10.06638888888889
5051,4325,2024-07-03,,Technical,High,0.0,
5052,4325,2024-04-28,2024-04-28 22:17:25,Technical,High,1.0,22.290277777777778
5053,4325,2024-01-17,2024-01-17 08:58:21,Technical,Medium,0.0,8.9725
5054,4325,2024-02-26,2024-02-26 06:42:31,Billing,High,0.0,6.708611111111111
5055,4541,2024-11-07,2024-11-07 07:30:16,Billing,Medium,0.0,7.504444444444444
5056,4541,2024-11-02,2024-11-02 06:26:42,Billing,Low,4.0,6.445
5057,4541,2024-12-20,,Technical,Low,0.0,
5058,4541,2024-01-20,,Technical,Low,0.0,
5059,172,2024-06-07,2024-06-07 16:33:54,Billing,Low,4.0,16.565
5060,172,2024-06-08,2024-06-08 23:22:47,General,Low,0.0,23.379722222222224
5061,172,2024-11-02,2024-11-03 03:09:27,General,Low,0.0,27.1575
5062,172,2024-12-12,2024-12-12 15:16:00,Technical,Low,0.0,15.266666666666667
5063,3362,2024-08-31,,Technical,Medium,0.0,
5064,3362,2024-12-26,2024-12-26 10:34:25,Technical,High,5.0,10.573611111111111
5065,861,2024-12-18,2024-12-18 17:43:06,Technical,Medium,3.0,17.718333333333334
5066,861,2024-09-05,2024-09-05 03:21:33,General,High,3.0,3.359166666666667
5067,1533,2024-09-23,2024-09-23 02:59:21,Billing,High,4.0,2.9891666666666667
5068,1533,2024-09-14,2024-09-14 18:54:24,Technical,High,0.0,18.906666666666666
5069,1533,2024-11-14,2024-11-14 19:29:10,Billing,Low,4.0,19.48611111111111
5070,713,2024-06-10,2024-06-10 19:59:00,Billing,Low,5.0,19.983333333333334
5071,713,2024-01-13,2024-01-13 04:58:55,Technical,Medium,0.0,4.981944444444444
5072,713,2024-06-23,2024-06-24 03:06:48,General,Medium,0.0,27.113333333333333
5073,713,2024-11-23,,Billing,Low,0.0,
5074,713,2024-07-27,2024-07-27 17:09:31,Technical,Medium,0.0,17.15861111111111
5075,1646,2024-12-10,2024-12-10 05:54:33,General,High,0.0,5.909166666666667
5076,1646,2024-11-16,2024-11-16 10:20:01,Billing,Low,3.0,10.33361111111111
5077,1087,2024-11-30,2024-11-30 17:37:35,Billing,Medium,4.0,17.62638888888889
5078,1087,2024-10-17,2024-10-18 02:36:53,General,Medium,5.0,26.614722222222223
5079,1087,2024-04-01,2024-04-01 14:17:21,Technical,Medium,0.0,14.289166666666667
5080,1087,2024-10-22,2024-10-22 21:48:45,General,High,0.0,21.8125
5081,3802,2024-08-15,2024-08-15 21:46:34,General,High,3.0,21.77611111111111
5082,3760,2024-04-04,2024-04-05 05:09:47,Billing,Medium,0.0,29.163055555555555
5083,3760,2024-01-29,2024-01-30 02:00:57,Technical,Low,0.0,26.015833333333333
5084,3760,2024-12-20,,General,Low,0.0,
5085,3760,2024-06-17,2024-06-17 12:32:33,Technical,Medium,5.0,12.5425
5086,3760,2024-09-04,2024-09-04 23:21:23,Technical,High,1.0,23.35638888888889
5087,2617,2024-12-07,2024-12-07 03:31:40,General,Low,5.0,3.5277777777777777
5088,2617,2024-09-27,2024-09-27 04:49:00,Billing,Low,0.0,4.816666666666666
5089,2617,2024-08-05,2024-08-05 05:36:36,Technical,High,5.0,5.61
5090,2617,2024-06-02,2024-06-02 09:10:28,Technical,High,3.0,9.174444444444445
5091,3636,2024-03-26,2024-03-27 02:41:40,Technical,Low,0.0,26.694444444444443
5092,2872,2024-03-24,2024-03-24 09:51:24,Technical,Low,0.0,9.856666666666667
5093,2872,2024-03-19,2024-03-19 04:20:10,Billing,Medium,5.0,4.336111111111111
5094,2872,2024-01-01,2024-01-01 16:11:03,Technical,Low,0.0,16.184166666666666
5095,2872,2024-09-24,2024-09-24 12:20:31,Technical,High,3.0,12.341944444444444
5096,4411,2024-01-06,,Technical,Low,0.0,
5097,4353,2024-06-19,2024-06-19 13:01:00,Technical,High,0.0,13.016666666666667
5098,4353,2024-04-24,,General,Low,0.0,
5099,4353,2024-08-21,2024-08-21 02:07:01,Technical,Low,0.0,2.1169444444444445
5100,3443,2024-02-19,,Technical,Low,0.0,
5101,3443,2024-05-08,2024-05-10 08:20:25,General,Low,4.0,56.34027777777778
5102,2900,2024-08-19,2024-08-20 02:52:05,Billing,Low,0.0,26.868055555555557
5103,2235,2024-08-23,2024-08-23 06:22:52,Billing,Medium,3.0,6.381111111111111
5104,2235,2024-01-07,2024-01-07 07:03:27,Billing,High,4.0,7.0575
5105,2235,2024-07-16,2024-07-17 01:55:45,Billing,Low,5.0,25.929166666666667
5106,839,2024-07-02,,General,Low,0.0,
5107,839,2024-12-20,2024-12-20 03:05:15,Billing,Medium,3.0,3.0875
5108,839,2024-09-02,2024-09-02 20:45:25,Billing,Low,4.0,20.756944444444443
5109,779,2024-08-10,,Billing,Low,0.0,
5110,779,2024-11-01,2024-11-01 17:28:37,Technical,Low,0.0,17.476944444444445
5111,1802,2024-09-07,2024-09-07 12:49:46,General,Low,5.0,12.829444444444444
5112,1802,2024-03-16,2024-03-16 13:16:11,General,Medium,0.0,13.269722222222223
5113,1802,2024-10-24,2024-10-24 02:28:28,Technical,Medium,0.0,2.4744444444444444
5114,1802,2024-12-17,2024-12-17 15:49:54,Billing,Low,1.0,15.831666666666667
5115,3596,2024-03-05,2024-03-05 11:10:45,Billing,Low,3.0,11.179166666666667
5116,3596,2024-01-31,2024-01-31 20:16:55,Technical,High,4.0,20.281944444444445
5117,3596,2024-03-17,2024-03-17 22:10:19,Technical,Low,2.0,22.171944444444446
5118,3596,2024-08-24,2024-08-25 01:27:09,Technical,Medium,0.0,25.4525
5119,1019,2024-09-03,2024-09-03 07:56:08,Technical,Low,0.0,7.935555555555555
5120,1019,2024-02-22,2024-02-22 07:07:34,Billing,Medium,0.0,7.126111111111111
5121,1019,2024-01-08,2024-01-08 09:58:56,Technical,Medium,0.0,9.982222222222223
5122,1019,2024-12-07,2024-12-07 05:35:21,Technical,Low,0.0,5.589166666666666
5123,1019,2024-01-09,2024-01-09 19:17:30,Technical,Low,0.0,19.291666666666668
5124,40,2024-10-21,2024-10-21 18:28:29,Billing,Low,5.0,18.474722222222223
5125,40,2024-06-27,,Billing,Medium,0.0,
5126,40,2024-12-24,,Technical,Medium,0.0,
5127,40,2024-06-01,2024-06-01 09:20:54,Technical,Low,0.0,9.348333333333333
5128,4435,2024-09-26,2024-09-26 15:41:32,Technical,Low,0.0,15.692222222222222
5129,4435,2024-12-09,,Technical,Medium,0.0,
5130,4435,2024-03-15,,Technical,Low,0.0,
5131,2041,2024-02-08,2024-02-08 13:07:40,Technical,Medium,3.0,13.127777777777778
5132,2041,2024-05-16,2024-05-16 03:11:44,General,Low,0.0,3.1955555555555555
5133,1447,2024-05-21,,Billing,Medium,0.0,
5134,1447,2024-09-26,2024-09-26 05:11:42,Technical,Low,0.0,5.195
5135,1447,2024-05-03,2024-05-03 12:12:46,Technical,Low,0.0,12.212777777777777
5136,121,2024-11-01,,General,Low,0.0,
5137,121,2024-11-23,2024-11-23 05:41:22,General,High,4.0,5.689444444444445
5138,121,2024-07-23,2024-07-23 11:37:15,General,Low,0.0,11.620833333333334
5139,3759,2024-06-29,2024-06-29 21:13:21,Technical,Low,4.0,21.2225
5140,3759,2024-04-22,2024-04-23 06:29:26,Technical,High,4.0,30.490555555555556
5141,3759,2024-06-11,2024-06-11 06:00:00,General,Low,0.0,6.0
5142,3759,2024-02-14,2024-02-14 01:22:15,Technical,High,4.0,1.3708333333333333
5143,3759,2024-07-08,2024-07-08 12:56:04,General,Low,4.0,12.934444444444445
5144,2697,2024-07-12,,General,Low,0.0,
5145,2697,2024-08-10,2024-08-10 10:07:58,Billing,Low,1.0,10.132777777777777
5146,2697,2024-02-26,2024-02-27 02:20:06,General,High,0.0,26.335
5147,2697,2024-10-31,2024-10-31 09:24:06,Billing,Low,5.0,9.401666666666667
5148,2697,2024-01-14,2024-01-14 04:55:04,Billing,Low,4.0,4.917777777777777
5149,3852,2024-08-24,,General,Low,0.0,
5150,3852,2024-04-04,2024-04-04 04:09:48,Technical,Low,3.0,4.163333333333333
5151,3852,2024-08-14,2024-08-14 21:52:15,Billing,Medium,5.0,21.870833333333334
5152,3852,2024-05-25,2024-05-26 02:52:42,Billing,Medium,5.0,26.878333333333334
5153,1499,2024-12-08,2024-12-08 11:56:24,Technical,Medium,4.0,11.94
5154,4064,2024-03-11,,Technical,Medium,0.0,
5155,4064,2024-08-16,2024-08-17 01:04:20,Technical,Low,0.0,25.072222222222223
5156,4064,2024-08-29,,Billing,High,0.0,
5157,4064,2024-09-06,2024-09-06 14:57:02,General,Medium,3.0,14.950555555555555
5158,2496,2024-07-23,2024-07-24 01:07:13,Technical,Low,5.0,25.120277777777776
5159,2496,2024-12-26,2024-12-26 22:25:09,General,Low,5.0,22.419166666666666
5160,2496,2024-02-02,2024-02-03 12:06:10,Technical,Medium,2.0,36.102777777777774
5161,3366,2024-09-18,2024-09-18 06:19:43,Billing,Medium,0.0,6.328611111111111
5162,3366,2024-11-12,2024-11-12 03:52:07,Billing,Low,5.0,3.868611111111111
5163,2110,2024-06-20,2024-06-20 18:56:10,General,Low,3.0,18.93611111111111
5164,2110,2024-10-27,2024-10-27 03:44:00,Technical,Low,5.0,3.7333333333333334
5165,2110,2024-08-25,,Technical,Low,0.0,
5166,2110,2024-03-09,,Billing,Medium,0.0,
5167,3403,2024-06-15,2024-06-16 09:40:23,Technical,Low,5.0,33.67305555555556
5168,3403,2024-12-22,2024-12-22 08:22:11,Billing,Low,4.0,8.369722222222222
5169,3403,2024-03-16,,General,Medium,0.0,
5170,3403,2024-04-22,2024-04-22 05:55:00,Technical,High,2.0,5.916666666666667
5171,3403,2024-11-13,2024-11-13 13:49:29,Billing,Low,2.0,13.824722222222222
5172,2210,2024-06-29,,Billing,Low,0.0,
5173,2210,2024-10-23,,Technical,High,0.0,
5174,2210,2024-09-15,2024-09-15 10:00:17,Technical,Medium,0.0,10.004722222222222
5175,3874,2024-04-25,2024-04-25 11:23:08,Technical,Low,0.0,11.385555555555555
5176,3874,2024-01-13,2024-01-13 08:53:17,Technical,Low,0.0,8.888055555555555
5177,3352,2024-12-28,2024-12-29 01:03:39,Technical,Low,3.0,25.060833333333335
5178,3352,2024-02-21,2024-02-21 18:11:51,Billing,Medium,2.0,18.1975
5179,2440,2024-11-16,,Technical,Medium,0.0,
5180,2440,2024-08-04,2024-08-04 05:36:47,Technical,Medium,0.0,5.6130555555555555
5181,2440,2024-10-15,2024-10-15 17:59:10,Billing,Low,4.0,17.98611111111111
5182,2440,2024-11-18,2024-11-18 04:29:03,Technical,Low,3.0,4.484166666666667
5183,2309,2024-12-29,2024-12-30 01:02:35,Technical,Medium,4.0,25.043055555555554
5184,2309,2024-06-21,2024-06-21 05:01:46,Billing,Low,4.0,5.029444444444445
5185,2309,2024-01-22,2024-01-22 02:13:52,Technical,Medium,0.0,2.2311111111111113
5186,1984,2024-10-11,2024-10-12 13:07:15,Technical,Low,0.0,37.12083333333333
5187,1984,2024-07-12,2024-07-12 11:52:19,Technical,High,1.0,11.871944444444445
5188,1984,2024-11-12,,Billing,High,0.0,
5189,3113,2024-10-23,,General,Medium,0.0,
5190,3113,2024-11-28,2024-11-28 02:13:18,Technical,Medium,3.0,2.2216666666666667
5191,3351,2024-04-06,2024-04-06 14:04:29,Billing,Medium,3.0,14.074722222222222
5192,1008,2024-04-07,2024-04-08 03:52:12,Billing,Medium,0.0,27.87
5193,1008,2024-09-05,2024-09-05 17:27:13,General,High,4.0,17.453611111111112
5194,1008,2024-04-20,2024-04-20 19:18:44,Technical,Medium,0.0,19.31222222222222
5195,1008,2024-03-09,,Billing,Low,0.0,
5196,4911,2024-06-13,2024-06-13 20:05:00,Technical,Medium,0.0,20.083333333333332
5197,4911,2024-12-01,,Technical,Low,0.0,
5198,4801,2024-09-04,2024-09-04 17:35:41,Technical,Low,0.0,17.594722222222224
5199,4801,2024-03-15,2024-03-15 17:35:16,Technical,High,3.0,17.587777777777777
5200,4801,2024-10-31,2024-10-31 01:14:35,General,Low,3.0,1.2430555555555556
5201,4801,2024-07-08,2024-07-09 02:51:22,Technical,Low,0.0,26.85611111111111
5202,3329,2024-09-26,2024-09-27 03:18:40,General,Medium,0.0,27.31111111111111
5203,3329,2024-03-21,2024-03-21 12:25:11,General,Low,0.0,12.419722222222223
5204,3329,2024-07-23,2024-07-23 07:52:14,Technical,Medium,4.0,7.870555555555556
5205,3329,2024-12-20,,Billing,Low,0.0,
5206,3329,2024-11-16,,Technical,Low,0.0,
5207,1575,2024-10-22,2024-10-23 03:14:21,Billing,Low,4.0,27.239166666666666
5208,1575,2024-01-05,,Technical,Low,0.0,
5209,1575,2024-05-29,2024-05-30 02:31:03,Technical,High,0.0,26.5175
5210,1907,2024-04-08,2024-04-08 05:11:47,Billing,Medium,0.0,5.1963888888888885
5211,1907,2024-12-02,2024-12-02 10:27:13,General,Medium,3.0,10.453611111111112
5212,3861,2024-07-28,2024-07-28 16:57:18,Billing,Medium,0.0,16.955
5213,3861,2024-05-01,2024-05-01 09:37:33,Technical,High,2.0,9.625833333333333
5214,3861,2024-08-28,,Technical,Low,0.0,
5215,3861,2024-09-06,2024-09-06 06:29:43,Billing,Medium,0.0,6.495277777777778
5216,4620,2024-10-25,2024-10-25 05:45:37,Billing,Low,3.0,5.760277777777778
5217,4620,2024-12-16,2024-12-16 11:44:21,Technical,Medium,0.0,11.739166666666666
5218,4620,2024-08-23,,Technical,High,0.0,
5219,4620,2024-07-07,2024-07-08 05:10:23,Technical,Medium,0.0,29.173055555555557
5220,1333,2024-04-09,2024-04-09 08:50:34,Technical,Low,0.0,8.842777777777778
5221,1333,2024-11-10,2024-11-10 12:58:11,Technical,Low,5.0,12.969722222222222
5222,1333,2024-08-17,2024-08-17 03:45:25,Technical,Low,4.0,3.7569444444444446
5223,1333,2024-06-09,2024-06-10 02:16:01,Billing,Low,4.0,26.266944444444444
5224,1938,2024-10-16,2024-10-17 11:37:34,Technical,Low,3.0,35.62611111111111
5225,1938,2024-05-09,2024-05-09 05:29:31,General,Low,5.0,5.491944444444444
5226,289,2024-10-08,2024-10-08 11:07:12,Technical,Low,0.0,11.12
5227,434,2024-11-25,2024-11-25 01:00:56,Technical,Low,1.0,1.0155555555555555
5228,256,2024-12-13,2024-12-13 04:38:22,Technical,High,0.0,4.639444444444444
5229,256,2024-11-07,2024-11-08 12:06:55,General,Medium,0.0,36.11527777777778
5230,966,2024-11-01,2024-11-01 15:21:13,Technical,Low,0.0,15.35361111111111
5231,2431,2024-05-16,2024-05-16 11:55:31,Technical,Medium,3.0,11.925277777777778
5232,2431,2024-06-07,2024-06-07 15:49:46,Technical,Medium,5.0,15.829444444444444
5233,2431,2024-01-10,,General,Low,0.0,
5234,819,2024-10-02,,General,Low,0.0,
5235,819,2024-11-01,2024-11-02 00:41:05,Billing,High,0.0,24.684722222222224
5236,1726,2024-02-02,,Technical,High,0.0,
5237,98,2024-12-30,2024-12-30 06:40:06,Technical,Medium,1.0,6.668333333333333
5238,3631,2024-07-09,2024-07-10 03:02:17,Technical,Low,0.0,27.038055555555555
5239,3425,2024-07-13,2024-07-14 02:08:00,Technical,High,2.0,26.133333333333333
5240,3425,2024-12-02,2024-12-02 08:57:29,Technical,Medium,4.0,8.958055555555555
5241,3876,2024-08-25,2024-08-25 13:55:42,Billing,Low,0.0,13.928333333333333
5242,3876,2024-12-25,2024-12-25 09:57:58,Technical,Low,0.0,9.966111111111111
5243,3089,2024-03-11,2024-03-12 04:23:29,Billing,Medium,0.0,28.39138888888889
5244,3089,2024-03-05,2024-03-05 09:35:35,General,Medium,0.0,9.593055555555555
5245,3089,2024-03-22,,Technical,Low,0.0,
5246,286,2024-01-10,2024-01-11 03:42:37,Billing,Low,0.0,27.710277777777776
5247,286,2024-07-23,2024-07-23 15:30:48,Technical,High,2.0,15.513333333333334
5248,286,2024-04-17,2024-04-17 10:25:59,Technical,Low,4.0,10.433055555555555
5249,286,2024-09-03,2024-09-03 21:23:50,Technical,High,4.0,21.397222222222222
5250,4041,2024-09-27,2024-09-27 14:43:34,Billing,Low,4.0,14.726111111111111
5251,4041,2024-01-26,,General,Low,0.0,
5252,4041,2024-01-08,2024-01-08 03:56:39,Technical,High,0.0,3.944166666666667
5253,4041,2024-05-14,2024-05-14 11:57:15,Billing,Low,4.0,11.954166666666667
5254,905,2024-08-24,2024-08-24 09:57:15,Technical,Low,5.0,9.954166666666667
5255,905,2024-11-15,2024-11-15 04:26:16,Technical,Low,0.0,4.437777777777778
5256,4147,2024-06-01,2024-06-02 05:52:51,Billing,Low,0.0,29.88083333333333
5257,4147,2024-04-16,2024-04-16 08:31:05,Technical,High,0.0,8.518055555555556
5258,4147,2024-08-08,2024-08-09 00:51:13,Technical,High,3.0,24.85361111111111
5259,4147,2024-01-04,2024-01-04 12:35:31,Technical,Low,4.0,12.591944444444444
5260,4147,2024-04-21,2024-04-21 18:17:36,Billing,Medium,4.0,18.293333333333333
5261,188,2024-03-13,2024-03-14 09:04:38,Billing,Low,4.0,33.077222222222225
5262,188,2024-11-28,2024-11-29 22:41:16,Billing,Low,5.0,46.687777777777775
5263,188,2024-05-30,2024-05-31 06:23:24,Technical,Low,4.0,30.39
5264,188,2024-08-18,2024-08-19 21:46:49,Technical,Low,4.0,45.780277777777776
5265,188,2024-04-11,2024-04-11 17:00:44,Billing,Low,5.0,17.01222222222222
5266,3635,2024-05-08,2024-05-09 01:13:32,Technical,Medium,0.0,25.225555555555555
5267,3635,2024-08-22,2024-08-23 04:40:31,Technical,Low,0.0,28.67527777777778
5268,2040,2024-12-26,2024-12-26 17:55:36,Technical,Low,2.0,17.926666666666666
5269,2040,2024-11-17,2024-11-17 14:10:28,Technical,Low,3.0,14.174444444444445
5270,2040,2024-11-24,2024-11-24 13:46:42,Technical,Medium,0.0,13.778333333333334
5271,2040,2024-01-14,2024-01-14 20:23:27,Technical,Low,0.0,20.390833333333333
5272,1277,2024-04-02,2024-04-03 00:16:07,Technical,Low,0.0,24.26861111111111
5273,1277,2024-10-12,2024-10-12 13:39:22,General,Low,0.0,13.65611111111111
5274,1277,2024-06-04,2024-06-04 10:56:42,Technical,Low,5.0,10.945
5275,1277,2024-05-13,2024-05-13 06:50:13,Technical,Low,0.0,6.836944444444445
5276,2966,2024-04-11,2024-04-11 04:34:57,Billing,Medium,4.0,4.5825
5277,4812,2024-10-02,2024-10-02 05:27:27,Technical,Low,0.0,5.4575
5278,4812,2024-02-21,2024-02-21 19:18:48,Technical,Medium,1.0,19.313333333333333
5279,4812,2024-12-23,2024-12-23 15:20:00,Billing,Low,4.0,15.333333333333334
5280,4812,2024-06-04,2024-06-04 11:07:50,Technical,Medium,5.0,11.130555555555556
5281,1804,2024-05-01,,Technical,Medium,0.0,
5282,1804,2024-01-31,2024-02-01 20:08:07,Technical,Low,4.0,44.13527777777778
5283,3029,2024-10-30,2024-10-30 10:36:53,Technical,Low,0.0,10.614722222222222
5284,3029,2024-04-17,,Technical,Low,0.0,
5285,3029,2024-03-03,2024-03-03 02:45:56,Technical,Low,0.0,2.7655555555555558
5286,3029,2024-03-21,2024-03-21 19:56:47,Billing,Low,5.0,19.94638888888889
5287,3029,2024-07-19,2024-07-19 11:58:55,Technical,Low,0.0,11.981944444444444
5288,1207,2024-02-23,2024-02-23 14:51:21,Billing,Medium,2.0,14.855833333333333
5289,1207,2024-02-29,,Technical,Low,0.0,
5290,1207,2024-02-06,2024-02-06 10:53:37,Technical,High,3.0,10.893611111111111
5291,1207,2024-02-03,,Technical,Medium,0.0,
5292,1207,2024-12-22,,Billing,High,0.0,
5293,1125,2024-06-19,2024-06-19 15:00:29,Billing,Medium,3.0,15.008055555555556
5294,1125,2024-06-21,2024-06-21 11:59:11,Billing,Low,4.0,11.98638888888889
5295,1125,2024-11-18,2024-11-18 11:14:37,Billing,Low,0.0,11.243611111111111
5296,1125,2024-09-26,2024-09-26 16:15:50,Billing,Low,5.0,16.26388888888889
5297,1125,2024-10-17,2024-10-17 17:14:32,Technical,Medium,0.0,17.24222222222222
5298,1149,2024-10-08,2024-10-10 12:27:52,General,Medium,0.0,60.464444444444446
5299,1149,2024-11-22,2024-11-22 08:51:20,Billing,Medium,0.0,8.855555555555556
5300,4342,2024-08-30,2024-08-30 13:38:54,Technical,Low,4.0,13.648333333333333
5301,4342,2024-03-29,2024-03-29 06:39:28,Technical,Medium,0.0,6.657777777777778
5302,4342,2024-02-11,2024-02-11 06:57:41,Technical,Low,0.0,6.961388888888889
5303,2925,2024-10-01,2024-10-01 16:06:39,General,Medium,4.0,16.110833333333332
5304,1923,2024-01-27,2024-01-27 15:36:44,Technical,Medium,5.0,15.612222222222222
5305,1923,2024-11-13,2024-11-13 12:59:33,Billing,Medium,3.0,12.9925
5306,1923,2024-07-14,2024-07-14 14:09:42,Technical,Medium,4.0,14.161666666666667
5307,140,2024-06-21,2024-06-22 12:46:08,General,Low,4.0,36.76888888888889
5308,3763,2024-06-16,2024-06-16 03:09:56,Technical,Low,3.0,3.1655555555555557
5309,3763,2024-04-06,2024-04-06 19:14:43,General,Medium,3.0,19.245277777777776
5310,3763,2024-05-23,2024-05-24 11:59:03,Technical,Medium,4.0,35.98416666666667
5311,3763,2024-05-12,2024-05-12 01:53:51,Billing,Medium,0.0,1.8975
5312,3763,2024-06-22,,Billing,Medium,0.0,
5313,1713,2024-01-23,2024-01-24 14:37:55,General,Low,5.0,38.63194444444444
5314,1713,2024-10-29,2024-10-30 15:20:51,Billing,Low,5.0,39.3475
5315,1713,2024-06-03,2024-06-03 11:31:18,Billing,Medium,0.0,11.521666666666667
5316,1713,2024-04-12,,Technical,Low,0.0,
5317,587,2024-08-15,2024-08-15 10:45:32,General,Low,0.0,10.758888888888889
5318,587,2024-08-31,,Technical,Low,0.0,
5319,587,2024-06-10,,Technical,Low,0.0,
5320,587,2024-05-26,2024-05-26 17:14:05,Technical,Medium,2.0,17.23472222222222
5321,397,2024-12-09,,Technical,Medium,0.0,
5322,397,2024-04-03,2024-04-03 02:06:20,Billing,Low,0.0,2.1055555555555556
5323,397,2024-06-22,2024-06-23 04:31:25,General,Low,0.0,28.523611111111112
5324,2141,2024-07-21,2024-07-21 03:27:57,Technical,Low,0.0,3.4658333333333333
5325,2141,2024-04-28,2024-04-28 03:40:48,Billing,Medium,0.0,3.68
5326,332,2024-11-19,2024-11-19 13:05:56,General,Medium,0.0,13.098888888888888
5327,3340,2024-01-19,,Billing,Low,0.0,
5328,3340,2024-05-16,,General,Low,0.0,
5329,3340,2024-09-16,,General,Medium,0.0,
5330,3340,2024-07-22,2024-07-23 01:59:46,Technical,Medium,0.0,25.996111111111112
5331,3340,2024-12-30,2024-12-30 08:51:25,Technical,Medium,5.0,8.856944444444444
5332,100,2024-05-28,2024-05-28 20:16:25,Technical,Medium,5.0,20.273611111111112
5333,100,2024-10-22,,Technical,Low,0.0,
5334,100,2024-07-13,,Technical,Medium,0.0,
5335,100,2024-08-08,2024-08-09 02:29:35,Billing,Low,5.0,26.493055555555557
5336,100,2024-07-19,2024-07-19 17:00:03,General,Medium,0.0,17.000833333333333
5337,3122,2024-09-18,2024-09-18 05:01:37,Billing,Low,5.0,5.026944444444444
5338,3122,2024-03-04,,General,Low,0.0,
5339,4615,2024-04-01,2024-04-01 14:11:16,Technical,Medium,4.0,14.187777777777777
5340,4615,2024-05-06,2024-05-06 14:13:04,Technical,Low,5.0,14.217777777777778
5341,3452,2024-11-30,,General,Low,0.0,
5342,3452,2024-07-29,2024-07-29 08:23:27,General,Low,4.0,8.390833333333333
5343,1040,2024-01-15,2024-01-15 00:34:29,General,Low,0.0,0.5747222222222222
5344,1040,2024-11-25,2024-11-25 09:27:24,Technical,Medium,5.0,9.456666666666667
5345,1040,2024-11-09,2024-11-09 16:52:46,Technical,Low,5.0,16.879444444444445
5346,4490,2024-01-26,2024-01-27 03:34:25,Technical,Medium,0.0,27.573611111111113
5347,4490,2024-12-11,2024-12-11 07:28:30,Technical,Medium,4.0,7.475
5348,1236,2024-01-17,2024-01-17 14:39:21,Technical,Medium,0.0,14.655833333333334
5349,1236,2024-06-26,2024-06-26 03:49:02,Technical,Low,5.0,3.817222222222222
5350,1236,2024-02-14,2024-02-14 12:41:46,Billing,High,4.0,12.696111111111112
5351,1417,2024-06-22,2024-06-23 05:59:14,Technical,Medium,0.0,29.987222222222222
5352,1417,2024-03-01,,Technical,Low,0.0,
5353,1417,2024-06-06,,General,Medium,0.0,
5354,1417,2024-03-22,,Billing,Low,0.0,
5355,1417,2024-03-25,,General,Low,0.0,
5356,4285,2024-08-13,2024-08-13 09:04:30,General,Low,5.0,9.075
5357,165,2024-03-20,2024-03-20 08:43:47,Billing,Medium,0.0,8.729722222222222
5358,165,2024-05-01,,Billing,High,0.0,
5359,1105,2024-07-02,,Technical,High,0.0,
5360,1105,2024-01-06,2024-01-07 00:32:18,Billing,Low,3.0,24.538333333333334
5361,1105,2024-05-24,,General,Medium,0.0,
5362,4749,2024-03-10,2024-03-10 10:57:01,Technical,Low,5.0,10.950277777777778
5363,4749,2024-08-09,2024-08-09 02:21:38,Billing,Low,4.0,2.3605555555555555
5364,4749,2024-06-01,,Billing,Medium,0.0,
5365,4749,2024-03-08,2024-03-08 14:44:19,Billing,Medium,0.0,14.738611111111112
5366,4749,2024-12-21,2024-12-21 23:31:46,Billing,High,4.0,23.529444444444444
5367,2303,2024-09-22,2024-09-22 09:20:48,Technical,High,0.0,9.346666666666666
5368,2303,2024-10-16,2024-10-16 04:26:59,Technical,Medium,0.0,4.449722222222222
5369,2303,2024-08-05,2024-08-06 01:44:18,Billing,Medium,2.0,25.738333333333333
5370,549,2024-05-18,2024-05-18 20:01:47,Billing,Low,5.0,20.029722222222222
5371,549,2024-03-06,,General,Medium,0.0,
5372,549,2024-03-11,,Technical,Low,0.0,
5373,549,2024-04-11,2024-04-11 05:00:41,Technical,Low,5.0,5.011388888888889
5374,461,2024-01-04,2024-01-04 08:55:13,General,Low,3.0,8.920277777777779
5375,3014,2024-04-28,2024-04-28 04:30:03,General,Low,0.0,4.5008333333333335
5376,1287,2024-03-21,2024-03-22 16:21:46,Technical,High,0.0,40.36277777777778
5377,1287,2024-01-26,,Technical,Medium,0.0,
5378,1287,2024-05-08,2024-05-09 13:39:09,Technical,Low,0.0,37.6525
5379,1143,2024-09-25,2024-09-26 03:47:39,Technical,Low,4.0,27.794166666666666
5380,2221,2024-12-25,2024-12-25 16:17:39,Technical,Low,0.0,16.294166666666666
5381,3911,2024-09-01,2024-09-01 08:22:41,Billing,High,0.0,8.378055555555555
5382,3911,2024-07-16,2024-07-17 07:46:02,Billing,Medium,4.0,31.767222222222223
5383,4251,2024-01-02,2024-01-02 05:51:22,General,Medium,0.0,5.856111111111111
5384,4251,2024-08-31,2024-09-01 06:07:16,Technical,Low,4.0,30.121111111111112
5385,4251,2024-12-17,2024-12-17 00:09:11,Billing,High,4.0,0.15305555555555556
5386,4251,2024-04-24,2024-04-24 19:27:33,Technical,High,0.0,19.45916666666667
5387,1111,2024-12-30,2024-12-30 04:32:21,General,High,4.0,4.539166666666667
5388,1111,2024-04-20,,Billing,Low,0.0,
5389,1111,2024-04-12,2024-04-12 16:48:03,Billing,High,2.0,16.800833333333333
5390,1111,2024-05-31,2024-05-31 18:18:50,Technical,Low,0.0,18.31388888888889
5391,4955,2024-06-30,2024-06-30 05:38:52,Billing,Low,5.0,5.647777777777778
5392,4955,2024-04-07,2024-04-07 04:02:41,Technical,Low,0.0,4.044722222222222
5393,4955,2024-02-16,2024-02-16 20:35:15,Technical,High,5.0,20.5875
5394,1656,2024-05-30,2024-05-30 05:50:22,Technical,Medium,4.0,5.839444444444444
5395,1656,2024-11-28,,Billing,Low,0.0,
5396,1656,2024-10-03,2024-10-04 10:37:20,Technical,Low,4.0,34.62222222222222
5397,1656,2024-11-30,2024-12-01 15:07:43,Technical,High,4.0,39.12861111111111
5398,3774,2024-05-21,,General,Low,0.0,
5399,3774,2024-08-25,2024-08-26 15:03:59,General,Medium,0.0,39.06638888888889
5400,1760,2024-01-06,2024-01-07 06:22:35,Technical,Low,4.0,30.37638888888889
5401,4891,2024-12-15,2024-12-16 06:55:29,General,Low,0.0,30.924722222222222
5402,4891,2024-02-25,2024-02-25 10:58:15,Technical,Low,3.0,10.970833333333333
5403,4891,2024-12-02,2024-12-03 15:33:22,Billing,High,5.0,39.556111111111115
5404,608,2024-07-28,,Billing,Low,0.0,
5405,608,2024-03-04,,Technical,Low,0.0,
5406,4232,2024-07-03,2024-07-03 11:20:54,General,Medium,0.0,11.348333333333333
5407,4232,2024-12-15,,Billing,Medium,0.0,
5408,4232,2024-12-26,2024-12-26 21:42:44,Technical,Low,3.0,21.712222222222223
5409,3923,2024-01-24,2024-01-24 19:34:46,Billing,High,0.0,19.579444444444444
5410,3923,2024-05-10,2024-05-10 04:32:15,General,Low,4.0,4.5375
5411,3923,2024-03-13,,Technical,Low,0.0,
5412,3923,2024-03-15,2024-03-15 08:04:03,Technical,Low,5.0,8.0675
5413,3923,2024-04-28,2024-04-29 02:22:37,Technical,Medium,3.0,26.376944444444444
5414,1829,2024-08-09,2024-08-09 21:25:10,Billing,Low,4.0,21.419444444444444
5415,1829,2024-05-09,2024-05-09 11:54:07,Technical,Low,4.0,11.901944444444444
5416,2782,2024-08-29,2024-08-29 05:16:59,Billing,Low,0.0,5.283055555555555
5417,2782,2024-03-02,2024-03-02 17:09:42,Billing,Low,0.0,17.161666666666665
5418,2782,2024-12-13,2024-12-13 17:49:20,Billing,Low,0.0,17.822222222222223
5419,2782,2024-04-03,2024-04-03 07:09:31,General,Medium,5.0,7.158611111111111
5420,2782,2024-09-11,,Technical,Low,0.0,
5421,1910,2024-08-05,,Technical,High,0.0,
5422,1566,2024-05-02,2024-05-02 13:03:16,Billing,Medium,5.0,13.054444444444444
5423,1566,2024-04-07,,Technical,High,0.0,
5424,1326,2024-09-24,2024-09-24 17:25:04,Technical,Low,3.0,17.41777777777778
5425,1326,2024-10-03,2024-10-03 09:09:51,General,Low,4.0,9.164166666666667
5426,1326,2024-03-04,2024-03-05 09:43:27,Billing,Low,4.0,33.72416666666667
5427,1326,2024-11-11,,Technical,Low,0.0,
5428,1326,2024-06-18,2024-06-18 20:56:11,Technical,Low,0.0,20.93638888888889
5429,1876,2024-01-12,2024-01-12 13:36:35,Technical,Low,4.0,13.609722222222222
5430,1876,2024-11-04,2024-11-05 03:23:39,Technical,Low,5.0,27.394166666666667
5431,1876,2024-12-18,2024-12-18 18:25:26,Technical,Medium,4.0,18.42388888888889
5432,1876,2024-07-21,2024-07-21 06:08:59,Technical,Low,0.0,6.1497222222222225
5433,1876,2024-07-06,2024-07-06 13:38:54,General,Low,0.0,13.648333333333333
5434,3528,2024-05-07,2024-05-07 07:51:28,Billing,Low,0.0,7.857777777777778
5435,3528,2024-09-19,,Billing,Medium,0.0,
5436,3528,2024-10-22,,General,High,0.0,
5437,3528,2024-08-09,,Technical,Low,0.0,
5438,4052,2024-05-19,2024-05-19 13:01:27,Technical,Low,0.0,13.024166666666666
5439,3574,2024-02-08,,Technical,Medium,0.0,
5440,3574,2024-09-07,2024-09-07 14:13:36,General,Low,1.0,14.226666666666667
5441,3574,2024-04-10,2024-04-11 04:38:44,Billing,Low,0.0,28.645555555555557
5442,4727,2024-08-19,,Technical,Medium,0.0,
5443,294,2024-08-23,2024-08-24 05:09:33,General,High,4.0,29.159166666666668
5444,913,2024-06-08,2024-06-08 03:47:00,General,High,2.0,3.783333333333333
5445,913,2024-09-14,2024-09-14 14:04:53,General,Low,3.0,14.081388888888888
5446,2199,2024-02-16,2024-02-16 07:37:23,Technical,Low,5.0,7.623055555555555
5447,2199,2024-10-11,2024-10-11 12:04:44,Technical,Low,0.0,12.078888888888889
5448,2633,2024-11-28,2024-11-29 21:37:57,Technical,Low,4.0,45.6325
5449,2633,2024-08-21,2024-08-21 15:49:28,General,Low,0.0,15.824444444444444
5450,2633,2024-01-24,2024-01-24 08:40:31,General,Low,4.0,8.675277777777778
5451,1524,2024-03-19,2024-03-19 14:20:46,Billing,Medium,2.0,14.346111111111112
5452,1524,2024-08-10,2024-08-10 02:03:06,Billing,Low,4.0,2.0516666666666667
5453,1524,2024-07-09,2024-07-09 20:27:00,Technical,Medium,0.0,20.45
5454,2800,2024-03-01,2024-03-01 07:35:32,Technical,Low,5.0,7.592222222222222
5455,2800,2024-06-12,2024-06-12 10:11:22,Technical,Medium,4.0,10.189444444444444
5456,2800,2024-07-22,2024-07-22 19:55:10,Technical,Low,5.0,19.919444444444444
5457,4885,2024-04-14,2024-04-14 04:25:29,General,Low,5.0,4.424722222222222
5458,4885,2024-03-05,2024-03-06 13:53:42,Technical,Low,0.0,37.895
5459,4885,2024-07-26,2024-07-26 14:20:18,Technical,High,0.0,14.338333333333333
5460,4885,2024-12-02,,Technical,Low,0.0,
5461,1238,2024-01-03,2024-01-03 14:29:43,Technical,Low,5.0,14.495277777777778
5462,1238,2024-10-24,2024-10-24 13:37:12,General,Low,5.0,13.62
5463,1238,2024-06-12,,Technical,High,0.0,
5464,3942,2024-05-08,,Technical,High,0.0,
5465,3942,2024-03-09,2024-03-09 16:39:20,Technical,Low,3.0,16.655555555555555
5466,3942,2024-05-27,,Billing,Low,0.0,
5467,1027,2024-02-29,2024-02-29 21:17:25,General,Medium,0.0,21.290277777777778
5468,1027,2024-03-03,2024-03-03 20:52:05,Technical,Medium,0.0,20.868055555555557
5469,1027,2024-04-29,,Technical,Medium,0.0,
5470,1027,2024-12-08,,Technical,Medium,0.0,
5471,1027,2024-11-11,2024-11-11 10:07:35,Technical,Low,0.0,10.126388888888888
5472,3187,2024-04-27,2024-04-27 05:28:18,Billing,High,0.0,5.471666666666667
5473,3187,2024-09-18,2024-09-18 13:35:46,General,Low,4.0,13.596111111111112
5474,3187,2024-01-09,2024-01-09 03:52:32,Technical,Low,5.0,3.8755555555555556
5475,3187,2024-02-23,2024-02-23 10:27:34,Billing,Low,5.0,10.459444444444445
5476,1337,2024-10-19,2024-10-20 02:49:28,General,Medium,4.0,26.824444444444445
5477,1337,2024-03-30,2024-03-30 16:54:02,Technical,Low,5.0,16.900555555555556
5478,1337,2024-06-23,,General,Low,0.0,
5479,1337,2024-01-31,2024-02-01 14:54:42,Technical,Medium,4.0,38.91166666666667
5480,2282,2024-06-10,,General,Medium,0.0,
5481,2282,2024-09-30,2024-09-30 04:01:21,Billing,Medium,4.0,4.0225
5482,2282,2024-08-12,2024-08-12 02:17:05,Technical,Medium,0.0,2.2847222222222223
5483,2282,2024-05-26,,Billing,Low,0.0,
5484,2282,2024-11-30,2024-11-30 12:31:59,Technical,High,2.0,12.533055555555556
5485,2933,2024-11-22,2024-11-22 07:20:57,Technical,Medium,0.0,7.349166666666667
5486,97,2024-10-08,2024-10-08 20:16:58,Technical,Low,0.0,20.282777777777778
5487,97,2024-06-17,2024-06-17 02:41:26,General,Medium,5.0,2.6905555555555556
5488,930,2024-02-24,2024-02-24 09:47:55,Billing,Low,0.0,9.79861111111111
5489,930,2024-11-02,,Technical,Medium,0.0,
5490,773,2024-03-03,2024-03-03 15:59:32,Technical,Medium,4.0,15.992222222222223
5491,4026,2024-02-24,2024-02-24 11:55:09,Technical,High,2.0,11.919166666666667
5492,4026,2024-02-04,2024-02-06 00:10:40,General,Low,5.0,48.17777777777778
5493,4026,2024-11-14,2024-11-14 07:16:08,Billing,Medium,0.0,7.268888888888889
5494,4026,2024-11-03,,General,Medium,0.0,
5495,4026,2024-11-21,2024-11-22 02:54:04,General,High,2.0,26.90111111111111
5496,738,2024-07-17,2024-07-17 09:34:11,Technical,Medium,0.0,9.569722222222222
5497,4333,2024-05-27,2024-05-27 05:56:49,General,Medium,0.0,5.946944444444444
5498,4333,2024-12-09,2024-12-09 14:20:35,Billing,Medium,3.0,14.343055555555555
5499,4333,2024-02-08,2024-02-08 14:58:49,Billing,Low,0.0,14.980277777777777
5500,4333,2024-11-12,2024-11-12 09:25:48,Billing,Low,0.0,9.43
5501,4333,2024-06-23,2024-06-23 19:28:39,Technical,Medium,4.0,19.4775
5502,4920,2024-10-25,2024-10-26 01:33:46,General,Medium,3.0,25.56277777777778
5503,3130,2024-04-20,2024-04-20 06:00:55,Technical,Low,5.0,6.0152777777777775
5504,3130,2024-08-18,,Billing,Low,0.0,
5505,3130,2024-02-18,2024-02-18 16:12:09,Billing,Medium,0.0,16.2025
5506,3130,2024-02-28,2024-02-29 10:41:56,Billing,Low,5.0,34.69888888888889
5507,3130,2024-12-05,2024-12-06 10:26:01,Billing,Low,0.0,34.43361111111111
5508,2337,2024-08-13,2024-08-13 16:39:21,Technical,Medium,2.0,16.655833333333334
5509,2337,2024-12-08,2024-12-08 16:16:10,Technical,Medium,2.0,16.269444444444446
5510,2337,2024-05-30,,General,Low,0.0,
5511,1388,2024-06-14,2024-06-14 14:14:19,Billing,Low,5.0,14.238611111111112
5512,1388,2024-02-09,2024-02-09 05:05:42,Technical,Low,4.0,5.095
5513,1388,2024-10-28,2024-10-28 08:06:16,Technical,Low,4.0,8.104444444444445
5514,1388,2024-05-06,2024-05-07 00:23:01,General,Medium,0.0,24.38361111111111
5515,1388,2024-11-01,2024-11-01 16:13:34,Billing,Low,2.0,16.226111111111113
5516,680,2024-08-01,2024-08-01 06:45:32,Technical,Low,4.0,6.7588888888888885
5517,680,2024-12-24,,General,Low,0.0,
5518,680,2024-03-02,2024-03-02 01:19:29,General,Low,4.0,1.3247222222222221
5519,3321,2024-08-26,2024-08-26 11:11:30,Technical,Low,0.0,11.191666666666666
5520,3321,2024-02-05,2024-02-05 07:59:26,Technical,Medium,0.0,7.990555555555556
5521,3321,2024-08-12,,General,Medium,0.0,
5522,3321,2024-06-29,,Billing,Low,0.0,
5523,3321,2024-03-11,2024-03-11 06:15:48,General,Low,3.0,6.263333333333334
5524,4964,2024-07-16,2024-07-16 08:45:54,Billing,Low,5.0,8.765
5525,4964,2024-02-14,2024-02-15 00:11:10,Technical,Low,4.0,24.18611111111111
5526,4964,2024-07-10,,General,Medium,0.0,
5527,4964,2024-10-22,,Technical,High,0.0,
5528,1672,2024-12-22,2024-12-22 02:49:39,Technical,Low,0.0,2.8275
5529,1672,2024-04-19,2024-04-19 10:13:20,General,Low,5.0,10.222222222222221
5530,2093,2024-04-18,2024-04-18 12:05:54,Billing,Low,0.0,12.098333333333333
5531,2093,2024-02-20,2024-02-20 13:24:38,General,Medium,0.0,13.410555555555556
5532,2093,2024-05-11,2024-05-11 06:13:49,Billing,Medium,2.0,6.230277777777777
5533,4144,2024-09-30,2024-09-30 15:22:03,Technical,Low,0.0,15.3675
5534,3982,2024-01-07,2024-01-07 19:04:19,Technical,Low,3.0,19.071944444444444
5535,3225,2024-06-26,2024-06-26 09:09:52,Technical,High,2.0,9.164444444444445
5536,221,2024-07-16,2024-07-16 10:09:10,Billing,Medium,4.0,10.152777777777779
5537,221,2024-02-20,2024-02-20 10:29:05,Billing,Low,0.0,10.484722222222222
5538,221,2024-06-22,2024-06-22 22:18:22,General,Medium,0.0,22.30611111111111
5539,221,2024-02-04,2024-02-04 07:58:58,Technical,Low,0.0,7.982777777777778
5540,221,2024-09-14,2024-09-15 07:53:16,Technical,High,3.0,31.887777777777778
5541,1714,2024-02-19,2024-02-19 12:19:19,Billing,Medium,0.0,12.321944444444444
5542,4282,2024-12-08,2024-12-08 18:02:18,Technical,High,4.0,18.038333333333334
5543,4282,2024-05-31,2024-05-31 20:40:46,Technical,Low,0.0,20.679444444444446
5544,4282,2024-05-19,,General,Low,0.0,
5545,4839,2024-12-29,2024-12-29 02:44:32,Billing,Low,4.0,2.7422222222222223
5546,4839,2024-01-16,2024-01-16 11:11:39,Technical,Low,0.0,11.194166666666666
5547,4839,2024-10-08,2024-10-08 04:47:49,Billing,Low,3.0,4.796944444444445
5548,1341,2024-06-27,2024-06-27 13:36:07,Billing,Medium,0.0,13.601944444444445
5549,1341,2024-08-25,2024-08-25 05:05:34,Technical,Low,0.0,5.092777777777778
5550,1341,2024-06-06,2024-06-06 17:11:13,Technical,Low,5.0,17.186944444444446
5551,243,2024-09-12,2024-09-12 17:57:40,Billing,Medium,4.0,17.961111111111112
5552,3510,2024-08-28,2024-08-28 08:31:16,Billing,Low,5.0,8.52111111111111
5553,316,2024-05-17,2024-05-18 07:04:00,Billing,Low,5.0,31.066666666666666
5554,316,2024-02-19,,General,Low,0.0,
5555,316,2024-02-14,2024-02-14 07:59:54,General,Low,5.0,7.998333333333333
5556,316,2024-10-09,2024-10-09 08:37:08,Billing,Medium,0.0,8.61888888888889
5557,1496,2024-04-30,2024-04-30 23:27:46,Technical,Medium,0.0,23.462777777777777
5558,1496,2024-05-24,2024-05-24 13:17:15,Billing,Medium,4.0,13.2875
5559,1614,2024-10-07,2024-10-08 22:55:14,Billing,Medium,2.0,46.92055555555555
5560,1614,2024-08-25,2024-08-25 06:12:39,Technical,Low,0.0,6.210833333333333
5561,2016,2024-03-07,2024-03-07 05:23:07,Technical,Low,4.0,5.385277777777778
5562,2016,2024-05-17,,Billing,Low,0.0,
5563,2016,2024-05-13,2024-05-13 12:37:16,Technical,Low,0.0,12.62111111111111
5564,2016,2024-11-19,,Billing,Medium,0.0,
5565,552,2024-07-24,2024-07-24 13:28:16,Technical,Low,0.0,13.471111111111112
5566,552,2024-02-13,2024-02-13 19:47:32,Billing,Medium,3.0,19.79222222222222
5567,937,2024-10-02,2024-10-03 21:11:43,General,Medium,2.0,45.195277777777775
5568,3207,2024-02-16,2024-02-16 10:42:19,Technical,Low,0.0,10.705277777777777
5569,3207,2024-12-19,2024-12-19 05:45:55,Billing,Medium,0.0,5.7652777777777775
5570,3207,2024-12-10,,Billing,Low,0.0,
5571,3207,2024-02-04,,General,Low,0.0,
5572,965,2024-07-12,2024-07-12 16:52:46,Technical,Low,4.0,16.879444444444445
5573,965,2024-09-19,2024-09-19 21:16:44,Billing,High,3.0,21.27888888888889
5574,965,2024-09-11,,Technical,Low,0.0,
5575,965,2024-04-25,,Technical,High,0.0,
5576,3085,2024-08-08,2024-08-08 09:23:03,Billing,Medium,3.0,9.384166666666667
5577,3085,2024-05-18,2024-05-18 08:05:45,Technical,Medium,4.0,8.095833333333333
5578,3085,2024-08-23,2024-08-23 22:52:51,General,Medium,4.0,22.88083333333333
5579,3085,2024-03-28,2024-03-28 14:46:52,Technical,Low,3.0,14.78111111111111
5580,3085,2024-03-15,,General,Low,0.0,
5581,1559,2024-11-25,2024-11-25 16:39:29,Technical,Low,4.0,16.658055555555556
5582,1559,2024-08-27,,General,Low,0.0,
5583,4060,2024-04-17,2024-04-17 13:03:45,General,Low,5.0,13.0625
5584,4060,2024-12-29,2024-12-29 16:07:04,Billing,Medium,0.0,16.11777777777778
5585,4060,2024-05-18,2024-05-18 10:22:49,Technical,Low,0.0,10.380277777777778
5586,4060,2024-01-04,2024-01-05 23:09:18,Technical,Medium,0.0,47.155
5587,4060,2024-08-10,2024-08-10 23:31:43,General,Low,5.0,23.52861111111111
5588,1853,2024-05-07,,Billing,Low,0.0,
5589,1853,2024-05-05,2024-05-05 11:11:36,General,Medium,0.0,11.193333333333333
5590,1853,2024-07-06,2024-07-06 13:43:15,General,Medium,4.0,13.720833333333333
5591,1853,2024-05-09,2024-05-10 01:30:19,Technical,Low,0.0,25.505277777777778
5592,1853,2024-11-16,2024-11-16 21:09:13,General,Low,5.0,21.15361111111111
5593,4986,2024-10-29,2024-10-30 06:14:18,Technical,Medium,4.0,30.238333333333333
5594,4986,2024-11-03,2024-11-03 15:43:36,Technical,Low,5.0,15.726666666666667
5595,4986,2024-11-23,2024-11-23 21:53:15,Billing,High,0.0,21.8875
5596,4986,2024-03-03,2024-03-03 13:18:21,Technical,Low,5.0,13.305833333333334
5597,4551,2024-04-03,2024-04-03 18:15:36,Billing,High,4.0,18.26
5598,4551,2024-01-14,2024-01-14 00:57:02,General,Low,0.0,0.9505555555555556
5599,4551,2024-02-27,,Technical,Medium,0.0,
5600,4551,2024-11-03,2024-11-03 07:21:24,Technical,High,2.0,7.3566666666666665
5601,4551,2024-08-05,2024-08-05 01:41:42,Technical,High,1.0,1.695
5602,1022,2024-05-26,,Billing,Low,0.0,
5603,1022,2024-10-16,2024-10-17 02:27:32,General,Medium,5.0,26.45888888888889
5604,1022,2024-01-27,,Billing,Low,0.0,
5605,1022,2024-03-21,2024-03-21 17:18:36,Technical,Medium,0.0,17.31
5606,3028,2024-11-25,,Technical,Low,0.0,
5607,3028,2024-08-06,2024-08-06 04:53:25,General,Low,4.0,4.8902777777777775
5608,3028,2024-10-30,2024-10-30 14:53:57,Technical,Medium,4.0,14.899166666666666
5609,3028,2024-01-16,2024-01-17 04:34:02,General,Low,0.0,28.567222222222224
5610,3446,2024-10-31,2024-10-31 05:51:35,Technical,High,0.0,5.8597222222222225
5611,3446,2024-05-10,2024-05-10 23:01:50,Technical,Low,0.0,23.030555555555555
5612,3446,2024-07-22,,Technical,Low,0.0,
5613,3446,2024-04-01,2024-04-01 17:20:46,General,Low,4.0,17.34611111111111
5614,3446,2024-04-16,2024-04-17 00:42:49,Billing,Low,4.0,24.71361111111111
5615,1235,2024-04-12,2024-04-13 17:41:48,Billing,High,4.0,41.696666666666665
5616,154,2024-03-15,2024-03-16 14:17:57,General,Low,5.0,38.299166666666665
5617,154,2024-01-07,,Technical,Low,0.0,
5618,154,2024-06-14,2024-06-14 08:13:23,Technical,Low,4.0,8.223055555555556
5619,3542,2024-04-27,2024-04-27 18:23:22,Technical,Low,5.0,18.389444444444443
5620,3542,2024-10-25,2024-10-26 02:30:39,Billing,Medium,4.0,26.510833333333334
5621,3542,2024-04-04,,Billing,Medium,0.0,
5622,3542,2024-07-02,,Technical,Low,0.0,
5623,1450,2024-05-01,2024-05-02 03:08:36,Billing,Low,4.0,27.143333333333334
5624,1450,2024-01-31,2024-02-01 06:52:58,General,Low,0.0,30.88277777777778
5625,1450,2024-03-08,2024-03-08 07:05:27,Technical,Medium,0.0,7.090833333333333
5626,3486,2024-04-21,2024-04-22 00:26:40,Technical,Medium,0.0,24.444444444444443
5627,3486,2024-10-22,2024-10-22 01:18:06,Technical,Low,3.0,1.3016666666666667
5628,4479,2024-05-08,2024-05-08 05:57:23,General,Medium,3.0,5.956388888888889
5629,4479,2024-08-18,,Technical,High,0.0,
5630,4479,2024-08-19,2024-08-19 17:37:52,Billing,High,0.0,17.63111111111111
5631,4479,2024-06-18,2024-06-18 14:41:49,Technical,Low,0.0,14.696944444444444
5632,4479,2024-12-03,,Technical,Medium,0.0,
5633,2901,2024-06-14,,Billing,Medium,0.0,
5634,1084,2024-07-19,2024-07-19 00:54:30,Billing,Medium,0.0,0.9083333333333333
5635,1084,2024-12-08,2024-12-08 07:09:05,Technical,High,0.0,7.151388888888889
5636,1084,2024-09-08,2024-09-08 12:37:29,Technical,Low,0.0,12.624722222222223
5637,1084,2024-09-14,2024-09-14 10:30:38,Billing,Low,4.0,10.510555555555555
5638,1084,2024-12-18,2024-12-18 02:14:50,Billing,Medium,0.0,2.2472222222222222
5639,3547,2024-03-11,2024-03-11 11:10:00,Technical,Medium,4.0,11.166666666666666
5640,3547,2024-03-11,,Technical,High,0.0,
5641,3547,2024-12-18,2024-12-18 07:26:56,Billing,Low,5.0,7.448888888888889
5642,3547,2024-03-20,2024-03-20 16:53:47,Billing,Low,5.0,16.89638888888889
5643,3664,2024-01-15,2024-01-15 04:01:54,Technical,Low,0.0,4.031666666666666
5644,3664,2024-04-21,2024-04-21 03:21:27,Technical,Low,5.0,3.3575
5645,3664,2024-05-01,2024-05-02 09:41:49,Technical,Medium,0.0,33.69694444444445
5646,3664,2024-08-15,2024-08-15 21:23:55,Technical,Low,4.0,21.398611111111112
5647,3664,2024-10-21,2024-10-21 02:55:33,Technical,Medium,4.0,2.9258333333333333
5648,2934,2024-12-09,2024-12-09 05:16:33,Technical,Low,3.0,5.275833333333333
5649,2934,2024-09-03,,Technical,Low,0.0,
5650,2934,2024-05-12,2024-05-13 16:04:03,General,Low,0.0,40.0675
5651,1838,2024-05-06,2024-05-06 08:37:29,Technical,Medium,3.0,8.624722222222223
5652,1838,2024-04-11,2024-04-11 11:03:11,General,Medium,3.0,11.053055555555556
5653,1838,2024-02-13,2024-02-13 03:51:12,General,Medium,0.0,3.8533333333333335
5654,1838,2024-02-02,2024-02-02 06:11:22,Technical,Low,4.0,6.189444444444445
5655,2737,2024-09-16,2024-09-16 05:16:03,Technical,Low,4.0,5.2675
5656,2737,2024-08-20,2024-08-20 12:25:43,Technical,High,0.0,12.428611111111111
5657,2737,2024-02-15,,Technical,High,0.0,
5658,2737,2024-11-17,,Technical,Low,0.0,
5659,2737,2024-10-21,2024-10-21 08:35:15,Technical,Low,0.0,8.5875
5660,2116,2024-06-11,2024-06-11 23:56:50,General,Low,0.0,23.947222222222223
5661,2116,2024-07-30,2024-07-30 13:24:13,Technical,Medium,2.0,13.403611111111111
5662,4206,2024-05-20,2024-05-20 10:20:54,Billing,Medium,5.0,10.348333333333333
5663,4206,2024-09-22,2024-09-22 08:30:01,Technical,Medium,0.0,8.500277777777777
5664,4206,2024-12-04,2024-12-04 06:31:04,General,High,4.0,6.517777777777778
5665,3888,2024-08-22,2024-08-22 13:56:47,Billing,Low,5.0,13.946388888888889
5666,3888,2024-11-27,2024-11-28 04:54:08,Billing,Low,2.0,28.90222222222222
5667,3888,2024-05-09,2024-05-09 09:55:12,General,Low,4.0,9.92
5668,2265,2024-05-30,2024-05-30 02:44:15,Technical,Low,0.0,2.7375
5669,2265,2024-07-07,2024-07-08 12:57:47,Technical,Low,0.0,36.963055555555556
5670,4224,2024-07-03,2024-07-03 12:37:18,Billing,Low,5.0,12.621666666666666
5671,3069,2024-02-10,2024-02-10 08:35:59,Technical,High,3.0,8.599722222222223
5672,3069,2024-10-21,2024-10-21 01:18:45,Technical,Medium,2.0,1.3125
5673,3069,2024-11-07,2024-11-07 19:31:57,General,Medium,4.0,19.5325
5674,4842,2024-04-07,2024-04-07 11:06:06,Technical,Medium,0.0,11.101666666666667
5675,4842,2024-04-04,2024-04-05 12:37:27,General,Medium,3.0,36.62416666666667
5676,4842,2024-11-04,2024-11-04 03:38:58,Billing,Low,4.0,3.6494444444444443
5677,4842,2024-05-30,2024-05-30 19:37:17,Technical,Low,4.0,19.621388888888887
5678,3236,2024-06-27,2024-06-27 08:06:16,Billing,High,0.0,8.104444444444445
5679,3236,2024-10-09,2024-10-10 05:59:41,General,Low,5.0,29.994722222222222
5680,3236,2024-06-05,2024-06-05 03:47:52,Technical,Low,0.0,3.7977777777777777
5681,3236,2024-11-13,2024-11-14 08:12:53,Billing,Medium,0.0,32.21472222222222
5682,439,2024-02-05,2024-02-05 13:06:13,Billing,Low,0.0,13.10361111111111
5683,439,2024-04-09,2024-04-09 14:35:39,Technical,Low,2.0,14.594166666666666
5684,439,2024-09-04,2024-09-04 08:28:52,General,Low,0.0,8.481111111111112
5685,439,2024-08-01,2024-08-01 08:08:48,General,Low,5.0,8.146666666666667
5686,439,2024-05-02,,Technical,Medium,0.0,
5687,2647,2024-11-21,2024-11-21 23:41:10,Billing,Low,0.0,23.68611111111111
5688,3647,2024-03-28,2024-03-29 09:22:01,General,Low,4.0,33.36694444444444
5689,3647,2024-09-06,2024-09-06 21:24:11,General,High,3.0,21.403055555555557
5690,3647,2024-04-17,2024-04-17 10:40:16,Billing,Medium,0.0,10.671111111111111
5691,3647,2024-01-15,,General,Low,0.0,
5692,1549,2024-12-19,2024-12-19 20:10:50,Billing,Medium,1.0,20.180555555555557
5693,1549,2024-07-05,2024-07-05 23:34:52,Technical,Low,0.0,23.58111111111111
5694,1549,2024-07-18,2024-07-18 23:15:19,Technical,Low,0.0,23.255277777777778
5695,1549,2024-06-09,,Technical,Low,0.0,
5696,20,2024-11-06,,Technical,Medium,0.0,
5697,2882,2024-08-01,,General,Medium,0.0,
5698,2882,2024-01-21,2024-01-22 18:03:38,Technical,High,4.0,42.06055555555555
5699,2882,2024-12-09,2024-12-09 06:53:23,General,Medium,4.0,6.889722222222222
5700,2882,2024-05-31,2024-05-31 16:26:08,General,Medium,3.0,16.435555555555556
5701,4264,2024-10-25,2024-10-25 05:28:57,Technical,High,0.0,5.4825
5702,4264,2024-10-02,2024-10-02 23:19:15,Technical,Low,3.0,23.320833333333333
5703,4264,2024-05-05,,General,Medium,0.0,
5704,4264,2024-03-27,2024-03-27 22:27:22,Billing,Low,0.0,22.45611111111111
5705,4418,2024-07-29,,Technical,Medium,0.0,
5706,2707,2024-02-04,2024-02-04 09:39:10,Billing,High,1.0,9.652777777777779
5707,287,2024-05-02,2024-05-02 22:37:39,General,Medium,4.0,22.6275
5708,287,2024-04-26,,General,Medium,0.0,
5709,287,2024-11-28,2024-11-29 13:58:53,Technical,Low,5.0,37.98138888888889
5710,1977,2024-07-21,2024-07-21 11:16:34,General,High,2.0,11.276111111111112
5711,1977,2024-03-26,2024-03-26 10:32:37,Billing,Low,5.0,10.543611111111112
5712,1977,2024-05-28,2024-05-28 07:52:24,Billing,Medium,0.0,7.873333333333333
5713,3569,2024-06-09,2024-06-09 07:18:26,Technical,Medium,5.0,7.307222222222222
5714,390,2024-11-20,2024-11-20 15:47:23,Technical,Low,0.0,15.789722222222222
5715,390,2024-08-30,2024-08-30 08:32:51,General,Low,5.0,8.5475
5716,1298,2024-04-30,2024-04-30 06:24:25,Billing,Low,0.0,6.406944444444444
5717,1298,2024-07-06,2024-07-07 00:24:54,General,Medium,4.0,24.415
5718,2665,2024-04-24,,Billing,Medium,0.0,
5719,2665,2024-05-18,2024-05-18 09:12:48,Billing,Low,4.0,9.213333333333333
5720,2665,2024-11-14,2024-11-14 17:14:19,Technical,Low,0.0,17.238611111111112
5721,80,2024-10-17,2024-10-17 23:23:32,Technical,Low,0.0,23.392222222222223
5722,80,2024-06-16,,Technical,Low,0.0,
5723,988,2024-07-11,2024-07-11 03:41:08,Billing,Low,0.0,3.6855555555555557
5724,4471,2024-04-23,,Billing,High,0.0,
5725,4471,2024-02-14,2024-02-14 11:46:00,General,Low,4.0,11.766666666666667
5726,4471,2024-07-29,2024-07-29 10:31:19,Technical,Medium,2.0,10.521944444444445
5727,4471,2024-02-02,2024-02-03 11:54:48,Technical,Low,0.0,35.913333333333334
5728,4471,2024-02-07,2024-02-07 19:08:48,Technical,Low,5.0,19.14666666666667
5729,1806,2024-01-10,,Technical,High,0.0,
5730,1197,2024-11-01,2024-11-01 04:39:11,Technical,Low,5.0,4.6530555555555555
5731,1197,2024-03-05,2024-03-05 08:06:50,General,Low,5.0,8.113888888888889
5732,1197,2024-05-31,,Technical,High,0.0,
5733,1197,2024-11-10,2024-11-10 08:29:16,Technical,Low,0.0,8.487777777777778
5734,1197,2024-04-04,2024-04-04 14:11:21,Technical,Low,0.0,14.189166666666667
5735,4073,2024-03-22,,Technical,Medium,0.0,
5736,3846,2024-01-16,,Billing,Low,0.0,
5737,3846,2024-08-19,2024-08-19 06:37:17,Technical,Medium,0.0,6.621388888888889
5738,3846,2024-05-04,2024-05-04 09:48:23,Billing,Low,0.0,9.80638888888889
5739,4846,2024-03-09,2024-03-09 08:17:14,Technical,Low,5.0,8.287222222222223
5740,4846,2024-01-14,2024-01-15 00:50:03,Billing,Low,4.0,24.83416666666667
5741,4665,2024-05-20,2024-05-20 08:40:28,Billing,Low,4.0,8.674444444444445
5742,4665,2024-07-19,2024-07-19 08:40:32,Technical,High,2.0,8.675555555555556
5743,4665,2024-01-09,,Technical,High,0.0,
5744,4665,2024-04-12,2024-04-13 11:51:52,Billing,Medium,5.0,35.864444444444445
5745,4665,2024-02-29,2024-03-01 01:14:49,Technical,Medium,0.0,25.246944444444445
5746,2550,2024-06-01,2024-06-01 19:42:49,Technical,Low,1.0,19.71361111111111
5747,2550,2024-09-07,2024-09-07 07:45:20,Technical,Low,0.0,7.7555555555555555
5748,2550,2024-10-04,2024-10-04 13:32:07,Technical,High,0.0,13.535277777777777
5749,2550,2024-04-29,2024-04-29 18:36:43,Technical,Medium,0.0,18.611944444444443
5750,2550,2024-01-30,2024-01-30 12:29:56,Technical,Medium,3.0,12.498888888888889
5751,3197,2024-05-21,2024-05-21 10:59:55,Billing,High,0.0,10.998611111111112
5752,3197,2024-09-24,,General,Low,0.0,
5753,3197,2024-12-01,2024-12-01 13:01:38,Billing,Low,0.0,13.027222222222223
5754,3197,2024-12-15,2024-12-15 10:01:56,Billing,Medium,0.0,10.032222222222222
5755,2663,2024-11-27,2024-11-27 14:03:40,Technical,Medium,0.0,14.061111111111112
5756,851,2024-02-23,2024-02-23 11:40:59,Billing,Medium,0.0,11.683055555555555
5757,851,2024-07-30,2024-07-30 11:11:41,Technical,Medium,0.0,11.194722222222222
5758,1903,2024-02-24,2024-02-24 21:59:27,Technical,Low,5.0,21.990833333333335
5759,1903,2024-01-28,,General,Low,0.0,
5760,1903,2024-12-19,2024-12-20 14:56:55,Technical,Low,0.0,38.94861111111111
5761,3126,2024-08-01,2024-08-01 09:42:15,Technical,High,4.0,9.704166666666667
5762,3126,2024-04-13,2024-04-13 04:53:32,Technical,High,0.0,4.892222222222222
5763,3365,2024-05-21,,Billing,High,0.0,
5764,3365,2024-07-26,,Technical,High,0.0,
5765,3365,2024-11-13,2024-11-13 09:35:16,Technical,High,0.0,9.587777777777777
5766,3365,2024-01-05,2024-01-06 12:31:54,Billing,Low,0.0,36.531666666666666
5767,3365,2024-11-18,2024-11-18 16:29:19,Billing,Medium,0.0,16.488611111111112
5768,3994,2024-07-20,2024-07-20 15:47:08,Technical,Medium,1.0,15.785555555555556
5769,3994,2024-09-16,2024-09-16 15:44:16,General,Low,0.0,15.737777777777778
5770,481,2024-04-13,2024-04-14 12:46:47,General,Medium,0.0,36.77972222222222
5771,481,2024-12-30,2024-12-31 03:40:47,Technical,Low,4.0,27.67972222222222
5772,804,2024-01-18,2024-01-18 19:58:23,Technical,Medium,4.0,19.973055555555554
5773,804,2024-10-31,2024-10-31 07:50:11,Billing,Low,4.0,7.836388888888889
5774,804,2024-07-12,,General,High,0.0,
5775,804,2024-02-07,2024-02-07 10:46:21,Billing,Low,4.0,10.7725
5776,804,2024-12-14,2024-12-14 08:59:17,Billing,High,2.0,8.988055555555556
5777,88,2024-09-24,2024-09-24 09:23:30,Technical,Low,0.0,9.391666666666667
5778,88,2024-07-19,2024-07-20 08:52:42,Billing,Low,4.0,32.87833333333333
5779,88,2024-12-24,2024-12-24 11:49:02,Technical,Medium,0.0,11.817222222222222
5780,88,2024-09-18,2024-09-18 01:47:53,Billing,Low,0.0,1.7980555555555555
5781,2071,2024-01-13,2024-01-13 10:04:36,Billing,Medium,3.0,10.076666666666666
5782,1543,2024-01-20,2024-01-20 11:51:46,Technical,Medium,4.0,11.862777777777778
5783,1543,2024-05-06,,Technical,Medium,0.0,
5784,1543,2024-03-30,2024-03-30 11:18:20,Billing,Medium,2.0,11.305555555555555
5785,1543,2024-09-14,2024-09-16 07:54:50,Technical,Low,5.0,55.91388888888889
5786,1543,2024-12-27,2024-12-27 09:43:54,Technical,Low,0.0,9.731666666666667
5787,695,2024-01-07,2024-01-07 20:55:52,Technical,High,3.0,20.93111111111111
5788,695,2024-09-06,2024-09-06 16:22:10,Billing,Low,3.0,16.369444444444444
5789,1833,2024-02-29,2024-02-29 11:18:47,Technical,Medium,3.0,11.313055555555556
5790,4015,2024-06-05,2024-06-06 12:42:58,Technical,High,3.0,36.71611111111111
5791,2338,2024-09-14,2024-09-14 21:21:41,Technical,Medium,0.0,21.36138888888889
5792,2338,2024-07-25,2024-07-25 22:07:51,Technical,Low,0.0,22.13083333333333
5793,2338,2024-05-01,2024-05-01 17:13:31,Technical,Medium,0.0,17.225277777777777
5794,2144,2024-02-23,,General,Low,0.0,
5795,2144,2024-10-21,,Technical,Medium,0.0,
5796,2144,2024-10-11,2024-10-12 01:37:55,Technical,Medium,3.0,25.631944444444443
5797,2144,2024-05-08,2024-05-08 12:28:35,Billing,Low,5.0,12.47638888888889
5798,2144,2024-07-11,2024-07-11 07:38:37,Technical,High,0.0,7.643611111111111
5799,2373,2024-12-04,2024-12-05 18:30:48,Technical,Medium,3.0,42.513333333333335
5800,3166,2024-03-20,,Technical,High,0.0,
5801,3166,2024-04-27,2024-04-27 14:18:24,Technical,Low,5.0,14.306666666666667
5802,730,2024-10-04,2024-10-04 02:33:48,Technical,Low,0.0,2.5633333333333335
5803,730,2024-09-13,2024-09-13 19:02:45,General,High,2.0,19.045833333333334
5804,3256,2024-07-02,2024-07-02 07:17:25,Technical,Low,0.0,7.290277777777778
5805,2468,2024-01-02,,Technical,High,0.0,
5806,2468,2024-06-10,2024-06-10 14:26:12,Billing,Low,4.0,14.436666666666667
5807,2468,2024-06-16,,General,Medium,0.0,
5808,2468,2024-01-21,2024-01-22 09:45:08,Technical,Low,5.0,33.75222222222222
5809,2468,2024-08-20,,Billing,High,0.0,
5810,254,2024-01-02,2024-01-02 13:27:04,Billing,Medium,1.0,13.45111111111111
5811,254,2024-08-28,2024-08-29 03:21:25,General,Low,5.0,27.356944444444444
5812,620,2024-09-09,2024-09-10 00:19:29,Technical,Low,2.0,24.32472222222222
5813,620,2024-12-18,2024-12-18 16:39:37,Technical,Low,4.0,16.66027777777778
5814,620,2024-06-11,2024-06-11 13:44:58,Billing,Low,5.0,13.749444444444444
5815,620,2024-09-01,,Billing,Low,0.0,
5816,620,2024-12-26,2024-12-26 15:08:50,Technical,High,0.0,15.147222222222222
5817,1297,2024-09-08,2024-09-08 13:17:28,General,Low,5.0,13.29111111111111
5818,1297,2024-09-16,2024-09-16 12:43:10,Billing,Medium,4.0,12.719444444444445
5819,1297,2024-02-13,2024-02-13 07:39:52,Billing,High,0.0,7.664444444444444
5820,1297,2024-05-15,2024-05-16 01:25:57,Technical,Low,4.0,25.4325
5821,1297,2024-09-17,,Technical,Medium,0.0,
5822,1545,2024-02-18,2024-02-19 16:09:00,Billing,Medium,0.0,40.15
5823,1545,2024-03-24,2024-03-24 02:26:08,Billing,High,5.0,2.4355555555555557
5824,1545,2024-11-02,,Billing,High,0.0,
5825,278,2024-10-08,2024-10-08 08:13:03,Billing,High,3.0,8.2175
5826,278,2024-09-15,2024-09-15 14:32:43,Billing,Low,5.0,14.545277777777779
5827,278,2024-03-24,2024-03-24 07:38:43,Billing,Low,0.0,7.645277777777777
5828,636,2024-09-19,2024-09-19 17:06:46,Billing,Medium,0.0,17.11277777777778
5829,636,2024-03-11,2024-03-11 02:21:38,General,High,3.0,2.3605555555555555
5830,717,2024-03-01,2024-03-02 12:22:24,General,Low,0.0,36.373333333333335
5831,717,2024-07-07,,Technical,Low,0.0,
5832,717,2024-03-19,2024-03-19 18:53:11,Technical,Low,3.0,18.886388888888888
5833,1970,2024-11-04,2024-11-04 08:59:27,Billing,Medium,5.0,8.990833333333333
5834,1970,2024-05-20,2024-05-20 07:15:28,Technical,High,2.0,7.257777777777778
5835,1970,2024-02-05,2024-02-05 01:28:38,Technical,Low,0.0,1.4772222222222222
5836,3293,2024-08-25,2024-08-26 23:27:01,Technical,Low,0.0,47.45027777777778
5837,3293,2024-02-28,2024-02-28 15:10:20,Billing,Medium,0.0,15.172222222222222
5838,3293,2024-01-17,,Technical,Medium,0.0,
5839,3293,2024-06-03,2024-06-03 13:51:15,General,Low,5.0,13.854166666666666
5840,3293,2024-11-21,2024-11-22 04:26:23,Technical,High,0.0,28.439722222222223
5841,1544,2024-06-17,2024-06-17 14:49:31,Technical,Medium,2.0,14.825277777777778
5842,1544,2024-08-22,,Technical,Low,0.0,
5843,1544,2024-07-14,2024-07-15 20:08:05,General,Medium,3.0,44.13472222222222
5844,1544,2024-08-11,2024-08-11 06:07:42,Billing,Low,4.0,6.128333333333333
5845,1544,2024-12-20,2024-12-20 17:57:01,Technical,Medium,4.0,17.950277777777778
5846,1727,2024-11-22,2024-11-22 21:28:22,Technical,High,4.0,21.47277777777778
5847,1727,2024-10-24,2024-10-24 04:22:56,Billing,High,0.0,4.3822222222222225
5848,3406,2024-11-06,2024-11-06 08:46:53,Billing,Low,0.0,8.78138888888889
5849,3406,2024-09-18,,Billing,Medium,0.0,
5850,3406,2024-06-24,2024-06-25 01:50:31,General,Low,5.0,25.841944444444444
5851,872,2024-06-08,,Billing,Low,0.0,
5852,872,2024-09-30,2024-09-30 14:19:49,General,Low,5.0,14.330277777777777
5853,3259,2024-01-04,2024-01-05 20:01:33,Technical,Low,0.0,44.02583333333333
5854,3259,2024-12-30,2024-12-30 06:22:41,Technical,High,5.0,6.378055555555555
5855,3259,2024-02-08,2024-02-08 08:10:29,Billing,Low,0.0,8.174722222222222
5856,3259,2024-12-03,2024-12-04 03:22:04,Technical,Low,4.0,27.36777777777778
5857,3259,2024-08-03,2024-08-03 04:30:46,Technical,Medium,0.0,4.512777777777778
5858,3149,2024-01-14,2024-01-14 23:10:45,Technical,Medium,0.0,23.179166666666667
5859,3149,2024-01-25,2024-01-25 04:36:04,Technical,Low,0.0,4.601111111111111
5860,3149,2024-03-30,2024-03-30 11:15:56,Technical,Low,4.0,11.265555555555556
5861,2753,2024-01-14,2024-01-14 11:40:38,Billing,Medium,4.0,11.677222222222222
5862,2753,2024-06-07,2024-06-07 11:53:11,General,Medium,4.0,11.886388888888888
5863,2753,2024-12-30,2024-12-30 13:24:26,Technical,Low,0.0,13.407222222222222
5864,2753,2024-11-30,2024-11-30 05:11:57,Technical,Medium,0.0,5.199166666666667
5865,2753,2024-03-21,2024-03-21 12:58:23,Technical,Medium,3.0,12.973055555555556
5866,698,2024-07-30,2024-07-30 05:36:49,Billing,Low,0.0,5.613611111111111
5867,4143,2024-11-13,2024-11-14 01:29:32,Technical,Medium,0.0,25.49222222222222
5868,4143,2024-06-20,2024-06-20 11:44:53,Technical,Medium,3.0,11.748055555555556
5869,4143,2024-01-02,2024-01-02 19:06:52,Technical,Low,0.0,19.114444444444445
5870,4143,2024-10-25,2024-10-26 15:56:59,Technical,High,0.0,39.94972222222222
5871,4630,2024-10-27,2024-10-27 13:03:29,Technical,Medium,0.0,13.058055555555555
5872,4630,2024-08-27,,Technical,Low,0.0,
5873,4630,2024-02-16,2024-02-17 11:08:05,General,Low,0.0,35.13472222222222
5874,1772,2024-01-02,2024-01-03 03:06:32,Billing,High,0.0,27.108888888888888
5875,1262,2024-10-13,2024-10-13 11:14:24,Billing,Low,4.0,11.24
5876,1262,2024-04-12,2024-04-12 09:51:03,Technical,Medium,0.0,9.850833333333334
5877,1262,2024-10-04,2024-10-04 09:53:33,Technical,Low,4.0,9.8925
5878,422,2024-12-18,2024-12-18 04:47:02,Technical,Medium,0.0,4.783888888888889
5879,422,2024-11-11,,Billing,High,0.0,
5880,422,2024-08-21,2024-08-21 08:56:32,General,Low,5.0,8.942222222222222
5881,422,2024-01-02,,Billing,Low,0.0,
5882,422,2024-06-22,2024-06-23 13:44:55,Technical,High,4.0,37.74861111111111
5883,1426,2024-06-23,,General,Low,0.0,
5884,1426,2024-07-07,2024-07-08 17:13:48,Technical,High,4.0,41.23
5885,1426,2024-10-18,2024-10-18 16:29:02,General,Medium,3.0,16.483888888888888
5886,4165,2024-09-12,,Technical,Low,0.0,
5887,4165,2024-02-08,,Billing,Low,0.0,
5888,3544,2024-07-28,2024-07-28 05:24:12,Technical,Medium,0.0,5.403333333333333
5889,3544,2024-08-25,,Technical,Medium,0.0,
5890,3544,2024-08-16,,Technical,High,0.0,
5891,1776,2024-06-09,2024-06-09 04:30:21,Billing,Low,4.0,4.505833333333333
5892,482,2024-11-26,,General,Low,0.0,
5893,482,2024-03-17,2024-03-17 04:07:50,General,Medium,0.0,4.1305555555555555
5894,482,2024-03-20,2024-03-20 11:15:42,General,Low,4.0,11.261666666666667
5895,4396,2024-04-01,2024-04-01 18:49:16,Technical,High,5.0,18.82111111111111
5896,4348,2024-09-27,2024-09-27 06:05:04,Technical,Medium,0.0,6.084444444444444
5897,4348,2024-02-27,,Billing,Medium,0.0,
5898,4348,2024-10-02,,Technical,Medium,0.0,
5899,4348,2024-01-10,2024-01-10 23:36:23,Billing,Medium,0.0,23.60638888888889
5900,4348,2024-04-26,2024-04-26 14:55:58,Billing,Low,5.0,14.932777777777778
5901,3282,2024-11-20,2024-11-23 09:38:21,Billing,Medium,0.0,81.63916666666667
5902,3282,2024-06-25,2024-06-26 01:42:44,Technical,Medium,0.0,25.712222222222223
5903,3282,2024-04-18,2024-04-18 11:02:17,General,High,0.0,11.038055555555555
5904,3282,2024-09-15,2024-09-15 09:53:54,Billing,Low,3.0,9.898333333333333
5905,1733,2024-01-06,2024-01-06 08:01:48,Billing,Medium,4.0,8.03
5906,1733,2024-11-04,,Technical,High,0.0,
5907,1733,2024-07-26,2024-07-28 01:53:20,Technical,Medium,0.0,49.888888888888886
5908,1733,2024-01-18,2024-01-18 18:06:15,Technical,Low,4.0,18.104166666666668
5909,1733,2024-12-12,2024-12-13 00:49:58,General,High,2.0,24.83277777777778
5910,793,2024-07-06,2024-07-06 13:59:16,General,High,3.0,13.987777777777778
5911,793,2024-04-15,2024-04-15 16:59:24,Billing,Low,4.0,16.99
5912,3674,2024-07-31,2024-08-02 18:08:56,Billing,Low,5.0,66.14888888888889
5913,3674,2024-03-31,2024-03-31 13:21:18,General,High,4.0,13.355
5914,3442,2024-09-25,2024-09-25 11:45:24,General,Low,0.0,11.756666666666666
5915,3442,2024-08-29,2024-08-29 15:36:50,General,Low,5.0,15.613888888888889
5916,3442,2024-04-05,2024-04-05 23:10:58,Technical,Low,5.0,23.182777777777776
5917,3442,2024-04-22,2024-04-22 15:40:32,General,Medium,1.0,15.675555555555556
5918,847,2024-10-29,2024-10-29 16:50:38,Billing,Medium,0.0,16.843888888888888
5919,690,2024-10-25,2024-10-26 02:05:27,Billing,Low,4.0,26.090833333333332
5920,690,2024-02-10,2024-02-10 12:17:39,Technical,Low,0.0,12.294166666666667
5921,690,2024-05-08,2024-05-09 05:12:54,General,Low,0.0,29.215
5922,690,2024-10-31,2024-10-31 20:03:19,General,Low,2.0,20.05527777777778
5923,2879,2024-03-15,2024-03-15 00:13:13,Billing,High,4.0,0.22027777777777777
5924,2879,2024-01-08,2024-01-08 14:50:35,Billing,High,3.0,14.843055555555555
5925,2879,2024-11-18,2024-11-18 06:11:25,General,Low,4.0,6.190277777777778
5926,1576,2024-05-01,,Technical,Medium,0.0,
5927,1576,2024-10-20,2024-10-20 20:11:48,Technical,Low,4.0,20.196666666666665
5928,1576,2024-12-15,2024-12-15 07:24:20,Billing,Medium,4.0,7.405555555555556
5929,1909,2024-05-05,2024-05-06 15:34:33,Technical,Low,5.0,39.575833333333335
5930,1909,2024-08-28,,Billing,Medium,0.0,
5931,1899,2024-01-03,2024-01-04 12:59:25,Billing,Medium,4.0,36.99027777777778
5932,3761,2024-02-16,2024-02-16 03:21:12,Technical,Low,4.0,3.3533333333333335
5933,3761,2024-12-25,2024-12-25 20:39:01,Technical,Low,2.0,20.650277777777777
5934,3761,2024-05-07,2024-05-07 20:13:46,Billing,Medium,0.0,20.229444444444443
5935,1186,2024-04-05,2024-04-05 23:05:34,Billing,Low,0.0,23.092777777777776
5936,1186,2024-06-20,2024-06-20 14:44:58,Technical,High,2.0,14.749444444444444
5937,1186,2024-12-25,,Billing,Medium,0.0,
5938,1186,2024-03-29,,Technical,Medium,0.0,
5939,2365,2024-10-30,2024-10-30 10:36:24,Technical,Low,3.0,10.606666666666667
5940,2365,2024-11-24,2024-11-24 09:34:39,Technical,High,4.0,9.5775
5941,2365,2024-01-13,2024-01-13 06:30:20,Technical,Low,4.0,6.5055555555555555
5942,2365,2024-04-04,2024-04-04 19:38:23,Billing,Low,4.0,19.639722222222222
5943,1746,2024-02-03,2024-02-04 10:34:45,Technical,Low,4.0,34.579166666666666
5944,1746,2024-11-02,2024-11-02 05:14:11,General,Low,4.0,5.2363888888888885
